company,cik,metric,tag,period_start,period_end,fiscal_year,fiscal_period,form,filed_date,value_usd,accession_number,source_url
Amazon,1018724,capex,PaymentsToAcquireProductiveAssets,2016-01-01,2016-12-31,2018,FY,10-K,2019-02-01,7804000000,0001018724-19-000004,https://www.sec.gov/Archives/edgar/data/1018724/000101872419000004/0001018724-19-000004-index.htm
Amazon,1018724,capex,PaymentsToAcquireProductiveAssets,2016-10-01,2017-09-30,2018,Q3,10-Q,2018-10-26,10750000000,0001018724-18-000159,https://www.sec.gov/Archives/edgar/data/1018724/000101872418000159/0001018724-18-000159-index.htm
Amazon,1018724,capex,PaymentsToAcquireProductiveAssets,2017-01-01,2017-09-30,2018,Q3,10-Q,2018-10-26,8336000000,0001018724-18-000159,https://www.sec.gov/Archives/edgar/data/1018724/000101872418000159/0001018724-18-000159-index.htm
Amazon,1018724,capex,PaymentsToAcquireProductiveAssets,2017-07-01,2017-09-30,2018,Q3,10-Q,2018-10-26,3074000000,0001018724-18-000159,https://www.sec.gov/Archives/edgar/data/1018724/000101872418000159/0001018724-18-000159-index.htm
Amazon,1018724,capex,PaymentsToAcquireProductiveAssets,2017-01-01,2017-12-31,2018,FY,10-K,2019-02-01,11955000000,0001018724-19-000004,https://www.sec.gov/Archives/edgar/data/1018724/000101872419000004/0001018724-19-000004-index.htm
Amazon,1018724,capex,PaymentsToAcquireProductiveAssets,2017-01-01,2017-12-31,2019,FY,10-K,2020-01-31,11955000000,0001018724-20-000004,https://www.sec.gov/Archives/edgar/data/1018724/000101872420000004/0001018724-20-000004-index.htm
Amazon,1018724,capex,PaymentsToAcquireProductiveAssets,2017-04-01,2018-03-31,2019,Q1,10-Q,2019-04-26,12905000000,0001018724-19-000043,https://www.sec.gov/Archives/edgar/data/1018724/000101872419000043/0001018724-19-000043-index.htm
Amazon,1018724,capex,PaymentsToAcquireProductiveAssets,2018-01-01,2018-03-31,2019,Q1,10-Q,2019-04-26,3098000000,0001018724-19-000043,https://www.sec.gov/Archives/edgar/data/1018724/000101872419000043/0001018724-19-000043-index.htm
Amazon,1018724,capex,PaymentsToAcquireProductiveAssets,2017-07-01,2018-06-30,2019,Q2,10-Q,2019-07-26,13035000000,0001018724-19-000071,https://www.sec.gov/Archives/edgar/data/1018724/000101872419000071/0001018724-19-000071-index.htm
Amazon,1018724,capex,PaymentsToAcquireProductiveAssets,2018-01-01,2018-06-30,2019,Q2,10-Q,2019-07-26,6341000000,0001018724-19-000071,https://www.sec.gov/Archives/edgar/data/1018724/000101872419000071/0001018724-19-000071-index.htm
Amazon,1018724,capex,PaymentsToAcquireProductiveAssets,2018-04-01,2018-06-30,2019,Q2,10-Q,2019-07-26,3243000000,0001018724-19-000071,https://www.sec.gov/Archives/edgar/data/1018724/000101872419000071/0001018724-19-000071-index.htm
Amazon,1018724,capex,PaymentsToAcquireProductiveAssets,2017-10-01,2018-09-30,2018,Q3,10-Q,2018-10-26,13312000000,0001018724-18-000159,https://www.sec.gov/Archives/edgar/data/1018724/000101872418000159/0001018724-18-000159-index.htm
Amazon,1018724,capex,PaymentsToAcquireProductiveAssets,2017-10-01,2018-09-30,2019,Q3,10-Q,2019-10-25,13312000000,0001018724-19-000089,https://www.sec.gov/Archives/edgar/data/1018724/000101872419000089/0001018724-19-000089-index.htm
Amazon,1018724,capex,PaymentsToAcquireProductiveAssets,2018-01-01,2018-09-30,2018,Q3,10-Q,2018-10-26,9693000000,0001018724-18-000159,https://www.sec.gov/Archives/edgar/data/1018724/000101872418000159/0001018724-18-000159-index.htm
Amazon,1018724,capex,PaymentsToAcquireProductiveAssets,2018-01-01,2018-09-30,2019,Q3,10-Q,2019-10-25,9693000000,0001018724-19-000089,https://www.sec.gov/Archives/edgar/data/1018724/000101872419000089/0001018724-19-000089-index.htm
Amazon,1018724,capex,PaymentsToAcquireProductiveAssets,2018-07-01,2018-09-30,2018,Q3,10-Q,2018-10-26,3352000000,0001018724-18-000159,https://www.sec.gov/Archives/edgar/data/1018724/000101872418000159/0001018724-18-000159-index.htm
Amazon,1018724,capex,PaymentsToAcquireProductiveAssets,2018-07-01,2018-09-30,2019,Q3,10-Q,2019-10-25,3352000000,0001018724-19-000089,https://www.sec.gov/Archives/edgar/data/1018724/000101872419000089/0001018724-19-000089-index.htm
Amazon,1018724,capex,PaymentsToAcquireProductiveAssets,2018-01-01,2018-12-31,2018,FY,10-K,2019-02-01,13427000000,0001018724-19-000004,https://www.sec.gov/Archives/edgar/data/1018724/000101872419000004/0001018724-19-000004-index.htm
Amazon,1018724,capex,PaymentsToAcquireProductiveAssets,2018-01-01,2018-12-31,2019,FY,10-K,2020-01-31,13427000000,0001018724-20-000004,https://www.sec.gov/Archives/edgar/data/1018724/000101872420000004/0001018724-20-000004-index.htm
Amazon,1018724,capex,PaymentsToAcquireProductiveAssets,2018-01-01,2018-12-31,2020,FY,10-K,2021-02-03,13427000000,0001018724-21-000004,https://www.sec.gov/Archives/edgar/data/1018724/000101872421000004/0001018724-21-000004-index.htm
Amazon,1018724,capex,PaymentsToAcquireProductiveAssets,2018-04-01,2019-03-31,2019,Q1,10-Q,2019-04-26,13619000000,0001018724-19-000043,https://www.sec.gov/Archives/edgar/data/1018724/000101872419000043/0001018724-19-000043-index.htm
Amazon,1018724,capex,PaymentsToAcquireProductiveAssets,2018-04-01,2019-03-31,2020,Q1,10-Q,2020-05-01,13619000000,0001018724-20-000010,https://www.sec.gov/Archives/edgar/data/1018724/000101872420000010/0001018724-20-000010-index.htm
Amazon,1018724,capex,PaymentsToAcquireProductiveAssets,2019-01-01,2019-03-31,2019,Q1,10-Q,2019-04-26,3290000000,0001018724-19-000043,https://www.sec.gov/Archives/edgar/data/1018724/000101872419000043/0001018724-19-000043-index.htm
Amazon,1018724,capex,PaymentsToAcquireProductiveAssets,2019-01-01,2019-03-31,2020,Q1,10-Q,2020-05-01,3290000000,0001018724-20-000010,https://www.sec.gov/Archives/edgar/data/1018724/000101872420000010/0001018724-20-000010-index.htm
Amazon,1018724,capex,PaymentsToAcquireProductiveAssets,2018-07-01,2019-06-30,2019,Q2,10-Q,2019-07-26,13938000000,0001018724-19-000071,https://www.sec.gov/Archives/edgar/data/1018724/000101872419000071/0001018724-19-000071-index.htm
Amazon,1018724,capex,PaymentsToAcquireProductiveAssets,2018-07-01,2019-06-30,2020,Q2,10-Q,2020-07-31,13938000000,0001018724-20-000021,https://www.sec.gov/Archives/edgar/data/1018724/000101872420000021/0001018724-20-000021-index.htm
Amazon,1018724,capex,PaymentsToAcquireProductiveAssets,2019-01-01,2019-06-30,2019,Q2,10-Q,2019-07-26,6852000000,0001018724-19-000071,https://www.sec.gov/Archives/edgar/data/1018724/000101872419000071/0001018724-19-000071-index.htm
Amazon,1018724,capex,PaymentsToAcquireProductiveAssets,2019-01-01,2019-06-30,2020,Q2,10-Q,2020-07-31,6852000000,0001018724-20-000021,https://www.sec.gov/Archives/edgar/data/1018724/000101872420000021/0001018724-20-000021-index.htm
Amazon,1018724,capex,PaymentsToAcquireProductiveAssets,2019-04-01,2019-06-30,2019,Q2,10-Q,2019-07-26,3562000000,0001018724-19-000071,https://www.sec.gov/Archives/edgar/data/1018724/000101872419000071/0001018724-19-000071-index.htm
Amazon,1018724,capex,PaymentsToAcquireProductiveAssets,2019-04-01,2019-06-30,2020,Q2,10-Q,2020-07-31,3562000000,0001018724-20-000021,https://www.sec.gov/Archives/edgar/data/1018724/000101872420000021/0001018724-20-000021-index.htm
Amazon,1018724,capex,PaymentsToAcquireProductiveAssets,2018-10-01,2019-09-30,2019,Q3,10-Q,2019-10-25,15282000000,0001018724-19-000089,https://www.sec.gov/Archives/edgar/data/1018724/000101872419000089/0001018724-19-000089-index.htm
Amazon,1018724,capex,PaymentsToAcquireProductiveAssets,2018-10-01,2019-09-30,2020,Q3,10-Q,2020-10-30,15282000000,0001018724-20-000030,https://www.sec.gov/Archives/edgar/data/1018724/000101872420000030/0001018724-20-000030-index.htm
Amazon,1018724,capex,PaymentsToAcquireProductiveAssets,2019-01-01,2019-09-30,2019,Q3,10-Q,2019-10-25,11549000000,0001018724-19-000089,https://www.sec.gov/Archives/edgar/data/1018724/000101872419000089/0001018724-19-000089-index.htm
Amazon,1018724,capex,PaymentsToAcquireProductiveAssets,2019-01-01,2019-09-30,2020,Q3,10-Q,2020-10-30,11549000000,0001018724-20-000030,https://www.sec.gov/Archives/edgar/data/1018724/000101872420000030/0001018724-20-000030-index.htm
Amazon,1018724,capex,PaymentsToAcquireProductiveAssets,2019-07-01,2019-09-30,2019,Q3,10-Q,2019-10-25,4697000000,0001018724-19-000089,https://www.sec.gov/Archives/edgar/data/1018724/000101872419000089/0001018724-19-000089-index.htm
Amazon,1018724,capex,PaymentsToAcquireProductiveAssets,2019-07-01,2019-09-30,2020,Q3,10-Q,2020-10-30,4697000000,0001018724-20-000030,https://www.sec.gov/Archives/edgar/data/1018724/000101872420000030/0001018724-20-000030-index.htm
Amazon,1018724,capex,PaymentsToAcquireProductiveAssets,2019-01-01,2019-12-31,2019,FY,10-K,2020-01-31,16861000000,0001018724-20-000004,https://www.sec.gov/Archives/edgar/data/1018724/000101872420000004/0001018724-20-000004-index.htm
Amazon,1018724,capex,PaymentsToAcquireProductiveAssets,2019-01-01,2019-12-31,2020,FY,10-K,2021-02-03,16861000000,0001018724-21-000004,https://www.sec.gov/Archives/edgar/data/1018724/000101872421000004/0001018724-21-000004-index.htm
Amazon,1018724,capex,PaymentsToAcquireProductiveAssets,2019-01-01,2019-12-31,2021,FY,10-K,2022-02-04,16861000000,0001018724-22-000005,https://www.sec.gov/Archives/edgar/data/1018724/000101872422000005/0001018724-22-000005-index.htm
Amazon,1018724,capex,PaymentsToAcquireProductiveAssets,2019-04-01,2020-03-31,2020,Q1,10-Q,2020-05-01,20365000000,0001018724-20-000010,https://www.sec.gov/Archives/edgar/data/1018724/000101872420000010/0001018724-20-000010-index.htm
Amazon,1018724,capex,PaymentsToAcquireProductiveAssets,2019-04-01,2020-03-31,2021,Q1,10-Q,2021-04-30,20365000000,0001018724-21-000010,https://www.sec.gov/Archives/edgar/data/1018724/000101872421000010/0001018724-21-000010-index.htm
Amazon,1018724,capex,PaymentsToAcquireProductiveAssets,2020-01-01,2020-03-31,2020,Q1,10-Q,2020-05-01,6795000000,0001018724-20-000010,https://www.sec.gov/Archives/edgar/data/1018724/000101872420000010/0001018724-20-000010-index.htm
Amazon,1018724,capex,PaymentsToAcquireProductiveAssets,2020-01-01,2020-03-31,2021,Q1,10-Q,2021-04-30,6795000000,0001018724-21-000010,https://www.sec.gov/Archives/edgar/data/1018724/000101872421000010/0001018724-21-000010-index.htm
Amazon,1018724,capex,PaymentsToAcquireProductiveAssets,2019-07-01,2020-06-30,2020,Q2,10-Q,2020-07-31,24263000000,0001018724-20-000021,https://www.sec.gov/Archives/edgar/data/1018724/000101872420000021/0001018724-20-000021-index.htm
Amazon,1018724,capex,PaymentsToAcquireProductiveAssets,2019-07-01,2020-06-30,2021,Q2,10-Q,2021-07-30,24263000000,0001018724-21-000020,https://www.sec.gov/Archives/edgar/data/1018724/000101872421000020/0001018724-21-000020-index.htm
Amazon,1018724,capex,PaymentsToAcquireProductiveAssets,2020-01-01,2020-06-30,2020,Q2,10-Q,2020-07-31,14254000000,0001018724-20-000021,https://www.sec.gov/Archives/edgar/data/1018724/000101872420000021/0001018724-20-000021-index.htm
Amazon,1018724,capex,PaymentsToAcquireProductiveAssets,2020-01-01,2020-06-30,2021,Q2,10-Q,2021-07-30,14254000000,0001018724-21-000020,https://www.sec.gov/Archives/edgar/data/1018724/000101872421000020/0001018724-21-000020-index.htm
Amazon,1018724,capex,PaymentsToAcquireProductiveAssets,2020-04-01,2020-06-30,2020,Q2,10-Q,2020-07-31,7459000000,0001018724-20-000021,https://www.sec.gov/Archives/edgar/data/1018724/000101872420000021/0001018724-20-000021-index.htm
Amazon,1018724,capex,PaymentsToAcquireProductiveAssets,2020-04-01,2020-06-30,2021,Q2,10-Q,2021-07-30,7459000000,0001018724-21-000020,https://www.sec.gov/Archives/edgar/data/1018724/000101872421000020/0001018724-21-000020-index.htm
Amazon,1018724,capex,PaymentsToAcquireProductiveAssets,2019-10-01,2020-09-30,2020,Q3,10-Q,2020-10-30,30629000000,0001018724-20-000030,https://www.sec.gov/Archives/edgar/data/1018724/000101872420000030/0001018724-20-000030-index.htm
Amazon,1018724,capex,PaymentsToAcquireProductiveAssets,2019-10-01,2020-09-30,2021,Q3,10-Q,2021-10-29,30629000000,0001018724-21-000028,https://www.sec.gov/Archives/edgar/data/1018724/000101872421000028/0001018724-21-000028-index.htm
Amazon,1018724,capex,PaymentsToAcquireProductiveAssets,2020-01-01,2020-09-30,2020,Q3,10-Q,2020-10-30,25317000000,0001018724-20-000030,https://www.sec.gov/Archives/edgar/data/1018724/000101872420000030/0001018724-20-000030-index.htm
Amazon,1018724,capex,PaymentsToAcquireProductiveAssets,2020-01-01,2020-09-30,2021,Q3,10-Q,2021-10-29,25317000000,0001018724-21-000028,https://www.sec.gov/Archives/edgar/data/1018724/000101872421000028/0001018724-21-000028-index.htm
Amazon,1018724,capex,PaymentsToAcquireProductiveAssets,2020-07-01,2020-09-30,2020,Q3,10-Q,2020-10-30,11063000000,0001018724-20-000030,https://www.sec.gov/Archives/edgar/data/1018724/000101872420000030/0001018724-20-000030-index.htm
Amazon,1018724,capex,PaymentsToAcquireProductiveAssets,2020-07-01,2020-09-30,2021,Q3,10-Q,2021-10-29,11063000000,0001018724-21-000028,https://www.sec.gov/Archives/edgar/data/1018724/000101872421000028/0001018724-21-000028-index.htm
Amazon,1018724,capex,PaymentsToAcquireProductiveAssets,2020-01-01,2020-12-31,2020,FY,10-K,2021-02-03,40140000000,0001018724-21-000004,https://www.sec.gov/Archives/edgar/data/1018724/000101872421000004/0001018724-21-000004-index.htm
Amazon,1018724,capex,PaymentsToAcquireProductiveAssets,2020-01-01,2020-12-31,2021,FY,10-K,2022-02-04,40140000000,0001018724-22-000005,https://www.sec.gov/Archives/edgar/data/1018724/000101872422000005/0001018724-22-000005-index.htm
Amazon,1018724,capex,PaymentsToAcquireProductiveAssets,2020-01-01,2020-12-31,2022,FY,10-K,2023-02-03,40140000000,0001018724-23-000004,https://www.sec.gov/Archives/edgar/data/1018724/000101872423000004/0001018724-23-000004-index.htm
Amazon,1018724,capex,PaymentsToAcquireProductiveAssets,2020-04-01,2021-03-31,2021,Q1,10-Q,2021-04-30,45427000000,0001018724-21-000010,https://www.sec.gov/Archives/edgar/data/1018724/000101872421000010/0001018724-21-000010-index.htm
Amazon,1018724,capex,PaymentsToAcquireProductiveAssets,2020-04-01,2021-03-31,2022,Q1,10-Q,2022-04-29,45427000000,0001018724-22-000013,https://www.sec.gov/Archives/edgar/data/1018724/000101872422000013/0001018724-22-000013-index.htm
Amazon,1018724,capex,PaymentsToAcquireProductiveAssets,2021-01-01,2021-03-31,2021,Q1,10-Q,2021-04-30,12082000000,0001018724-21-000010,https://www.sec.gov/Archives/edgar/data/1018724/000101872421000010/0001018724-21-000010-index.htm
Amazon,1018724,capex,PaymentsToAcquireProductiveAssets,2021-01-01,2021-03-31,2022,Q1,10-Q,2022-04-29,12082000000,0001018724-22-000013,https://www.sec.gov/Archives/edgar/data/1018724/000101872422000013/0001018724-22-000013-index.htm
Amazon,1018724,capex,PaymentsToAcquireProductiveAssets,2020-07-01,2021-06-30,2021,Q2,10-Q,2021-07-30,52256000000,0001018724-21-000020,https://www.sec.gov/Archives/edgar/data/1018724/000101872421000020/0001018724-21-000020-index.htm
Amazon,1018724,capex,PaymentsToAcquireProductiveAssets,2020-07-01,2021-06-30,2022,Q2,10-Q,2022-07-29,52256000000,0001018724-22-000019,https://www.sec.gov/Archives/edgar/data/1018724/000101872422000019/0001018724-22-000019-index.htm
Amazon,1018724,capex,PaymentsToAcquireProductiveAssets,2021-01-01,2021-06-30,2021,Q2,10-Q,2021-07-30,26370000000,0001018724-21-000020,https://www.sec.gov/Archives/edgar/data/1018724/000101872421000020/0001018724-21-000020-index.htm
Amazon,1018724,capex,PaymentsToAcquireProductiveAssets,2021-01-01,2021-06-30,2022,Q2,10-Q,2022-07-29,26370000000,0001018724-22-000019,https://www.sec.gov/Archives/edgar/data/1018724/000101872422000019/0001018724-22-000019-index.htm
Amazon,1018724,capex,PaymentsToAcquireProductiveAssets,2021-04-01,2021-06-30,2021,Q2,10-Q,2021-07-30,14288000000,0001018724-21-000020,https://www.sec.gov/Archives/edgar/data/1018724/000101872421000020/0001018724-21-000020-index.htm
Amazon,1018724,capex,PaymentsToAcquireProductiveAssets,2021-04-01,2021-06-30,2022,Q2,10-Q,2022-07-29,14288000000,0001018724-22-000019,https://www.sec.gov/Archives/edgar/data/1018724/000101872422000019/0001018724-22-000019-index.htm
Amazon,1018724,capex,PaymentsToAcquireProductiveAssets,2020-10-01,2021-09-30,2021,Q3,10-Q,2021-10-29,56941000000,0001018724-21-000028,https://www.sec.gov/Archives/edgar/data/1018724/000101872421000028/0001018724-21-000028-index.htm
Amazon,1018724,capex,PaymentsToAcquireProductiveAssets,2020-10-01,2021-09-30,2022,Q3,10-Q,2022-10-28,56941000000,0001018724-22-000023,https://www.sec.gov/Archives/edgar/data/1018724/000101872422000023/0001018724-22-000023-index.htm
Amazon,1018724,capex,PaymentsToAcquireProductiveAssets,2021-01-01,2021-09-30,2021,Q3,10-Q,2021-10-29,42118000000,0001018724-21-000028,https://www.sec.gov/Archives/edgar/data/1018724/000101872421000028/0001018724-21-000028-index.htm
Amazon,1018724,capex,PaymentsToAcquireProductiveAssets,2021-01-01,2021-09-30,2022,Q3,10-Q,2022-10-28,42118000000,0001018724-22-000023,https://www.sec.gov/Archives/edgar/data/1018724/000101872422000023/0001018724-22-000023-index.htm
Amazon,1018724,capex,PaymentsToAcquireProductiveAssets,2021-07-01,2021-09-30,2021,Q3,10-Q,2021-10-29,15748000000,0001018724-21-000028,https://www.sec.gov/Archives/edgar/data/1018724/000101872421000028/0001018724-21-000028-index.htm
Amazon,1018724,capex,PaymentsToAcquireProductiveAssets,2021-07-01,2021-09-30,2022,Q3,10-Q,2022-10-28,15748000000,0001018724-22-000023,https://www.sec.gov/Archives/edgar/data/1018724/000101872422000023/0001018724-22-000023-index.htm
Amazon,1018724,capex,PaymentsToAcquireProductiveAssets,2021-01-01,2021-12-31,2021,FY,10-K,2022-02-04,61053000000,0001018724-22-000005,https://www.sec.gov/Archives/edgar/data/1018724/000101872422000005/0001018724-22-000005-index.htm
Amazon,1018724,capex,PaymentsToAcquireProductiveAssets,2021-01-01,2021-12-31,2022,FY,10-K,2023-02-03,61053000000,0001018724-23-000004,https://www.sec.gov/Archives/edgar/data/1018724/000101872423000004/0001018724-23-000004-index.htm
Amazon,1018724,capex,PaymentsToAcquireProductiveAssets,2021-01-01,2021-12-31,2023,FY,10-K,2024-02-02,61053000000,0001018724-24-000008,https://www.sec.gov/Archives/edgar/data/1018724/000101872424000008/0001018724-24-000008-index.htm
Amazon,1018724,capex,PaymentsToAcquireProductiveAssets,2021-04-01,2022-03-31,2022,Q1,10-Q,2022-04-29,63922000000,0001018724-22-000013,https://www.sec.gov/Archives/edgar/data/1018724/000101872422000013/0001018724-22-000013-index.htm
Amazon,1018724,capex,PaymentsToAcquireProductiveAssets,2021-04-01,2022-03-31,2023,Q1,10-Q,2023-04-28,63922000000,0001018724-23-000008,https://www.sec.gov/Archives/edgar/data/1018724/000101872423000008/0001018724-23-000008-index.htm
Amazon,1018724,capex,PaymentsToAcquireProductiveAssets,2022-01-01,2022-03-31,2022,Q1,10-Q,2022-04-29,14951000000,0001018724-22-000013,https://www.sec.gov/Archives/edgar/data/1018724/000101872422000013/0001018724-22-000013-index.htm
Amazon,1018724,capex,PaymentsToAcquireProductiveAssets,2022-01-01,2022-03-31,2023,Q1,10-Q,2023-04-28,14951000000,0001018724-23-000008,https://www.sec.gov/Archives/edgar/data/1018724/000101872423000008/0001018724-23-000008-index.htm
Amazon,1018724,capex,PaymentsToAcquireProductiveAssets,2021-07-01,2022-06-30,2022,Q2,10-Q,2022-07-29,65358000000,0001018724-22-000019,https://www.sec.gov/Archives/edgar/data/1018724/000101872422000019/0001018724-22-000019-index.htm
Amazon,1018724,capex,PaymentsToAcquireProductiveAssets,2021-07-01,2022-06-30,2023,Q2,10-Q,2023-08-04,65358000000,0001018724-23-000012,https://www.sec.gov/Archives/edgar/data/1018724/000101872423000012/0001018724-23-000012-index.htm
Amazon,1018724,capex,PaymentsToAcquireProductiveAssets,2022-01-01,2022-06-30,2022,Q2,10-Q,2022-07-29,30675000000,0001018724-22-000019,https://www.sec.gov/Archives/edgar/data/1018724/000101872422000019/0001018724-22-000019-index.htm
Amazon,1018724,capex,PaymentsToAcquireProductiveAssets,2022-01-01,2022-06-30,2023,Q2,10-Q,2023-08-04,30675000000,0001018724-23-000012,https://www.sec.gov/Archives/edgar/data/1018724/000101872423000012/0001018724-23-000012-index.htm
Amazon,1018724,capex,PaymentsToAcquireProductiveAssets,2022-04-01,2022-06-30,2022,Q2,10-Q,2022-07-29,15724000000,0001018724-22-000019,https://www.sec.gov/Archives/edgar/data/1018724/000101872422000019/0001018724-22-000019-index.htm
Amazon,1018724,capex,PaymentsToAcquireProductiveAssets,2022-04-01,2022-06-30,2023,Q2,10-Q,2023-08-04,15724000000,0001018724-23-000012,https://www.sec.gov/Archives/edgar/data/1018724/000101872423000012/0001018724-23-000012-index.htm
Amazon,1018724,capex,PaymentsToAcquireProductiveAssets,2021-10-01,2022-09-30,2022,Q3,10-Q,2022-10-28,65988000000,0001018724-22-000023,https://www.sec.gov/Archives/edgar/data/1018724/000101872422000023/0001018724-22-000023-index.htm
Amazon,1018724,capex,PaymentsToAcquireProductiveAssets,2021-10-01,2022-09-30,2023,Q3,10-Q,2023-10-27,65988000000,0001018724-23-000018,https://www.sec.gov/Archives/edgar/data/1018724/000101872423000018/0001018724-23-000018-index.htm
Amazon,1018724,capex,PaymentsToAcquireProductiveAssets,2022-01-01,2022-09-30,2022,Q3,10-Q,2022-10-28,47053000000,0001018724-22-000023,https://www.sec.gov/Archives/edgar/data/1018724/000101872422000023/0001018724-22-000023-index.htm
Amazon,1018724,capex,PaymentsToAcquireProductiveAssets,2022-01-01,2022-09-30,2023,Q3,10-Q,2023-10-27,47053000000,0001018724-23-000018,https://www.sec.gov/Archives/edgar/data/1018724/000101872423000018/0001018724-23-000018-index.htm
Amazon,1018724,capex,PaymentsToAcquireProductiveAssets,2022-07-01,2022-09-30,2022,Q3,10-Q,2022-10-28,16378000000,0001018724-22-000023,https://www.sec.gov/Archives/edgar/data/1018724/000101872422000023/0001018724-22-000023-index.htm
Amazon,1018724,capex,PaymentsToAcquireProductiveAssets,2022-07-01,2022-09-30,2023,Q3,10-Q,2023-10-27,16378000000,0001018724-23-000018,https://www.sec.gov/Archives/edgar/data/1018724/000101872423000018/0001018724-23-000018-index.htm
Amazon,1018724,capex,PaymentsToAcquireProductiveAssets,2022-01-01,2022-12-31,2022,FY,10-K,2023-02-03,63645000000,0001018724-23-000004,https://www.sec.gov/Archives/edgar/data/1018724/000101872423000004/0001018724-23-000004-index.htm
Amazon,1018724,capex,PaymentsToAcquireProductiveAssets,2022-01-01,2022-12-31,2023,FY,10-K,2024-02-02,63645000000,0001018724-24-000008,https://www.sec.gov/Archives/edgar/data/1018724/000101872424000008/0001018724-24-000008-index.htm
Amazon,1018724,capex,PaymentsToAcquireProductiveAssets,2022-01-01,2022-12-31,2024,FY,10-K,2025-02-07,63645000000,0001018724-25-000004,https://www.sec.gov/Archives/edgar/data/1018724/000101872425000004/0001018724-25-000004-index.htm
Amazon,1018724,capex,PaymentsToAcquireProductiveAssets,2022-04-01,2023-03-31,2023,Q1,10-Q,2023-04-28,62901000000,0001018724-23-000008,https://www.sec.gov/Archives/edgar/data/1018724/000101872423000008/0001018724-23-000008-index.htm
Amazon,1018724,capex,PaymentsToAcquireProductiveAssets,2022-04-01,2023-03-31,2024,Q1,10-Q,2024-05-01,62901000000,0001018724-24-000083,https://www.sec.gov/Archives/edgar/data/1018724/000101872424000083/0001018724-24-000083-index.htm
Amazon,1018724,capex,PaymentsToAcquireProductiveAssets,2023-01-01,2023-03-31,2023,Q1,10-Q,2023-04-28,14207000000,0001018724-23-000008,https://www.sec.gov/Archives/edgar/data/1018724/000101872423000008/0001018724-23-000008-index.htm
Amazon,1018724,capex,PaymentsToAcquireProductiveAssets,2023-01-01,2023-03-31,2024,Q1,10-Q,2024-05-01,14207000000,0001018724-24-000083,https://www.sec.gov/Archives/edgar/data/1018724/000101872424000083/0001018724-24-000083-index.htm
Amazon,1018724,capex,PaymentsToAcquireProductiveAssets,2022-07-01,2023-06-30,2023,Q2,10-Q,2023-08-04,58632000000,0001018724-23-000012,https://www.sec.gov/Archives/edgar/data/1018724/000101872423000012/0001018724-23-000012-index.htm
Amazon,1018724,capex,PaymentsToAcquireProductiveAssets,2022-07-01,2023-06-30,2024,Q2,10-Q,2024-08-02,58632000000,0001018724-24-000130,https://www.sec.gov/Archives/edgar/data/1018724/000101872424000130/0001018724-24-000130-index.htm
Amazon,1018724,capex,PaymentsToAcquireProductiveAssets,2023-01-01,2023-06-30,2023,Q2,10-Q,2023-08-04,25662000000,0001018724-23-000012,https://www.sec.gov/Archives/edgar/data/1018724/000101872423000012/0001018724-23-000012-index.htm
Amazon,1018724,capex,PaymentsToAcquireProductiveAssets,2023-01-01,2023-06-30,2024,Q2,10-Q,2024-08-02,25662000000,0001018724-24-000130,https://www.sec.gov/Archives/edgar/data/1018724/000101872424000130/0001018724-24-000130-index.htm
Amazon,1018724,capex,PaymentsToAcquireProductiveAssets,2023-04-01,2023-06-30,2023,Q2,10-Q,2023-08-04,11455000000,0001018724-23-000012,https://www.sec.gov/Archives/edgar/data/1018724/000101872423000012/0001018724-23-000012-index.htm
Amazon,1018724,capex,PaymentsToAcquireProductiveAssets,2023-04-01,2023-06-30,2024,Q2,10-Q,2024-08-02,11455000000,0001018724-24-000130,https://www.sec.gov/Archives/edgar/data/1018724/000101872424000130/0001018724-24-000130-index.htm
Amazon,1018724,capex,PaymentsToAcquireProductiveAssets,2022-10-01,2023-09-30,2023,Q3,10-Q,2023-10-27,54733000000,0001018724-23-000018,https://www.sec.gov/Archives/edgar/data/1018724/000101872423000018/0001018724-23-000018-index.htm
Amazon,1018724,capex,PaymentsToAcquireProductiveAssets,2022-10-01,2023-09-30,2024,Q3,10-Q,2024-11-01,54733000000,0001018724-24-000161,https://www.sec.gov/Archives/edgar/data/1018724/000101872424000161/0001018724-24-000161-index.htm
Amazon,1018724,capex,PaymentsToAcquireProductiveAssets,2023-01-01,2023-09-30,2023,Q3,10-Q,2023-10-27,38141000000,0001018724-23-000018,https://www.sec.gov/Archives/edgar/data/1018724/000101872423000018/0001018724-23-000018-index.htm
Amazon,1018724,capex,PaymentsToAcquireProductiveAssets,2023-01-01,2023-09-30,2024,Q3,10-Q,2024-11-01,38141000000,0001018724-24-000161,https://www.sec.gov/Archives/edgar/data/1018724/000101872424000161/0001018724-24-000161-index.htm
Amazon,1018724,capex,PaymentsToAcquireProductiveAssets,2023-07-01,2023-09-30,2023,Q3,10-Q,2023-10-27,12479000000,0001018724-23-000018,https://www.sec.gov/Archives/edgar/data/1018724/000101872423000018/0001018724-23-000018-index.htm
Amazon,1018724,capex,PaymentsToAcquireProductiveAssets,2023-07-01,2023-09-30,2024,Q3,10-Q,2024-11-01,12479000000,0001018724-24-000161,https://www.sec.gov/Archives/edgar/data/1018724/000101872424000161/0001018724-24-000161-index.htm
Amazon,1018724,capex,PaymentsToAcquireProductiveAssets,2023-01-01,2023-12-31,2023,FY,10-K,2024-02-02,52729000000,0001018724-24-000008,https://www.sec.gov/Archives/edgar/data/1018724/000101872424000008/0001018724-24-000008-index.htm
Amazon,1018724,capex,PaymentsToAcquireProductiveAssets,2023-01-01,2023-12-31,2024,FY,10-K,2025-02-07,52729000000,0001018724-25-000004,https://www.sec.gov/Archives/edgar/data/1018724/000101872425000004/0001018724-25-000004-index.htm
Amazon,1018724,capex,PaymentsToAcquireProductiveAssets,2023-01-01,2023-12-31,2025,FY,10-K,2026-02-06,52729000000,0001018724-26-000004,https://www.sec.gov/Archives/edgar/data/1018724/000101872426000004/0001018724-26-000004-index.htm
Amazon,1018724,capex,PaymentsToAcquireProductiveAssets,2023-04-01,2024-03-31,2024,Q1,10-Q,2024-05-01,53447000000,0001018724-24-000083,https://www.sec.gov/Archives/edgar/data/1018724/000101872424000083/0001018724-24-000083-index.htm
Amazon,1018724,capex,PaymentsToAcquireProductiveAssets,2023-04-01,2024-03-31,2025,Q1,10-Q,2025-05-02,53447000000,0001018724-25-000036,https://www.sec.gov/Archives/edgar/data/1018724/000101872425000036/0001018724-25-000036-index.htm
Amazon,1018724,capex,PaymentsToAcquireProductiveAssets,2024-01-01,2024-03-31,2024,Q1,10-Q,2024-05-01,14925000000,0001018724-24-000083,https://www.sec.gov/Archives/edgar/data/1018724/000101872424000083/0001018724-24-000083-index.htm
Amazon,1018724,capex,PaymentsToAcquireProductiveAssets,2024-01-01,2024-03-31,2025,Q1,10-Q,2025-05-02,14925000000,0001018724-25-000036,https://www.sec.gov/Archives/edgar/data/1018724/000101872425000036/0001018724-25-000036-index.htm
Amazon,1018724,capex,PaymentsToAcquireProductiveAssets,2023-07-01,2024-06-30,2024,Q2,10-Q,2024-08-02,59612000000,0001018724-24-000130,https://www.sec.gov/Archives/edgar/data/1018724/000101872424000130/0001018724-24-000130-index.htm
Amazon,1018724,capex,PaymentsToAcquireProductiveAssets,2023-07-01,2024-06-30,2025,Q2,10-Q,2025-08-01,59612000000,0001018724-25-000086,https://www.sec.gov/Archives/edgar/data/1018724/000101872425000086/0001018724-25-000086-index.htm
Amazon,1018724,capex,PaymentsToAcquireProductiveAssets,2024-01-01,2024-06-30,2024,Q2,10-Q,2024-08-02,32545000000,0001018724-24-000130,https://www.sec.gov/Archives/edgar/data/1018724/000101872424000130/0001018724-24-000130-index.htm
Amazon,1018724,capex,PaymentsToAcquireProductiveAssets,2024-01-01,2024-06-30,2025,Q2,10-Q,2025-08-01,32545000000,0001018724-25-000086,https://www.sec.gov/Archives/edgar/data/1018724/000101872425000086/0001018724-25-000086-index.htm
Amazon,1018724,capex,PaymentsToAcquireProductiveAssets,2024-04-01,2024-06-30,2024,Q2,10-Q,2024-08-02,17620000000,0001018724-24-000130,https://www.sec.gov/Archives/edgar/data/1018724/000101872424000130/0001018724-24-000130-index.htm
Amazon,1018724,capex,PaymentsToAcquireProductiveAssets,2024-04-01,2024-06-30,2025,Q2,10-Q,2025-08-01,17620000000,0001018724-25-000086,https://www.sec.gov/Archives/edgar/data/1018724/000101872425000086/0001018724-25-000086-index.htm
Amazon,1018724,capex,PaymentsToAcquireProductiveAssets,2023-10-01,2024-09-30,2024,Q3,10-Q,2024-11-01,69753000000,0001018724-24-000161,https://www.sec.gov/Archives/edgar/data/1018724/000101872424000161/0001018724-24-000161-index.htm
Amazon,1018724,capex,PaymentsToAcquireProductiveAssets,2023-10-01,2024-09-30,2025,Q3,10-Q,2025-10-31,69753000000,0001018724-25-000123,https://www.sec.gov/Archives/edgar/data/1018724/000101872425000123/0001018724-25-000123-index.htm
Amazon,1018724,capex,PaymentsToAcquireProductiveAssets,2024-01-01,2024-09-30,2024,Q3,10-Q,2024-11-01,55165000000,0001018724-24-000161,https://www.sec.gov/Archives/edgar/data/1018724/000101872424000161/0001018724-24-000161-index.htm
Amazon,1018724,capex,PaymentsToAcquireProductiveAssets,2024-01-01,2024-09-30,2025,Q3,10-Q,2025-10-31,55165000000,0001018724-25-000123,https://www.sec.gov/Archives/edgar/data/1018724/000101872425000123/0001018724-25-000123-index.htm
Amazon,1018724,capex,PaymentsToAcquireProductiveAssets,2024-07-01,2024-09-30,2024,Q3,10-Q,2024-11-01,22620000000,0001018724-24-000161,https://www.sec.gov/Archives/edgar/data/1018724/000101872424000161/0001018724-24-000161-index.htm
Amazon,1018724,capex,PaymentsToAcquireProductiveAssets,2024-07-01,2024-09-30,2025,Q3,10-Q,2025-10-31,22620000000,0001018724-25-000123,https://www.sec.gov/Archives/edgar/data/1018724/000101872425000123/0001018724-25-000123-index.htm
Amazon,1018724,capex,PaymentsToAcquireProductiveAssets,2024-01-01,2024-12-31,2024,FY,10-K,2025-02-07,82999000000,0001018724-25-000004,https://www.sec.gov/Archives/edgar/data/1018724/000101872425000004/0001018724-25-000004-index.htm
Amazon,1018724,capex,PaymentsToAcquireProductiveAssets,2024-01-01,2024-12-31,2025,FY,10-K,2026-02-06,82999000000,0001018724-26-000004,https://www.sec.gov/Archives/edgar/data/1018724/000101872426000004/0001018724-26-000004-index.htm
Amazon,1018724,capex,PaymentsToAcquireProductiveAssets,2024-04-01,2025-03-31,2025,Q1,10-Q,2025-05-02,93093000000,0001018724-25-000036,https://www.sec.gov/Archives/edgar/data/1018724/000101872425000036/0001018724-25-000036-index.htm
Amazon,1018724,capex,PaymentsToAcquireProductiveAssets,2024-04-01,2025-03-31,2026,Q1,10-Q,2026-04-30,93093000000,0001018724-26-000014,https://www.sec.gov/Archives/edgar/data/1018724/000101872426000014/0001018724-26-000014-index.htm
Amazon,1018724,capex,PaymentsToAcquireProductiveAssets,2025-01-01,2025-03-31,2025,Q1,10-Q,2025-05-02,25019000000,0001018724-25-000036,https://www.sec.gov/Archives/edgar/data/1018724/000101872425000036/0001018724-25-000036-index.htm
Amazon,1018724,capex,PaymentsToAcquireProductiveAssets,2025-01-01,2025-03-31,2026,Q1,10-Q,2026-04-30,25019000000,0001018724-26-000014,https://www.sec.gov/Archives/edgar/data/1018724/000101872426000014/0001018724-26-000014-index.htm
Amazon,1018724,capex,PaymentsToAcquireProductiveAssets,2024-07-01,2025-06-30,2025,Q2,10-Q,2025-08-01,107656000000,0001018724-25-000086,https://www.sec.gov/Archives/edgar/data/1018724/000101872425000086/0001018724-25-000086-index.htm
Amazon,1018724,capex,PaymentsToAcquireProductiveAssets,2024-07-01,2025-06-30,2026,Q2,10-Q,2026-07-31,107656000000,0001018724-26-000026,https://www.sec.gov/Archives/edgar/data/1018724/000101872426000026/0001018724-26-000026-index.htm
Amazon,1018724,capex,PaymentsToAcquireProductiveAssets,2025-01-01,2025-06-30,2025,Q2,10-Q,2025-08-01,57202000000,0001018724-25-000086,https://www.sec.gov/Archives/edgar/data/1018724/000101872425000086/0001018724-25-000086-index.htm
Amazon,1018724,capex,PaymentsToAcquireProductiveAssets,2025-01-01,2025-06-30,2026,Q2,10-Q,2026-07-31,57202000000,0001018724-26-000026,https://www.sec.gov/Archives/edgar/data/1018724/000101872426000026/0001018724-26-000026-index.htm
Amazon,1018724,capex,PaymentsToAcquireProductiveAssets,2025-04-01,2025-06-30,2025,Q2,10-Q,2025-08-01,32183000000,0001018724-25-000086,https://www.sec.gov/Archives/edgar/data/1018724/000101872425000086/0001018724-25-000086-index.htm
Amazon,1018724,capex,PaymentsToAcquireProductiveAssets,2025-04-01,2025-06-30,2026,Q2,10-Q,2026-07-31,32183000000,0001018724-26-000026,https://www.sec.gov/Archives/edgar/data/1018724/000101872426000026/0001018724-26-000026-index.htm
Amazon,1018724,capex,PaymentsToAcquireProductiveAssets,2024-10-01,2025-09-30,2025,Q3,10-Q,2025-10-31,120131000000,0001018724-25-000123,https://www.sec.gov/Archives/edgar/data/1018724/000101872425000123/0001018724-25-000123-index.htm
Amazon,1018724,capex,PaymentsToAcquireProductiveAssets,2025-01-01,2025-09-30,2025,Q3,10-Q,2025-10-31,92297000000,0001018724-25-000123,https://www.sec.gov/Archives/edgar/data/1018724/000101872425000123/0001018724-25-000123-index.htm
Amazon,1018724,capex,PaymentsToAcquireProductiveAssets,2025-07-01,2025-09-30,2025,Q3,10-Q,2025-10-31,35095000000,0001018724-25-000123,https://www.sec.gov/Archives/edgar/data/1018724/000101872425000123/0001018724-25-000123-index.htm
Amazon,1018724,capex,PaymentsToAcquireProductiveAssets,2025-01-01,2025-12-31,2025,FY,10-K,2026-02-06,131819000000,0001018724-26-000004,https://www.sec.gov/Archives/edgar/data/1018724/000101872426000004/0001018724-26-000004-index.htm
Amazon,1018724,capex,PaymentsToAcquireProductiveAssets,2025-04-01,2026-03-31,2026,Q1,10-Q,2026-04-30,151003000000,0001018724-26-000014,https://www.sec.gov/Archives/edgar/data/1018724/000101872426000014/0001018724-26-000014-index.htm
Amazon,1018724,capex,PaymentsToAcquireProductiveAssets,2026-01-01,2026-03-31,2026,Q1,10-Q,2026-04-30,44203000000,0001018724-26-000014,https://www.sec.gov/Archives/edgar/data/1018724/000101872426000014/0001018724-26-000014-index.htm
Amazon,1018724,capex,PaymentsToAcquireProductiveAssets,2025-07-01,2026-06-30,2026,Q2,10-Q,2026-07-31,173028000000,0001018724-26-000026,https://www.sec.gov/Archives/edgar/data/1018724/000101872426000026/0001018724-26-000026-index.htm
Amazon,1018724,capex,PaymentsToAcquireProductiveAssets,2026-01-01,2026-06-30,2026,Q2,10-Q,2026-07-31,98411000000,0001018724-26-000026,https://www.sec.gov/Archives/edgar/data/1018724/000101872426000026/0001018724-26-000026-index.htm
Amazon,1018724,capex,PaymentsToAcquireProductiveAssets,2026-04-01,2026-06-30,2026,Q2,10-Q,2026-07-31,54208000000,0001018724-26-000026,https://www.sec.gov/Archives/edgar/data/1018724/000101872426000026/0001018724-26-000026-index.htm
Amazon,1018724,revenue,RevenueFromContractWithCustomerExcludingAssessedTax,2016-01-01,2016-12-31,2018,FY,10-K,2019-02-01,135987000000,0001018724-19-000004,https://www.sec.gov/Archives/edgar/data/1018724/000101872419000004/0001018724-19-000004-index.htm
Amazon,1018724,revenue,RevenueFromContractWithCustomerExcludingAssessedTax,2017-01-01,2017-03-31,2018,FY,10-K,2019-02-01,35714000000,0001018724-19-000004,https://www.sec.gov/Archives/edgar/data/1018724/000101872419000004/0001018724-19-000004-index.htm
Amazon,1018724,revenue,RevenueFromContractWithCustomerExcludingAssessedTax,2017-04-01,2017-06-30,2018,FY,10-K,2019-02-01,37955000000,0001018724-19-000004,https://www.sec.gov/Archives/edgar/data/1018724/000101872419000004/0001018724-19-000004-index.htm
Amazon,1018724,revenue,RevenueFromContractWithCustomerExcludingAssessedTax,2017-01-01,2017-09-30,2018,Q3,10-Q,2018-10-26,117413000000,0001018724-18-000159,https://www.sec.gov/Archives/edgar/data/1018724/000101872418000159/0001018724-18-000159-index.htm
Amazon,1018724,revenue,RevenueFromContractWithCustomerExcludingAssessedTax,2017-07-01,2017-09-30,2018,Q3,10-Q,2018-10-26,43744000000,0001018724-18-000159,https://www.sec.gov/Archives/edgar/data/1018724/000101872418000159/0001018724-18-000159-index.htm
Amazon,1018724,revenue,RevenueFromContractWithCustomerExcludingAssessedTax,2017-07-01,2017-09-30,2018,FY,10-K,2019-02-01,43744000000,0001018724-19-000004,https://www.sec.gov/Archives/edgar/data/1018724/000101872419000004/0001018724-19-000004-index.htm
Amazon,1018724,revenue,RevenueFromContractWithCustomerExcludingAssessedTax,2017-01-01,2017-12-31,2018,FY,10-K,2019-02-01,177866000000,0001018724-19-000004,https://www.sec.gov/Archives/edgar/data/1018724/000101872419000004/0001018724-19-000004-index.htm
Amazon,1018724,revenue,RevenueFromContractWithCustomerExcludingAssessedTax,2017-01-01,2017-12-31,2019,FY,10-K,2020-01-31,177866000000,0001018724-20-000004,https://www.sec.gov/Archives/edgar/data/1018724/000101872420000004/0001018724-20-000004-index.htm
Amazon,1018724,revenue,RevenueFromContractWithCustomerExcludingAssessedTax,2017-10-01,2017-12-31,2018,FY,10-K,2019-02-01,60453000000,0001018724-19-000004,https://www.sec.gov/Archives/edgar/data/1018724/000101872419000004/0001018724-19-000004-index.htm
Amazon,1018724,revenue,RevenueFromContractWithCustomerExcludingAssessedTax,2018-01-01,2018-03-31,2018,FY,10-K,2019-02-01,51042000000,0001018724-19-000004,https://www.sec.gov/Archives/edgar/data/1018724/000101872419000004/0001018724-19-000004-index.htm
Amazon,1018724,revenue,RevenueFromContractWithCustomerExcludingAssessedTax,2018-01-01,2018-03-31,2019,Q1,10-Q,2019-04-26,51042000000,0001018724-19-000043,https://www.sec.gov/Archives/edgar/data/1018724/000101872419000043/0001018724-19-000043-index.htm
Amazon,1018724,revenue,RevenueFromContractWithCustomerExcludingAssessedTax,2018-01-01,2018-03-31,2019,FY,10-K,2020-01-31,51042000000,0001018724-20-000004,https://www.sec.gov/Archives/edgar/data/1018724/000101872420000004/0001018724-20-000004-index.htm
Amazon,1018724,revenue,RevenueFromContractWithCustomerExcludingAssessedTax,2018-01-01,2018-06-30,2019,Q2,10-Q,2019-07-26,103928000000,0001018724-19-000071,https://www.sec.gov/Archives/edgar/data/1018724/000101872419000071/0001018724-19-000071-index.htm
Amazon,1018724,revenue,RevenueFromContractWithCustomerExcludingAssessedTax,2018-04-01,2018-06-30,2018,FY,10-K,2019-02-01,52886000000,0001018724-19-000004,https://www.sec.gov/Archives/edgar/data/1018724/000101872419000004/0001018724-19-000004-index.htm
Amazon,1018724,revenue,RevenueFromContractWithCustomerExcludingAssessedTax,2018-04-01,2018-06-30,2019,Q2,10-Q,2019-07-26,52886000000,0001018724-19-000071,https://www.sec.gov/Archives/edgar/data/1018724/000101872419000071/0001018724-19-000071-index.htm
Amazon,1018724,revenue,RevenueFromContractWithCustomerExcludingAssessedTax,2018-04-01,2018-06-30,2019,FY,10-K,2020-01-31,52886000000,0001018724-20-000004,https://www.sec.gov/Archives/edgar/data/1018724/000101872420000004/0001018724-20-000004-index.htm
Amazon,1018724,revenue,RevenueFromContractWithCustomerExcludingAssessedTax,2018-01-01,2018-09-30,2018,Q3,10-Q,2018-10-26,160504000000,0001018724-18-000159,https://www.sec.gov/Archives/edgar/data/1018724/000101872418000159/0001018724-18-000159-index.htm
Amazon,1018724,revenue,RevenueFromContractWithCustomerExcludingAssessedTax,2018-01-01,2018-09-30,2019,Q3,10-Q,2019-10-25,160504000000,0001018724-19-000089,https://www.sec.gov/Archives/edgar/data/1018724/000101872419000089/0001018724-19-000089-index.htm
Amazon,1018724,revenue,RevenueFromContractWithCustomerExcludingAssessedTax,2018-07-01,2018-09-30,2018,Q3,10-Q,2018-10-26,56576000000,0001018724-18-000159,https://www.sec.gov/Archives/edgar/data/1018724/000101872418000159/0001018724-18-000159-index.htm
Amazon,1018724,revenue,RevenueFromContractWithCustomerExcludingAssessedTax,2018-07-01,2018-09-30,2018,FY,10-K,2019-02-01,56576000000,0001018724-19-000004,https://www.sec.gov/Archives/edgar/data/1018724/000101872419000004/0001018724-19-000004-index.htm
Amazon,1018724,revenue,RevenueFromContractWithCustomerExcludingAssessedTax,2018-07-01,2018-09-30,2019,Q3,10-Q,2019-10-25,56576000000,0001018724-19-000089,https://www.sec.gov/Archives/edgar/data/1018724/000101872419000089/0001018724-19-000089-index.htm
Amazon,1018724,revenue,RevenueFromContractWithCustomerExcludingAssessedTax,2018-07-01,2018-09-30,2019,FY,10-K,2020-01-31,56576000000,0001018724-20-000004,https://www.sec.gov/Archives/edgar/data/1018724/000101872420000004/0001018724-20-000004-index.htm
Amazon,1018724,revenue,RevenueFromContractWithCustomerExcludingAssessedTax,2018-01-01,2018-12-31,2018,FY,10-K,2019-02-01,232887000000,0001018724-19-000004,https://www.sec.gov/Archives/edgar/data/1018724/000101872419000004/0001018724-19-000004-index.htm
Amazon,1018724,revenue,RevenueFromContractWithCustomerExcludingAssessedTax,2018-01-01,2018-12-31,2019,FY,10-K,2020-01-31,232887000000,0001018724-20-000004,https://www.sec.gov/Archives/edgar/data/1018724/000101872420000004/0001018724-20-000004-index.htm
Amazon,1018724,revenue,RevenueFromContractWithCustomerExcludingAssessedTax,2018-01-01,2018-12-31,2020,FY,10-K,2021-02-03,232887000000,0001018724-21-000004,https://www.sec.gov/Archives/edgar/data/1018724/000101872421000004/0001018724-21-000004-index.htm
Amazon,1018724,revenue,RevenueFromContractWithCustomerExcludingAssessedTax,2018-10-01,2018-12-31,2018,FY,10-K,2019-02-01,72383000000,0001018724-19-000004,https://www.sec.gov/Archives/edgar/data/1018724/000101872419000004/0001018724-19-000004-index.htm
Amazon,1018724,revenue,RevenueFromContractWithCustomerExcludingAssessedTax,2018-10-01,2018-12-31,2019,FY,10-K,2020-01-31,72383000000,0001018724-20-000004,https://www.sec.gov/Archives/edgar/data/1018724/000101872420000004/0001018724-20-000004-index.htm
Amazon,1018724,revenue,RevenueFromContractWithCustomerExcludingAssessedTax,2019-01-01,2019-03-31,2019,Q1,10-Q,2019-04-26,59700000000,0001018724-19-000043,https://www.sec.gov/Archives/edgar/data/1018724/000101872419000043/0001018724-19-000043-index.htm
Amazon,1018724,revenue,RevenueFromContractWithCustomerExcludingAssessedTax,2019-01-01,2019-03-31,2019,FY,10-K,2020-01-31,59700000000,0001018724-20-000004,https://www.sec.gov/Archives/edgar/data/1018724/000101872420000004/0001018724-20-000004-index.htm
Amazon,1018724,revenue,RevenueFromContractWithCustomerExcludingAssessedTax,2019-01-01,2019-03-31,2020,Q1,10-Q,2020-05-01,59700000000,0001018724-20-000010,https://www.sec.gov/Archives/edgar/data/1018724/000101872420000010/0001018724-20-000010-index.htm
Amazon,1018724,revenue,RevenueFromContractWithCustomerExcludingAssessedTax,2019-01-01,2019-03-31,2020,FY,10-K,2021-02-03,59700000000,0001018724-21-000004,https://www.sec.gov/Archives/edgar/data/1018724/000101872421000004/0001018724-21-000004-index.htm
Amazon,1018724,revenue,RevenueFromContractWithCustomerExcludingAssessedTax,2019-01-01,2019-06-30,2019,Q2,10-Q,2019-07-26,123104000000,0001018724-19-000071,https://www.sec.gov/Archives/edgar/data/1018724/000101872419000071/0001018724-19-000071-index.htm
Amazon,1018724,revenue,RevenueFromContractWithCustomerExcludingAssessedTax,2019-01-01,2019-06-30,2020,Q2,10-Q,2020-07-31,123104000000,0001018724-20-000021,https://www.sec.gov/Archives/edgar/data/1018724/000101872420000021/0001018724-20-000021-index.htm
Amazon,1018724,revenue,RevenueFromContractWithCustomerExcludingAssessedTax,2019-04-01,2019-06-30,2019,Q2,10-Q,2019-07-26,63404000000,0001018724-19-000071,https://www.sec.gov/Archives/edgar/data/1018724/000101872419000071/0001018724-19-000071-index.htm
Amazon,1018724,revenue,RevenueFromContractWithCustomerExcludingAssessedTax,2019-04-01,2019-06-30,2019,FY,10-K,2020-01-31,63404000000,0001018724-20-000004,https://www.sec.gov/Archives/edgar/data/1018724/000101872420000004/0001018724-20-000004-index.htm
Amazon,1018724,revenue,RevenueFromContractWithCustomerExcludingAssessedTax,2019-04-01,2019-06-30,2020,Q2,10-Q,2020-07-31,63404000000,0001018724-20-000021,https://www.sec.gov/Archives/edgar/data/1018724/000101872420000021/0001018724-20-000021-index.htm
Amazon,1018724,revenue,RevenueFromContractWithCustomerExcludingAssessedTax,2019-04-01,2019-06-30,2020,FY,10-K,2021-02-03,63404000000,0001018724-21-000004,https://www.sec.gov/Archives/edgar/data/1018724/000101872421000004/0001018724-21-000004-index.htm
Amazon,1018724,revenue,RevenueFromContractWithCustomerExcludingAssessedTax,2019-01-01,2019-09-30,2019,Q3,10-Q,2019-10-25,193086000000,0001018724-19-000089,https://www.sec.gov/Archives/edgar/data/1018724/000101872419000089/0001018724-19-000089-index.htm
Amazon,1018724,revenue,RevenueFromContractWithCustomerExcludingAssessedTax,2019-01-01,2019-09-30,2020,Q3,10-Q,2020-10-30,193086000000,0001018724-20-000030,https://www.sec.gov/Archives/edgar/data/1018724/000101872420000030/0001018724-20-000030-index.htm
Amazon,1018724,revenue,RevenueFromContractWithCustomerExcludingAssessedTax,2019-07-01,2019-09-30,2019,Q3,10-Q,2019-10-25,69981000000,0001018724-19-000089,https://www.sec.gov/Archives/edgar/data/1018724/000101872419000089/0001018724-19-000089-index.htm
Amazon,1018724,revenue,RevenueFromContractWithCustomerExcludingAssessedTax,2019-07-01,2019-09-30,2019,FY,10-K,2020-01-31,69981000000,0001018724-20-000004,https://www.sec.gov/Archives/edgar/data/1018724/000101872420000004/0001018724-20-000004-index.htm
Amazon,1018724,revenue,RevenueFromContractWithCustomerExcludingAssessedTax,2019-07-01,2019-09-30,2020,Q3,10-Q,2020-10-30,69981000000,0001018724-20-000030,https://www.sec.gov/Archives/edgar/data/1018724/000101872420000030/0001018724-20-000030-index.htm
Amazon,1018724,revenue,RevenueFromContractWithCustomerExcludingAssessedTax,2019-07-01,2019-09-30,2020,FY,10-K,2021-02-03,69981000000,0001018724-21-000004,https://www.sec.gov/Archives/edgar/data/1018724/000101872421000004/0001018724-21-000004-index.htm
Amazon,1018724,revenue,RevenueFromContractWithCustomerExcludingAssessedTax,2019-01-01,2019-12-31,2019,FY,10-K,2020-01-31,280522000000,0001018724-20-000004,https://www.sec.gov/Archives/edgar/data/1018724/000101872420000004/0001018724-20-000004-index.htm
Amazon,1018724,revenue,RevenueFromContractWithCustomerExcludingAssessedTax,2019-01-01,2019-12-31,2020,FY,10-K,2021-02-03,280522000000,0001018724-21-000004,https://www.sec.gov/Archives/edgar/data/1018724/000101872421000004/0001018724-21-000004-index.htm
Amazon,1018724,revenue,RevenueFromContractWithCustomerExcludingAssessedTax,2019-01-01,2019-12-31,2021,FY,10-K,2022-02-04,280522000000,0001018724-22-000005,https://www.sec.gov/Archives/edgar/data/1018724/000101872422000005/0001018724-22-000005-index.htm
Amazon,1018724,revenue,RevenueFromContractWithCustomerExcludingAssessedTax,2019-10-01,2019-12-31,2019,FY,10-K,2020-01-31,87437000000,0001018724-20-000004,https://www.sec.gov/Archives/edgar/data/1018724/000101872420000004/0001018724-20-000004-index.htm
Amazon,1018724,revenue,RevenueFromContractWithCustomerExcludingAssessedTax,2019-10-01,2019-12-31,2020,FY,10-K,2021-02-03,87437000000,0001018724-21-000004,https://www.sec.gov/Archives/edgar/data/1018724/000101872421000004/0001018724-21-000004-index.htm
Amazon,1018724,revenue,RevenueFromContractWithCustomerExcludingAssessedTax,2020-01-01,2020-03-31,2020,Q1,10-Q,2020-05-01,75452000000,0001018724-20-000010,https://www.sec.gov/Archives/edgar/data/1018724/000101872420000010/0001018724-20-000010-index.htm
Amazon,1018724,revenue,RevenueFromContractWithCustomerExcludingAssessedTax,2020-01-01,2020-03-31,2020,FY,10-K,2021-02-03,75452000000,0001018724-21-000004,https://www.sec.gov/Archives/edgar/data/1018724/000101872421000004/0001018724-21-000004-index.htm
Amazon,1018724,revenue,RevenueFromContractWithCustomerExcludingAssessedTax,2020-01-01,2020-03-31,2021,Q1,10-Q,2021-04-30,75452000000,0001018724-21-000010,https://www.sec.gov/Archives/edgar/data/1018724/000101872421000010/0001018724-21-000010-index.htm
Amazon,1018724,revenue,RevenueFromContractWithCustomerExcludingAssessedTax,2020-01-01,2020-06-30,2020,Q2,10-Q,2020-07-31,164364000000,0001018724-20-000021,https://www.sec.gov/Archives/edgar/data/1018724/000101872420000021/0001018724-20-000021-index.htm
Amazon,1018724,revenue,RevenueFromContractWithCustomerExcludingAssessedTax,2020-01-01,2020-06-30,2021,Q2,10-Q,2021-07-30,164364000000,0001018724-21-000020,https://www.sec.gov/Archives/edgar/data/1018724/000101872421000020/0001018724-21-000020-index.htm
Amazon,1018724,revenue,RevenueFromContractWithCustomerExcludingAssessedTax,2020-04-01,2020-06-30,2020,Q2,10-Q,2020-07-31,88912000000,0001018724-20-000021,https://www.sec.gov/Archives/edgar/data/1018724/000101872420000021/0001018724-20-000021-index.htm
Amazon,1018724,revenue,RevenueFromContractWithCustomerExcludingAssessedTax,2020-04-01,2020-06-30,2020,FY,10-K,2021-02-03,88912000000,0001018724-21-000004,https://www.sec.gov/Archives/edgar/data/1018724/000101872421000004/0001018724-21-000004-index.htm
Amazon,1018724,revenue,RevenueFromContractWithCustomerExcludingAssessedTax,2020-04-01,2020-06-30,2021,Q2,10-Q,2021-07-30,88912000000,0001018724-21-000020,https://www.sec.gov/Archives/edgar/data/1018724/000101872421000020/0001018724-21-000020-index.htm
Amazon,1018724,revenue,RevenueFromContractWithCustomerExcludingAssessedTax,2020-01-01,2020-09-30,2020,Q3,10-Q,2020-10-30,260509000000,0001018724-20-000030,https://www.sec.gov/Archives/edgar/data/1018724/000101872420000030/0001018724-20-000030-index.htm
Amazon,1018724,revenue,RevenueFromContractWithCustomerExcludingAssessedTax,2020-01-01,2020-09-30,2021,Q3,10-Q,2021-10-29,260509000000,0001018724-21-000028,https://www.sec.gov/Archives/edgar/data/1018724/000101872421000028/0001018724-21-000028-index.htm
Amazon,1018724,revenue,RevenueFromContractWithCustomerExcludingAssessedTax,2020-07-01,2020-09-30,2020,Q3,10-Q,2020-10-30,96145000000,0001018724-20-000030,https://www.sec.gov/Archives/edgar/data/1018724/000101872420000030/0001018724-20-000030-index.htm
Amazon,1018724,revenue,RevenueFromContractWithCustomerExcludingAssessedTax,2020-07-01,2020-09-30,2020,FY,10-K,2021-02-03,96145000000,0001018724-21-000004,https://www.sec.gov/Archives/edgar/data/1018724/000101872421000004/0001018724-21-000004-index.htm
Amazon,1018724,revenue,RevenueFromContractWithCustomerExcludingAssessedTax,2020-07-01,2020-09-30,2021,Q3,10-Q,2021-10-29,96145000000,0001018724-21-000028,https://www.sec.gov/Archives/edgar/data/1018724/000101872421000028/0001018724-21-000028-index.htm
Amazon,1018724,revenue,RevenueFromContractWithCustomerExcludingAssessedTax,2020-01-01,2020-12-31,2020,FY,10-K,2021-02-03,386064000000,0001018724-21-000004,https://www.sec.gov/Archives/edgar/data/1018724/000101872421000004/0001018724-21-000004-index.htm
Amazon,1018724,revenue,RevenueFromContractWithCustomerExcludingAssessedTax,2020-01-01,2020-12-31,2021,FY,10-K,2022-02-04,386064000000,0001018724-22-000005,https://www.sec.gov/Archives/edgar/data/1018724/000101872422000005/0001018724-22-000005-index.htm
Amazon,1018724,revenue,RevenueFromContractWithCustomerExcludingAssessedTax,2020-01-01,2020-12-31,2022,FY,10-K,2023-02-03,386064000000,0001018724-23-000004,https://www.sec.gov/Archives/edgar/data/1018724/000101872423000004/0001018724-23-000004-index.htm
Amazon,1018724,revenue,RevenueFromContractWithCustomerExcludingAssessedTax,2020-10-01,2020-12-31,2020,FY,10-K,2021-02-03,125555000000,0001018724-21-000004,https://www.sec.gov/Archives/edgar/data/1018724/000101872421000004/0001018724-21-000004-index.htm
Amazon,1018724,revenue,RevenueFromContractWithCustomerExcludingAssessedTax,2021-01-01,2021-03-31,2021,Q1,10-Q,2021-04-30,108518000000,0001018724-21-000010,https://www.sec.gov/Archives/edgar/data/1018724/000101872421000010/0001018724-21-000010-index.htm
Amazon,1018724,revenue,RevenueFromContractWithCustomerExcludingAssessedTax,2021-01-01,2021-03-31,2022,Q1,10-Q,2022-04-29,108518000000,0001018724-22-000013,https://www.sec.gov/Archives/edgar/data/1018724/000101872422000013/0001018724-22-000013-index.htm
Amazon,1018724,revenue,RevenueFromContractWithCustomerExcludingAssessedTax,2021-01-01,2021-06-30,2021,Q2,10-Q,2021-07-30,221598000000,0001018724-21-000020,https://www.sec.gov/Archives/edgar/data/1018724/000101872421000020/0001018724-21-000020-index.htm
Amazon,1018724,revenue,RevenueFromContractWithCustomerExcludingAssessedTax,2021-01-01,2021-06-30,2022,Q2,10-Q,2022-07-29,221598000000,0001018724-22-000019,https://www.sec.gov/Archives/edgar/data/1018724/000101872422000019/0001018724-22-000019-index.htm
Amazon,1018724,revenue,RevenueFromContractWithCustomerExcludingAssessedTax,2021-04-01,2021-06-30,2021,Q2,10-Q,2021-07-30,113080000000,0001018724-21-000020,https://www.sec.gov/Archives/edgar/data/1018724/000101872421000020/0001018724-21-000020-index.htm
Amazon,1018724,revenue,RevenueFromContractWithCustomerExcludingAssessedTax,2021-04-01,2021-06-30,2022,Q2,10-Q,2022-07-29,113080000000,0001018724-22-000019,https://www.sec.gov/Archives/edgar/data/1018724/000101872422000019/0001018724-22-000019-index.htm
Amazon,1018724,revenue,RevenueFromContractWithCustomerExcludingAssessedTax,2021-01-01,2021-09-30,2021,Q3,10-Q,2021-10-29,332410000000,0001018724-21-000028,https://www.sec.gov/Archives/edgar/data/1018724/000101872421000028/0001018724-21-000028-index.htm
Amazon,1018724,revenue,RevenueFromContractWithCustomerExcludingAssessedTax,2021-01-01,2021-09-30,2022,Q3,10-Q,2022-10-28,332410000000,0001018724-22-000023,https://www.sec.gov/Archives/edgar/data/1018724/000101872422000023/0001018724-22-000023-index.htm
Amazon,1018724,revenue,RevenueFromContractWithCustomerExcludingAssessedTax,2021-07-01,2021-09-30,2021,Q3,10-Q,2021-10-29,110812000000,0001018724-21-000028,https://www.sec.gov/Archives/edgar/data/1018724/000101872421000028/0001018724-21-000028-index.htm
Amazon,1018724,revenue,RevenueFromContractWithCustomerExcludingAssessedTax,2021-07-01,2021-09-30,2022,Q3,10-Q,2022-10-28,110812000000,0001018724-22-000023,https://www.sec.gov/Archives/edgar/data/1018724/000101872422000023/0001018724-22-000023-index.htm
Amazon,1018724,revenue,RevenueFromContractWithCustomerExcludingAssessedTax,2021-01-01,2021-12-31,2021,FY,10-K,2022-02-04,469822000000,0001018724-22-000005,https://www.sec.gov/Archives/edgar/data/1018724/000101872422000005/0001018724-22-000005-index.htm
Amazon,1018724,revenue,RevenueFromContractWithCustomerExcludingAssessedTax,2021-01-01,2021-12-31,2022,FY,10-K,2023-02-03,469822000000,0001018724-23-000004,https://www.sec.gov/Archives/edgar/data/1018724/000101872423000004/0001018724-23-000004-index.htm
Amazon,1018724,revenue,RevenueFromContractWithCustomerExcludingAssessedTax,2021-01-01,2021-12-31,2023,FY,10-K,2024-02-02,469822000000,0001018724-24-000008,https://www.sec.gov/Archives/edgar/data/1018724/000101872424000008/0001018724-24-000008-index.htm
Amazon,1018724,revenue,RevenueFromContractWithCustomerExcludingAssessedTax,2022-01-01,2022-03-31,2022,Q1,10-Q,2022-04-29,116444000000,0001018724-22-000013,https://www.sec.gov/Archives/edgar/data/1018724/000101872422000013/0001018724-22-000013-index.htm
Amazon,1018724,revenue,RevenueFromContractWithCustomerExcludingAssessedTax,2022-01-01,2022-03-31,2023,Q1,10-Q,2023-04-28,116444000000,0001018724-23-000008,https://www.sec.gov/Archives/edgar/data/1018724/000101872423000008/0001018724-23-000008-index.htm
Amazon,1018724,revenue,RevenueFromContractWithCustomerExcludingAssessedTax,2022-01-01,2022-06-30,2022,Q2,10-Q,2022-07-29,237678000000,0001018724-22-000019,https://www.sec.gov/Archives/edgar/data/1018724/000101872422000019/0001018724-22-000019-index.htm
Amazon,1018724,revenue,RevenueFromContractWithCustomerExcludingAssessedTax,2022-01-01,2022-06-30,2023,Q2,10-Q,2023-08-04,237678000000,0001018724-23-000012,https://www.sec.gov/Archives/edgar/data/1018724/000101872423000012/0001018724-23-000012-index.htm
Amazon,1018724,revenue,RevenueFromContractWithCustomerExcludingAssessedTax,2022-04-01,2022-06-30,2022,Q2,10-Q,2022-07-29,121234000000,0001018724-22-000019,https://www.sec.gov/Archives/edgar/data/1018724/000101872422000019/0001018724-22-000019-index.htm
Amazon,1018724,revenue,RevenueFromContractWithCustomerExcludingAssessedTax,2022-04-01,2022-06-30,2023,Q2,10-Q,2023-08-04,121234000000,0001018724-23-000012,https://www.sec.gov/Archives/edgar/data/1018724/000101872423000012/0001018724-23-000012-index.htm
Amazon,1018724,revenue,RevenueFromContractWithCustomerExcludingAssessedTax,2022-01-01,2022-09-30,2022,Q3,10-Q,2022-10-28,364779000000,0001018724-22-000023,https://www.sec.gov/Archives/edgar/data/1018724/000101872422000023/0001018724-22-000023-index.htm
Amazon,1018724,revenue,RevenueFromContractWithCustomerExcludingAssessedTax,2022-01-01,2022-09-30,2023,Q3,10-Q,2023-10-27,364779000000,0001018724-23-000018,https://www.sec.gov/Archives/edgar/data/1018724/000101872423000018/0001018724-23-000018-index.htm
Amazon,1018724,revenue,RevenueFromContractWithCustomerExcludingAssessedTax,2022-07-01,2022-09-30,2022,Q3,10-Q,2022-10-28,127101000000,0001018724-22-000023,https://www.sec.gov/Archives/edgar/data/1018724/000101872422000023/0001018724-22-000023-index.htm
Amazon,1018724,revenue,RevenueFromContractWithCustomerExcludingAssessedTax,2022-07-01,2022-09-30,2023,Q3,10-Q,2023-10-27,127101000000,0001018724-23-000018,https://www.sec.gov/Archives/edgar/data/1018724/000101872423000018/0001018724-23-000018-index.htm
Amazon,1018724,revenue,RevenueFromContractWithCustomerExcludingAssessedTax,2022-01-01,2022-12-31,2022,FY,10-K,2023-02-03,513983000000,0001018724-23-000004,https://www.sec.gov/Archives/edgar/data/1018724/000101872423000004/0001018724-23-000004-index.htm
Amazon,1018724,revenue,RevenueFromContractWithCustomerExcludingAssessedTax,2022-01-01,2022-12-31,2023,FY,10-K,2024-02-02,513983000000,0001018724-24-000008,https://www.sec.gov/Archives/edgar/data/1018724/000101872424000008/0001018724-24-000008-index.htm
Amazon,1018724,revenue,RevenueFromContractWithCustomerExcludingAssessedTax,2022-01-01,2022-12-31,2024,FY,10-K,2025-02-07,513983000000,0001018724-25-000004,https://www.sec.gov/Archives/edgar/data/1018724/000101872425000004/0001018724-25-000004-index.htm
Amazon,1018724,revenue,RevenueFromContractWithCustomerExcludingAssessedTax,2023-01-01,2023-03-31,2023,Q1,10-Q,2023-04-28,127358000000,0001018724-23-000008,https://www.sec.gov/Archives/edgar/data/1018724/000101872423000008/0001018724-23-000008-index.htm
Amazon,1018724,revenue,RevenueFromContractWithCustomerExcludingAssessedTax,2023-01-01,2023-03-31,2024,Q1,10-Q,2024-05-01,127358000000,0001018724-24-000083,https://www.sec.gov/Archives/edgar/data/1018724/000101872424000083/0001018724-24-000083-index.htm
Amazon,1018724,revenue,RevenueFromContractWithCustomerExcludingAssessedTax,2023-01-01,2023-06-30,2023,Q2,10-Q,2023-08-04,261741000000,0001018724-23-000012,https://www.sec.gov/Archives/edgar/data/1018724/000101872423000012/0001018724-23-000012-index.htm
Amazon,1018724,revenue,RevenueFromContractWithCustomerExcludingAssessedTax,2023-01-01,2023-06-30,2024,Q2,10-Q,2024-08-02,261741000000,0001018724-24-000130,https://www.sec.gov/Archives/edgar/data/1018724/000101872424000130/0001018724-24-000130-index.htm
Amazon,1018724,revenue,RevenueFromContractWithCustomerExcludingAssessedTax,2023-04-01,2023-06-30,2023,Q2,10-Q,2023-08-04,134383000000,0001018724-23-000012,https://www.sec.gov/Archives/edgar/data/1018724/000101872423000012/0001018724-23-000012-index.htm
Amazon,1018724,revenue,RevenueFromContractWithCustomerExcludingAssessedTax,2023-04-01,2023-06-30,2024,Q2,10-Q,2024-08-02,134383000000,0001018724-24-000130,https://www.sec.gov/Archives/edgar/data/1018724/000101872424000130/0001018724-24-000130-index.htm
Amazon,1018724,revenue,RevenueFromContractWithCustomerExcludingAssessedTax,2023-01-01,2023-09-30,2023,Q3,10-Q,2023-10-27,404824000000,0001018724-23-000018,https://www.sec.gov/Archives/edgar/data/1018724/000101872423000018/0001018724-23-000018-index.htm
Amazon,1018724,revenue,RevenueFromContractWithCustomerExcludingAssessedTax,2023-01-01,2023-09-30,2024,Q3,10-Q,2024-11-01,404824000000,0001018724-24-000161,https://www.sec.gov/Archives/edgar/data/1018724/000101872424000161/0001018724-24-000161-index.htm
Amazon,1018724,revenue,RevenueFromContractWithCustomerExcludingAssessedTax,2023-07-01,2023-09-30,2023,Q3,10-Q,2023-10-27,143083000000,0001018724-23-000018,https://www.sec.gov/Archives/edgar/data/1018724/000101872423000018/0001018724-23-000018-index.htm
Amazon,1018724,revenue,RevenueFromContractWithCustomerExcludingAssessedTax,2023-07-01,2023-09-30,2024,Q3,10-Q,2024-11-01,143083000000,0001018724-24-000161,https://www.sec.gov/Archives/edgar/data/1018724/000101872424000161/0001018724-24-000161-index.htm
Amazon,1018724,revenue,RevenueFromContractWithCustomerExcludingAssessedTax,2023-01-01,2023-12-31,2023,FY,10-K,2024-02-02,574785000000,0001018724-24-000008,https://www.sec.gov/Archives/edgar/data/1018724/000101872424000008/0001018724-24-000008-index.htm
Amazon,1018724,revenue,RevenueFromContractWithCustomerExcludingAssessedTax,2023-01-01,2023-12-31,2024,FY,10-K,2025-02-07,574785000000,0001018724-25-000004,https://www.sec.gov/Archives/edgar/data/1018724/000101872425000004/0001018724-25-000004-index.htm
Amazon,1018724,revenue,RevenueFromContractWithCustomerExcludingAssessedTax,2023-01-01,2023-12-31,2025,FY,10-K,2026-02-06,574785000000,0001018724-26-000004,https://www.sec.gov/Archives/edgar/data/1018724/000101872426000004/0001018724-26-000004-index.htm
Amazon,1018724,revenue,RevenueFromContractWithCustomerExcludingAssessedTax,2024-01-01,2024-03-31,2024,Q1,10-Q,2024-05-01,143313000000,0001018724-24-000083,https://www.sec.gov/Archives/edgar/data/1018724/000101872424000083/0001018724-24-000083-index.htm
Amazon,1018724,revenue,RevenueFromContractWithCustomerExcludingAssessedTax,2024-01-01,2024-03-31,2025,Q1,10-Q,2025-05-02,143313000000,0001018724-25-000036,https://www.sec.gov/Archives/edgar/data/1018724/000101872425000036/0001018724-25-000036-index.htm
Amazon,1018724,revenue,RevenueFromContractWithCustomerExcludingAssessedTax,2024-01-01,2024-06-30,2024,Q2,10-Q,2024-08-02,291290000000,0001018724-24-000130,https://www.sec.gov/Archives/edgar/data/1018724/000101872424000130/0001018724-24-000130-index.htm
Amazon,1018724,revenue,RevenueFromContractWithCustomerExcludingAssessedTax,2024-01-01,2024-06-30,2025,Q2,10-Q,2025-08-01,291290000000,0001018724-25-000086,https://www.sec.gov/Archives/edgar/data/1018724/000101872425000086/0001018724-25-000086-index.htm
Amazon,1018724,revenue,RevenueFromContractWithCustomerExcludingAssessedTax,2024-04-01,2024-06-30,2024,Q2,10-Q,2024-08-02,147977000000,0001018724-24-000130,https://www.sec.gov/Archives/edgar/data/1018724/000101872424000130/0001018724-24-000130-index.htm
Amazon,1018724,revenue,RevenueFromContractWithCustomerExcludingAssessedTax,2024-04-01,2024-06-30,2025,Q2,10-Q,2025-08-01,147977000000,0001018724-25-000086,https://www.sec.gov/Archives/edgar/data/1018724/000101872425000086/0001018724-25-000086-index.htm
Amazon,1018724,revenue,RevenueFromContractWithCustomerExcludingAssessedTax,2024-01-01,2024-09-30,2024,Q3,10-Q,2024-11-01,450167000000,0001018724-24-000161,https://www.sec.gov/Archives/edgar/data/1018724/000101872424000161/0001018724-24-000161-index.htm
Amazon,1018724,revenue,RevenueFromContractWithCustomerExcludingAssessedTax,2024-01-01,2024-09-30,2025,Q3,10-Q,2025-10-31,450167000000,0001018724-25-000123,https://www.sec.gov/Archives/edgar/data/1018724/000101872425000123/0001018724-25-000123-index.htm
Amazon,1018724,revenue,RevenueFromContractWithCustomerExcludingAssessedTax,2024-07-01,2024-09-30,2024,Q3,10-Q,2024-11-01,158877000000,0001018724-24-000161,https://www.sec.gov/Archives/edgar/data/1018724/000101872424000161/0001018724-24-000161-index.htm
Amazon,1018724,revenue,RevenueFromContractWithCustomerExcludingAssessedTax,2024-07-01,2024-09-30,2025,Q3,10-Q,2025-10-31,158877000000,0001018724-25-000123,https://www.sec.gov/Archives/edgar/data/1018724/000101872425000123/0001018724-25-000123-index.htm
Amazon,1018724,revenue,RevenueFromContractWithCustomerExcludingAssessedTax,2024-01-01,2024-12-31,2024,FY,10-K,2025-02-07,637959000000,0001018724-25-000004,https://www.sec.gov/Archives/edgar/data/1018724/000101872425000004/0001018724-25-000004-index.htm
Amazon,1018724,revenue,RevenueFromContractWithCustomerExcludingAssessedTax,2024-01-01,2024-12-31,2025,FY,10-K,2026-02-06,637959000000,0001018724-26-000004,https://www.sec.gov/Archives/edgar/data/1018724/000101872426000004/0001018724-26-000004-index.htm
Amazon,1018724,revenue,RevenueFromContractWithCustomerExcludingAssessedTax,2025-01-01,2025-03-31,2025,Q1,10-Q,2025-05-02,155667000000,0001018724-25-000036,https://www.sec.gov/Archives/edgar/data/1018724/000101872425000036/0001018724-25-000036-index.htm
Amazon,1018724,revenue,RevenueFromContractWithCustomerExcludingAssessedTax,2025-01-01,2025-03-31,2026,Q1,10-Q,2026-04-30,155667000000,0001018724-26-000014,https://www.sec.gov/Archives/edgar/data/1018724/000101872426000014/0001018724-26-000014-index.htm
Amazon,1018724,revenue,RevenueFromContractWithCustomerExcludingAssessedTax,2025-01-01,2025-06-30,2025,Q2,10-Q,2025-08-01,323369000000,0001018724-25-000086,https://www.sec.gov/Archives/edgar/data/1018724/000101872425000086/0001018724-25-000086-index.htm
Amazon,1018724,revenue,RevenueFromContractWithCustomerExcludingAssessedTax,2025-01-01,2025-06-30,2026,Q2,10-Q,2026-07-31,323369000000,0001018724-26-000026,https://www.sec.gov/Archives/edgar/data/1018724/000101872426000026/0001018724-26-000026-index.htm
Amazon,1018724,revenue,RevenueFromContractWithCustomerExcludingAssessedTax,2025-04-01,2025-06-30,2025,Q2,10-Q,2025-08-01,167702000000,0001018724-25-000086,https://www.sec.gov/Archives/edgar/data/1018724/000101872425000086/0001018724-25-000086-index.htm
Amazon,1018724,revenue,RevenueFromContractWithCustomerExcludingAssessedTax,2025-04-01,2025-06-30,2026,Q2,10-Q,2026-07-31,167702000000,0001018724-26-000026,https://www.sec.gov/Archives/edgar/data/1018724/000101872426000026/0001018724-26-000026-index.htm
Amazon,1018724,revenue,RevenueFromContractWithCustomerExcludingAssessedTax,2025-01-01,2025-09-30,2025,Q3,10-Q,2025-10-31,503538000000,0001018724-25-000123,https://www.sec.gov/Archives/edgar/data/1018724/000101872425000123/0001018724-25-000123-index.htm
Amazon,1018724,revenue,RevenueFromContractWithCustomerExcludingAssessedTax,2025-07-01,2025-09-30,2025,Q3,10-Q,2025-10-31,180169000000,0001018724-25-000123,https://www.sec.gov/Archives/edgar/data/1018724/000101872425000123/0001018724-25-000123-index.htm
Amazon,1018724,revenue,RevenueFromContractWithCustomerExcludingAssessedTax,2025-01-01,2025-12-31,2025,FY,10-K,2026-02-06,716924000000,0001018724-26-000004,https://www.sec.gov/Archives/edgar/data/1018724/000101872426000004/0001018724-26-000004-index.htm
Amazon,1018724,revenue,RevenueFromContractWithCustomerExcludingAssessedTax,2026-01-01,2026-03-31,2026,Q1,10-Q,2026-04-30,181519000000,0001018724-26-000014,https://www.sec.gov/Archives/edgar/data/1018724/000101872426000014/0001018724-26-000014-index.htm
Amazon,1018724,revenue,RevenueFromContractWithCustomerExcludingAssessedTax,2026-01-01,2026-06-30,2026,Q2,10-Q,2026-07-31,382125000000,0001018724-26-000026,https://www.sec.gov/Archives/edgar/data/1018724/000101872426000026/0001018724-26-000026-index.htm
Amazon,1018724,revenue,RevenueFromContractWithCustomerExcludingAssessedTax,2026-04-01,2026-06-30,2026,Q2,10-Q,2026-07-31,200606000000,0001018724-26-000026,https://www.sec.gov/Archives/edgar/data/1018724/000101872426000026/0001018724-26-000026-index.htm
Amazon,1018724,operating_cash_flow,NetCashProvidedByUsedInOperatingActivities,2007-01-01,2007-12-31,2009,FY,10-K,2010-01-29,1405000000,0001193125-10-016098,https://www.sec.gov/Archives/edgar/data/1018724/000119312510016098/0001193125-10-016098-index.htm
Amazon,1018724,operating_cash_flow,NetCashProvidedByUsedInOperatingActivities,2007-07-01,2008-06-30,2009,Q2,10-Q,2009-07-24,1088000000,0001193125-09-154174,https://www.sec.gov/Archives/edgar/data/1018724/000119312509154174/0001193125-09-154174-index.htm
Amazon,1018724,operating_cash_flow,NetCashProvidedByUsedInOperatingActivities,2008-01-01,2008-06-30,2009,Q2,10-Q,2009-07-24,-298000000,0001193125-09-154174,https://www.sec.gov/Archives/edgar/data/1018724/000119312509154174/0001193125-09-154174-index.htm
Amazon,1018724,operating_cash_flow,NetCashProvidedByUsedInOperatingActivities,2008-04-01,2008-06-30,2009,Q2,10-Q,2009-07-24,347000000,0001193125-09-154174,https://www.sec.gov/Archives/edgar/data/1018724/000119312509154174/0001193125-09-154174-index.htm
Amazon,1018724,operating_cash_flow,NetCashProvidedByUsedInOperatingActivities,2007-10-01,2008-09-30,2009,Q3,10-Q,2009-10-23,1275000000,0001193125-09-212134,https://www.sec.gov/Archives/edgar/data/1018724/000119312509212134/0001193125-09-212134-index.htm
Amazon,1018724,operating_cash_flow,NetCashProvidedByUsedInOperatingActivities,2008-01-01,2008-09-30,2009,Q3,10-Q,2009-10-23,126000000,0001193125-09-212134,https://www.sec.gov/Archives/edgar/data/1018724/000119312509212134/0001193125-09-212134-index.htm
Amazon,1018724,operating_cash_flow,NetCashProvidedByUsedInOperatingActivities,2008-07-01,2008-09-30,2009,Q3,10-Q,2009-10-23,424000000,0001193125-09-212134,https://www.sec.gov/Archives/edgar/data/1018724/000119312509212134/0001193125-09-212134-index.htm
Amazon,1018724,operating_cash_flow,NetCashProvidedByUsedInOperatingActivities,2008-01-01,2008-12-31,2009,FY,10-K,2010-01-29,1697000000,0001193125-10-016098,https://www.sec.gov/Archives/edgar/data/1018724/000119312510016098/0001193125-10-016098-index.htm
Amazon,1018724,operating_cash_flow,NetCashProvidedByUsedInOperatingActivities,2008-01-01,2008-12-31,2010,FY,10-K,2011-01-28,1697000000,0001193125-11-016253,https://www.sec.gov/Archives/edgar/data/1018724/000119312511016253/0001193125-11-016253-index.htm
Amazon,1018724,operating_cash_flow,NetCashProvidedByUsedInOperatingActivities,2008-04-01,2009-03-31,2010,Q1,10-Q,2010-04-23,1757000000,0001193125-10-090367,https://www.sec.gov/Archives/edgar/data/1018724/000119312510090367/0001193125-10-090367-index.htm
Amazon,1018724,operating_cash_flow,NetCashProvidedByUsedInOperatingActivities,2009-01-01,2009-03-31,2010,Q1,10-Q,2010-04-23,-585000000,0001193125-10-090367,https://www.sec.gov/Archives/edgar/data/1018724/000119312510090367/0001193125-10-090367-index.htm
Amazon,1018724,operating_cash_flow,NetCashProvidedByUsedInOperatingActivities,2008-07-01,2009-06-30,2009,Q2,10-Q,2009-07-24,1878000000,0001193125-09-154174,https://www.sec.gov/Archives/edgar/data/1018724/000119312509154174/0001193125-09-154174-index.htm
Amazon,1018724,operating_cash_flow,NetCashProvidedByUsedInOperatingActivities,2008-07-01,2009-06-30,2010,Q2,10-Q,2010-07-23,1878000000,0001193125-10-164083,https://www.sec.gov/Archives/edgar/data/1018724/000119312510164083/0001193125-10-164083-index.htm
Amazon,1018724,operating_cash_flow,NetCashProvidedByUsedInOperatingActivities,2009-01-01,2009-06-30,2009,Q2,10-Q,2009-07-24,-117000000,0001193125-09-154174,https://www.sec.gov/Archives/edgar/data/1018724/000119312509154174/0001193125-09-154174-index.htm
Amazon,1018724,operating_cash_flow,NetCashProvidedByUsedInOperatingActivities,2009-01-01,2009-06-30,2010,Q2,10-Q,2010-07-23,-117000000,0001193125-10-164083,https://www.sec.gov/Archives/edgar/data/1018724/000119312510164083/0001193125-10-164083-index.htm
Amazon,1018724,operating_cash_flow,NetCashProvidedByUsedInOperatingActivities,2009-04-01,2009-06-30,2009,Q2,10-Q,2009-07-24,468000000,0001193125-09-154174,https://www.sec.gov/Archives/edgar/data/1018724/000119312509154174/0001193125-09-154174-index.htm
Amazon,1018724,operating_cash_flow,NetCashProvidedByUsedInOperatingActivities,2009-04-01,2009-06-30,2010,Q2,10-Q,2010-07-23,468000000,0001193125-10-164083,https://www.sec.gov/Archives/edgar/data/1018724/000119312510164083/0001193125-10-164083-index.htm
Amazon,1018724,operating_cash_flow,NetCashProvidedByUsedInOperatingActivities,2008-10-01,2009-09-30,2009,Q3,10-Q,2009-10-23,2253000000,0001193125-09-212134,https://www.sec.gov/Archives/edgar/data/1018724/000119312509212134/0001193125-09-212134-index.htm
Amazon,1018724,operating_cash_flow,NetCashProvidedByUsedInOperatingActivities,2008-10-01,2009-09-30,2010,Q3,10-Q,2010-10-22,2253000000,0001193125-10-233883,https://www.sec.gov/Archives/edgar/data/1018724/000119312510233883/0001193125-10-233883-index.htm
Amazon,1018724,operating_cash_flow,NetCashProvidedByUsedInOperatingActivities,2009-01-01,2009-09-30,2009,Q3,10-Q,2009-10-23,682000000,0001193125-09-212134,https://www.sec.gov/Archives/edgar/data/1018724/000119312509212134/0001193125-09-212134-index.htm
Amazon,1018724,operating_cash_flow,NetCashProvidedByUsedInOperatingActivities,2009-01-01,2009-09-30,2010,Q3,10-Q,2010-10-22,682000000,0001193125-10-233883,https://www.sec.gov/Archives/edgar/data/1018724/000119312510233883/0001193125-10-233883-index.htm
Amazon,1018724,operating_cash_flow,NetCashProvidedByUsedInOperatingActivities,2009-07-01,2009-09-30,2009,Q3,10-Q,2009-10-23,799000000,0001193125-09-212134,https://www.sec.gov/Archives/edgar/data/1018724/000119312509212134/0001193125-09-212134-index.htm
Amazon,1018724,operating_cash_flow,NetCashProvidedByUsedInOperatingActivities,2009-07-01,2009-09-30,2010,Q3,10-Q,2010-10-22,799000000,0001193125-10-233883,https://www.sec.gov/Archives/edgar/data/1018724/000119312510233883/0001193125-10-233883-index.htm
Amazon,1018724,operating_cash_flow,NetCashProvidedByUsedInOperatingActivities,2009-01-01,2009-12-31,2009,FY,10-K,2010-01-29,3293000000,0001193125-10-016098,https://www.sec.gov/Archives/edgar/data/1018724/000119312510016098/0001193125-10-016098-index.htm
Amazon,1018724,operating_cash_flow,NetCashProvidedByUsedInOperatingActivities,2009-01-01,2009-12-31,2010,FY,10-K,2011-01-28,3293000000,0001193125-11-016253,https://www.sec.gov/Archives/edgar/data/1018724/000119312511016253/0001193125-11-016253-index.htm
Amazon,1018724,operating_cash_flow,NetCashProvidedByUsedInOperatingActivities,2009-01-01,2009-12-31,2011,FY,10-K,2012-02-01,3293000000,0001193125-12-032846,https://www.sec.gov/Archives/edgar/data/1018724/000119312512032846/0001193125-12-032846-index.htm
Amazon,1018724,operating_cash_flow,NetCashProvidedByUsedInOperatingActivities,2009-04-01,2010-03-31,2010,Q1,10-Q,2010-04-23,2780000000,0001193125-10-090367,https://www.sec.gov/Archives/edgar/data/1018724/000119312510090367/0001193125-10-090367-index.htm
Amazon,1018724,operating_cash_flow,NetCashProvidedByUsedInOperatingActivities,2009-04-01,2010-03-31,2011,Q1,10-Q,2011-04-27,2780000000,0001193125-11-110197,https://www.sec.gov/Archives/edgar/data/1018724/000119312511110197/0001193125-11-110197-index.htm
Amazon,1018724,operating_cash_flow,NetCashProvidedByUsedInOperatingActivities,2010-01-01,2010-03-31,2010,Q1,10-Q,2010-04-23,-1098000000,0001193125-10-090367,https://www.sec.gov/Archives/edgar/data/1018724/000119312510090367/0001193125-10-090367-index.htm
Amazon,1018724,operating_cash_flow,NetCashProvidedByUsedInOperatingActivities,2010-01-01,2010-03-31,2011,Q1,10-Q,2011-04-27,-1098000000,0001193125-11-110197,https://www.sec.gov/Archives/edgar/data/1018724/000119312511110197/0001193125-11-110197-index.htm
Amazon,1018724,operating_cash_flow,NetCashProvidedByUsedInOperatingActivities,2009-07-01,2010-06-30,2010,Q2,10-Q,2010-07-23,2561000000,0001193125-10-164083,https://www.sec.gov/Archives/edgar/data/1018724/000119312510164083/0001193125-10-164083-index.htm
Amazon,1018724,operating_cash_flow,NetCashProvidedByUsedInOperatingActivities,2009-07-01,2010-06-30,2011,Q2,10-Q,2011-07-27,2561000000,0001193125-11-197823,https://www.sec.gov/Archives/edgar/data/1018724/000119312511197823/0001193125-11-197823-index.htm
Amazon,1018724,operating_cash_flow,NetCashProvidedByUsedInOperatingActivities,2010-01-01,2010-06-30,2010,Q2,10-Q,2010-07-23,-848000000,0001193125-10-164083,https://www.sec.gov/Archives/edgar/data/1018724/000119312510164083/0001193125-10-164083-index.htm
Amazon,1018724,operating_cash_flow,NetCashProvidedByUsedInOperatingActivities,2010-01-01,2010-06-30,2011,Q2,10-Q,2011-07-27,-848000000,0001193125-11-197823,https://www.sec.gov/Archives/edgar/data/1018724/000119312511197823/0001193125-11-197823-index.htm
Amazon,1018724,operating_cash_flow,NetCashProvidedByUsedInOperatingActivities,2010-04-01,2010-06-30,2010,Q2,10-Q,2010-07-23,250000000,0001193125-10-164083,https://www.sec.gov/Archives/edgar/data/1018724/000119312510164083/0001193125-10-164083-index.htm
Amazon,1018724,operating_cash_flow,NetCashProvidedByUsedInOperatingActivities,2010-04-01,2010-06-30,2011,Q2,10-Q,2011-07-27,250000000,0001193125-11-197823,https://www.sec.gov/Archives/edgar/data/1018724/000119312511197823/0001193125-11-197823-index.htm
Amazon,1018724,operating_cash_flow,NetCashProvidedByUsedInOperatingActivities,2009-10-01,2010-09-30,2010,Q3,10-Q,2010-10-22,2617000000,0001193125-10-233883,https://www.sec.gov/Archives/edgar/data/1018724/000119312510233883/0001193125-10-233883-index.htm
Amazon,1018724,operating_cash_flow,NetCashProvidedByUsedInOperatingActivities,2009-10-01,2010-09-30,2011,Q3,10-Q,2011-10-26,2617000000,0001193125-11-280739,https://www.sec.gov/Archives/edgar/data/1018724/000119312511280739/0001193125-11-280739-index.htm
Amazon,1018724,operating_cash_flow,NetCashProvidedByUsedInOperatingActivities,2010-01-01,2010-09-30,2010,Q3,10-Q,2010-10-22,7000000,0001193125-10-233883,https://www.sec.gov/Archives/edgar/data/1018724/000119312510233883/0001193125-10-233883-index.htm
Amazon,1018724,operating_cash_flow,NetCashProvidedByUsedInOperatingActivities,2010-01-01,2010-09-30,2011,Q3,10-Q,2011-10-26,7000000,0001193125-11-280739,https://www.sec.gov/Archives/edgar/data/1018724/000119312511280739/0001193125-11-280739-index.htm
Amazon,1018724,operating_cash_flow,NetCashProvidedByUsedInOperatingActivities,2010-07-01,2010-09-30,2010,Q3,10-Q,2010-10-22,855000000,0001193125-10-233883,https://www.sec.gov/Archives/edgar/data/1018724/000119312510233883/0001193125-10-233883-index.htm
Amazon,1018724,operating_cash_flow,NetCashProvidedByUsedInOperatingActivities,2010-07-01,2010-09-30,2011,Q3,10-Q,2011-10-26,855000000,0001193125-11-280739,https://www.sec.gov/Archives/edgar/data/1018724/000119312511280739/0001193125-11-280739-index.htm
Amazon,1018724,operating_cash_flow,NetCashProvidedByUsedInOperatingActivities,2010-01-01,2010-12-31,2010,FY,10-K,2011-01-28,3495000000,0001193125-11-016253,https://www.sec.gov/Archives/edgar/data/1018724/000119312511016253/0001193125-11-016253-index.htm
Amazon,1018724,operating_cash_flow,NetCashProvidedByUsedInOperatingActivities,2010-01-01,2010-12-31,2011,FY,10-K,2012-02-01,3495000000,0001193125-12-032846,https://www.sec.gov/Archives/edgar/data/1018724/000119312512032846/0001193125-12-032846-index.htm
Amazon,1018724,operating_cash_flow,NetCashProvidedByUsedInOperatingActivities,2010-01-01,2010-12-31,2012,FY,10-K,2013-01-30,3495000000,0001193125-13-028520,https://www.sec.gov/Archives/edgar/data/1018724/000119312513028520/0001193125-13-028520-index.htm
Amazon,1018724,operating_cash_flow,NetCashProvidedByUsedInOperatingActivities,2010-04-01,2011-03-31,2011,Q1,10-Q,2011-04-27,3033000000,0001193125-11-110197,https://www.sec.gov/Archives/edgar/data/1018724/000119312511110197/0001193125-11-110197-index.htm
Amazon,1018724,operating_cash_flow,NetCashProvidedByUsedInOperatingActivities,2010-04-01,2011-03-31,2012,Q1,10-Q,2012-04-27,3033000000,0001193125-12-187203,https://www.sec.gov/Archives/edgar/data/1018724/000119312512187203/0001193125-12-187203-index.htm
Amazon,1018724,operating_cash_flow,NetCashProvidedByUsedInOperatingActivities,2011-01-01,2011-03-31,2011,Q1,10-Q,2011-04-27,-1586000000,0001193125-11-110197,https://www.sec.gov/Archives/edgar/data/1018724/000119312511110197/0001193125-11-110197-index.htm
Amazon,1018724,operating_cash_flow,NetCashProvidedByUsedInOperatingActivities,2011-01-01,2011-03-31,2012,Q1,10-Q,2012-04-27,-1586000000,0001193125-12-187203,https://www.sec.gov/Archives/edgar/data/1018724/000119312512187203/0001193125-12-187203-index.htm
Amazon,1018724,operating_cash_flow,NetCashProvidedByUsedInOperatingActivities,2010-07-01,2011-06-30,2011,Q2,10-Q,2011-07-27,3205000000,0001193125-11-197823,https://www.sec.gov/Archives/edgar/data/1018724/000119312511197823/0001193125-11-197823-index.htm
Amazon,1018724,operating_cash_flow,NetCashProvidedByUsedInOperatingActivities,2010-07-01,2011-06-30,2012,Q2,10-Q,2012-07-27,3205000000,0001193125-12-317409,https://www.sec.gov/Archives/edgar/data/1018724/000119312512317409/0001193125-12-317409-index.htm
Amazon,1018724,operating_cash_flow,NetCashProvidedByUsedInOperatingActivities,2011-01-01,2011-06-30,2011,Q2,10-Q,2011-07-27,-1163000000,0001193125-11-197823,https://www.sec.gov/Archives/edgar/data/1018724/000119312511197823/0001193125-11-197823-index.htm
Amazon,1018724,operating_cash_flow,NetCashProvidedByUsedInOperatingActivities,2011-01-01,2011-06-30,2012,Q2,10-Q,2012-07-27,-1163000000,0001193125-12-317409,https://www.sec.gov/Archives/edgar/data/1018724/000119312512317409/0001193125-12-317409-index.htm
Amazon,1018724,operating_cash_flow,NetCashProvidedByUsedInOperatingActivities,2011-04-01,2011-06-30,2011,Q2,10-Q,2011-07-27,423000000,0001193125-11-197823,https://www.sec.gov/Archives/edgar/data/1018724/000119312511197823/0001193125-11-197823-index.htm
Amazon,1018724,operating_cash_flow,NetCashProvidedByUsedInOperatingActivities,2011-04-01,2011-06-30,2012,Q2,10-Q,2012-07-27,423000000,0001193125-12-317409,https://www.sec.gov/Archives/edgar/data/1018724/000119312512317409/0001193125-12-317409-index.htm
Amazon,1018724,operating_cash_flow,NetCashProvidedByUsedInOperatingActivities,2010-10-01,2011-09-30,2011,Q3,10-Q,2011-10-26,3114000000,0001193125-11-280739,https://www.sec.gov/Archives/edgar/data/1018724/000119312511280739/0001193125-11-280739-index.htm
Amazon,1018724,operating_cash_flow,NetCashProvidedByUsedInOperatingActivities,2010-10-01,2011-09-30,2012,Q3,10-Q,2012-10-26,3114000000,0001193125-12-436012,https://www.sec.gov/Archives/edgar/data/1018724/000119312512436012/0001193125-12-436012-index.htm
Amazon,1018724,operating_cash_flow,NetCashProvidedByUsedInOperatingActivities,2011-01-01,2011-09-30,2011,Q3,10-Q,2011-10-26,-366000000,0001193125-11-280739,https://www.sec.gov/Archives/edgar/data/1018724/000119312511280739/0001193125-11-280739-index.htm
Amazon,1018724,operating_cash_flow,NetCashProvidedByUsedInOperatingActivities,2011-01-01,2011-09-30,2012,Q3,10-Q,2012-10-26,-366000000,0001193125-12-436012,https://www.sec.gov/Archives/edgar/data/1018724/000119312512436012/0001193125-12-436012-index.htm
Amazon,1018724,operating_cash_flow,NetCashProvidedByUsedInOperatingActivities,2011-07-01,2011-09-30,2011,Q3,10-Q,2011-10-26,797000000,0001193125-11-280739,https://www.sec.gov/Archives/edgar/data/1018724/000119312511280739/0001193125-11-280739-index.htm
Amazon,1018724,operating_cash_flow,NetCashProvidedByUsedInOperatingActivities,2011-07-01,2011-09-30,2012,Q3,10-Q,2012-10-26,797000000,0001193125-12-436012,https://www.sec.gov/Archives/edgar/data/1018724/000119312512436012/0001193125-12-436012-index.htm
Amazon,1018724,operating_cash_flow,NetCashProvidedByUsedInOperatingActivities,2011-01-01,2011-12-31,2011,FY,10-K,2012-02-01,3903000000,0001193125-12-032846,https://www.sec.gov/Archives/edgar/data/1018724/000119312512032846/0001193125-12-032846-index.htm
Amazon,1018724,operating_cash_flow,NetCashProvidedByUsedInOperatingActivities,2011-01-01,2011-12-31,2012,FY,10-K,2013-01-30,3903000000,0001193125-13-028520,https://www.sec.gov/Archives/edgar/data/1018724/000119312513028520/0001193125-13-028520-index.htm
Amazon,1018724,operating_cash_flow,NetCashProvidedByUsedInOperatingActivities,2011-01-01,2011-12-31,2013,FY,10-K,2014-01-31,3903000000,0001018724-14-000006,https://www.sec.gov/Archives/edgar/data/1018724/000101872414000006/0001018724-14-000006-index.htm
Amazon,1018724,operating_cash_flow,NetCashProvidedByUsedInOperatingActivities,2011-04-01,2012-03-31,2012,Q1,10-Q,2012-04-27,3051000000,0001193125-12-187203,https://www.sec.gov/Archives/edgar/data/1018724/000119312512187203/0001193125-12-187203-index.htm
Amazon,1018724,operating_cash_flow,NetCashProvidedByUsedInOperatingActivities,2011-04-01,2012-03-31,2013,Q1,10-Q,2013-04-26,3051000000,0001193125-13-174667,https://www.sec.gov/Archives/edgar/data/1018724/000119312513174667/0001193125-13-174667-index.htm
Amazon,1018724,operating_cash_flow,NetCashProvidedByUsedInOperatingActivities,2012-01-01,2012-03-31,2012,Q1,10-Q,2012-04-27,-2438000000,0001193125-12-187203,https://www.sec.gov/Archives/edgar/data/1018724/000119312512187203/0001193125-12-187203-index.htm
Amazon,1018724,operating_cash_flow,NetCashProvidedByUsedInOperatingActivities,2012-01-01,2012-03-31,2013,Q1,10-Q,2013-04-26,-2438000000,0001193125-13-174667,https://www.sec.gov/Archives/edgar/data/1018724/000119312513174667/0001193125-13-174667-index.htm
Amazon,1018724,operating_cash_flow,NetCashProvidedByUsedInOperatingActivities,2011-07-01,2012-06-30,2012,Q2,10-Q,2012-07-27,3222000000,0001193125-12-317409,https://www.sec.gov/Archives/edgar/data/1018724/000119312512317409/0001193125-12-317409-index.htm
Amazon,1018724,operating_cash_flow,NetCashProvidedByUsedInOperatingActivities,2011-07-01,2012-06-30,2013,Q2,10-Q,2013-07-26,3222000000,0001193125-13-303204,https://www.sec.gov/Archives/edgar/data/1018724/000119312513303204/0001193125-13-303204-index.htm
Amazon,1018724,operating_cash_flow,NetCashProvidedByUsedInOperatingActivities,2012-01-01,2012-06-30,2012,Q2,10-Q,2012-07-27,-1844000000,0001193125-12-317409,https://www.sec.gov/Archives/edgar/data/1018724/000119312512317409/0001193125-12-317409-index.htm
Amazon,1018724,operating_cash_flow,NetCashProvidedByUsedInOperatingActivities,2012-01-01,2012-06-30,2013,Q2,10-Q,2013-07-26,-1844000000,0001193125-13-303204,https://www.sec.gov/Archives/edgar/data/1018724/000119312513303204/0001193125-13-303204-index.htm
Amazon,1018724,operating_cash_flow,NetCashProvidedByUsedInOperatingActivities,2012-04-01,2012-06-30,2012,Q2,10-Q,2012-07-27,594000000,0001193125-12-317409,https://www.sec.gov/Archives/edgar/data/1018724/000119312512317409/0001193125-12-317409-index.htm
Amazon,1018724,operating_cash_flow,NetCashProvidedByUsedInOperatingActivities,2012-04-01,2012-06-30,2013,Q2,10-Q,2013-07-26,594000000,0001193125-13-303204,https://www.sec.gov/Archives/edgar/data/1018724/000119312513303204/0001193125-13-303204-index.htm
Amazon,1018724,operating_cash_flow,NetCashProvidedByUsedInOperatingActivities,2011-10-01,2012-09-30,2012,Q3,10-Q,2012-10-26,3368000000,0001193125-12-436012,https://www.sec.gov/Archives/edgar/data/1018724/000119312512436012/0001193125-12-436012-index.htm
Amazon,1018724,operating_cash_flow,NetCashProvidedByUsedInOperatingActivities,2011-10-01,2012-09-30,2013,Q3,10-Q,2013-10-25,3368000000,0001445305-13-002495,https://www.sec.gov/Archives/edgar/data/1018724/000144530513002495/0001445305-13-002495-index.htm
Amazon,1018724,operating_cash_flow,NetCashProvidedByUsedInOperatingActivities,2012-01-01,2012-09-30,2012,Q3,10-Q,2012-10-26,-901000000,0001193125-12-436012,https://www.sec.gov/Archives/edgar/data/1018724/000119312512436012/0001193125-12-436012-index.htm
Amazon,1018724,operating_cash_flow,NetCashProvidedByUsedInOperatingActivities,2012-01-01,2012-09-30,2013,Q3,10-Q,2013-10-25,-901000000,0001445305-13-002495,https://www.sec.gov/Archives/edgar/data/1018724/000144530513002495/0001445305-13-002495-index.htm
Amazon,1018724,operating_cash_flow,NetCashProvidedByUsedInOperatingActivities,2012-07-01,2012-09-30,2012,Q3,10-Q,2012-10-26,943000000,0001193125-12-436012,https://www.sec.gov/Archives/edgar/data/1018724/000119312512436012/0001193125-12-436012-index.htm
Amazon,1018724,operating_cash_flow,NetCashProvidedByUsedInOperatingActivities,2012-07-01,2012-09-30,2013,Q3,10-Q,2013-10-25,943000000,0001445305-13-002495,https://www.sec.gov/Archives/edgar/data/1018724/000144530513002495/0001445305-13-002495-index.htm
Amazon,1018724,operating_cash_flow,NetCashProvidedByUsedInOperatingActivities,2012-01-01,2012-12-31,2012,FY,10-K,2013-01-30,4180000000,0001193125-13-028520,https://www.sec.gov/Archives/edgar/data/1018724/000119312513028520/0001193125-13-028520-index.htm
Amazon,1018724,operating_cash_flow,NetCashProvidedByUsedInOperatingActivities,2012-01-01,2012-12-31,2013,FY,10-K,2014-01-31,4180000000,0001018724-14-000006,https://www.sec.gov/Archives/edgar/data/1018724/000101872414000006/0001018724-14-000006-index.htm
Amazon,1018724,operating_cash_flow,NetCashProvidedByUsedInOperatingActivities,2012-01-01,2012-12-31,2014,FY,10-K,2015-01-30,4180000000,0001018724-15-000006,https://www.sec.gov/Archives/edgar/data/1018724/000101872415000006/0001018724-15-000006-index.htm
Amazon,1018724,operating_cash_flow,NetCashProvidedByUsedInOperatingActivities,2012-04-01,2013-03-31,2013,Q1,10-Q,2013-04-26,4245000000,0001193125-13-174667,https://www.sec.gov/Archives/edgar/data/1018724/000119312513174667/0001193125-13-174667-index.htm
Amazon,1018724,operating_cash_flow,NetCashProvidedByUsedInOperatingActivities,2012-04-01,2013-03-31,2014,Q1,10-Q,2014-04-25,4245000000,0001018724-14-000014,https://www.sec.gov/Archives/edgar/data/1018724/000101872414000014/0001018724-14-000014-index.htm
Amazon,1018724,operating_cash_flow,NetCashProvidedByUsedInOperatingActivities,2013-01-01,2013-03-31,2013,Q1,10-Q,2013-04-26,-2372000000,0001193125-13-174667,https://www.sec.gov/Archives/edgar/data/1018724/000119312513174667/0001193125-13-174667-index.htm
Amazon,1018724,operating_cash_flow,NetCashProvidedByUsedInOperatingActivities,2013-01-01,2013-03-31,2014,Q1,10-Q,2014-04-25,-2372000000,0001018724-14-000014,https://www.sec.gov/Archives/edgar/data/1018724/000101872414000014/0001018724-14-000014-index.htm
Amazon,1018724,operating_cash_flow,NetCashProvidedByUsedInOperatingActivities,2012-07-01,2013-06-30,2013,Q2,10-Q,2013-07-26,4532000000,0001193125-13-303204,https://www.sec.gov/Archives/edgar/data/1018724/000119312513303204/0001193125-13-303204-index.htm
Amazon,1018724,operating_cash_flow,NetCashProvidedByUsedInOperatingActivities,2012-07-01,2013-06-30,2014,Q2,10-Q,2014-07-25,4532000000,0001018724-14-000025,https://www.sec.gov/Archives/edgar/data/1018724/000101872414000025/0001018724-14-000025-index.htm
Amazon,1018724,operating_cash_flow,NetCashProvidedByUsedInOperatingActivities,2013-01-01,2013-06-30,2013,Q2,10-Q,2013-07-26,-1492000000,0001193125-13-303204,https://www.sec.gov/Archives/edgar/data/1018724/000119312513303204/0001193125-13-303204-index.htm
Amazon,1018724,operating_cash_flow,NetCashProvidedByUsedInOperatingActivities,2013-01-01,2013-06-30,2014,Q2,10-Q,2014-07-25,-1492000000,0001018724-14-000025,https://www.sec.gov/Archives/edgar/data/1018724/000101872414000025/0001018724-14-000025-index.htm
Amazon,1018724,operating_cash_flow,NetCashProvidedByUsedInOperatingActivities,2013-04-01,2013-06-30,2013,Q2,10-Q,2013-07-26,880000000,0001193125-13-303204,https://www.sec.gov/Archives/edgar/data/1018724/000119312513303204/0001193125-13-303204-index.htm
Amazon,1018724,operating_cash_flow,NetCashProvidedByUsedInOperatingActivities,2013-04-01,2013-06-30,2014,Q2,10-Q,2014-07-25,880000000,0001018724-14-000025,https://www.sec.gov/Archives/edgar/data/1018724/000101872414000025/0001018724-14-000025-index.htm
Amazon,1018724,operating_cash_flow,NetCashProvidedByUsedInOperatingActivities,2012-10-01,2013-09-30,2013,Q3,10-Q,2013-10-25,4977000000,0001445305-13-002495,https://www.sec.gov/Archives/edgar/data/1018724/000144530513002495/0001445305-13-002495-index.htm
Amazon,1018724,operating_cash_flow,NetCashProvidedByUsedInOperatingActivities,2012-10-01,2013-09-30,2014,Q3,10-Q,2014-10-24,4977000000,0001018724-14-000055,https://www.sec.gov/Archives/edgar/data/1018724/000101872414000055/0001018724-14-000055-index.htm
Amazon,1018724,operating_cash_flow,NetCashProvidedByUsedInOperatingActivities,2013-01-01,2013-09-30,2013,Q3,10-Q,2013-10-25,-103000000,0001445305-13-002495,https://www.sec.gov/Archives/edgar/data/1018724/000144530513002495/0001445305-13-002495-index.htm
Amazon,1018724,operating_cash_flow,NetCashProvidedByUsedInOperatingActivities,2013-01-01,2013-09-30,2014,Q3,10-Q,2014-10-24,-103000000,0001018724-14-000055,https://www.sec.gov/Archives/edgar/data/1018724/000101872414000055/0001018724-14-000055-index.htm
Amazon,1018724,operating_cash_flow,NetCashProvidedByUsedInOperatingActivities,2013-07-01,2013-09-30,2013,Q3,10-Q,2013-10-25,1388000000,0001445305-13-002495,https://www.sec.gov/Archives/edgar/data/1018724/000144530513002495/0001445305-13-002495-index.htm
Amazon,1018724,operating_cash_flow,NetCashProvidedByUsedInOperatingActivities,2013-07-01,2013-09-30,2014,Q3,10-Q,2014-10-24,1388000000,0001018724-14-000055,https://www.sec.gov/Archives/edgar/data/1018724/000101872414000055/0001018724-14-000055-index.htm
Amazon,1018724,operating_cash_flow,NetCashProvidedByUsedInOperatingActivities,2013-01-01,2013-12-31,2013,FY,10-K,2014-01-31,5475000000,0001018724-14-000006,https://www.sec.gov/Archives/edgar/data/1018724/000101872414000006/0001018724-14-000006-index.htm
Amazon,1018724,operating_cash_flow,NetCashProvidedByUsedInOperatingActivities,2013-01-01,2013-12-31,2014,FY,10-K,2015-01-30,5475000000,0001018724-15-000006,https://www.sec.gov/Archives/edgar/data/1018724/000101872415000006/0001018724-15-000006-index.htm
Amazon,1018724,operating_cash_flow,NetCashProvidedByUsedInOperatingActivities,2013-01-01,2013-12-31,2015,FY,10-K,2016-01-29,5475000000,0001018724-16-000172,https://www.sec.gov/Archives/edgar/data/1018724/000101872416000172/0001018724-16-000172-index.htm
Amazon,1018724,operating_cash_flow,NetCashProvidedByUsedInOperatingActivities,2013-04-01,2014-03-31,2014,Q1,10-Q,2014-04-25,5345000000,0001018724-14-000014,https://www.sec.gov/Archives/edgar/data/1018724/000101872414000014/0001018724-14-000014-index.htm
Amazon,1018724,operating_cash_flow,NetCashProvidedByUsedInOperatingActivities,2013-04-01,2014-03-31,2015,Q1,10-Q,2015-04-24,5345000000,0001018724-15-000038,https://www.sec.gov/Archives/edgar/data/1018724/000101872415000038/0001018724-15-000038-index.htm
Amazon,1018724,operating_cash_flow,NetCashProvidedByUsedInOperatingActivities,2014-01-01,2014-03-31,2014,Q1,10-Q,2014-04-25,-2502000000,0001018724-14-000014,https://www.sec.gov/Archives/edgar/data/1018724/000101872414000014/0001018724-14-000014-index.htm
Amazon,1018724,operating_cash_flow,NetCashProvidedByUsedInOperatingActivities,2014-01-01,2014-03-31,2015,Q1,10-Q,2015-04-24,-2502000000,0001018724-15-000038,https://www.sec.gov/Archives/edgar/data/1018724/000101872415000038/0001018724-15-000038-index.htm
Amazon,1018724,operating_cash_flow,NetCashProvidedByUsedInOperatingActivities,2013-07-01,2014-06-30,2014,Q2,10-Q,2014-07-25,5327000000,0001018724-14-000025,https://www.sec.gov/Archives/edgar/data/1018724/000101872414000025/0001018724-14-000025-index.htm
Amazon,1018724,operating_cash_flow,NetCashProvidedByUsedInOperatingActivities,2013-07-01,2014-06-30,2015,Q2,10-Q,2015-07-24,5327000000,0001018724-15-000087,https://www.sec.gov/Archives/edgar/data/1018724/000101872415000087/0001018724-15-000087-index.htm
Amazon,1018724,operating_cash_flow,NetCashProvidedByUsedInOperatingActivities,2014-01-01,2014-06-30,2014,Q2,10-Q,2014-07-25,-1640000000,0001018724-14-000025,https://www.sec.gov/Archives/edgar/data/1018724/000101872414000025/0001018724-14-000025-index.htm
Amazon,1018724,operating_cash_flow,NetCashProvidedByUsedInOperatingActivities,2014-01-01,2014-06-30,2015,Q2,10-Q,2015-07-24,-1640000000,0001018724-15-000087,https://www.sec.gov/Archives/edgar/data/1018724/000101872415000087/0001018724-15-000087-index.htm
Amazon,1018724,operating_cash_flow,NetCashProvidedByUsedInOperatingActivities,2014-04-01,2014-06-30,2014,Q2,10-Q,2014-07-25,862000000,0001018724-14-000025,https://www.sec.gov/Archives/edgar/data/1018724/000101872414000025/0001018724-14-000025-index.htm
Amazon,1018724,operating_cash_flow,NetCashProvidedByUsedInOperatingActivities,2014-04-01,2014-06-30,2015,Q2,10-Q,2015-07-24,862000000,0001018724-15-000087,https://www.sec.gov/Archives/edgar/data/1018724/000101872415000087/0001018724-15-000087-index.htm
Amazon,1018724,operating_cash_flow,NetCashProvidedByUsedInOperatingActivities,2013-10-01,2014-09-30,2014,Q3,10-Q,2014-10-24,5705000000,0001018724-14-000055,https://www.sec.gov/Archives/edgar/data/1018724/000101872414000055/0001018724-14-000055-index.htm
Amazon,1018724,operating_cash_flow,NetCashProvidedByUsedInOperatingActivities,2013-10-01,2014-09-30,2015,Q3,10-Q,2015-10-23,5705000000,0001018724-15-000126,https://www.sec.gov/Archives/edgar/data/1018724/000101872415000126/0001018724-15-000126-index.htm
Amazon,1018724,operating_cash_flow,NetCashProvidedByUsedInOperatingActivities,2014-01-01,2014-09-30,2014,Q3,10-Q,2014-10-24,127000000,0001018724-14-000055,https://www.sec.gov/Archives/edgar/data/1018724/000101872414000055/0001018724-14-000055-index.htm
Amazon,1018724,operating_cash_flow,NetCashProvidedByUsedInOperatingActivities,2014-01-01,2014-09-30,2015,Q3,10-Q,2015-10-23,127000000,0001018724-15-000126,https://www.sec.gov/Archives/edgar/data/1018724/000101872415000126/0001018724-15-000126-index.htm
Amazon,1018724,operating_cash_flow,NetCashProvidedByUsedInOperatingActivities,2014-07-01,2014-09-30,2014,Q3,10-Q,2014-10-24,1766000000,0001018724-14-000055,https://www.sec.gov/Archives/edgar/data/1018724/000101872414000055/0001018724-14-000055-index.htm
Amazon,1018724,operating_cash_flow,NetCashProvidedByUsedInOperatingActivities,2014-07-01,2014-09-30,2015,Q3,10-Q,2015-10-23,1766000000,0001018724-15-000126,https://www.sec.gov/Archives/edgar/data/1018724/000101872415000126/0001018724-15-000126-index.htm
Amazon,1018724,operating_cash_flow,NetCashProvidedByUsedInOperatingActivities,2014-01-01,2014-12-31,2014,FY,10-K,2015-01-30,6842000000,0001018724-15-000006,https://www.sec.gov/Archives/edgar/data/1018724/000101872415000006/0001018724-15-000006-index.htm
Amazon,1018724,operating_cash_flow,NetCashProvidedByUsedInOperatingActivities,2014-01-01,2014-12-31,2015,FY,10-K,2016-01-29,6842000000,0001018724-16-000172,https://www.sec.gov/Archives/edgar/data/1018724/000101872416000172/0001018724-16-000172-index.htm
Amazon,1018724,operating_cash_flow,NetCashProvidedByUsedInOperatingActivities,2014-01-01,2014-12-31,2016,FY,10-K,2017-02-10,6842000000,0001018724-17-000011,https://www.sec.gov/Archives/edgar/data/1018724/000101872417000011/0001018724-17-000011-index.htm
Amazon,1018724,operating_cash_flow,NetCashProvidedByUsedInOperatingActivities,2014-04-01,2015-03-31,2015,Q1,10-Q,2015-04-24,7845000000,0001018724-15-000038,https://www.sec.gov/Archives/edgar/data/1018724/000101872415000038/0001018724-15-000038-index.htm
Amazon,1018724,operating_cash_flow,NetCashProvidedByUsedInOperatingActivities,2014-04-01,2015-03-31,2016,Q1,10-Q,2016-04-29,7845000000,0001018724-16-000227,https://www.sec.gov/Archives/edgar/data/1018724/000101872416000227/0001018724-16-000227-index.htm
Amazon,1018724,operating_cash_flow,NetCashProvidedByUsedInOperatingActivities,2015-01-01,2015-03-31,2015,Q1,10-Q,2015-04-24,-1499000000,0001018724-15-000038,https://www.sec.gov/Archives/edgar/data/1018724/000101872415000038/0001018724-15-000038-index.htm
Amazon,1018724,operating_cash_flow,NetCashProvidedByUsedInOperatingActivities,2015-01-01,2015-03-31,2016,Q1,10-Q,2016-04-29,-1499000000,0001018724-16-000227,https://www.sec.gov/Archives/edgar/data/1018724/000101872416000227/0001018724-16-000227-index.htm
Amazon,1018724,operating_cash_flow,NetCashProvidedByUsedInOperatingActivities,2014-07-01,2015-06-30,2015,Q2,10-Q,2015-07-24,8980000000,0001018724-15-000087,https://www.sec.gov/Archives/edgar/data/1018724/000101872415000087/0001018724-15-000087-index.htm
Amazon,1018724,operating_cash_flow,NetCashProvidedByUsedInOperatingActivities,2014-07-01,2015-06-30,2016,Q2,10-Q,2016-07-29,8980000000,0001018724-16-000286,https://www.sec.gov/Archives/edgar/data/1018724/000101872416000286/0001018724-16-000286-index.htm
Amazon,1018724,operating_cash_flow,NetCashProvidedByUsedInOperatingActivities,2015-01-01,2015-06-30,2015,Q2,10-Q,2015-07-24,498000000,0001018724-15-000087,https://www.sec.gov/Archives/edgar/data/1018724/000101872415000087/0001018724-15-000087-index.htm
Amazon,1018724,operating_cash_flow,NetCashProvidedByUsedInOperatingActivities,2015-01-01,2015-06-30,2016,Q2,10-Q,2016-07-29,498000000,0001018724-16-000286,https://www.sec.gov/Archives/edgar/data/1018724/000101872416000286/0001018724-16-000286-index.htm
Amazon,1018724,operating_cash_flow,NetCashProvidedByUsedInOperatingActivities,2015-04-01,2015-06-30,2015,Q2,10-Q,2015-07-24,1997000000,0001018724-15-000087,https://www.sec.gov/Archives/edgar/data/1018724/000101872415000087/0001018724-15-000087-index.htm
Amazon,1018724,operating_cash_flow,NetCashProvidedByUsedInOperatingActivities,2015-04-01,2015-06-30,2016,Q2,10-Q,2016-07-29,1997000000,0001018724-16-000286,https://www.sec.gov/Archives/edgar/data/1018724/000101872416000286/0001018724-16-000286-index.htm
Amazon,1018724,operating_cash_flow,NetCashProvidedByUsedInOperatingActivities,2014-10-01,2015-09-30,2015,Q3,10-Q,2015-10-23,9823000000,0001018724-15-000126,https://www.sec.gov/Archives/edgar/data/1018724/000101872415000126/0001018724-15-000126-index.htm
Amazon,1018724,operating_cash_flow,NetCashProvidedByUsedInOperatingActivities,2014-10-01,2015-09-30,2016,Q3,10-Q,2016-10-28,9823000000,0001018724-16-000324,https://www.sec.gov/Archives/edgar/data/1018724/000101872416000324/0001018724-16-000324-index.htm
Amazon,1018724,operating_cash_flow,NetCashProvidedByUsedInOperatingActivities,2015-01-01,2015-09-30,2015,Q3,10-Q,2015-10-23,3108000000,0001018724-15-000126,https://www.sec.gov/Archives/edgar/data/1018724/000101872415000126/0001018724-15-000126-index.htm
Amazon,1018724,operating_cash_flow,NetCashProvidedByUsedInOperatingActivities,2015-01-01,2015-09-30,2016,Q3,10-Q,2016-10-28,3108000000,0001018724-16-000324,https://www.sec.gov/Archives/edgar/data/1018724/000101872416000324/0001018724-16-000324-index.htm
Amazon,1018724,operating_cash_flow,NetCashProvidedByUsedInOperatingActivities,2015-07-01,2015-09-30,2015,Q3,10-Q,2015-10-23,2610000000,0001018724-15-000126,https://www.sec.gov/Archives/edgar/data/1018724/000101872415000126/0001018724-15-000126-index.htm
Amazon,1018724,operating_cash_flow,NetCashProvidedByUsedInOperatingActivities,2015-07-01,2015-09-30,2016,Q3,10-Q,2016-10-28,2610000000,0001018724-16-000324,https://www.sec.gov/Archives/edgar/data/1018724/000101872416000324/0001018724-16-000324-index.htm
Amazon,1018724,operating_cash_flow,NetCashProvidedByUsedInOperatingActivities,2015-01-01,2015-12-31,2015,FY,10-K,2016-01-29,11920000000,0001018724-16-000172,https://www.sec.gov/Archives/edgar/data/1018724/000101872416000172/0001018724-16-000172-index.htm
Amazon,1018724,operating_cash_flow,NetCashProvidedByUsedInOperatingActivities,2015-01-01,2015-12-31,2016,FY,10-K,2017-02-10,11920000000,0001018724-17-000011,https://www.sec.gov/Archives/edgar/data/1018724/000101872417000011/0001018724-17-000011-index.htm
Amazon,1018724,operating_cash_flow,NetCashProvidedByUsedInOperatingActivities,2015-01-01,2015-12-31,2017,FY,10-K,2018-02-02,12039000000,0001018724-18-000005,https://www.sec.gov/Archives/edgar/data/1018724/000101872418000005/0001018724-18-000005-index.htm
Amazon,1018724,operating_cash_flow,NetCashProvidedByUsedInOperatingActivities,2015-04-01,2016-03-31,2016,Q1,10-Q,2016-04-29,11258000000,0001018724-16-000227,https://www.sec.gov/Archives/edgar/data/1018724/000101872416000227/0001018724-16-000227-index.htm
Amazon,1018724,operating_cash_flow,NetCashProvidedByUsedInOperatingActivities,2015-04-01,2016-03-31,2017,Q1,10-Q,2017-04-28,11563000000,0001018724-17-000051,https://www.sec.gov/Archives/edgar/data/1018724/000101872417000051/0001018724-17-000051-index.htm
Amazon,1018724,operating_cash_flow,NetCashProvidedByUsedInOperatingActivities,2016-01-01,2016-03-31,2016,Q1,10-Q,2016-04-29,-2160000000,0001018724-16-000227,https://www.sec.gov/Archives/edgar/data/1018724/000101872416000227/0001018724-16-000227-index.htm
Amazon,1018724,operating_cash_flow,NetCashProvidedByUsedInOperatingActivities,2016-01-01,2016-03-31,2017,Q1,10-Q,2017-04-28,-1953000000,0001018724-17-000051,https://www.sec.gov/Archives/edgar/data/1018724/000101872417000051/0001018724-17-000051-index.htm
Amazon,1018724,operating_cash_flow,NetCashProvidedByUsedInOperatingActivities,2015-07-01,2016-06-30,2016,Q2,10-Q,2016-07-29,12726000000,0001018724-16-000286,https://www.sec.gov/Archives/edgar/data/1018724/000101872416000286/0001018724-16-000286-index.htm
Amazon,1018724,operating_cash_flow,NetCashProvidedByUsedInOperatingActivities,2015-07-01,2016-06-30,2017,Q2,10-Q,2017-07-28,13049000000,0001018724-17-000100,https://www.sec.gov/Archives/edgar/data/1018724/000101872417000100/0001018724-17-000100-index.htm
Amazon,1018724,operating_cash_flow,NetCashProvidedByUsedInOperatingActivities,2016-01-01,2016-06-30,2016,Q2,10-Q,2016-07-29,1305000000,0001018724-16-000286,https://www.sec.gov/Archives/edgar/data/1018724/000101872416000286/0001018724-16-000286-index.htm
Amazon,1018724,operating_cash_flow,NetCashProvidedByUsedInOperatingActivities,2016-01-01,2016-06-30,2017,Q2,10-Q,2017-07-28,1625000000,0001018724-17-000100,https://www.sec.gov/Archives/edgar/data/1018724/000101872417000100/0001018724-17-000100-index.htm
Amazon,1018724,operating_cash_flow,NetCashProvidedByUsedInOperatingActivities,2016-04-01,2016-06-30,2016,Q2,10-Q,2016-07-29,3465000000,0001018724-16-000286,https://www.sec.gov/Archives/edgar/data/1018724/000101872416000286/0001018724-16-000286-index.htm
Amazon,1018724,operating_cash_flow,NetCashProvidedByUsedInOperatingActivities,2016-04-01,2016-06-30,2017,Q2,10-Q,2017-07-28,3578000000,0001018724-17-000100,https://www.sec.gov/Archives/edgar/data/1018724/000101872417000100/0001018724-17-000100-index.htm
Amazon,1018724,operating_cash_flow,NetCashProvidedByUsedInOperatingActivities,2015-10-01,2016-09-30,2016,Q3,10-Q,2016-10-28,14603000000,0001018724-16-000324,https://www.sec.gov/Archives/edgar/data/1018724/000101872416000324/0001018724-16-000324-index.htm
Amazon,1018724,operating_cash_flow,NetCashProvidedByUsedInOperatingActivities,2015-10-01,2016-09-30,2017,Q3,10-Q,2017-10-27,15004000000,0001018724-17-000135,https://www.sec.gov/Archives/edgar/data/1018724/000101872417000135/0001018724-17-000135-index.htm
Amazon,1018724,operating_cash_flow,NetCashProvidedByUsedInOperatingActivities,2016-01-01,2016-09-30,2016,Q3,10-Q,2016-10-28,5791000000,0001018724-16-000324,https://www.sec.gov/Archives/edgar/data/1018724/000101872416000324/0001018724-16-000324-index.htm
Amazon,1018724,operating_cash_flow,NetCashProvidedByUsedInOperatingActivities,2016-01-01,2016-09-30,2017,Q3,10-Q,2017-10-27,6284000000,0001018724-17-000135,https://www.sec.gov/Archives/edgar/data/1018724/000101872417000135/0001018724-17-000135-index.htm
Amazon,1018724,operating_cash_flow,NetCashProvidedByUsedInOperatingActivities,2016-07-01,2016-09-30,2016,Q3,10-Q,2016-10-28,4486000000,0001018724-16-000324,https://www.sec.gov/Archives/edgar/data/1018724/000101872416000324/0001018724-16-000324-index.htm
Amazon,1018724,operating_cash_flow,NetCashProvidedByUsedInOperatingActivities,2016-07-01,2016-09-30,2017,Q3,10-Q,2017-10-27,4659000000,0001018724-17-000135,https://www.sec.gov/Archives/edgar/data/1018724/000101872417000135/0001018724-17-000135-index.htm
Amazon,1018724,operating_cash_flow,NetCashProvidedByUsedInOperatingActivities,2016-01-01,2016-12-31,2016,FY,10-K,2017-02-10,16443000000,0001018724-17-000011,https://www.sec.gov/Archives/edgar/data/1018724/000101872417000011/0001018724-17-000011-index.htm
Amazon,1018724,operating_cash_flow,NetCashProvidedByUsedInOperatingActivities,2016-01-01,2016-12-31,2017,FY,10-K,2018-02-02,17272000000,0001018724-18-000005,https://www.sec.gov/Archives/edgar/data/1018724/000101872418000005/0001018724-18-000005-index.htm
Amazon,1018724,operating_cash_flow,NetCashProvidedByUsedInOperatingActivities,2016-01-01,2016-12-31,2018,FY,10-K,2019-02-01,17203000000,0001018724-19-000004,https://www.sec.gov/Archives/edgar/data/1018724/000101872419000004/0001018724-19-000004-index.htm
Amazon,1018724,operating_cash_flow,NetCashProvidedByUsedInOperatingActivities,2016-04-01,2017-03-31,2017,Q1,10-Q,2017-04-28,17634000000,0001018724-17-000051,https://www.sec.gov/Archives/edgar/data/1018724/000101872417000051/0001018724-17-000051-index.htm
Amazon,1018724,operating_cash_flow,NetCashProvidedByUsedInOperatingActivities,2016-04-01,2017-03-31,2018,Q1,10-Q,2018-04-27,17547000000,0001018724-18-000072,https://www.sec.gov/Archives/edgar/data/1018724/000101872418000072/0001018724-18-000072-index.htm
Amazon,1018724,operating_cash_flow,NetCashProvidedByUsedInOperatingActivities,2017-01-01,2017-03-31,2017,Q1,10-Q,2017-04-28,-1590000000,0001018724-17-000051,https://www.sec.gov/Archives/edgar/data/1018724/000101872417000051/0001018724-17-000051-index.htm
Amazon,1018724,operating_cash_flow,NetCashProvidedByUsedInOperatingActivities,2017-01-01,2017-03-31,2018,Q1,10-Q,2018-04-27,-1619000000,0001018724-18-000072,https://www.sec.gov/Archives/edgar/data/1018724/000101872418000072/0001018724-18-000072-index.htm
Amazon,1018724,operating_cash_flow,NetCashProvidedByUsedInOperatingActivities,2016-07-01,2017-06-30,2017,Q2,10-Q,2017-07-28,17885000000,0001018724-17-000100,https://www.sec.gov/Archives/edgar/data/1018724/000101872417000100/0001018724-17-000100-index.htm
Amazon,1018724,operating_cash_flow,NetCashProvidedByUsedInOperatingActivities,2016-07-01,2017-06-30,2018,Q2,10-Q,2018-07-27,17802000000,0001018724-18-000108,https://www.sec.gov/Archives/edgar/data/1018724/000101872418000108/0001018724-18-000108-index.htm
Amazon,1018724,operating_cash_flow,NetCashProvidedByUsedInOperatingActivities,2017-01-01,2017-06-30,2017,Q2,10-Q,2017-07-28,2239000000,0001018724-17-000100,https://www.sec.gov/Archives/edgar/data/1018724/000101872417000100/0001018724-17-000100-index.htm
Amazon,1018724,operating_cash_flow,NetCashProvidedByUsedInOperatingActivities,2017-01-01,2017-06-30,2018,Q2,10-Q,2018-07-27,2230000000,0001018724-18-000108,https://www.sec.gov/Archives/edgar/data/1018724/000101872418000108/0001018724-18-000108-index.htm
Amazon,1018724,operating_cash_flow,NetCashProvidedByUsedInOperatingActivities,2017-04-01,2017-06-30,2017,Q2,10-Q,2017-07-28,3829000000,0001018724-17-000100,https://www.sec.gov/Archives/edgar/data/1018724/000101872417000100/0001018724-17-000100-index.htm
Amazon,1018724,operating_cash_flow,NetCashProvidedByUsedInOperatingActivities,2017-04-01,2017-06-30,2018,Q2,10-Q,2018-07-27,3850000000,0001018724-18-000108,https://www.sec.gov/Archives/edgar/data/1018724/000101872418000108/0001018724-18-000108-index.htm
Amazon,1018724,operating_cash_flow,NetCashProvidedByUsedInOperatingActivities,2016-10-01,2017-09-30,2017,Q3,10-Q,2017-10-27,17077000000,0001018724-17-000135,https://www.sec.gov/Archives/edgar/data/1018724/000101872417000135/0001018724-17-000135-index.htm
Amazon,1018724,operating_cash_flow,NetCashProvidedByUsedInOperatingActivities,2016-10-01,2017-09-30,2018,Q3,10-Q,2018-10-26,16996000000,0001018724-18-000159,https://www.sec.gov/Archives/edgar/data/1018724/000101872418000159/0001018724-18-000159-index.htm
Amazon,1018724,operating_cash_flow,NetCashProvidedByUsedInOperatingActivities,2017-01-01,2017-09-30,2017,Q3,10-Q,2017-10-27,6090000000,0001018724-17-000135,https://www.sec.gov/Archives/edgar/data/1018724/000101872417000135/0001018724-17-000135-index.htm
Amazon,1018724,operating_cash_flow,NetCashProvidedByUsedInOperatingActivities,2017-01-01,2017-09-30,2018,Q3,10-Q,2018-10-26,6007000000,0001018724-18-000159,https://www.sec.gov/Archives/edgar/data/1018724/000101872418000159/0001018724-18-000159-index.htm
Amazon,1018724,operating_cash_flow,NetCashProvidedByUsedInOperatingActivities,2017-07-01,2017-09-30,2017,Q3,10-Q,2017-10-27,3851000000,0001018724-17-000135,https://www.sec.gov/Archives/edgar/data/1018724/000101872417000135/0001018724-17-000135-index.htm
Amazon,1018724,operating_cash_flow,NetCashProvidedByUsedInOperatingActivities,2017-07-01,2017-09-30,2018,Q3,10-Q,2018-10-26,3777000000,0001018724-18-000159,https://www.sec.gov/Archives/edgar/data/1018724/000101872418000159/0001018724-18-000159-index.htm
Amazon,1018724,operating_cash_flow,NetCashProvidedByUsedInOperatingActivities,2017-01-01,2017-12-31,2017,FY,10-K,2018-02-02,18434000000,0001018724-18-000005,https://www.sec.gov/Archives/edgar/data/1018724/000101872418000005/0001018724-18-000005-index.htm
Amazon,1018724,operating_cash_flow,NetCashProvidedByUsedInOperatingActivities,2017-01-01,2017-12-31,2018,FY,10-K,2019-02-01,18365000000,0001018724-19-000004,https://www.sec.gov/Archives/edgar/data/1018724/000101872419000004/0001018724-19-000004-index.htm
Amazon,1018724,operating_cash_flow,NetCashProvidedByUsedInOperatingActivities,2017-01-01,2017-12-31,2019,FY,10-K,2020-01-31,18365000000,0001018724-20-000004,https://www.sec.gov/Archives/edgar/data/1018724/000101872420000004/0001018724-20-000004-index.htm
Amazon,1018724,operating_cash_flow,NetCashProvidedByUsedInOperatingActivities,2017-04-01,2018-03-31,2018,Q1,10-Q,2018-04-27,18194000000,0001018724-18-000072,https://www.sec.gov/Archives/edgar/data/1018724/000101872418000072/0001018724-18-000072-index.htm
Amazon,1018724,operating_cash_flow,NetCashProvidedByUsedInOperatingActivities,2017-04-01,2018-03-31,2019,Q1,10-Q,2019-04-26,18194000000,0001018724-19-000043,https://www.sec.gov/Archives/edgar/data/1018724/000101872419000043/0001018724-19-000043-index.htm
Amazon,1018724,operating_cash_flow,NetCashProvidedByUsedInOperatingActivities,2018-01-01,2018-03-31,2018,Q1,10-Q,2018-04-27,-1791000000,0001018724-18-000072,https://www.sec.gov/Archives/edgar/data/1018724/000101872418000072/0001018724-18-000072-index.htm
Amazon,1018724,operating_cash_flow,NetCashProvidedByUsedInOperatingActivities,2018-01-01,2018-03-31,2019,Q1,10-Q,2019-04-26,-1791000000,0001018724-19-000043,https://www.sec.gov/Archives/edgar/data/1018724/000101872419000043/0001018724-19-000043-index.htm
Amazon,1018724,operating_cash_flow,NetCashProvidedByUsedInOperatingActivities,2017-07-01,2018-06-30,2018,Q2,10-Q,2018-07-27,21793000000,0001018724-18-000108,https://www.sec.gov/Archives/edgar/data/1018724/000101872418000108/0001018724-18-000108-index.htm
Amazon,1018724,operating_cash_flow,NetCashProvidedByUsedInOperatingActivities,2017-07-01,2018-06-30,2019,Q2,10-Q,2019-07-26,21793000000,0001018724-19-000071,https://www.sec.gov/Archives/edgar/data/1018724/000101872419000071/0001018724-19-000071-index.htm
Amazon,1018724,operating_cash_flow,NetCashProvidedByUsedInOperatingActivities,2018-01-01,2018-06-30,2018,Q2,10-Q,2018-07-27,5658000000,0001018724-18-000108,https://www.sec.gov/Archives/edgar/data/1018724/000101872418000108/0001018724-18-000108-index.htm
Amazon,1018724,operating_cash_flow,NetCashProvidedByUsedInOperatingActivities,2018-01-01,2018-06-30,2019,Q2,10-Q,2019-07-26,5658000000,0001018724-19-000071,https://www.sec.gov/Archives/edgar/data/1018724/000101872419000071/0001018724-19-000071-index.htm
Amazon,1018724,operating_cash_flow,NetCashProvidedByUsedInOperatingActivities,2018-04-01,2018-06-30,2018,Q2,10-Q,2018-07-27,7449000000,0001018724-18-000108,https://www.sec.gov/Archives/edgar/data/1018724/000101872418000108/0001018724-18-000108-index.htm
Amazon,1018724,operating_cash_flow,NetCashProvidedByUsedInOperatingActivities,2018-04-01,2018-06-30,2019,Q2,10-Q,2019-07-26,7449000000,0001018724-19-000071,https://www.sec.gov/Archives/edgar/data/1018724/000101872419000071/0001018724-19-000071-index.htm
Amazon,1018724,operating_cash_flow,NetCashProvidedByUsedInOperatingActivities,2017-10-01,2018-09-30,2018,Q3,10-Q,2018-10-26,26604000000,0001018724-18-000159,https://www.sec.gov/Archives/edgar/data/1018724/000101872418000159/0001018724-18-000159-index.htm
Amazon,1018724,operating_cash_flow,NetCashProvidedByUsedInOperatingActivities,2017-10-01,2018-09-30,2019,Q3,10-Q,2019-10-25,26604000000,0001018724-19-000089,https://www.sec.gov/Archives/edgar/data/1018724/000101872419000089/0001018724-19-000089-index.htm
Amazon,1018724,operating_cash_flow,NetCashProvidedByUsedInOperatingActivities,2018-01-01,2018-09-30,2018,Q3,10-Q,2018-10-26,14246000000,0001018724-18-000159,https://www.sec.gov/Archives/edgar/data/1018724/000101872418000159/0001018724-18-000159-index.htm
Amazon,1018724,operating_cash_flow,NetCashProvidedByUsedInOperatingActivities,2018-01-01,2018-09-30,2019,Q3,10-Q,2019-10-25,14246000000,0001018724-19-000089,https://www.sec.gov/Archives/edgar/data/1018724/000101872419000089/0001018724-19-000089-index.htm
Amazon,1018724,operating_cash_flow,NetCashProvidedByUsedInOperatingActivities,2018-07-01,2018-09-30,2018,Q3,10-Q,2018-10-26,8588000000,0001018724-18-000159,https://www.sec.gov/Archives/edgar/data/1018724/000101872418000159/0001018724-18-000159-index.htm
Amazon,1018724,operating_cash_flow,NetCashProvidedByUsedInOperatingActivities,2018-07-01,2018-09-30,2019,Q3,10-Q,2019-10-25,8588000000,0001018724-19-000089,https://www.sec.gov/Archives/edgar/data/1018724/000101872419000089/0001018724-19-000089-index.htm
Amazon,1018724,operating_cash_flow,NetCashProvidedByUsedInOperatingActivities,2018-01-01,2018-12-31,2018,FY,10-K,2019-02-01,30723000000,0001018724-19-000004,https://www.sec.gov/Archives/edgar/data/1018724/000101872419000004/0001018724-19-000004-index.htm
Amazon,1018724,operating_cash_flow,NetCashProvidedByUsedInOperatingActivities,2018-01-01,2018-12-31,2019,FY,10-K,2020-01-31,30723000000,0001018724-20-000004,https://www.sec.gov/Archives/edgar/data/1018724/000101872420000004/0001018724-20-000004-index.htm
Amazon,1018724,operating_cash_flow,NetCashProvidedByUsedInOperatingActivities,2018-01-01,2018-12-31,2020,FY,10-K,2021-02-03,30723000000,0001018724-21-000004,https://www.sec.gov/Archives/edgar/data/1018724/000101872421000004/0001018724-21-000004-index.htm
Amazon,1018724,operating_cash_flow,NetCashProvidedByUsedInOperatingActivities,2018-04-01,2019-03-31,2019,Q1,10-Q,2019-04-26,34360000000,0001018724-19-000043,https://www.sec.gov/Archives/edgar/data/1018724/000101872419000043/0001018724-19-000043-index.htm
Amazon,1018724,operating_cash_flow,NetCashProvidedByUsedInOperatingActivities,2018-04-01,2019-03-31,2020,Q1,10-Q,2020-05-01,34360000000,0001018724-20-000010,https://www.sec.gov/Archives/edgar/data/1018724/000101872420000010/0001018724-20-000010-index.htm
Amazon,1018724,operating_cash_flow,NetCashProvidedByUsedInOperatingActivities,2019-01-01,2019-03-31,2019,Q1,10-Q,2019-04-26,1846000000,0001018724-19-000043,https://www.sec.gov/Archives/edgar/data/1018724/000101872419000043/0001018724-19-000043-index.htm
Amazon,1018724,operating_cash_flow,NetCashProvidedByUsedInOperatingActivities,2019-01-01,2019-03-31,2020,Q1,10-Q,2020-05-01,1846000000,0001018724-20-000010,https://www.sec.gov/Archives/edgar/data/1018724/000101872420000010/0001018724-20-000010-index.htm
Amazon,1018724,operating_cash_flow,NetCashProvidedByUsedInOperatingActivities,2018-07-01,2019-06-30,2019,Q2,10-Q,2019-07-26,36029000000,0001018724-19-000071,https://www.sec.gov/Archives/edgar/data/1018724/000101872419000071/0001018724-19-000071-index.htm
Amazon,1018724,operating_cash_flow,NetCashProvidedByUsedInOperatingActivities,2018-07-01,2019-06-30,2020,Q2,10-Q,2020-07-31,36029000000,0001018724-20-000021,https://www.sec.gov/Archives/edgar/data/1018724/000101872420000021/0001018724-20-000021-index.htm
Amazon,1018724,operating_cash_flow,NetCashProvidedByUsedInOperatingActivities,2019-01-01,2019-06-30,2019,Q2,10-Q,2019-07-26,10963000000,0001018724-19-000071,https://www.sec.gov/Archives/edgar/data/1018724/000101872419000071/0001018724-19-000071-index.htm
Amazon,1018724,operating_cash_flow,NetCashProvidedByUsedInOperatingActivities,2019-01-01,2019-06-30,2020,Q2,10-Q,2020-07-31,10963000000,0001018724-20-000021,https://www.sec.gov/Archives/edgar/data/1018724/000101872420000021/0001018724-20-000021-index.htm
Amazon,1018724,operating_cash_flow,NetCashProvidedByUsedInOperatingActivities,2019-04-01,2019-06-30,2019,Q2,10-Q,2019-07-26,9118000000,0001018724-19-000071,https://www.sec.gov/Archives/edgar/data/1018724/000101872419000071/0001018724-19-000071-index.htm
Amazon,1018724,operating_cash_flow,NetCashProvidedByUsedInOperatingActivities,2019-04-01,2019-06-30,2020,Q2,10-Q,2020-07-31,9118000000,0001018724-20-000021,https://www.sec.gov/Archives/edgar/data/1018724/000101872420000021/0001018724-20-000021-index.htm
Amazon,1018724,operating_cash_flow,NetCashProvidedByUsedInOperatingActivities,2018-10-01,2019-09-30,2019,Q3,10-Q,2019-10-25,35332000000,0001018724-19-000089,https://www.sec.gov/Archives/edgar/data/1018724/000101872419000089/0001018724-19-000089-index.htm
Amazon,1018724,operating_cash_flow,NetCashProvidedByUsedInOperatingActivities,2018-10-01,2019-09-30,2020,Q3,10-Q,2020-10-30,35332000000,0001018724-20-000030,https://www.sec.gov/Archives/edgar/data/1018724/000101872420000030/0001018724-20-000030-index.htm
Amazon,1018724,operating_cash_flow,NetCashProvidedByUsedInOperatingActivities,2019-01-01,2019-09-30,2019,Q3,10-Q,2019-10-25,18855000000,0001018724-19-000089,https://www.sec.gov/Archives/edgar/data/1018724/000101872419000089/0001018724-19-000089-index.htm
Amazon,1018724,operating_cash_flow,NetCashProvidedByUsedInOperatingActivities,2019-01-01,2019-09-30,2020,Q3,10-Q,2020-10-30,18855000000,0001018724-20-000030,https://www.sec.gov/Archives/edgar/data/1018724/000101872420000030/0001018724-20-000030-index.htm
Amazon,1018724,operating_cash_flow,NetCashProvidedByUsedInOperatingActivities,2019-07-01,2019-09-30,2019,Q3,10-Q,2019-10-25,7892000000,0001018724-19-000089,https://www.sec.gov/Archives/edgar/data/1018724/000101872419000089/0001018724-19-000089-index.htm
Amazon,1018724,operating_cash_flow,NetCashProvidedByUsedInOperatingActivities,2019-07-01,2019-09-30,2020,Q3,10-Q,2020-10-30,7892000000,0001018724-20-000030,https://www.sec.gov/Archives/edgar/data/1018724/000101872420000030/0001018724-20-000030-index.htm
Amazon,1018724,operating_cash_flow,NetCashProvidedByUsedInOperatingActivities,2019-01-01,2019-12-31,2019,FY,10-K,2020-01-31,38514000000,0001018724-20-000004,https://www.sec.gov/Archives/edgar/data/1018724/000101872420000004/0001018724-20-000004-index.htm
Amazon,1018724,operating_cash_flow,NetCashProvidedByUsedInOperatingActivities,2019-01-01,2019-12-31,2020,FY,10-K,2021-02-03,38514000000,0001018724-21-000004,https://www.sec.gov/Archives/edgar/data/1018724/000101872421000004/0001018724-21-000004-index.htm
Amazon,1018724,operating_cash_flow,NetCashProvidedByUsedInOperatingActivities,2019-01-01,2019-12-31,2021,FY,10-K,2022-02-04,38514000000,0001018724-22-000005,https://www.sec.gov/Archives/edgar/data/1018724/000101872422000005/0001018724-22-000005-index.htm
Amazon,1018724,operating_cash_flow,NetCashProvidedByUsedInOperatingActivities,2019-04-01,2020-03-31,2020,Q1,10-Q,2020-05-01,39732000000,0001018724-20-000010,https://www.sec.gov/Archives/edgar/data/1018724/000101872420000010/0001018724-20-000010-index.htm
Amazon,1018724,operating_cash_flow,NetCashProvidedByUsedInOperatingActivities,2019-04-01,2020-03-31,2021,Q1,10-Q,2021-04-30,39732000000,0001018724-21-000010,https://www.sec.gov/Archives/edgar/data/1018724/000101872421000010/0001018724-21-000010-index.htm
Amazon,1018724,operating_cash_flow,NetCashProvidedByUsedInOperatingActivities,2020-01-01,2020-03-31,2020,Q1,10-Q,2020-05-01,3064000000,0001018724-20-000010,https://www.sec.gov/Archives/edgar/data/1018724/000101872420000010/0001018724-20-000010-index.htm
Amazon,1018724,operating_cash_flow,NetCashProvidedByUsedInOperatingActivities,2020-01-01,2020-03-31,2021,Q1,10-Q,2021-04-30,3064000000,0001018724-21-000010,https://www.sec.gov/Archives/edgar/data/1018724/000101872421000010/0001018724-21-000010-index.htm
Amazon,1018724,operating_cash_flow,NetCashProvidedByUsedInOperatingActivities,2019-07-01,2020-06-30,2020,Q2,10-Q,2020-07-31,51220000000,0001018724-20-000021,https://www.sec.gov/Archives/edgar/data/1018724/000101872420000021/0001018724-20-000021-index.htm
Amazon,1018724,operating_cash_flow,NetCashProvidedByUsedInOperatingActivities,2019-07-01,2020-06-30,2021,Q2,10-Q,2021-07-30,51220000000,0001018724-21-000020,https://www.sec.gov/Archives/edgar/data/1018724/000101872421000020/0001018724-21-000020-index.htm
Amazon,1018724,operating_cash_flow,NetCashProvidedByUsedInOperatingActivities,2020-01-01,2020-06-30,2020,Q2,10-Q,2020-07-31,23669000000,0001018724-20-000021,https://www.sec.gov/Archives/edgar/data/1018724/000101872420000021/0001018724-20-000021-index.htm
Amazon,1018724,operating_cash_flow,NetCashProvidedByUsedInOperatingActivities,2020-01-01,2020-06-30,2021,Q2,10-Q,2021-07-30,23669000000,0001018724-21-000020,https://www.sec.gov/Archives/edgar/data/1018724/000101872421000020/0001018724-21-000020-index.htm
Amazon,1018724,operating_cash_flow,NetCashProvidedByUsedInOperatingActivities,2020-04-01,2020-06-30,2020,Q2,10-Q,2020-07-31,20606000000,0001018724-20-000021,https://www.sec.gov/Archives/edgar/data/1018724/000101872420000021/0001018724-20-000021-index.htm
Amazon,1018724,operating_cash_flow,NetCashProvidedByUsedInOperatingActivities,2020-04-01,2020-06-30,2021,Q2,10-Q,2021-07-30,20606000000,0001018724-21-000020,https://www.sec.gov/Archives/edgar/data/1018724/000101872421000020/0001018724-21-000020-index.htm
Amazon,1018724,operating_cash_flow,NetCashProvidedByUsedInOperatingActivities,2019-10-01,2020-09-30,2020,Q3,10-Q,2020-10-30,55292000000,0001018724-20-000030,https://www.sec.gov/Archives/edgar/data/1018724/000101872420000030/0001018724-20-000030-index.htm
Amazon,1018724,operating_cash_flow,NetCashProvidedByUsedInOperatingActivities,2019-10-01,2020-09-30,2021,Q3,10-Q,2021-10-29,55292000000,0001018724-21-000028,https://www.sec.gov/Archives/edgar/data/1018724/000101872421000028/0001018724-21-000028-index.htm
Amazon,1018724,operating_cash_flow,NetCashProvidedByUsedInOperatingActivities,2020-01-01,2020-09-30,2020,Q3,10-Q,2020-10-30,35633000000,0001018724-20-000030,https://www.sec.gov/Archives/edgar/data/1018724/000101872420000030/0001018724-20-000030-index.htm
Amazon,1018724,operating_cash_flow,NetCashProvidedByUsedInOperatingActivities,2020-01-01,2020-09-30,2021,Q3,10-Q,2021-10-29,35633000000,0001018724-21-000028,https://www.sec.gov/Archives/edgar/data/1018724/000101872421000028/0001018724-21-000028-index.htm
Amazon,1018724,operating_cash_flow,NetCashProvidedByUsedInOperatingActivities,2020-07-01,2020-09-30,2020,Q3,10-Q,2020-10-30,11964000000,0001018724-20-000030,https://www.sec.gov/Archives/edgar/data/1018724/000101872420000030/0001018724-20-000030-index.htm
Amazon,1018724,operating_cash_flow,NetCashProvidedByUsedInOperatingActivities,2020-07-01,2020-09-30,2021,Q3,10-Q,2021-10-29,11964000000,0001018724-21-000028,https://www.sec.gov/Archives/edgar/data/1018724/000101872421000028/0001018724-21-000028-index.htm
Amazon,1018724,operating_cash_flow,NetCashProvidedByUsedInOperatingActivities,2020-01-01,2020-12-31,2020,FY,10-K,2021-02-03,66064000000,0001018724-21-000004,https://www.sec.gov/Archives/edgar/data/1018724/000101872421000004/0001018724-21-000004-index.htm
Amazon,1018724,operating_cash_flow,NetCashProvidedByUsedInOperatingActivities,2020-01-01,2020-12-31,2021,FY,10-K,2022-02-04,66064000000,0001018724-22-000005,https://www.sec.gov/Archives/edgar/data/1018724/000101872422000005/0001018724-22-000005-index.htm
Amazon,1018724,operating_cash_flow,NetCashProvidedByUsedInOperatingActivities,2020-01-01,2020-12-31,2022,FY,10-K,2023-02-03,66064000000,0001018724-23-000004,https://www.sec.gov/Archives/edgar/data/1018724/000101872423000004/0001018724-23-000004-index.htm
Amazon,1018724,operating_cash_flow,NetCashProvidedByUsedInOperatingActivities,2020-04-01,2021-03-31,2021,Q1,10-Q,2021-04-30,67213000000,0001018724-21-000010,https://www.sec.gov/Archives/edgar/data/1018724/000101872421000010/0001018724-21-000010-index.htm
Amazon,1018724,operating_cash_flow,NetCashProvidedByUsedInOperatingActivities,2020-04-01,2021-03-31,2022,Q1,10-Q,2022-04-29,67213000000,0001018724-22-000013,https://www.sec.gov/Archives/edgar/data/1018724/000101872422000013/0001018724-22-000013-index.htm
Amazon,1018724,operating_cash_flow,NetCashProvidedByUsedInOperatingActivities,2021-01-01,2021-03-31,2021,Q1,10-Q,2021-04-30,4213000000,0001018724-21-000010,https://www.sec.gov/Archives/edgar/data/1018724/000101872421000010/0001018724-21-000010-index.htm
Amazon,1018724,operating_cash_flow,NetCashProvidedByUsedInOperatingActivities,2021-01-01,2021-03-31,2022,Q1,10-Q,2022-04-29,4213000000,0001018724-22-000013,https://www.sec.gov/Archives/edgar/data/1018724/000101872422000013/0001018724-22-000013-index.htm
Amazon,1018724,operating_cash_flow,NetCashProvidedByUsedInOperatingActivities,2020-07-01,2021-06-30,2021,Q2,10-Q,2021-07-30,59322000000,0001018724-21-000020,https://www.sec.gov/Archives/edgar/data/1018724/000101872421000020/0001018724-21-000020-index.htm
Amazon,1018724,operating_cash_flow,NetCashProvidedByUsedInOperatingActivities,2020-07-01,2021-06-30,2022,Q2,10-Q,2022-07-29,59322000000,0001018724-22-000019,https://www.sec.gov/Archives/edgar/data/1018724/000101872422000019/0001018724-22-000019-index.htm
Amazon,1018724,operating_cash_flow,NetCashProvidedByUsedInOperatingActivities,2021-01-01,2021-06-30,2021,Q2,10-Q,2021-07-30,16928000000,0001018724-21-000020,https://www.sec.gov/Archives/edgar/data/1018724/000101872421000020/0001018724-21-000020-index.htm
Amazon,1018724,operating_cash_flow,NetCashProvidedByUsedInOperatingActivities,2021-01-01,2021-06-30,2022,Q2,10-Q,2022-07-29,16928000000,0001018724-22-000019,https://www.sec.gov/Archives/edgar/data/1018724/000101872422000019/0001018724-22-000019-index.htm
Amazon,1018724,operating_cash_flow,NetCashProvidedByUsedInOperatingActivities,2021-04-01,2021-06-30,2021,Q2,10-Q,2021-07-30,12715000000,0001018724-21-000020,https://www.sec.gov/Archives/edgar/data/1018724/000101872421000020/0001018724-21-000020-index.htm
Amazon,1018724,operating_cash_flow,NetCashProvidedByUsedInOperatingActivities,2021-04-01,2021-06-30,2022,Q2,10-Q,2022-07-29,12715000000,0001018724-22-000019,https://www.sec.gov/Archives/edgar/data/1018724/000101872422000019/0001018724-22-000019-index.htm
Amazon,1018724,operating_cash_flow,NetCashProvidedByUsedInOperatingActivities,2020-10-01,2021-09-30,2021,Q3,10-Q,2021-10-29,54671000000,0001018724-21-000028,https://www.sec.gov/Archives/edgar/data/1018724/000101872421000028/0001018724-21-000028-index.htm
Amazon,1018724,operating_cash_flow,NetCashProvidedByUsedInOperatingActivities,2020-10-01,2021-09-30,2022,Q3,10-Q,2022-10-28,54671000000,0001018724-22-000023,https://www.sec.gov/Archives/edgar/data/1018724/000101872422000023/0001018724-22-000023-index.htm
Amazon,1018724,operating_cash_flow,NetCashProvidedByUsedInOperatingActivities,2021-01-01,2021-09-30,2021,Q3,10-Q,2021-10-29,24241000000,0001018724-21-000028,https://www.sec.gov/Archives/edgar/data/1018724/000101872421000028/0001018724-21-000028-index.htm
Amazon,1018724,operating_cash_flow,NetCashProvidedByUsedInOperatingActivities,2021-01-01,2021-09-30,2022,Q3,10-Q,2022-10-28,24241000000,0001018724-22-000023,https://www.sec.gov/Archives/edgar/data/1018724/000101872422000023/0001018724-22-000023-index.htm
Amazon,1018724,operating_cash_flow,NetCashProvidedByUsedInOperatingActivities,2021-07-01,2021-09-30,2021,Q3,10-Q,2021-10-29,7313000000,0001018724-21-000028,https://www.sec.gov/Archives/edgar/data/1018724/000101872421000028/0001018724-21-000028-index.htm
Amazon,1018724,operating_cash_flow,NetCashProvidedByUsedInOperatingActivities,2021-07-01,2021-09-30,2022,Q3,10-Q,2022-10-28,7313000000,0001018724-22-000023,https://www.sec.gov/Archives/edgar/data/1018724/000101872422000023/0001018724-22-000023-index.htm
Amazon,1018724,operating_cash_flow,NetCashProvidedByUsedInOperatingActivities,2021-01-01,2021-12-31,2021,FY,10-K,2022-02-04,46327000000,0001018724-22-000005,https://www.sec.gov/Archives/edgar/data/1018724/000101872422000005/0001018724-22-000005-index.htm
Amazon,1018724,operating_cash_flow,NetCashProvidedByUsedInOperatingActivities,2021-01-01,2021-12-31,2022,FY,10-K,2023-02-03,46327000000,0001018724-23-000004,https://www.sec.gov/Archives/edgar/data/1018724/000101872423000004/0001018724-23-000004-index.htm
Amazon,1018724,operating_cash_flow,NetCashProvidedByUsedInOperatingActivities,2021-01-01,2021-12-31,2023,FY,10-K,2024-02-02,46327000000,0001018724-24-000008,https://www.sec.gov/Archives/edgar/data/1018724/000101872424000008/0001018724-24-000008-index.htm
Amazon,1018724,operating_cash_flow,NetCashProvidedByUsedInOperatingActivities,2021-04-01,2022-03-31,2022,Q1,10-Q,2022-04-29,39324000000,0001018724-22-000013,https://www.sec.gov/Archives/edgar/data/1018724/000101872422000013/0001018724-22-000013-index.htm
Amazon,1018724,operating_cash_flow,NetCashProvidedByUsedInOperatingActivities,2021-04-01,2022-03-31,2023,Q1,10-Q,2023-04-28,39324000000,0001018724-23-000008,https://www.sec.gov/Archives/edgar/data/1018724/000101872423000008/0001018724-23-000008-index.htm
Amazon,1018724,operating_cash_flow,NetCashProvidedByUsedInOperatingActivities,2022-01-01,2022-03-31,2022,Q1,10-Q,2022-04-29,-2790000000,0001018724-22-000013,https://www.sec.gov/Archives/edgar/data/1018724/000101872422000013/0001018724-22-000013-index.htm
Amazon,1018724,operating_cash_flow,NetCashProvidedByUsedInOperatingActivities,2022-01-01,2022-03-31,2023,Q1,10-Q,2023-04-28,-2790000000,0001018724-23-000008,https://www.sec.gov/Archives/edgar/data/1018724/000101872423000008/0001018724-23-000008-index.htm
Amazon,1018724,operating_cash_flow,NetCashProvidedByUsedInOperatingActivities,2021-07-01,2022-06-30,2022,Q2,10-Q,2022-07-29,35574000000,0001018724-22-000019,https://www.sec.gov/Archives/edgar/data/1018724/000101872422000019/0001018724-22-000019-index.htm
Amazon,1018724,operating_cash_flow,NetCashProvidedByUsedInOperatingActivities,2021-07-01,2022-06-30,2023,Q2,10-Q,2023-08-04,35574000000,0001018724-23-000012,https://www.sec.gov/Archives/edgar/data/1018724/000101872423000012/0001018724-23-000012-index.htm
Amazon,1018724,operating_cash_flow,NetCashProvidedByUsedInOperatingActivities,2022-01-01,2022-06-30,2022,Q2,10-Q,2022-07-29,6175000000,0001018724-22-000019,https://www.sec.gov/Archives/edgar/data/1018724/000101872422000019/0001018724-22-000019-index.htm
Amazon,1018724,operating_cash_flow,NetCashProvidedByUsedInOperatingActivities,2022-01-01,2022-06-30,2023,Q2,10-Q,2023-08-04,6175000000,0001018724-23-000012,https://www.sec.gov/Archives/edgar/data/1018724/000101872423000012/0001018724-23-000012-index.htm
Amazon,1018724,operating_cash_flow,NetCashProvidedByUsedInOperatingActivities,2022-04-01,2022-06-30,2022,Q2,10-Q,2022-07-29,8965000000,0001018724-22-000019,https://www.sec.gov/Archives/edgar/data/1018724/000101872422000019/0001018724-22-000019-index.htm
Amazon,1018724,operating_cash_flow,NetCashProvidedByUsedInOperatingActivities,2022-04-01,2022-06-30,2023,Q2,10-Q,2023-08-04,8965000000,0001018724-23-000012,https://www.sec.gov/Archives/edgar/data/1018724/000101872423000012/0001018724-23-000012-index.htm
Amazon,1018724,operating_cash_flow,NetCashProvidedByUsedInOperatingActivities,2021-10-01,2022-09-30,2022,Q3,10-Q,2022-10-28,39665000000,0001018724-22-000023,https://www.sec.gov/Archives/edgar/data/1018724/000101872422000023/0001018724-22-000023-index.htm
Amazon,1018724,operating_cash_flow,NetCashProvidedByUsedInOperatingActivities,2021-10-01,2022-09-30,2023,Q3,10-Q,2023-10-27,39665000000,0001018724-23-000018,https://www.sec.gov/Archives/edgar/data/1018724/000101872423000018/0001018724-23-000018-index.htm
Amazon,1018724,operating_cash_flow,NetCashProvidedByUsedInOperatingActivities,2022-01-01,2022-09-30,2022,Q3,10-Q,2022-10-28,17579000000,0001018724-22-000023,https://www.sec.gov/Archives/edgar/data/1018724/000101872422000023/0001018724-22-000023-index.htm
Amazon,1018724,operating_cash_flow,NetCashProvidedByUsedInOperatingActivities,2022-01-01,2022-09-30,2023,Q3,10-Q,2023-10-27,17579000000,0001018724-23-000018,https://www.sec.gov/Archives/edgar/data/1018724/000101872423000018/0001018724-23-000018-index.htm
Amazon,1018724,operating_cash_flow,NetCashProvidedByUsedInOperatingActivities,2022-07-01,2022-09-30,2022,Q3,10-Q,2022-10-28,11404000000,0001018724-22-000023,https://www.sec.gov/Archives/edgar/data/1018724/000101872422000023/0001018724-22-000023-index.htm
Amazon,1018724,operating_cash_flow,NetCashProvidedByUsedInOperatingActivities,2022-07-01,2022-09-30,2023,Q3,10-Q,2023-10-27,11404000000,0001018724-23-000018,https://www.sec.gov/Archives/edgar/data/1018724/000101872423000018/0001018724-23-000018-index.htm
Amazon,1018724,operating_cash_flow,NetCashProvidedByUsedInOperatingActivities,2022-01-01,2022-12-31,2022,FY,10-K,2023-02-03,46752000000,0001018724-23-000004,https://www.sec.gov/Archives/edgar/data/1018724/000101872423000004/0001018724-23-000004-index.htm
Amazon,1018724,operating_cash_flow,NetCashProvidedByUsedInOperatingActivities,2022-01-01,2022-12-31,2023,FY,10-K,2024-02-02,46752000000,0001018724-24-000008,https://www.sec.gov/Archives/edgar/data/1018724/000101872424000008/0001018724-24-000008-index.htm
Amazon,1018724,operating_cash_flow,NetCashProvidedByUsedInOperatingActivities,2022-01-01,2022-12-31,2024,FY,10-K,2025-02-07,46752000000,0001018724-25-000004,https://www.sec.gov/Archives/edgar/data/1018724/000101872425000004/0001018724-25-000004-index.htm
Amazon,1018724,operating_cash_flow,NetCashProvidedByUsedInOperatingActivities,2022-04-01,2023-03-31,2023,Q1,10-Q,2023-04-28,54330000000,0001018724-23-000008,https://www.sec.gov/Archives/edgar/data/1018724/000101872423000008/0001018724-23-000008-index.htm
Amazon,1018724,operating_cash_flow,NetCashProvidedByUsedInOperatingActivities,2022-04-01,2023-03-31,2024,Q1,10-Q,2024-05-01,54330000000,0001018724-24-000083,https://www.sec.gov/Archives/edgar/data/1018724/000101872424000083/0001018724-24-000083-index.htm
Amazon,1018724,operating_cash_flow,NetCashProvidedByUsedInOperatingActivities,2023-01-01,2023-03-31,2023,Q1,10-Q,2023-04-28,4788000000,0001018724-23-000008,https://www.sec.gov/Archives/edgar/data/1018724/000101872423000008/0001018724-23-000008-index.htm
Amazon,1018724,operating_cash_flow,NetCashProvidedByUsedInOperatingActivities,2023-01-01,2023-03-31,2024,Q1,10-Q,2024-05-01,4788000000,0001018724-24-000083,https://www.sec.gov/Archives/edgar/data/1018724/000101872424000083/0001018724-24-000083-index.htm
Amazon,1018724,operating_cash_flow,NetCashProvidedByUsedInOperatingActivities,2022-07-01,2023-06-30,2023,Q2,10-Q,2023-08-04,61841000000,0001018724-23-000012,https://www.sec.gov/Archives/edgar/data/1018724/000101872423000012/0001018724-23-000012-index.htm
Amazon,1018724,operating_cash_flow,NetCashProvidedByUsedInOperatingActivities,2022-07-01,2023-06-30,2024,Q2,10-Q,2024-08-02,61841000000,0001018724-24-000130,https://www.sec.gov/Archives/edgar/data/1018724/000101872424000130/0001018724-24-000130-index.htm
Amazon,1018724,operating_cash_flow,NetCashProvidedByUsedInOperatingActivities,2023-01-01,2023-06-30,2023,Q2,10-Q,2023-08-04,21264000000,0001018724-23-000012,https://www.sec.gov/Archives/edgar/data/1018724/000101872423000012/0001018724-23-000012-index.htm
Amazon,1018724,operating_cash_flow,NetCashProvidedByUsedInOperatingActivities,2023-01-01,2023-06-30,2024,Q2,10-Q,2024-08-02,21264000000,0001018724-24-000130,https://www.sec.gov/Archives/edgar/data/1018724/000101872424000130/0001018724-24-000130-index.htm
Amazon,1018724,operating_cash_flow,NetCashProvidedByUsedInOperatingActivities,2023-04-01,2023-06-30,2023,Q2,10-Q,2023-08-04,16476000000,0001018724-23-000012,https://www.sec.gov/Archives/edgar/data/1018724/000101872423000012/0001018724-23-000012-index.htm
Amazon,1018724,operating_cash_flow,NetCashProvidedByUsedInOperatingActivities,2023-04-01,2023-06-30,2024,Q2,10-Q,2024-08-02,16476000000,0001018724-24-000130,https://www.sec.gov/Archives/edgar/data/1018724/000101872424000130/0001018724-24-000130-index.htm
Amazon,1018724,operating_cash_flow,NetCashProvidedByUsedInOperatingActivities,2022-10-01,2023-09-30,2023,Q3,10-Q,2023-10-27,71654000000,0001018724-23-000018,https://www.sec.gov/Archives/edgar/data/1018724/000101872423000018/0001018724-23-000018-index.htm
Amazon,1018724,operating_cash_flow,NetCashProvidedByUsedInOperatingActivities,2022-10-01,2023-09-30,2024,Q3,10-Q,2024-11-01,71654000000,0001018724-24-000161,https://www.sec.gov/Archives/edgar/data/1018724/000101872424000161/0001018724-24-000161-index.htm
Amazon,1018724,operating_cash_flow,NetCashProvidedByUsedInOperatingActivities,2023-01-01,2023-09-30,2023,Q3,10-Q,2023-10-27,42481000000,0001018724-23-000018,https://www.sec.gov/Archives/edgar/data/1018724/000101872423000018/0001018724-23-000018-index.htm
Amazon,1018724,operating_cash_flow,NetCashProvidedByUsedInOperatingActivities,2023-01-01,2023-09-30,2024,Q3,10-Q,2024-11-01,42481000000,0001018724-24-000161,https://www.sec.gov/Archives/edgar/data/1018724/000101872424000161/0001018724-24-000161-index.htm
Amazon,1018724,operating_cash_flow,NetCashProvidedByUsedInOperatingActivities,2023-07-01,2023-09-30,2023,Q3,10-Q,2023-10-27,21217000000,0001018724-23-000018,https://www.sec.gov/Archives/edgar/data/1018724/000101872423000018/0001018724-23-000018-index.htm
Amazon,1018724,operating_cash_flow,NetCashProvidedByUsedInOperatingActivities,2023-07-01,2023-09-30,2024,Q3,10-Q,2024-11-01,21217000000,0001018724-24-000161,https://www.sec.gov/Archives/edgar/data/1018724/000101872424000161/0001018724-24-000161-index.htm
Amazon,1018724,operating_cash_flow,NetCashProvidedByUsedInOperatingActivities,2023-01-01,2023-12-31,2023,FY,10-K,2024-02-02,84946000000,0001018724-24-000008,https://www.sec.gov/Archives/edgar/data/1018724/000101872424000008/0001018724-24-000008-index.htm
Amazon,1018724,operating_cash_flow,NetCashProvidedByUsedInOperatingActivities,2023-01-01,2023-12-31,2024,FY,10-K,2025-02-07,84946000000,0001018724-25-000004,https://www.sec.gov/Archives/edgar/data/1018724/000101872425000004/0001018724-25-000004-index.htm
Amazon,1018724,operating_cash_flow,NetCashProvidedByUsedInOperatingActivities,2023-01-01,2023-12-31,2025,FY,10-K,2026-02-06,84946000000,0001018724-26-000004,https://www.sec.gov/Archives/edgar/data/1018724/000101872426000004/0001018724-26-000004-index.htm
Amazon,1018724,operating_cash_flow,NetCashProvidedByUsedInOperatingActivities,2023-04-01,2024-03-31,2024,Q1,10-Q,2024-05-01,99147000000,0001018724-24-000083,https://www.sec.gov/Archives/edgar/data/1018724/000101872424000083/0001018724-24-000083-index.htm
Amazon,1018724,operating_cash_flow,NetCashProvidedByUsedInOperatingActivities,2023-04-01,2024-03-31,2025,Q1,10-Q,2025-05-02,99147000000,0001018724-25-000036,https://www.sec.gov/Archives/edgar/data/1018724/000101872425000036/0001018724-25-000036-index.htm
Amazon,1018724,operating_cash_flow,NetCashProvidedByUsedInOperatingActivities,2024-01-01,2024-03-31,2024,Q1,10-Q,2024-05-01,18989000000,0001018724-24-000083,https://www.sec.gov/Archives/edgar/data/1018724/000101872424000083/0001018724-24-000083-index.htm
Amazon,1018724,operating_cash_flow,NetCashProvidedByUsedInOperatingActivities,2024-01-01,2024-03-31,2025,Q1,10-Q,2025-05-02,18989000000,0001018724-25-000036,https://www.sec.gov/Archives/edgar/data/1018724/000101872425000036/0001018724-25-000036-index.htm
Amazon,1018724,operating_cash_flow,NetCashProvidedByUsedInOperatingActivities,2023-07-01,2024-06-30,2024,Q2,10-Q,2024-08-02,107952000000,0001018724-24-000130,https://www.sec.gov/Archives/edgar/data/1018724/000101872424000130/0001018724-24-000130-index.htm
Amazon,1018724,operating_cash_flow,NetCashProvidedByUsedInOperatingActivities,2023-07-01,2024-06-30,2025,Q2,10-Q,2025-08-01,107952000000,0001018724-25-000086,https://www.sec.gov/Archives/edgar/data/1018724/000101872425000086/0001018724-25-000086-index.htm
Amazon,1018724,operating_cash_flow,NetCashProvidedByUsedInOperatingActivities,2024-01-01,2024-06-30,2024,Q2,10-Q,2024-08-02,44270000000,0001018724-24-000130,https://www.sec.gov/Archives/edgar/data/1018724/000101872424000130/0001018724-24-000130-index.htm
Amazon,1018724,operating_cash_flow,NetCashProvidedByUsedInOperatingActivities,2024-01-01,2024-06-30,2025,Q2,10-Q,2025-08-01,44270000000,0001018724-25-000086,https://www.sec.gov/Archives/edgar/data/1018724/000101872425000086/0001018724-25-000086-index.htm
Amazon,1018724,operating_cash_flow,NetCashProvidedByUsedInOperatingActivities,2024-04-01,2024-06-30,2024,Q2,10-Q,2024-08-02,25281000000,0001018724-24-000130,https://www.sec.gov/Archives/edgar/data/1018724/000101872424000130/0001018724-24-000130-index.htm
Amazon,1018724,operating_cash_flow,NetCashProvidedByUsedInOperatingActivities,2024-04-01,2024-06-30,2025,Q2,10-Q,2025-08-01,25281000000,0001018724-25-000086,https://www.sec.gov/Archives/edgar/data/1018724/000101872425000086/0001018724-25-000086-index.htm
Amazon,1018724,operating_cash_flow,NetCashProvidedByUsedInOperatingActivities,2023-10-01,2024-09-30,2024,Q3,10-Q,2024-11-01,112706000000,0001018724-24-000161,https://www.sec.gov/Archives/edgar/data/1018724/000101872424000161/0001018724-24-000161-index.htm
Amazon,1018724,operating_cash_flow,NetCashProvidedByUsedInOperatingActivities,2023-10-01,2024-09-30,2025,Q3,10-Q,2025-10-31,112706000000,0001018724-25-000123,https://www.sec.gov/Archives/edgar/data/1018724/000101872425000123/0001018724-25-000123-index.htm
Amazon,1018724,operating_cash_flow,NetCashProvidedByUsedInOperatingActivities,2024-01-01,2024-09-30,2024,Q3,10-Q,2024-11-01,70241000000,0001018724-24-000161,https://www.sec.gov/Archives/edgar/data/1018724/000101872424000161/0001018724-24-000161-index.htm
Amazon,1018724,operating_cash_flow,NetCashProvidedByUsedInOperatingActivities,2024-01-01,2024-09-30,2025,Q3,10-Q,2025-10-31,70241000000,0001018724-25-000123,https://www.sec.gov/Archives/edgar/data/1018724/000101872425000123/0001018724-25-000123-index.htm
Amazon,1018724,operating_cash_flow,NetCashProvidedByUsedInOperatingActivities,2024-07-01,2024-09-30,2024,Q3,10-Q,2024-11-01,25971000000,0001018724-24-000161,https://www.sec.gov/Archives/edgar/data/1018724/000101872424000161/0001018724-24-000161-index.htm
Amazon,1018724,operating_cash_flow,NetCashProvidedByUsedInOperatingActivities,2024-07-01,2024-09-30,2025,Q3,10-Q,2025-10-31,25971000000,0001018724-25-000123,https://www.sec.gov/Archives/edgar/data/1018724/000101872425000123/0001018724-25-000123-index.htm
Amazon,1018724,operating_cash_flow,NetCashProvidedByUsedInOperatingActivities,2024-01-01,2024-12-31,2024,FY,10-K,2025-02-07,115877000000,0001018724-25-000004,https://www.sec.gov/Archives/edgar/data/1018724/000101872425000004/0001018724-25-000004-index.htm
Amazon,1018724,operating_cash_flow,NetCashProvidedByUsedInOperatingActivities,2024-01-01,2024-12-31,2025,FY,10-K,2026-02-06,115877000000,0001018724-26-000004,https://www.sec.gov/Archives/edgar/data/1018724/000101872426000004/0001018724-26-000004-index.htm
Amazon,1018724,operating_cash_flow,NetCashProvidedByUsedInOperatingActivities,2024-04-01,2025-03-31,2025,Q1,10-Q,2025-05-02,113903000000,0001018724-25-000036,https://www.sec.gov/Archives/edgar/data/1018724/000101872425000036/0001018724-25-000036-index.htm
Amazon,1018724,operating_cash_flow,NetCashProvidedByUsedInOperatingActivities,2024-04-01,2025-03-31,2026,Q1,10-Q,2026-04-30,113903000000,0001018724-26-000014,https://www.sec.gov/Archives/edgar/data/1018724/000101872426000014/0001018724-26-000014-index.htm
Amazon,1018724,operating_cash_flow,NetCashProvidedByUsedInOperatingActivities,2025-01-01,2025-03-31,2025,Q1,10-Q,2025-05-02,17015000000,0001018724-25-000036,https://www.sec.gov/Archives/edgar/data/1018724/000101872425000036/0001018724-25-000036-index.htm
Amazon,1018724,operating_cash_flow,NetCashProvidedByUsedInOperatingActivities,2025-01-01,2025-03-31,2026,Q1,10-Q,2026-04-30,17015000000,0001018724-26-000014,https://www.sec.gov/Archives/edgar/data/1018724/000101872426000014/0001018724-26-000014-index.htm
Amazon,1018724,operating_cash_flow,NetCashProvidedByUsedInOperatingActivities,2024-07-01,2025-06-30,2025,Q2,10-Q,2025-08-01,121137000000,0001018724-25-000086,https://www.sec.gov/Archives/edgar/data/1018724/000101872425000086/0001018724-25-000086-index.htm
Amazon,1018724,operating_cash_flow,NetCashProvidedByUsedInOperatingActivities,2024-07-01,2025-06-30,2026,Q2,10-Q,2026-07-31,121137000000,0001018724-26-000026,https://www.sec.gov/Archives/edgar/data/1018724/000101872426000026/0001018724-26-000026-index.htm
Amazon,1018724,operating_cash_flow,NetCashProvidedByUsedInOperatingActivities,2025-01-01,2025-06-30,2025,Q2,10-Q,2025-08-01,49530000000,0001018724-25-000086,https://www.sec.gov/Archives/edgar/data/1018724/000101872425000086/0001018724-25-000086-index.htm
Amazon,1018724,operating_cash_flow,NetCashProvidedByUsedInOperatingActivities,2025-01-01,2025-06-30,2026,Q2,10-Q,2026-07-31,49530000000,0001018724-26-000026,https://www.sec.gov/Archives/edgar/data/1018724/000101872426000026/0001018724-26-000026-index.htm
Amazon,1018724,operating_cash_flow,NetCashProvidedByUsedInOperatingActivities,2025-04-01,2025-06-30,2025,Q2,10-Q,2025-08-01,32515000000,0001018724-25-000086,https://www.sec.gov/Archives/edgar/data/1018724/000101872425000086/0001018724-25-000086-index.htm
Amazon,1018724,operating_cash_flow,NetCashProvidedByUsedInOperatingActivities,2025-04-01,2025-06-30,2026,Q2,10-Q,2026-07-31,32515000000,0001018724-26-000026,https://www.sec.gov/Archives/edgar/data/1018724/000101872426000026/0001018724-26-000026-index.htm
Amazon,1018724,operating_cash_flow,NetCashProvidedByUsedInOperatingActivities,2024-10-01,2025-09-30,2025,Q3,10-Q,2025-10-31,130691000000,0001018724-25-000123,https://www.sec.gov/Archives/edgar/data/1018724/000101872425000123/0001018724-25-000123-index.htm
Amazon,1018724,operating_cash_flow,NetCashProvidedByUsedInOperatingActivities,2025-01-01,2025-09-30,2025,Q3,10-Q,2025-10-31,85055000000,0001018724-25-000123,https://www.sec.gov/Archives/edgar/data/1018724/000101872425000123/0001018724-25-000123-index.htm
Amazon,1018724,operating_cash_flow,NetCashProvidedByUsedInOperatingActivities,2025-07-01,2025-09-30,2025,Q3,10-Q,2025-10-31,35525000000,0001018724-25-000123,https://www.sec.gov/Archives/edgar/data/1018724/000101872425000123/0001018724-25-000123-index.htm
Amazon,1018724,operating_cash_flow,NetCashProvidedByUsedInOperatingActivities,2025-01-01,2025-12-31,2025,FY,10-K,2026-02-06,139514000000,0001018724-26-000004,https://www.sec.gov/Archives/edgar/data/1018724/000101872426000004/0001018724-26-000004-index.htm
Amazon,1018724,operating_cash_flow,NetCashProvidedByUsedInOperatingActivities,2025-04-01,2026-03-31,2026,Q1,10-Q,2026-04-30,148531000000,0001018724-26-000014,https://www.sec.gov/Archives/edgar/data/1018724/000101872426000014/0001018724-26-000014-index.htm
Amazon,1018724,operating_cash_flow,NetCashProvidedByUsedInOperatingActivities,2026-01-01,2026-03-31,2026,Q1,10-Q,2026-04-30,26032000000,0001018724-26-000014,https://www.sec.gov/Archives/edgar/data/1018724/000101872426000014/0001018724-26-000014-index.htm
Amazon,1018724,operating_cash_flow,NetCashProvidedByUsedInOperatingActivities,2025-07-01,2026-06-30,2026,Q2,10-Q,2026-07-31,161403000000,0001018724-26-000026,https://www.sec.gov/Archives/edgar/data/1018724/000101872426000026/0001018724-26-000026-index.htm
Amazon,1018724,operating_cash_flow,NetCashProvidedByUsedInOperatingActivities,2026-01-01,2026-06-30,2026,Q2,10-Q,2026-07-31,71419000000,0001018724-26-000026,https://www.sec.gov/Archives/edgar/data/1018724/000101872426000026/0001018724-26-000026-index.htm
Amazon,1018724,operating_cash_flow,NetCashProvidedByUsedInOperatingActivities,2026-04-01,2026-06-30,2026,Q2,10-Q,2026-07-31,45387000000,0001018724-26-000026,https://www.sec.gov/Archives/edgar/data/1018724/000101872426000026/0001018724-26-000026-index.htm
Microsoft,789019,capex,PaymentsToAcquirePropertyPlantAndEquipment,2007-07-01,2008-06-30,2010,FY,10-K,2010-07-30,3182000000,0001193125-10-171791,https://www.sec.gov/Archives/edgar/data/789019/000119312510171791/0001193125-10-171791-index.htm
Microsoft,789019,capex,PaymentsToAcquirePropertyPlantAndEquipment,2008-07-01,2008-09-30,2010,Q1,10-Q,2009-10-23,778000000,0001193125-09-212454,https://www.sec.gov/Archives/edgar/data/789019/000119312509212454/0001193125-09-212454-index.htm
Microsoft,789019,capex,PaymentsToAcquirePropertyPlantAndEquipment,2008-07-01,2008-12-31,2010,Q2,10-Q,2010-01-28,1620000000,0001193125-10-015598,https://www.sec.gov/Archives/edgar/data/789019/000119312510015598/0001193125-10-015598-index.htm
Microsoft,789019,capex,PaymentsToAcquirePropertyPlantAndEquipment,2008-10-01,2008-12-31,2010,Q2,10-Q,2010-01-28,842000000,0001193125-10-015598,https://www.sec.gov/Archives/edgar/data/789019/000119312510015598/0001193125-10-015598-index.htm
Microsoft,789019,capex,PaymentsToAcquirePropertyPlantAndEquipment,2008-07-01,2009-03-31,2010,Q3,10-Q,2010-04-22,2252000000,0001193125-10-090116,https://www.sec.gov/Archives/edgar/data/789019/000119312510090116/0001193125-10-090116-index.htm
Microsoft,789019,capex,PaymentsToAcquirePropertyPlantAndEquipment,2009-01-01,2009-03-31,2010,Q3,10-Q,2010-04-22,632000000,0001193125-10-090116,https://www.sec.gov/Archives/edgar/data/789019/000119312510090116/0001193125-10-090116-index.htm
Microsoft,789019,capex,PaymentsToAcquirePropertyPlantAndEquipment,2008-07-01,2009-06-30,2010,FY,10-K,2010-07-30,3119000000,0001193125-10-171791,https://www.sec.gov/Archives/edgar/data/789019/000119312510171791/0001193125-10-171791-index.htm
Microsoft,789019,capex,PaymentsToAcquirePropertyPlantAndEquipment,2008-07-01,2009-06-30,2011,FY,10-K,2011-07-28,3119000000,0001193125-11-200680,https://www.sec.gov/Archives/edgar/data/789019/000119312511200680/0001193125-11-200680-index.htm
Microsoft,789019,capex,PaymentsToAcquirePropertyPlantAndEquipment,2009-07-01,2009-09-30,2010,Q1,10-Q,2009-10-23,435000000,0001193125-09-212454,https://www.sec.gov/Archives/edgar/data/789019/000119312509212454/0001193125-09-212454-index.htm
Microsoft,789019,capex,PaymentsToAcquirePropertyPlantAndEquipment,2009-07-01,2009-09-30,2011,Q1,10-Q,2010-10-28,435000000,0001193125-10-239825,https://www.sec.gov/Archives/edgar/data/789019/000119312510239825/0001193125-10-239825-index.htm
Microsoft,789019,capex,PaymentsToAcquirePropertyPlantAndEquipment,2009-07-01,2009-12-31,2010,Q2,10-Q,2010-01-28,811000000,0001193125-10-015598,https://www.sec.gov/Archives/edgar/data/789019/000119312510015598/0001193125-10-015598-index.htm
Microsoft,789019,capex,PaymentsToAcquirePropertyPlantAndEquipment,2009-07-01,2009-12-31,2011,Q2,10-Q,2011-01-27,811000000,0001193125-11-015947,https://www.sec.gov/Archives/edgar/data/789019/000119312511015947/0001193125-11-015947-index.htm
Microsoft,789019,capex,PaymentsToAcquirePropertyPlantAndEquipment,2009-10-01,2009-12-31,2010,Q2,10-Q,2010-01-28,376000000,0001193125-10-015598,https://www.sec.gov/Archives/edgar/data/789019/000119312510015598/0001193125-10-015598-index.htm
Microsoft,789019,capex,PaymentsToAcquirePropertyPlantAndEquipment,2009-10-01,2009-12-31,2011,Q2,10-Q,2011-01-27,376000000,0001193125-11-015947,https://www.sec.gov/Archives/edgar/data/789019/000119312511015947/0001193125-11-015947-index.htm
Microsoft,789019,capex,PaymentsToAcquirePropertyPlantAndEquipment,2009-07-01,2010-03-31,2010,Q3,10-Q,2010-04-22,1219000000,0001193125-10-090116,https://www.sec.gov/Archives/edgar/data/789019/000119312510090116/0001193125-10-090116-index.htm
Microsoft,789019,capex,PaymentsToAcquirePropertyPlantAndEquipment,2009-07-01,2010-03-31,2011,Q3,10-Q,2011-04-28,1219000000,0001193125-11-115186,https://www.sec.gov/Archives/edgar/data/789019/000119312511115186/0001193125-11-115186-index.htm
Microsoft,789019,capex,PaymentsToAcquirePropertyPlantAndEquipment,2010-01-01,2010-03-31,2010,Q3,10-Q,2010-04-22,408000000,0001193125-10-090116,https://www.sec.gov/Archives/edgar/data/789019/000119312510090116/0001193125-10-090116-index.htm
Microsoft,789019,capex,PaymentsToAcquirePropertyPlantAndEquipment,2010-01-01,2010-03-31,2011,Q3,10-Q,2011-04-28,408000000,0001193125-11-115186,https://www.sec.gov/Archives/edgar/data/789019/000119312511115186/0001193125-11-115186-index.htm
Microsoft,789019,capex,PaymentsToAcquirePropertyPlantAndEquipment,2009-07-01,2010-06-30,2010,FY,10-K,2010-07-30,1977000000,0001193125-10-171791,https://www.sec.gov/Archives/edgar/data/789019/000119312510171791/0001193125-10-171791-index.htm
Microsoft,789019,capex,PaymentsToAcquirePropertyPlantAndEquipment,2009-07-01,2010-06-30,2011,FY,10-K,2011-07-28,1977000000,0001193125-11-200680,https://www.sec.gov/Archives/edgar/data/789019/000119312511200680/0001193125-11-200680-index.htm
Microsoft,789019,capex,PaymentsToAcquirePropertyPlantAndEquipment,2009-07-01,2010-06-30,2012,FY,10-K,2012-07-26,1977000000,0001193125-12-316848,https://www.sec.gov/Archives/edgar/data/789019/000119312512316848/0001193125-12-316848-index.htm
Microsoft,789019,capex,PaymentsToAcquirePropertyPlantAndEquipment,2010-07-01,2010-09-30,2011,Q1,10-Q,2010-10-28,564000000,0001193125-10-239825,https://www.sec.gov/Archives/edgar/data/789019/000119312510239825/0001193125-10-239825-index.htm
Microsoft,789019,capex,PaymentsToAcquirePropertyPlantAndEquipment,2010-07-01,2010-09-30,2012,Q1,10-Q,2011-10-20,564000000,0001193125-11-276022,https://www.sec.gov/Archives/edgar/data/789019/000119312511276022/0001193125-11-276022-index.htm
Microsoft,789019,capex,PaymentsToAcquirePropertyPlantAndEquipment,2010-07-01,2010-12-31,2011,Q2,10-Q,2011-01-27,1055000000,0001193125-11-015947,https://www.sec.gov/Archives/edgar/data/789019/000119312511015947/0001193125-11-015947-index.htm
Microsoft,789019,capex,PaymentsToAcquirePropertyPlantAndEquipment,2010-10-01,2010-12-31,2011,Q2,10-Q,2011-01-27,491000000,0001193125-11-015947,https://www.sec.gov/Archives/edgar/data/789019/000119312511015947/0001193125-11-015947-index.htm
Microsoft,789019,capex,PaymentsToAcquirePropertyPlantAndEquipment,2010-07-01,2011-03-31,2011,Q3,10-Q,2011-04-28,1713000000,0001193125-11-115186,https://www.sec.gov/Archives/edgar/data/789019/000119312511115186/0001193125-11-115186-index.htm
Microsoft,789019,capex,PaymentsToAcquirePropertyPlantAndEquipment,2010-07-01,2011-03-31,2012,Q3,10-Q,2012-04-19,1713000000,0001193125-12-170665,https://www.sec.gov/Archives/edgar/data/789019/000119312512170665/0001193125-12-170665-index.htm
Microsoft,789019,capex,PaymentsToAcquirePropertyPlantAndEquipment,2011-01-01,2011-03-31,2011,Q3,10-Q,2011-04-28,658000000,0001193125-11-115186,https://www.sec.gov/Archives/edgar/data/789019/000119312511115186/0001193125-11-115186-index.htm
Microsoft,789019,capex,PaymentsToAcquirePropertyPlantAndEquipment,2011-01-01,2011-03-31,2012,Q3,10-Q,2012-04-19,658000000,0001193125-12-170665,https://www.sec.gov/Archives/edgar/data/789019/000119312512170665/0001193125-12-170665-index.htm
Microsoft,789019,capex,PaymentsToAcquirePropertyPlantAndEquipment,2010-07-01,2011-06-30,2011,FY,10-K,2011-07-28,2355000000,0001193125-11-200680,https://www.sec.gov/Archives/edgar/data/789019/000119312511200680/0001193125-11-200680-index.htm
Microsoft,789019,capex,PaymentsToAcquirePropertyPlantAndEquipment,2010-07-01,2011-06-30,2012,FY,10-K,2012-07-26,2355000000,0001193125-12-316848,https://www.sec.gov/Archives/edgar/data/789019/000119312512316848/0001193125-12-316848-index.htm
Microsoft,789019,capex,PaymentsToAcquirePropertyPlantAndEquipment,2010-07-01,2011-06-30,2013,FY,10-K,2013-07-30,2355000000,0001193125-13-310206,https://www.sec.gov/Archives/edgar/data/789019/000119312513310206/0001193125-13-310206-index.htm
Microsoft,789019,capex,PaymentsToAcquirePropertyPlantAndEquipment,2011-07-01,2011-09-30,2012,Q1,10-Q,2011-10-20,436000000,0001193125-11-276022,https://www.sec.gov/Archives/edgar/data/789019/000119312511276022/0001193125-11-276022-index.htm
Microsoft,789019,capex,PaymentsToAcquirePropertyPlantAndEquipment,2011-07-01,2011-09-30,2013,Q1,10-Q,2012-10-18,436000000,0001193125-12-427209,https://www.sec.gov/Archives/edgar/data/789019/000119312512427209/0001193125-12-427209-index.htm
Microsoft,789019,capex,PaymentsToAcquirePropertyPlantAndEquipment,2011-07-01,2011-12-31,2013,Q2,10-Q,2013-01-24,934000000,0001193125-13-022207,https://www.sec.gov/Archives/edgar/data/789019/000119312513022207/0001193125-13-022207-index.htm
Microsoft,789019,capex,PaymentsToAcquirePropertyPlantAndEquipment,2011-10-01,2011-12-31,2013,Q2,10-Q,2013-01-24,498000000,0001193125-13-022207,https://www.sec.gov/Archives/edgar/data/789019/000119312513022207/0001193125-13-022207-index.htm
Microsoft,789019,capex,PaymentsToAcquirePropertyPlantAndEquipment,2011-07-01,2012-03-31,2012,Q3,10-Q,2012-04-19,1683000000,0001193125-12-170665,https://www.sec.gov/Archives/edgar/data/789019/000119312512170665/0001193125-12-170665-index.htm
Microsoft,789019,capex,PaymentsToAcquirePropertyPlantAndEquipment,2011-07-01,2012-03-31,2013,Q3,10-Q,2013-04-18,1683000000,0001193125-13-160748,https://www.sec.gov/Archives/edgar/data/789019/000119312513160748/0001193125-13-160748-index.htm
Microsoft,789019,capex,PaymentsToAcquirePropertyPlantAndEquipment,2012-01-01,2012-03-31,2012,Q3,10-Q,2012-04-19,749000000,0001193125-12-170665,https://www.sec.gov/Archives/edgar/data/789019/000119312512170665/0001193125-12-170665-index.htm
Microsoft,789019,capex,PaymentsToAcquirePropertyPlantAndEquipment,2012-01-01,2012-03-31,2013,Q3,10-Q,2013-04-18,749000000,0001193125-13-160748,https://www.sec.gov/Archives/edgar/data/789019/000119312513160748/0001193125-13-160748-index.htm
Microsoft,789019,capex,PaymentsToAcquirePropertyPlantAndEquipment,2011-07-01,2012-06-30,2012,FY,10-K,2012-07-26,2305000000,0001193125-12-316848,https://www.sec.gov/Archives/edgar/data/789019/000119312512316848/0001193125-12-316848-index.htm
Microsoft,789019,capex,PaymentsToAcquirePropertyPlantAndEquipment,2011-07-01,2012-06-30,2013,FY,10-K,2013-07-30,2305000000,0001193125-13-310206,https://www.sec.gov/Archives/edgar/data/789019/000119312513310206/0001193125-13-310206-index.htm
Microsoft,789019,capex,PaymentsToAcquirePropertyPlantAndEquipment,2011-07-01,2012-06-30,2014,FY,10-K,2014-07-31,2305000000,0001193125-14-289961,https://www.sec.gov/Archives/edgar/data/789019/000119312514289961/0001193125-14-289961-index.htm
Microsoft,789019,capex,PaymentsToAcquirePropertyPlantAndEquipment,2012-07-01,2012-09-30,2013,Q1,10-Q,2012-10-18,603000000,0001193125-12-427209,https://www.sec.gov/Archives/edgar/data/789019/000119312512427209/0001193125-12-427209-index.htm
Microsoft,789019,capex,PaymentsToAcquirePropertyPlantAndEquipment,2012-07-01,2012-09-30,2014,Q1,10-Q,2013-10-24,603000000,0001193125-13-409855,https://www.sec.gov/Archives/edgar/data/789019/000119312513409855/0001193125-13-409855-index.htm
Microsoft,789019,capex,PaymentsToAcquirePropertyPlantAndEquipment,2012-07-01,2012-12-31,2013,Q2,10-Q,2013-01-24,1533000000,0001193125-13-022207,https://www.sec.gov/Archives/edgar/data/789019/000119312513022207/0001193125-13-022207-index.htm
Microsoft,789019,capex,PaymentsToAcquirePropertyPlantAndEquipment,2012-07-01,2012-12-31,2014,Q2,10-Q,2014-01-23,1533000000,0001193125-14-018634,https://www.sec.gov/Archives/edgar/data/789019/000119312514018634/0001193125-14-018634-index.htm
Microsoft,789019,capex,PaymentsToAcquirePropertyPlantAndEquipment,2012-10-01,2012-12-31,2013,Q2,10-Q,2013-01-24,930000000,0001193125-13-022207,https://www.sec.gov/Archives/edgar/data/789019/000119312513022207/0001193125-13-022207-index.htm
Microsoft,789019,capex,PaymentsToAcquirePropertyPlantAndEquipment,2012-10-01,2012-12-31,2014,Q2,10-Q,2014-01-23,930000000,0001193125-14-018634,https://www.sec.gov/Archives/edgar/data/789019/000119312514018634/0001193125-14-018634-index.htm
Microsoft,789019,capex,PaymentsToAcquirePropertyPlantAndEquipment,2012-07-01,2013-03-31,2013,Q3,10-Q,2013-04-18,2463000000,0001193125-13-160748,https://www.sec.gov/Archives/edgar/data/789019/000119312513160748/0001193125-13-160748-index.htm
Microsoft,789019,capex,PaymentsToAcquirePropertyPlantAndEquipment,2012-07-01,2013-03-31,2014,Q3,10-Q,2014-04-24,2463000000,0001193125-14-157088,https://www.sec.gov/Archives/edgar/data/789019/000119312514157088/0001193125-14-157088-index.htm
Microsoft,789019,capex,PaymentsToAcquirePropertyPlantAndEquipment,2013-01-01,2013-03-31,2013,Q3,10-Q,2013-04-18,930000000,0001193125-13-160748,https://www.sec.gov/Archives/edgar/data/789019/000119312513160748/0001193125-13-160748-index.htm
Microsoft,789019,capex,PaymentsToAcquirePropertyPlantAndEquipment,2013-01-01,2013-03-31,2014,Q3,10-Q,2014-04-24,930000000,0001193125-14-157088,https://www.sec.gov/Archives/edgar/data/789019/000119312514157088/0001193125-14-157088-index.htm
Microsoft,789019,capex,PaymentsToAcquirePropertyPlantAndEquipment,2012-07-01,2013-06-30,2013,FY,10-K,2013-07-30,4257000000,0001193125-13-310206,https://www.sec.gov/Archives/edgar/data/789019/000119312513310206/0001193125-13-310206-index.htm
Microsoft,789019,capex,PaymentsToAcquirePropertyPlantAndEquipment,2012-07-01,2013-06-30,2014,FY,10-K,2014-07-31,4257000000,0001193125-14-289961,https://www.sec.gov/Archives/edgar/data/789019/000119312514289961/0001193125-14-289961-index.htm
Microsoft,789019,capex,PaymentsToAcquirePropertyPlantAndEquipment,2012-07-01,2013-06-30,2015,FY,10-K,2015-07-31,4257000000,0001193125-15-272806,https://www.sec.gov/Archives/edgar/data/789019/000119312515272806/0001193125-15-272806-index.htm
Microsoft,789019,capex,PaymentsToAcquirePropertyPlantAndEquipment,2013-07-01,2013-09-30,2014,Q1,10-Q,2013-10-24,1231000000,0001193125-13-409855,https://www.sec.gov/Archives/edgar/data/789019/000119312513409855/0001193125-13-409855-index.htm
Microsoft,789019,capex,PaymentsToAcquirePropertyPlantAndEquipment,2013-07-01,2013-09-30,2015,Q1,10-Q,2014-10-23,1231000000,0001193125-14-380252,https://www.sec.gov/Archives/edgar/data/789019/000119312514380252/0001193125-14-380252-index.htm
Microsoft,789019,capex,PaymentsToAcquirePropertyPlantAndEquipment,2013-07-01,2013-12-31,2014,Q2,10-Q,2014-01-23,2963000000,0001193125-14-018634,https://www.sec.gov/Archives/edgar/data/789019/000119312514018634/0001193125-14-018634-index.htm
Microsoft,789019,capex,PaymentsToAcquirePropertyPlantAndEquipment,2013-07-01,2013-12-31,2015,Q2,10-Q,2015-01-26,2963000000,0001193125-15-020351,https://www.sec.gov/Archives/edgar/data/789019/000119312515020351/0001193125-15-020351-index.htm
Microsoft,789019,capex,PaymentsToAcquirePropertyPlantAndEquipment,2013-10-01,2013-12-31,2014,Q2,10-Q,2014-01-23,1732000000,0001193125-14-018634,https://www.sec.gov/Archives/edgar/data/789019/000119312514018634/0001193125-14-018634-index.htm
Microsoft,789019,capex,PaymentsToAcquirePropertyPlantAndEquipment,2013-10-01,2013-12-31,2015,Q2,10-Q,2015-01-26,1732000000,0001193125-15-020351,https://www.sec.gov/Archives/edgar/data/789019/000119312515020351/0001193125-15-020351-index.htm
Microsoft,789019,capex,PaymentsToAcquirePropertyPlantAndEquipment,2013-07-01,2014-03-31,2014,Q3,10-Q,2014-04-24,4155000000,0001193125-14-157088,https://www.sec.gov/Archives/edgar/data/789019/000119312514157088/0001193125-14-157088-index.htm
Microsoft,789019,capex,PaymentsToAcquirePropertyPlantAndEquipment,2013-07-01,2014-03-31,2015,Q3,10-Q,2015-04-23,4155000000,0001193125-15-144151,https://www.sec.gov/Archives/edgar/data/789019/000119312515144151/0001193125-15-144151-index.htm
Microsoft,789019,capex,PaymentsToAcquirePropertyPlantAndEquipment,2014-01-01,2014-03-31,2014,Q3,10-Q,2014-04-24,1192000000,0001193125-14-157088,https://www.sec.gov/Archives/edgar/data/789019/000119312514157088/0001193125-14-157088-index.htm
Microsoft,789019,capex,PaymentsToAcquirePropertyPlantAndEquipment,2014-01-01,2014-03-31,2015,Q3,10-Q,2015-04-23,1192000000,0001193125-15-144151,https://www.sec.gov/Archives/edgar/data/789019/000119312515144151/0001193125-15-144151-index.htm
Microsoft,789019,capex,PaymentsToAcquirePropertyPlantAndEquipment,2013-07-01,2014-06-30,2014,FY,10-K,2014-07-31,5485000000,0001193125-14-289961,https://www.sec.gov/Archives/edgar/data/789019/000119312514289961/0001193125-14-289961-index.htm
Microsoft,789019,capex,PaymentsToAcquirePropertyPlantAndEquipment,2013-07-01,2014-06-30,2015,FY,10-K,2015-07-31,5485000000,0001193125-15-272806,https://www.sec.gov/Archives/edgar/data/789019/000119312515272806/0001193125-15-272806-index.htm
Microsoft,789019,capex,PaymentsToAcquirePropertyPlantAndEquipment,2013-07-01,2014-06-30,2016,FY,10-K,2016-07-28,5485000000,0001193125-16-662209,https://www.sec.gov/Archives/edgar/data/789019/000119312516662209/0001193125-16-662209-index.htm
Microsoft,789019,capex,PaymentsToAcquirePropertyPlantAndEquipment,2014-07-01,2014-09-30,2015,Q1,10-Q,2014-10-23,1282000000,0001193125-14-380252,https://www.sec.gov/Archives/edgar/data/789019/000119312514380252/0001193125-14-380252-index.htm
Microsoft,789019,capex,PaymentsToAcquirePropertyPlantAndEquipment,2014-07-01,2014-09-30,2016,Q1,10-Q,2015-10-22,1282000000,0001193125-15-350718,https://www.sec.gov/Archives/edgar/data/789019/000119312515350718/0001193125-15-350718-index.htm
Microsoft,789019,capex,PaymentsToAcquirePropertyPlantAndEquipment,2014-07-01,2014-12-31,2015,Q2,10-Q,2015-01-26,2772000000,0001193125-15-020351,https://www.sec.gov/Archives/edgar/data/789019/000119312515020351/0001193125-15-020351-index.htm
Microsoft,789019,capex,PaymentsToAcquirePropertyPlantAndEquipment,2014-07-01,2014-12-31,2016,Q2,10-Q,2016-01-28,2772000000,0001193125-16-441821,https://www.sec.gov/Archives/edgar/data/789019/000119312516441821/0001193125-16-441821-index.htm
Microsoft,789019,capex,PaymentsToAcquirePropertyPlantAndEquipment,2014-10-01,2014-12-31,2015,Q2,10-Q,2015-01-26,1490000000,0001193125-15-020351,https://www.sec.gov/Archives/edgar/data/789019/000119312515020351/0001193125-15-020351-index.htm
Microsoft,789019,capex,PaymentsToAcquirePropertyPlantAndEquipment,2014-10-01,2014-12-31,2016,Q2,10-Q,2016-01-28,1490000000,0001193125-16-441821,https://www.sec.gov/Archives/edgar/data/789019/000119312516441821/0001193125-16-441821-index.htm
Microsoft,789019,capex,PaymentsToAcquirePropertyPlantAndEquipment,2014-07-01,2015-03-31,2015,Q3,10-Q,2015-04-23,4163000000,0001193125-15-144151,https://www.sec.gov/Archives/edgar/data/789019/000119312515144151/0001193125-15-144151-index.htm
Microsoft,789019,capex,PaymentsToAcquirePropertyPlantAndEquipment,2014-07-01,2015-03-31,2016,Q3,10-Q,2016-04-21,4163000000,0001193125-16-550254,https://www.sec.gov/Archives/edgar/data/789019/000119312516550254/0001193125-16-550254-index.htm
Microsoft,789019,capex,PaymentsToAcquirePropertyPlantAndEquipment,2015-01-01,2015-03-31,2015,Q3,10-Q,2015-04-23,1391000000,0001193125-15-144151,https://www.sec.gov/Archives/edgar/data/789019/000119312515144151/0001193125-15-144151-index.htm
Microsoft,789019,capex,PaymentsToAcquirePropertyPlantAndEquipment,2015-01-01,2015-03-31,2016,Q3,10-Q,2016-04-21,1391000000,0001193125-16-550254,https://www.sec.gov/Archives/edgar/data/789019/000119312516550254/0001193125-16-550254-index.htm
Microsoft,789019,capex,PaymentsToAcquirePropertyPlantAndEquipment,2014-07-01,2015-06-30,2015,FY,10-K,2015-07-31,5944000000,0001193125-15-272806,https://www.sec.gov/Archives/edgar/data/789019/000119312515272806/0001193125-15-272806-index.htm
Microsoft,789019,capex,PaymentsToAcquirePropertyPlantAndEquipment,2014-07-01,2015-06-30,2016,FY,10-K,2016-07-28,5944000000,0001193125-16-662209,https://www.sec.gov/Archives/edgar/data/789019/000119312516662209/0001193125-16-662209-index.htm
Microsoft,789019,capex,PaymentsToAcquirePropertyPlantAndEquipment,2014-07-01,2015-06-30,2017,FY,10-K,2017-08-02,5944000000,0001564590-17-014900,https://www.sec.gov/Archives/edgar/data/789019/000156459017014900/0001564590-17-014900-index.htm
Microsoft,789019,capex,PaymentsToAcquirePropertyPlantAndEquipment,2015-07-01,2015-09-30,2016,Q1,10-Q,2015-10-22,1356000000,0001193125-15-350718,https://www.sec.gov/Archives/edgar/data/789019/000119312515350718/0001193125-15-350718-index.htm
Microsoft,789019,capex,PaymentsToAcquirePropertyPlantAndEquipment,2015-07-01,2015-09-30,2017,Q1,10-Q,2016-10-20,1356000000,0001193125-16-742796,https://www.sec.gov/Archives/edgar/data/789019/000119312516742796/0001193125-16-742796-index.htm
Microsoft,789019,capex,PaymentsToAcquirePropertyPlantAndEquipment,2015-07-01,2015-12-31,2016,Q2,10-Q,2016-01-28,3380000000,0001193125-16-441821,https://www.sec.gov/Archives/edgar/data/789019/000119312516441821/0001193125-16-441821-index.htm
Microsoft,789019,capex,PaymentsToAcquirePropertyPlantAndEquipment,2015-07-01,2015-12-31,2017,Q2,10-Q,2017-01-26,3380000000,0001564590-17-000654,https://www.sec.gov/Archives/edgar/data/789019/000156459017000654/0001564590-17-000654-index.htm
Microsoft,789019,capex,PaymentsToAcquirePropertyPlantAndEquipment,2015-10-01,2015-12-31,2016,Q2,10-Q,2016-01-28,2024000000,0001193125-16-441821,https://www.sec.gov/Archives/edgar/data/789019/000119312516441821/0001193125-16-441821-index.htm
Microsoft,789019,capex,PaymentsToAcquirePropertyPlantAndEquipment,2015-10-01,2015-12-31,2017,Q2,10-Q,2017-01-26,2024000000,0001564590-17-000654,https://www.sec.gov/Archives/edgar/data/789019/000156459017000654/0001564590-17-000654-index.htm
Microsoft,789019,capex,PaymentsToAcquirePropertyPlantAndEquipment,2015-07-01,2016-03-31,2016,Q3,10-Q,2016-04-21,5688000000,0001193125-16-550254,https://www.sec.gov/Archives/edgar/data/789019/000119312516550254/0001193125-16-550254-index.htm
Microsoft,789019,capex,PaymentsToAcquirePropertyPlantAndEquipment,2015-07-01,2016-03-31,2017,Q3,10-Q,2017-04-27,5688000000,0001564590-17-007547,https://www.sec.gov/Archives/edgar/data/789019/000156459017007547/0001564590-17-007547-index.htm
Microsoft,789019,capex,PaymentsToAcquirePropertyPlantAndEquipment,2016-01-01,2016-03-31,2016,Q3,10-Q,2016-04-21,2308000000,0001193125-16-550254,https://www.sec.gov/Archives/edgar/data/789019/000119312516550254/0001193125-16-550254-index.htm
Microsoft,789019,capex,PaymentsToAcquirePropertyPlantAndEquipment,2016-01-01,2016-03-31,2017,Q3,10-Q,2017-04-27,2308000000,0001564590-17-007547,https://www.sec.gov/Archives/edgar/data/789019/000156459017007547/0001564590-17-007547-index.htm
Microsoft,789019,capex,PaymentsToAcquirePropertyPlantAndEquipment,2015-07-01,2016-06-30,2016,FY,10-K,2016-07-28,8343000000,0001193125-16-662209,https://www.sec.gov/Archives/edgar/data/789019/000119312516662209/0001193125-16-662209-index.htm
Microsoft,789019,capex,PaymentsToAcquirePropertyPlantAndEquipment,2015-07-01,2016-06-30,2017,FY,10-K,2017-08-02,8343000000,0001564590-17-014900,https://www.sec.gov/Archives/edgar/data/789019/000156459017014900/0001564590-17-014900-index.htm
Microsoft,789019,capex,PaymentsToAcquirePropertyPlantAndEquipment,2015-07-01,2016-06-30,2018,FY,10-K,2018-08-03,8343000000,0001564590-18-019062,https://www.sec.gov/Archives/edgar/data/789019/000156459018019062/0001564590-18-019062-index.htm
Microsoft,789019,capex,PaymentsToAcquirePropertyPlantAndEquipment,2016-07-01,2016-09-30,2017,Q1,10-Q,2016-10-20,2163000000,0001193125-16-742796,https://www.sec.gov/Archives/edgar/data/789019/000119312516742796/0001193125-16-742796-index.htm
Microsoft,789019,capex,PaymentsToAcquirePropertyPlantAndEquipment,2016-07-01,2016-09-30,2018,Q1,10-Q,2017-10-26,2163000000,0001564590-17-020171,https://www.sec.gov/Archives/edgar/data/789019/000156459017020171/0001564590-17-020171-index.htm
Microsoft,789019,capex,PaymentsToAcquirePropertyPlantAndEquipment,2016-07-01,2016-12-31,2017,Q2,10-Q,2017-01-26,4151000000,0001564590-17-000654,https://www.sec.gov/Archives/edgar/data/789019/000156459017000654/0001564590-17-000654-index.htm
Microsoft,789019,capex,PaymentsToAcquirePropertyPlantAndEquipment,2016-07-01,2016-12-31,2018,Q2,10-Q,2018-01-31,4151000000,0001564590-18-001129,https://www.sec.gov/Archives/edgar/data/789019/000156459018001129/0001564590-18-001129-index.htm
Microsoft,789019,capex,PaymentsToAcquirePropertyPlantAndEquipment,2016-10-01,2016-12-31,2017,Q2,10-Q,2017-01-26,1988000000,0001564590-17-000654,https://www.sec.gov/Archives/edgar/data/789019/000156459017000654/0001564590-17-000654-index.htm
Microsoft,789019,capex,PaymentsToAcquirePropertyPlantAndEquipment,2016-10-01,2016-12-31,2018,Q2,10-Q,2018-01-31,1988000000,0001564590-18-001129,https://www.sec.gov/Archives/edgar/data/789019/000156459018001129/0001564590-18-001129-index.htm
Microsoft,789019,capex,PaymentsToAcquirePropertyPlantAndEquipment,2016-07-01,2017-03-31,2017,Q3,10-Q,2017-04-27,5846000000,0001564590-17-007547,https://www.sec.gov/Archives/edgar/data/789019/000156459017007547/0001564590-17-007547-index.htm
Microsoft,789019,capex,PaymentsToAcquirePropertyPlantAndEquipment,2016-07-01,2017-03-31,2018,Q3,10-Q,2018-04-26,5846000000,0001564590-18-009307,https://www.sec.gov/Archives/edgar/data/789019/000156459018009307/0001564590-18-009307-index.htm
Microsoft,789019,capex,PaymentsToAcquirePropertyPlantAndEquipment,2017-01-01,2017-03-31,2017,Q3,10-Q,2017-04-27,1695000000,0001564590-17-007547,https://www.sec.gov/Archives/edgar/data/789019/000156459017007547/0001564590-17-007547-index.htm
Microsoft,789019,capex,PaymentsToAcquirePropertyPlantAndEquipment,2017-01-01,2017-03-31,2018,Q3,10-Q,2018-04-26,1695000000,0001564590-18-009307,https://www.sec.gov/Archives/edgar/data/789019/000156459018009307/0001564590-18-009307-index.htm
Microsoft,789019,capex,PaymentsToAcquirePropertyPlantAndEquipment,2016-07-01,2017-06-30,2017,FY,10-K,2017-08-02,8129000000,0001564590-17-014900,https://www.sec.gov/Archives/edgar/data/789019/000156459017014900/0001564590-17-014900-index.htm
Microsoft,789019,capex,PaymentsToAcquirePropertyPlantAndEquipment,2016-07-01,2017-06-30,2018,FY,10-K,2018-08-03,8129000000,0001564590-18-019062,https://www.sec.gov/Archives/edgar/data/789019/000156459018019062/0001564590-18-019062-index.htm
Microsoft,789019,capex,PaymentsToAcquirePropertyPlantAndEquipment,2016-07-01,2017-06-30,2019,FY,10-K,2019-08-01,8129000000,0001564590-19-027952,https://www.sec.gov/Archives/edgar/data/789019/000156459019027952/0001564590-19-027952-index.htm
Microsoft,789019,capex,PaymentsToAcquirePropertyPlantAndEquipment,2017-07-01,2017-09-30,2018,Q1,10-Q,2017-10-26,2132000000,0001564590-17-020171,https://www.sec.gov/Archives/edgar/data/789019/000156459017020171/0001564590-17-020171-index.htm
Microsoft,789019,capex,PaymentsToAcquirePropertyPlantAndEquipment,2017-07-01,2017-09-30,2019,Q1,10-Q,2018-10-24,2132000000,0001564590-18-024893,https://www.sec.gov/Archives/edgar/data/789019/000156459018024893/0001564590-18-024893-index.htm
Microsoft,789019,capex,PaymentsToAcquirePropertyPlantAndEquipment,2017-07-01,2017-12-31,2018,Q2,10-Q,2018-01-31,4718000000,0001564590-18-001129,https://www.sec.gov/Archives/edgar/data/789019/000156459018001129/0001564590-18-001129-index.htm
Microsoft,789019,capex,PaymentsToAcquirePropertyPlantAndEquipment,2017-07-01,2017-12-31,2019,Q2,10-Q,2019-01-30,4718000000,0001564590-19-001392,https://www.sec.gov/Archives/edgar/data/789019/000156459019001392/0001564590-19-001392-index.htm
Microsoft,789019,capex,PaymentsToAcquirePropertyPlantAndEquipment,2017-10-01,2017-12-31,2018,Q2,10-Q,2018-01-31,2586000000,0001564590-18-001129,https://www.sec.gov/Archives/edgar/data/789019/000156459018001129/0001564590-18-001129-index.htm
Microsoft,789019,capex,PaymentsToAcquirePropertyPlantAndEquipment,2017-10-01,2017-12-31,2019,Q2,10-Q,2019-01-30,2586000000,0001564590-19-001392,https://www.sec.gov/Archives/edgar/data/789019/000156459019001392/0001564590-19-001392-index.htm
Microsoft,789019,capex,PaymentsToAcquirePropertyPlantAndEquipment,2017-07-01,2018-03-31,2018,Q3,10-Q,2018-04-26,7652000000,0001564590-18-009307,https://www.sec.gov/Archives/edgar/data/789019/000156459018009307/0001564590-18-009307-index.htm
Microsoft,789019,capex,PaymentsToAcquirePropertyPlantAndEquipment,2017-07-01,2018-03-31,2019,Q3,10-Q,2019-04-24,7652000000,0001564590-19-012709,https://www.sec.gov/Archives/edgar/data/789019/000156459019012709/0001564590-19-012709-index.htm
Microsoft,789019,capex,PaymentsToAcquirePropertyPlantAndEquipment,2018-01-01,2018-03-31,2018,Q3,10-Q,2018-04-26,2934000000,0001564590-18-009307,https://www.sec.gov/Archives/edgar/data/789019/000156459018009307/0001564590-18-009307-index.htm
Microsoft,789019,capex,PaymentsToAcquirePropertyPlantAndEquipment,2018-01-01,2018-03-31,2019,Q3,10-Q,2019-04-24,2934000000,0001564590-19-012709,https://www.sec.gov/Archives/edgar/data/789019/000156459019012709/0001564590-19-012709-index.htm
Microsoft,789019,capex,PaymentsToAcquirePropertyPlantAndEquipment,2017-07-01,2018-06-30,2018,FY,10-K,2018-08-03,11632000000,0001564590-18-019062,https://www.sec.gov/Archives/edgar/data/789019/000156459018019062/0001564590-18-019062-index.htm
Microsoft,789019,capex,PaymentsToAcquirePropertyPlantAndEquipment,2017-07-01,2018-06-30,2019,FY,10-K,2019-08-01,11632000000,0001564590-19-027952,https://www.sec.gov/Archives/edgar/data/789019/000156459019027952/0001564590-19-027952-index.htm
Microsoft,789019,capex,PaymentsToAcquirePropertyPlantAndEquipment,2017-07-01,2018-06-30,2020,FY,10-K,2020-07-30,11632000000,0001564590-20-034944,https://www.sec.gov/Archives/edgar/data/789019/000156459020034944/0001564590-20-034944-index.htm
Microsoft,789019,capex,PaymentsToAcquirePropertyPlantAndEquipment,2018-07-01,2018-09-30,2019,Q1,10-Q,2018-10-24,3602000000,0001564590-18-024893,https://www.sec.gov/Archives/edgar/data/789019/000156459018024893/0001564590-18-024893-index.htm
Microsoft,789019,capex,PaymentsToAcquirePropertyPlantAndEquipment,2018-07-01,2018-09-30,2020,Q1,10-Q,2019-10-23,3602000000,0001564590-19-037549,https://www.sec.gov/Archives/edgar/data/789019/000156459019037549/0001564590-19-037549-index.htm
Microsoft,789019,capex,PaymentsToAcquirePropertyPlantAndEquipment,2018-07-01,2018-12-31,2019,Q2,10-Q,2019-01-30,7309000000,0001564590-19-001392,https://www.sec.gov/Archives/edgar/data/789019/000156459019001392/0001564590-19-001392-index.htm
Microsoft,789019,capex,PaymentsToAcquirePropertyPlantAndEquipment,2018-07-01,2018-12-31,2020,Q2,10-Q,2020-01-29,7309000000,0001564590-20-002450,https://www.sec.gov/Archives/edgar/data/789019/000156459020002450/0001564590-20-002450-index.htm
Microsoft,789019,capex,PaymentsToAcquirePropertyPlantAndEquipment,2018-10-01,2018-12-31,2019,Q2,10-Q,2019-01-30,3707000000,0001564590-19-001392,https://www.sec.gov/Archives/edgar/data/789019/000156459019001392/0001564590-19-001392-index.htm
Microsoft,789019,capex,PaymentsToAcquirePropertyPlantAndEquipment,2018-10-01,2018-12-31,2020,Q2,10-Q,2020-01-29,3707000000,0001564590-20-002450,https://www.sec.gov/Archives/edgar/data/789019/000156459020002450/0001564590-20-002450-index.htm
Microsoft,789019,capex,PaymentsToAcquirePropertyPlantAndEquipment,2018-07-01,2019-03-31,2019,Q3,10-Q,2019-04-24,9874000000,0001564590-19-012709,https://www.sec.gov/Archives/edgar/data/789019/000156459019012709/0001564590-19-012709-index.htm
Microsoft,789019,capex,PaymentsToAcquirePropertyPlantAndEquipment,2018-07-01,2019-03-31,2020,Q3,10-Q,2020-04-29,9874000000,0001564590-20-019706,https://www.sec.gov/Archives/edgar/data/789019/000156459020019706/0001564590-20-019706-index.htm
Microsoft,789019,capex,PaymentsToAcquirePropertyPlantAndEquipment,2019-01-01,2019-03-31,2019,Q3,10-Q,2019-04-24,2565000000,0001564590-19-012709,https://www.sec.gov/Archives/edgar/data/789019/000156459019012709/0001564590-19-012709-index.htm
Microsoft,789019,capex,PaymentsToAcquirePropertyPlantAndEquipment,2019-01-01,2019-03-31,2020,Q3,10-Q,2020-04-29,2565000000,0001564590-20-019706,https://www.sec.gov/Archives/edgar/data/789019/000156459020019706/0001564590-20-019706-index.htm
Microsoft,789019,capex,PaymentsToAcquirePropertyPlantAndEquipment,2018-07-01,2019-06-30,2019,FY,10-K,2019-08-01,13925000000,0001564590-19-027952,https://www.sec.gov/Archives/edgar/data/789019/000156459019027952/0001564590-19-027952-index.htm
Microsoft,789019,capex,PaymentsToAcquirePropertyPlantAndEquipment,2018-07-01,2019-06-30,2020,FY,10-K,2020-07-30,13925000000,0001564590-20-034944,https://www.sec.gov/Archives/edgar/data/789019/000156459020034944/0001564590-20-034944-index.htm
Microsoft,789019,capex,PaymentsToAcquirePropertyPlantAndEquipment,2018-07-01,2019-06-30,2021,FY,10-K,2021-07-29,13925000000,0001564590-21-039151,https://www.sec.gov/Archives/edgar/data/789019/000156459021039151/0001564590-21-039151-index.htm
Microsoft,789019,capex,PaymentsToAcquirePropertyPlantAndEquipment,2019-07-01,2019-09-30,2020,Q1,10-Q,2019-10-23,3385000000,0001564590-19-037549,https://www.sec.gov/Archives/edgar/data/789019/000156459019037549/0001564590-19-037549-index.htm
Microsoft,789019,capex,PaymentsToAcquirePropertyPlantAndEquipment,2019-07-01,2019-09-30,2021,Q1,10-Q,2020-10-27,3385000000,0001564590-20-047996,https://www.sec.gov/Archives/edgar/data/789019/000156459020047996/0001564590-20-047996-index.htm
Microsoft,789019,capex,PaymentsToAcquirePropertyPlantAndEquipment,2019-07-01,2019-12-31,2020,Q2,10-Q,2020-01-29,6930000000,0001564590-20-002450,https://www.sec.gov/Archives/edgar/data/789019/000156459020002450/0001564590-20-002450-index.htm
Microsoft,789019,capex,PaymentsToAcquirePropertyPlantAndEquipment,2019-07-01,2019-12-31,2021,Q2,10-Q,2021-01-26,6930000000,0001564590-21-002316,https://www.sec.gov/Archives/edgar/data/789019/000156459021002316/0001564590-21-002316-index.htm
Microsoft,789019,capex,PaymentsToAcquirePropertyPlantAndEquipment,2019-10-01,2019-12-31,2020,Q2,10-Q,2020-01-29,3545000000,0001564590-20-002450,https://www.sec.gov/Archives/edgar/data/789019/000156459020002450/0001564590-20-002450-index.htm
Microsoft,789019,capex,PaymentsToAcquirePropertyPlantAndEquipment,2019-10-01,2019-12-31,2021,Q2,10-Q,2021-01-26,3545000000,0001564590-21-002316,https://www.sec.gov/Archives/edgar/data/789019/000156459021002316/0001564590-21-002316-index.htm
Microsoft,789019,capex,PaymentsToAcquirePropertyPlantAndEquipment,2019-07-01,2020-03-31,2020,Q3,10-Q,2020-04-29,10697000000,0001564590-20-019706,https://www.sec.gov/Archives/edgar/data/789019/000156459020019706/0001564590-20-019706-index.htm
Microsoft,789019,capex,PaymentsToAcquirePropertyPlantAndEquipment,2019-07-01,2020-03-31,2021,Q3,10-Q,2021-04-27,10697000000,0001564590-21-020891,https://www.sec.gov/Archives/edgar/data/789019/000156459021020891/0001564590-21-020891-index.htm
Microsoft,789019,capex,PaymentsToAcquirePropertyPlantAndEquipment,2020-01-01,2020-03-31,2020,Q3,10-Q,2020-04-29,3767000000,0001564590-20-019706,https://www.sec.gov/Archives/edgar/data/789019/000156459020019706/0001564590-20-019706-index.htm
Microsoft,789019,capex,PaymentsToAcquirePropertyPlantAndEquipment,2020-01-01,2020-03-31,2021,Q3,10-Q,2021-04-27,3767000000,0001564590-21-020891,https://www.sec.gov/Archives/edgar/data/789019/000156459021020891/0001564590-21-020891-index.htm
Microsoft,789019,capex,PaymentsToAcquirePropertyPlantAndEquipment,2019-07-01,2020-06-30,2020,FY,10-K,2020-07-30,15441000000,0001564590-20-034944,https://www.sec.gov/Archives/edgar/data/789019/000156459020034944/0001564590-20-034944-index.htm
Microsoft,789019,capex,PaymentsToAcquirePropertyPlantAndEquipment,2019-07-01,2020-06-30,2021,FY,10-K,2021-07-29,15441000000,0001564590-21-039151,https://www.sec.gov/Archives/edgar/data/789019/000156459021039151/0001564590-21-039151-index.htm
Microsoft,789019,capex,PaymentsToAcquirePropertyPlantAndEquipment,2019-07-01,2020-06-30,2022,FY,10-K,2022-07-28,15441000000,0001564590-22-026876,https://www.sec.gov/Archives/edgar/data/789019/000156459022026876/0001564590-22-026876-index.htm
Microsoft,789019,capex,PaymentsToAcquirePropertyPlantAndEquipment,2020-07-01,2020-09-30,2021,Q1,10-Q,2020-10-27,4907000000,0001564590-20-047996,https://www.sec.gov/Archives/edgar/data/789019/000156459020047996/0001564590-20-047996-index.htm
Microsoft,789019,capex,PaymentsToAcquirePropertyPlantAndEquipment,2020-07-01,2020-09-30,2022,Q1,10-Q,2021-10-26,4907000000,0001564590-21-051992,https://www.sec.gov/Archives/edgar/data/789019/000156459021051992/0001564590-21-051992-index.htm
Microsoft,789019,capex,PaymentsToAcquirePropertyPlantAndEquipment,2020-07-01,2020-12-31,2021,Q2,10-Q,2021-01-26,9081000000,0001564590-21-002316,https://www.sec.gov/Archives/edgar/data/789019/000156459021002316/0001564590-21-002316-index.htm
Microsoft,789019,capex,PaymentsToAcquirePropertyPlantAndEquipment,2020-07-01,2020-12-31,2022,Q2,10-Q,2022-01-25,9081000000,0001564590-22-002324,https://www.sec.gov/Archives/edgar/data/789019/000156459022002324/0001564590-22-002324-index.htm
Microsoft,789019,capex,PaymentsToAcquirePropertyPlantAndEquipment,2020-10-01,2020-12-31,2021,Q2,10-Q,2021-01-26,4174000000,0001564590-21-002316,https://www.sec.gov/Archives/edgar/data/789019/000156459021002316/0001564590-21-002316-index.htm
Microsoft,789019,capex,PaymentsToAcquirePropertyPlantAndEquipment,2020-10-01,2020-12-31,2022,Q2,10-Q,2022-01-25,4174000000,0001564590-22-002324,https://www.sec.gov/Archives/edgar/data/789019/000156459022002324/0001564590-22-002324-index.htm
Microsoft,789019,capex,PaymentsToAcquirePropertyPlantAndEquipment,2020-07-01,2021-03-31,2021,Q3,10-Q,2021-04-27,14170000000,0001564590-21-020891,https://www.sec.gov/Archives/edgar/data/789019/000156459021020891/0001564590-21-020891-index.htm
Microsoft,789019,capex,PaymentsToAcquirePropertyPlantAndEquipment,2020-07-01,2021-03-31,2022,Q3,10-Q,2022-04-26,14170000000,0001564590-22-015675,https://www.sec.gov/Archives/edgar/data/789019/000156459022015675/0001564590-22-015675-index.htm
Microsoft,789019,capex,PaymentsToAcquirePropertyPlantAndEquipment,2021-01-01,2021-03-31,2021,Q3,10-Q,2021-04-27,5089000000,0001564590-21-020891,https://www.sec.gov/Archives/edgar/data/789019/000156459021020891/0001564590-21-020891-index.htm
Microsoft,789019,capex,PaymentsToAcquirePropertyPlantAndEquipment,2021-01-01,2021-03-31,2022,Q3,10-Q,2022-04-26,5089000000,0001564590-22-015675,https://www.sec.gov/Archives/edgar/data/789019/000156459022015675/0001564590-22-015675-index.htm
Microsoft,789019,capex,PaymentsToAcquirePropertyPlantAndEquipment,2020-07-01,2021-06-30,2021,FY,10-K,2021-07-29,20622000000,0001564590-21-039151,https://www.sec.gov/Archives/edgar/data/789019/000156459021039151/0001564590-21-039151-index.htm
Microsoft,789019,capex,PaymentsToAcquirePropertyPlantAndEquipment,2020-07-01,2021-06-30,2022,FY,10-K,2022-07-28,20622000000,0001564590-22-026876,https://www.sec.gov/Archives/edgar/data/789019/000156459022026876/0001564590-22-026876-index.htm
Microsoft,789019,capex,PaymentsToAcquirePropertyPlantAndEquipment,2020-07-01,2021-06-30,2023,FY,10-K,2023-07-27,20622000000,0000950170-23-035122,https://www.sec.gov/Archives/edgar/data/789019/000095017023035122/0000950170-23-035122-index.htm
Microsoft,789019,capex,PaymentsToAcquirePropertyPlantAndEquipment,2021-07-01,2021-09-30,2022,Q1,10-Q,2021-10-26,5810000000,0001564590-21-051992,https://www.sec.gov/Archives/edgar/data/789019/000156459021051992/0001564590-21-051992-index.htm
Microsoft,789019,capex,PaymentsToAcquirePropertyPlantAndEquipment,2021-07-01,2021-09-30,2023,Q1,10-Q,2022-10-25,5810000000,0001564590-22-035087,https://www.sec.gov/Archives/edgar/data/789019/000156459022035087/0001564590-22-035087-index.htm
Microsoft,789019,capex,PaymentsToAcquirePropertyPlantAndEquipment,2021-07-01,2021-12-31,2022,Q2,10-Q,2022-01-25,11675000000,0001564590-22-002324,https://www.sec.gov/Archives/edgar/data/789019/000156459022002324/0001564590-22-002324-index.htm
Microsoft,789019,capex,PaymentsToAcquirePropertyPlantAndEquipment,2021-07-01,2021-12-31,2023,Q2,10-Q,2023-01-24,11675000000,0001564590-23-000733,https://www.sec.gov/Archives/edgar/data/789019/000156459023000733/0001564590-23-000733-index.htm
Microsoft,789019,capex,PaymentsToAcquirePropertyPlantAndEquipment,2021-10-01,2021-12-31,2022,Q2,10-Q,2022-01-25,5865000000,0001564590-22-002324,https://www.sec.gov/Archives/edgar/data/789019/000156459022002324/0001564590-22-002324-index.htm
Microsoft,789019,capex,PaymentsToAcquirePropertyPlantAndEquipment,2021-10-01,2021-12-31,2023,Q2,10-Q,2023-01-24,5865000000,0001564590-23-000733,https://www.sec.gov/Archives/edgar/data/789019/000156459023000733/0001564590-23-000733-index.htm
Microsoft,789019,capex,PaymentsToAcquirePropertyPlantAndEquipment,2021-07-01,2022-03-31,2022,Q3,10-Q,2022-04-26,17015000000,0001564590-22-015675,https://www.sec.gov/Archives/edgar/data/789019/000156459022015675/0001564590-22-015675-index.htm
Microsoft,789019,capex,PaymentsToAcquirePropertyPlantAndEquipment,2021-07-01,2022-03-31,2023,Q3,10-Q,2023-04-25,17015000000,0000950170-23-014423,https://www.sec.gov/Archives/edgar/data/789019/000095017023014423/0000950170-23-014423-index.htm
Microsoft,789019,capex,PaymentsToAcquirePropertyPlantAndEquipment,2022-01-01,2022-03-31,2022,Q3,10-Q,2022-04-26,5340000000,0001564590-22-015675,https://www.sec.gov/Archives/edgar/data/789019/000156459022015675/0001564590-22-015675-index.htm
Microsoft,789019,capex,PaymentsToAcquirePropertyPlantAndEquipment,2022-01-01,2022-03-31,2023,Q3,10-Q,2023-04-25,5340000000,0000950170-23-014423,https://www.sec.gov/Archives/edgar/data/789019/000095017023014423/0000950170-23-014423-index.htm
Microsoft,789019,capex,PaymentsToAcquirePropertyPlantAndEquipment,2021-07-01,2022-06-30,2022,FY,10-K,2022-07-28,23886000000,0001564590-22-026876,https://www.sec.gov/Archives/edgar/data/789019/000156459022026876/0001564590-22-026876-index.htm
Microsoft,789019,capex,PaymentsToAcquirePropertyPlantAndEquipment,2021-07-01,2022-06-30,2023,FY,10-K,2023-07-27,23886000000,0000950170-23-035122,https://www.sec.gov/Archives/edgar/data/789019/000095017023035122/0000950170-23-035122-index.htm
Microsoft,789019,capex,PaymentsToAcquirePropertyPlantAndEquipment,2021-07-01,2022-06-30,2024,FY,10-K,2024-07-30,23886000000,0000950170-24-087843,https://www.sec.gov/Archives/edgar/data/789019/000095017024087843/0000950170-24-087843-index.htm
Microsoft,789019,capex,PaymentsToAcquirePropertyPlantAndEquipment,2022-07-01,2022-09-30,2023,Q1,10-Q,2022-10-25,6283000000,0001564590-22-035087,https://www.sec.gov/Archives/edgar/data/789019/000156459022035087/0001564590-22-035087-index.htm
Microsoft,789019,capex,PaymentsToAcquirePropertyPlantAndEquipment,2022-07-01,2022-09-30,2024,Q1,10-Q,2023-10-24,6283000000,0000950170-23-054855,https://www.sec.gov/Archives/edgar/data/789019/000095017023054855/0000950170-23-054855-index.htm
Microsoft,789019,capex,PaymentsToAcquirePropertyPlantAndEquipment,2022-07-01,2022-12-31,2023,Q2,10-Q,2023-01-24,12557000000,0001564590-23-000733,https://www.sec.gov/Archives/edgar/data/789019/000156459023000733/0001564590-23-000733-index.htm
Microsoft,789019,capex,PaymentsToAcquirePropertyPlantAndEquipment,2022-07-01,2022-12-31,2024,Q2,10-Q,2024-01-30,12557000000,0000950170-24-008814,https://www.sec.gov/Archives/edgar/data/789019/000095017024008814/0000950170-24-008814-index.htm
Microsoft,789019,capex,PaymentsToAcquirePropertyPlantAndEquipment,2022-10-01,2022-12-31,2023,Q2,10-Q,2023-01-24,6274000000,0001564590-23-000733,https://www.sec.gov/Archives/edgar/data/789019/000156459023000733/0001564590-23-000733-index.htm
Microsoft,789019,capex,PaymentsToAcquirePropertyPlantAndEquipment,2022-10-01,2022-12-31,2024,Q2,10-Q,2024-01-30,6274000000,0000950170-24-008814,https://www.sec.gov/Archives/edgar/data/789019/000095017024008814/0000950170-24-008814-index.htm
Microsoft,789019,capex,PaymentsToAcquirePropertyPlantAndEquipment,2022-07-01,2023-03-31,2023,Q3,10-Q,2023-04-25,19164000000,0000950170-23-014423,https://www.sec.gov/Archives/edgar/data/789019/000095017023014423/0000950170-23-014423-index.htm
Microsoft,789019,capex,PaymentsToAcquirePropertyPlantAndEquipment,2022-07-01,2023-03-31,2024,Q3,10-Q,2024-04-25,19164000000,0000950170-24-048288,https://www.sec.gov/Archives/edgar/data/789019/000095017024048288/0000950170-24-048288-index.htm
Microsoft,789019,capex,PaymentsToAcquirePropertyPlantAndEquipment,2023-01-01,2023-03-31,2023,Q3,10-Q,2023-04-25,6607000000,0000950170-23-014423,https://www.sec.gov/Archives/edgar/data/789019/000095017023014423/0000950170-23-014423-index.htm
Microsoft,789019,capex,PaymentsToAcquirePropertyPlantAndEquipment,2023-01-01,2023-03-31,2024,Q3,10-Q,2024-04-25,6607000000,0000950170-24-048288,https://www.sec.gov/Archives/edgar/data/789019/000095017024048288/0000950170-24-048288-index.htm
Microsoft,789019,capex,PaymentsToAcquirePropertyPlantAndEquipment,2022-07-01,2023-06-30,2023,FY,10-K,2023-07-27,28107000000,0000950170-23-035122,https://www.sec.gov/Archives/edgar/data/789019/000095017023035122/0000950170-23-035122-index.htm
Microsoft,789019,capex,PaymentsToAcquirePropertyPlantAndEquipment,2022-07-01,2023-06-30,2024,FY,10-K,2024-07-30,28107000000,0000950170-24-087843,https://www.sec.gov/Archives/edgar/data/789019/000095017024087843/0000950170-24-087843-index.htm
Microsoft,789019,capex,PaymentsToAcquirePropertyPlantAndEquipment,2022-07-01,2023-06-30,2025,FY,10-K,2025-07-30,28107000000,0000950170-25-100235,https://www.sec.gov/Archives/edgar/data/789019/000095017025100235/0000950170-25-100235-index.htm
Microsoft,789019,capex,PaymentsToAcquirePropertyPlantAndEquipment,2023-07-01,2023-09-30,2024,Q1,10-Q,2023-10-24,9917000000,0000950170-23-054855,https://www.sec.gov/Archives/edgar/data/789019/000095017023054855/0000950170-23-054855-index.htm
Microsoft,789019,capex,PaymentsToAcquirePropertyPlantAndEquipment,2023-07-01,2023-09-30,2025,Q1,10-Q,2024-10-30,9917000000,0000950170-24-118967,https://www.sec.gov/Archives/edgar/data/789019/000095017024118967/0000950170-24-118967-index.htm
Microsoft,789019,capex,PaymentsToAcquirePropertyPlantAndEquipment,2023-07-01,2023-12-31,2024,Q2,10-Q,2024-01-30,19652000000,0000950170-24-008814,https://www.sec.gov/Archives/edgar/data/789019/000095017024008814/0000950170-24-008814-index.htm
Microsoft,789019,capex,PaymentsToAcquirePropertyPlantAndEquipment,2023-07-01,2023-12-31,2025,Q2,10-Q,2025-01-29,19652000000,0000950170-25-010491,https://www.sec.gov/Archives/edgar/data/789019/000095017025010491/0000950170-25-010491-index.htm
Microsoft,789019,capex,PaymentsToAcquirePropertyPlantAndEquipment,2023-10-01,2023-12-31,2024,Q2,10-Q,2024-01-30,9735000000,0000950170-24-008814,https://www.sec.gov/Archives/edgar/data/789019/000095017024008814/0000950170-24-008814-index.htm
Microsoft,789019,capex,PaymentsToAcquirePropertyPlantAndEquipment,2023-10-01,2023-12-31,2025,Q2,10-Q,2025-01-29,9735000000,0000950170-25-010491,https://www.sec.gov/Archives/edgar/data/789019/000095017025010491/0000950170-25-010491-index.htm
Microsoft,789019,capex,PaymentsToAcquirePropertyPlantAndEquipment,2023-07-01,2024-03-31,2024,Q3,10-Q,2024-04-25,30604000000,0000950170-24-048288,https://www.sec.gov/Archives/edgar/data/789019/000095017024048288/0000950170-24-048288-index.htm
Microsoft,789019,capex,PaymentsToAcquirePropertyPlantAndEquipment,2023-07-01,2024-03-31,2025,Q3,10-Q,2025-04-30,30604000000,0000950170-25-061046,https://www.sec.gov/Archives/edgar/data/789019/000095017025061046/0000950170-25-061046-index.htm
Microsoft,789019,capex,PaymentsToAcquirePropertyPlantAndEquipment,2024-01-01,2024-03-31,2024,Q3,10-Q,2024-04-25,10952000000,0000950170-24-048288,https://www.sec.gov/Archives/edgar/data/789019/000095017024048288/0000950170-24-048288-index.htm
Microsoft,789019,capex,PaymentsToAcquirePropertyPlantAndEquipment,2024-01-01,2024-03-31,2025,Q3,10-Q,2025-04-30,10952000000,0000950170-25-061046,https://www.sec.gov/Archives/edgar/data/789019/000095017025061046/0000950170-25-061046-index.htm
Microsoft,789019,capex,PaymentsToAcquirePropertyPlantAndEquipment,2023-07-01,2024-06-30,2024,FY,10-K,2024-07-30,44477000000,0000950170-24-087843,https://www.sec.gov/Archives/edgar/data/789019/000095017024087843/0000950170-24-087843-index.htm
Microsoft,789019,capex,PaymentsToAcquirePropertyPlantAndEquipment,2023-07-01,2024-06-30,2025,FY,10-K,2025-07-30,44477000000,0000950170-25-100235,https://www.sec.gov/Archives/edgar/data/789019/000095017025100235/0000950170-25-100235-index.htm
Microsoft,789019,capex,PaymentsToAcquirePropertyPlantAndEquipment,2023-07-01,2024-06-30,2026,FY,10-K,2026-07-29,44477000000,0001193125-26-323660,https://www.sec.gov/Archives/edgar/data/789019/000119312526323660/0001193125-26-323660-index.htm
Microsoft,789019,capex,PaymentsToAcquirePropertyPlantAndEquipment,2024-07-01,2024-09-30,2025,Q1,10-Q,2024-10-30,14923000000,0000950170-24-118967,https://www.sec.gov/Archives/edgar/data/789019/000095017024118967/0000950170-24-118967-index.htm
Microsoft,789019,capex,PaymentsToAcquirePropertyPlantAndEquipment,2024-07-01,2024-09-30,2026,Q1,10-Q,2025-10-29,14923000000,0001193125-25-256321,https://www.sec.gov/Archives/edgar/data/789019/000119312525256321/0001193125-25-256321-index.htm
Microsoft,789019,capex,PaymentsToAcquirePropertyPlantAndEquipment,2024-07-01,2024-12-31,2025,Q2,10-Q,2025-01-29,30727000000,0000950170-25-010491,https://www.sec.gov/Archives/edgar/data/789019/000095017025010491/0000950170-25-010491-index.htm
Microsoft,789019,capex,PaymentsToAcquirePropertyPlantAndEquipment,2024-07-01,2024-12-31,2026,Q2,10-Q,2026-01-28,30727000000,0001193125-26-027207,https://www.sec.gov/Archives/edgar/data/789019/000119312526027207/0001193125-26-027207-index.htm
Microsoft,789019,capex,PaymentsToAcquirePropertyPlantAndEquipment,2024-10-01,2024-12-31,2025,Q2,10-Q,2025-01-29,15804000000,0000950170-25-010491,https://www.sec.gov/Archives/edgar/data/789019/000095017025010491/0000950170-25-010491-index.htm
Microsoft,789019,capex,PaymentsToAcquirePropertyPlantAndEquipment,2024-10-01,2024-12-31,2026,Q2,10-Q,2026-01-28,15804000000,0001193125-26-027207,https://www.sec.gov/Archives/edgar/data/789019/000119312526027207/0001193125-26-027207-index.htm
Microsoft,789019,capex,PaymentsToAcquirePropertyPlantAndEquipment,2024-07-01,2025-03-31,2025,Q3,10-Q,2025-04-30,47472000000,0000950170-25-061046,https://www.sec.gov/Archives/edgar/data/789019/000095017025061046/0000950170-25-061046-index.htm
Microsoft,789019,capex,PaymentsToAcquirePropertyPlantAndEquipment,2024-07-01,2025-03-31,2026,Q3,10-Q,2026-04-29,47472000000,0001193125-26-191507,https://www.sec.gov/Archives/edgar/data/789019/000119312526191507/0001193125-26-191507-index.htm
Microsoft,789019,capex,PaymentsToAcquirePropertyPlantAndEquipment,2025-01-01,2025-03-31,2025,Q3,10-Q,2025-04-30,16745000000,0000950170-25-061046,https://www.sec.gov/Archives/edgar/data/789019/000095017025061046/0000950170-25-061046-index.htm
Microsoft,789019,capex,PaymentsToAcquirePropertyPlantAndEquipment,2025-01-01,2025-03-31,2026,Q3,10-Q,2026-04-29,16745000000,0001193125-26-191507,https://www.sec.gov/Archives/edgar/data/789019/000119312526191507/0001193125-26-191507-index.htm
Microsoft,789019,capex,PaymentsToAcquirePropertyPlantAndEquipment,2024-07-01,2025-06-30,2025,FY,10-K,2025-07-30,64551000000,0000950170-25-100235,https://www.sec.gov/Archives/edgar/data/789019/000095017025100235/0000950170-25-100235-index.htm
Microsoft,789019,capex,PaymentsToAcquirePropertyPlantAndEquipment,2024-07-01,2025-06-30,2026,FY,10-K,2026-07-29,64551000000,0001193125-26-323660,https://www.sec.gov/Archives/edgar/data/789019/000119312526323660/0001193125-26-323660-index.htm
Microsoft,789019,capex,PaymentsToAcquirePropertyPlantAndEquipment,2025-07-01,2025-09-30,2026,Q1,10-Q,2025-10-29,19394000000,0001193125-25-256321,https://www.sec.gov/Archives/edgar/data/789019/000119312525256321/0001193125-25-256321-index.htm
Microsoft,789019,capex,PaymentsToAcquirePropertyPlantAndEquipment,2025-07-01,2025-12-31,2026,Q2,10-Q,2026-01-28,49270000000,0001193125-26-027207,https://www.sec.gov/Archives/edgar/data/789019/000119312526027207/0001193125-26-027207-index.htm
Microsoft,789019,capex,PaymentsToAcquirePropertyPlantAndEquipment,2025-10-01,2025-12-31,2026,Q2,10-Q,2026-01-28,29876000000,0001193125-26-027207,https://www.sec.gov/Archives/edgar/data/789019/000119312526027207/0001193125-26-027207-index.htm
Microsoft,789019,capex,PaymentsToAcquirePropertyPlantAndEquipment,2025-07-01,2026-03-31,2026,Q3,10-Q,2026-04-29,80146000000,0001193125-26-191507,https://www.sec.gov/Archives/edgar/data/789019/000119312526191507/0001193125-26-191507-index.htm
Microsoft,789019,capex,PaymentsToAcquirePropertyPlantAndEquipment,2026-01-01,2026-03-31,2026,Q3,10-Q,2026-04-29,30876000000,0001193125-26-191507,https://www.sec.gov/Archives/edgar/data/789019/000119312526191507/0001193125-26-191507-index.htm
Microsoft,789019,capex,PaymentsToAcquirePropertyPlantAndEquipment,2025-07-01,2026-06-30,2026,FY,10-K,2026-07-29,115948000000,0001193125-26-323660,https://www.sec.gov/Archives/edgar/data/789019/000119312526323660/0001193125-26-323660-index.htm
Microsoft,789019,revenue,RevenueFromContractWithCustomerExcludingAssessedTax,2015-07-01,2016-06-30,2018,FY,10-K,2018-08-03,91154000000,0001564590-18-019062,https://www.sec.gov/Archives/edgar/data/789019/000156459018019062/0001564590-18-019062-index.htm
Microsoft,789019,revenue,RevenueFromContractWithCustomerExcludingAssessedTax,2016-07-02,2016-09-30,2018,FY,10-K,2018-08-03,21928000000,0001564590-18-019062,https://www.sec.gov/Archives/edgar/data/789019/000156459018019062/0001564590-18-019062-index.htm
Microsoft,789019,revenue,RevenueFromContractWithCustomerExcludingAssessedTax,2016-10-01,2016-12-31,2018,FY,10-K,2018-08-03,25826000000,0001564590-18-019062,https://www.sec.gov/Archives/edgar/data/789019/000156459018019062/0001564590-18-019062-index.htm
Microsoft,789019,revenue,RevenueFromContractWithCustomerExcludingAssessedTax,2017-01-01,2017-03-31,2018,FY,10-K,2018-08-03,23212000000,0001564590-18-019062,https://www.sec.gov/Archives/edgar/data/789019/000156459018019062/0001564590-18-019062-index.htm
Microsoft,789019,revenue,RevenueFromContractWithCustomerExcludingAssessedTax,2016-07-01,2017-06-30,2018,FY,10-K,2018-08-03,96571000000,0001564590-18-019062,https://www.sec.gov/Archives/edgar/data/789019/000156459018019062/0001564590-18-019062-index.htm
Microsoft,789019,revenue,RevenueFromContractWithCustomerExcludingAssessedTax,2016-07-01,2017-06-30,2019,FY,10-K,2019-08-01,96571000000,0001564590-19-027952,https://www.sec.gov/Archives/edgar/data/789019/000156459019027952/0001564590-19-027952-index.htm
Microsoft,789019,revenue,RevenueFromContractWithCustomerExcludingAssessedTax,2017-04-01,2017-06-30,2018,FY,10-K,2018-08-03,25605000000,0001564590-18-019062,https://www.sec.gov/Archives/edgar/data/789019/000156459018019062/0001564590-18-019062-index.htm
Microsoft,789019,revenue,RevenueFromContractWithCustomerExcludingAssessedTax,2017-07-01,2017-09-30,2018,FY,10-K,2018-08-03,24538000000,0001564590-18-019062,https://www.sec.gov/Archives/edgar/data/789019/000156459018019062/0001564590-18-019062-index.htm
Microsoft,789019,revenue,RevenueFromContractWithCustomerExcludingAssessedTax,2017-07-01,2017-09-30,2019,Q1,10-Q,2018-10-24,24538000000,0001564590-18-024893,https://www.sec.gov/Archives/edgar/data/789019/000156459018024893/0001564590-18-024893-index.htm
Microsoft,789019,revenue,RevenueFromContractWithCustomerExcludingAssessedTax,2017-07-01,2017-09-30,2019,FY,10-K,2019-08-01,24538000000,0001564590-19-027952,https://www.sec.gov/Archives/edgar/data/789019/000156459019027952/0001564590-19-027952-index.htm
Microsoft,789019,revenue,RevenueFromContractWithCustomerExcludingAssessedTax,2017-07-01,2017-12-31,2019,Q2,10-Q,2019-01-30,53456000000,0001564590-19-001392,https://www.sec.gov/Archives/edgar/data/789019/000156459019001392/0001564590-19-001392-index.htm
Microsoft,789019,revenue,RevenueFromContractWithCustomerExcludingAssessedTax,2017-10-01,2017-12-31,2018,FY,10-K,2018-08-03,28918000000,0001564590-18-019062,https://www.sec.gov/Archives/edgar/data/789019/000156459018019062/0001564590-18-019062-index.htm
Microsoft,789019,revenue,RevenueFromContractWithCustomerExcludingAssessedTax,2017-10-01,2017-12-31,2019,Q2,10-Q,2019-01-30,28918000000,0001564590-19-001392,https://www.sec.gov/Archives/edgar/data/789019/000156459019001392/0001564590-19-001392-index.htm
Microsoft,789019,revenue,RevenueFromContractWithCustomerExcludingAssessedTax,2017-10-01,2017-12-31,2019,FY,10-K,2019-08-01,28918000000,0001564590-19-027952,https://www.sec.gov/Archives/edgar/data/789019/000156459019027952/0001564590-19-027952-index.htm
Microsoft,789019,revenue,RevenueFromContractWithCustomerExcludingAssessedTax,2017-07-01,2018-03-31,2019,Q3,10-Q,2019-04-24,80275000000,0001564590-19-012709,https://www.sec.gov/Archives/edgar/data/789019/000156459019012709/0001564590-19-012709-index.htm
Microsoft,789019,revenue,RevenueFromContractWithCustomerExcludingAssessedTax,2018-01-01,2018-03-31,2018,FY,10-K,2018-08-03,26819000000,0001564590-18-019062,https://www.sec.gov/Archives/edgar/data/789019/000156459018019062/0001564590-18-019062-index.htm
Microsoft,789019,revenue,RevenueFromContractWithCustomerExcludingAssessedTax,2018-01-01,2018-03-31,2019,Q3,10-Q,2019-04-24,26819000000,0001564590-19-012709,https://www.sec.gov/Archives/edgar/data/789019/000156459019012709/0001564590-19-012709-index.htm
Microsoft,789019,revenue,RevenueFromContractWithCustomerExcludingAssessedTax,2018-01-01,2018-03-31,2019,FY,10-K,2019-08-01,26819000000,0001564590-19-027952,https://www.sec.gov/Archives/edgar/data/789019/000156459019027952/0001564590-19-027952-index.htm
Microsoft,789019,revenue,RevenueFromContractWithCustomerExcludingAssessedTax,2017-07-01,2018-06-30,2018,FY,10-K,2018-08-03,110360000000,0001564590-18-019062,https://www.sec.gov/Archives/edgar/data/789019/000156459018019062/0001564590-18-019062-index.htm
Microsoft,789019,revenue,RevenueFromContractWithCustomerExcludingAssessedTax,2017-07-01,2018-06-30,2019,FY,10-K,2019-08-01,110360000000,0001564590-19-027952,https://www.sec.gov/Archives/edgar/data/789019/000156459019027952/0001564590-19-027952-index.htm
Microsoft,789019,revenue,RevenueFromContractWithCustomerExcludingAssessedTax,2017-07-01,2018-06-30,2020,FY,10-K,2020-07-30,110360000000,0001564590-20-034944,https://www.sec.gov/Archives/edgar/data/789019/000156459020034944/0001564590-20-034944-index.htm
Microsoft,789019,revenue,RevenueFromContractWithCustomerExcludingAssessedTax,2018-04-01,2018-06-30,2018,FY,10-K,2018-08-03,30085000000,0001564590-18-019062,https://www.sec.gov/Archives/edgar/data/789019/000156459018019062/0001564590-18-019062-index.htm
Microsoft,789019,revenue,RevenueFromContractWithCustomerExcludingAssessedTax,2018-04-01,2018-06-30,2019,FY,10-K,2019-08-01,30085000000,0001564590-19-027952,https://www.sec.gov/Archives/edgar/data/789019/000156459019027952/0001564590-19-027952-index.htm
Microsoft,789019,revenue,RevenueFromContractWithCustomerExcludingAssessedTax,2018-07-01,2018-09-30,2019,Q1,10-Q,2018-10-24,29084000000,0001564590-18-024893,https://www.sec.gov/Archives/edgar/data/789019/000156459018024893/0001564590-18-024893-index.htm
Microsoft,789019,revenue,RevenueFromContractWithCustomerExcludingAssessedTax,2018-07-01,2018-09-30,2019,FY,10-K,2019-08-01,29084000000,0001564590-19-027952,https://www.sec.gov/Archives/edgar/data/789019/000156459019027952/0001564590-19-027952-index.htm
Microsoft,789019,revenue,RevenueFromContractWithCustomerExcludingAssessedTax,2018-07-01,2018-09-30,2020,Q1,10-Q,2019-10-23,29084000000,0001564590-19-037549,https://www.sec.gov/Archives/edgar/data/789019/000156459019037549/0001564590-19-037549-index.htm
Microsoft,789019,revenue,RevenueFromContractWithCustomerExcludingAssessedTax,2018-07-01,2018-09-30,2020,FY,10-K,2020-07-30,29084000000,0001564590-20-034944,https://www.sec.gov/Archives/edgar/data/789019/000156459020034944/0001564590-20-034944-index.htm
Microsoft,789019,revenue,RevenueFromContractWithCustomerExcludingAssessedTax,2018-07-01,2018-12-31,2019,Q2,10-Q,2019-01-30,61555000000,0001564590-19-001392,https://www.sec.gov/Archives/edgar/data/789019/000156459019001392/0001564590-19-001392-index.htm
Microsoft,789019,revenue,RevenueFromContractWithCustomerExcludingAssessedTax,2018-07-01,2018-12-31,2020,Q2,10-Q,2020-01-29,61555000000,0001564590-20-002450,https://www.sec.gov/Archives/edgar/data/789019/000156459020002450/0001564590-20-002450-index.htm
Microsoft,789019,revenue,RevenueFromContractWithCustomerExcludingAssessedTax,2018-10-01,2018-12-31,2019,Q2,10-Q,2019-01-30,32471000000,0001564590-19-001392,https://www.sec.gov/Archives/edgar/data/789019/000156459019001392/0001564590-19-001392-index.htm
Microsoft,789019,revenue,RevenueFromContractWithCustomerExcludingAssessedTax,2018-10-01,2018-12-31,2019,FY,10-K,2019-08-01,32471000000,0001564590-19-027952,https://www.sec.gov/Archives/edgar/data/789019/000156459019027952/0001564590-19-027952-index.htm
Microsoft,789019,revenue,RevenueFromContractWithCustomerExcludingAssessedTax,2018-10-01,2018-12-31,2020,Q2,10-Q,2020-01-29,32471000000,0001564590-20-002450,https://www.sec.gov/Archives/edgar/data/789019/000156459020002450/0001564590-20-002450-index.htm
Microsoft,789019,revenue,RevenueFromContractWithCustomerExcludingAssessedTax,2018-10-01,2018-12-31,2020,FY,10-K,2020-07-30,32471000000,0001564590-20-034944,https://www.sec.gov/Archives/edgar/data/789019/000156459020034944/0001564590-20-034944-index.htm
Microsoft,789019,revenue,RevenueFromContractWithCustomerExcludingAssessedTax,2018-07-01,2019-03-31,2019,Q3,10-Q,2019-04-24,92126000000,0001564590-19-012709,https://www.sec.gov/Archives/edgar/data/789019/000156459019012709/0001564590-19-012709-index.htm
Microsoft,789019,revenue,RevenueFromContractWithCustomerExcludingAssessedTax,2018-07-01,2019-03-31,2020,Q3,10-Q,2020-04-29,92126000000,0001564590-20-019706,https://www.sec.gov/Archives/edgar/data/789019/000156459020019706/0001564590-20-019706-index.htm
Microsoft,789019,revenue,RevenueFromContractWithCustomerExcludingAssessedTax,2019-01-01,2019-03-31,2019,Q3,10-Q,2019-04-24,30571000000,0001564590-19-012709,https://www.sec.gov/Archives/edgar/data/789019/000156459019012709/0001564590-19-012709-index.htm
Microsoft,789019,revenue,RevenueFromContractWithCustomerExcludingAssessedTax,2019-01-01,2019-03-31,2019,FY,10-K,2019-08-01,30571000000,0001564590-19-027952,https://www.sec.gov/Archives/edgar/data/789019/000156459019027952/0001564590-19-027952-index.htm
Microsoft,789019,revenue,RevenueFromContractWithCustomerExcludingAssessedTax,2019-01-01,2019-03-31,2020,Q3,10-Q,2020-04-29,30571000000,0001564590-20-019706,https://www.sec.gov/Archives/edgar/data/789019/000156459020019706/0001564590-20-019706-index.htm
Microsoft,789019,revenue,RevenueFromContractWithCustomerExcludingAssessedTax,2019-01-01,2019-03-31,2020,FY,10-K,2020-07-30,30571000000,0001564590-20-034944,https://www.sec.gov/Archives/edgar/data/789019/000156459020034944/0001564590-20-034944-index.htm
Microsoft,789019,revenue,RevenueFromContractWithCustomerExcludingAssessedTax,2018-07-01,2019-06-30,2019,FY,10-K,2019-08-01,125843000000,0001564590-19-027952,https://www.sec.gov/Archives/edgar/data/789019/000156459019027952/0001564590-19-027952-index.htm
Microsoft,789019,revenue,RevenueFromContractWithCustomerExcludingAssessedTax,2018-07-01,2019-06-30,2020,FY,10-K,2020-07-30,125843000000,0001564590-20-034944,https://www.sec.gov/Archives/edgar/data/789019/000156459020034944/0001564590-20-034944-index.htm
Microsoft,789019,revenue,RevenueFromContractWithCustomerExcludingAssessedTax,2018-07-01,2019-06-30,2021,FY,10-K,2021-07-29,125843000000,0001564590-21-039151,https://www.sec.gov/Archives/edgar/data/789019/000156459021039151/0001564590-21-039151-index.htm
Microsoft,789019,revenue,RevenueFromContractWithCustomerExcludingAssessedTax,2019-04-01,2019-06-30,2019,FY,10-K,2019-08-01,33717000000,0001564590-19-027952,https://www.sec.gov/Archives/edgar/data/789019/000156459019027952/0001564590-19-027952-index.htm
Microsoft,789019,revenue,RevenueFromContractWithCustomerExcludingAssessedTax,2019-04-01,2019-06-30,2020,FY,10-K,2020-07-30,33717000000,0001564590-20-034944,https://www.sec.gov/Archives/edgar/data/789019/000156459020034944/0001564590-20-034944-index.htm
Microsoft,789019,revenue,RevenueFromContractWithCustomerExcludingAssessedTax,2019-07-01,2019-09-30,2020,Q1,10-Q,2019-10-23,33055000000,0001564590-19-037549,https://www.sec.gov/Archives/edgar/data/789019/000156459019037549/0001564590-19-037549-index.htm
Microsoft,789019,revenue,RevenueFromContractWithCustomerExcludingAssessedTax,2019-07-01,2019-09-30,2020,FY,10-K,2020-07-30,33055000000,0001564590-20-034944,https://www.sec.gov/Archives/edgar/data/789019/000156459020034944/0001564590-20-034944-index.htm
Microsoft,789019,revenue,RevenueFromContractWithCustomerExcludingAssessedTax,2019-07-01,2019-09-30,2021,Q1,10-Q,2020-10-27,33055000000,0001564590-20-047996,https://www.sec.gov/Archives/edgar/data/789019/000156459020047996/0001564590-20-047996-index.htm
Microsoft,789019,revenue,RevenueFromContractWithCustomerExcludingAssessedTax,2019-07-01,2019-12-31,2020,Q2,10-Q,2020-01-29,69961000000,0001564590-20-002450,https://www.sec.gov/Archives/edgar/data/789019/000156459020002450/0001564590-20-002450-index.htm
Microsoft,789019,revenue,RevenueFromContractWithCustomerExcludingAssessedTax,2019-07-01,2019-12-31,2021,Q2,10-Q,2021-01-26,69961000000,0001564590-21-002316,https://www.sec.gov/Archives/edgar/data/789019/000156459021002316/0001564590-21-002316-index.htm
Microsoft,789019,revenue,RevenueFromContractWithCustomerExcludingAssessedTax,2019-10-01,2019-12-31,2020,Q2,10-Q,2020-01-29,36906000000,0001564590-20-002450,https://www.sec.gov/Archives/edgar/data/789019/000156459020002450/0001564590-20-002450-index.htm
Microsoft,789019,revenue,RevenueFromContractWithCustomerExcludingAssessedTax,2019-10-01,2019-12-31,2020,FY,10-K,2020-07-30,36906000000,0001564590-20-034944,https://www.sec.gov/Archives/edgar/data/789019/000156459020034944/0001564590-20-034944-index.htm
Microsoft,789019,revenue,RevenueFromContractWithCustomerExcludingAssessedTax,2019-10-01,2019-12-31,2021,Q2,10-Q,2021-01-26,36906000000,0001564590-21-002316,https://www.sec.gov/Archives/edgar/data/789019/000156459021002316/0001564590-21-002316-index.htm
Microsoft,789019,revenue,RevenueFromContractWithCustomerExcludingAssessedTax,2019-07-01,2020-03-31,2020,Q3,10-Q,2020-04-29,104982000000,0001564590-20-019706,https://www.sec.gov/Archives/edgar/data/789019/000156459020019706/0001564590-20-019706-index.htm
Microsoft,789019,revenue,RevenueFromContractWithCustomerExcludingAssessedTax,2019-07-01,2020-03-31,2021,Q3,10-Q,2021-04-27,104982000000,0001564590-21-020891,https://www.sec.gov/Archives/edgar/data/789019/000156459021020891/0001564590-21-020891-index.htm
Microsoft,789019,revenue,RevenueFromContractWithCustomerExcludingAssessedTax,2020-01-01,2020-03-31,2020,Q3,10-Q,2020-04-29,35021000000,0001564590-20-019706,https://www.sec.gov/Archives/edgar/data/789019/000156459020019706/0001564590-20-019706-index.htm
Microsoft,789019,revenue,RevenueFromContractWithCustomerExcludingAssessedTax,2020-01-01,2020-03-31,2020,FY,10-K,2020-07-30,35021000000,0001564590-20-034944,https://www.sec.gov/Archives/edgar/data/789019/000156459020034944/0001564590-20-034944-index.htm
Microsoft,789019,revenue,RevenueFromContractWithCustomerExcludingAssessedTax,2020-01-01,2020-03-31,2021,Q3,10-Q,2021-04-27,35021000000,0001564590-21-020891,https://www.sec.gov/Archives/edgar/data/789019/000156459021020891/0001564590-21-020891-index.htm
Microsoft,789019,revenue,RevenueFromContractWithCustomerExcludingAssessedTax,2019-07-01,2020-06-30,2020,FY,10-K,2020-07-30,143015000000,0001564590-20-034944,https://www.sec.gov/Archives/edgar/data/789019/000156459020034944/0001564590-20-034944-index.htm
Microsoft,789019,revenue,RevenueFromContractWithCustomerExcludingAssessedTax,2019-07-01,2020-06-30,2021,FY,10-K,2021-07-29,143015000000,0001564590-21-039151,https://www.sec.gov/Archives/edgar/data/789019/000156459021039151/0001564590-21-039151-index.htm
Microsoft,789019,revenue,RevenueFromContractWithCustomerExcludingAssessedTax,2019-07-01,2020-06-30,2022,FY,10-K,2022-07-28,143015000000,0001564590-22-026876,https://www.sec.gov/Archives/edgar/data/789019/000156459022026876/0001564590-22-026876-index.htm
Microsoft,789019,revenue,RevenueFromContractWithCustomerExcludingAssessedTax,2020-04-01,2020-06-30,2020,FY,10-K,2020-07-30,38033000000,0001564590-20-034944,https://www.sec.gov/Archives/edgar/data/789019/000156459020034944/0001564590-20-034944-index.htm
Microsoft,789019,revenue,RevenueFromContractWithCustomerExcludingAssessedTax,2020-07-01,2020-09-30,2021,Q1,10-Q,2020-10-27,37154000000,0001564590-20-047996,https://www.sec.gov/Archives/edgar/data/789019/000156459020047996/0001564590-20-047996-index.htm
Microsoft,789019,revenue,RevenueFromContractWithCustomerExcludingAssessedTax,2020-07-01,2020-09-30,2022,Q1,10-Q,2021-10-26,37154000000,0001564590-21-051992,https://www.sec.gov/Archives/edgar/data/789019/000156459021051992/0001564590-21-051992-index.htm
Microsoft,789019,revenue,RevenueFromContractWithCustomerExcludingAssessedTax,2020-07-01,2020-12-31,2021,Q2,10-Q,2021-01-26,80230000000,0001564590-21-002316,https://www.sec.gov/Archives/edgar/data/789019/000156459021002316/0001564590-21-002316-index.htm
Microsoft,789019,revenue,RevenueFromContractWithCustomerExcludingAssessedTax,2020-07-01,2020-12-31,2022,Q2,10-Q,2022-01-25,80230000000,0001564590-22-002324,https://www.sec.gov/Archives/edgar/data/789019/000156459022002324/0001564590-22-002324-index.htm
Microsoft,789019,revenue,RevenueFromContractWithCustomerExcludingAssessedTax,2020-10-01,2020-12-31,2021,Q2,10-Q,2021-01-26,43076000000,0001564590-21-002316,https://www.sec.gov/Archives/edgar/data/789019/000156459021002316/0001564590-21-002316-index.htm
Microsoft,789019,revenue,RevenueFromContractWithCustomerExcludingAssessedTax,2020-10-01,2020-12-31,2022,Q2,10-Q,2022-01-25,43076000000,0001564590-22-002324,https://www.sec.gov/Archives/edgar/data/789019/000156459022002324/0001564590-22-002324-index.htm
Microsoft,789019,revenue,RevenueFromContractWithCustomerExcludingAssessedTax,2020-07-01,2021-03-31,2021,Q3,10-Q,2021-04-27,121936000000,0001564590-21-020891,https://www.sec.gov/Archives/edgar/data/789019/000156459021020891/0001564590-21-020891-index.htm
Microsoft,789019,revenue,RevenueFromContractWithCustomerExcludingAssessedTax,2020-07-01,2021-03-31,2022,Q3,10-Q,2022-04-26,121936000000,0001564590-22-015675,https://www.sec.gov/Archives/edgar/data/789019/000156459022015675/0001564590-22-015675-index.htm
Microsoft,789019,revenue,RevenueFromContractWithCustomerExcludingAssessedTax,2021-01-01,2021-03-31,2021,Q3,10-Q,2021-04-27,41706000000,0001564590-21-020891,https://www.sec.gov/Archives/edgar/data/789019/000156459021020891/0001564590-21-020891-index.htm
Microsoft,789019,revenue,RevenueFromContractWithCustomerExcludingAssessedTax,2021-01-01,2021-03-31,2022,Q3,10-Q,2022-04-26,41706000000,0001564590-22-015675,https://www.sec.gov/Archives/edgar/data/789019/000156459022015675/0001564590-22-015675-index.htm
Microsoft,789019,revenue,RevenueFromContractWithCustomerExcludingAssessedTax,2020-07-01,2021-06-30,2021,FY,10-K,2021-07-29,168088000000,0001564590-21-039151,https://www.sec.gov/Archives/edgar/data/789019/000156459021039151/0001564590-21-039151-index.htm
Microsoft,789019,revenue,RevenueFromContractWithCustomerExcludingAssessedTax,2020-07-01,2021-06-30,2022,FY,10-K,2022-07-28,168088000000,0001564590-22-026876,https://www.sec.gov/Archives/edgar/data/789019/000156459022026876/0001564590-22-026876-index.htm
Microsoft,789019,revenue,RevenueFromContractWithCustomerExcludingAssessedTax,2020-07-01,2021-06-30,2023,FY,10-K,2023-07-27,168088000000,0000950170-23-035122,https://www.sec.gov/Archives/edgar/data/789019/000095017023035122/0000950170-23-035122-index.htm
Microsoft,789019,revenue,RevenueFromContractWithCustomerExcludingAssessedTax,2021-07-01,2021-09-30,2022,Q1,10-Q,2021-10-26,45317000000,0001564590-21-051992,https://www.sec.gov/Archives/edgar/data/789019/000156459021051992/0001564590-21-051992-index.htm
Microsoft,789019,revenue,RevenueFromContractWithCustomerExcludingAssessedTax,2021-07-01,2021-09-30,2023,Q1,10-Q,2022-10-25,45317000000,0001564590-22-035087,https://www.sec.gov/Archives/edgar/data/789019/000156459022035087/0001564590-22-035087-index.htm
Microsoft,789019,revenue,RevenueFromContractWithCustomerExcludingAssessedTax,2021-07-01,2021-12-31,2022,Q2,10-Q,2022-01-25,97045000000,0001564590-22-002324,https://www.sec.gov/Archives/edgar/data/789019/000156459022002324/0001564590-22-002324-index.htm
Microsoft,789019,revenue,RevenueFromContractWithCustomerExcludingAssessedTax,2021-07-01,2021-12-31,2023,Q2,10-Q,2023-01-24,97045000000,0001564590-23-000733,https://www.sec.gov/Archives/edgar/data/789019/000156459023000733/0001564590-23-000733-index.htm
Microsoft,789019,revenue,RevenueFromContractWithCustomerExcludingAssessedTax,2021-10-01,2021-12-31,2022,Q2,10-Q,2022-01-25,51728000000,0001564590-22-002324,https://www.sec.gov/Archives/edgar/data/789019/000156459022002324/0001564590-22-002324-index.htm
Microsoft,789019,revenue,RevenueFromContractWithCustomerExcludingAssessedTax,2021-10-01,2021-12-31,2023,Q2,10-Q,2023-01-24,51728000000,0001564590-23-000733,https://www.sec.gov/Archives/edgar/data/789019/000156459023000733/0001564590-23-000733-index.htm
Microsoft,789019,revenue,RevenueFromContractWithCustomerExcludingAssessedTax,2021-07-01,2022-03-31,2022,Q3,10-Q,2022-04-26,146405000000,0001564590-22-015675,https://www.sec.gov/Archives/edgar/data/789019/000156459022015675/0001564590-22-015675-index.htm
Microsoft,789019,revenue,RevenueFromContractWithCustomerExcludingAssessedTax,2021-07-01,2022-03-31,2023,Q3,10-Q,2023-04-25,146405000000,0000950170-23-014423,https://www.sec.gov/Archives/edgar/data/789019/000095017023014423/0000950170-23-014423-index.htm
Microsoft,789019,revenue,RevenueFromContractWithCustomerExcludingAssessedTax,2022-01-01,2022-03-31,2022,Q3,10-Q,2022-04-26,49360000000,0001564590-22-015675,https://www.sec.gov/Archives/edgar/data/789019/000156459022015675/0001564590-22-015675-index.htm
Microsoft,789019,revenue,RevenueFromContractWithCustomerExcludingAssessedTax,2022-01-01,2022-03-31,2023,Q3,10-Q,2023-04-25,49360000000,0000950170-23-014423,https://www.sec.gov/Archives/edgar/data/789019/000095017023014423/0000950170-23-014423-index.htm
Microsoft,789019,revenue,RevenueFromContractWithCustomerExcludingAssessedTax,2021-07-01,2022-06-30,2022,FY,10-K,2022-07-28,198270000000,0001564590-22-026876,https://www.sec.gov/Archives/edgar/data/789019/000156459022026876/0001564590-22-026876-index.htm
Microsoft,789019,revenue,RevenueFromContractWithCustomerExcludingAssessedTax,2021-07-01,2022-06-30,2023,FY,10-K,2023-07-27,198270000000,0000950170-23-035122,https://www.sec.gov/Archives/edgar/data/789019/000095017023035122/0000950170-23-035122-index.htm
Microsoft,789019,revenue,RevenueFromContractWithCustomerExcludingAssessedTax,2021-07-01,2022-06-30,2024,FY,10-K,2024-07-30,198270000000,0000950170-24-087843,https://www.sec.gov/Archives/edgar/data/789019/000095017024087843/0000950170-24-087843-index.htm
Microsoft,789019,revenue,RevenueFromContractWithCustomerExcludingAssessedTax,2022-07-01,2022-09-30,2023,Q1,10-Q,2022-10-25,50122000000,0001564590-22-035087,https://www.sec.gov/Archives/edgar/data/789019/000156459022035087/0001564590-22-035087-index.htm
Microsoft,789019,revenue,RevenueFromContractWithCustomerExcludingAssessedTax,2022-07-01,2022-09-30,2024,Q1,10-Q,2023-10-24,50122000000,0000950170-23-054855,https://www.sec.gov/Archives/edgar/data/789019/000095017023054855/0000950170-23-054855-index.htm
Microsoft,789019,revenue,RevenueFromContractWithCustomerExcludingAssessedTax,2022-07-01,2022-12-31,2023,Q2,10-Q,2023-01-24,102869000000,0001564590-23-000733,https://www.sec.gov/Archives/edgar/data/789019/000156459023000733/0001564590-23-000733-index.htm
Microsoft,789019,revenue,RevenueFromContractWithCustomerExcludingAssessedTax,2022-07-01,2022-12-31,2024,Q2,10-Q,2024-01-30,102869000000,0000950170-24-008814,https://www.sec.gov/Archives/edgar/data/789019/000095017024008814/0000950170-24-008814-index.htm
Microsoft,789019,revenue,RevenueFromContractWithCustomerExcludingAssessedTax,2022-10-01,2022-12-31,2023,Q2,10-Q,2023-01-24,52747000000,0001564590-23-000733,https://www.sec.gov/Archives/edgar/data/789019/000156459023000733/0001564590-23-000733-index.htm
Microsoft,789019,revenue,RevenueFromContractWithCustomerExcludingAssessedTax,2022-10-01,2022-12-31,2024,Q2,10-Q,2024-01-30,52747000000,0000950170-24-008814,https://www.sec.gov/Archives/edgar/data/789019/000095017024008814/0000950170-24-008814-index.htm
Microsoft,789019,revenue,RevenueFromContractWithCustomerExcludingAssessedTax,2022-07-01,2023-03-31,2023,Q3,10-Q,2023-04-25,155726000000,0000950170-23-014423,https://www.sec.gov/Archives/edgar/data/789019/000095017023014423/0000950170-23-014423-index.htm
Microsoft,789019,revenue,RevenueFromContractWithCustomerExcludingAssessedTax,2022-07-01,2023-03-31,2024,Q3,10-Q,2024-04-25,155726000000,0000950170-24-048288,https://www.sec.gov/Archives/edgar/data/789019/000095017024048288/0000950170-24-048288-index.htm
Microsoft,789019,revenue,RevenueFromContractWithCustomerExcludingAssessedTax,2023-01-01,2023-03-31,2023,Q3,10-Q,2023-04-25,52857000000,0000950170-23-014423,https://www.sec.gov/Archives/edgar/data/789019/000095017023014423/0000950170-23-014423-index.htm
Microsoft,789019,revenue,RevenueFromContractWithCustomerExcludingAssessedTax,2023-01-01,2023-03-31,2024,Q3,10-Q,2024-04-25,52857000000,0000950170-24-048288,https://www.sec.gov/Archives/edgar/data/789019/000095017024048288/0000950170-24-048288-index.htm
Microsoft,789019,revenue,RevenueFromContractWithCustomerExcludingAssessedTax,2022-07-01,2023-06-30,2023,FY,10-K,2023-07-27,211915000000,0000950170-23-035122,https://www.sec.gov/Archives/edgar/data/789019/000095017023035122/0000950170-23-035122-index.htm
Microsoft,789019,revenue,RevenueFromContractWithCustomerExcludingAssessedTax,2022-07-01,2023-06-30,2024,FY,10-K,2024-07-30,211915000000,0000950170-24-087843,https://www.sec.gov/Archives/edgar/data/789019/000095017024087843/0000950170-24-087843-index.htm
Microsoft,789019,revenue,RevenueFromContractWithCustomerExcludingAssessedTax,2022-07-01,2023-06-30,2025,FY,10-K,2025-07-30,211915000000,0000950170-25-100235,https://www.sec.gov/Archives/edgar/data/789019/000095017025100235/0000950170-25-100235-index.htm
Microsoft,789019,revenue,RevenueFromContractWithCustomerExcludingAssessedTax,2023-07-01,2023-09-30,2024,Q1,10-Q,2023-10-24,56517000000,0000950170-23-054855,https://www.sec.gov/Archives/edgar/data/789019/000095017023054855/0000950170-23-054855-index.htm
Microsoft,789019,revenue,RevenueFromContractWithCustomerExcludingAssessedTax,2023-07-01,2023-09-30,2025,Q1,10-Q,2024-10-30,56517000000,0000950170-24-118967,https://www.sec.gov/Archives/edgar/data/789019/000095017024118967/0000950170-24-118967-index.htm
Microsoft,789019,revenue,RevenueFromContractWithCustomerExcludingAssessedTax,2023-07-01,2023-12-31,2024,Q2,10-Q,2024-01-30,118537000000,0000950170-24-008814,https://www.sec.gov/Archives/edgar/data/789019/000095017024008814/0000950170-24-008814-index.htm
Microsoft,789019,revenue,RevenueFromContractWithCustomerExcludingAssessedTax,2023-07-01,2023-12-31,2025,Q2,10-Q,2025-01-29,118537000000,0000950170-25-010491,https://www.sec.gov/Archives/edgar/data/789019/000095017025010491/0000950170-25-010491-index.htm
Microsoft,789019,revenue,RevenueFromContractWithCustomerExcludingAssessedTax,2023-10-01,2023-12-31,2024,Q2,10-Q,2024-01-30,62020000000,0000950170-24-008814,https://www.sec.gov/Archives/edgar/data/789019/000095017024008814/0000950170-24-008814-index.htm
Microsoft,789019,revenue,RevenueFromContractWithCustomerExcludingAssessedTax,2023-10-01,2023-12-31,2025,Q2,10-Q,2025-01-29,62020000000,0000950170-25-010491,https://www.sec.gov/Archives/edgar/data/789019/000095017025010491/0000950170-25-010491-index.htm
Microsoft,789019,revenue,RevenueFromContractWithCustomerExcludingAssessedTax,2023-07-01,2024-03-31,2024,Q3,10-Q,2024-04-25,180395000000,0000950170-24-048288,https://www.sec.gov/Archives/edgar/data/789019/000095017024048288/0000950170-24-048288-index.htm
Microsoft,789019,revenue,RevenueFromContractWithCustomerExcludingAssessedTax,2023-07-01,2024-03-31,2025,Q3,10-Q,2025-04-30,180395000000,0000950170-25-061046,https://www.sec.gov/Archives/edgar/data/789019/000095017025061046/0000950170-25-061046-index.htm
Microsoft,789019,revenue,RevenueFromContractWithCustomerExcludingAssessedTax,2024-01-01,2024-03-31,2024,Q3,10-Q,2024-04-25,61858000000,0000950170-24-048288,https://www.sec.gov/Archives/edgar/data/789019/000095017024048288/0000950170-24-048288-index.htm
Microsoft,789019,revenue,RevenueFromContractWithCustomerExcludingAssessedTax,2024-01-01,2024-03-31,2025,Q3,10-Q,2025-04-30,61858000000,0000950170-25-061046,https://www.sec.gov/Archives/edgar/data/789019/000095017025061046/0000950170-25-061046-index.htm
Microsoft,789019,revenue,RevenueFromContractWithCustomerExcludingAssessedTax,2023-07-01,2024-06-30,2024,FY,10-K,2024-07-30,245122000000,0000950170-24-087843,https://www.sec.gov/Archives/edgar/data/789019/000095017024087843/0000950170-24-087843-index.htm
Microsoft,789019,revenue,RevenueFromContractWithCustomerExcludingAssessedTax,2023-07-01,2024-06-30,2025,FY,10-K,2025-07-30,245122000000,0000950170-25-100235,https://www.sec.gov/Archives/edgar/data/789019/000095017025100235/0000950170-25-100235-index.htm
Microsoft,789019,revenue,RevenueFromContractWithCustomerExcludingAssessedTax,2023-07-01,2024-06-30,2026,FY,10-K,2026-07-29,245122000000,0001193125-26-323660,https://www.sec.gov/Archives/edgar/data/789019/000119312526323660/0001193125-26-323660-index.htm
Microsoft,789019,revenue,RevenueFromContractWithCustomerExcludingAssessedTax,2024-07-01,2024-09-30,2025,Q1,10-Q,2024-10-30,65585000000,0000950170-24-118967,https://www.sec.gov/Archives/edgar/data/789019/000095017024118967/0000950170-24-118967-index.htm
Microsoft,789019,revenue,RevenueFromContractWithCustomerExcludingAssessedTax,2024-07-01,2024-09-30,2026,Q1,10-Q,2025-10-29,65585000000,0001193125-25-256321,https://www.sec.gov/Archives/edgar/data/789019/000119312525256321/0001193125-25-256321-index.htm
Microsoft,789019,revenue,RevenueFromContractWithCustomerExcludingAssessedTax,2024-07-01,2024-12-31,2025,Q2,10-Q,2025-01-29,135217000000,0000950170-25-010491,https://www.sec.gov/Archives/edgar/data/789019/000095017025010491/0000950170-25-010491-index.htm
Microsoft,789019,revenue,RevenueFromContractWithCustomerExcludingAssessedTax,2024-07-01,2024-12-31,2026,Q2,10-Q,2026-01-28,135217000000,0001193125-26-027207,https://www.sec.gov/Archives/edgar/data/789019/000119312526027207/0001193125-26-027207-index.htm
Microsoft,789019,revenue,RevenueFromContractWithCustomerExcludingAssessedTax,2024-10-01,2024-12-31,2025,Q2,10-Q,2025-01-29,69632000000,0000950170-25-010491,https://www.sec.gov/Archives/edgar/data/789019/000095017025010491/0000950170-25-010491-index.htm
Microsoft,789019,revenue,RevenueFromContractWithCustomerExcludingAssessedTax,2024-10-01,2024-12-31,2026,Q2,10-Q,2026-01-28,69632000000,0001193125-26-027207,https://www.sec.gov/Archives/edgar/data/789019/000119312526027207/0001193125-26-027207-index.htm
Microsoft,789019,revenue,RevenueFromContractWithCustomerExcludingAssessedTax,2024-07-01,2025-03-31,2025,Q3,10-Q,2025-04-30,205283000000,0000950170-25-061046,https://www.sec.gov/Archives/edgar/data/789019/000095017025061046/0000950170-25-061046-index.htm
Microsoft,789019,revenue,RevenueFromContractWithCustomerExcludingAssessedTax,2024-07-01,2025-03-31,2026,Q3,10-Q,2026-04-29,205283000000,0001193125-26-191507,https://www.sec.gov/Archives/edgar/data/789019/000119312526191507/0001193125-26-191507-index.htm
Microsoft,789019,revenue,RevenueFromContractWithCustomerExcludingAssessedTax,2025-01-01,2025-03-31,2025,Q3,10-Q,2025-04-30,70066000000,0000950170-25-061046,https://www.sec.gov/Archives/edgar/data/789019/000095017025061046/0000950170-25-061046-index.htm
Microsoft,789019,revenue,RevenueFromContractWithCustomerExcludingAssessedTax,2025-01-01,2025-03-31,2026,Q3,10-Q,2026-04-29,70066000000,0001193125-26-191507,https://www.sec.gov/Archives/edgar/data/789019/000119312526191507/0001193125-26-191507-index.htm
Microsoft,789019,revenue,RevenueFromContractWithCustomerExcludingAssessedTax,2024-07-01,2025-06-30,2025,FY,10-K,2025-07-30,281724000000,0000950170-25-100235,https://www.sec.gov/Archives/edgar/data/789019/000095017025100235/0000950170-25-100235-index.htm
Microsoft,789019,revenue,RevenueFromContractWithCustomerExcludingAssessedTax,2024-07-01,2025-06-30,2026,FY,10-K,2026-07-29,281724000000,0001193125-26-323660,https://www.sec.gov/Archives/edgar/data/789019/000119312526323660/0001193125-26-323660-index.htm
Microsoft,789019,revenue,RevenueFromContractWithCustomerExcludingAssessedTax,2025-07-01,2025-09-30,2026,Q1,10-Q,2025-10-29,77673000000,0001193125-25-256321,https://www.sec.gov/Archives/edgar/data/789019/000119312525256321/0001193125-25-256321-index.htm
Microsoft,789019,revenue,RevenueFromContractWithCustomerExcludingAssessedTax,2025-07-01,2025-12-31,2026,Q2,10-Q,2026-01-28,158946000000,0001193125-26-027207,https://www.sec.gov/Archives/edgar/data/789019/000119312526027207/0001193125-26-027207-index.htm
Microsoft,789019,revenue,RevenueFromContractWithCustomerExcludingAssessedTax,2025-10-01,2025-12-31,2026,Q2,10-Q,2026-01-28,81273000000,0001193125-26-027207,https://www.sec.gov/Archives/edgar/data/789019/000119312526027207/0001193125-26-027207-index.htm
Microsoft,789019,revenue,RevenueFromContractWithCustomerExcludingAssessedTax,2025-07-01,2026-03-31,2026,Q3,10-Q,2026-04-29,241832000000,0001193125-26-191507,https://www.sec.gov/Archives/edgar/data/789019/000119312526191507/0001193125-26-191507-index.htm
Microsoft,789019,revenue,RevenueFromContractWithCustomerExcludingAssessedTax,2026-01-01,2026-03-31,2026,Q3,10-Q,2026-04-29,82886000000,0001193125-26-191507,https://www.sec.gov/Archives/edgar/data/789019/000119312526191507/0001193125-26-191507-index.htm
Microsoft,789019,revenue,RevenueFromContractWithCustomerExcludingAssessedTax,2025-07-01,2026-06-30,2026,FY,10-K,2026-07-29,331839000000,0001193125-26-323660,https://www.sec.gov/Archives/edgar/data/789019/000119312526323660/0001193125-26-323660-index.htm
Microsoft,789019,operating_cash_flow,NetCashProvidedByUsedInOperatingActivities,2007-07-01,2008-06-30,2010,FY,10-K,2010-07-30,21612000000,0001193125-10-171791,https://www.sec.gov/Archives/edgar/data/789019/000119312510171791/0001193125-10-171791-index.htm
Microsoft,789019,operating_cash_flow,NetCashProvidedByUsedInOperatingActivities,2008-07-01,2008-09-30,2010,Q1,10-Q,2009-10-23,3370000000,0001193125-09-212454,https://www.sec.gov/Archives/edgar/data/789019/000119312509212454/0001193125-09-212454-index.htm
Microsoft,789019,operating_cash_flow,NetCashProvidedByUsedInOperatingActivities,2008-07-01,2008-12-31,2010,Q2,10-Q,2010-01-28,9152000000,0001193125-10-015598,https://www.sec.gov/Archives/edgar/data/789019/000119312510015598/0001193125-10-015598-index.htm
Microsoft,789019,operating_cash_flow,NetCashProvidedByUsedInOperatingActivities,2008-10-01,2008-12-31,2010,Q2,10-Q,2010-01-28,5782000000,0001193125-10-015598,https://www.sec.gov/Archives/edgar/data/789019/000119312510015598/0001193125-10-015598-index.htm
Microsoft,789019,operating_cash_flow,NetCashProvidedByUsedInOperatingActivities,2008-07-01,2009-03-31,2010,Q3,10-Q,2010-04-22,15196000000,0001193125-10-090116,https://www.sec.gov/Archives/edgar/data/789019/000119312510090116/0001193125-10-090116-index.htm
Microsoft,789019,operating_cash_flow,NetCashProvidedByUsedInOperatingActivities,2009-01-01,2009-03-31,2010,Q3,10-Q,2010-04-22,6044000000,0001193125-10-090116,https://www.sec.gov/Archives/edgar/data/789019/000119312510090116/0001193125-10-090116-index.htm
Microsoft,789019,operating_cash_flow,NetCashProvidedByUsedInOperatingActivities,2008-07-01,2009-06-30,2010,FY,10-K,2010-07-30,19037000000,0001193125-10-171791,https://www.sec.gov/Archives/edgar/data/789019/000119312510171791/0001193125-10-171791-index.htm
Microsoft,789019,operating_cash_flow,NetCashProvidedByUsedInOperatingActivities,2008-07-01,2009-06-30,2011,FY,10-K,2011-07-28,19037000000,0001193125-11-200680,https://www.sec.gov/Archives/edgar/data/789019/000119312511200680/0001193125-11-200680-index.htm
Microsoft,789019,operating_cash_flow,NetCashProvidedByUsedInOperatingActivities,2009-07-01,2009-09-30,2010,Q1,10-Q,2009-10-23,6107000000,0001193125-09-212454,https://www.sec.gov/Archives/edgar/data/789019/000119312509212454/0001193125-09-212454-index.htm
Microsoft,789019,operating_cash_flow,NetCashProvidedByUsedInOperatingActivities,2009-07-01,2009-09-30,2011,Q1,10-Q,2010-10-28,6107000000,0001193125-10-239825,https://www.sec.gov/Archives/edgar/data/789019/000119312510239825/0001193125-10-239825-index.htm
Microsoft,789019,operating_cash_flow,NetCashProvidedByUsedInOperatingActivities,2009-07-01,2009-12-31,2010,Q2,10-Q,2010-01-28,11076000000,0001193125-10-015598,https://www.sec.gov/Archives/edgar/data/789019/000119312510015598/0001193125-10-015598-index.htm
Microsoft,789019,operating_cash_flow,NetCashProvidedByUsedInOperatingActivities,2009-07-01,2009-12-31,2011,Q2,10-Q,2011-01-27,11076000000,0001193125-11-015947,https://www.sec.gov/Archives/edgar/data/789019/000119312511015947/0001193125-11-015947-index.htm
Microsoft,789019,operating_cash_flow,NetCashProvidedByUsedInOperatingActivities,2009-10-01,2009-12-31,2010,Q2,10-Q,2010-01-28,4969000000,0001193125-10-015598,https://www.sec.gov/Archives/edgar/data/789019/000119312510015598/0001193125-10-015598-index.htm
Microsoft,789019,operating_cash_flow,NetCashProvidedByUsedInOperatingActivities,2009-10-01,2009-12-31,2011,Q2,10-Q,2011-01-27,4969000000,0001193125-11-015947,https://www.sec.gov/Archives/edgar/data/789019/000119312511015947/0001193125-11-015947-index.htm
Microsoft,789019,operating_cash_flow,NetCashProvidedByUsedInOperatingActivities,2009-07-01,2010-03-31,2010,Q3,10-Q,2010-04-22,18469000000,0001193125-10-090116,https://www.sec.gov/Archives/edgar/data/789019/000119312510090116/0001193125-10-090116-index.htm
Microsoft,789019,operating_cash_flow,NetCashProvidedByUsedInOperatingActivities,2009-07-01,2010-03-31,2011,Q3,10-Q,2011-04-28,18469000000,0001193125-11-115186,https://www.sec.gov/Archives/edgar/data/789019/000119312511115186/0001193125-11-115186-index.htm
Microsoft,789019,operating_cash_flow,NetCashProvidedByUsedInOperatingActivities,2010-01-01,2010-03-31,2010,Q3,10-Q,2010-04-22,7393000000,0001193125-10-090116,https://www.sec.gov/Archives/edgar/data/789019/000119312510090116/0001193125-10-090116-index.htm
Microsoft,789019,operating_cash_flow,NetCashProvidedByUsedInOperatingActivities,2010-01-01,2010-03-31,2011,Q3,10-Q,2011-04-28,7393000000,0001193125-11-115186,https://www.sec.gov/Archives/edgar/data/789019/000119312511115186/0001193125-11-115186-index.htm
Microsoft,789019,operating_cash_flow,NetCashProvidedByUsedInOperatingActivities,2009-07-01,2010-06-30,2010,FY,10-K,2010-07-30,24073000000,0001193125-10-171791,https://www.sec.gov/Archives/edgar/data/789019/000119312510171791/0001193125-10-171791-index.htm
Microsoft,789019,operating_cash_flow,NetCashProvidedByUsedInOperatingActivities,2009-07-01,2010-06-30,2011,FY,10-K,2011-07-28,24073000000,0001193125-11-200680,https://www.sec.gov/Archives/edgar/data/789019/000119312511200680/0001193125-11-200680-index.htm
Microsoft,789019,operating_cash_flow,NetCashProvidedByUsedInOperatingActivities,2009-07-01,2010-06-30,2012,FY,10-K,2012-07-26,24073000000,0001193125-12-316848,https://www.sec.gov/Archives/edgar/data/789019/000119312512316848/0001193125-12-316848-index.htm
Microsoft,789019,operating_cash_flow,NetCashProvidedByUsedInOperatingActivities,2010-07-01,2010-09-30,2011,Q1,10-Q,2010-10-28,8194000000,0001193125-10-239825,https://www.sec.gov/Archives/edgar/data/789019/000119312510239825/0001193125-10-239825-index.htm
Microsoft,789019,operating_cash_flow,NetCashProvidedByUsedInOperatingActivities,2010-07-01,2010-09-30,2012,Q1,10-Q,2011-10-20,8194000000,0001193125-11-276022,https://www.sec.gov/Archives/edgar/data/789019/000119312511276022/0001193125-11-276022-index.htm
Microsoft,789019,operating_cash_flow,NetCashProvidedByUsedInOperatingActivities,2010-07-01,2010-12-31,2011,Q2,10-Q,2011-01-27,12380000000,0001193125-11-015947,https://www.sec.gov/Archives/edgar/data/789019/000119312511015947/0001193125-11-015947-index.htm
Microsoft,789019,operating_cash_flow,NetCashProvidedByUsedInOperatingActivities,2010-10-01,2010-12-31,2011,Q2,10-Q,2011-01-27,4186000000,0001193125-11-015947,https://www.sec.gov/Archives/edgar/data/789019/000119312511015947/0001193125-11-015947-index.htm
Microsoft,789019,operating_cash_flow,NetCashProvidedByUsedInOperatingActivities,2010-07-01,2011-03-31,2011,Q3,10-Q,2011-04-28,21052000000,0001193125-11-115186,https://www.sec.gov/Archives/edgar/data/789019/000119312511115186/0001193125-11-115186-index.htm
Microsoft,789019,operating_cash_flow,NetCashProvidedByUsedInOperatingActivities,2010-07-01,2011-03-31,2012,Q3,10-Q,2012-04-19,21052000000,0001193125-12-170665,https://www.sec.gov/Archives/edgar/data/789019/000119312512170665/0001193125-12-170665-index.htm
Microsoft,789019,operating_cash_flow,NetCashProvidedByUsedInOperatingActivities,2011-01-01,2011-03-31,2011,Q3,10-Q,2011-04-28,8672000000,0001193125-11-115186,https://www.sec.gov/Archives/edgar/data/789019/000119312511115186/0001193125-11-115186-index.htm
Microsoft,789019,operating_cash_flow,NetCashProvidedByUsedInOperatingActivities,2011-01-01,2011-03-31,2012,Q3,10-Q,2012-04-19,8672000000,0001193125-12-170665,https://www.sec.gov/Archives/edgar/data/789019/000119312512170665/0001193125-12-170665-index.htm
Microsoft,789019,operating_cash_flow,NetCashProvidedByUsedInOperatingActivities,2010-07-01,2011-06-30,2011,FY,10-K,2011-07-28,26994000000,0001193125-11-200680,https://www.sec.gov/Archives/edgar/data/789019/000119312511200680/0001193125-11-200680-index.htm
Microsoft,789019,operating_cash_flow,NetCashProvidedByUsedInOperatingActivities,2010-07-01,2011-06-30,2012,FY,10-K,2012-07-26,26994000000,0001193125-12-316848,https://www.sec.gov/Archives/edgar/data/789019/000119312512316848/0001193125-12-316848-index.htm
Microsoft,789019,operating_cash_flow,NetCashProvidedByUsedInOperatingActivities,2010-07-01,2011-06-30,2013,FY,10-K,2013-07-30,26994000000,0001193125-13-310206,https://www.sec.gov/Archives/edgar/data/789019/000119312513310206/0001193125-13-310206-index.htm
Microsoft,789019,operating_cash_flow,NetCashProvidedByUsedInOperatingActivities,2011-07-01,2011-09-30,2012,Q1,10-Q,2011-10-20,8493000000,0001193125-11-276022,https://www.sec.gov/Archives/edgar/data/789019/000119312511276022/0001193125-11-276022-index.htm
Microsoft,789019,operating_cash_flow,NetCashProvidedByUsedInOperatingActivities,2011-07-01,2011-09-30,2013,Q1,10-Q,2012-10-18,8493000000,0001193125-12-427209,https://www.sec.gov/Archives/edgar/data/789019/000119312512427209/0001193125-12-427209-index.htm
Microsoft,789019,operating_cash_flow,NetCashProvidedByUsedInOperatingActivities,2011-07-01,2011-12-31,2013,Q2,10-Q,2013-01-24,14355000000,0001193125-13-022207,https://www.sec.gov/Archives/edgar/data/789019/000119312513022207/0001193125-13-022207-index.htm
Microsoft,789019,operating_cash_flow,NetCashProvidedByUsedInOperatingActivities,2011-10-01,2011-12-31,2013,Q2,10-Q,2013-01-24,5862000000,0001193125-13-022207,https://www.sec.gov/Archives/edgar/data/789019/000119312513022207/0001193125-13-022207-index.htm
Microsoft,789019,operating_cash_flow,NetCashProvidedByUsedInOperatingActivities,2011-07-01,2012-03-31,2012,Q3,10-Q,2012-04-19,23949000000,0001193125-12-170665,https://www.sec.gov/Archives/edgar/data/789019/000119312512170665/0001193125-12-170665-index.htm
Microsoft,789019,operating_cash_flow,NetCashProvidedByUsedInOperatingActivities,2011-07-01,2012-03-31,2013,Q3,10-Q,2013-04-18,23949000000,0001193125-13-160748,https://www.sec.gov/Archives/edgar/data/789019/000119312513160748/0001193125-13-160748-index.htm
Microsoft,789019,operating_cash_flow,NetCashProvidedByUsedInOperatingActivities,2012-01-01,2012-03-31,2012,Q3,10-Q,2012-04-19,9594000000,0001193125-12-170665,https://www.sec.gov/Archives/edgar/data/789019/000119312512170665/0001193125-12-170665-index.htm
Microsoft,789019,operating_cash_flow,NetCashProvidedByUsedInOperatingActivities,2012-01-01,2012-03-31,2013,Q3,10-Q,2013-04-18,9594000000,0001193125-13-160748,https://www.sec.gov/Archives/edgar/data/789019/000119312513160748/0001193125-13-160748-index.htm
Microsoft,789019,operating_cash_flow,NetCashProvidedByUsedInOperatingActivities,2011-07-01,2012-06-30,2012,FY,10-K,2012-07-26,31626000000,0001193125-12-316848,https://www.sec.gov/Archives/edgar/data/789019/000119312512316848/0001193125-12-316848-index.htm
Microsoft,789019,operating_cash_flow,NetCashProvidedByUsedInOperatingActivities,2011-07-01,2012-06-30,2013,FY,10-K,2013-07-30,31626000000,0001193125-13-310206,https://www.sec.gov/Archives/edgar/data/789019/000119312513310206/0001193125-13-310206-index.htm
Microsoft,789019,operating_cash_flow,NetCashProvidedByUsedInOperatingActivities,2012-07-01,2012-09-30,2013,Q1,10-Q,2012-10-18,8484000000,0001193125-12-427209,https://www.sec.gov/Archives/edgar/data/789019/000119312512427209/0001193125-12-427209-index.htm
Microsoft,789019,operating_cash_flow,NetCashProvidedByUsedInOperatingActivities,2012-07-01,2012-12-31,2013,Q2,10-Q,2013-01-24,13264000000,0001193125-13-022207,https://www.sec.gov/Archives/edgar/data/789019/000119312513022207/0001193125-13-022207-index.htm
Microsoft,789019,operating_cash_flow,NetCashProvidedByUsedInOperatingActivities,2012-10-01,2012-12-31,2013,Q2,10-Q,2013-01-24,4780000000,0001193125-13-022207,https://www.sec.gov/Archives/edgar/data/789019/000119312513022207/0001193125-13-022207-index.htm
Microsoft,789019,operating_cash_flow,NetCashProvidedByUsedInOperatingActivities,2012-07-01,2013-03-31,2013,Q3,10-Q,2013-04-18,22930000000,0001193125-13-160748,https://www.sec.gov/Archives/edgar/data/789019/000119312513160748/0001193125-13-160748-index.htm
Microsoft,789019,operating_cash_flow,NetCashProvidedByUsedInOperatingActivities,2013-01-01,2013-03-31,2013,Q3,10-Q,2013-04-18,9666000000,0001193125-13-160748,https://www.sec.gov/Archives/edgar/data/789019/000119312513160748/0001193125-13-160748-index.htm
Microsoft,789019,operating_cash_flow,NetCashProvidedByUsedInOperatingActivities,2012-07-01,2013-06-30,2013,FY,10-K,2013-07-30,28833000000,0001193125-13-310206,https://www.sec.gov/Archives/edgar/data/789019/000119312513310206/0001193125-13-310206-index.htm
Microsoft,789019,operating_cash_flow,NetCashProvidedByUsedInOperatingActivities,2015-07-01,2016-06-30,2018,FY,10-K,2018-08-03,33325000000,0001564590-18-019062,https://www.sec.gov/Archives/edgar/data/789019/000156459018019062/0001564590-18-019062-index.htm
Microsoft,789019,operating_cash_flow,NetCashProvidedByUsedInOperatingActivities,2016-07-01,2016-12-31,2018,Q2,10-Q,2018-01-31,17842000000,0001564590-18-001129,https://www.sec.gov/Archives/edgar/data/789019/000156459018001129/0001564590-18-001129-index.htm
Microsoft,789019,operating_cash_flow,NetCashProvidedByUsedInOperatingActivities,2016-10-01,2016-12-31,2018,Q2,10-Q,2018-01-31,6293000000,0001564590-18-001129,https://www.sec.gov/Archives/edgar/data/789019/000156459018001129/0001564590-18-001129-index.htm
Microsoft,789019,operating_cash_flow,NetCashProvidedByUsedInOperatingActivities,2016-07-01,2017-03-31,2018,Q3,10-Q,2018-04-26,28502000000,0001564590-18-009307,https://www.sec.gov/Archives/edgar/data/789019/000156459018009307/0001564590-18-009307-index.htm
Microsoft,789019,operating_cash_flow,NetCashProvidedByUsedInOperatingActivities,2017-01-01,2017-03-31,2018,Q3,10-Q,2018-04-26,10660000000,0001564590-18-009307,https://www.sec.gov/Archives/edgar/data/789019/000156459018009307/0001564590-18-009307-index.htm
Microsoft,789019,operating_cash_flow,NetCashProvidedByUsedInOperatingActivities,2016-07-01,2017-06-30,2018,FY,10-K,2018-08-03,39507000000,0001564590-18-019062,https://www.sec.gov/Archives/edgar/data/789019/000156459018019062/0001564590-18-019062-index.htm
Microsoft,789019,operating_cash_flow,NetCashProvidedByUsedInOperatingActivities,2016-07-01,2017-06-30,2019,FY,10-K,2019-08-01,39507000000,0001564590-19-027952,https://www.sec.gov/Archives/edgar/data/789019/000156459019027952/0001564590-19-027952-index.htm
Microsoft,789019,operating_cash_flow,NetCashProvidedByUsedInOperatingActivities,2017-07-01,2017-09-30,2019,Q1,10-Q,2018-10-24,12440000000,0001564590-18-024893,https://www.sec.gov/Archives/edgar/data/789019/000156459018024893/0001564590-18-024893-index.htm
Microsoft,789019,operating_cash_flow,NetCashProvidedByUsedInOperatingActivities,2017-07-01,2017-12-31,2018,Q2,10-Q,2018-01-31,20315000000,0001564590-18-001129,https://www.sec.gov/Archives/edgar/data/789019/000156459018001129/0001564590-18-001129-index.htm
Microsoft,789019,operating_cash_flow,NetCashProvidedByUsedInOperatingActivities,2017-07-01,2017-12-31,2019,Q2,10-Q,2019-01-30,20315000000,0001564590-19-001392,https://www.sec.gov/Archives/edgar/data/789019/000156459019001392/0001564590-19-001392-index.htm
Microsoft,789019,operating_cash_flow,NetCashProvidedByUsedInOperatingActivities,2017-10-01,2017-12-31,2018,Q2,10-Q,2018-01-31,7875000000,0001564590-18-001129,https://www.sec.gov/Archives/edgar/data/789019/000156459018001129/0001564590-18-001129-index.htm
Microsoft,789019,operating_cash_flow,NetCashProvidedByUsedInOperatingActivities,2017-10-01,2017-12-31,2019,Q2,10-Q,2019-01-30,7875000000,0001564590-19-001392,https://www.sec.gov/Archives/edgar/data/789019/000156459019001392/0001564590-19-001392-index.htm
Microsoft,789019,operating_cash_flow,NetCashProvidedByUsedInOperatingActivities,2017-07-01,2018-03-31,2018,Q3,10-Q,2018-04-26,32466000000,0001564590-18-009307,https://www.sec.gov/Archives/edgar/data/789019/000156459018009307/0001564590-18-009307-index.htm
Microsoft,789019,operating_cash_flow,NetCashProvidedByUsedInOperatingActivities,2017-07-01,2018-03-31,2019,Q3,10-Q,2019-04-24,32466000000,0001564590-19-012709,https://www.sec.gov/Archives/edgar/data/789019/000156459019012709/0001564590-19-012709-index.htm
Microsoft,789019,operating_cash_flow,NetCashProvidedByUsedInOperatingActivities,2018-01-01,2018-03-31,2018,Q3,10-Q,2018-04-26,12151000000,0001564590-18-009307,https://www.sec.gov/Archives/edgar/data/789019/000156459018009307/0001564590-18-009307-index.htm
Microsoft,789019,operating_cash_flow,NetCashProvidedByUsedInOperatingActivities,2018-01-01,2018-03-31,2019,Q3,10-Q,2019-04-24,12151000000,0001564590-19-012709,https://www.sec.gov/Archives/edgar/data/789019/000156459019012709/0001564590-19-012709-index.htm
Microsoft,789019,operating_cash_flow,NetCashProvidedByUsedInOperatingActivities,2017-07-01,2018-06-30,2018,FY,10-K,2018-08-03,43884000000,0001564590-18-019062,https://www.sec.gov/Archives/edgar/data/789019/000156459018019062/0001564590-18-019062-index.htm
Microsoft,789019,operating_cash_flow,NetCashProvidedByUsedInOperatingActivities,2017-07-01,2018-06-30,2019,FY,10-K,2019-08-01,43884000000,0001564590-19-027952,https://www.sec.gov/Archives/edgar/data/789019/000156459019027952/0001564590-19-027952-index.htm
Microsoft,789019,operating_cash_flow,NetCashProvidedByUsedInOperatingActivities,2017-07-01,2018-06-30,2020,FY,10-K,2020-07-30,43884000000,0001564590-20-034944,https://www.sec.gov/Archives/edgar/data/789019/000156459020034944/0001564590-20-034944-index.htm
Microsoft,789019,operating_cash_flow,NetCashProvidedByUsedInOperatingActivities,2018-07-01,2018-09-30,2019,Q1,10-Q,2018-10-24,13657000000,0001564590-18-024893,https://www.sec.gov/Archives/edgar/data/789019/000156459018024893/0001564590-18-024893-index.htm
Microsoft,789019,operating_cash_flow,NetCashProvidedByUsedInOperatingActivities,2018-07-01,2018-09-30,2020,Q1,10-Q,2019-10-23,13657000000,0001564590-19-037549,https://www.sec.gov/Archives/edgar/data/789019/000156459019037549/0001564590-19-037549-index.htm
Microsoft,789019,operating_cash_flow,NetCashProvidedByUsedInOperatingActivities,2018-07-01,2018-12-31,2019,Q2,10-Q,2019-01-30,22557000000,0001564590-19-001392,https://www.sec.gov/Archives/edgar/data/789019/000156459019001392/0001564590-19-001392-index.htm
Microsoft,789019,operating_cash_flow,NetCashProvidedByUsedInOperatingActivities,2018-07-01,2018-12-31,2020,Q2,10-Q,2020-01-29,22557000000,0001564590-20-002450,https://www.sec.gov/Archives/edgar/data/789019/000156459020002450/0001564590-20-002450-index.htm
Microsoft,789019,operating_cash_flow,NetCashProvidedByUsedInOperatingActivities,2018-10-01,2018-12-31,2019,Q2,10-Q,2019-01-30,8900000000,0001564590-19-001392,https://www.sec.gov/Archives/edgar/data/789019/000156459019001392/0001564590-19-001392-index.htm
Microsoft,789019,operating_cash_flow,NetCashProvidedByUsedInOperatingActivities,2018-10-01,2018-12-31,2020,Q2,10-Q,2020-01-29,8900000000,0001564590-20-002450,https://www.sec.gov/Archives/edgar/data/789019/000156459020002450/0001564590-20-002450-index.htm
Microsoft,789019,operating_cash_flow,NetCashProvidedByUsedInOperatingActivities,2018-07-01,2019-03-31,2019,Q3,10-Q,2019-04-24,36077000000,0001564590-19-012709,https://www.sec.gov/Archives/edgar/data/789019/000156459019012709/0001564590-19-012709-index.htm
Microsoft,789019,operating_cash_flow,NetCashProvidedByUsedInOperatingActivities,2018-07-01,2019-03-31,2020,Q3,10-Q,2020-04-29,36077000000,0001564590-20-019706,https://www.sec.gov/Archives/edgar/data/789019/000156459020019706/0001564590-20-019706-index.htm
Microsoft,789019,operating_cash_flow,NetCashProvidedByUsedInOperatingActivities,2019-01-01,2019-03-31,2019,Q3,10-Q,2019-04-24,13520000000,0001564590-19-012709,https://www.sec.gov/Archives/edgar/data/789019/000156459019012709/0001564590-19-012709-index.htm
Microsoft,789019,operating_cash_flow,NetCashProvidedByUsedInOperatingActivities,2019-01-01,2019-03-31,2020,Q3,10-Q,2020-04-29,13520000000,0001564590-20-019706,https://www.sec.gov/Archives/edgar/data/789019/000156459020019706/0001564590-20-019706-index.htm
Microsoft,789019,operating_cash_flow,NetCashProvidedByUsedInOperatingActivities,2018-07-01,2019-06-30,2019,FY,10-K,2019-08-01,52185000000,0001564590-19-027952,https://www.sec.gov/Archives/edgar/data/789019/000156459019027952/0001564590-19-027952-index.htm
Microsoft,789019,operating_cash_flow,NetCashProvidedByUsedInOperatingActivities,2018-07-01,2019-06-30,2020,FY,10-K,2020-07-30,52185000000,0001564590-20-034944,https://www.sec.gov/Archives/edgar/data/789019/000156459020034944/0001564590-20-034944-index.htm
Microsoft,789019,operating_cash_flow,NetCashProvidedByUsedInOperatingActivities,2018-07-01,2019-06-30,2021,FY,10-K,2021-07-29,52185000000,0001564590-21-039151,https://www.sec.gov/Archives/edgar/data/789019/000156459021039151/0001564590-21-039151-index.htm
Microsoft,789019,operating_cash_flow,NetCashProvidedByUsedInOperatingActivities,2019-07-01,2019-09-30,2020,Q1,10-Q,2019-10-23,13818000000,0001564590-19-037549,https://www.sec.gov/Archives/edgar/data/789019/000156459019037549/0001564590-19-037549-index.htm
Microsoft,789019,operating_cash_flow,NetCashProvidedByUsedInOperatingActivities,2019-07-01,2019-09-30,2021,Q1,10-Q,2020-10-27,13818000000,0001564590-20-047996,https://www.sec.gov/Archives/edgar/data/789019/000156459020047996/0001564590-20-047996-index.htm
Microsoft,789019,operating_cash_flow,NetCashProvidedByUsedInOperatingActivities,2019-07-01,2019-12-31,2020,Q2,10-Q,2020-01-29,24498000000,0001564590-20-002450,https://www.sec.gov/Archives/edgar/data/789019/000156459020002450/0001564590-20-002450-index.htm
Microsoft,789019,operating_cash_flow,NetCashProvidedByUsedInOperatingActivities,2019-07-01,2019-12-31,2021,Q2,10-Q,2021-01-26,24498000000,0001564590-21-002316,https://www.sec.gov/Archives/edgar/data/789019/000156459021002316/0001564590-21-002316-index.htm
Microsoft,789019,operating_cash_flow,NetCashProvidedByUsedInOperatingActivities,2019-10-01,2019-12-31,2020,Q2,10-Q,2020-01-29,10680000000,0001564590-20-002450,https://www.sec.gov/Archives/edgar/data/789019/000156459020002450/0001564590-20-002450-index.htm
Microsoft,789019,operating_cash_flow,NetCashProvidedByUsedInOperatingActivities,2019-10-01,2019-12-31,2021,Q2,10-Q,2021-01-26,10680000000,0001564590-21-002316,https://www.sec.gov/Archives/edgar/data/789019/000156459021002316/0001564590-21-002316-index.htm
Microsoft,789019,operating_cash_flow,NetCashProvidedByUsedInOperatingActivities,2019-07-01,2020-03-31,2020,Q3,10-Q,2020-04-29,42002000000,0001564590-20-019706,https://www.sec.gov/Archives/edgar/data/789019/000156459020019706/0001564590-20-019706-index.htm
Microsoft,789019,operating_cash_flow,NetCashProvidedByUsedInOperatingActivities,2019-07-01,2020-03-31,2021,Q3,10-Q,2021-04-27,42002000000,0001564590-21-020891,https://www.sec.gov/Archives/edgar/data/789019/000156459021020891/0001564590-21-020891-index.htm
Microsoft,789019,operating_cash_flow,NetCashProvidedByUsedInOperatingActivities,2020-01-01,2020-03-31,2020,Q3,10-Q,2020-04-29,17504000000,0001564590-20-019706,https://www.sec.gov/Archives/edgar/data/789019/000156459020019706/0001564590-20-019706-index.htm
Microsoft,789019,operating_cash_flow,NetCashProvidedByUsedInOperatingActivities,2020-01-01,2020-03-31,2021,Q3,10-Q,2021-04-27,17504000000,0001564590-21-020891,https://www.sec.gov/Archives/edgar/data/789019/000156459021020891/0001564590-21-020891-index.htm
Microsoft,789019,operating_cash_flow,NetCashProvidedByUsedInOperatingActivities,2019-07-01,2020-06-30,2020,FY,10-K,2020-07-30,60675000000,0001564590-20-034944,https://www.sec.gov/Archives/edgar/data/789019/000156459020034944/0001564590-20-034944-index.htm
Microsoft,789019,operating_cash_flow,NetCashProvidedByUsedInOperatingActivities,2019-07-01,2020-06-30,2021,FY,10-K,2021-07-29,60675000000,0001564590-21-039151,https://www.sec.gov/Archives/edgar/data/789019/000156459021039151/0001564590-21-039151-index.htm
Microsoft,789019,operating_cash_flow,NetCashProvidedByUsedInOperatingActivities,2019-07-01,2020-06-30,2022,FY,10-K,2022-07-28,60675000000,0001564590-22-026876,https://www.sec.gov/Archives/edgar/data/789019/000156459022026876/0001564590-22-026876-index.htm
Microsoft,789019,operating_cash_flow,NetCashProvidedByUsedInOperatingActivities,2020-07-01,2020-09-30,2021,Q1,10-Q,2020-10-27,19335000000,0001564590-20-047996,https://www.sec.gov/Archives/edgar/data/789019/000156459020047996/0001564590-20-047996-index.htm
Microsoft,789019,operating_cash_flow,NetCashProvidedByUsedInOperatingActivities,2020-07-01,2020-09-30,2022,Q1,10-Q,2021-10-26,19335000000,0001564590-21-051992,https://www.sec.gov/Archives/edgar/data/789019/000156459021051992/0001564590-21-051992-index.htm
Microsoft,789019,operating_cash_flow,NetCashProvidedByUsedInOperatingActivities,2020-07-01,2020-12-31,2021,Q2,10-Q,2021-01-26,31851000000,0001564590-21-002316,https://www.sec.gov/Archives/edgar/data/789019/000156459021002316/0001564590-21-002316-index.htm
Microsoft,789019,operating_cash_flow,NetCashProvidedByUsedInOperatingActivities,2020-07-01,2020-12-31,2022,Q2,10-Q,2022-01-25,31851000000,0001564590-22-002324,https://www.sec.gov/Archives/edgar/data/789019/000156459022002324/0001564590-22-002324-index.htm
Microsoft,789019,operating_cash_flow,NetCashProvidedByUsedInOperatingActivities,2020-10-01,2020-12-31,2021,Q2,10-Q,2021-01-26,12516000000,0001564590-21-002316,https://www.sec.gov/Archives/edgar/data/789019/000156459021002316/0001564590-21-002316-index.htm
Microsoft,789019,operating_cash_flow,NetCashProvidedByUsedInOperatingActivities,2020-10-01,2020-12-31,2022,Q2,10-Q,2022-01-25,12516000000,0001564590-22-002324,https://www.sec.gov/Archives/edgar/data/789019/000156459022002324/0001564590-22-002324-index.htm
Microsoft,789019,operating_cash_flow,NetCashProvidedByUsedInOperatingActivities,2020-07-01,2021-03-31,2021,Q3,10-Q,2021-04-27,54030000000,0001564590-21-020891,https://www.sec.gov/Archives/edgar/data/789019/000156459021020891/0001564590-21-020891-index.htm
Microsoft,789019,operating_cash_flow,NetCashProvidedByUsedInOperatingActivities,2020-07-01,2021-03-31,2022,Q3,10-Q,2022-04-26,54030000000,0001564590-22-015675,https://www.sec.gov/Archives/edgar/data/789019/000156459022015675/0001564590-22-015675-index.htm
Microsoft,789019,operating_cash_flow,NetCashProvidedByUsedInOperatingActivities,2021-01-01,2021-03-31,2021,Q3,10-Q,2021-04-27,22179000000,0001564590-21-020891,https://www.sec.gov/Archives/edgar/data/789019/000156459021020891/0001564590-21-020891-index.htm
Microsoft,789019,operating_cash_flow,NetCashProvidedByUsedInOperatingActivities,2021-01-01,2021-03-31,2022,Q3,10-Q,2022-04-26,22179000000,0001564590-22-015675,https://www.sec.gov/Archives/edgar/data/789019/000156459022015675/0001564590-22-015675-index.htm
Microsoft,789019,operating_cash_flow,NetCashProvidedByUsedInOperatingActivities,2020-07-01,2021-06-30,2021,FY,10-K,2021-07-29,76740000000,0001564590-21-039151,https://www.sec.gov/Archives/edgar/data/789019/000156459021039151/0001564590-21-039151-index.htm
Microsoft,789019,operating_cash_flow,NetCashProvidedByUsedInOperatingActivities,2020-07-01,2021-06-30,2022,FY,10-K,2022-07-28,76740000000,0001564590-22-026876,https://www.sec.gov/Archives/edgar/data/789019/000156459022026876/0001564590-22-026876-index.htm
Microsoft,789019,operating_cash_flow,NetCashProvidedByUsedInOperatingActivities,2020-07-01,2021-06-30,2023,FY,10-K,2023-07-27,76740000000,0000950170-23-035122,https://www.sec.gov/Archives/edgar/data/789019/000095017023035122/0000950170-23-035122-index.htm
Microsoft,789019,operating_cash_flow,NetCashProvidedByUsedInOperatingActivities,2021-07-01,2021-09-30,2022,Q1,10-Q,2021-10-26,24540000000,0001564590-21-051992,https://www.sec.gov/Archives/edgar/data/789019/000156459021051992/0001564590-21-051992-index.htm
Microsoft,789019,operating_cash_flow,NetCashProvidedByUsedInOperatingActivities,2021-07-01,2021-09-30,2023,Q1,10-Q,2022-10-25,24540000000,0001564590-22-035087,https://www.sec.gov/Archives/edgar/data/789019/000156459022035087/0001564590-22-035087-index.htm
Microsoft,789019,operating_cash_flow,NetCashProvidedByUsedInOperatingActivities,2021-07-01,2021-12-31,2022,Q2,10-Q,2022-01-25,39020000000,0001564590-22-002324,https://www.sec.gov/Archives/edgar/data/789019/000156459022002324/0001564590-22-002324-index.htm
Microsoft,789019,operating_cash_flow,NetCashProvidedByUsedInOperatingActivities,2021-07-01,2021-12-31,2023,Q2,10-Q,2023-01-24,39020000000,0001564590-23-000733,https://www.sec.gov/Archives/edgar/data/789019/000156459023000733/0001564590-23-000733-index.htm
Microsoft,789019,operating_cash_flow,NetCashProvidedByUsedInOperatingActivities,2021-10-01,2021-12-31,2022,Q2,10-Q,2022-01-25,14480000000,0001564590-22-002324,https://www.sec.gov/Archives/edgar/data/789019/000156459022002324/0001564590-22-002324-index.htm
Microsoft,789019,operating_cash_flow,NetCashProvidedByUsedInOperatingActivities,2021-10-01,2021-12-31,2023,Q2,10-Q,2023-01-24,14480000000,0001564590-23-000733,https://www.sec.gov/Archives/edgar/data/789019/000156459023000733/0001564590-23-000733-index.htm
Microsoft,789019,operating_cash_flow,NetCashProvidedByUsedInOperatingActivities,2021-07-01,2022-03-31,2022,Q3,10-Q,2022-04-26,64406000000,0001564590-22-015675,https://www.sec.gov/Archives/edgar/data/789019/000156459022015675/0001564590-22-015675-index.htm
Microsoft,789019,operating_cash_flow,NetCashProvidedByUsedInOperatingActivities,2021-07-01,2022-03-31,2023,Q3,10-Q,2023-04-25,64406000000,0000950170-23-014423,https://www.sec.gov/Archives/edgar/data/789019/000095017023014423/0000950170-23-014423-index.htm
Microsoft,789019,operating_cash_flow,NetCashProvidedByUsedInOperatingActivities,2022-01-01,2022-03-31,2022,Q3,10-Q,2022-04-26,25386000000,0001564590-22-015675,https://www.sec.gov/Archives/edgar/data/789019/000156459022015675/0001564590-22-015675-index.htm
Microsoft,789019,operating_cash_flow,NetCashProvidedByUsedInOperatingActivities,2022-01-01,2022-03-31,2023,Q3,10-Q,2023-04-25,25386000000,0000950170-23-014423,https://www.sec.gov/Archives/edgar/data/789019/000095017023014423/0000950170-23-014423-index.htm
Microsoft,789019,operating_cash_flow,NetCashProvidedByUsedInOperatingActivities,2021-07-01,2022-06-30,2022,FY,10-K,2022-07-28,89035000000,0001564590-22-026876,https://www.sec.gov/Archives/edgar/data/789019/000156459022026876/0001564590-22-026876-index.htm
Microsoft,789019,operating_cash_flow,NetCashProvidedByUsedInOperatingActivities,2021-07-01,2022-06-30,2023,FY,10-K,2023-07-27,89035000000,0000950170-23-035122,https://www.sec.gov/Archives/edgar/data/789019/000095017023035122/0000950170-23-035122-index.htm
Microsoft,789019,operating_cash_flow,NetCashProvidedByUsedInOperatingActivities,2021-07-01,2022-06-30,2024,FY,10-K,2024-07-30,89035000000,0000950170-24-087843,https://www.sec.gov/Archives/edgar/data/789019/000095017024087843/0000950170-24-087843-index.htm
Microsoft,789019,operating_cash_flow,NetCashProvidedByUsedInOperatingActivities,2022-07-01,2022-09-30,2023,Q1,10-Q,2022-10-25,23198000000,0001564590-22-035087,https://www.sec.gov/Archives/edgar/data/789019/000156459022035087/0001564590-22-035087-index.htm
Microsoft,789019,operating_cash_flow,NetCashProvidedByUsedInOperatingActivities,2022-07-01,2022-09-30,2024,Q1,10-Q,2023-10-24,23198000000,0000950170-23-054855,https://www.sec.gov/Archives/edgar/data/789019/000095017023054855/0000950170-23-054855-index.htm
Microsoft,789019,operating_cash_flow,NetCashProvidedByUsedInOperatingActivities,2022-07-01,2022-12-31,2023,Q2,10-Q,2023-01-24,34371000000,0001564590-23-000733,https://www.sec.gov/Archives/edgar/data/789019/000156459023000733/0001564590-23-000733-index.htm
Microsoft,789019,operating_cash_flow,NetCashProvidedByUsedInOperatingActivities,2022-07-01,2022-12-31,2024,Q2,10-Q,2024-01-30,34371000000,0000950170-24-008814,https://www.sec.gov/Archives/edgar/data/789019/000095017024008814/0000950170-24-008814-index.htm
Microsoft,789019,operating_cash_flow,NetCashProvidedByUsedInOperatingActivities,2022-10-01,2022-12-31,2023,Q2,10-Q,2023-01-24,11173000000,0001564590-23-000733,https://www.sec.gov/Archives/edgar/data/789019/000156459023000733/0001564590-23-000733-index.htm
Microsoft,789019,operating_cash_flow,NetCashProvidedByUsedInOperatingActivities,2022-10-01,2022-12-31,2024,Q2,10-Q,2024-01-30,11173000000,0000950170-24-008814,https://www.sec.gov/Archives/edgar/data/789019/000095017024008814/0000950170-24-008814-index.htm
Microsoft,789019,operating_cash_flow,NetCashProvidedByUsedInOperatingActivities,2022-07-01,2023-03-31,2023,Q3,10-Q,2023-04-25,58812000000,0000950170-23-014423,https://www.sec.gov/Archives/edgar/data/789019/000095017023014423/0000950170-23-014423-index.htm
Microsoft,789019,operating_cash_flow,NetCashProvidedByUsedInOperatingActivities,2022-07-01,2023-03-31,2024,Q3,10-Q,2024-04-25,58812000000,0000950170-24-048288,https://www.sec.gov/Archives/edgar/data/789019/000095017024048288/0000950170-24-048288-index.htm
Microsoft,789019,operating_cash_flow,NetCashProvidedByUsedInOperatingActivities,2023-01-01,2023-03-31,2023,Q3,10-Q,2023-04-25,24441000000,0000950170-23-014423,https://www.sec.gov/Archives/edgar/data/789019/000095017023014423/0000950170-23-014423-index.htm
Microsoft,789019,operating_cash_flow,NetCashProvidedByUsedInOperatingActivities,2023-01-01,2023-03-31,2024,Q3,10-Q,2024-04-25,24441000000,0000950170-24-048288,https://www.sec.gov/Archives/edgar/data/789019/000095017024048288/0000950170-24-048288-index.htm
Microsoft,789019,operating_cash_flow,NetCashProvidedByUsedInOperatingActivities,2022-07-01,2023-06-30,2023,FY,10-K,2023-07-27,87582000000,0000950170-23-035122,https://www.sec.gov/Archives/edgar/data/789019/000095017023035122/0000950170-23-035122-index.htm
Microsoft,789019,operating_cash_flow,NetCashProvidedByUsedInOperatingActivities,2022-07-01,2023-06-30,2024,FY,10-K,2024-07-30,87582000000,0000950170-24-087843,https://www.sec.gov/Archives/edgar/data/789019/000095017024087843/0000950170-24-087843-index.htm
Microsoft,789019,operating_cash_flow,NetCashProvidedByUsedInOperatingActivities,2022-07-01,2023-06-30,2025,FY,10-K,2025-07-30,87582000000,0000950170-25-100235,https://www.sec.gov/Archives/edgar/data/789019/000095017025100235/0000950170-25-100235-index.htm
Microsoft,789019,operating_cash_flow,NetCashProvidedByUsedInOperatingActivities,2023-07-01,2023-09-30,2024,Q1,10-Q,2023-10-24,30583000000,0000950170-23-054855,https://www.sec.gov/Archives/edgar/data/789019/000095017023054855/0000950170-23-054855-index.htm
Microsoft,789019,operating_cash_flow,NetCashProvidedByUsedInOperatingActivities,2023-07-01,2023-09-30,2025,Q1,10-Q,2024-10-30,30583000000,0000950170-24-118967,https://www.sec.gov/Archives/edgar/data/789019/000095017024118967/0000950170-24-118967-index.htm
Microsoft,789019,operating_cash_flow,NetCashProvidedByUsedInOperatingActivities,2023-07-01,2023-12-31,2024,Q2,10-Q,2024-01-30,49436000000,0000950170-24-008814,https://www.sec.gov/Archives/edgar/data/789019/000095017024008814/0000950170-24-008814-index.htm
Microsoft,789019,operating_cash_flow,NetCashProvidedByUsedInOperatingActivities,2023-07-01,2023-12-31,2025,Q2,10-Q,2025-01-29,49436000000,0000950170-25-010491,https://www.sec.gov/Archives/edgar/data/789019/000095017025010491/0000950170-25-010491-index.htm
Microsoft,789019,operating_cash_flow,NetCashProvidedByUsedInOperatingActivities,2023-10-01,2023-12-31,2024,Q2,10-Q,2024-01-30,18853000000,0000950170-24-008814,https://www.sec.gov/Archives/edgar/data/789019/000095017024008814/0000950170-24-008814-index.htm
Microsoft,789019,operating_cash_flow,NetCashProvidedByUsedInOperatingActivities,2023-10-01,2023-12-31,2025,Q2,10-Q,2025-01-29,18853000000,0000950170-25-010491,https://www.sec.gov/Archives/edgar/data/789019/000095017025010491/0000950170-25-010491-index.htm
Microsoft,789019,operating_cash_flow,NetCashProvidedByUsedInOperatingActivities,2023-07-01,2024-03-31,2024,Q3,10-Q,2024-04-25,81353000000,0000950170-24-048288,https://www.sec.gov/Archives/edgar/data/789019/000095017024048288/0000950170-24-048288-index.htm
Microsoft,789019,operating_cash_flow,NetCashProvidedByUsedInOperatingActivities,2023-07-01,2024-03-31,2025,Q3,10-Q,2025-04-30,81353000000,0000950170-25-061046,https://www.sec.gov/Archives/edgar/data/789019/000095017025061046/0000950170-25-061046-index.htm
Microsoft,789019,operating_cash_flow,NetCashProvidedByUsedInOperatingActivities,2024-01-01,2024-03-31,2024,Q3,10-Q,2024-04-25,31917000000,0000950170-24-048288,https://www.sec.gov/Archives/edgar/data/789019/000095017024048288/0000950170-24-048288-index.htm
Microsoft,789019,operating_cash_flow,NetCashProvidedByUsedInOperatingActivities,2024-01-01,2024-03-31,2025,Q3,10-Q,2025-04-30,31917000000,0000950170-25-061046,https://www.sec.gov/Archives/edgar/data/789019/000095017025061046/0000950170-25-061046-index.htm
Microsoft,789019,operating_cash_flow,NetCashProvidedByUsedInOperatingActivities,2023-07-01,2024-06-30,2024,FY,10-K,2024-07-30,118548000000,0000950170-24-087843,https://www.sec.gov/Archives/edgar/data/789019/000095017024087843/0000950170-24-087843-index.htm
Microsoft,789019,operating_cash_flow,NetCashProvidedByUsedInOperatingActivities,2023-07-01,2024-06-30,2025,FY,10-K,2025-07-30,118548000000,0000950170-25-100235,https://www.sec.gov/Archives/edgar/data/789019/000095017025100235/0000950170-25-100235-index.htm
Microsoft,789019,operating_cash_flow,NetCashProvidedByUsedInOperatingActivities,2023-07-01,2024-06-30,2026,FY,10-K,2026-07-29,118548000000,0001193125-26-323660,https://www.sec.gov/Archives/edgar/data/789019/000119312526323660/0001193125-26-323660-index.htm
Microsoft,789019,operating_cash_flow,NetCashProvidedByUsedInOperatingActivities,2024-07-01,2024-09-30,2025,Q1,10-Q,2024-10-30,34180000000,0000950170-24-118967,https://www.sec.gov/Archives/edgar/data/789019/000095017024118967/0000950170-24-118967-index.htm
Microsoft,789019,operating_cash_flow,NetCashProvidedByUsedInOperatingActivities,2024-07-01,2024-09-30,2026,Q1,10-Q,2025-10-29,34180000000,0001193125-25-256321,https://www.sec.gov/Archives/edgar/data/789019/000119312525256321/0001193125-25-256321-index.htm
Microsoft,789019,operating_cash_flow,NetCashProvidedByUsedInOperatingActivities,2024-07-01,2024-12-31,2025,Q2,10-Q,2025-01-29,56471000000,0000950170-25-010491,https://www.sec.gov/Archives/edgar/data/789019/000095017025010491/0000950170-25-010491-index.htm
Microsoft,789019,operating_cash_flow,NetCashProvidedByUsedInOperatingActivities,2024-07-01,2024-12-31,2026,Q2,10-Q,2026-01-28,56471000000,0001193125-26-027207,https://www.sec.gov/Archives/edgar/data/789019/000119312526027207/0001193125-26-027207-index.htm
Microsoft,789019,operating_cash_flow,NetCashProvidedByUsedInOperatingActivities,2024-10-01,2024-12-31,2025,Q2,10-Q,2025-01-29,22291000000,0000950170-25-010491,https://www.sec.gov/Archives/edgar/data/789019/000095017025010491/0000950170-25-010491-index.htm
Microsoft,789019,operating_cash_flow,NetCashProvidedByUsedInOperatingActivities,2024-10-01,2024-12-31,2026,Q2,10-Q,2026-01-28,22291000000,0001193125-26-027207,https://www.sec.gov/Archives/edgar/data/789019/000119312526027207/0001193125-26-027207-index.htm
Microsoft,789019,operating_cash_flow,NetCashProvidedByUsedInOperatingActivities,2024-07-01,2025-03-31,2025,Q3,10-Q,2025-04-30,93515000000,0000950170-25-061046,https://www.sec.gov/Archives/edgar/data/789019/000095017025061046/0000950170-25-061046-index.htm
Microsoft,789019,operating_cash_flow,NetCashProvidedByUsedInOperatingActivities,2024-07-01,2025-03-31,2026,Q3,10-Q,2026-04-29,93515000000,0001193125-26-191507,https://www.sec.gov/Archives/edgar/data/789019/000119312526191507/0001193125-26-191507-index.htm
Microsoft,789019,operating_cash_flow,NetCashProvidedByUsedInOperatingActivities,2025-01-01,2025-03-31,2025,Q3,10-Q,2025-04-30,37044000000,0000950170-25-061046,https://www.sec.gov/Archives/edgar/data/789019/000095017025061046/0000950170-25-061046-index.htm
Microsoft,789019,operating_cash_flow,NetCashProvidedByUsedInOperatingActivities,2025-01-01,2025-03-31,2026,Q3,10-Q,2026-04-29,37044000000,0001193125-26-191507,https://www.sec.gov/Archives/edgar/data/789019/000119312526191507/0001193125-26-191507-index.htm
Microsoft,789019,operating_cash_flow,NetCashProvidedByUsedInOperatingActivities,2024-07-01,2025-06-30,2025,FY,10-K,2025-07-30,136162000000,0000950170-25-100235,https://www.sec.gov/Archives/edgar/data/789019/000095017025100235/0000950170-25-100235-index.htm
Microsoft,789019,operating_cash_flow,NetCashProvidedByUsedInOperatingActivities,2024-07-01,2025-06-30,2026,FY,10-K,2026-07-29,136162000000,0001193125-26-323660,https://www.sec.gov/Archives/edgar/data/789019/000119312526323660/0001193125-26-323660-index.htm
Microsoft,789019,operating_cash_flow,NetCashProvidedByUsedInOperatingActivities,2025-07-01,2025-09-30,2026,Q1,10-Q,2025-10-29,45057000000,0001193125-25-256321,https://www.sec.gov/Archives/edgar/data/789019/000119312525256321/0001193125-25-256321-index.htm
Microsoft,789019,operating_cash_flow,NetCashProvidedByUsedInOperatingActivities,2025-07-01,2025-12-31,2026,Q2,10-Q,2026-01-28,80815000000,0001193125-26-027207,https://www.sec.gov/Archives/edgar/data/789019/000119312526027207/0001193125-26-027207-index.htm
Microsoft,789019,operating_cash_flow,NetCashProvidedByUsedInOperatingActivities,2025-10-01,2025-12-31,2026,Q2,10-Q,2026-01-28,35758000000,0001193125-26-027207,https://www.sec.gov/Archives/edgar/data/789019/000119312526027207/0001193125-26-027207-index.htm
Microsoft,789019,operating_cash_flow,NetCashProvidedByUsedInOperatingActivities,2025-07-01,2026-03-31,2026,Q3,10-Q,2026-04-29,127494000000,0001193125-26-191507,https://www.sec.gov/Archives/edgar/data/789019/000119312526191507/0001193125-26-191507-index.htm
Microsoft,789019,operating_cash_flow,NetCashProvidedByUsedInOperatingActivities,2026-01-01,2026-03-31,2026,Q3,10-Q,2026-04-29,46679000000,0001193125-26-191507,https://www.sec.gov/Archives/edgar/data/789019/000119312526191507/0001193125-26-191507-index.htm
Microsoft,789019,operating_cash_flow,NetCashProvidedByUsedInOperatingActivities,2025-07-01,2026-06-30,2026,FY,10-K,2026-07-29,182935000000,0001193125-26-323660,https://www.sec.gov/Archives/edgar/data/789019/000119312526323660/0001193125-26-323660-index.htm
Alphabet,1652044,capex,PaymentsToAcquirePropertyPlantAndEquipment,2013-01-01,2013-12-31,2015,FY,10-K,2016-02-11,7358000000,0001652044-16-000012,https://www.sec.gov/Archives/edgar/data/1652044/000165204416000012/0001652044-16-000012-index.htm
Alphabet,1652044,capex,PaymentsToAcquirePropertyPlantAndEquipment,2014-01-01,2014-09-30,2015,Q3,10-Q,2015-10-29,7408000000,0001652044-15-000005,https://www.sec.gov/Archives/edgar/data/1652044/000165204415000005/0001652044-15-000005-index.htm
Alphabet,1652044,capex,PaymentsToAcquirePropertyPlantAndEquipment,2014-01-01,2014-12-31,2015,FY,10-K,2016-02-11,10959000000,0001652044-16-000012,https://www.sec.gov/Archives/edgar/data/1652044/000165204416000012/0001652044-16-000012-index.htm
Alphabet,1652044,capex,PaymentsToAcquirePropertyPlantAndEquipment,2014-01-01,2014-12-31,2016,FY,10-K,2017-02-03,11014000000,0001652044-17-000008,https://www.sec.gov/Archives/edgar/data/1652044/000165204417000008/0001652044-17-000008-index.htm
Alphabet,1652044,capex,PaymentsToAcquirePropertyPlantAndEquipment,2015-01-01,2015-03-31,2016,Q1,10-Q,2016-05-03,2927000000,0001652044-16-000021,https://www.sec.gov/Archives/edgar/data/1652044/000165204416000021/0001652044-16-000021-index.htm
Alphabet,1652044,capex,PaymentsToAcquirePropertyPlantAndEquipment,2015-01-01,2015-06-30,2016,Q2,10-Q,2016-08-04,5442000000,0001652044-16-000032,https://www.sec.gov/Archives/edgar/data/1652044/000165204416000032/0001652044-16-000032-index.htm
Alphabet,1652044,capex,PaymentsToAcquirePropertyPlantAndEquipment,2015-04-01,2015-06-30,2016,Q2,10-Q,2016-08-04,2515000000,0001652044-16-000032,https://www.sec.gov/Archives/edgar/data/1652044/000165204416000032/0001652044-16-000032-index.htm
Alphabet,1652044,capex,PaymentsToAcquirePropertyPlantAndEquipment,2015-01-01,2015-09-30,2015,Q3,10-Q,2015-10-29,7815000000,0001652044-15-000005,https://www.sec.gov/Archives/edgar/data/1652044/000165204415000005/0001652044-15-000005-index.htm
Alphabet,1652044,capex,PaymentsToAcquirePropertyPlantAndEquipment,2015-01-01,2015-09-30,2016,Q3,10-Q,2016-11-03,7848000000,0001652044-16-000038,https://www.sec.gov/Archives/edgar/data/1652044/000165204416000038/0001652044-16-000038-index.htm
Alphabet,1652044,capex,PaymentsToAcquirePropertyPlantAndEquipment,2015-07-01,2015-09-30,2016,Q3,10-Q,2016-11-03,2383000000,0001652044-16-000038,https://www.sec.gov/Archives/edgar/data/1652044/000165204416000038/0001652044-16-000038-index.htm
Alphabet,1652044,capex,PaymentsToAcquirePropertyPlantAndEquipment,2015-01-01,2015-12-31,2015,FY,10-K,2016-02-11,9915000000,0001652044-16-000012,https://www.sec.gov/Archives/edgar/data/1652044/000165204416000012/0001652044-16-000012-index.htm
Alphabet,1652044,capex,PaymentsToAcquirePropertyPlantAndEquipment,2015-01-01,2015-12-31,2016,FY,10-K,2017-02-03,9950000000,0001652044-17-000008,https://www.sec.gov/Archives/edgar/data/1652044/000165204417000008/0001652044-17-000008-index.htm
Alphabet,1652044,capex,PaymentsToAcquirePropertyPlantAndEquipment,2015-01-01,2015-12-31,2017,FY,10-K,2018-02-06,9950000000,0001652044-18-000007,https://www.sec.gov/Archives/edgar/data/1652044/000165204418000007/0001652044-18-000007-index.htm
Alphabet,1652044,capex,PaymentsToAcquirePropertyPlantAndEquipment,2016-01-01,2016-03-31,2016,Q1,10-Q,2016-05-03,2428000000,0001652044-16-000021,https://www.sec.gov/Archives/edgar/data/1652044/000165204416000021/0001652044-16-000021-index.htm
Alphabet,1652044,capex,PaymentsToAcquirePropertyPlantAndEquipment,2016-01-01,2016-03-31,2017,Q1,10-Q,2017-05-02,2444000000,0001652044-17-000014,https://www.sec.gov/Archives/edgar/data/1652044/000165204417000014/0001652044-17-000014-index.htm
Alphabet,1652044,capex,PaymentsToAcquirePropertyPlantAndEquipment,2016-01-01,2016-06-30,2016,Q2,10-Q,2016-08-04,4551000000,0001652044-16-000032,https://www.sec.gov/Archives/edgar/data/1652044/000165204416000032/0001652044-16-000032-index.htm
Alphabet,1652044,capex,PaymentsToAcquirePropertyPlantAndEquipment,2016-01-01,2016-06-30,2017,Q2,10-Q,2017-07-25,4580000000,0001652044-17-000026,https://www.sec.gov/Archives/edgar/data/1652044/000165204417000026/0001652044-17-000026-index.htm
Alphabet,1652044,capex,PaymentsToAcquirePropertyPlantAndEquipment,2016-04-01,2016-06-30,2016,Q2,10-Q,2016-08-04,2123000000,0001652044-16-000032,https://www.sec.gov/Archives/edgar/data/1652044/000165204416000032/0001652044-16-000032-index.htm
Alphabet,1652044,capex,PaymentsToAcquirePropertyPlantAndEquipment,2016-04-01,2016-06-30,2017,Q2,10-Q,2017-07-25,2136000000,0001652044-17-000026,https://www.sec.gov/Archives/edgar/data/1652044/000165204417000026/0001652044-17-000026-index.htm
Alphabet,1652044,capex,PaymentsToAcquirePropertyPlantAndEquipment,2016-01-01,2016-09-30,2016,Q3,10-Q,2016-11-03,7134000000,0001652044-16-000038,https://www.sec.gov/Archives/edgar/data/1652044/000165204416000038/0001652044-16-000038-index.htm
Alphabet,1652044,capex,PaymentsToAcquirePropertyPlantAndEquipment,2016-01-01,2016-09-30,2017,Q3,10-Q,2017-10-27,7134000000,0001652044-17-000042,https://www.sec.gov/Archives/edgar/data/1652044/000165204417000042/0001652044-17-000042-index.htm
Alphabet,1652044,capex,PaymentsToAcquirePropertyPlantAndEquipment,2016-07-01,2016-09-30,2016,Q3,10-Q,2016-11-03,2554000000,0001652044-16-000038,https://www.sec.gov/Archives/edgar/data/1652044/000165204416000038/0001652044-16-000038-index.htm
Alphabet,1652044,capex,PaymentsToAcquirePropertyPlantAndEquipment,2016-07-01,2016-09-30,2017,Q3,10-Q,2017-10-27,2554000000,0001652044-17-000042,https://www.sec.gov/Archives/edgar/data/1652044/000165204417000042/0001652044-17-000042-index.htm
Alphabet,1652044,capex,PaymentsToAcquirePropertyPlantAndEquipment,2016-01-01,2016-12-31,2016,FY,10-K,2017-02-03,10212000000,0001652044-17-000008,https://www.sec.gov/Archives/edgar/data/1652044/000165204417000008/0001652044-17-000008-index.htm
Alphabet,1652044,capex,PaymentsToAcquirePropertyPlantAndEquipment,2016-01-01,2016-12-31,2017,FY,10-K,2018-02-06,10212000000,0001652044-18-000007,https://www.sec.gov/Archives/edgar/data/1652044/000165204418000007/0001652044-18-000007-index.htm
Alphabet,1652044,capex,PaymentsToAcquirePropertyPlantAndEquipment,2016-01-01,2016-12-31,2018,FY,10-K,2019-02-05,10212000000,0001652044-19-000004,https://www.sec.gov/Archives/edgar/data/1652044/000165204419000004/0001652044-19-000004-index.htm
Alphabet,1652044,capex,PaymentsToAcquirePropertyPlantAndEquipment,2017-01-01,2017-03-31,2017,Q1,10-Q,2017-05-02,2508000000,0001652044-17-000014,https://www.sec.gov/Archives/edgar/data/1652044/000165204417000014/0001652044-17-000014-index.htm
Alphabet,1652044,capex,PaymentsToAcquirePropertyPlantAndEquipment,2017-01-01,2017-03-31,2018,Q1,10-Q,2018-04-24,2508000000,0001652044-18-000016,https://www.sec.gov/Archives/edgar/data/1652044/000165204418000016/0001652044-18-000016-index.htm
Alphabet,1652044,capex,PaymentsToAcquirePropertyPlantAndEquipment,2017-01-01,2017-06-30,2017,Q2,10-Q,2017-07-25,5339000000,0001652044-17-000026,https://www.sec.gov/Archives/edgar/data/1652044/000165204417000026/0001652044-17-000026-index.htm
Alphabet,1652044,capex,PaymentsToAcquirePropertyPlantAndEquipment,2017-01-01,2017-06-30,2018,Q2,10-Q,2018-07-24,5339000000,0001652044-18-000027,https://www.sec.gov/Archives/edgar/data/1652044/000165204418000027/0001652044-18-000027-index.htm
Alphabet,1652044,capex,PaymentsToAcquirePropertyPlantAndEquipment,2017-04-01,2017-06-30,2017,Q2,10-Q,2017-07-25,2831000000,0001652044-17-000026,https://www.sec.gov/Archives/edgar/data/1652044/000165204417000026/0001652044-17-000026-index.htm
Alphabet,1652044,capex,PaymentsToAcquirePropertyPlantAndEquipment,2017-04-01,2017-06-30,2018,Q2,10-Q,2018-07-24,2831000000,0001652044-18-000027,https://www.sec.gov/Archives/edgar/data/1652044/000165204418000027/0001652044-18-000027-index.htm
Alphabet,1652044,capex,PaymentsToAcquirePropertyPlantAndEquipment,2017-01-01,2017-09-30,2017,Q3,10-Q,2017-10-27,8877000000,0001652044-17-000042,https://www.sec.gov/Archives/edgar/data/1652044/000165204417000042/0001652044-17-000042-index.htm
Alphabet,1652044,capex,PaymentsToAcquirePropertyPlantAndEquipment,2017-01-01,2017-09-30,2018,Q3,10-Q,2018-10-26,8877000000,0001652044-18-000035,https://www.sec.gov/Archives/edgar/data/1652044/000165204418000035/0001652044-18-000035-index.htm
Alphabet,1652044,capex,PaymentsToAcquirePropertyPlantAndEquipment,2017-07-01,2017-09-30,2017,Q3,10-Q,2017-10-27,3538000000,0001652044-17-000042,https://www.sec.gov/Archives/edgar/data/1652044/000165204417000042/0001652044-17-000042-index.htm
Alphabet,1652044,capex,PaymentsToAcquirePropertyPlantAndEquipment,2017-07-01,2017-09-30,2018,Q3,10-Q,2018-10-26,3538000000,0001652044-18-000035,https://www.sec.gov/Archives/edgar/data/1652044/000165204418000035/0001652044-18-000035-index.htm
Alphabet,1652044,capex,PaymentsToAcquirePropertyPlantAndEquipment,2017-01-01,2017-12-31,2017,FY,10-K,2018-02-06,13184000000,0001652044-18-000007,https://www.sec.gov/Archives/edgar/data/1652044/000165204418000007/0001652044-18-000007-index.htm
Alphabet,1652044,capex,PaymentsToAcquirePropertyPlantAndEquipment,2017-01-01,2017-12-31,2018,FY,10-K,2019-02-05,13184000000,0001652044-19-000004,https://www.sec.gov/Archives/edgar/data/1652044/000165204419000004/0001652044-19-000004-index.htm
Alphabet,1652044,capex,PaymentsToAcquirePropertyPlantAndEquipment,2017-01-01,2017-12-31,2019,FY,10-K,2020-02-04,13184000000,0001652044-20-000008,https://www.sec.gov/Archives/edgar/data/1652044/000165204420000008/0001652044-20-000008-index.htm
Alphabet,1652044,capex,PaymentsToAcquirePropertyPlantAndEquipment,2018-01-01,2018-03-31,2018,Q1,10-Q,2018-04-24,7299000000,0001652044-18-000016,https://www.sec.gov/Archives/edgar/data/1652044/000165204418000016/0001652044-18-000016-index.htm
Alphabet,1652044,capex,PaymentsToAcquirePropertyPlantAndEquipment,2018-01-01,2018-03-31,2019,Q1,10-Q,2019-04-30,7299000000,0001652044-19-000015,https://www.sec.gov/Archives/edgar/data/1652044/000165204419000015/0001652044-19-000015-index.htm
Alphabet,1652044,capex,PaymentsToAcquirePropertyPlantAndEquipment,2018-01-01,2018-06-30,2018,Q2,10-Q,2018-07-24,12776000000,0001652044-18-000027,https://www.sec.gov/Archives/edgar/data/1652044/000165204418000027/0001652044-18-000027-index.htm
Alphabet,1652044,capex,PaymentsToAcquirePropertyPlantAndEquipment,2018-01-01,2018-06-30,2019,Q2,10-Q,2019-07-26,12776000000,0001652044-19-000023,https://www.sec.gov/Archives/edgar/data/1652044/000165204419000023/0001652044-19-000023-index.htm
Alphabet,1652044,capex,PaymentsToAcquirePropertyPlantAndEquipment,2018-04-01,2018-06-30,2018,Q2,10-Q,2018-07-24,5477000000,0001652044-18-000027,https://www.sec.gov/Archives/edgar/data/1652044/000165204418000027/0001652044-18-000027-index.htm
Alphabet,1652044,capex,PaymentsToAcquirePropertyPlantAndEquipment,2018-04-01,2018-06-30,2019,Q2,10-Q,2019-07-26,5477000000,0001652044-19-000023,https://www.sec.gov/Archives/edgar/data/1652044/000165204419000023/0001652044-19-000023-index.htm
Alphabet,1652044,capex,PaymentsToAcquirePropertyPlantAndEquipment,2018-01-01,2018-09-30,2018,Q3,10-Q,2018-10-26,18058000000,0001652044-18-000035,https://www.sec.gov/Archives/edgar/data/1652044/000165204418000035/0001652044-18-000035-index.htm
Alphabet,1652044,capex,PaymentsToAcquirePropertyPlantAndEquipment,2018-01-01,2018-09-30,2019,Q3,10-Q,2019-10-29,18058000000,0001652044-19-000032,https://www.sec.gov/Archives/edgar/data/1652044/000165204419000032/0001652044-19-000032-index.htm
Alphabet,1652044,capex,PaymentsToAcquirePropertyPlantAndEquipment,2018-07-01,2018-09-30,2018,Q3,10-Q,2018-10-26,5282000000,0001652044-18-000035,https://www.sec.gov/Archives/edgar/data/1652044/000165204418000035/0001652044-18-000035-index.htm
Alphabet,1652044,capex,PaymentsToAcquirePropertyPlantAndEquipment,2018-07-01,2018-09-30,2019,Q3,10-Q,2019-10-29,5282000000,0001652044-19-000032,https://www.sec.gov/Archives/edgar/data/1652044/000165204419000032/0001652044-19-000032-index.htm
Alphabet,1652044,capex,PaymentsToAcquirePropertyPlantAndEquipment,2018-01-01,2018-12-31,2018,FY,10-K,2019-02-05,25139000000,0001652044-19-000004,https://www.sec.gov/Archives/edgar/data/1652044/000165204419000004/0001652044-19-000004-index.htm
Alphabet,1652044,capex,PaymentsToAcquirePropertyPlantAndEquipment,2018-01-01,2018-12-31,2019,FY,10-K,2020-02-04,25139000000,0001652044-20-000008,https://www.sec.gov/Archives/edgar/data/1652044/000165204420000008/0001652044-20-000008-index.htm
Alphabet,1652044,capex,PaymentsToAcquirePropertyPlantAndEquipment,2018-01-01,2018-12-31,2020,FY,10-K,2021-02-03,25139000000,0001652044-21-000010,https://www.sec.gov/Archives/edgar/data/1652044/000165204421000010/0001652044-21-000010-index.htm
Alphabet,1652044,capex,PaymentsToAcquirePropertyPlantAndEquipment,2019-01-01,2019-03-31,2019,Q1,10-Q,2019-04-30,4638000000,0001652044-19-000015,https://www.sec.gov/Archives/edgar/data/1652044/000165204419000015/0001652044-19-000015-index.htm
Alphabet,1652044,capex,PaymentsToAcquirePropertyPlantAndEquipment,2019-01-01,2019-03-31,2020,Q1,10-Q,2020-04-29,4638000000,0001652044-20-000021,https://www.sec.gov/Archives/edgar/data/1652044/000165204420000021/0001652044-20-000021-index.htm
Alphabet,1652044,capex,PaymentsToAcquirePropertyPlantAndEquipment,2019-01-01,2019-06-30,2019,Q2,10-Q,2019-07-26,10764000000,0001652044-19-000023,https://www.sec.gov/Archives/edgar/data/1652044/000165204419000023/0001652044-19-000023-index.htm
Alphabet,1652044,capex,PaymentsToAcquirePropertyPlantAndEquipment,2019-01-01,2019-06-30,2020,Q2,10-Q,2020-07-31,10764000000,0001652044-20-000032,https://www.sec.gov/Archives/edgar/data/1652044/000165204420000032/0001652044-20-000032-index.htm
Alphabet,1652044,capex,PaymentsToAcquirePropertyPlantAndEquipment,2019-04-01,2019-06-30,2019,Q2,10-Q,2019-07-26,6126000000,0001652044-19-000023,https://www.sec.gov/Archives/edgar/data/1652044/000165204419000023/0001652044-19-000023-index.htm
Alphabet,1652044,capex,PaymentsToAcquirePropertyPlantAndEquipment,2019-04-01,2019-06-30,2020,Q2,10-Q,2020-07-31,6126000000,0001652044-20-000032,https://www.sec.gov/Archives/edgar/data/1652044/000165204420000032/0001652044-20-000032-index.htm
Alphabet,1652044,capex,PaymentsToAcquirePropertyPlantAndEquipment,2019-01-01,2019-09-30,2019,Q3,10-Q,2019-10-29,17496000000,0001652044-19-000032,https://www.sec.gov/Archives/edgar/data/1652044/000165204419000032/0001652044-19-000032-index.htm
Alphabet,1652044,capex,PaymentsToAcquirePropertyPlantAndEquipment,2019-01-01,2019-09-30,2020,Q3,10-Q,2020-10-30,17496000000,0001652044-20-000050,https://www.sec.gov/Archives/edgar/data/1652044/000165204420000050/0001652044-20-000050-index.htm
Alphabet,1652044,capex,PaymentsToAcquirePropertyPlantAndEquipment,2019-07-01,2019-09-30,2019,Q3,10-Q,2019-10-29,6732000000,0001652044-19-000032,https://www.sec.gov/Archives/edgar/data/1652044/000165204419000032/0001652044-19-000032-index.htm
Alphabet,1652044,capex,PaymentsToAcquirePropertyPlantAndEquipment,2019-07-01,2019-09-30,2020,Q3,10-Q,2020-10-30,6732000000,0001652044-20-000050,https://www.sec.gov/Archives/edgar/data/1652044/000165204420000050/0001652044-20-000050-index.htm
Alphabet,1652044,capex,PaymentsToAcquirePropertyPlantAndEquipment,2019-01-01,2019-12-31,2019,FY,10-K,2020-02-04,23548000000,0001652044-20-000008,https://www.sec.gov/Archives/edgar/data/1652044/000165204420000008/0001652044-20-000008-index.htm
Alphabet,1652044,capex,PaymentsToAcquirePropertyPlantAndEquipment,2019-01-01,2019-12-31,2020,FY,10-K,2021-02-03,23548000000,0001652044-21-000010,https://www.sec.gov/Archives/edgar/data/1652044/000165204421000010/0001652044-21-000010-index.htm
Alphabet,1652044,capex,PaymentsToAcquirePropertyPlantAndEquipment,2019-01-01,2019-12-31,2021,FY,10-K,2022-02-02,23548000000,0001652044-22-000019,https://www.sec.gov/Archives/edgar/data/1652044/000165204422000019/0001652044-22-000019-index.htm
Alphabet,1652044,capex,PaymentsToAcquirePropertyPlantAndEquipment,2020-01-01,2020-03-31,2020,Q1,10-Q,2020-04-29,6005000000,0001652044-20-000021,https://www.sec.gov/Archives/edgar/data/1652044/000165204420000021/0001652044-20-000021-index.htm
Alphabet,1652044,capex,PaymentsToAcquirePropertyPlantAndEquipment,2020-01-01,2020-03-31,2021,Q1,10-Q,2021-04-28,6005000000,0001652044-21-000020,https://www.sec.gov/Archives/edgar/data/1652044/000165204421000020/0001652044-21-000020-index.htm
Alphabet,1652044,capex,PaymentsToAcquirePropertyPlantAndEquipment,2020-01-01,2020-06-30,2020,Q2,10-Q,2020-07-31,11396000000,0001652044-20-000032,https://www.sec.gov/Archives/edgar/data/1652044/000165204420000032/0001652044-20-000032-index.htm
Alphabet,1652044,capex,PaymentsToAcquirePropertyPlantAndEquipment,2020-01-01,2020-06-30,2021,Q2,10-Q,2021-07-28,11396000000,0001652044-21-000047,https://www.sec.gov/Archives/edgar/data/1652044/000165204421000047/0001652044-21-000047-index.htm
Alphabet,1652044,capex,PaymentsToAcquirePropertyPlantAndEquipment,2020-04-01,2020-06-30,2020,Q2,10-Q,2020-07-31,5391000000,0001652044-20-000032,https://www.sec.gov/Archives/edgar/data/1652044/000165204420000032/0001652044-20-000032-index.htm
Alphabet,1652044,capex,PaymentsToAcquirePropertyPlantAndEquipment,2020-01-01,2020-09-30,2020,Q3,10-Q,2020-10-30,16802000000,0001652044-20-000050,https://www.sec.gov/Archives/edgar/data/1652044/000165204420000050/0001652044-20-000050-index.htm
Alphabet,1652044,capex,PaymentsToAcquirePropertyPlantAndEquipment,2020-01-01,2020-09-30,2021,Q3,10-Q,2021-10-27,16802000000,0001652044-21-000057,https://www.sec.gov/Archives/edgar/data/1652044/000165204421000057/0001652044-21-000057-index.htm
Alphabet,1652044,capex,PaymentsToAcquirePropertyPlantAndEquipment,2020-07-01,2020-09-30,2020,Q3,10-Q,2020-10-30,5406000000,0001652044-20-000050,https://www.sec.gov/Archives/edgar/data/1652044/000165204420000050/0001652044-20-000050-index.htm
Alphabet,1652044,capex,PaymentsToAcquirePropertyPlantAndEquipment,2020-01-01,2020-12-31,2020,FY,10-K,2021-02-03,22281000000,0001652044-21-000010,https://www.sec.gov/Archives/edgar/data/1652044/000165204421000010/0001652044-21-000010-index.htm
Alphabet,1652044,capex,PaymentsToAcquirePropertyPlantAndEquipment,2020-01-01,2020-12-31,2021,FY,10-K,2022-02-02,22281000000,0001652044-22-000019,https://www.sec.gov/Archives/edgar/data/1652044/000165204422000019/0001652044-22-000019-index.htm
Alphabet,1652044,capex,PaymentsToAcquirePropertyPlantAndEquipment,2020-01-01,2020-12-31,2022,FY,10-K,2023-02-03,22281000000,0001652044-23-000016,https://www.sec.gov/Archives/edgar/data/1652044/000165204423000016/0001652044-23-000016-index.htm
Alphabet,1652044,capex,PaymentsToAcquirePropertyPlantAndEquipment,2021-01-01,2021-03-31,2021,Q1,10-Q,2021-04-28,5942000000,0001652044-21-000020,https://www.sec.gov/Archives/edgar/data/1652044/000165204421000020/0001652044-21-000020-index.htm
Alphabet,1652044,capex,PaymentsToAcquirePropertyPlantAndEquipment,2021-01-01,2021-03-31,2022,Q1,10-Q,2022-04-27,5942000000,0001652044-22-000029,https://www.sec.gov/Archives/edgar/data/1652044/000165204422000029/0001652044-22-000029-index.htm
Alphabet,1652044,capex,PaymentsToAcquirePropertyPlantAndEquipment,2021-01-01,2021-06-30,2021,Q2,10-Q,2021-07-28,11438000000,0001652044-21-000047,https://www.sec.gov/Archives/edgar/data/1652044/000165204421000047/0001652044-21-000047-index.htm
Alphabet,1652044,capex,PaymentsToAcquirePropertyPlantAndEquipment,2021-01-01,2021-06-30,2022,Q2,10-Q,2022-07-27,11438000000,0001652044-22-000071,https://www.sec.gov/Archives/edgar/data/1652044/000165204422000071/0001652044-22-000071-index.htm
Alphabet,1652044,capex,PaymentsToAcquirePropertyPlantAndEquipment,2021-01-01,2021-09-30,2021,Q3,10-Q,2021-10-27,18257000000,0001652044-21-000057,https://www.sec.gov/Archives/edgar/data/1652044/000165204421000057/0001652044-21-000057-index.htm
Alphabet,1652044,capex,PaymentsToAcquirePropertyPlantAndEquipment,2021-01-01,2021-09-30,2022,Q3,10-Q,2022-10-26,18257000000,0001652044-22-000090,https://www.sec.gov/Archives/edgar/data/1652044/000165204422000090/0001652044-22-000090-index.htm
Alphabet,1652044,capex,PaymentsToAcquirePropertyPlantAndEquipment,2021-01-01,2021-12-31,2021,FY,10-K,2022-02-02,24640000000,0001652044-22-000019,https://www.sec.gov/Archives/edgar/data/1652044/000165204422000019/0001652044-22-000019-index.htm
Alphabet,1652044,capex,PaymentsToAcquirePropertyPlantAndEquipment,2021-01-01,2021-12-31,2022,FY,10-K,2023-02-03,24640000000,0001652044-23-000016,https://www.sec.gov/Archives/edgar/data/1652044/000165204423000016/0001652044-23-000016-index.htm
Alphabet,1652044,capex,PaymentsToAcquirePropertyPlantAndEquipment,2021-01-01,2021-12-31,2023,FY,10-K,2024-01-31,24640000000,0001652044-24-000022,https://www.sec.gov/Archives/edgar/data/1652044/000165204424000022/0001652044-24-000022-index.htm
Alphabet,1652044,capex,PaymentsToAcquirePropertyPlantAndEquipment,2022-01-01,2022-03-31,2022,Q1,10-Q,2022-04-27,9786000000,0001652044-22-000029,https://www.sec.gov/Archives/edgar/data/1652044/000165204422000029/0001652044-22-000029-index.htm
Alphabet,1652044,capex,PaymentsToAcquirePropertyPlantAndEquipment,2022-01-01,2022-03-31,2023,Q1,10-Q,2023-04-26,9786000000,0001652044-23-000045,https://www.sec.gov/Archives/edgar/data/1652044/000165204423000045/0001652044-23-000045-index.htm
Alphabet,1652044,capex,PaymentsToAcquirePropertyPlantAndEquipment,2022-01-01,2022-06-30,2022,Q2,10-Q,2022-07-27,16614000000,0001652044-22-000071,https://www.sec.gov/Archives/edgar/data/1652044/000165204422000071/0001652044-22-000071-index.htm
Alphabet,1652044,capex,PaymentsToAcquirePropertyPlantAndEquipment,2022-01-01,2022-06-30,2023,Q2,10-Q,2023-07-26,16614000000,0001652044-23-000070,https://www.sec.gov/Archives/edgar/data/1652044/000165204423000070/0001652044-23-000070-index.htm
Alphabet,1652044,capex,PaymentsToAcquirePropertyPlantAndEquipment,2022-01-01,2022-09-30,2022,Q3,10-Q,2022-10-26,23890000000,0001652044-22-000090,https://www.sec.gov/Archives/edgar/data/1652044/000165204422000090/0001652044-22-000090-index.htm
Alphabet,1652044,capex,PaymentsToAcquirePropertyPlantAndEquipment,2022-01-01,2022-09-30,2023,Q3,10-Q,2023-10-25,23890000000,0001652044-23-000094,https://www.sec.gov/Archives/edgar/data/1652044/000165204423000094/0001652044-23-000094-index.htm
Alphabet,1652044,capex,PaymentsToAcquirePropertyPlantAndEquipment,2022-01-01,2022-12-31,2022,FY,10-K,2023-02-03,31485000000,0001652044-23-000016,https://www.sec.gov/Archives/edgar/data/1652044/000165204423000016/0001652044-23-000016-index.htm
Alphabet,1652044,capex,PaymentsToAcquirePropertyPlantAndEquipment,2022-01-01,2022-12-31,2023,FY,10-K,2024-01-31,31485000000,0001652044-24-000022,https://www.sec.gov/Archives/edgar/data/1652044/000165204424000022/0001652044-24-000022-index.htm
Alphabet,1652044,capex,PaymentsToAcquirePropertyPlantAndEquipment,2022-01-01,2022-12-31,2024,FY,10-K,2025-02-05,31485000000,0001652044-25-000014,https://www.sec.gov/Archives/edgar/data/1652044/000165204425000014/0001652044-25-000014-index.htm
Alphabet,1652044,capex,PaymentsToAcquirePropertyPlantAndEquipment,2023-01-01,2023-03-31,2023,Q1,10-Q,2023-04-26,6289000000,0001652044-23-000045,https://www.sec.gov/Archives/edgar/data/1652044/000165204423000045/0001652044-23-000045-index.htm
Alphabet,1652044,capex,PaymentsToAcquirePropertyPlantAndEquipment,2023-01-01,2023-03-31,2024,Q1,10-Q,2024-04-26,6289000000,0001652044-24-000053,https://www.sec.gov/Archives/edgar/data/1652044/000165204424000053/0001652044-24-000053-index.htm
Alphabet,1652044,capex,PaymentsToAcquirePropertyPlantAndEquipment,2023-01-01,2023-06-30,2023,Q2,10-Q,2023-07-26,13177000000,0001652044-23-000070,https://www.sec.gov/Archives/edgar/data/1652044/000165204423000070/0001652044-23-000070-index.htm
Alphabet,1652044,capex,PaymentsToAcquirePropertyPlantAndEquipment,2023-01-01,2023-06-30,2024,Q2,10-Q,2024-07-24,13177000000,0001652044-24-000079,https://www.sec.gov/Archives/edgar/data/1652044/000165204424000079/0001652044-24-000079-index.htm
Alphabet,1652044,capex,PaymentsToAcquirePropertyPlantAndEquipment,2023-01-01,2023-09-30,2023,Q3,10-Q,2023-10-25,21232000000,0001652044-23-000094,https://www.sec.gov/Archives/edgar/data/1652044/000165204423000094/0001652044-23-000094-index.htm
Alphabet,1652044,capex,PaymentsToAcquirePropertyPlantAndEquipment,2023-01-01,2023-09-30,2024,Q3,10-Q,2024-10-30,21232000000,0001652044-24-000118,https://www.sec.gov/Archives/edgar/data/1652044/000165204424000118/0001652044-24-000118-index.htm
Alphabet,1652044,capex,PaymentsToAcquirePropertyPlantAndEquipment,2023-01-01,2023-12-31,2023,FY,10-K,2024-01-31,32251000000,0001652044-24-000022,https://www.sec.gov/Archives/edgar/data/1652044/000165204424000022/0001652044-24-000022-index.htm
Alphabet,1652044,capex,PaymentsToAcquirePropertyPlantAndEquipment,2023-01-01,2023-12-31,2024,FY,10-K,2025-02-05,32251000000,0001652044-25-000014,https://www.sec.gov/Archives/edgar/data/1652044/000165204425000014/0001652044-25-000014-index.htm
Alphabet,1652044,capex,PaymentsToAcquirePropertyPlantAndEquipment,2023-01-01,2023-12-31,2025,FY,10-K,2026-02-05,32251000000,0001652044-26-000018,https://www.sec.gov/Archives/edgar/data/1652044/000165204426000018/0001652044-26-000018-index.htm
Alphabet,1652044,capex,PaymentsToAcquirePropertyPlantAndEquipment,2024-01-01,2024-03-31,2024,Q1,10-Q,2024-04-26,12012000000,0001652044-24-000053,https://www.sec.gov/Archives/edgar/data/1652044/000165204424000053/0001652044-24-000053-index.htm
Alphabet,1652044,capex,PaymentsToAcquirePropertyPlantAndEquipment,2024-01-01,2024-03-31,2025,Q1,10-Q,2025-04-25,12012000000,0001652044-25-000043,https://www.sec.gov/Archives/edgar/data/1652044/000165204425000043/0001652044-25-000043-index.htm
Alphabet,1652044,capex,PaymentsToAcquirePropertyPlantAndEquipment,2024-01-01,2024-06-30,2024,Q2,10-Q,2024-07-24,25198000000,0001652044-24-000079,https://www.sec.gov/Archives/edgar/data/1652044/000165204424000079/0001652044-24-000079-index.htm
Alphabet,1652044,capex,PaymentsToAcquirePropertyPlantAndEquipment,2024-01-01,2024-06-30,2025,Q2,10-Q,2025-07-24,25198000000,0001652044-25-000062,https://www.sec.gov/Archives/edgar/data/1652044/000165204425000062/0001652044-25-000062-index.htm
Alphabet,1652044,capex,PaymentsToAcquirePropertyPlantAndEquipment,2024-01-01,2024-09-30,2024,Q3,10-Q,2024-10-30,38259000000,0001652044-24-000118,https://www.sec.gov/Archives/edgar/data/1652044/000165204424000118/0001652044-24-000118-index.htm
Alphabet,1652044,capex,PaymentsToAcquirePropertyPlantAndEquipment,2024-01-01,2024-09-30,2025,Q3,10-Q,2025-10-30,38259000000,0001652044-25-000091,https://www.sec.gov/Archives/edgar/data/1652044/000165204425000091/0001652044-25-000091-index.htm
Alphabet,1652044,capex,PaymentsToAcquirePropertyPlantAndEquipment,2024-01-01,2024-12-31,2024,FY,10-K,2025-02-05,52535000000,0001652044-25-000014,https://www.sec.gov/Archives/edgar/data/1652044/000165204425000014/0001652044-25-000014-index.htm
Alphabet,1652044,capex,PaymentsToAcquirePropertyPlantAndEquipment,2024-01-01,2024-12-31,2025,FY,10-K,2026-02-05,52535000000,0001652044-26-000018,https://www.sec.gov/Archives/edgar/data/1652044/000165204426000018/0001652044-26-000018-index.htm
Alphabet,1652044,capex,PaymentsToAcquirePropertyPlantAndEquipment,2025-01-01,2025-03-31,2025,Q1,10-Q,2025-04-25,17197000000,0001652044-25-000043,https://www.sec.gov/Archives/edgar/data/1652044/000165204425000043/0001652044-25-000043-index.htm
Alphabet,1652044,capex,PaymentsToAcquirePropertyPlantAndEquipment,2025-01-01,2025-03-31,2026,Q1,10-Q,2026-04-30,17197000000,0001652044-26-000048,https://www.sec.gov/Archives/edgar/data/1652044/000165204426000048/0001652044-26-000048-index.htm
Alphabet,1652044,capex,PaymentsToAcquirePropertyPlantAndEquipment,2025-01-01,2025-06-30,2025,Q2,10-Q,2025-07-24,39643000000,0001652044-25-000062,https://www.sec.gov/Archives/edgar/data/1652044/000165204425000062/0001652044-25-000062-index.htm
Alphabet,1652044,capex,PaymentsToAcquirePropertyPlantAndEquipment,2025-01-01,2025-06-30,2026,Q2,10-Q,2026-07-23,39643000000,0001652044-26-000071,https://www.sec.gov/Archives/edgar/data/1652044/000165204426000071/0001652044-26-000071-index.htm
Alphabet,1652044,capex,PaymentsToAcquirePropertyPlantAndEquipment,2025-01-01,2025-09-30,2025,Q3,10-Q,2025-10-30,63596000000,0001652044-25-000091,https://www.sec.gov/Archives/edgar/data/1652044/000165204425000091/0001652044-25-000091-index.htm
Alphabet,1652044,capex,PaymentsToAcquirePropertyPlantAndEquipment,2025-01-01,2025-12-31,2025,FY,10-K,2026-02-05,91447000000,0001652044-26-000018,https://www.sec.gov/Archives/edgar/data/1652044/000165204426000018/0001652044-26-000018-index.htm
Alphabet,1652044,capex,PaymentsToAcquirePropertyPlantAndEquipment,2026-01-01,2026-03-31,2026,Q1,10-Q,2026-04-30,35674000000,0001652044-26-000048,https://www.sec.gov/Archives/edgar/data/1652044/000165204426000048/0001652044-26-000048-index.htm
Alphabet,1652044,capex,PaymentsToAcquirePropertyPlantAndEquipment,2026-01-01,2026-06-30,2026,Q2,10-Q,2026-07-23,80598000000,0001652044-26-000071,https://www.sec.gov/Archives/edgar/data/1652044/000165204426000071/0001652044-26-000071-index.htm
Alphabet,1652044,revenue,RevenueFromContractWithCustomerExcludingAssessedTax,2016-01-01,2016-12-31,2018,FY,10-K,2019-02-05,90272000000,0001652044-19-000004,https://www.sec.gov/Archives/edgar/data/1652044/000165204419000004/0001652044-19-000004-index.htm
Alphabet,1652044,revenue,RevenueFromContractWithCustomerExcludingAssessedTax,2017-01-01,2017-03-31,2018,Q1,10-Q,2018-04-24,24750000000,0001652044-18-000016,https://www.sec.gov/Archives/edgar/data/1652044/000165204418000016/0001652044-18-000016-index.htm
Alphabet,1652044,revenue,RevenueFromContractWithCustomerExcludingAssessedTax,2017-01-01,2017-06-30,2018,Q2,10-Q,2018-07-24,50760000000,0001652044-18-000027,https://www.sec.gov/Archives/edgar/data/1652044/000165204418000027/0001652044-18-000027-index.htm
Alphabet,1652044,revenue,RevenueFromContractWithCustomerExcludingAssessedTax,2017-04-01,2017-06-30,2018,Q2,10-Q,2018-07-24,26010000000,0001652044-18-000027,https://www.sec.gov/Archives/edgar/data/1652044/000165204418000027/0001652044-18-000027-index.htm
Alphabet,1652044,revenue,RevenueFromContractWithCustomerExcludingAssessedTax,2017-01-01,2017-09-30,2018,Q3,10-Q,2018-10-26,78532000000,0001652044-18-000035,https://www.sec.gov/Archives/edgar/data/1652044/000165204418000035/0001652044-18-000035-index.htm
Alphabet,1652044,revenue,RevenueFromContractWithCustomerExcludingAssessedTax,2017-07-01,2017-09-30,2018,Q3,10-Q,2018-10-26,27772000000,0001652044-18-000035,https://www.sec.gov/Archives/edgar/data/1652044/000165204418000035/0001652044-18-000035-index.htm
Alphabet,1652044,revenue,RevenueFromContractWithCustomerExcludingAssessedTax,2017-01-01,2017-12-31,2018,FY,10-K,2019-02-05,110855000000,0001652044-19-000004,https://www.sec.gov/Archives/edgar/data/1652044/000165204419000004/0001652044-19-000004-index.htm
Alphabet,1652044,revenue,RevenueFromContractWithCustomerExcludingAssessedTax,2017-01-01,2017-12-31,2019,FY,10-K,2020-02-04,110855000000,0001652044-20-000008,https://www.sec.gov/Archives/edgar/data/1652044/000165204420000008/0001652044-20-000008-index.htm
Alphabet,1652044,revenue,RevenueFromContractWithCustomerExcludingAssessedTax,2018-01-01,2018-03-31,2018,Q1,10-Q,2018-04-24,31146000000,0001652044-18-000016,https://www.sec.gov/Archives/edgar/data/1652044/000165204418000016/0001652044-18-000016-index.htm
Alphabet,1652044,revenue,RevenueFromContractWithCustomerExcludingAssessedTax,2018-01-01,2018-03-31,2019,Q1,10-Q,2019-04-30,31146000000,0001652044-19-000015,https://www.sec.gov/Archives/edgar/data/1652044/000165204419000015/0001652044-19-000015-index.htm
Alphabet,1652044,revenue,RevenueFromContractWithCustomerExcludingAssessedTax,2018-01-01,2018-06-30,2018,Q2,10-Q,2018-07-24,63803000000,0001652044-18-000027,https://www.sec.gov/Archives/edgar/data/1652044/000165204418000027/0001652044-18-000027-index.htm
Alphabet,1652044,revenue,RevenueFromContractWithCustomerExcludingAssessedTax,2018-01-01,2018-06-30,2019,Q2,10-Q,2019-07-26,63803000000,0001652044-19-000023,https://www.sec.gov/Archives/edgar/data/1652044/000165204419000023/0001652044-19-000023-index.htm
Alphabet,1652044,revenue,RevenueFromContractWithCustomerExcludingAssessedTax,2018-04-01,2018-06-30,2018,Q2,10-Q,2018-07-24,32657000000,0001652044-18-000027,https://www.sec.gov/Archives/edgar/data/1652044/000165204418000027/0001652044-18-000027-index.htm
Alphabet,1652044,revenue,RevenueFromContractWithCustomerExcludingAssessedTax,2018-04-01,2018-06-30,2019,Q2,10-Q,2019-07-26,32657000000,0001652044-19-000023,https://www.sec.gov/Archives/edgar/data/1652044/000165204419000023/0001652044-19-000023-index.htm
Alphabet,1652044,revenue,RevenueFromContractWithCustomerExcludingAssessedTax,2018-01-01,2018-09-30,2018,Q3,10-Q,2018-10-26,97543000000,0001652044-18-000035,https://www.sec.gov/Archives/edgar/data/1652044/000165204418000035/0001652044-18-000035-index.htm
Alphabet,1652044,revenue,RevenueFromContractWithCustomerExcludingAssessedTax,2018-01-01,2018-09-30,2019,Q3,10-Q,2019-10-29,97543000000,0001652044-19-000032,https://www.sec.gov/Archives/edgar/data/1652044/000165204419000032/0001652044-19-000032-index.htm
Alphabet,1652044,revenue,RevenueFromContractWithCustomerExcludingAssessedTax,2018-07-01,2018-09-30,2018,Q3,10-Q,2018-10-26,33740000000,0001652044-18-000035,https://www.sec.gov/Archives/edgar/data/1652044/000165204418000035/0001652044-18-000035-index.htm
Alphabet,1652044,revenue,RevenueFromContractWithCustomerExcludingAssessedTax,2018-07-01,2018-09-30,2019,Q3,10-Q,2019-10-29,33740000000,0001652044-19-000032,https://www.sec.gov/Archives/edgar/data/1652044/000165204419000032/0001652044-19-000032-index.htm
Alphabet,1652044,revenue,RevenueFromContractWithCustomerExcludingAssessedTax,2018-01-01,2018-12-31,2018,FY,10-K,2019-02-05,136819000000,0001652044-19-000004,https://www.sec.gov/Archives/edgar/data/1652044/000165204419000004/0001652044-19-000004-index.htm
Alphabet,1652044,revenue,RevenueFromContractWithCustomerExcludingAssessedTax,2018-01-01,2018-12-31,2019,FY,10-K,2020-02-04,136819000000,0001652044-20-000008,https://www.sec.gov/Archives/edgar/data/1652044/000165204420000008/0001652044-20-000008-index.htm
Alphabet,1652044,revenue,RevenueFromContractWithCustomerExcludingAssessedTax,2019-01-01,2019-03-31,2019,Q1,10-Q,2019-04-30,36339000000,0001652044-19-000015,https://www.sec.gov/Archives/edgar/data/1652044/000165204419000015/0001652044-19-000015-index.htm
Alphabet,1652044,revenue,RevenueFromContractWithCustomerExcludingAssessedTax,2019-01-01,2019-03-31,2020,Q1,10-Q,2020-04-29,36339000000,0001652044-20-000021,https://www.sec.gov/Archives/edgar/data/1652044/000165204420000021/0001652044-20-000021-index.htm
Alphabet,1652044,revenue,RevenueFromContractWithCustomerExcludingAssessedTax,2019-01-01,2019-06-30,2019,Q2,10-Q,2019-07-26,75283000000,0001652044-19-000023,https://www.sec.gov/Archives/edgar/data/1652044/000165204419000023/0001652044-19-000023-index.htm
Alphabet,1652044,revenue,RevenueFromContractWithCustomerExcludingAssessedTax,2019-01-01,2019-06-30,2020,Q2,10-Q,2020-07-31,75283000000,0001652044-20-000032,https://www.sec.gov/Archives/edgar/data/1652044/000165204420000032/0001652044-20-000032-index.htm
Alphabet,1652044,revenue,RevenueFromContractWithCustomerExcludingAssessedTax,2019-04-01,2019-06-30,2019,Q2,10-Q,2019-07-26,38944000000,0001652044-19-000023,https://www.sec.gov/Archives/edgar/data/1652044/000165204419000023/0001652044-19-000023-index.htm
Alphabet,1652044,revenue,RevenueFromContractWithCustomerExcludingAssessedTax,2019-04-01,2019-06-30,2020,Q2,10-Q,2020-07-31,38944000000,0001652044-20-000032,https://www.sec.gov/Archives/edgar/data/1652044/000165204420000032/0001652044-20-000032-index.htm
Alphabet,1652044,revenue,RevenueFromContractWithCustomerExcludingAssessedTax,2019-01-01,2019-09-30,2019,Q3,10-Q,2019-10-29,115782000000,0001652044-19-000032,https://www.sec.gov/Archives/edgar/data/1652044/000165204419000032/0001652044-19-000032-index.htm
Alphabet,1652044,revenue,RevenueFromContractWithCustomerExcludingAssessedTax,2019-01-01,2019-09-30,2020,Q3,10-Q,2020-10-30,115782000000,0001652044-20-000050,https://www.sec.gov/Archives/edgar/data/1652044/000165204420000050/0001652044-20-000050-index.htm
Alphabet,1652044,revenue,RevenueFromContractWithCustomerExcludingAssessedTax,2019-07-01,2019-09-30,2019,Q3,10-Q,2019-10-29,40499000000,0001652044-19-000032,https://www.sec.gov/Archives/edgar/data/1652044/000165204419000032/0001652044-19-000032-index.htm
Alphabet,1652044,revenue,RevenueFromContractWithCustomerExcludingAssessedTax,2019-07-01,2019-09-30,2020,Q3,10-Q,2020-10-30,40499000000,0001652044-20-000050,https://www.sec.gov/Archives/edgar/data/1652044/000165204420000050/0001652044-20-000050-index.htm
Alphabet,1652044,revenue,RevenueFromContractWithCustomerExcludingAssessedTax,2019-01-01,2019-12-31,2019,FY,10-K,2020-02-04,161857000000,0001652044-20-000008,https://www.sec.gov/Archives/edgar/data/1652044/000165204420000008/0001652044-20-000008-index.htm
Alphabet,1652044,revenue,RevenueFromContractWithCustomerExcludingAssessedTax,2020-01-01,2020-03-31,2020,Q1,10-Q,2020-04-29,41159000000,0001652044-20-000021,https://www.sec.gov/Archives/edgar/data/1652044/000165204420000021/0001652044-20-000021-index.htm
Alphabet,1652044,revenue,RevenueFromContractWithCustomerExcludingAssessedTax,2020-01-01,2020-03-31,2021,Q1,10-Q,2021-04-28,41159000000,0001652044-21-000020,https://www.sec.gov/Archives/edgar/data/1652044/000165204421000020/0001652044-21-000020-index.htm
Alphabet,1652044,revenue,RevenueFromContractWithCustomerExcludingAssessedTax,2020-01-01,2020-06-30,2020,Q2,10-Q,2020-07-31,79456000000,0001652044-20-000032,https://www.sec.gov/Archives/edgar/data/1652044/000165204420000032/0001652044-20-000032-index.htm
Alphabet,1652044,revenue,RevenueFromContractWithCustomerExcludingAssessedTax,2020-01-01,2020-06-30,2021,Q2,10-Q,2021-07-28,79456000000,0001652044-21-000047,https://www.sec.gov/Archives/edgar/data/1652044/000165204421000047/0001652044-21-000047-index.htm
Alphabet,1652044,revenue,RevenueFromContractWithCustomerExcludingAssessedTax,2020-04-01,2020-06-30,2020,Q2,10-Q,2020-07-31,38297000000,0001652044-20-000032,https://www.sec.gov/Archives/edgar/data/1652044/000165204420000032/0001652044-20-000032-index.htm
Alphabet,1652044,revenue,RevenueFromContractWithCustomerExcludingAssessedTax,2020-04-01,2020-06-30,2021,Q2,10-Q,2021-07-28,38297000000,0001652044-21-000047,https://www.sec.gov/Archives/edgar/data/1652044/000165204421000047/0001652044-21-000047-index.htm
Alphabet,1652044,revenue,RevenueFromContractWithCustomerExcludingAssessedTax,2020-01-01,2020-09-30,2020,Q3,10-Q,2020-10-30,125629000000,0001652044-20-000050,https://www.sec.gov/Archives/edgar/data/1652044/000165204420000050/0001652044-20-000050-index.htm
Alphabet,1652044,revenue,RevenueFromContractWithCustomerExcludingAssessedTax,2020-01-01,2020-09-30,2021,Q3,10-Q,2021-10-27,125629000000,0001652044-21-000057,https://www.sec.gov/Archives/edgar/data/1652044/000165204421000057/0001652044-21-000057-index.htm
Alphabet,1652044,revenue,RevenueFromContractWithCustomerExcludingAssessedTax,2020-07-01,2020-09-30,2020,Q3,10-Q,2020-10-30,46173000000,0001652044-20-000050,https://www.sec.gov/Archives/edgar/data/1652044/000165204420000050/0001652044-20-000050-index.htm
Alphabet,1652044,revenue,RevenueFromContractWithCustomerExcludingAssessedTax,2020-07-01,2020-09-30,2021,Q3,10-Q,2021-10-27,46173000000,0001652044-21-000057,https://www.sec.gov/Archives/edgar/data/1652044/000165204421000057/0001652044-21-000057-index.htm
Alphabet,1652044,revenue,RevenueFromContractWithCustomerExcludingAssessedTax,2020-01-01,2020-12-31,2022,FY,10-K,2023-02-03,182527000000,0001652044-23-000016,https://www.sec.gov/Archives/edgar/data/1652044/000165204423000016/0001652044-23-000016-index.htm
Alphabet,1652044,revenue,RevenueFromContractWithCustomerExcludingAssessedTax,2021-01-01,2021-03-31,2021,Q1,10-Q,2021-04-28,55314000000,0001652044-21-000020,https://www.sec.gov/Archives/edgar/data/1652044/000165204421000020/0001652044-21-000020-index.htm
Alphabet,1652044,revenue,RevenueFromContractWithCustomerExcludingAssessedTax,2021-01-01,2021-03-31,2022,Q1,10-Q,2022-04-27,55314000000,0001652044-22-000029,https://www.sec.gov/Archives/edgar/data/1652044/000165204422000029/0001652044-22-000029-index.htm
Alphabet,1652044,revenue,RevenueFromContractWithCustomerExcludingAssessedTax,2021-01-01,2021-06-30,2021,Q2,10-Q,2021-07-28,117194000000,0001652044-21-000047,https://www.sec.gov/Archives/edgar/data/1652044/000165204421000047/0001652044-21-000047-index.htm
Alphabet,1652044,revenue,RevenueFromContractWithCustomerExcludingAssessedTax,2021-01-01,2021-06-30,2022,Q2,10-Q,2022-07-27,117194000000,0001652044-22-000071,https://www.sec.gov/Archives/edgar/data/1652044/000165204422000071/0001652044-22-000071-index.htm
Alphabet,1652044,revenue,RevenueFromContractWithCustomerExcludingAssessedTax,2021-04-01,2021-06-30,2021,Q2,10-Q,2021-07-28,61880000000,0001652044-21-000047,https://www.sec.gov/Archives/edgar/data/1652044/000165204421000047/0001652044-21-000047-index.htm
Alphabet,1652044,revenue,RevenueFromContractWithCustomerExcludingAssessedTax,2021-04-01,2021-06-30,2022,Q2,10-Q,2022-07-27,61880000000,0001652044-22-000071,https://www.sec.gov/Archives/edgar/data/1652044/000165204422000071/0001652044-22-000071-index.htm
Alphabet,1652044,revenue,RevenueFromContractWithCustomerExcludingAssessedTax,2021-01-01,2021-09-30,2021,Q3,10-Q,2021-10-27,182312000000,0001652044-21-000057,https://www.sec.gov/Archives/edgar/data/1652044/000165204421000057/0001652044-21-000057-index.htm
Alphabet,1652044,revenue,RevenueFromContractWithCustomerExcludingAssessedTax,2021-01-01,2021-09-30,2022,Q3,10-Q,2022-10-26,182312000000,0001652044-22-000090,https://www.sec.gov/Archives/edgar/data/1652044/000165204422000090/0001652044-22-000090-index.htm
Alphabet,1652044,revenue,RevenueFromContractWithCustomerExcludingAssessedTax,2021-07-01,2021-09-30,2021,Q3,10-Q,2021-10-27,65118000000,0001652044-21-000057,https://www.sec.gov/Archives/edgar/data/1652044/000165204421000057/0001652044-21-000057-index.htm
Alphabet,1652044,revenue,RevenueFromContractWithCustomerExcludingAssessedTax,2021-07-01,2021-09-30,2022,Q3,10-Q,2022-10-26,65118000000,0001652044-22-000090,https://www.sec.gov/Archives/edgar/data/1652044/000165204422000090/0001652044-22-000090-index.htm
Alphabet,1652044,revenue,RevenueFromContractWithCustomerExcludingAssessedTax,2021-01-01,2021-12-31,2022,FY,10-K,2023-02-03,257637000000,0001652044-23-000016,https://www.sec.gov/Archives/edgar/data/1652044/000165204423000016/0001652044-23-000016-index.htm
Alphabet,1652044,revenue,RevenueFromContractWithCustomerExcludingAssessedTax,2021-01-01,2021-12-31,2023,FY,10-K,2024-01-31,257637000000,0001652044-24-000022,https://www.sec.gov/Archives/edgar/data/1652044/000165204424000022/0001652044-24-000022-index.htm
Alphabet,1652044,revenue,RevenueFromContractWithCustomerExcludingAssessedTax,2022-01-01,2022-03-31,2022,Q1,10-Q,2022-04-27,68011000000,0001652044-22-000029,https://www.sec.gov/Archives/edgar/data/1652044/000165204422000029/0001652044-22-000029-index.htm
Alphabet,1652044,revenue,RevenueFromContractWithCustomerExcludingAssessedTax,2022-01-01,2022-03-31,2023,Q1,10-Q,2023-04-26,68011000000,0001652044-23-000045,https://www.sec.gov/Archives/edgar/data/1652044/000165204423000045/0001652044-23-000045-index.htm
Alphabet,1652044,revenue,RevenueFromContractWithCustomerExcludingAssessedTax,2022-01-01,2022-06-30,2022,Q2,10-Q,2022-07-27,137696000000,0001652044-22-000071,https://www.sec.gov/Archives/edgar/data/1652044/000165204422000071/0001652044-22-000071-index.htm
Alphabet,1652044,revenue,RevenueFromContractWithCustomerExcludingAssessedTax,2022-01-01,2022-06-30,2023,Q2,10-Q,2023-07-26,137696000000,0001652044-23-000070,https://www.sec.gov/Archives/edgar/data/1652044/000165204423000070/0001652044-23-000070-index.htm
Alphabet,1652044,revenue,RevenueFromContractWithCustomerExcludingAssessedTax,2022-04-01,2022-06-30,2022,Q2,10-Q,2022-07-27,69685000000,0001652044-22-000071,https://www.sec.gov/Archives/edgar/data/1652044/000165204422000071/0001652044-22-000071-index.htm
Alphabet,1652044,revenue,RevenueFromContractWithCustomerExcludingAssessedTax,2022-04-01,2022-06-30,2023,Q2,10-Q,2023-07-26,69685000000,0001652044-23-000070,https://www.sec.gov/Archives/edgar/data/1652044/000165204423000070/0001652044-23-000070-index.htm
Alphabet,1652044,revenue,RevenueFromContractWithCustomerExcludingAssessedTax,2022-01-01,2022-09-30,2022,Q3,10-Q,2022-10-26,206788000000,0001652044-22-000090,https://www.sec.gov/Archives/edgar/data/1652044/000165204422000090/0001652044-22-000090-index.htm
Alphabet,1652044,revenue,RevenueFromContractWithCustomerExcludingAssessedTax,2022-01-01,2022-09-30,2023,Q3,10-Q,2023-10-25,206788000000,0001652044-23-000094,https://www.sec.gov/Archives/edgar/data/1652044/000165204423000094/0001652044-23-000094-index.htm
Alphabet,1652044,revenue,RevenueFromContractWithCustomerExcludingAssessedTax,2022-07-01,2022-09-30,2022,Q3,10-Q,2022-10-26,69092000000,0001652044-22-000090,https://www.sec.gov/Archives/edgar/data/1652044/000165204422000090/0001652044-22-000090-index.htm
Alphabet,1652044,revenue,RevenueFromContractWithCustomerExcludingAssessedTax,2022-07-01,2022-09-30,2023,Q3,10-Q,2023-10-25,69092000000,0001652044-23-000094,https://www.sec.gov/Archives/edgar/data/1652044/000165204423000094/0001652044-23-000094-index.htm
Alphabet,1652044,revenue,RevenueFromContractWithCustomerExcludingAssessedTax,2022-01-01,2022-12-31,2022,FY,10-K,2023-02-03,282836000000,0001652044-23-000016,https://www.sec.gov/Archives/edgar/data/1652044/000165204423000016/0001652044-23-000016-index.htm
Alphabet,1652044,revenue,RevenueFromContractWithCustomerExcludingAssessedTax,2022-01-01,2022-12-31,2023,FY,10-K,2024-01-31,282836000000,0001652044-24-000022,https://www.sec.gov/Archives/edgar/data/1652044/000165204424000022/0001652044-24-000022-index.htm
Alphabet,1652044,revenue,RevenueFromContractWithCustomerExcludingAssessedTax,2022-01-01,2022-12-31,2024,FY,10-K,2025-02-05,282836000000,0001652044-25-000014,https://www.sec.gov/Archives/edgar/data/1652044/000165204425000014/0001652044-25-000014-index.htm
Alphabet,1652044,revenue,RevenueFromContractWithCustomerExcludingAssessedTax,2023-01-01,2023-03-31,2023,Q1,10-Q,2023-04-26,69787000000,0001652044-23-000045,https://www.sec.gov/Archives/edgar/data/1652044/000165204423000045/0001652044-23-000045-index.htm
Alphabet,1652044,revenue,RevenueFromContractWithCustomerExcludingAssessedTax,2023-01-01,2023-03-31,2024,Q1,10-Q,2024-04-26,69787000000,0001652044-24-000053,https://www.sec.gov/Archives/edgar/data/1652044/000165204424000053/0001652044-24-000053-index.htm
Alphabet,1652044,revenue,RevenueFromContractWithCustomerExcludingAssessedTax,2023-01-01,2023-06-30,2023,Q2,10-Q,2023-07-26,144391000000,0001652044-23-000070,https://www.sec.gov/Archives/edgar/data/1652044/000165204423000070/0001652044-23-000070-index.htm
Alphabet,1652044,revenue,RevenueFromContractWithCustomerExcludingAssessedTax,2023-01-01,2023-06-30,2024,Q2,10-Q,2024-07-24,144391000000,0001652044-24-000079,https://www.sec.gov/Archives/edgar/data/1652044/000165204424000079/0001652044-24-000079-index.htm
Alphabet,1652044,revenue,RevenueFromContractWithCustomerExcludingAssessedTax,2023-04-01,2023-06-30,2023,Q2,10-Q,2023-07-26,74604000000,0001652044-23-000070,https://www.sec.gov/Archives/edgar/data/1652044/000165204423000070/0001652044-23-000070-index.htm
Alphabet,1652044,revenue,RevenueFromContractWithCustomerExcludingAssessedTax,2023-04-01,2023-06-30,2024,Q2,10-Q,2024-07-24,74604000000,0001652044-24-000079,https://www.sec.gov/Archives/edgar/data/1652044/000165204424000079/0001652044-24-000079-index.htm
Alphabet,1652044,revenue,RevenueFromContractWithCustomerExcludingAssessedTax,2023-01-01,2023-09-30,2023,Q3,10-Q,2023-10-25,221084000000,0001652044-23-000094,https://www.sec.gov/Archives/edgar/data/1652044/000165204423000094/0001652044-23-000094-index.htm
Alphabet,1652044,revenue,RevenueFromContractWithCustomerExcludingAssessedTax,2023-01-01,2023-09-30,2024,Q3,10-Q,2024-10-30,221084000000,0001652044-24-000118,https://www.sec.gov/Archives/edgar/data/1652044/000165204424000118/0001652044-24-000118-index.htm
Alphabet,1652044,revenue,RevenueFromContractWithCustomerExcludingAssessedTax,2023-07-01,2023-09-30,2023,Q3,10-Q,2023-10-25,76693000000,0001652044-23-000094,https://www.sec.gov/Archives/edgar/data/1652044/000165204423000094/0001652044-23-000094-index.htm
Alphabet,1652044,revenue,RevenueFromContractWithCustomerExcludingAssessedTax,2023-07-01,2023-09-30,2024,Q3,10-Q,2024-10-30,76693000000,0001652044-24-000118,https://www.sec.gov/Archives/edgar/data/1652044/000165204424000118/0001652044-24-000118-index.htm
Alphabet,1652044,revenue,RevenueFromContractWithCustomerExcludingAssessedTax,2023-01-01,2023-12-31,2023,FY,10-K,2024-01-31,307394000000,0001652044-24-000022,https://www.sec.gov/Archives/edgar/data/1652044/000165204424000022/0001652044-24-000022-index.htm
Alphabet,1652044,revenue,RevenueFromContractWithCustomerExcludingAssessedTax,2023-01-01,2023-12-31,2024,FY,10-K,2025-02-05,307394000000,0001652044-25-000014,https://www.sec.gov/Archives/edgar/data/1652044/000165204425000014/0001652044-25-000014-index.htm
Alphabet,1652044,revenue,RevenueFromContractWithCustomerExcludingAssessedTax,2024-01-01,2024-03-31,2024,Q1,10-Q,2024-04-26,80539000000,0001652044-24-000053,https://www.sec.gov/Archives/edgar/data/1652044/000165204424000053/0001652044-24-000053-index.htm
Alphabet,1652044,revenue,RevenueFromContractWithCustomerExcludingAssessedTax,2024-01-01,2024-03-31,2025,Q1,10-Q,2025-04-25,80539000000,0001652044-25-000043,https://www.sec.gov/Archives/edgar/data/1652044/000165204425000043/0001652044-25-000043-index.htm
Alphabet,1652044,revenue,RevenueFromContractWithCustomerExcludingAssessedTax,2024-01-01,2024-06-30,2024,Q2,10-Q,2024-07-24,165281000000,0001652044-24-000079,https://www.sec.gov/Archives/edgar/data/1652044/000165204424000079/0001652044-24-000079-index.htm
Alphabet,1652044,revenue,RevenueFromContractWithCustomerExcludingAssessedTax,2024-04-01,2024-06-30,2024,Q2,10-Q,2024-07-24,84742000000,0001652044-24-000079,https://www.sec.gov/Archives/edgar/data/1652044/000165204424000079/0001652044-24-000079-index.htm
Alphabet,1652044,revenue,RevenueFromContractWithCustomerExcludingAssessedTax,2024-01-01,2024-09-30,2024,Q3,10-Q,2024-10-30,253549000000,0001652044-24-000118,https://www.sec.gov/Archives/edgar/data/1652044/000165204424000118/0001652044-24-000118-index.htm
Alphabet,1652044,revenue,RevenueFromContractWithCustomerExcludingAssessedTax,2024-07-01,2024-09-30,2024,Q3,10-Q,2024-10-30,88268000000,0001652044-24-000118,https://www.sec.gov/Archives/edgar/data/1652044/000165204424000118/0001652044-24-000118-index.htm
Alphabet,1652044,revenue,RevenueFromContractWithCustomerExcludingAssessedTax,2024-01-01,2024-12-31,2024,FY,10-K,2025-02-05,350018000000,0001652044-25-000014,https://www.sec.gov/Archives/edgar/data/1652044/000165204425000014/0001652044-25-000014-index.htm
Alphabet,1652044,revenue,RevenueFromContractWithCustomerExcludingAssessedTax,2025-01-01,2025-03-31,2025,Q1,10-Q,2025-04-25,90234000000,0001652044-25-000043,https://www.sec.gov/Archives/edgar/data/1652044/000165204425000043/0001652044-25-000043-index.htm
Alphabet,1652044,operating_cash_flow,NetCashProvidedByUsedInOperatingActivities,2013-01-01,2013-12-31,2015,FY,10-K,2016-02-11,18659000000,0001652044-16-000012,https://www.sec.gov/Archives/edgar/data/1652044/000165204416000012/0001652044-16-000012-index.htm
Alphabet,1652044,operating_cash_flow,NetCashProvidedByUsedInOperatingActivities,2014-01-01,2014-09-30,2015,Q3,10-Q,2015-10-29,16012000000,0001652044-15-000005,https://www.sec.gov/Archives/edgar/data/1652044/000165204415000005/0001652044-15-000005-index.htm
Alphabet,1652044,operating_cash_flow,NetCashProvidedByUsedInOperatingActivities,2014-01-01,2014-12-31,2015,FY,10-K,2016-02-11,22376000000,0001652044-16-000012,https://www.sec.gov/Archives/edgar/data/1652044/000165204416000012/0001652044-16-000012-index.htm
Alphabet,1652044,operating_cash_flow,NetCashProvidedByUsedInOperatingActivities,2014-01-01,2014-12-31,2016,FY,10-K,2017-02-03,23024000000,0001652044-17-000008,https://www.sec.gov/Archives/edgar/data/1652044/000165204417000008/0001652044-17-000008-index.htm
Alphabet,1652044,operating_cash_flow,NetCashProvidedByUsedInOperatingActivities,2015-01-01,2015-03-31,2016,Q1,10-Q,2016-05-03,6722000000,0001652044-16-000021,https://www.sec.gov/Archives/edgar/data/1652044/000165204416000021/0001652044-16-000021-index.htm
Alphabet,1652044,operating_cash_flow,NetCashProvidedByUsedInOperatingActivities,2015-01-01,2015-06-30,2016,Q2,10-Q,2016-08-04,13818000000,0001652044-16-000032,https://www.sec.gov/Archives/edgar/data/1652044/000165204416000032/0001652044-16-000032-index.htm
Alphabet,1652044,operating_cash_flow,NetCashProvidedByUsedInOperatingActivities,2015-01-01,2015-09-30,2015,Q3,10-Q,2015-10-29,19609000000,0001652044-15-000005,https://www.sec.gov/Archives/edgar/data/1652044/000165204415000005/0001652044-15-000005-index.htm
Alphabet,1652044,operating_cash_flow,NetCashProvidedByUsedInOperatingActivities,2015-01-01,2015-09-30,2016,Q3,10-Q,2016-11-03,19963000000,0001652044-16-000038,https://www.sec.gov/Archives/edgar/data/1652044/000165204416000038/0001652044-16-000038-index.htm
Alphabet,1652044,operating_cash_flow,NetCashProvidedByUsedInOperatingActivities,2015-01-01,2015-12-31,2015,FY,10-K,2016-02-11,26024000000,0001652044-16-000012,https://www.sec.gov/Archives/edgar/data/1652044/000165204416000012/0001652044-16-000012-index.htm
Alphabet,1652044,operating_cash_flow,NetCashProvidedByUsedInOperatingActivities,2015-01-01,2015-12-31,2016,FY,10-K,2017-02-03,26572000000,0001652044-17-000008,https://www.sec.gov/Archives/edgar/data/1652044/000165204417000008/0001652044-17-000008-index.htm
Alphabet,1652044,operating_cash_flow,NetCashProvidedByUsedInOperatingActivities,2015-01-01,2015-12-31,2017,FY,10-K,2018-02-06,26572000000,0001652044-18-000007,https://www.sec.gov/Archives/edgar/data/1652044/000165204418000007/0001652044-18-000007-index.htm
Alphabet,1652044,operating_cash_flow,NetCashProvidedByUsedInOperatingActivities,2016-01-01,2016-03-31,2016,Q1,10-Q,2016-05-03,7658000000,0001652044-16-000021,https://www.sec.gov/Archives/edgar/data/1652044/000165204416000021/0001652044-16-000021-index.htm
Alphabet,1652044,operating_cash_flow,NetCashProvidedByUsedInOperatingActivities,2016-01-01,2016-03-31,2017,Q1,10-Q,2017-05-02,7658000000,0001652044-17-000014,https://www.sec.gov/Archives/edgar/data/1652044/000165204417000014/0001652044-17-000014-index.htm
Alphabet,1652044,operating_cash_flow,NetCashProvidedByUsedInOperatingActivities,2016-01-01,2016-06-30,2016,Q2,10-Q,2016-08-04,16778000000,0001652044-16-000032,https://www.sec.gov/Archives/edgar/data/1652044/000165204416000032/0001652044-16-000032-index.htm
Alphabet,1652044,operating_cash_flow,NetCashProvidedByUsedInOperatingActivities,2016-01-01,2016-06-30,2017,Q2,10-Q,2017-07-25,16778000000,0001652044-17-000026,https://www.sec.gov/Archives/edgar/data/1652044/000165204417000026/0001652044-17-000026-index.htm
Alphabet,1652044,operating_cash_flow,NetCashProvidedByUsedInOperatingActivities,2016-01-01,2016-09-30,2016,Q3,10-Q,2016-11-03,26623000000,0001652044-16-000038,https://www.sec.gov/Archives/edgar/data/1652044/000165204416000038/0001652044-16-000038-index.htm
Alphabet,1652044,operating_cash_flow,NetCashProvidedByUsedInOperatingActivities,2016-01-01,2016-09-30,2017,Q3,10-Q,2017-10-27,26623000000,0001652044-17-000042,https://www.sec.gov/Archives/edgar/data/1652044/000165204417000042/0001652044-17-000042-index.htm
Alphabet,1652044,operating_cash_flow,NetCashProvidedByUsedInOperatingActivities,2016-01-01,2016-12-31,2016,FY,10-K,2017-02-03,36036000000,0001652044-17-000008,https://www.sec.gov/Archives/edgar/data/1652044/000165204417000008/0001652044-17-000008-index.htm
Alphabet,1652044,operating_cash_flow,NetCashProvidedByUsedInOperatingActivities,2016-01-01,2016-12-31,2017,FY,10-K,2018-02-06,36036000000,0001652044-18-000007,https://www.sec.gov/Archives/edgar/data/1652044/000165204418000007/0001652044-18-000007-index.htm
Alphabet,1652044,operating_cash_flow,NetCashProvidedByUsedInOperatingActivities,2016-01-01,2016-12-31,2018,FY,10-K,2019-02-05,36036000000,0001652044-19-000004,https://www.sec.gov/Archives/edgar/data/1652044/000165204419000004/0001652044-19-000004-index.htm
Alphabet,1652044,operating_cash_flow,NetCashProvidedByUsedInOperatingActivities,2017-01-01,2017-03-31,2017,Q1,10-Q,2017-05-02,9548000000,0001652044-17-000014,https://www.sec.gov/Archives/edgar/data/1652044/000165204417000014/0001652044-17-000014-index.htm
Alphabet,1652044,operating_cash_flow,NetCashProvidedByUsedInOperatingActivities,2017-01-01,2017-03-31,2018,Q1,10-Q,2018-04-24,9548000000,0001652044-18-000016,https://www.sec.gov/Archives/edgar/data/1652044/000165204418000016/0001652044-18-000016-index.htm
Alphabet,1652044,operating_cash_flow,NetCashProvidedByUsedInOperatingActivities,2017-01-01,2017-06-30,2017,Q2,10-Q,2017-07-25,16951000000,0001652044-17-000026,https://www.sec.gov/Archives/edgar/data/1652044/000165204417000026/0001652044-17-000026-index.htm
Alphabet,1652044,operating_cash_flow,NetCashProvidedByUsedInOperatingActivities,2017-01-01,2017-06-30,2018,Q2,10-Q,2018-07-24,16951000000,0001652044-18-000027,https://www.sec.gov/Archives/edgar/data/1652044/000165204418000027/0001652044-18-000027-index.htm
Alphabet,1652044,operating_cash_flow,NetCashProvidedByUsedInOperatingActivities,2017-01-01,2017-09-30,2017,Q3,10-Q,2017-10-27,26823000000,0001652044-17-000042,https://www.sec.gov/Archives/edgar/data/1652044/000165204417000042/0001652044-17-000042-index.htm
Alphabet,1652044,operating_cash_flow,NetCashProvidedByUsedInOperatingActivities,2017-01-01,2017-09-30,2018,Q3,10-Q,2018-10-26,26823000000,0001652044-18-000035,https://www.sec.gov/Archives/edgar/data/1652044/000165204418000035/0001652044-18-000035-index.htm
Alphabet,1652044,operating_cash_flow,NetCashProvidedByUsedInOperatingActivities,2017-01-01,2017-12-31,2017,FY,10-K,2018-02-06,37091000000,0001652044-18-000007,https://www.sec.gov/Archives/edgar/data/1652044/000165204418000007/0001652044-18-000007-index.htm
Alphabet,1652044,operating_cash_flow,NetCashProvidedByUsedInOperatingActivities,2017-01-01,2017-12-31,2018,FY,10-K,2019-02-05,37091000000,0001652044-19-000004,https://www.sec.gov/Archives/edgar/data/1652044/000165204419000004/0001652044-19-000004-index.htm
Alphabet,1652044,operating_cash_flow,NetCashProvidedByUsedInOperatingActivities,2017-01-01,2017-12-31,2019,FY,10-K,2020-02-04,37091000000,0001652044-20-000008,https://www.sec.gov/Archives/edgar/data/1652044/000165204420000008/0001652044-20-000008-index.htm
Alphabet,1652044,operating_cash_flow,NetCashProvidedByUsedInOperatingActivities,2018-01-01,2018-03-31,2018,Q1,10-Q,2018-04-24,11642000000,0001652044-18-000016,https://www.sec.gov/Archives/edgar/data/1652044/000165204418000016/0001652044-18-000016-index.htm
Alphabet,1652044,operating_cash_flow,NetCashProvidedByUsedInOperatingActivities,2018-01-01,2018-03-31,2019,Q1,10-Q,2019-04-30,11642000000,0001652044-19-000015,https://www.sec.gov/Archives/edgar/data/1652044/000165204419000015/0001652044-19-000015-index.htm
Alphabet,1652044,operating_cash_flow,NetCashProvidedByUsedInOperatingActivities,2018-01-01,2018-06-30,2018,Q2,10-Q,2018-07-24,21774000000,0001652044-18-000027,https://www.sec.gov/Archives/edgar/data/1652044/000165204418000027/0001652044-18-000027-index.htm
Alphabet,1652044,operating_cash_flow,NetCashProvidedByUsedInOperatingActivities,2018-01-01,2018-06-30,2019,Q2,10-Q,2019-07-26,21774000000,0001652044-19-000023,https://www.sec.gov/Archives/edgar/data/1652044/000165204419000023/0001652044-19-000023-index.htm
Alphabet,1652044,operating_cash_flow,NetCashProvidedByUsedInOperatingActivities,2018-01-01,2018-09-30,2018,Q3,10-Q,2018-10-26,34984000000,0001652044-18-000035,https://www.sec.gov/Archives/edgar/data/1652044/000165204418000035/0001652044-18-000035-index.htm
Alphabet,1652044,operating_cash_flow,NetCashProvidedByUsedInOperatingActivities,2018-01-01,2018-09-30,2019,Q3,10-Q,2019-10-29,34984000000,0001652044-19-000032,https://www.sec.gov/Archives/edgar/data/1652044/000165204419000032/0001652044-19-000032-index.htm
Alphabet,1652044,operating_cash_flow,NetCashProvidedByUsedInOperatingActivities,2018-01-01,2018-12-31,2018,FY,10-K,2019-02-05,47971000000,0001652044-19-000004,https://www.sec.gov/Archives/edgar/data/1652044/000165204419000004/0001652044-19-000004-index.htm
Alphabet,1652044,operating_cash_flow,NetCashProvidedByUsedInOperatingActivities,2018-01-01,2018-12-31,2019,FY,10-K,2020-02-04,47971000000,0001652044-20-000008,https://www.sec.gov/Archives/edgar/data/1652044/000165204420000008/0001652044-20-000008-index.htm
Alphabet,1652044,operating_cash_flow,NetCashProvidedByUsedInOperatingActivities,2018-01-01,2018-12-31,2020,FY,10-K,2021-02-03,47971000000,0001652044-21-000010,https://www.sec.gov/Archives/edgar/data/1652044/000165204421000010/0001652044-21-000010-index.htm
Alphabet,1652044,operating_cash_flow,NetCashProvidedByUsedInOperatingActivities,2019-01-01,2019-03-31,2019,Q1,10-Q,2019-04-30,12000000000,0001652044-19-000015,https://www.sec.gov/Archives/edgar/data/1652044/000165204419000015/0001652044-19-000015-index.htm
Alphabet,1652044,operating_cash_flow,NetCashProvidedByUsedInOperatingActivities,2019-01-01,2019-03-31,2020,Q1,10-Q,2020-04-29,12000000000,0001652044-20-000021,https://www.sec.gov/Archives/edgar/data/1652044/000165204420000021/0001652044-20-000021-index.htm
Alphabet,1652044,operating_cash_flow,NetCashProvidedByUsedInOperatingActivities,2019-01-01,2019-06-30,2019,Q2,10-Q,2019-07-26,24627000000,0001652044-19-000023,https://www.sec.gov/Archives/edgar/data/1652044/000165204419000023/0001652044-19-000023-index.htm
Alphabet,1652044,operating_cash_flow,NetCashProvidedByUsedInOperatingActivities,2019-01-01,2019-06-30,2020,Q2,10-Q,2020-07-31,24627000000,0001652044-20-000032,https://www.sec.gov/Archives/edgar/data/1652044/000165204420000032/0001652044-20-000032-index.htm
Alphabet,1652044,operating_cash_flow,NetCashProvidedByUsedInOperatingActivities,2019-01-01,2019-09-30,2019,Q3,10-Q,2019-10-29,40093000000,0001652044-19-000032,https://www.sec.gov/Archives/edgar/data/1652044/000165204419000032/0001652044-19-000032-index.htm
Alphabet,1652044,operating_cash_flow,NetCashProvidedByUsedInOperatingActivities,2019-01-01,2019-09-30,2020,Q3,10-Q,2020-10-30,40093000000,0001652044-20-000050,https://www.sec.gov/Archives/edgar/data/1652044/000165204420000050/0001652044-20-000050-index.htm
Alphabet,1652044,operating_cash_flow,NetCashProvidedByUsedInOperatingActivities,2019-01-01,2019-12-31,2019,FY,10-K,2020-02-04,54520000000,0001652044-20-000008,https://www.sec.gov/Archives/edgar/data/1652044/000165204420000008/0001652044-20-000008-index.htm
Alphabet,1652044,operating_cash_flow,NetCashProvidedByUsedInOperatingActivities,2019-01-01,2019-12-31,2020,FY,10-K,2021-02-03,54520000000,0001652044-21-000010,https://www.sec.gov/Archives/edgar/data/1652044/000165204421000010/0001652044-21-000010-index.htm
Alphabet,1652044,operating_cash_flow,NetCashProvidedByUsedInOperatingActivities,2019-01-01,2019-12-31,2021,FY,10-K,2022-02-02,54520000000,0001652044-22-000019,https://www.sec.gov/Archives/edgar/data/1652044/000165204422000019/0001652044-22-000019-index.htm
Alphabet,1652044,operating_cash_flow,NetCashProvidedByUsedInOperatingActivities,2020-01-01,2020-03-31,2020,Q1,10-Q,2020-04-29,11451000000,0001652044-20-000021,https://www.sec.gov/Archives/edgar/data/1652044/000165204420000021/0001652044-20-000021-index.htm
Alphabet,1652044,operating_cash_flow,NetCashProvidedByUsedInOperatingActivities,2020-01-01,2020-03-31,2021,Q1,10-Q,2021-04-28,11451000000,0001652044-21-000020,https://www.sec.gov/Archives/edgar/data/1652044/000165204421000020/0001652044-21-000020-index.htm
Alphabet,1652044,operating_cash_flow,NetCashProvidedByUsedInOperatingActivities,2020-01-01,2020-06-30,2020,Q2,10-Q,2020-07-31,25444000000,0001652044-20-000032,https://www.sec.gov/Archives/edgar/data/1652044/000165204420000032/0001652044-20-000032-index.htm
Alphabet,1652044,operating_cash_flow,NetCashProvidedByUsedInOperatingActivities,2020-01-01,2020-06-30,2021,Q2,10-Q,2021-07-28,25444000000,0001652044-21-000047,https://www.sec.gov/Archives/edgar/data/1652044/000165204421000047/0001652044-21-000047-index.htm
Alphabet,1652044,operating_cash_flow,NetCashProvidedByUsedInOperatingActivities,2020-01-01,2020-09-30,2020,Q3,10-Q,2020-10-30,42447000000,0001652044-20-000050,https://www.sec.gov/Archives/edgar/data/1652044/000165204420000050/0001652044-20-000050-index.htm
Alphabet,1652044,operating_cash_flow,NetCashProvidedByUsedInOperatingActivities,2020-01-01,2020-09-30,2021,Q3,10-Q,2021-10-27,42447000000,0001652044-21-000057,https://www.sec.gov/Archives/edgar/data/1652044/000165204421000057/0001652044-21-000057-index.htm
Alphabet,1652044,operating_cash_flow,NetCashProvidedByUsedInOperatingActivities,2020-01-01,2020-12-31,2020,FY,10-K,2021-02-03,65124000000,0001652044-21-000010,https://www.sec.gov/Archives/edgar/data/1652044/000165204421000010/0001652044-21-000010-index.htm
Alphabet,1652044,operating_cash_flow,NetCashProvidedByUsedInOperatingActivities,2020-01-01,2020-12-31,2021,FY,10-K,2022-02-02,65124000000,0001652044-22-000019,https://www.sec.gov/Archives/edgar/data/1652044/000165204422000019/0001652044-22-000019-index.htm
Alphabet,1652044,operating_cash_flow,NetCashProvidedByUsedInOperatingActivities,2020-01-01,2020-12-31,2022,FY,10-K,2023-02-03,65124000000,0001652044-23-000016,https://www.sec.gov/Archives/edgar/data/1652044/000165204423000016/0001652044-23-000016-index.htm
Alphabet,1652044,operating_cash_flow,NetCashProvidedByUsedInOperatingActivities,2021-01-01,2021-03-31,2021,Q1,10-Q,2021-04-28,19289000000,0001652044-21-000020,https://www.sec.gov/Archives/edgar/data/1652044/000165204421000020/0001652044-21-000020-index.htm
Alphabet,1652044,operating_cash_flow,NetCashProvidedByUsedInOperatingActivities,2021-01-01,2021-03-31,2022,Q1,10-Q,2022-04-27,19289000000,0001652044-22-000029,https://www.sec.gov/Archives/edgar/data/1652044/000165204422000029/0001652044-22-000029-index.htm
Alphabet,1652044,operating_cash_flow,NetCashProvidedByUsedInOperatingActivities,2021-01-01,2021-06-30,2021,Q2,10-Q,2021-07-28,41179000000,0001652044-21-000047,https://www.sec.gov/Archives/edgar/data/1652044/000165204421000047/0001652044-21-000047-index.htm
Alphabet,1652044,operating_cash_flow,NetCashProvidedByUsedInOperatingActivities,2021-01-01,2021-06-30,2022,Q2,10-Q,2022-07-27,41179000000,0001652044-22-000071,https://www.sec.gov/Archives/edgar/data/1652044/000165204422000071/0001652044-22-000071-index.htm
Alphabet,1652044,operating_cash_flow,NetCashProvidedByUsedInOperatingActivities,2021-01-01,2021-09-30,2021,Q3,10-Q,2021-10-27,66718000000,0001652044-21-000057,https://www.sec.gov/Archives/edgar/data/1652044/000165204421000057/0001652044-21-000057-index.htm
Alphabet,1652044,operating_cash_flow,NetCashProvidedByUsedInOperatingActivities,2021-01-01,2021-09-30,2022,Q3,10-Q,2022-10-26,66718000000,0001652044-22-000090,https://www.sec.gov/Archives/edgar/data/1652044/000165204422000090/0001652044-22-000090-index.htm
Alphabet,1652044,operating_cash_flow,NetCashProvidedByUsedInOperatingActivities,2021-01-01,2021-12-31,2021,FY,10-K,2022-02-02,91652000000,0001652044-22-000019,https://www.sec.gov/Archives/edgar/data/1652044/000165204422000019/0001652044-22-000019-index.htm
Alphabet,1652044,operating_cash_flow,NetCashProvidedByUsedInOperatingActivities,2021-01-01,2021-12-31,2022,FY,10-K,2023-02-03,91652000000,0001652044-23-000016,https://www.sec.gov/Archives/edgar/data/1652044/000165204423000016/0001652044-23-000016-index.htm
Alphabet,1652044,operating_cash_flow,NetCashProvidedByUsedInOperatingActivities,2021-01-01,2021-12-31,2023,FY,10-K,2024-01-31,91652000000,0001652044-24-000022,https://www.sec.gov/Archives/edgar/data/1652044/000165204424000022/0001652044-24-000022-index.htm
Alphabet,1652044,operating_cash_flow,NetCashProvidedByUsedInOperatingActivities,2022-01-01,2022-03-31,2022,Q1,10-Q,2022-04-27,25106000000,0001652044-22-000029,https://www.sec.gov/Archives/edgar/data/1652044/000165204422000029/0001652044-22-000029-index.htm
Alphabet,1652044,operating_cash_flow,NetCashProvidedByUsedInOperatingActivities,2022-01-01,2022-03-31,2023,Q1,10-Q,2023-04-26,25106000000,0001652044-23-000045,https://www.sec.gov/Archives/edgar/data/1652044/000165204423000045/0001652044-23-000045-index.htm
Alphabet,1652044,operating_cash_flow,NetCashProvidedByUsedInOperatingActivities,2022-01-01,2022-06-30,2022,Q2,10-Q,2022-07-27,44528000000,0001652044-22-000071,https://www.sec.gov/Archives/edgar/data/1652044/000165204422000071/0001652044-22-000071-index.htm
Alphabet,1652044,operating_cash_flow,NetCashProvidedByUsedInOperatingActivities,2022-01-01,2022-06-30,2023,Q2,10-Q,2023-07-26,44528000000,0001652044-23-000070,https://www.sec.gov/Archives/edgar/data/1652044/000165204423000070/0001652044-23-000070-index.htm
Alphabet,1652044,operating_cash_flow,NetCashProvidedByUsedInOperatingActivities,2022-01-01,2022-09-30,2022,Q3,10-Q,2022-10-26,67881000000,0001652044-22-000090,https://www.sec.gov/Archives/edgar/data/1652044/000165204422000090/0001652044-22-000090-index.htm
Alphabet,1652044,operating_cash_flow,NetCashProvidedByUsedInOperatingActivities,2022-01-01,2022-09-30,2023,Q3,10-Q,2023-10-25,67881000000,0001652044-23-000094,https://www.sec.gov/Archives/edgar/data/1652044/000165204423000094/0001652044-23-000094-index.htm
Alphabet,1652044,operating_cash_flow,NetCashProvidedByUsedInOperatingActivities,2022-01-01,2022-12-31,2022,FY,10-K,2023-02-03,91495000000,0001652044-23-000016,https://www.sec.gov/Archives/edgar/data/1652044/000165204423000016/0001652044-23-000016-index.htm
Alphabet,1652044,operating_cash_flow,NetCashProvidedByUsedInOperatingActivities,2022-01-01,2022-12-31,2023,FY,10-K,2024-01-31,91495000000,0001652044-24-000022,https://www.sec.gov/Archives/edgar/data/1652044/000165204424000022/0001652044-24-000022-index.htm
Alphabet,1652044,operating_cash_flow,NetCashProvidedByUsedInOperatingActivities,2022-01-01,2022-12-31,2024,FY,10-K,2025-02-05,91495000000,0001652044-25-000014,https://www.sec.gov/Archives/edgar/data/1652044/000165204425000014/0001652044-25-000014-index.htm
Alphabet,1652044,operating_cash_flow,NetCashProvidedByUsedInOperatingActivities,2023-01-01,2023-03-31,2023,Q1,10-Q,2023-04-26,23509000000,0001652044-23-000045,https://www.sec.gov/Archives/edgar/data/1652044/000165204423000045/0001652044-23-000045-index.htm
Alphabet,1652044,operating_cash_flow,NetCashProvidedByUsedInOperatingActivities,2023-01-01,2023-03-31,2024,Q1,10-Q,2024-04-26,23509000000,0001652044-24-000053,https://www.sec.gov/Archives/edgar/data/1652044/000165204424000053/0001652044-24-000053-index.htm
Alphabet,1652044,operating_cash_flow,NetCashProvidedByUsedInOperatingActivities,2023-01-01,2023-06-30,2023,Q2,10-Q,2023-07-26,52175000000,0001652044-23-000070,https://www.sec.gov/Archives/edgar/data/1652044/000165204423000070/0001652044-23-000070-index.htm
Alphabet,1652044,operating_cash_flow,NetCashProvidedByUsedInOperatingActivities,2023-01-01,2023-06-30,2024,Q2,10-Q,2024-07-24,52175000000,0001652044-24-000079,https://www.sec.gov/Archives/edgar/data/1652044/000165204424000079/0001652044-24-000079-index.htm
Alphabet,1652044,operating_cash_flow,NetCashProvidedByUsedInOperatingActivities,2023-01-01,2023-09-30,2023,Q3,10-Q,2023-10-25,82831000000,0001652044-23-000094,https://www.sec.gov/Archives/edgar/data/1652044/000165204423000094/0001652044-23-000094-index.htm
Alphabet,1652044,operating_cash_flow,NetCashProvidedByUsedInOperatingActivities,2023-01-01,2023-09-30,2024,Q3,10-Q,2024-10-30,82831000000,0001652044-24-000118,https://www.sec.gov/Archives/edgar/data/1652044/000165204424000118/0001652044-24-000118-index.htm
Alphabet,1652044,operating_cash_flow,NetCashProvidedByUsedInOperatingActivities,2023-01-01,2023-12-31,2023,FY,10-K,2024-01-31,101746000000,0001652044-24-000022,https://www.sec.gov/Archives/edgar/data/1652044/000165204424000022/0001652044-24-000022-index.htm
Alphabet,1652044,operating_cash_flow,NetCashProvidedByUsedInOperatingActivities,2023-01-01,2023-12-31,2024,FY,10-K,2025-02-05,101746000000,0001652044-25-000014,https://www.sec.gov/Archives/edgar/data/1652044/000165204425000014/0001652044-25-000014-index.htm
Alphabet,1652044,operating_cash_flow,NetCashProvidedByUsedInOperatingActivities,2023-01-01,2023-12-31,2025,FY,10-K,2026-02-05,101746000000,0001652044-26-000018,https://www.sec.gov/Archives/edgar/data/1652044/000165204426000018/0001652044-26-000018-index.htm
Alphabet,1652044,operating_cash_flow,NetCashProvidedByUsedInOperatingActivities,2024-01-01,2024-03-31,2024,Q1,10-Q,2024-04-26,28848000000,0001652044-24-000053,https://www.sec.gov/Archives/edgar/data/1652044/000165204424000053/0001652044-24-000053-index.htm
Alphabet,1652044,operating_cash_flow,NetCashProvidedByUsedInOperatingActivities,2024-01-01,2024-03-31,2025,Q1,10-Q,2025-04-25,28848000000,0001652044-25-000043,https://www.sec.gov/Archives/edgar/data/1652044/000165204425000043/0001652044-25-000043-index.htm
Alphabet,1652044,operating_cash_flow,NetCashProvidedByUsedInOperatingActivities,2024-01-01,2024-06-30,2024,Q2,10-Q,2024-07-24,55488000000,0001652044-24-000079,https://www.sec.gov/Archives/edgar/data/1652044/000165204424000079/0001652044-24-000079-index.htm
Alphabet,1652044,operating_cash_flow,NetCashProvidedByUsedInOperatingActivities,2024-01-01,2024-06-30,2025,Q2,10-Q,2025-07-24,55488000000,0001652044-25-000062,https://www.sec.gov/Archives/edgar/data/1652044/000165204425000062/0001652044-25-000062-index.htm
Alphabet,1652044,operating_cash_flow,NetCashProvidedByUsedInOperatingActivities,2024-01-01,2024-09-30,2024,Q3,10-Q,2024-10-30,86186000000,0001652044-24-000118,https://www.sec.gov/Archives/edgar/data/1652044/000165204424000118/0001652044-24-000118-index.htm
Alphabet,1652044,operating_cash_flow,NetCashProvidedByUsedInOperatingActivities,2024-01-01,2024-09-30,2025,Q3,10-Q,2025-10-30,86186000000,0001652044-25-000091,https://www.sec.gov/Archives/edgar/data/1652044/000165204425000091/0001652044-25-000091-index.htm
Alphabet,1652044,operating_cash_flow,NetCashProvidedByUsedInOperatingActivities,2024-01-01,2024-12-31,2024,FY,10-K,2025-02-05,125299000000,0001652044-25-000014,https://www.sec.gov/Archives/edgar/data/1652044/000165204425000014/0001652044-25-000014-index.htm
Alphabet,1652044,operating_cash_flow,NetCashProvidedByUsedInOperatingActivities,2024-01-01,2024-12-31,2025,FY,10-K,2026-02-05,125299000000,0001652044-26-000018,https://www.sec.gov/Archives/edgar/data/1652044/000165204426000018/0001652044-26-000018-index.htm
Alphabet,1652044,operating_cash_flow,NetCashProvidedByUsedInOperatingActivities,2025-01-01,2025-03-31,2025,Q1,10-Q,2025-04-25,36150000000,0001652044-25-000043,https://www.sec.gov/Archives/edgar/data/1652044/000165204425000043/0001652044-25-000043-index.htm
Alphabet,1652044,operating_cash_flow,NetCashProvidedByUsedInOperatingActivities,2025-01-01,2025-03-31,2026,Q1,10-Q,2026-04-30,36150000000,0001652044-26-000048,https://www.sec.gov/Archives/edgar/data/1652044/000165204426000048/0001652044-26-000048-index.htm
Alphabet,1652044,operating_cash_flow,NetCashProvidedByUsedInOperatingActivities,2025-01-01,2025-06-30,2025,Q2,10-Q,2025-07-24,63897000000,0001652044-25-000062,https://www.sec.gov/Archives/edgar/data/1652044/000165204425000062/0001652044-25-000062-index.htm
Alphabet,1652044,operating_cash_flow,NetCashProvidedByUsedInOperatingActivities,2025-01-01,2025-06-30,2026,Q2,10-Q,2026-07-23,63897000000,0001652044-26-000071,https://www.sec.gov/Archives/edgar/data/1652044/000165204426000071/0001652044-26-000071-index.htm
Alphabet,1652044,operating_cash_flow,NetCashProvidedByUsedInOperatingActivities,2025-01-01,2025-09-30,2025,Q3,10-Q,2025-10-30,112311000000,0001652044-25-000091,https://www.sec.gov/Archives/edgar/data/1652044/000165204425000091/0001652044-25-000091-index.htm
Alphabet,1652044,operating_cash_flow,NetCashProvidedByUsedInOperatingActivities,2025-01-01,2025-12-31,2025,FY,10-K,2026-02-05,164713000000,0001652044-26-000018,https://www.sec.gov/Archives/edgar/data/1652044/000165204426000018/0001652044-26-000018-index.htm
Alphabet,1652044,operating_cash_flow,NetCashProvidedByUsedInOperatingActivities,2026-01-01,2026-03-31,2026,Q1,10-Q,2026-04-30,45790000000,0001652044-26-000048,https://www.sec.gov/Archives/edgar/data/1652044/000165204426000048/0001652044-26-000048-index.htm
Alphabet,1652044,operating_cash_flow,NetCashProvidedByUsedInOperatingActivities,2026-01-01,2026-06-30,2026,Q2,10-Q,2026-07-23,84859000000,0001652044-26-000071,https://www.sec.gov/Archives/edgar/data/1652044/000165204426000071/0001652044-26-000071-index.htm
Meta,1326801,capex,PaymentsToAcquirePropertyPlantAndEquipment,2010-01-01,2010-12-31,2012,FY,10-K,2013-02-01,293000000,0001326801-13-000003,https://www.sec.gov/Archives/edgar/data/1326801/000132680113000003/0001326801-13-000003-index.htm
Meta,1326801,capex,PaymentsToAcquirePropertyPlantAndEquipment,2011-01-01,2011-06-30,2012,Q2,10-Q,2012-07-31,285000000,0001193125-12-325997,https://www.sec.gov/Archives/edgar/data/1326801/000119312512325997/0001193125-12-325997-index.htm
Meta,1326801,capex,PaymentsToAcquirePropertyPlantAndEquipment,2011-01-01,2011-09-30,2012,Q3,10-Q,2012-10-24,421000000,0001326801-12-000006,https://www.sec.gov/Archives/edgar/data/1326801/000132680112000006/0001326801-12-000006-index.htm
Meta,1326801,capex,PaymentsToAcquirePropertyPlantAndEquipment,2011-01-01,2011-12-31,2012,FY,10-K,2013-02-01,606000000,0001326801-13-000003,https://www.sec.gov/Archives/edgar/data/1326801/000132680113000003/0001326801-13-000003-index.htm
Meta,1326801,capex,PaymentsToAcquirePropertyPlantAndEquipment,2011-01-01,2011-12-31,2013,FY,10-K,2014-01-31,606000000,0001326801-14-000007,https://www.sec.gov/Archives/edgar/data/1326801/000132680114000007/0001326801-14-000007-index.htm
Meta,1326801,capex,PaymentsToAcquirePropertyPlantAndEquipment,2012-01-01,2012-03-31,2013,Q1,10-Q,2013-05-02,453000000,0001326801-13-000011,https://www.sec.gov/Archives/edgar/data/1326801/000132680113000011/0001326801-13-000011-index.htm
Meta,1326801,capex,PaymentsToAcquirePropertyPlantAndEquipment,2012-01-01,2012-06-30,2012,Q2,10-Q,2012-07-31,866000000,0001193125-12-325997,https://www.sec.gov/Archives/edgar/data/1326801/000119312512325997/0001193125-12-325997-index.htm
Meta,1326801,capex,PaymentsToAcquirePropertyPlantAndEquipment,2012-01-01,2012-06-30,2013,Q2,10-Q,2013-07-25,866000000,0001326801-13-000019,https://www.sec.gov/Archives/edgar/data/1326801/000132680113000019/0001326801-13-000019-index.htm
Meta,1326801,capex,PaymentsToAcquirePropertyPlantAndEquipment,2012-01-01,2012-09-30,2012,Q3,10-Q,2012-10-24,1037000000,0001326801-12-000006,https://www.sec.gov/Archives/edgar/data/1326801/000132680112000006/0001326801-12-000006-index.htm
Meta,1326801,capex,PaymentsToAcquirePropertyPlantAndEquipment,2012-01-01,2012-09-30,2013,Q3,10-Q,2013-11-01,1037000000,0001326801-13-000031,https://www.sec.gov/Archives/edgar/data/1326801/000132680113000031/0001326801-13-000031-index.htm
Meta,1326801,capex,PaymentsToAcquirePropertyPlantAndEquipment,2012-01-01,2012-12-31,2012,FY,10-K,2013-02-01,1235000000,0001326801-13-000003,https://www.sec.gov/Archives/edgar/data/1326801/000132680113000003/0001326801-13-000003-index.htm
Meta,1326801,capex,PaymentsToAcquirePropertyPlantAndEquipment,2012-01-01,2012-12-31,2013,FY,10-K,2014-01-31,1235000000,0001326801-14-000007,https://www.sec.gov/Archives/edgar/data/1326801/000132680114000007/0001326801-14-000007-index.htm
Meta,1326801,capex,PaymentsToAcquirePropertyPlantAndEquipment,2012-01-01,2012-12-31,2014,FY,10-K,2015-01-29,1235000000,0001326801-15-000006,https://www.sec.gov/Archives/edgar/data/1326801/000132680115000006/0001326801-15-000006-index.htm
Meta,1326801,capex,PaymentsToAcquirePropertyPlantAndEquipment,2013-01-01,2013-03-31,2013,Q1,10-Q,2013-05-02,327000000,0001326801-13-000011,https://www.sec.gov/Archives/edgar/data/1326801/000132680113000011/0001326801-13-000011-index.htm
Meta,1326801,capex,PaymentsToAcquirePropertyPlantAndEquipment,2013-01-01,2013-03-31,2014,Q1,10-Q,2014-04-25,327000000,0001326801-14-000023,https://www.sec.gov/Archives/edgar/data/1326801/000132680114000023/0001326801-14-000023-index.htm
Meta,1326801,capex,PaymentsToAcquirePropertyPlantAndEquipment,2013-01-01,2013-06-30,2013,Q2,10-Q,2013-07-25,595000000,0001326801-13-000019,https://www.sec.gov/Archives/edgar/data/1326801/000132680113000019/0001326801-13-000019-index.htm
Meta,1326801,capex,PaymentsToAcquirePropertyPlantAndEquipment,2013-01-01,2013-06-30,2014,Q2,10-Q,2014-07-24,595000000,0001326801-14-000032,https://www.sec.gov/Archives/edgar/data/1326801/000132680114000032/0001326801-14-000032-index.htm
Meta,1326801,capex,PaymentsToAcquirePropertyPlantAndEquipment,2013-01-01,2013-09-30,2013,Q3,10-Q,2013-11-01,879000000,0001326801-13-000031,https://www.sec.gov/Archives/edgar/data/1326801/000132680113000031/0001326801-13-000031-index.htm
Meta,1326801,capex,PaymentsToAcquirePropertyPlantAndEquipment,2013-01-01,2013-09-30,2014,Q3,10-Q,2014-10-30,879000000,0001326801-14-000068,https://www.sec.gov/Archives/edgar/data/1326801/000132680114000068/0001326801-14-000068-index.htm
Meta,1326801,capex,PaymentsToAcquirePropertyPlantAndEquipment,2013-01-01,2013-12-31,2013,FY,10-K,2014-01-31,1362000000,0001326801-14-000007,https://www.sec.gov/Archives/edgar/data/1326801/000132680114000007/0001326801-14-000007-index.htm
Meta,1326801,capex,PaymentsToAcquirePropertyPlantAndEquipment,2013-01-01,2013-12-31,2014,FY,10-K,2015-01-29,1362000000,0001326801-15-000006,https://www.sec.gov/Archives/edgar/data/1326801/000132680115000006/0001326801-15-000006-index.htm
Meta,1326801,capex,PaymentsToAcquirePropertyPlantAndEquipment,2013-01-01,2013-12-31,2015,FY,10-K,2016-01-28,1362000000,0001326801-16-000043,https://www.sec.gov/Archives/edgar/data/1326801/000132680116000043/0001326801-16-000043-index.htm
Meta,1326801,capex,PaymentsToAcquirePropertyPlantAndEquipment,2014-01-01,2014-03-31,2014,Q1,10-Q,2014-04-25,363000000,0001326801-14-000023,https://www.sec.gov/Archives/edgar/data/1326801/000132680114000023/0001326801-14-000023-index.htm
Meta,1326801,capex,PaymentsToAcquirePropertyPlantAndEquipment,2014-01-01,2014-03-31,2015,Q1,10-Q,2015-04-23,363000000,0001326801-15-000015,https://www.sec.gov/Archives/edgar/data/1326801/000132680115000015/0001326801-15-000015-index.htm
Meta,1326801,capex,PaymentsToAcquirePropertyPlantAndEquipment,2014-01-01,2014-06-30,2014,Q2,10-Q,2014-07-24,832000000,0001326801-14-000032,https://www.sec.gov/Archives/edgar/data/1326801/000132680114000032/0001326801-14-000032-index.htm
Meta,1326801,capex,PaymentsToAcquirePropertyPlantAndEquipment,2014-01-01,2014-06-30,2015,Q2,10-Q,2015-07-31,832000000,0001326801-15-000028,https://www.sec.gov/Archives/edgar/data/1326801/000132680115000028/0001326801-15-000028-index.htm
Meta,1326801,capex,PaymentsToAcquirePropertyPlantAndEquipment,2014-01-01,2014-09-30,2014,Q3,10-Q,2014-10-30,1314000000,0001326801-14-000068,https://www.sec.gov/Archives/edgar/data/1326801/000132680114000068/0001326801-14-000068-index.htm
Meta,1326801,capex,PaymentsToAcquirePropertyPlantAndEquipment,2014-01-01,2014-09-30,2015,Q3,10-Q,2015-11-05,1314000000,0001326801-15-000032,https://www.sec.gov/Archives/edgar/data/1326801/000132680115000032/0001326801-15-000032-index.htm
Meta,1326801,capex,PaymentsToAcquirePropertyPlantAndEquipment,2014-01-01,2014-12-31,2014,FY,10-K,2015-01-29,1831000000,0001326801-15-000006,https://www.sec.gov/Archives/edgar/data/1326801/000132680115000006/0001326801-15-000006-index.htm
Meta,1326801,capex,PaymentsToAcquirePropertyPlantAndEquipment,2014-01-01,2014-12-31,2015,FY,10-K,2016-01-28,1831000000,0001326801-16-000043,https://www.sec.gov/Archives/edgar/data/1326801/000132680116000043/0001326801-16-000043-index.htm
Meta,1326801,capex,PaymentsToAcquirePropertyPlantAndEquipment,2014-01-01,2014-12-31,2016,FY,10-K,2017-02-03,1831000000,0001326801-17-000007,https://www.sec.gov/Archives/edgar/data/1326801/000132680117000007/0001326801-17-000007-index.htm
Meta,1326801,capex,PaymentsToAcquirePropertyPlantAndEquipment,2015-01-01,2015-03-31,2015,Q1,10-Q,2015-04-23,502000000,0001326801-15-000015,https://www.sec.gov/Archives/edgar/data/1326801/000132680115000015/0001326801-15-000015-index.htm
Meta,1326801,capex,PaymentsToAcquirePropertyPlantAndEquipment,2015-01-01,2015-03-31,2016,Q1,10-Q,2016-04-28,502000000,0001326801-16-000067,https://www.sec.gov/Archives/edgar/data/1326801/000132680116000067/0001326801-16-000067-index.htm
Meta,1326801,capex,PaymentsToAcquirePropertyPlantAndEquipment,2015-01-01,2015-06-30,2015,Q2,10-Q,2015-07-31,1051000000,0001326801-15-000028,https://www.sec.gov/Archives/edgar/data/1326801/000132680115000028/0001326801-15-000028-index.htm
Meta,1326801,capex,PaymentsToAcquirePropertyPlantAndEquipment,2015-01-01,2015-06-30,2016,Q2,10-Q,2016-07-28,1051000000,0001326801-16-000082,https://www.sec.gov/Archives/edgar/data/1326801/000132680116000082/0001326801-16-000082-index.htm
Meta,1326801,capex,PaymentsToAcquirePropertyPlantAndEquipment,2015-01-01,2015-09-30,2015,Q3,10-Q,2015-11-05,1831000000,0001326801-15-000032,https://www.sec.gov/Archives/edgar/data/1326801/000132680115000032/0001326801-15-000032-index.htm
Meta,1326801,capex,PaymentsToAcquirePropertyPlantAndEquipment,2015-01-01,2015-09-30,2016,Q3,10-Q,2016-11-03,1831000000,0001326801-16-000087,https://www.sec.gov/Archives/edgar/data/1326801/000132680116000087/0001326801-16-000087-index.htm
Meta,1326801,capex,PaymentsToAcquirePropertyPlantAndEquipment,2015-01-01,2015-12-31,2015,FY,10-K,2016-01-28,2523000000,0001326801-16-000043,https://www.sec.gov/Archives/edgar/data/1326801/000132680116000043/0001326801-16-000043-index.htm
Meta,1326801,capex,PaymentsToAcquirePropertyPlantAndEquipment,2015-01-01,2015-12-31,2016,FY,10-K,2017-02-03,2523000000,0001326801-17-000007,https://www.sec.gov/Archives/edgar/data/1326801/000132680117000007/0001326801-17-000007-index.htm
Meta,1326801,capex,PaymentsToAcquirePropertyPlantAndEquipment,2015-01-01,2015-12-31,2017,FY,10-K,2018-02-01,2523000000,0001326801-18-000009,https://www.sec.gov/Archives/edgar/data/1326801/000132680118000009/0001326801-18-000009-index.htm
Meta,1326801,capex,PaymentsToAcquirePropertyPlantAndEquipment,2016-01-01,2016-03-31,2016,Q1,10-Q,2016-04-28,1132000000,0001326801-16-000067,https://www.sec.gov/Archives/edgar/data/1326801/000132680116000067/0001326801-16-000067-index.htm
Meta,1326801,capex,PaymentsToAcquirePropertyPlantAndEquipment,2016-01-01,2016-03-31,2017,Q1,10-Q,2017-05-04,1132000000,0001326801-17-000024,https://www.sec.gov/Archives/edgar/data/1326801/000132680117000024/0001326801-17-000024-index.htm
Meta,1326801,capex,PaymentsToAcquirePropertyPlantAndEquipment,2016-01-01,2016-06-30,2016,Q2,10-Q,2016-07-28,2127000000,0001326801-16-000082,https://www.sec.gov/Archives/edgar/data/1326801/000132680116000082/0001326801-16-000082-index.htm
Meta,1326801,capex,PaymentsToAcquirePropertyPlantAndEquipment,2016-01-01,2016-06-30,2017,Q2,10-Q,2017-07-27,2127000000,0001326801-17-000038,https://www.sec.gov/Archives/edgar/data/1326801/000132680117000038/0001326801-17-000038-index.htm
Meta,1326801,capex,PaymentsToAcquirePropertyPlantAndEquipment,2016-01-01,2016-09-30,2016,Q3,10-Q,2016-11-03,3222000000,0001326801-16-000087,https://www.sec.gov/Archives/edgar/data/1326801/000132680116000087/0001326801-16-000087-index.htm
Meta,1326801,capex,PaymentsToAcquirePropertyPlantAndEquipment,2016-01-01,2016-09-30,2017,Q3,10-Q,2017-11-02,3222000000,0001326801-17-000053,https://www.sec.gov/Archives/edgar/data/1326801/000132680117000053/0001326801-17-000053-index.htm
Meta,1326801,capex,PaymentsToAcquirePropertyPlantAndEquipment,2016-01-01,2016-12-31,2016,FY,10-K,2017-02-03,4491000000,0001326801-17-000007,https://www.sec.gov/Archives/edgar/data/1326801/000132680117000007/0001326801-17-000007-index.htm
Meta,1326801,capex,PaymentsToAcquirePropertyPlantAndEquipment,2016-01-01,2016-12-31,2017,FY,10-K,2018-02-01,4491000000,0001326801-18-000009,https://www.sec.gov/Archives/edgar/data/1326801/000132680118000009/0001326801-18-000009-index.htm
Meta,1326801,capex,PaymentsToAcquirePropertyPlantAndEquipment,2016-01-01,2016-12-31,2018,FY,10-K,2019-01-31,4491000000,0001326801-19-000009,https://www.sec.gov/Archives/edgar/data/1326801/000132680119000009/0001326801-19-000009-index.htm
Meta,1326801,capex,PaymentsToAcquirePropertyPlantAndEquipment,2017-01-01,2017-03-31,2017,Q1,10-Q,2017-05-04,1271000000,0001326801-17-000024,https://www.sec.gov/Archives/edgar/data/1326801/000132680117000024/0001326801-17-000024-index.htm
Meta,1326801,capex,PaymentsToAcquirePropertyPlantAndEquipment,2017-01-01,2017-03-31,2018,Q1,10-Q,2018-04-26,1271000000,0001326801-18-000032,https://www.sec.gov/Archives/edgar/data/1326801/000132680118000032/0001326801-18-000032-index.htm
Meta,1326801,capex,PaymentsToAcquirePropertyPlantAndEquipment,2017-01-01,2017-06-30,2017,Q2,10-Q,2017-07-27,2715000000,0001326801-17-000038,https://www.sec.gov/Archives/edgar/data/1326801/000132680117000038/0001326801-17-000038-index.htm
Meta,1326801,capex,PaymentsToAcquirePropertyPlantAndEquipment,2017-01-01,2017-06-30,2018,Q2,10-Q,2018-07-26,2715000000,0001326801-18-000057,https://www.sec.gov/Archives/edgar/data/1326801/000132680118000057/0001326801-18-000057-index.htm
Meta,1326801,capex,PaymentsToAcquirePropertyPlantAndEquipment,2017-01-01,2017-09-30,2017,Q3,10-Q,2017-11-02,4470000000,0001326801-17-000053,https://www.sec.gov/Archives/edgar/data/1326801/000132680117000053/0001326801-17-000053-index.htm
Meta,1326801,capex,PaymentsToAcquirePropertyPlantAndEquipment,2017-01-01,2017-09-30,2018,Q3,10-Q,2018-10-31,4470000000,0001326801-18-000067,https://www.sec.gov/Archives/edgar/data/1326801/000132680118000067/0001326801-18-000067-index.htm
Meta,1326801,capex,PaymentsToAcquirePropertyPlantAndEquipment,2017-01-01,2017-12-31,2017,FY,10-K,2018-02-01,6733000000,0001326801-18-000009,https://www.sec.gov/Archives/edgar/data/1326801/000132680118000009/0001326801-18-000009-index.htm
Meta,1326801,capex,PaymentsToAcquirePropertyPlantAndEquipment,2017-01-01,2017-12-31,2018,FY,10-K,2019-01-31,6733000000,0001326801-19-000009,https://www.sec.gov/Archives/edgar/data/1326801/000132680119000009/0001326801-19-000009-index.htm
Meta,1326801,capex,PaymentsToAcquirePropertyPlantAndEquipment,2017-01-01,2017-12-31,2019,FY,10-K,2020-01-30,6733000000,0001326801-20-000013,https://www.sec.gov/Archives/edgar/data/1326801/000132680120000013/0001326801-20-000013-index.htm
Meta,1326801,capex,PaymentsToAcquirePropertyPlantAndEquipment,2018-01-01,2018-03-31,2018,Q1,10-Q,2018-04-26,2812000000,0001326801-18-000032,https://www.sec.gov/Archives/edgar/data/1326801/000132680118000032/0001326801-18-000032-index.htm
Meta,1326801,capex,PaymentsToAcquirePropertyPlantAndEquipment,2018-01-01,2018-03-31,2019,Q1,10-Q,2019-04-25,2812000000,0001326801-19-000037,https://www.sec.gov/Archives/edgar/data/1326801/000132680119000037/0001326801-19-000037-index.htm
Meta,1326801,capex,PaymentsToAcquirePropertyPlantAndEquipment,2018-01-01,2018-06-30,2018,Q2,10-Q,2018-07-26,6272000000,0001326801-18-000057,https://www.sec.gov/Archives/edgar/data/1326801/000132680118000057/0001326801-18-000057-index.htm
Meta,1326801,capex,PaymentsToAcquirePropertyPlantAndEquipment,2018-01-01,2018-06-30,2019,Q2,10-Q,2019-07-25,6272000000,0001326801-19-000055,https://www.sec.gov/Archives/edgar/data/1326801/000132680119000055/0001326801-19-000055-index.htm
Meta,1326801,capex,PaymentsToAcquirePropertyPlantAndEquipment,2018-01-01,2018-09-30,2018,Q3,10-Q,2018-10-31,9614000000,0001326801-18-000067,https://www.sec.gov/Archives/edgar/data/1326801/000132680118000067/0001326801-18-000067-index.htm
Meta,1326801,capex,PaymentsToAcquirePropertyPlantAndEquipment,2018-01-01,2018-09-30,2019,Q3,10-Q,2019-10-31,9614000000,0001326801-19-000069,https://www.sec.gov/Archives/edgar/data/1326801/000132680119000069/0001326801-19-000069-index.htm
Meta,1326801,capex,PaymentsToAcquirePropertyPlantAndEquipment,2018-01-01,2018-12-31,2018,FY,10-K,2019-01-31,13915000000,0001326801-19-000009,https://www.sec.gov/Archives/edgar/data/1326801/000132680119000009/0001326801-19-000009-index.htm
Meta,1326801,capex,PaymentsToAcquirePropertyPlantAndEquipment,2018-01-01,2018-12-31,2019,FY,10-K,2020-01-30,13915000000,0001326801-20-000013,https://www.sec.gov/Archives/edgar/data/1326801/000132680120000013/0001326801-20-000013-index.htm
Meta,1326801,capex,PaymentsToAcquirePropertyPlantAndEquipment,2018-01-01,2018-12-31,2020,FY,10-K,2021-01-28,13915000000,0001326801-21-000014,https://www.sec.gov/Archives/edgar/data/1326801/000132680121000014/0001326801-21-000014-index.htm
Meta,1326801,capex,PaymentsToAcquirePropertyPlantAndEquipment,2019-01-01,2019-03-31,2019,Q1,10-Q,2019-04-25,3837000000,0001326801-19-000037,https://www.sec.gov/Archives/edgar/data/1326801/000132680119000037/0001326801-19-000037-index.htm
Meta,1326801,capex,PaymentsToAcquirePropertyPlantAndEquipment,2019-01-01,2019-03-31,2020,Q1,10-Q,2020-04-30,3837000000,0001326801-20-000048,https://www.sec.gov/Archives/edgar/data/1326801/000132680120000048/0001326801-20-000048-index.htm
Meta,1326801,capex,PaymentsToAcquirePropertyPlantAndEquipment,2019-01-01,2019-06-30,2019,Q2,10-Q,2019-07-25,7470000000,0001326801-19-000055,https://www.sec.gov/Archives/edgar/data/1326801/000132680119000055/0001326801-19-000055-index.htm
Meta,1326801,capex,PaymentsToAcquirePropertyPlantAndEquipment,2019-01-01,2019-06-30,2020,Q2,10-Q,2020-07-31,7470000000,0001326801-20-000076,https://www.sec.gov/Archives/edgar/data/1326801/000132680120000076/0001326801-20-000076-index.htm
Meta,1326801,capex,PaymentsToAcquirePropertyPlantAndEquipment,2019-01-01,2019-09-30,2019,Q3,10-Q,2019-10-31,11002000000,0001326801-19-000069,https://www.sec.gov/Archives/edgar/data/1326801/000132680119000069/0001326801-19-000069-index.htm
Meta,1326801,capex,PaymentsToAcquirePropertyPlantAndEquipment,2019-01-01,2019-09-30,2020,Q3,10-Q,2020-10-30,11002000000,0001326801-20-000084,https://www.sec.gov/Archives/edgar/data/1326801/000132680120000084/0001326801-20-000084-index.htm
Meta,1326801,capex,PaymentsToAcquirePropertyPlantAndEquipment,2019-01-01,2019-12-31,2019,FY,10-K,2020-01-30,15102000000,0001326801-20-000013,https://www.sec.gov/Archives/edgar/data/1326801/000132680120000013/0001326801-20-000013-index.htm
Meta,1326801,capex,PaymentsToAcquirePropertyPlantAndEquipment,2019-01-01,2019-12-31,2020,FY,10-K,2021-01-28,15102000000,0001326801-21-000014,https://www.sec.gov/Archives/edgar/data/1326801/000132680121000014/0001326801-21-000014-index.htm
Meta,1326801,capex,PaymentsToAcquirePropertyPlantAndEquipment,2019-01-01,2019-12-31,2021,FY,10-K,2022-02-03,15102000000,0001326801-22-000018,https://www.sec.gov/Archives/edgar/data/1326801/000132680122000018/0001326801-22-000018-index.htm
Meta,1326801,capex,PaymentsToAcquirePropertyPlantAndEquipment,2020-01-01,2020-03-31,2020,Q1,10-Q,2020-04-30,3558000000,0001326801-20-000048,https://www.sec.gov/Archives/edgar/data/1326801/000132680120000048/0001326801-20-000048-index.htm
Meta,1326801,capex,PaymentsToAcquirePropertyPlantAndEquipment,2020-01-01,2020-03-31,2021,Q1,10-Q,2021-04-29,3558000000,0001326801-21-000033,https://www.sec.gov/Archives/edgar/data/1326801/000132680121000033/0001326801-21-000033-index.htm
Meta,1326801,capex,PaymentsToAcquirePropertyPlantAndEquipment,2020-01-01,2020-06-30,2020,Q2,10-Q,2020-07-31,6813000000,0001326801-20-000076,https://www.sec.gov/Archives/edgar/data/1326801/000132680120000076/0001326801-20-000076-index.htm
Meta,1326801,capex,PaymentsToAcquirePropertyPlantAndEquipment,2020-01-01,2020-06-30,2021,Q2,10-Q,2021-07-29,6813000000,0001326801-21-000049,https://www.sec.gov/Archives/edgar/data/1326801/000132680121000049/0001326801-21-000049-index.htm
Meta,1326801,capex,PaymentsToAcquirePropertyPlantAndEquipment,2020-01-01,2020-09-30,2020,Q3,10-Q,2020-10-30,10502000000,0001326801-20-000084,https://www.sec.gov/Archives/edgar/data/1326801/000132680120000084/0001326801-20-000084-index.htm
Meta,1326801,capex,PaymentsToAcquirePropertyPlantAndEquipment,2020-01-01,2020-09-30,2021,Q3,10-Q,2021-10-26,10502000000,0001326801-21-000065,https://www.sec.gov/Archives/edgar/data/1326801/000132680121000065/0001326801-21-000065-index.htm
Meta,1326801,capex,PaymentsToAcquirePropertyPlantAndEquipment,2020-01-01,2020-12-31,2020,FY,10-K,2021-01-28,15115000000,0001326801-21-000014,https://www.sec.gov/Archives/edgar/data/1326801/000132680121000014/0001326801-21-000014-index.htm
Meta,1326801,capex,PaymentsToAcquirePropertyPlantAndEquipment,2020-01-01,2020-12-31,2021,FY,10-K,2022-02-03,15115000000,0001326801-22-000018,https://www.sec.gov/Archives/edgar/data/1326801/000132680122000018/0001326801-22-000018-index.htm
Meta,1326801,capex,PaymentsToAcquirePropertyPlantAndEquipment,2020-01-01,2020-12-31,2022,FY,10-K,2023-02-02,15163000000,0001326801-23-000013,https://www.sec.gov/Archives/edgar/data/1326801/000132680123000013/0001326801-23-000013-index.htm
Meta,1326801,capex,PaymentsToAcquirePropertyPlantAndEquipment,2021-01-01,2021-03-31,2021,Q1,10-Q,2021-04-29,4272000000,0001326801-21-000033,https://www.sec.gov/Archives/edgar/data/1326801/000132680121000033/0001326801-21-000033-index.htm
Meta,1326801,capex,PaymentsToAcquirePropertyPlantAndEquipment,2021-01-01,2021-03-31,2022,Q1,10-Q,2022-04-28,4303000000,0001326801-22-000057,https://www.sec.gov/Archives/edgar/data/1326801/000132680122000057/0001326801-22-000057-index.htm
Meta,1326801,capex,PaymentsToAcquirePropertyPlantAndEquipment,2021-01-01,2021-06-30,2021,Q2,10-Q,2021-07-29,8884000000,0001326801-21-000049,https://www.sec.gov/Archives/edgar/data/1326801/000132680121000049/0001326801-21-000049-index.htm
Meta,1326801,capex,PaymentsToAcquirePropertyPlantAndEquipment,2021-01-01,2021-06-30,2022,Q2,10-Q,2022-07-28,8944000000,0001326801-22-000082,https://www.sec.gov/Archives/edgar/data/1326801/000132680122000082/0001326801-22-000082-index.htm
Meta,1326801,capex,PaymentsToAcquirePropertyPlantAndEquipment,2021-01-01,2021-09-30,2021,Q3,10-Q,2021-10-26,13198000000,0001326801-21-000065,https://www.sec.gov/Archives/edgar/data/1326801/000132680121000065/0001326801-21-000065-index.htm
Meta,1326801,capex,PaymentsToAcquirePropertyPlantAndEquipment,2021-01-01,2021-09-30,2022,Q3,10-Q,2022-10-27,13290000000,0001326801-22-000108,https://www.sec.gov/Archives/edgar/data/1326801/000132680122000108/0001326801-22-000108-index.htm
Meta,1326801,capex,PaymentsToAcquirePropertyPlantAndEquipment,2021-01-01,2021-12-31,2021,FY,10-K,2022-02-03,18567000000,0001326801-22-000018,https://www.sec.gov/Archives/edgar/data/1326801/000132680122000018/0001326801-22-000018-index.htm
Meta,1326801,capex,PaymentsToAcquirePropertyPlantAndEquipment,2021-01-01,2021-12-31,2022,FY,10-K,2023-02-02,18690000000,0001326801-23-000013,https://www.sec.gov/Archives/edgar/data/1326801/000132680123000013/0001326801-23-000013-index.htm
Meta,1326801,capex,PaymentsToAcquirePropertyPlantAndEquipment,2021-01-01,2021-12-31,2023,FY,10-K,2024-02-02,18690000000,0001326801-24-000012,https://www.sec.gov/Archives/edgar/data/1326801/000132680124000012/0001326801-24-000012-index.htm
Meta,1326801,capex,PaymentsToAcquirePropertyPlantAndEquipment,2022-01-01,2022-03-31,2022,Q1,10-Q,2022-04-28,5441000000,0001326801-22-000057,https://www.sec.gov/Archives/edgar/data/1326801/000132680122000057/0001326801-22-000057-index.htm
Meta,1326801,capex,PaymentsToAcquirePropertyPlantAndEquipment,2022-01-01,2022-03-31,2023,Q1,10-Q,2023-04-27,5441000000,0001326801-23-000067,https://www.sec.gov/Archives/edgar/data/1326801/000132680123000067/0001326801-23-000067-index.htm
Meta,1326801,capex,PaymentsToAcquirePropertyPlantAndEquipment,2022-01-01,2022-06-30,2022,Q2,10-Q,2022-07-28,13013000000,0001326801-22-000082,https://www.sec.gov/Archives/edgar/data/1326801/000132680122000082/0001326801-22-000082-index.htm
Meta,1326801,capex,PaymentsToAcquirePropertyPlantAndEquipment,2022-01-01,2022-06-30,2023,Q2,10-Q,2023-07-27,13013000000,0001326801-23-000093,https://www.sec.gov/Archives/edgar/data/1326801/000132680123000093/0001326801-23-000093-index.htm
Meta,1326801,capex,PaymentsToAcquirePropertyPlantAndEquipment,2022-01-01,2022-09-30,2022,Q3,10-Q,2022-10-27,22388000000,0001326801-22-000108,https://www.sec.gov/Archives/edgar/data/1326801/000132680122000108/0001326801-22-000108-index.htm
Meta,1326801,capex,PaymentsToAcquirePropertyPlantAndEquipment,2022-01-01,2022-09-30,2023,Q3,10-Q,2023-10-26,22388000000,0001326801-23-000103,https://www.sec.gov/Archives/edgar/data/1326801/000132680123000103/0001326801-23-000103-index.htm
Meta,1326801,capex,PaymentsToAcquirePropertyPlantAndEquipment,2022-01-01,2022-12-31,2022,FY,10-K,2023-02-02,31431000000,0001326801-23-000013,https://www.sec.gov/Archives/edgar/data/1326801/000132680123000013/0001326801-23-000013-index.htm
Meta,1326801,capex,PaymentsToAcquirePropertyPlantAndEquipment,2022-01-01,2022-12-31,2023,FY,10-K,2024-02-02,31431000000,0001326801-24-000012,https://www.sec.gov/Archives/edgar/data/1326801/000132680124000012/0001326801-24-000012-index.htm
Meta,1326801,capex,PaymentsToAcquirePropertyPlantAndEquipment,2022-01-01,2022-12-31,2024,FY,10-K,2025-01-30,31186000000,0001326801-25-000017,https://www.sec.gov/Archives/edgar/data/1326801/000132680125000017/0001326801-25-000017-index.htm
Meta,1326801,capex,PaymentsToAcquirePropertyPlantAndEquipment,2023-01-01,2023-03-31,2023,Q1,10-Q,2023-04-27,6842000000,0001326801-23-000067,https://www.sec.gov/Archives/edgar/data/1326801/000132680123000067/0001326801-23-000067-index.htm
Meta,1326801,capex,PaymentsToAcquirePropertyPlantAndEquipment,2023-01-01,2023-03-31,2024,Q1,10-Q,2024-04-25,6823000000,0001326801-24-000049,https://www.sec.gov/Archives/edgar/data/1326801/000132680124000049/0001326801-24-000049-index.htm
Meta,1326801,capex,PaymentsToAcquirePropertyPlantAndEquipment,2023-01-01,2023-06-30,2023,Q2,10-Q,2023-07-27,13058000000,0001326801-23-000093,https://www.sec.gov/Archives/edgar/data/1326801/000132680123000093/0001326801-23-000093-index.htm
Meta,1326801,capex,PaymentsToAcquirePropertyPlantAndEquipment,2023-01-01,2023-06-30,2024,Q2,10-Q,2024-08-01,12957000000,0001326801-24-000069,https://www.sec.gov/Archives/edgar/data/1326801/000132680124000069/0001326801-24-000069-index.htm
Meta,1326801,capex,PaymentsToAcquirePropertyPlantAndEquipment,2023-01-01,2023-09-30,2023,Q3,10-Q,2023-10-26,19601000000,0001326801-23-000103,https://www.sec.gov/Archives/edgar/data/1326801/000132680123000103/0001326801-23-000103-index.htm
Meta,1326801,capex,PaymentsToAcquirePropertyPlantAndEquipment,2023-01-01,2023-09-30,2024,Q3,10-Q,2024-10-31,19453000000,0001326801-24-000081,https://www.sec.gov/Archives/edgar/data/1326801/000132680124000081/0001326801-24-000081-index.htm
Meta,1326801,capex,PaymentsToAcquirePropertyPlantAndEquipment,2023-01-01,2023-12-31,2023,FY,10-K,2024-02-02,27266000000,0001326801-24-000012,https://www.sec.gov/Archives/edgar/data/1326801/000132680124000012/0001326801-24-000012-index.htm
Meta,1326801,capex,PaymentsToAcquirePropertyPlantAndEquipment,2023-01-01,2023-12-31,2024,FY,10-K,2025-01-30,27045000000,0001326801-25-000017,https://www.sec.gov/Archives/edgar/data/1326801/000132680125000017/0001326801-25-000017-index.htm
Meta,1326801,capex,PaymentsToAcquirePropertyPlantAndEquipment,2023-01-01,2023-12-31,2025,FY,10-K,2026-01-29,27045000000,0001628280-26-003942,https://www.sec.gov/Archives/edgar/data/1326801/000162828026003942/0001628280-26-003942-index.htm
Meta,1326801,capex,PaymentsToAcquirePropertyPlantAndEquipment,2024-01-01,2024-03-31,2024,Q1,10-Q,2024-04-25,6400000000,0001326801-24-000049,https://www.sec.gov/Archives/edgar/data/1326801/000132680124000049/0001326801-24-000049-index.htm
Meta,1326801,capex,PaymentsToAcquirePropertyPlantAndEquipment,2024-01-01,2024-03-31,2025,Q1,10-Q,2025-05-01,6400000000,0001326801-25-000054,https://www.sec.gov/Archives/edgar/data/1326801/000132680125000054/0001326801-25-000054-index.htm
Meta,1326801,capex,PaymentsToAcquirePropertyPlantAndEquipment,2024-01-01,2024-06-30,2024,Q2,10-Q,2024-08-01,14573000000,0001326801-24-000069,https://www.sec.gov/Archives/edgar/data/1326801/000132680124000069/0001326801-24-000069-index.htm
Meta,1326801,capex,PaymentsToAcquirePropertyPlantAndEquipment,2024-01-01,2024-06-30,2025,Q2,10-Q,2025-07-31,14573000000,0001628280-25-036791,https://www.sec.gov/Archives/edgar/data/1326801/000162828025036791/0001628280-25-036791-index.htm
Meta,1326801,capex,PaymentsToAcquirePropertyPlantAndEquipment,2024-01-01,2024-09-30,2024,Q3,10-Q,2024-10-31,22831000000,0001326801-24-000081,https://www.sec.gov/Archives/edgar/data/1326801/000132680124000081/0001326801-24-000081-index.htm
Meta,1326801,capex,PaymentsToAcquirePropertyPlantAndEquipment,2024-01-01,2024-09-30,2025,Q3,10-Q,2025-10-30,22831000000,0001628280-25-047240,https://www.sec.gov/Archives/edgar/data/1326801/000162828025047240/0001628280-25-047240-index.htm
Meta,1326801,capex,PaymentsToAcquirePropertyPlantAndEquipment,2024-01-01,2024-12-31,2024,FY,10-K,2025-01-30,37256000000,0001326801-25-000017,https://www.sec.gov/Archives/edgar/data/1326801/000132680125000017/0001326801-25-000017-index.htm
Meta,1326801,capex,PaymentsToAcquirePropertyPlantAndEquipment,2024-01-01,2024-12-31,2025,FY,10-K,2026-01-29,37256000000,0001628280-26-003942,https://www.sec.gov/Archives/edgar/data/1326801/000162828026003942/0001628280-26-003942-index.htm
Meta,1326801,capex,PaymentsToAcquirePropertyPlantAndEquipment,2025-01-01,2025-03-31,2025,Q1,10-Q,2025-05-01,12941000000,0001326801-25-000054,https://www.sec.gov/Archives/edgar/data/1326801/000132680125000054/0001326801-25-000054-index.htm
Meta,1326801,capex,PaymentsToAcquirePropertyPlantAndEquipment,2025-01-01,2025-03-31,2026,Q1,10-Q,2026-04-30,12941000000,0001628280-26-028526,https://www.sec.gov/Archives/edgar/data/1326801/000162828026028526/0001628280-26-028526-index.htm
Meta,1326801,capex,PaymentsToAcquirePropertyPlantAndEquipment,2025-01-01,2025-06-30,2025,Q2,10-Q,2025-07-31,29479000000,0001628280-25-036791,https://www.sec.gov/Archives/edgar/data/1326801/000162828025036791/0001628280-25-036791-index.htm
Meta,1326801,capex,PaymentsToAcquirePropertyPlantAndEquipment,2025-01-01,2025-06-30,2026,Q2,10-Q,2026-07-30,29479000000,0001628280-26-050705,https://www.sec.gov/Archives/edgar/data/1326801/000162828026050705/0001628280-26-050705-index.htm
Meta,1326801,capex,PaymentsToAcquirePropertyPlantAndEquipment,2025-01-01,2025-09-30,2025,Q3,10-Q,2025-10-30,48308000000,0001628280-25-047240,https://www.sec.gov/Archives/edgar/data/1326801/000162828025047240/0001628280-25-047240-index.htm
Meta,1326801,capex,PaymentsToAcquirePropertyPlantAndEquipment,2025-01-01,2025-12-31,2025,FY,10-K,2026-01-29,69691000000,0001628280-26-003942,https://www.sec.gov/Archives/edgar/data/1326801/000162828026003942/0001628280-26-003942-index.htm
Meta,1326801,capex,PaymentsToAcquirePropertyPlantAndEquipment,2026-01-01,2026-03-31,2026,Q1,10-Q,2026-04-30,18997000000,0001628280-26-028526,https://www.sec.gov/Archives/edgar/data/1326801/000162828026028526/0001628280-26-028526-index.htm
Meta,1326801,capex,PaymentsToAcquirePropertyPlantAndEquipment,2026-01-01,2026-06-30,2026,Q2,10-Q,2026-07-30,49113000000,0001628280-26-050705,https://www.sec.gov/Archives/edgar/data/1326801/000162828026050705/0001628280-26-050705-index.htm
Meta,1326801,revenue,RevenueFromContractWithCustomerExcludingAssessedTax,2016-01-01,2016-12-31,2018,FY,10-K,2019-01-31,27638000000,0001326801-19-000009,https://www.sec.gov/Archives/edgar/data/1326801/000132680119000009/0001326801-19-000009-index.htm
Meta,1326801,revenue,RevenueFromContractWithCustomerExcludingAssessedTax,2017-01-01,2017-03-31,2018,Q1,10-Q,2018-04-26,8032000000,0001326801-18-000032,https://www.sec.gov/Archives/edgar/data/1326801/000132680118000032/0001326801-18-000032-index.htm
Meta,1326801,revenue,RevenueFromContractWithCustomerExcludingAssessedTax,2017-01-01,2017-06-30,2018,Q2,10-Q,2018-07-26,17353000000,0001326801-18-000057,https://www.sec.gov/Archives/edgar/data/1326801/000132680118000057/0001326801-18-000057-index.htm
Meta,1326801,revenue,RevenueFromContractWithCustomerExcludingAssessedTax,2017-04-01,2017-06-30,2018,Q2,10-Q,2018-07-26,9321000000,0001326801-18-000057,https://www.sec.gov/Archives/edgar/data/1326801/000132680118000057/0001326801-18-000057-index.htm
Meta,1326801,revenue,RevenueFromContractWithCustomerExcludingAssessedTax,2017-01-01,2017-09-30,2018,Q3,10-Q,2018-10-31,27681000000,0001326801-18-000067,https://www.sec.gov/Archives/edgar/data/1326801/000132680118000067/0001326801-18-000067-index.htm
Meta,1326801,revenue,RevenueFromContractWithCustomerExcludingAssessedTax,2017-07-01,2017-09-30,2018,Q3,10-Q,2018-10-31,10328000000,0001326801-18-000067,https://www.sec.gov/Archives/edgar/data/1326801/000132680118000067/0001326801-18-000067-index.htm
Meta,1326801,revenue,RevenueFromContractWithCustomerExcludingAssessedTax,2017-01-01,2017-12-31,2018,FY,10-K,2019-01-31,40653000000,0001326801-19-000009,https://www.sec.gov/Archives/edgar/data/1326801/000132680119000009/0001326801-19-000009-index.htm
Meta,1326801,revenue,RevenueFromContractWithCustomerExcludingAssessedTax,2017-01-01,2017-12-31,2019,FY,10-K,2020-01-30,40653000000,0001326801-20-000013,https://www.sec.gov/Archives/edgar/data/1326801/000132680120000013/0001326801-20-000013-index.htm
Meta,1326801,revenue,RevenueFromContractWithCustomerExcludingAssessedTax,2018-01-01,2018-03-31,2018,Q1,10-Q,2018-04-26,11966000000,0001326801-18-000032,https://www.sec.gov/Archives/edgar/data/1326801/000132680118000032/0001326801-18-000032-index.htm
Meta,1326801,revenue,RevenueFromContractWithCustomerExcludingAssessedTax,2018-01-01,2018-03-31,2019,Q1,10-Q,2019-04-25,11966000000,0001326801-19-000037,https://www.sec.gov/Archives/edgar/data/1326801/000132680119000037/0001326801-19-000037-index.htm
Meta,1326801,revenue,RevenueFromContractWithCustomerExcludingAssessedTax,2018-01-01,2018-06-30,2018,Q2,10-Q,2018-07-26,25197000000,0001326801-18-000057,https://www.sec.gov/Archives/edgar/data/1326801/000132680118000057/0001326801-18-000057-index.htm
Meta,1326801,revenue,RevenueFromContractWithCustomerExcludingAssessedTax,2018-01-01,2018-06-30,2019,Q2,10-Q,2019-07-25,25197000000,0001326801-19-000055,https://www.sec.gov/Archives/edgar/data/1326801/000132680119000055/0001326801-19-000055-index.htm
Meta,1326801,revenue,RevenueFromContractWithCustomerExcludingAssessedTax,2018-04-01,2018-06-30,2018,Q2,10-Q,2018-07-26,13231000000,0001326801-18-000057,https://www.sec.gov/Archives/edgar/data/1326801/000132680118000057/0001326801-18-000057-index.htm
Meta,1326801,revenue,RevenueFromContractWithCustomerExcludingAssessedTax,2018-04-01,2018-06-30,2019,Q2,10-Q,2019-07-25,13231000000,0001326801-19-000055,https://www.sec.gov/Archives/edgar/data/1326801/000132680119000055/0001326801-19-000055-index.htm
Meta,1326801,revenue,RevenueFromContractWithCustomerExcludingAssessedTax,2018-01-01,2018-09-30,2018,Q3,10-Q,2018-10-31,38924000000,0001326801-18-000067,https://www.sec.gov/Archives/edgar/data/1326801/000132680118000067/0001326801-18-000067-index.htm
Meta,1326801,revenue,RevenueFromContractWithCustomerExcludingAssessedTax,2018-01-01,2018-09-30,2019,Q3,10-Q,2019-10-31,38924000000,0001326801-19-000069,https://www.sec.gov/Archives/edgar/data/1326801/000132680119000069/0001326801-19-000069-index.htm
Meta,1326801,revenue,RevenueFromContractWithCustomerExcludingAssessedTax,2018-07-01,2018-09-30,2018,Q3,10-Q,2018-10-31,13727000000,0001326801-18-000067,https://www.sec.gov/Archives/edgar/data/1326801/000132680118000067/0001326801-18-000067-index.htm
Meta,1326801,revenue,RevenueFromContractWithCustomerExcludingAssessedTax,2018-07-01,2018-09-30,2019,Q3,10-Q,2019-10-31,13727000000,0001326801-19-000069,https://www.sec.gov/Archives/edgar/data/1326801/000132680119000069/0001326801-19-000069-index.htm
Meta,1326801,revenue,RevenueFromContractWithCustomerExcludingAssessedTax,2018-01-01,2018-12-31,2018,FY,10-K,2019-01-31,55838000000,0001326801-19-000009,https://www.sec.gov/Archives/edgar/data/1326801/000132680119000009/0001326801-19-000009-index.htm
Meta,1326801,revenue,RevenueFromContractWithCustomerExcludingAssessedTax,2018-01-01,2018-12-31,2019,FY,10-K,2020-01-30,55838000000,0001326801-20-000013,https://www.sec.gov/Archives/edgar/data/1326801/000132680120000013/0001326801-20-000013-index.htm
Meta,1326801,revenue,RevenueFromContractWithCustomerExcludingAssessedTax,2018-01-01,2018-12-31,2020,FY,10-K,2021-01-28,55838000000,0001326801-21-000014,https://www.sec.gov/Archives/edgar/data/1326801/000132680121000014/0001326801-21-000014-index.htm
Meta,1326801,revenue,RevenueFromContractWithCustomerExcludingAssessedTax,2019-01-01,2019-03-31,2019,Q1,10-Q,2019-04-25,15077000000,0001326801-19-000037,https://www.sec.gov/Archives/edgar/data/1326801/000132680119000037/0001326801-19-000037-index.htm
Meta,1326801,revenue,RevenueFromContractWithCustomerExcludingAssessedTax,2019-01-01,2019-03-31,2020,Q1,10-Q,2020-04-30,15077000000,0001326801-20-000048,https://www.sec.gov/Archives/edgar/data/1326801/000132680120000048/0001326801-20-000048-index.htm
Meta,1326801,revenue,RevenueFromContractWithCustomerExcludingAssessedTax,2019-01-01,2019-06-30,2019,Q2,10-Q,2019-07-25,31963000000,0001326801-19-000055,https://www.sec.gov/Archives/edgar/data/1326801/000132680119000055/0001326801-19-000055-index.htm
Meta,1326801,revenue,RevenueFromContractWithCustomerExcludingAssessedTax,2019-01-01,2019-06-30,2020,Q2,10-Q,2020-07-31,31963000000,0001326801-20-000076,https://www.sec.gov/Archives/edgar/data/1326801/000132680120000076/0001326801-20-000076-index.htm
Meta,1326801,revenue,RevenueFromContractWithCustomerExcludingAssessedTax,2019-04-01,2019-06-30,2019,Q2,10-Q,2019-07-25,16886000000,0001326801-19-000055,https://www.sec.gov/Archives/edgar/data/1326801/000132680119000055/0001326801-19-000055-index.htm
Meta,1326801,revenue,RevenueFromContractWithCustomerExcludingAssessedTax,2019-04-01,2019-06-30,2020,Q2,10-Q,2020-07-31,16886000000,0001326801-20-000076,https://www.sec.gov/Archives/edgar/data/1326801/000132680120000076/0001326801-20-000076-index.htm
Meta,1326801,revenue,RevenueFromContractWithCustomerExcludingAssessedTax,2019-01-01,2019-09-30,2019,Q3,10-Q,2019-10-31,49615000000,0001326801-19-000069,https://www.sec.gov/Archives/edgar/data/1326801/000132680119000069/0001326801-19-000069-index.htm
Meta,1326801,revenue,RevenueFromContractWithCustomerExcludingAssessedTax,2019-01-01,2019-09-30,2020,Q3,10-Q,2020-10-30,49615000000,0001326801-20-000084,https://www.sec.gov/Archives/edgar/data/1326801/000132680120000084/0001326801-20-000084-index.htm
Meta,1326801,revenue,RevenueFromContractWithCustomerExcludingAssessedTax,2019-07-01,2019-09-30,2019,Q3,10-Q,2019-10-31,17652000000,0001326801-19-000069,https://www.sec.gov/Archives/edgar/data/1326801/000132680119000069/0001326801-19-000069-index.htm
Meta,1326801,revenue,RevenueFromContractWithCustomerExcludingAssessedTax,2019-07-01,2019-09-30,2020,Q3,10-Q,2020-10-30,17652000000,0001326801-20-000084,https://www.sec.gov/Archives/edgar/data/1326801/000132680120000084/0001326801-20-000084-index.htm
Meta,1326801,revenue,RevenueFromContractWithCustomerExcludingAssessedTax,2019-01-01,2019-12-31,2019,FY,10-K,2020-01-30,70697000000,0001326801-20-000013,https://www.sec.gov/Archives/edgar/data/1326801/000132680120000013/0001326801-20-000013-index.htm
Meta,1326801,revenue,RevenueFromContractWithCustomerExcludingAssessedTax,2019-01-01,2019-12-31,2020,FY,10-K,2021-01-28,70697000000,0001326801-21-000014,https://www.sec.gov/Archives/edgar/data/1326801/000132680121000014/0001326801-21-000014-index.htm
Meta,1326801,revenue,RevenueFromContractWithCustomerExcludingAssessedTax,2019-01-01,2019-12-31,2021,FY,10-K,2022-02-03,70697000000,0001326801-22-000018,https://www.sec.gov/Archives/edgar/data/1326801/000132680122000018/0001326801-22-000018-index.htm
Meta,1326801,revenue,RevenueFromContractWithCustomerExcludingAssessedTax,2020-01-01,2020-03-31,2020,Q1,10-Q,2020-04-30,17737000000,0001326801-20-000048,https://www.sec.gov/Archives/edgar/data/1326801/000132680120000048/0001326801-20-000048-index.htm
Meta,1326801,revenue,RevenueFromContractWithCustomerExcludingAssessedTax,2020-01-01,2020-03-31,2021,Q1,10-Q,2021-04-29,17737000000,0001326801-21-000033,https://www.sec.gov/Archives/edgar/data/1326801/000132680121000033/0001326801-21-000033-index.htm
Meta,1326801,revenue,RevenueFromContractWithCustomerExcludingAssessedTax,2020-01-01,2020-06-30,2020,Q2,10-Q,2020-07-31,36423000000,0001326801-20-000076,https://www.sec.gov/Archives/edgar/data/1326801/000132680120000076/0001326801-20-000076-index.htm
Meta,1326801,revenue,RevenueFromContractWithCustomerExcludingAssessedTax,2020-01-01,2020-06-30,2021,Q2,10-Q,2021-07-29,36423000000,0001326801-21-000049,https://www.sec.gov/Archives/edgar/data/1326801/000132680121000049/0001326801-21-000049-index.htm
Meta,1326801,revenue,RevenueFromContractWithCustomerExcludingAssessedTax,2020-04-01,2020-06-30,2020,Q2,10-Q,2020-07-31,18687000000,0001326801-20-000076,https://www.sec.gov/Archives/edgar/data/1326801/000132680120000076/0001326801-20-000076-index.htm
Meta,1326801,revenue,RevenueFromContractWithCustomerExcludingAssessedTax,2020-04-01,2020-06-30,2021,Q2,10-Q,2021-07-29,18687000000,0001326801-21-000049,https://www.sec.gov/Archives/edgar/data/1326801/000132680121000049/0001326801-21-000049-index.htm
Meta,1326801,revenue,RevenueFromContractWithCustomerExcludingAssessedTax,2020-01-01,2020-09-30,2020,Q3,10-Q,2020-10-30,57893000000,0001326801-20-000084,https://www.sec.gov/Archives/edgar/data/1326801/000132680120000084/0001326801-20-000084-index.htm
Meta,1326801,revenue,RevenueFromContractWithCustomerExcludingAssessedTax,2020-01-01,2020-09-30,2021,Q3,10-Q,2021-10-26,57893000000,0001326801-21-000065,https://www.sec.gov/Archives/edgar/data/1326801/000132680121000065/0001326801-21-000065-index.htm
Meta,1326801,revenue,RevenueFromContractWithCustomerExcludingAssessedTax,2020-07-01,2020-09-30,2020,Q3,10-Q,2020-10-30,21470000000,0001326801-20-000084,https://www.sec.gov/Archives/edgar/data/1326801/000132680120000084/0001326801-20-000084-index.htm
Meta,1326801,revenue,RevenueFromContractWithCustomerExcludingAssessedTax,2020-07-01,2020-09-30,2021,Q3,10-Q,2021-10-26,21470000000,0001326801-21-000065,https://www.sec.gov/Archives/edgar/data/1326801/000132680121000065/0001326801-21-000065-index.htm
Meta,1326801,revenue,RevenueFromContractWithCustomerExcludingAssessedTax,2020-01-01,2020-12-31,2020,FY,10-K,2021-01-28,85965000000,0001326801-21-000014,https://www.sec.gov/Archives/edgar/data/1326801/000132680121000014/0001326801-21-000014-index.htm
Meta,1326801,revenue,RevenueFromContractWithCustomerExcludingAssessedTax,2020-01-01,2020-12-31,2021,FY,10-K,2022-02-03,85965000000,0001326801-22-000018,https://www.sec.gov/Archives/edgar/data/1326801/000132680122000018/0001326801-22-000018-index.htm
Meta,1326801,revenue,RevenueFromContractWithCustomerExcludingAssessedTax,2020-01-01,2020-12-31,2022,FY,10-K,2023-02-02,85965000000,0001326801-23-000013,https://www.sec.gov/Archives/edgar/data/1326801/000132680123000013/0001326801-23-000013-index.htm
Meta,1326801,revenue,RevenueFromContractWithCustomerExcludingAssessedTax,2021-01-01,2021-03-31,2021,Q1,10-Q,2021-04-29,26171000000,0001326801-21-000033,https://www.sec.gov/Archives/edgar/data/1326801/000132680121000033/0001326801-21-000033-index.htm
Meta,1326801,revenue,RevenueFromContractWithCustomerExcludingAssessedTax,2021-01-01,2021-03-31,2022,Q1,10-Q,2022-04-28,26171000000,0001326801-22-000057,https://www.sec.gov/Archives/edgar/data/1326801/000132680122000057/0001326801-22-000057-index.htm
Meta,1326801,revenue,RevenueFromContractWithCustomerExcludingAssessedTax,2021-01-01,2021-06-30,2021,Q2,10-Q,2021-07-29,55248000000,0001326801-21-000049,https://www.sec.gov/Archives/edgar/data/1326801/000132680121000049/0001326801-21-000049-index.htm
Meta,1326801,revenue,RevenueFromContractWithCustomerExcludingAssessedTax,2021-01-01,2021-06-30,2022,Q2,10-Q,2022-07-28,55248000000,0001326801-22-000082,https://www.sec.gov/Archives/edgar/data/1326801/000132680122000082/0001326801-22-000082-index.htm
Meta,1326801,revenue,RevenueFromContractWithCustomerExcludingAssessedTax,2021-04-01,2021-06-30,2021,Q2,10-Q,2021-07-29,29077000000,0001326801-21-000049,https://www.sec.gov/Archives/edgar/data/1326801/000132680121000049/0001326801-21-000049-index.htm
Meta,1326801,revenue,RevenueFromContractWithCustomerExcludingAssessedTax,2021-04-01,2021-06-30,2022,Q2,10-Q,2022-07-28,29077000000,0001326801-22-000082,https://www.sec.gov/Archives/edgar/data/1326801/000132680122000082/0001326801-22-000082-index.htm
Meta,1326801,revenue,RevenueFromContractWithCustomerExcludingAssessedTax,2021-01-01,2021-09-30,2021,Q3,10-Q,2021-10-26,84258000000,0001326801-21-000065,https://www.sec.gov/Archives/edgar/data/1326801/000132680121000065/0001326801-21-000065-index.htm
Meta,1326801,revenue,RevenueFromContractWithCustomerExcludingAssessedTax,2021-01-01,2021-09-30,2022,Q3,10-Q,2022-10-27,84258000000,0001326801-22-000108,https://www.sec.gov/Archives/edgar/data/1326801/000132680122000108/0001326801-22-000108-index.htm
Meta,1326801,revenue,RevenueFromContractWithCustomerExcludingAssessedTax,2021-07-01,2021-09-30,2021,Q3,10-Q,2021-10-26,29010000000,0001326801-21-000065,https://www.sec.gov/Archives/edgar/data/1326801/000132680121000065/0001326801-21-000065-index.htm
Meta,1326801,revenue,RevenueFromContractWithCustomerExcludingAssessedTax,2021-07-01,2021-09-30,2022,Q3,10-Q,2022-10-27,29010000000,0001326801-22-000108,https://www.sec.gov/Archives/edgar/data/1326801/000132680122000108/0001326801-22-000108-index.htm
Meta,1326801,revenue,RevenueFromContractWithCustomerExcludingAssessedTax,2021-01-01,2021-12-31,2021,FY,10-K,2022-02-03,117929000000,0001326801-22-000018,https://www.sec.gov/Archives/edgar/data/1326801/000132680122000018/0001326801-22-000018-index.htm
Meta,1326801,revenue,RevenueFromContractWithCustomerExcludingAssessedTax,2021-01-01,2021-12-31,2022,FY,10-K,2023-02-02,117929000000,0001326801-23-000013,https://www.sec.gov/Archives/edgar/data/1326801/000132680123000013/0001326801-23-000013-index.htm
Meta,1326801,revenue,RevenueFromContractWithCustomerExcludingAssessedTax,2021-01-01,2021-12-31,2023,FY,10-K,2024-02-02,117929000000,0001326801-24-000012,https://www.sec.gov/Archives/edgar/data/1326801/000132680124000012/0001326801-24-000012-index.htm
Meta,1326801,revenue,RevenueFromContractWithCustomerExcludingAssessedTax,2022-01-01,2022-03-31,2022,Q1,10-Q,2022-04-28,27908000000,0001326801-22-000057,https://www.sec.gov/Archives/edgar/data/1326801/000132680122000057/0001326801-22-000057-index.htm
Meta,1326801,revenue,RevenueFromContractWithCustomerExcludingAssessedTax,2022-01-01,2022-03-31,2023,Q1,10-Q,2023-04-27,27908000000,0001326801-23-000067,https://www.sec.gov/Archives/edgar/data/1326801/000132680123000067/0001326801-23-000067-index.htm
Meta,1326801,revenue,RevenueFromContractWithCustomerExcludingAssessedTax,2022-01-01,2022-06-30,2022,Q2,10-Q,2022-07-28,56729000000,0001326801-22-000082,https://www.sec.gov/Archives/edgar/data/1326801/000132680122000082/0001326801-22-000082-index.htm
Meta,1326801,revenue,RevenueFromContractWithCustomerExcludingAssessedTax,2022-01-01,2022-06-30,2023,Q2,10-Q,2023-07-27,56729000000,0001326801-23-000093,https://www.sec.gov/Archives/edgar/data/1326801/000132680123000093/0001326801-23-000093-index.htm
Meta,1326801,revenue,RevenueFromContractWithCustomerExcludingAssessedTax,2022-04-01,2022-06-30,2022,Q2,10-Q,2022-07-28,28822000000,0001326801-22-000082,https://www.sec.gov/Archives/edgar/data/1326801/000132680122000082/0001326801-22-000082-index.htm
Meta,1326801,revenue,RevenueFromContractWithCustomerExcludingAssessedTax,2022-04-01,2022-06-30,2023,Q2,10-Q,2023-07-27,28822000000,0001326801-23-000093,https://www.sec.gov/Archives/edgar/data/1326801/000132680123000093/0001326801-23-000093-index.htm
Meta,1326801,revenue,RevenueFromContractWithCustomerExcludingAssessedTax,2022-01-01,2022-09-30,2022,Q3,10-Q,2022-10-27,84444000000,0001326801-22-000108,https://www.sec.gov/Archives/edgar/data/1326801/000132680122000108/0001326801-22-000108-index.htm
Meta,1326801,revenue,RevenueFromContractWithCustomerExcludingAssessedTax,2022-01-01,2022-09-30,2023,Q3,10-Q,2023-10-26,84444000000,0001326801-23-000103,https://www.sec.gov/Archives/edgar/data/1326801/000132680123000103/0001326801-23-000103-index.htm
Meta,1326801,revenue,RevenueFromContractWithCustomerExcludingAssessedTax,2022-07-01,2022-09-30,2022,Q3,10-Q,2022-10-27,27714000000,0001326801-22-000108,https://www.sec.gov/Archives/edgar/data/1326801/000132680122000108/0001326801-22-000108-index.htm
Meta,1326801,revenue,RevenueFromContractWithCustomerExcludingAssessedTax,2022-07-01,2022-09-30,2023,Q3,10-Q,2023-10-26,27714000000,0001326801-23-000103,https://www.sec.gov/Archives/edgar/data/1326801/000132680123000103/0001326801-23-000103-index.htm
Meta,1326801,revenue,RevenueFromContractWithCustomerExcludingAssessedTax,2022-01-01,2022-12-31,2022,FY,10-K,2023-02-02,116609000000,0001326801-23-000013,https://www.sec.gov/Archives/edgar/data/1326801/000132680123000013/0001326801-23-000013-index.htm
Meta,1326801,revenue,RevenueFromContractWithCustomerExcludingAssessedTax,2022-01-01,2022-12-31,2023,FY,10-K,2024-02-02,116609000000,0001326801-24-000012,https://www.sec.gov/Archives/edgar/data/1326801/000132680124000012/0001326801-24-000012-index.htm
Meta,1326801,revenue,RevenueFromContractWithCustomerExcludingAssessedTax,2022-01-01,2022-12-31,2024,FY,10-K,2025-01-30,116609000000,0001326801-25-000017,https://www.sec.gov/Archives/edgar/data/1326801/000132680125000017/0001326801-25-000017-index.htm
Meta,1326801,revenue,RevenueFromContractWithCustomerExcludingAssessedTax,2023-01-01,2023-03-31,2023,Q1,10-Q,2023-04-27,28645000000,0001326801-23-000067,https://www.sec.gov/Archives/edgar/data/1326801/000132680123000067/0001326801-23-000067-index.htm
Meta,1326801,revenue,RevenueFromContractWithCustomerExcludingAssessedTax,2023-01-01,2023-03-31,2024,Q1,10-Q,2024-04-25,28645000000,0001326801-24-000049,https://www.sec.gov/Archives/edgar/data/1326801/000132680124000049/0001326801-24-000049-index.htm
Meta,1326801,revenue,RevenueFromContractWithCustomerExcludingAssessedTax,2023-01-01,2023-06-30,2023,Q2,10-Q,2023-07-27,60645000000,0001326801-23-000093,https://www.sec.gov/Archives/edgar/data/1326801/000132680123000093/0001326801-23-000093-index.htm
Meta,1326801,revenue,RevenueFromContractWithCustomerExcludingAssessedTax,2023-01-01,2023-06-30,2024,Q2,10-Q,2024-08-01,60645000000,0001326801-24-000069,https://www.sec.gov/Archives/edgar/data/1326801/000132680124000069/0001326801-24-000069-index.htm
Meta,1326801,revenue,RevenueFromContractWithCustomerExcludingAssessedTax,2023-04-01,2023-06-30,2023,Q2,10-Q,2023-07-27,31999000000,0001326801-23-000093,https://www.sec.gov/Archives/edgar/data/1326801/000132680123000093/0001326801-23-000093-index.htm
Meta,1326801,revenue,RevenueFromContractWithCustomerExcludingAssessedTax,2023-04-01,2023-06-30,2024,Q2,10-Q,2024-08-01,31999000000,0001326801-24-000069,https://www.sec.gov/Archives/edgar/data/1326801/000132680124000069/0001326801-24-000069-index.htm
Meta,1326801,revenue,RevenueFromContractWithCustomerExcludingAssessedTax,2023-01-01,2023-09-30,2023,Q3,10-Q,2023-10-26,94791000000,0001326801-23-000103,https://www.sec.gov/Archives/edgar/data/1326801/000132680123000103/0001326801-23-000103-index.htm
Meta,1326801,revenue,RevenueFromContractWithCustomerExcludingAssessedTax,2023-01-01,2023-09-30,2024,Q3,10-Q,2024-10-31,94791000000,0001326801-24-000081,https://www.sec.gov/Archives/edgar/data/1326801/000132680124000081/0001326801-24-000081-index.htm
Meta,1326801,revenue,RevenueFromContractWithCustomerExcludingAssessedTax,2023-07-01,2023-09-30,2023,Q3,10-Q,2023-10-26,34146000000,0001326801-23-000103,https://www.sec.gov/Archives/edgar/data/1326801/000132680123000103/0001326801-23-000103-index.htm
Meta,1326801,revenue,RevenueFromContractWithCustomerExcludingAssessedTax,2023-07-01,2023-09-30,2024,Q3,10-Q,2024-10-31,34146000000,0001326801-24-000081,https://www.sec.gov/Archives/edgar/data/1326801/000132680124000081/0001326801-24-000081-index.htm
Meta,1326801,revenue,RevenueFromContractWithCustomerExcludingAssessedTax,2023-01-01,2023-12-31,2023,FY,10-K,2024-02-02,134902000000,0001326801-24-000012,https://www.sec.gov/Archives/edgar/data/1326801/000132680124000012/0001326801-24-000012-index.htm
Meta,1326801,revenue,RevenueFromContractWithCustomerExcludingAssessedTax,2023-01-01,2023-12-31,2024,FY,10-K,2025-01-30,134902000000,0001326801-25-000017,https://www.sec.gov/Archives/edgar/data/1326801/000132680125000017/0001326801-25-000017-index.htm
Meta,1326801,revenue,RevenueFromContractWithCustomerExcludingAssessedTax,2023-01-01,2023-12-31,2025,FY,10-K,2026-01-29,134902000000,0001628280-26-003942,https://www.sec.gov/Archives/edgar/data/1326801/000162828026003942/0001628280-26-003942-index.htm
Meta,1326801,revenue,RevenueFromContractWithCustomerExcludingAssessedTax,2024-01-01,2024-03-31,2024,Q1,10-Q,2024-04-25,36455000000,0001326801-24-000049,https://www.sec.gov/Archives/edgar/data/1326801/000132680124000049/0001326801-24-000049-index.htm
Meta,1326801,revenue,RevenueFromContractWithCustomerExcludingAssessedTax,2024-01-01,2024-03-31,2025,Q1,10-Q,2025-05-01,36455000000,0001326801-25-000054,https://www.sec.gov/Archives/edgar/data/1326801/000132680125000054/0001326801-25-000054-index.htm
Meta,1326801,revenue,RevenueFromContractWithCustomerExcludingAssessedTax,2024-01-01,2024-06-30,2024,Q2,10-Q,2024-08-01,75527000000,0001326801-24-000069,https://www.sec.gov/Archives/edgar/data/1326801/000132680124000069/0001326801-24-000069-index.htm
Meta,1326801,revenue,RevenueFromContractWithCustomerExcludingAssessedTax,2024-01-01,2024-06-30,2025,Q2,10-Q,2025-07-31,75527000000,0001628280-25-036791,https://www.sec.gov/Archives/edgar/data/1326801/000162828025036791/0001628280-25-036791-index.htm
Meta,1326801,revenue,RevenueFromContractWithCustomerExcludingAssessedTax,2024-04-01,2024-06-30,2024,Q2,10-Q,2024-08-01,39071000000,0001326801-24-000069,https://www.sec.gov/Archives/edgar/data/1326801/000132680124000069/0001326801-24-000069-index.htm
Meta,1326801,revenue,RevenueFromContractWithCustomerExcludingAssessedTax,2024-04-01,2024-06-30,2025,Q2,10-Q,2025-07-31,39071000000,0001628280-25-036791,https://www.sec.gov/Archives/edgar/data/1326801/000162828025036791/0001628280-25-036791-index.htm
Meta,1326801,revenue,RevenueFromContractWithCustomerExcludingAssessedTax,2024-01-01,2024-09-30,2024,Q3,10-Q,2024-10-31,116116000000,0001326801-24-000081,https://www.sec.gov/Archives/edgar/data/1326801/000132680124000081/0001326801-24-000081-index.htm
Meta,1326801,revenue,RevenueFromContractWithCustomerExcludingAssessedTax,2024-01-01,2024-09-30,2025,Q3,10-Q,2025-10-30,116116000000,0001628280-25-047240,https://www.sec.gov/Archives/edgar/data/1326801/000162828025047240/0001628280-25-047240-index.htm
Meta,1326801,revenue,RevenueFromContractWithCustomerExcludingAssessedTax,2024-07-01,2024-09-30,2024,Q3,10-Q,2024-10-31,40589000000,0001326801-24-000081,https://www.sec.gov/Archives/edgar/data/1326801/000132680124000081/0001326801-24-000081-index.htm
Meta,1326801,revenue,RevenueFromContractWithCustomerExcludingAssessedTax,2024-07-01,2024-09-30,2025,Q3,10-Q,2025-10-30,40589000000,0001628280-25-047240,https://www.sec.gov/Archives/edgar/data/1326801/000162828025047240/0001628280-25-047240-index.htm
Meta,1326801,revenue,RevenueFromContractWithCustomerExcludingAssessedTax,2024-01-01,2024-12-31,2024,FY,10-K,2025-01-30,164501000000,0001326801-25-000017,https://www.sec.gov/Archives/edgar/data/1326801/000132680125000017/0001326801-25-000017-index.htm
Meta,1326801,revenue,RevenueFromContractWithCustomerExcludingAssessedTax,2024-01-01,2024-12-31,2025,FY,10-K,2026-01-29,164501000000,0001628280-26-003942,https://www.sec.gov/Archives/edgar/data/1326801/000162828026003942/0001628280-26-003942-index.htm
Meta,1326801,revenue,RevenueFromContractWithCustomerExcludingAssessedTax,2025-01-01,2025-03-31,2025,Q1,10-Q,2025-05-01,42314000000,0001326801-25-000054,https://www.sec.gov/Archives/edgar/data/1326801/000132680125000054/0001326801-25-000054-index.htm
Meta,1326801,revenue,RevenueFromContractWithCustomerExcludingAssessedTax,2025-01-01,2025-03-31,2026,Q1,10-Q,2026-04-30,42314000000,0001628280-26-028526,https://www.sec.gov/Archives/edgar/data/1326801/000162828026028526/0001628280-26-028526-index.htm
Meta,1326801,revenue,RevenueFromContractWithCustomerExcludingAssessedTax,2025-01-01,2025-06-30,2025,Q2,10-Q,2025-07-31,89830000000,0001628280-25-036791,https://www.sec.gov/Archives/edgar/data/1326801/000162828025036791/0001628280-25-036791-index.htm
Meta,1326801,revenue,RevenueFromContractWithCustomerExcludingAssessedTax,2025-01-01,2025-06-30,2026,Q2,10-Q,2026-07-30,89830000000,0001628280-26-050705,https://www.sec.gov/Archives/edgar/data/1326801/000162828026050705/0001628280-26-050705-index.htm
Meta,1326801,revenue,RevenueFromContractWithCustomerExcludingAssessedTax,2025-04-01,2025-06-30,2025,Q2,10-Q,2025-07-31,47516000000,0001628280-25-036791,https://www.sec.gov/Archives/edgar/data/1326801/000162828025036791/0001628280-25-036791-index.htm
Meta,1326801,revenue,RevenueFromContractWithCustomerExcludingAssessedTax,2025-04-01,2025-06-30,2026,Q2,10-Q,2026-07-30,47516000000,0001628280-26-050705,https://www.sec.gov/Archives/edgar/data/1326801/000162828026050705/0001628280-26-050705-index.htm
Meta,1326801,revenue,RevenueFromContractWithCustomerExcludingAssessedTax,2025-01-01,2025-09-30,2025,Q3,10-Q,2025-10-30,141073000000,0001628280-25-047240,https://www.sec.gov/Archives/edgar/data/1326801/000162828025047240/0001628280-25-047240-index.htm
Meta,1326801,revenue,RevenueFromContractWithCustomerExcludingAssessedTax,2025-07-01,2025-09-30,2025,Q3,10-Q,2025-10-30,51242000000,0001628280-25-047240,https://www.sec.gov/Archives/edgar/data/1326801/000162828025047240/0001628280-25-047240-index.htm
Meta,1326801,revenue,RevenueFromContractWithCustomerExcludingAssessedTax,2025-01-01,2025-12-31,2025,FY,10-K,2026-01-29,200966000000,0001628280-26-003942,https://www.sec.gov/Archives/edgar/data/1326801/000162828026003942/0001628280-26-003942-index.htm
Meta,1326801,revenue,RevenueFromContractWithCustomerExcludingAssessedTax,2026-01-01,2026-03-31,2026,Q1,10-Q,2026-04-30,56311000000,0001628280-26-028526,https://www.sec.gov/Archives/edgar/data/1326801/000162828026028526/0001628280-26-028526-index.htm
Meta,1326801,revenue,RevenueFromContractWithCustomerExcludingAssessedTax,2026-01-01,2026-06-30,2026,Q2,10-Q,2026-07-30,117111000000,0001628280-26-050705,https://www.sec.gov/Archives/edgar/data/1326801/000162828026050705/0001628280-26-050705-index.htm
Meta,1326801,revenue,RevenueFromContractWithCustomerExcludingAssessedTax,2026-04-01,2026-06-30,2026,Q2,10-Q,2026-07-30,60801000000,0001628280-26-050705,https://www.sec.gov/Archives/edgar/data/1326801/000162828026050705/0001628280-26-050705-index.htm
Meta,1326801,operating_cash_flow,NetCashProvidedByUsedInOperatingActivities,2010-01-01,2010-12-31,2012,FY,10-K,2013-02-01,698000000,0001326801-13-000003,https://www.sec.gov/Archives/edgar/data/1326801/000132680113000003/0001326801-13-000003-index.htm
Meta,1326801,operating_cash_flow,NetCashProvidedByUsedInOperatingActivities,2011-01-01,2011-06-30,2012,Q2,10-Q,2012-07-31,474000000,0001193125-12-325997,https://www.sec.gov/Archives/edgar/data/1326801/000119312512325997/0001193125-12-325997-index.htm
Meta,1326801,operating_cash_flow,NetCashProvidedByUsedInOperatingActivities,2011-01-01,2011-09-30,2012,Q3,10-Q,2012-10-24,1039000000,0001326801-12-000006,https://www.sec.gov/Archives/edgar/data/1326801/000132680112000006/0001326801-12-000006-index.htm
Meta,1326801,operating_cash_flow,NetCashProvidedByUsedInOperatingActivities,2011-01-01,2011-12-31,2012,FY,10-K,2013-02-01,1549000000,0001326801-13-000003,https://www.sec.gov/Archives/edgar/data/1326801/000132680113000003/0001326801-13-000003-index.htm
Meta,1326801,operating_cash_flow,NetCashProvidedByUsedInOperatingActivities,2011-01-01,2011-12-31,2013,FY,10-K,2014-01-31,1549000000,0001326801-14-000007,https://www.sec.gov/Archives/edgar/data/1326801/000132680114000007/0001326801-14-000007-index.htm
Meta,1326801,operating_cash_flow,NetCashProvidedByUsedInOperatingActivities,2012-01-01,2012-03-31,2013,Q1,10-Q,2013-05-02,441000000,0001326801-13-000011,https://www.sec.gov/Archives/edgar/data/1326801/000132680113000011/0001326801-13-000011-index.htm
Meta,1326801,operating_cash_flow,NetCashProvidedByUsedInOperatingActivities,2012-01-01,2012-06-30,2012,Q2,10-Q,2012-07-31,683000000,0001193125-12-325997,https://www.sec.gov/Archives/edgar/data/1326801/000119312512325997/0001193125-12-325997-index.htm
Meta,1326801,operating_cash_flow,NetCashProvidedByUsedInOperatingActivities,2012-01-01,2012-06-30,2013,Q2,10-Q,2013-07-25,681000000,0001326801-13-000019,https://www.sec.gov/Archives/edgar/data/1326801/000132680113000019/0001326801-13-000019-index.htm
Meta,1326801,operating_cash_flow,NetCashProvidedByUsedInOperatingActivities,2012-01-01,2012-09-30,2012,Q3,10-Q,2012-10-24,931000000,0001326801-12-000006,https://www.sec.gov/Archives/edgar/data/1326801/000132680112000006/0001326801-12-000006-index.htm
Meta,1326801,operating_cash_flow,NetCashProvidedByUsedInOperatingActivities,2012-01-01,2012-09-30,2013,Q3,10-Q,2013-11-01,931000000,0001326801-13-000031,https://www.sec.gov/Archives/edgar/data/1326801/000132680113000031/0001326801-13-000031-index.htm
Meta,1326801,operating_cash_flow,NetCashProvidedByUsedInOperatingActivities,2012-01-01,2012-12-31,2012,FY,10-K,2013-02-01,1612000000,0001326801-13-000003,https://www.sec.gov/Archives/edgar/data/1326801/000132680113000003/0001326801-13-000003-index.htm
Meta,1326801,operating_cash_flow,NetCashProvidedByUsedInOperatingActivities,2012-01-01,2012-12-31,2013,FY,10-K,2014-01-31,1612000000,0001326801-14-000007,https://www.sec.gov/Archives/edgar/data/1326801/000132680114000007/0001326801-14-000007-index.htm
Meta,1326801,operating_cash_flow,NetCashProvidedByUsedInOperatingActivities,2012-01-01,2012-12-31,2014,FY,10-K,2015-01-29,1612000000,0001326801-15-000006,https://www.sec.gov/Archives/edgar/data/1326801/000132680115000006/0001326801-15-000006-index.htm
Meta,1326801,operating_cash_flow,NetCashProvidedByUsedInOperatingActivities,2013-01-01,2013-03-31,2013,Q1,10-Q,2013-05-02,719000000,0001326801-13-000011,https://www.sec.gov/Archives/edgar/data/1326801/000132680113000011/0001326801-13-000011-index.htm
Meta,1326801,operating_cash_flow,NetCashProvidedByUsedInOperatingActivities,2013-01-01,2013-03-31,2014,Q1,10-Q,2014-04-25,719000000,0001326801-14-000023,https://www.sec.gov/Archives/edgar/data/1326801/000132680114000023/0001326801-14-000023-index.htm
Meta,1326801,operating_cash_flow,NetCashProvidedByUsedInOperatingActivities,2013-01-01,2013-06-30,2013,Q2,10-Q,2013-07-25,2041000000,0001326801-13-000019,https://www.sec.gov/Archives/edgar/data/1326801/000132680113000019/0001326801-13-000019-index.htm
Meta,1326801,operating_cash_flow,NetCashProvidedByUsedInOperatingActivities,2013-01-01,2013-06-30,2014,Q2,10-Q,2014-07-24,2041000000,0001326801-14-000032,https://www.sec.gov/Archives/edgar/data/1326801/000132680114000032/0001326801-14-000032-index.htm
Meta,1326801,operating_cash_flow,NetCashProvidedByUsedInOperatingActivities,2013-01-01,2013-09-30,2013,Q3,10-Q,2013-11-01,2991000000,0001326801-13-000031,https://www.sec.gov/Archives/edgar/data/1326801/000132680113000031/0001326801-13-000031-index.htm
Meta,1326801,operating_cash_flow,NetCashProvidedByUsedInOperatingActivities,2013-01-01,2013-09-30,2014,Q3,10-Q,2014-10-30,2991000000,0001326801-14-000068,https://www.sec.gov/Archives/edgar/data/1326801/000132680114000068/0001326801-14-000068-index.htm
Meta,1326801,operating_cash_flow,NetCashProvidedByUsedInOperatingActivities,2013-01-01,2013-12-31,2013,FY,10-K,2014-01-31,4222000000,0001326801-14-000007,https://www.sec.gov/Archives/edgar/data/1326801/000132680114000007/0001326801-14-000007-index.htm
Meta,1326801,operating_cash_flow,NetCashProvidedByUsedInOperatingActivities,2013-01-01,2013-12-31,2014,FY,10-K,2015-01-29,4222000000,0001326801-15-000006,https://www.sec.gov/Archives/edgar/data/1326801/000132680115000006/0001326801-15-000006-index.htm
Meta,1326801,operating_cash_flow,NetCashProvidedByUsedInOperatingActivities,2013-01-01,2013-12-31,2015,FY,10-K,2016-01-28,4222000000,0001326801-16-000043,https://www.sec.gov/Archives/edgar/data/1326801/000132680116000043/0001326801-16-000043-index.htm
Meta,1326801,operating_cash_flow,NetCashProvidedByUsedInOperatingActivities,2014-01-01,2014-03-31,2014,Q1,10-Q,2014-04-25,1285000000,0001326801-14-000023,https://www.sec.gov/Archives/edgar/data/1326801/000132680114000023/0001326801-14-000023-index.htm
Meta,1326801,operating_cash_flow,NetCashProvidedByUsedInOperatingActivities,2014-01-01,2014-03-31,2015,Q1,10-Q,2015-04-23,1285000000,0001326801-15-000015,https://www.sec.gov/Archives/edgar/data/1326801/000132680115000015/0001326801-15-000015-index.htm
Meta,1326801,operating_cash_flow,NetCashProvidedByUsedInOperatingActivities,2014-01-01,2014-06-30,2014,Q2,10-Q,2014-07-24,2626000000,0001326801-14-000032,https://www.sec.gov/Archives/edgar/data/1326801/000132680114000032/0001326801-14-000032-index.htm
Meta,1326801,operating_cash_flow,NetCashProvidedByUsedInOperatingActivities,2014-01-01,2014-06-30,2015,Q2,10-Q,2015-07-31,2626000000,0001326801-15-000028,https://www.sec.gov/Archives/edgar/data/1326801/000132680115000028/0001326801-15-000028-index.htm
Meta,1326801,operating_cash_flow,NetCashProvidedByUsedInOperatingActivities,2014-01-01,2014-09-30,2014,Q3,10-Q,2014-10-30,3874000000,0001326801-14-000068,https://www.sec.gov/Archives/edgar/data/1326801/000132680114000068/0001326801-14-000068-index.htm
Meta,1326801,operating_cash_flow,NetCashProvidedByUsedInOperatingActivities,2014-01-01,2014-09-30,2015,Q3,10-Q,2015-11-05,3874000000,0001326801-15-000032,https://www.sec.gov/Archives/edgar/data/1326801/000132680115000032/0001326801-15-000032-index.htm
Meta,1326801,operating_cash_flow,NetCashProvidedByUsedInOperatingActivities,2014-01-01,2014-12-31,2014,FY,10-K,2015-01-29,5457000000,0001326801-15-000006,https://www.sec.gov/Archives/edgar/data/1326801/000132680115000006/0001326801-15-000006-index.htm
Meta,1326801,operating_cash_flow,NetCashProvidedByUsedInOperatingActivities,2014-01-01,2014-12-31,2015,FY,10-K,2016-01-28,5457000000,0001326801-16-000043,https://www.sec.gov/Archives/edgar/data/1326801/000132680116000043/0001326801-16-000043-index.htm
Meta,1326801,operating_cash_flow,NetCashProvidedByUsedInOperatingActivities,2014-01-01,2014-12-31,2016,FY,10-K,2017-02-03,7326000000,0001326801-17-000007,https://www.sec.gov/Archives/edgar/data/1326801/000132680117000007/0001326801-17-000007-index.htm
Meta,1326801,operating_cash_flow,NetCashProvidedByUsedInOperatingActivities,2015-01-01,2015-03-31,2015,Q1,10-Q,2015-04-23,1700000000,0001326801-15-000015,https://www.sec.gov/Archives/edgar/data/1326801/000132680115000015/0001326801-15-000015-index.htm
Meta,1326801,operating_cash_flow,NetCashProvidedByUsedInOperatingActivities,2015-01-01,2015-03-31,2016,Q1,10-Q,2016-04-28,1700000000,0001326801-16-000067,https://www.sec.gov/Archives/edgar/data/1326801/000132680116000067/0001326801-16-000067-index.htm
Meta,1326801,operating_cash_flow,NetCashProvidedByUsedInOperatingActivities,2015-01-01,2015-06-30,2015,Q2,10-Q,2015-07-31,3580000000,0001326801-15-000028,https://www.sec.gov/Archives/edgar/data/1326801/000132680115000028/0001326801-15-000028-index.htm
Meta,1326801,operating_cash_flow,NetCashProvidedByUsedInOperatingActivities,2015-01-01,2015-06-30,2016,Q2,10-Q,2016-07-28,3580000000,0001326801-16-000082,https://www.sec.gov/Archives/edgar/data/1326801/000132680116000082/0001326801-16-000082-index.htm
Meta,1326801,operating_cash_flow,NetCashProvidedByUsedInOperatingActivities,2015-01-01,2015-09-30,2015,Q3,10-Q,2015-11-05,5772000000,0001326801-15-000032,https://www.sec.gov/Archives/edgar/data/1326801/000132680115000032/0001326801-15-000032-index.htm
Meta,1326801,operating_cash_flow,NetCashProvidedByUsedInOperatingActivities,2015-01-01,2015-09-30,2016,Q3,10-Q,2016-11-03,5772000000,0001326801-16-000087,https://www.sec.gov/Archives/edgar/data/1326801/000132680116000087/0001326801-16-000087-index.htm
Meta,1326801,operating_cash_flow,NetCashProvidedByUsedInOperatingActivities,2015-01-01,2015-12-31,2015,FY,10-K,2016-01-28,8599000000,0001326801-16-000043,https://www.sec.gov/Archives/edgar/data/1326801/000132680116000043/0001326801-16-000043-index.htm
Meta,1326801,operating_cash_flow,NetCashProvidedByUsedInOperatingActivities,2015-01-01,2015-12-31,2016,FY,10-K,2017-02-03,10320000000,0001326801-17-000007,https://www.sec.gov/Archives/edgar/data/1326801/000132680117000007/0001326801-17-000007-index.htm
Meta,1326801,operating_cash_flow,NetCashProvidedByUsedInOperatingActivities,2015-01-01,2015-12-31,2017,FY,10-K,2018-02-01,10320000000,0001326801-18-000009,https://www.sec.gov/Archives/edgar/data/1326801/000132680118000009/0001326801-18-000009-index.htm
Meta,1326801,operating_cash_flow,NetCashProvidedByUsedInOperatingActivities,2016-01-01,2016-03-31,2016,Q1,10-Q,2016-04-28,2983000000,0001326801-16-000067,https://www.sec.gov/Archives/edgar/data/1326801/000132680116000067/0001326801-16-000067-index.htm
Meta,1326801,operating_cash_flow,NetCashProvidedByUsedInOperatingActivities,2016-01-01,2016-03-31,2016,FY,10-K,2017-02-03,3477000000,0001326801-17-000007,https://www.sec.gov/Archives/edgar/data/1326801/000132680117000007/0001326801-17-000007-index.htm
Meta,1326801,operating_cash_flow,NetCashProvidedByUsedInOperatingActivities,2016-01-01,2016-03-31,2017,Q1,10-Q,2017-05-04,3477000000,0001326801-17-000024,https://www.sec.gov/Archives/edgar/data/1326801/000132680117000024/0001326801-17-000024-index.htm
Meta,1326801,operating_cash_flow,NetCashProvidedByUsedInOperatingActivities,2016-01-01,2016-06-30,2016,Q2,10-Q,2016-07-28,6181000000,0001326801-16-000082,https://www.sec.gov/Archives/edgar/data/1326801/000132680116000082/0001326801-16-000082-index.htm
Meta,1326801,operating_cash_flow,NetCashProvidedByUsedInOperatingActivities,2016-01-01,2016-06-30,2016,FY,10-K,2017-02-03,7142000000,0001326801-17-000007,https://www.sec.gov/Archives/edgar/data/1326801/000132680117000007/0001326801-17-000007-index.htm
Meta,1326801,operating_cash_flow,NetCashProvidedByUsedInOperatingActivities,2016-01-01,2016-06-30,2017,Q2,10-Q,2017-07-27,7142000000,0001326801-17-000038,https://www.sec.gov/Archives/edgar/data/1326801/000132680117000038/0001326801-17-000038-index.htm
Meta,1326801,operating_cash_flow,NetCashProvidedByUsedInOperatingActivities,2016-01-01,2016-09-30,2016,Q3,10-Q,2016-11-03,9758000000,0001326801-16-000087,https://www.sec.gov/Archives/edgar/data/1326801/000132680116000087/0001326801-16-000087-index.htm
Meta,1326801,operating_cash_flow,NetCashProvidedByUsedInOperatingActivities,2016-01-01,2016-09-30,2016,FY,10-K,2017-02-03,11178000000,0001326801-17-000007,https://www.sec.gov/Archives/edgar/data/1326801/000132680117000007/0001326801-17-000007-index.htm
Meta,1326801,operating_cash_flow,NetCashProvidedByUsedInOperatingActivities,2016-01-01,2016-09-30,2017,Q3,10-Q,2017-11-02,11178000000,0001326801-17-000053,https://www.sec.gov/Archives/edgar/data/1326801/000132680117000053/0001326801-17-000053-index.htm
Meta,1326801,operating_cash_flow,NetCashProvidedByUsedInOperatingActivities,2016-01-01,2016-12-31,2016,FY,10-K,2017-02-03,16108000000,0001326801-17-000007,https://www.sec.gov/Archives/edgar/data/1326801/000132680117000007/0001326801-17-000007-index.htm
Meta,1326801,operating_cash_flow,NetCashProvidedByUsedInOperatingActivities,2016-01-01,2016-12-31,2017,FY,10-K,2018-02-01,16108000000,0001326801-18-000009,https://www.sec.gov/Archives/edgar/data/1326801/000132680118000009/0001326801-18-000009-index.htm
Meta,1326801,operating_cash_flow,NetCashProvidedByUsedInOperatingActivities,2016-01-01,2016-12-31,2018,FY,10-K,2019-01-31,16108000000,0001326801-19-000009,https://www.sec.gov/Archives/edgar/data/1326801/000132680119000009/0001326801-19-000009-index.htm
Meta,1326801,operating_cash_flow,NetCashProvidedByUsedInOperatingActivities,2017-01-01,2017-03-31,2017,Q1,10-Q,2017-05-04,5058000000,0001326801-17-000024,https://www.sec.gov/Archives/edgar/data/1326801/000132680117000024/0001326801-17-000024-index.htm
Meta,1326801,operating_cash_flow,NetCashProvidedByUsedInOperatingActivities,2017-01-01,2017-03-31,2018,Q1,10-Q,2018-04-26,5058000000,0001326801-18-000032,https://www.sec.gov/Archives/edgar/data/1326801/000132680118000032/0001326801-18-000032-index.htm
Meta,1326801,operating_cash_flow,NetCashProvidedByUsedInOperatingActivities,2017-01-01,2017-06-30,2017,Q2,10-Q,2017-07-27,10418000000,0001326801-17-000038,https://www.sec.gov/Archives/edgar/data/1326801/000132680117000038/0001326801-17-000038-index.htm
Meta,1326801,operating_cash_flow,NetCashProvidedByUsedInOperatingActivities,2017-01-01,2017-06-30,2018,Q2,10-Q,2018-07-26,10418000000,0001326801-18-000057,https://www.sec.gov/Archives/edgar/data/1326801/000132680118000057/0001326801-18-000057-index.htm
Meta,1326801,operating_cash_flow,NetCashProvidedByUsedInOperatingActivities,2017-01-01,2017-09-30,2017,Q3,10-Q,2017-11-02,16545000000,0001326801-17-000053,https://www.sec.gov/Archives/edgar/data/1326801/000132680117000053/0001326801-17-000053-index.htm
Meta,1326801,operating_cash_flow,NetCashProvidedByUsedInOperatingActivities,2017-01-01,2017-09-30,2018,Q3,10-Q,2018-10-31,16545000000,0001326801-18-000067,https://www.sec.gov/Archives/edgar/data/1326801/000132680118000067/0001326801-18-000067-index.htm
Meta,1326801,operating_cash_flow,NetCashProvidedByUsedInOperatingActivities,2017-01-01,2017-12-31,2017,FY,10-K,2018-02-01,24216000000,0001326801-18-000009,https://www.sec.gov/Archives/edgar/data/1326801/000132680118000009/0001326801-18-000009-index.htm
Meta,1326801,operating_cash_flow,NetCashProvidedByUsedInOperatingActivities,2017-01-01,2017-12-31,2018,FY,10-K,2019-01-31,24216000000,0001326801-19-000009,https://www.sec.gov/Archives/edgar/data/1326801/000132680119000009/0001326801-19-000009-index.htm
Meta,1326801,operating_cash_flow,NetCashProvidedByUsedInOperatingActivities,2017-01-01,2017-12-31,2019,FY,10-K,2020-01-30,24216000000,0001326801-20-000013,https://www.sec.gov/Archives/edgar/data/1326801/000132680120000013/0001326801-20-000013-index.htm
Meta,1326801,operating_cash_flow,NetCashProvidedByUsedInOperatingActivities,2018-01-01,2018-03-31,2018,Q1,10-Q,2018-04-26,7860000000,0001326801-18-000032,https://www.sec.gov/Archives/edgar/data/1326801/000132680118000032/0001326801-18-000032-index.htm
Meta,1326801,operating_cash_flow,NetCashProvidedByUsedInOperatingActivities,2018-01-01,2018-03-31,2019,Q1,10-Q,2019-04-25,7860000000,0001326801-19-000037,https://www.sec.gov/Archives/edgar/data/1326801/000132680119000037/0001326801-19-000037-index.htm
Meta,1326801,operating_cash_flow,NetCashProvidedByUsedInOperatingActivities,2018-01-01,2018-06-30,2018,Q2,10-Q,2018-07-26,14158000000,0001326801-18-000057,https://www.sec.gov/Archives/edgar/data/1326801/000132680118000057/0001326801-18-000057-index.htm
Meta,1326801,operating_cash_flow,NetCashProvidedByUsedInOperatingActivities,2018-01-01,2018-06-30,2019,Q2,10-Q,2019-07-25,14158000000,0001326801-19-000055,https://www.sec.gov/Archives/edgar/data/1326801/000132680119000055/0001326801-19-000055-index.htm
Meta,1326801,operating_cash_flow,NetCashProvidedByUsedInOperatingActivities,2018-01-01,2018-09-30,2018,Q3,10-Q,2018-10-31,21656000000,0001326801-18-000067,https://www.sec.gov/Archives/edgar/data/1326801/000132680118000067/0001326801-18-000067-index.htm
Meta,1326801,operating_cash_flow,NetCashProvidedByUsedInOperatingActivities,2018-01-01,2018-09-30,2019,Q3,10-Q,2019-10-31,21656000000,0001326801-19-000069,https://www.sec.gov/Archives/edgar/data/1326801/000132680119000069/0001326801-19-000069-index.htm
Meta,1326801,operating_cash_flow,NetCashProvidedByUsedInOperatingActivities,2018-01-01,2018-12-31,2018,FY,10-K,2019-01-31,29274000000,0001326801-19-000009,https://www.sec.gov/Archives/edgar/data/1326801/000132680119000009/0001326801-19-000009-index.htm
Meta,1326801,operating_cash_flow,NetCashProvidedByUsedInOperatingActivities,2018-01-01,2018-12-31,2019,FY,10-K,2020-01-30,29274000000,0001326801-20-000013,https://www.sec.gov/Archives/edgar/data/1326801/000132680120000013/0001326801-20-000013-index.htm
Meta,1326801,operating_cash_flow,NetCashProvidedByUsedInOperatingActivities,2018-01-01,2018-12-31,2020,FY,10-K,2021-01-28,29274000000,0001326801-21-000014,https://www.sec.gov/Archives/edgar/data/1326801/000132680121000014/0001326801-21-000014-index.htm
Meta,1326801,operating_cash_flow,NetCashProvidedByUsedInOperatingActivities,2019-01-01,2019-03-31,2019,Q1,10-Q,2019-04-25,9308000000,0001326801-19-000037,https://www.sec.gov/Archives/edgar/data/1326801/000132680119000037/0001326801-19-000037-index.htm
Meta,1326801,operating_cash_flow,NetCashProvidedByUsedInOperatingActivities,2019-01-01,2019-03-31,2020,Q1,10-Q,2020-04-30,9308000000,0001326801-20-000048,https://www.sec.gov/Archives/edgar/data/1326801/000132680120000048/0001326801-20-000048-index.htm
Meta,1326801,operating_cash_flow,NetCashProvidedByUsedInOperatingActivities,2019-01-01,2019-06-30,2019,Q2,10-Q,2019-07-25,17924000000,0001326801-19-000055,https://www.sec.gov/Archives/edgar/data/1326801/000132680119000055/0001326801-19-000055-index.htm
Meta,1326801,operating_cash_flow,NetCashProvidedByUsedInOperatingActivities,2019-01-01,2019-06-30,2020,Q2,10-Q,2020-07-31,17924000000,0001326801-20-000076,https://www.sec.gov/Archives/edgar/data/1326801/000132680120000076/0001326801-20-000076-index.htm
Meta,1326801,operating_cash_flow,NetCashProvidedByUsedInOperatingActivities,2019-01-01,2019-09-30,2019,Q3,10-Q,2019-10-31,27231000000,0001326801-19-000069,https://www.sec.gov/Archives/edgar/data/1326801/000132680119000069/0001326801-19-000069-index.htm
Meta,1326801,operating_cash_flow,NetCashProvidedByUsedInOperatingActivities,2019-01-01,2019-09-30,2020,Q3,10-Q,2020-10-30,27231000000,0001326801-20-000084,https://www.sec.gov/Archives/edgar/data/1326801/000132680120000084/0001326801-20-000084-index.htm
Meta,1326801,operating_cash_flow,NetCashProvidedByUsedInOperatingActivities,2019-01-01,2019-12-31,2019,FY,10-K,2020-01-30,36314000000,0001326801-20-000013,https://www.sec.gov/Archives/edgar/data/1326801/000132680120000013/0001326801-20-000013-index.htm
Meta,1326801,operating_cash_flow,NetCashProvidedByUsedInOperatingActivities,2019-01-01,2019-12-31,2020,FY,10-K,2021-01-28,36314000000,0001326801-21-000014,https://www.sec.gov/Archives/edgar/data/1326801/000132680121000014/0001326801-21-000014-index.htm
Meta,1326801,operating_cash_flow,NetCashProvidedByUsedInOperatingActivities,2019-01-01,2019-12-31,2021,FY,10-K,2022-02-03,36314000000,0001326801-22-000018,https://www.sec.gov/Archives/edgar/data/1326801/000132680122000018/0001326801-22-000018-index.htm
Meta,1326801,operating_cash_flow,NetCashProvidedByUsedInOperatingActivities,2020-01-01,2020-03-31,2020,Q1,10-Q,2020-04-30,11001000000,0001326801-20-000048,https://www.sec.gov/Archives/edgar/data/1326801/000132680120000048/0001326801-20-000048-index.htm
Meta,1326801,operating_cash_flow,NetCashProvidedByUsedInOperatingActivities,2020-01-01,2020-03-31,2021,Q1,10-Q,2021-04-29,11001000000,0001326801-21-000033,https://www.sec.gov/Archives/edgar/data/1326801/000132680121000033/0001326801-21-000033-index.htm
Meta,1326801,operating_cash_flow,NetCashProvidedByUsedInOperatingActivities,2020-01-01,2020-06-30,2020,Q2,10-Q,2020-07-31,14878000000,0001326801-20-000076,https://www.sec.gov/Archives/edgar/data/1326801/000132680120000076/0001326801-20-000076-index.htm
Meta,1326801,operating_cash_flow,NetCashProvidedByUsedInOperatingActivities,2020-01-01,2020-06-30,2021,Q2,10-Q,2021-07-29,14878000000,0001326801-21-000049,https://www.sec.gov/Archives/edgar/data/1326801/000132680121000049/0001326801-21-000049-index.htm
Meta,1326801,operating_cash_flow,NetCashProvidedByUsedInOperatingActivities,2020-01-01,2020-09-30,2020,Q3,10-Q,2020-10-30,24707000000,0001326801-20-000084,https://www.sec.gov/Archives/edgar/data/1326801/000132680120000084/0001326801-20-000084-index.htm
Meta,1326801,operating_cash_flow,NetCashProvidedByUsedInOperatingActivities,2020-01-01,2020-09-30,2021,Q3,10-Q,2021-10-26,24707000000,0001326801-21-000065,https://www.sec.gov/Archives/edgar/data/1326801/000132680121000065/0001326801-21-000065-index.htm
Meta,1326801,operating_cash_flow,NetCashProvidedByUsedInOperatingActivities,2020-01-01,2020-12-31,2020,FY,10-K,2021-01-28,38747000000,0001326801-21-000014,https://www.sec.gov/Archives/edgar/data/1326801/000132680121000014/0001326801-21-000014-index.htm
Meta,1326801,operating_cash_flow,NetCashProvidedByUsedInOperatingActivities,2020-01-01,2020-12-31,2021,FY,10-K,2022-02-03,38747000000,0001326801-22-000018,https://www.sec.gov/Archives/edgar/data/1326801/000132680122000018/0001326801-22-000018-index.htm
Meta,1326801,operating_cash_flow,NetCashProvidedByUsedInOperatingActivities,2020-01-01,2020-12-31,2022,FY,10-K,2023-02-02,38747000000,0001326801-23-000013,https://www.sec.gov/Archives/edgar/data/1326801/000132680123000013/0001326801-23-000013-index.htm
Meta,1326801,operating_cash_flow,NetCashProvidedByUsedInOperatingActivities,2021-01-01,2021-03-31,2021,Q1,10-Q,2021-04-29,12242000000,0001326801-21-000033,https://www.sec.gov/Archives/edgar/data/1326801/000132680121000033/0001326801-21-000033-index.htm
Meta,1326801,operating_cash_flow,NetCashProvidedByUsedInOperatingActivities,2021-01-01,2021-03-31,2022,Q1,10-Q,2022-04-28,12242000000,0001326801-22-000057,https://www.sec.gov/Archives/edgar/data/1326801/000132680122000057/0001326801-22-000057-index.htm
Meta,1326801,operating_cash_flow,NetCashProvidedByUsedInOperatingActivities,2021-01-01,2021-06-30,2021,Q2,10-Q,2021-07-29,25489000000,0001326801-21-000049,https://www.sec.gov/Archives/edgar/data/1326801/000132680121000049/0001326801-21-000049-index.htm
Meta,1326801,operating_cash_flow,NetCashProvidedByUsedInOperatingActivities,2021-01-01,2021-06-30,2022,Q2,10-Q,2022-07-28,25489000000,0001326801-22-000082,https://www.sec.gov/Archives/edgar/data/1326801/000132680122000082/0001326801-22-000082-index.htm
Meta,1326801,operating_cash_flow,NetCashProvidedByUsedInOperatingActivities,2021-01-01,2021-09-30,2021,Q3,10-Q,2021-10-26,39579000000,0001326801-21-000065,https://www.sec.gov/Archives/edgar/data/1326801/000132680121000065/0001326801-21-000065-index.htm
Meta,1326801,operating_cash_flow,NetCashProvidedByUsedInOperatingActivities,2021-01-01,2021-09-30,2022,Q3,10-Q,2022-10-27,39579000000,0001326801-22-000108,https://www.sec.gov/Archives/edgar/data/1326801/000132680122000108/0001326801-22-000108-index.htm
Meta,1326801,operating_cash_flow,NetCashProvidedByUsedInOperatingActivities,2021-01-01,2021-12-31,2021,FY,10-K,2022-02-03,57683000000,0001326801-22-000018,https://www.sec.gov/Archives/edgar/data/1326801/000132680122000018/0001326801-22-000018-index.htm
Meta,1326801,operating_cash_flow,NetCashProvidedByUsedInOperatingActivities,2021-01-01,2021-12-31,2022,FY,10-K,2023-02-02,57683000000,0001326801-23-000013,https://www.sec.gov/Archives/edgar/data/1326801/000132680123000013/0001326801-23-000013-index.htm
Meta,1326801,operating_cash_flow,NetCashProvidedByUsedInOperatingActivities,2021-01-01,2021-12-31,2023,FY,10-K,2024-02-02,57683000000,0001326801-24-000012,https://www.sec.gov/Archives/edgar/data/1326801/000132680124000012/0001326801-24-000012-index.htm
Meta,1326801,operating_cash_flow,NetCashProvidedByUsedInOperatingActivities,2022-01-01,2022-03-31,2022,Q1,10-Q,2022-04-28,14076000000,0001326801-22-000057,https://www.sec.gov/Archives/edgar/data/1326801/000132680122000057/0001326801-22-000057-index.htm
Meta,1326801,operating_cash_flow,NetCashProvidedByUsedInOperatingActivities,2022-01-01,2022-03-31,2023,Q1,10-Q,2023-04-27,14076000000,0001326801-23-000067,https://www.sec.gov/Archives/edgar/data/1326801/000132680123000067/0001326801-23-000067-index.htm
Meta,1326801,operating_cash_flow,NetCashProvidedByUsedInOperatingActivities,2022-01-01,2022-06-30,2022,Q2,10-Q,2022-07-28,26272000000,0001326801-22-000082,https://www.sec.gov/Archives/edgar/data/1326801/000132680122000082/0001326801-22-000082-index.htm
Meta,1326801,operating_cash_flow,NetCashProvidedByUsedInOperatingActivities,2022-01-01,2022-06-30,2023,Q2,10-Q,2023-07-27,26272000000,0001326801-23-000093,https://www.sec.gov/Archives/edgar/data/1326801/000132680123000093/0001326801-23-000093-index.htm
Meta,1326801,operating_cash_flow,NetCashProvidedByUsedInOperatingActivities,2022-01-01,2022-09-30,2022,Q3,10-Q,2022-10-27,35964000000,0001326801-22-000108,https://www.sec.gov/Archives/edgar/data/1326801/000132680122000108/0001326801-22-000108-index.htm
Meta,1326801,operating_cash_flow,NetCashProvidedByUsedInOperatingActivities,2022-01-01,2022-09-30,2023,Q3,10-Q,2023-10-26,35964000000,0001326801-23-000103,https://www.sec.gov/Archives/edgar/data/1326801/000132680123000103/0001326801-23-000103-index.htm
Meta,1326801,operating_cash_flow,NetCashProvidedByUsedInOperatingActivities,2022-01-01,2022-12-31,2022,FY,10-K,2023-02-02,50475000000,0001326801-23-000013,https://www.sec.gov/Archives/edgar/data/1326801/000132680123000013/0001326801-23-000013-index.htm
Meta,1326801,operating_cash_flow,NetCashProvidedByUsedInOperatingActivities,2022-01-01,2022-12-31,2023,FY,10-K,2024-02-02,50475000000,0001326801-24-000012,https://www.sec.gov/Archives/edgar/data/1326801/000132680124000012/0001326801-24-000012-index.htm
Meta,1326801,operating_cash_flow,NetCashProvidedByUsedInOperatingActivities,2022-01-01,2022-12-31,2024,FY,10-K,2025-01-30,50475000000,0001326801-25-000017,https://www.sec.gov/Archives/edgar/data/1326801/000132680125000017/0001326801-25-000017-index.htm
Meta,1326801,operating_cash_flow,NetCashProvidedByUsedInOperatingActivities,2023-01-01,2023-03-31,2023,Q1,10-Q,2023-04-27,13998000000,0001326801-23-000067,https://www.sec.gov/Archives/edgar/data/1326801/000132680123000067/0001326801-23-000067-index.htm
Meta,1326801,operating_cash_flow,NetCashProvidedByUsedInOperatingActivities,2023-01-01,2023-03-31,2024,Q1,10-Q,2024-04-25,13998000000,0001326801-24-000049,https://www.sec.gov/Archives/edgar/data/1326801/000132680124000049/0001326801-24-000049-index.htm
Meta,1326801,operating_cash_flow,NetCashProvidedByUsedInOperatingActivities,2023-01-01,2023-06-30,2023,Q2,10-Q,2023-07-27,31307000000,0001326801-23-000093,https://www.sec.gov/Archives/edgar/data/1326801/000132680123000093/0001326801-23-000093-index.htm
Meta,1326801,operating_cash_flow,NetCashProvidedByUsedInOperatingActivities,2023-01-01,2023-06-30,2024,Q2,10-Q,2024-08-01,31307000000,0001326801-24-000069,https://www.sec.gov/Archives/edgar/data/1326801/000132680124000069/0001326801-24-000069-index.htm
Meta,1326801,operating_cash_flow,NetCashProvidedByUsedInOperatingActivities,2023-01-01,2023-09-30,2023,Q3,10-Q,2023-10-26,51709000000,0001326801-23-000103,https://www.sec.gov/Archives/edgar/data/1326801/000132680123000103/0001326801-23-000103-index.htm
Meta,1326801,operating_cash_flow,NetCashProvidedByUsedInOperatingActivities,2023-01-01,2023-09-30,2024,Q3,10-Q,2024-10-31,51709000000,0001326801-24-000081,https://www.sec.gov/Archives/edgar/data/1326801/000132680124000081/0001326801-24-000081-index.htm
Meta,1326801,operating_cash_flow,NetCashProvidedByUsedInOperatingActivities,2023-01-01,2023-12-31,2023,FY,10-K,2024-02-02,71113000000,0001326801-24-000012,https://www.sec.gov/Archives/edgar/data/1326801/000132680124000012/0001326801-24-000012-index.htm
Meta,1326801,operating_cash_flow,NetCashProvidedByUsedInOperatingActivities,2023-01-01,2023-12-31,2024,FY,10-K,2025-01-30,71113000000,0001326801-25-000017,https://www.sec.gov/Archives/edgar/data/1326801/000132680125000017/0001326801-25-000017-index.htm
Meta,1326801,operating_cash_flow,NetCashProvidedByUsedInOperatingActivities,2023-01-01,2023-12-31,2025,FY,10-K,2026-01-29,71113000000,0001628280-26-003942,https://www.sec.gov/Archives/edgar/data/1326801/000162828026003942/0001628280-26-003942-index.htm
Meta,1326801,operating_cash_flow,NetCashProvidedByUsedInOperatingActivities,2024-01-01,2024-03-31,2024,Q1,10-Q,2024-04-25,19246000000,0001326801-24-000049,https://www.sec.gov/Archives/edgar/data/1326801/000132680124000049/0001326801-24-000049-index.htm
Meta,1326801,operating_cash_flow,NetCashProvidedByUsedInOperatingActivities,2024-01-01,2024-03-31,2025,Q1,10-Q,2025-05-01,19246000000,0001326801-25-000054,https://www.sec.gov/Archives/edgar/data/1326801/000132680125000054/0001326801-25-000054-index.htm
Meta,1326801,operating_cash_flow,NetCashProvidedByUsedInOperatingActivities,2024-01-01,2024-06-30,2024,Q2,10-Q,2024-08-01,38616000000,0001326801-24-000069,https://www.sec.gov/Archives/edgar/data/1326801/000132680124000069/0001326801-24-000069-index.htm
Meta,1326801,operating_cash_flow,NetCashProvidedByUsedInOperatingActivities,2024-01-01,2024-06-30,2025,Q2,10-Q,2025-07-31,38616000000,0001628280-25-036791,https://www.sec.gov/Archives/edgar/data/1326801/000162828025036791/0001628280-25-036791-index.htm
Meta,1326801,operating_cash_flow,NetCashProvidedByUsedInOperatingActivities,2024-01-01,2024-09-30,2024,Q3,10-Q,2024-10-31,63340000000,0001326801-24-000081,https://www.sec.gov/Archives/edgar/data/1326801/000132680124000081/0001326801-24-000081-index.htm
Meta,1326801,operating_cash_flow,NetCashProvidedByUsedInOperatingActivities,2024-01-01,2024-09-30,2025,Q3,10-Q,2025-10-30,63340000000,0001628280-25-047240,https://www.sec.gov/Archives/edgar/data/1326801/000162828025047240/0001628280-25-047240-index.htm
Meta,1326801,operating_cash_flow,NetCashProvidedByUsedInOperatingActivities,2024-01-01,2024-12-31,2024,FY,10-K,2025-01-30,91328000000,0001326801-25-000017,https://www.sec.gov/Archives/edgar/data/1326801/000132680125000017/0001326801-25-000017-index.htm
Meta,1326801,operating_cash_flow,NetCashProvidedByUsedInOperatingActivities,2024-01-01,2024-12-31,2025,FY,10-K,2026-01-29,91328000000,0001628280-26-003942,https://www.sec.gov/Archives/edgar/data/1326801/000162828026003942/0001628280-26-003942-index.htm
Meta,1326801,operating_cash_flow,NetCashProvidedByUsedInOperatingActivities,2025-01-01,2025-03-31,2025,Q1,10-Q,2025-05-01,24026000000,0001326801-25-000054,https://www.sec.gov/Archives/edgar/data/1326801/000132680125000054/0001326801-25-000054-index.htm
Meta,1326801,operating_cash_flow,NetCashProvidedByUsedInOperatingActivities,2025-01-01,2025-03-31,2026,Q1,10-Q,2026-04-30,24026000000,0001628280-26-028526,https://www.sec.gov/Archives/edgar/data/1326801/000162828026028526/0001628280-26-028526-index.htm
Meta,1326801,operating_cash_flow,NetCashProvidedByUsedInOperatingActivities,2025-01-01,2025-06-30,2025,Q2,10-Q,2025-07-31,49587000000,0001628280-25-036791,https://www.sec.gov/Archives/edgar/data/1326801/000162828025036791/0001628280-25-036791-index.htm
Meta,1326801,operating_cash_flow,NetCashProvidedByUsedInOperatingActivities,2025-01-01,2025-06-30,2026,Q2,10-Q,2026-07-30,49587000000,0001628280-26-050705,https://www.sec.gov/Archives/edgar/data/1326801/000162828026050705/0001628280-26-050705-index.htm
Meta,1326801,operating_cash_flow,NetCashProvidedByUsedInOperatingActivities,2025-01-01,2025-09-30,2025,Q3,10-Q,2025-10-30,79586000000,0001628280-25-047240,https://www.sec.gov/Archives/edgar/data/1326801/000162828025047240/0001628280-25-047240-index.htm
Meta,1326801,operating_cash_flow,NetCashProvidedByUsedInOperatingActivities,2025-01-01,2025-12-31,2025,FY,10-K,2026-01-29,115800000000,0001628280-26-003942,https://www.sec.gov/Archives/edgar/data/1326801/000162828026003942/0001628280-26-003942-index.htm
Meta,1326801,operating_cash_flow,NetCashProvidedByUsedInOperatingActivities,2026-01-01,2026-03-31,2026,Q1,10-Q,2026-04-30,32226000000,0001628280-26-028526,https://www.sec.gov/Archives/edgar/data/1326801/000162828026028526/0001628280-26-028526-index.htm
Meta,1326801,operating_cash_flow,NetCashProvidedByUsedInOperatingActivities,2026-01-01,2026-06-30,2026,Q2,10-Q,2026-07-30,64088000000,0001628280-26-050705,https://www.sec.gov/Archives/edgar/data/1326801/000162828026050705/0001628280-26-050705-index.htm
Oracle,1341439,capex,PaymentsToAcquirePropertyPlantAndEquipment,2009-06-01,2010-05-31,2012,FY,10-K,2012-06-26,230000000,0001193125-12-284007,https://www.sec.gov/Archives/edgar/data/1341439/000119312512284007/0001193125-12-284007-index.htm
Oracle,1341439,capex,PaymentsToAcquirePropertyPlantAndEquipment,2010-06-01,2010-08-31,2012,Q1,10-Q,2011-09-23,118000000,0001193125-11-255436,https://www.sec.gov/Archives/edgar/data/1341439/000119312511255436/0001193125-11-255436-index.htm
Oracle,1341439,capex,PaymentsToAcquirePropertyPlantAndEquipment,2010-06-01,2010-11-30,2012,Q2,10-Q,2011-12-23,239000000,0001193125-11-351954,https://www.sec.gov/Archives/edgar/data/1341439/000119312511351954/0001193125-11-351954-index.htm
Oracle,1341439,capex,PaymentsToAcquirePropertyPlantAndEquipment,2010-06-01,2011-02-28,2012,Q3,10-Q,2012-03-23,372000000,0001193125-12-129918,https://www.sec.gov/Archives/edgar/data/1341439/000119312512129918/0001193125-12-129918-index.htm
Oracle,1341439,capex,PaymentsToAcquirePropertyPlantAndEquipment,2010-06-01,2011-05-31,2012,FY,10-K,2012-06-26,450000000,0001193125-12-284007,https://www.sec.gov/Archives/edgar/data/1341439/000119312512284007/0001193125-12-284007-index.htm
Oracle,1341439,capex,PaymentsToAcquirePropertyPlantAndEquipment,2010-06-01,2011-05-31,2013,FY,10-K,2013-06-26,450000000,0001193125-13-272832,https://www.sec.gov/Archives/edgar/data/1341439/000119312513272832/0001193125-13-272832-index.htm
Oracle,1341439,capex,PaymentsToAcquirePropertyPlantAndEquipment,2011-06-01,2011-08-31,2012,Q1,10-Q,2011-09-23,160000000,0001193125-11-255436,https://www.sec.gov/Archives/edgar/data/1341439/000119312511255436/0001193125-11-255436-index.htm
Oracle,1341439,capex,PaymentsToAcquirePropertyPlantAndEquipment,2011-06-01,2011-08-31,2013,Q1,10-Q,2012-09-24,160000000,0001193125-12-401697,https://www.sec.gov/Archives/edgar/data/1341439/000119312512401697/0001193125-12-401697-index.htm
Oracle,1341439,capex,PaymentsToAcquirePropertyPlantAndEquipment,2011-06-01,2011-11-30,2012,Q2,10-Q,2011-12-23,289000000,0001193125-11-351954,https://www.sec.gov/Archives/edgar/data/1341439/000119312511351954/0001193125-11-351954-index.htm
Oracle,1341439,capex,PaymentsToAcquirePropertyPlantAndEquipment,2011-06-01,2011-11-30,2013,Q2,10-Q,2012-12-21,289000000,0001193125-12-513009,https://www.sec.gov/Archives/edgar/data/1341439/000119312512513009/0001193125-12-513009-index.htm
Oracle,1341439,capex,PaymentsToAcquirePropertyPlantAndEquipment,2011-06-01,2012-02-29,2012,Q3,10-Q,2012-03-23,431000000,0001193125-12-129918,https://www.sec.gov/Archives/edgar/data/1341439/000119312512129918/0001193125-12-129918-index.htm
Oracle,1341439,capex,PaymentsToAcquirePropertyPlantAndEquipment,2011-06-01,2012-02-29,2013,Q3,10-Q,2013-03-22,431000000,0001193125-13-122271,https://www.sec.gov/Archives/edgar/data/1341439/000119312513122271/0001193125-13-122271-index.htm
Oracle,1341439,capex,PaymentsToAcquirePropertyPlantAndEquipment,2011-06-01,2012-05-31,2012,FY,10-K,2012-06-26,648000000,0001193125-12-284007,https://www.sec.gov/Archives/edgar/data/1341439/000119312512284007/0001193125-12-284007-index.htm
Oracle,1341439,capex,PaymentsToAcquirePropertyPlantAndEquipment,2011-06-01,2012-05-31,2013,FY,10-K,2013-06-26,648000000,0001193125-13-272832,https://www.sec.gov/Archives/edgar/data/1341439/000119312513272832/0001193125-13-272832-index.htm
Oracle,1341439,capex,PaymentsToAcquirePropertyPlantAndEquipment,2011-06-01,2012-05-31,2014,FY,10-K,2014-06-26,648000000,0001193125-14-251351,https://www.sec.gov/Archives/edgar/data/1341439/000119312514251351/0001193125-14-251351-index.htm
Oracle,1341439,capex,PaymentsToAcquirePropertyPlantAndEquipment,2012-06-01,2012-08-31,2013,Q1,10-Q,2012-09-24,139000000,0001193125-12-401697,https://www.sec.gov/Archives/edgar/data/1341439/000119312512401697/0001193125-12-401697-index.htm
Oracle,1341439,capex,PaymentsToAcquirePropertyPlantAndEquipment,2012-06-01,2012-08-31,2014,Q1,10-Q,2013-09-20,139000000,0001193125-13-373455,https://www.sec.gov/Archives/edgar/data/1341439/000119312513373455/0001193125-13-373455-index.htm
Oracle,1341439,capex,PaymentsToAcquirePropertyPlantAndEquipment,2012-06-01,2012-11-30,2013,Q2,10-Q,2012-12-21,351000000,0001193125-12-513009,https://www.sec.gov/Archives/edgar/data/1341439/000119312512513009/0001193125-12-513009-index.htm
Oracle,1341439,capex,PaymentsToAcquirePropertyPlantAndEquipment,2012-06-01,2012-11-30,2014,Q2,10-Q,2013-12-20,351000000,0001193125-13-481081,https://www.sec.gov/Archives/edgar/data/1341439/000119312513481081/0001193125-13-481081-index.htm
Oracle,1341439,capex,PaymentsToAcquirePropertyPlantAndEquipment,2012-06-01,2013-02-28,2013,Q3,10-Q,2013-03-22,467000000,0001193125-13-122271,https://www.sec.gov/Archives/edgar/data/1341439/000119312513122271/0001193125-13-122271-index.htm
Oracle,1341439,capex,PaymentsToAcquirePropertyPlantAndEquipment,2012-06-01,2013-02-28,2014,Q3,10-Q,2014-03-20,467000000,0001193125-14-108126,https://www.sec.gov/Archives/edgar/data/1341439/000119312514108126/0001193125-14-108126-index.htm
Oracle,1341439,capex,PaymentsToAcquirePropertyPlantAndEquipment,2012-06-01,2013-05-31,2013,FY,10-K,2013-06-26,650000000,0001193125-13-272832,https://www.sec.gov/Archives/edgar/data/1341439/000119312513272832/0001193125-13-272832-index.htm
Oracle,1341439,capex,PaymentsToAcquirePropertyPlantAndEquipment,2012-06-01,2013-05-31,2014,FY,10-K,2014-06-26,650000000,0001193125-14-251351,https://www.sec.gov/Archives/edgar/data/1341439/000119312514251351/0001193125-14-251351-index.htm
Oracle,1341439,capex,PaymentsToAcquirePropertyPlantAndEquipment,2012-06-01,2013-05-31,2015,FY,10-K,2015-06-25,650000000,0001193125-15-235239,https://www.sec.gov/Archives/edgar/data/1341439/000119312515235239/0001193125-15-235239-index.htm
Oracle,1341439,capex,PaymentsToAcquirePropertyPlantAndEquipment,2013-06-01,2013-08-31,2014,Q1,10-Q,2013-09-20,153000000,0001193125-13-373455,https://www.sec.gov/Archives/edgar/data/1341439/000119312513373455/0001193125-13-373455-index.htm
Oracle,1341439,capex,PaymentsToAcquirePropertyPlantAndEquipment,2013-06-01,2013-08-31,2015,Q1,10-Q,2014-09-23,153000000,0001193125-14-350291,https://www.sec.gov/Archives/edgar/data/1341439/000119312514350291/0001193125-14-350291-index.htm
Oracle,1341439,capex,PaymentsToAcquirePropertyPlantAndEquipment,2013-06-01,2013-11-30,2014,Q2,10-Q,2013-12-20,279000000,0001193125-13-481081,https://www.sec.gov/Archives/edgar/data/1341439/000119312513481081/0001193125-13-481081-index.htm
Oracle,1341439,capex,PaymentsToAcquirePropertyPlantAndEquipment,2013-06-01,2013-11-30,2015,Q2,10-Q,2014-12-19,279000000,0001193125-14-448728,https://www.sec.gov/Archives/edgar/data/1341439/000119312514448728/0001193125-14-448728-index.htm
Oracle,1341439,capex,PaymentsToAcquirePropertyPlantAndEquipment,2013-06-01,2014-02-28,2014,Q3,10-Q,2014-03-20,426000000,0001193125-14-108126,https://www.sec.gov/Archives/edgar/data/1341439/000119312514108126/0001193125-14-108126-index.htm
Oracle,1341439,capex,PaymentsToAcquirePropertyPlantAndEquipment,2013-06-01,2014-02-28,2015,Q3,10-Q,2015-03-19,426000000,0001193125-15-098586,https://www.sec.gov/Archives/edgar/data/1341439/000119312515098586/0001193125-15-098586-index.htm
Oracle,1341439,capex,PaymentsToAcquirePropertyPlantAndEquipment,2013-06-01,2014-05-31,2014,FY,10-K,2014-06-26,580000000,0001193125-14-251351,https://www.sec.gov/Archives/edgar/data/1341439/000119312514251351/0001193125-14-251351-index.htm
Oracle,1341439,capex,PaymentsToAcquirePropertyPlantAndEquipment,2013-06-01,2014-05-31,2015,FY,10-K,2015-06-25,580000000,0001193125-15-235239,https://www.sec.gov/Archives/edgar/data/1341439/000119312515235239/0001193125-15-235239-index.htm
Oracle,1341439,capex,PaymentsToAcquirePropertyPlantAndEquipment,2013-06-01,2014-05-31,2016,FY,10-K,2016-06-22,580000000,0001193125-16-628942,https://www.sec.gov/Archives/edgar/data/1341439/000119312516628942/0001193125-16-628942-index.htm
Oracle,1341439,capex,PaymentsToAcquirePropertyPlantAndEquipment,2014-06-01,2014-08-31,2015,Q1,10-Q,2014-09-23,201000000,0001193125-14-350291,https://www.sec.gov/Archives/edgar/data/1341439/000119312514350291/0001193125-14-350291-index.htm
Oracle,1341439,capex,PaymentsToAcquirePropertyPlantAndEquipment,2014-06-01,2014-08-31,2016,Q1,10-Q,2015-09-18,201000000,0001193125-15-323532,https://www.sec.gov/Archives/edgar/data/1341439/000119312515323532/0001193125-15-323532-index.htm
Oracle,1341439,capex,PaymentsToAcquirePropertyPlantAndEquipment,2014-06-01,2014-11-30,2015,Q2,10-Q,2014-12-19,426000000,0001193125-14-448728,https://www.sec.gov/Archives/edgar/data/1341439/000119312514448728/0001193125-14-448728-index.htm
Oracle,1341439,capex,PaymentsToAcquirePropertyPlantAndEquipment,2014-06-01,2014-11-30,2016,Q2,10-Q,2015-12-18,426000000,0001193125-15-407703,https://www.sec.gov/Archives/edgar/data/1341439/000119312515407703/0001193125-15-407703-index.htm
Oracle,1341439,capex,PaymentsToAcquirePropertyPlantAndEquipment,2014-06-01,2015-02-28,2015,Q3,10-Q,2015-03-19,794000000,0001193125-15-098586,https://www.sec.gov/Archives/edgar/data/1341439/000119312515098586/0001193125-15-098586-index.htm
Oracle,1341439,capex,PaymentsToAcquirePropertyPlantAndEquipment,2014-06-01,2015-02-28,2016,Q3,10-Q,2016-03-18,794000000,0001193125-16-510333,https://www.sec.gov/Archives/edgar/data/1341439/000119312516510333/0001193125-16-510333-index.htm
Oracle,1341439,capex,PaymentsToAcquirePropertyPlantAndEquipment,2014-06-01,2015-05-31,2015,FY,10-K,2015-06-25,1391000000,0001193125-15-235239,https://www.sec.gov/Archives/edgar/data/1341439/000119312515235239/0001193125-15-235239-index.htm
Oracle,1341439,capex,PaymentsToAcquirePropertyPlantAndEquipment,2014-06-01,2015-05-31,2016,FY,10-K,2016-06-22,1391000000,0001193125-16-628942,https://www.sec.gov/Archives/edgar/data/1341439/000119312516628942/0001193125-16-628942-index.htm
Oracle,1341439,capex,PaymentsToAcquirePropertyPlantAndEquipment,2014-06-01,2015-05-31,2017,FY,10-K,2017-06-27,1391000000,0001193125-17-214833,https://www.sec.gov/Archives/edgar/data/1341439/000119312517214833/0001193125-17-214833-index.htm
Oracle,1341439,capex,PaymentsToAcquirePropertyPlantAndEquipment,2015-06-01,2015-08-31,2016,Q1,10-Q,2015-09-18,446000000,0001193125-15-323532,https://www.sec.gov/Archives/edgar/data/1341439/000119312515323532/0001193125-15-323532-index.htm
Oracle,1341439,capex,PaymentsToAcquirePropertyPlantAndEquipment,2015-06-01,2015-08-31,2017,Q1,10-Q,2016-09-19,446000000,0001193125-16-713596,https://www.sec.gov/Archives/edgar/data/1341439/000119312516713596/0001193125-16-713596-index.htm
Oracle,1341439,capex,PaymentsToAcquirePropertyPlantAndEquipment,2015-06-01,2015-11-30,2016,Q2,10-Q,2015-12-18,641000000,0001193125-15-407703,https://www.sec.gov/Archives/edgar/data/1341439/000119312515407703/0001193125-15-407703-index.htm
Oracle,1341439,capex,PaymentsToAcquirePropertyPlantAndEquipment,2015-06-01,2015-11-30,2017,Q2,10-Q,2016-12-19,641000000,0001193125-16-797253,https://www.sec.gov/Archives/edgar/data/1341439/000119312516797253/0001193125-16-797253-index.htm
Oracle,1341439,capex,PaymentsToAcquirePropertyPlantAndEquipment,2015-06-01,2016-02-29,2016,Q3,10-Q,2016-03-18,1009000000,0001193125-16-510333,https://www.sec.gov/Archives/edgar/data/1341439/000119312516510333/0001193125-16-510333-index.htm
Oracle,1341439,capex,PaymentsToAcquirePropertyPlantAndEquipment,2015-06-01,2016-02-29,2017,Q3,10-Q,2017-03-17,1009000000,0001193125-17-087309,https://www.sec.gov/Archives/edgar/data/1341439/000119312517087309/0001193125-17-087309-index.htm
Oracle,1341439,capex,PaymentsToAcquirePropertyPlantAndEquipment,2015-06-01,2016-05-31,2016,FY,10-K,2016-06-22,1189000000,0001193125-16-628942,https://www.sec.gov/Archives/edgar/data/1341439/000119312516628942/0001193125-16-628942-index.htm
Oracle,1341439,capex,PaymentsToAcquirePropertyPlantAndEquipment,2015-06-01,2016-05-31,2017,FY,10-K,2017-06-27,1189000000,0001193125-17-214833,https://www.sec.gov/Archives/edgar/data/1341439/000119312517214833/0001193125-17-214833-index.htm
Oracle,1341439,capex,PaymentsToAcquirePropertyPlantAndEquipment,2015-06-01,2016-05-31,2018,FY,10-K,2018-06-22,1189000000,0001193125-18-201034,https://www.sec.gov/Archives/edgar/data/1341439/000119312518201034/0001193125-18-201034-index.htm
Oracle,1341439,capex,PaymentsToAcquirePropertyPlantAndEquipment,2016-06-01,2016-08-31,2017,Q1,10-Q,2016-09-19,299000000,0001193125-16-713596,https://www.sec.gov/Archives/edgar/data/1341439/000119312516713596/0001193125-16-713596-index.htm
Oracle,1341439,capex,PaymentsToAcquirePropertyPlantAndEquipment,2016-06-01,2016-08-31,2018,Q1,10-Q,2017-09-18,299000000,0001193125-17-287455,https://www.sec.gov/Archives/edgar/data/1341439/000119312517287455/0001193125-17-287455-index.htm
Oracle,1341439,capex,PaymentsToAcquirePropertyPlantAndEquipment,2016-06-01,2016-11-30,2017,Q2,10-Q,2016-12-19,1056000000,0001193125-16-797253,https://www.sec.gov/Archives/edgar/data/1341439/000119312516797253/0001193125-16-797253-index.htm
Oracle,1341439,capex,PaymentsToAcquirePropertyPlantAndEquipment,2016-06-01,2016-11-30,2018,Q2,10-Q,2017-12-18,1056000000,0001193125-17-372232,https://www.sec.gov/Archives/edgar/data/1341439/000119312517372232/0001193125-17-372232-index.htm
Oracle,1341439,capex,PaymentsToAcquirePropertyPlantAndEquipment,2016-06-01,2017-02-28,2017,Q3,10-Q,2017-03-17,1496000000,0001193125-17-087309,https://www.sec.gov/Archives/edgar/data/1341439/000119312517087309/0001193125-17-087309-index.htm
Oracle,1341439,capex,PaymentsToAcquirePropertyPlantAndEquipment,2016-06-01,2017-02-28,2018,Q3,10-Q,2018-03-21,1496000000,0001193125-18-090646,https://www.sec.gov/Archives/edgar/data/1341439/000119312518090646/0001193125-18-090646-index.htm
Oracle,1341439,capex,PaymentsToAcquirePropertyPlantAndEquipment,2016-06-01,2017-05-31,2017,FY,10-K,2017-06-27,2021000000,0001193125-17-214833,https://www.sec.gov/Archives/edgar/data/1341439/000119312517214833/0001193125-17-214833-index.htm
Oracle,1341439,capex,PaymentsToAcquirePropertyPlantAndEquipment,2016-06-01,2017-05-31,2018,FY,10-K,2018-06-22,2021000000,0001193125-18-201034,https://www.sec.gov/Archives/edgar/data/1341439/000119312518201034/0001193125-18-201034-index.htm
Oracle,1341439,capex,PaymentsToAcquirePropertyPlantAndEquipment,2016-06-01,2017-05-31,2019,FY,10-K,2019-06-21,2021000000,0001564590-19-023119,https://www.sec.gov/Archives/edgar/data/1341439/000156459019023119/0001564590-19-023119-index.htm
Oracle,1341439,capex,PaymentsToAcquirePropertyPlantAndEquipment,2017-06-01,2017-08-31,2018,Q1,10-Q,2017-09-18,473000000,0001193125-17-287455,https://www.sec.gov/Archives/edgar/data/1341439/000119312517287455/0001193125-17-287455-index.htm
Oracle,1341439,capex,PaymentsToAcquirePropertyPlantAndEquipment,2017-06-01,2017-08-31,2019,Q1,10-Q,2018-09-19,473000000,0001564590-18-023315,https://www.sec.gov/Archives/edgar/data/1341439/000156459018023315/0001564590-18-023315-index.htm
Oracle,1341439,capex,PaymentsToAcquirePropertyPlantAndEquipment,2017-06-01,2017-11-30,2018,Q2,10-Q,2017-12-18,1072000000,0001193125-17-372232,https://www.sec.gov/Archives/edgar/data/1341439/000119312517372232/0001193125-17-372232-index.htm
Oracle,1341439,capex,PaymentsToAcquirePropertyPlantAndEquipment,2017-06-01,2017-11-30,2019,Q2,10-Q,2018-12-19,1072000000,0001564590-18-031113,https://www.sec.gov/Archives/edgar/data/1341439/000156459018031113/0001564590-18-031113-index.htm
Oracle,1341439,capex,PaymentsToAcquirePropertyPlantAndEquipment,2017-06-01,2018-02-28,2018,Q3,10-Q,2018-03-21,1358000000,0001193125-18-090646,https://www.sec.gov/Archives/edgar/data/1341439/000119312518090646/0001193125-18-090646-index.htm
Oracle,1341439,capex,PaymentsToAcquirePropertyPlantAndEquipment,2017-06-01,2018-02-28,2019,Q3,10-Q,2019-03-18,1358000000,0001564590-19-008273,https://www.sec.gov/Archives/edgar/data/1341439/000156459019008273/0001564590-19-008273-index.htm
Oracle,1341439,capex,PaymentsToAcquirePropertyPlantAndEquipment,2017-06-01,2018-05-31,2018,FY,10-K,2018-06-22,1736000000,0001193125-18-201034,https://www.sec.gov/Archives/edgar/data/1341439/000119312518201034/0001193125-18-201034-index.htm
Oracle,1341439,capex,PaymentsToAcquirePropertyPlantAndEquipment,2017-06-01,2018-05-31,2019,FY,10-K,2019-06-21,1736000000,0001564590-19-023119,https://www.sec.gov/Archives/edgar/data/1341439/000156459019023119/0001564590-19-023119-index.htm
Oracle,1341439,capex,PaymentsToAcquirePropertyPlantAndEquipment,2017-06-01,2018-05-31,2020,FY,10-K,2020-06-22,1736000000,0001564590-20-030125,https://www.sec.gov/Archives/edgar/data/1341439/000156459020030125/0001564590-20-030125-index.htm
Oracle,1341439,capex,PaymentsToAcquirePropertyPlantAndEquipment,2018-06-01,2018-08-31,2019,Q1,10-Q,2018-09-19,383000000,0001564590-18-023315,https://www.sec.gov/Archives/edgar/data/1341439/000156459018023315/0001564590-18-023315-index.htm
Oracle,1341439,capex,PaymentsToAcquirePropertyPlantAndEquipment,2018-06-01,2018-08-31,2020,Q1,10-Q,2019-09-13,383000000,0001564590-19-034717,https://www.sec.gov/Archives/edgar/data/1341439/000156459019034717/0001564590-19-034717-index.htm
Oracle,1341439,capex,PaymentsToAcquirePropertyPlantAndEquipment,2018-06-01,2018-11-30,2019,Q2,10-Q,2018-12-19,804000000,0001564590-18-031113,https://www.sec.gov/Archives/edgar/data/1341439/000156459018031113/0001564590-18-031113-index.htm
Oracle,1341439,capex,PaymentsToAcquirePropertyPlantAndEquipment,2018-06-01,2018-11-30,2020,Q2,10-Q,2019-12-13,804000000,0001564590-19-045966,https://www.sec.gov/Archives/edgar/data/1341439/000156459019045966/0001564590-19-045966-index.htm
Oracle,1341439,capex,PaymentsToAcquirePropertyPlantAndEquipment,2018-06-01,2019-02-28,2019,Q3,10-Q,2019-03-18,1247000000,0001564590-19-008273,https://www.sec.gov/Archives/edgar/data/1341439/000156459019008273/0001564590-19-008273-index.htm
Oracle,1341439,capex,PaymentsToAcquirePropertyPlantAndEquipment,2018-06-01,2019-02-28,2020,Q3,10-Q,2020-03-13,1247000000,0001564590-20-010833,https://www.sec.gov/Archives/edgar/data/1341439/000156459020010833/0001564590-20-010833-index.htm
Oracle,1341439,capex,PaymentsToAcquirePropertyPlantAndEquipment,2018-06-01,2019-05-31,2019,FY,10-K,2019-06-21,1660000000,0001564590-19-023119,https://www.sec.gov/Archives/edgar/data/1341439/000156459019023119/0001564590-19-023119-index.htm
Oracle,1341439,capex,PaymentsToAcquirePropertyPlantAndEquipment,2018-06-01,2019-05-31,2020,FY,10-K,2020-06-22,1660000000,0001564590-20-030125,https://www.sec.gov/Archives/edgar/data/1341439/000156459020030125/0001564590-20-030125-index.htm
Oracle,1341439,capex,PaymentsToAcquirePropertyPlantAndEquipment,2018-06-01,2019-05-31,2021,FY,10-K,2021-06-21,1660000000,0001564590-21-033616,https://www.sec.gov/Archives/edgar/data/1341439/000156459021033616/0001564590-21-033616-index.htm
Oracle,1341439,capex,PaymentsToAcquirePropertyPlantAndEquipment,2019-06-01,2019-08-31,2020,Q1,10-Q,2019-09-13,386000000,0001564590-19-034717,https://www.sec.gov/Archives/edgar/data/1341439/000156459019034717/0001564590-19-034717-index.htm
Oracle,1341439,capex,PaymentsToAcquirePropertyPlantAndEquipment,2019-06-01,2019-08-31,2021,Q1,10-Q,2020-09-15,386000000,0001564590-20-043448,https://www.sec.gov/Archives/edgar/data/1341439/000156459020043448/0001564590-20-043448-index.htm
Oracle,1341439,capex,PaymentsToAcquirePropertyPlantAndEquipment,2019-06-01,2019-11-30,2020,Q2,10-Q,2019-12-13,735000000,0001564590-19-045966,https://www.sec.gov/Archives/edgar/data/1341439/000156459019045966/0001564590-19-045966-index.htm
Oracle,1341439,capex,PaymentsToAcquirePropertyPlantAndEquipment,2019-06-01,2019-11-30,2021,Q2,10-Q,2020-12-11,735000000,0001564590-20-056896,https://www.sec.gov/Archives/edgar/data/1341439/000156459020056896/0001564590-20-056896-index.htm
Oracle,1341439,capex,PaymentsToAcquirePropertyPlantAndEquipment,2019-06-01,2020-02-29,2020,Q3,10-Q,2020-03-13,1131000000,0001564590-20-010833,https://www.sec.gov/Archives/edgar/data/1341439/000156459020010833/0001564590-20-010833-index.htm
Oracle,1341439,capex,PaymentsToAcquirePropertyPlantAndEquipment,2019-06-01,2020-02-29,2021,Q3,10-Q,2021-03-11,1131000000,0001564590-21-012539,https://www.sec.gov/Archives/edgar/data/1341439/000156459021012539/0001564590-21-012539-index.htm
Oracle,1341439,capex,PaymentsToAcquirePropertyPlantAndEquipment,2019-06-01,2020-05-31,2020,FY,10-K,2020-06-22,1564000000,0001564590-20-030125,https://www.sec.gov/Archives/edgar/data/1341439/000156459020030125/0001564590-20-030125-index.htm
Oracle,1341439,capex,PaymentsToAcquirePropertyPlantAndEquipment,2019-06-01,2020-05-31,2021,FY,10-K,2021-06-21,1564000000,0001564590-21-033616,https://www.sec.gov/Archives/edgar/data/1341439/000156459021033616/0001564590-21-033616-index.htm
Oracle,1341439,capex,PaymentsToAcquirePropertyPlantAndEquipment,2019-06-01,2020-05-31,2022,FY,10-K,2022-06-21,1564000000,0001564590-22-023675,https://www.sec.gov/Archives/edgar/data/1341439/000156459022023675/0001564590-22-023675-index.htm
Oracle,1341439,capex,PaymentsToAcquirePropertyPlantAndEquipment,2020-06-01,2020-08-31,2021,Q1,10-Q,2020-09-15,436000000,0001564590-20-043448,https://www.sec.gov/Archives/edgar/data/1341439/000156459020043448/0001564590-20-043448-index.htm
Oracle,1341439,capex,PaymentsToAcquirePropertyPlantAndEquipment,2020-06-01,2020-08-31,2022,Q1,10-Q,2021-09-13,436000000,0001564590-21-047772,https://www.sec.gov/Archives/edgar/data/1341439/000156459021047772/0001564590-21-047772-index.htm
Oracle,1341439,capex,PaymentsToAcquirePropertyPlantAndEquipment,2020-06-01,2020-11-30,2021,Q2,10-Q,2020-12-11,1004000000,0001564590-20-056896,https://www.sec.gov/Archives/edgar/data/1341439/000156459020056896/0001564590-20-056896-index.htm
Oracle,1341439,capex,PaymentsToAcquirePropertyPlantAndEquipment,2020-06-01,2020-11-30,2022,Q2,10-Q,2021-12-10,1004000000,0001564590-21-060022,https://www.sec.gov/Archives/edgar/data/1341439/000156459021060022/0001564590-21-060022-index.htm
Oracle,1341439,capex,PaymentsToAcquirePropertyPlantAndEquipment,2020-06-01,2021-02-28,2021,Q3,10-Q,2021-03-11,1418000000,0001564590-21-012539,https://www.sec.gov/Archives/edgar/data/1341439/000156459021012539/0001564590-21-012539-index.htm
Oracle,1341439,capex,PaymentsToAcquirePropertyPlantAndEquipment,2020-06-01,2021-02-28,2022,Q3,10-Q,2022-03-11,1418000000,0001564590-22-009859,https://www.sec.gov/Archives/edgar/data/1341439/000156459022009859/0001564590-22-009859-index.htm
Oracle,1341439,capex,PaymentsToAcquirePropertyPlantAndEquipment,2020-06-01,2021-05-31,2021,FY,10-K,2021-06-21,2135000000,0001564590-21-033616,https://www.sec.gov/Archives/edgar/data/1341439/000156459021033616/0001564590-21-033616-index.htm
Oracle,1341439,capex,PaymentsToAcquirePropertyPlantAndEquipment,2020-06-01,2021-05-31,2022,FY,10-K,2022-06-21,2135000000,0001564590-22-023675,https://www.sec.gov/Archives/edgar/data/1341439/000156459022023675/0001564590-22-023675-index.htm
Oracle,1341439,capex,PaymentsToAcquirePropertyPlantAndEquipment,2020-06-01,2021-05-31,2023,FY,10-K,2023-06-20,2135000000,0000950170-23-028914,https://www.sec.gov/Archives/edgar/data/1341439/000095017023028914/0000950170-23-028914-index.htm
Oracle,1341439,capex,PaymentsToAcquirePropertyPlantAndEquipment,2021-06-01,2021-08-31,2022,Q1,10-Q,2021-09-13,1062000000,0001564590-21-047772,https://www.sec.gov/Archives/edgar/data/1341439/000156459021047772/0001564590-21-047772-index.htm
Oracle,1341439,capex,PaymentsToAcquirePropertyPlantAndEquipment,2021-06-01,2021-08-31,2023,Q1,10-Q,2022-09-13,1062000000,0001564590-22-031545,https://www.sec.gov/Archives/edgar/data/1341439/000156459022031545/0001564590-22-031545-index.htm
Oracle,1341439,capex,PaymentsToAcquirePropertyPlantAndEquipment,2021-06-01,2021-11-30,2022,Q2,10-Q,2021-12-10,1987000000,0001564590-21-060022,https://www.sec.gov/Archives/edgar/data/1341439/000156459021060022/0001564590-21-060022-index.htm
Oracle,1341439,capex,PaymentsToAcquirePropertyPlantAndEquipment,2021-06-01,2021-11-30,2023,Q2,10-Q,2022-12-13,1987000000,0001564590-22-039278,https://www.sec.gov/Archives/edgar/data/1341439/000156459022039278/0001564590-22-039278-index.htm
Oracle,1341439,capex,PaymentsToAcquirePropertyPlantAndEquipment,2021-06-01,2022-02-28,2022,Q3,10-Q,2022-03-11,3088000000,0001564590-22-009859,https://www.sec.gov/Archives/edgar/data/1341439/000156459022009859/0001564590-22-009859-index.htm
Oracle,1341439,capex,PaymentsToAcquirePropertyPlantAndEquipment,2021-06-01,2022-02-28,2023,Q3,10-Q,2023-03-10,3088000000,0001564590-23-003413,https://www.sec.gov/Archives/edgar/data/1341439/000156459023003413/0001564590-23-003413-index.htm
Oracle,1341439,capex,PaymentsToAcquirePropertyPlantAndEquipment,2021-06-01,2022-05-31,2022,FY,10-K,2022-06-21,4511000000,0001564590-22-023675,https://www.sec.gov/Archives/edgar/data/1341439/000156459022023675/0001564590-22-023675-index.htm
Oracle,1341439,capex,PaymentsToAcquirePropertyPlantAndEquipment,2021-06-01,2022-05-31,2023,FY,10-K,2023-06-20,4511000000,0000950170-23-028914,https://www.sec.gov/Archives/edgar/data/1341439/000095017023028914/0000950170-23-028914-index.htm
Oracle,1341439,capex,PaymentsToAcquirePropertyPlantAndEquipment,2021-06-01,2022-05-31,2024,FY,10-K,2024-06-20,4511000000,0000950170-24-075605,https://www.sec.gov/Archives/edgar/data/1341439/000095017024075605/0000950170-24-075605-index.htm
Oracle,1341439,capex,PaymentsToAcquirePropertyPlantAndEquipment,2022-06-01,2022-08-31,2023,Q1,10-Q,2022-09-13,1719000000,0001564590-22-031545,https://www.sec.gov/Archives/edgar/data/1341439/000156459022031545/0001564590-22-031545-index.htm
Oracle,1341439,capex,PaymentsToAcquirePropertyPlantAndEquipment,2022-06-01,2022-08-31,2024,Q1,10-Q,2023-09-12,1719000000,0000950170-23-047713,https://www.sec.gov/Archives/edgar/data/1341439/000095017023047713/0000950170-23-047713-index.htm
Oracle,1341439,capex,PaymentsToAcquirePropertyPlantAndEquipment,2022-06-01,2022-11-30,2023,Q2,10-Q,2022-12-13,4154000000,0001564590-22-039278,https://www.sec.gov/Archives/edgar/data/1341439/000156459022039278/0001564590-22-039278-index.htm
Oracle,1341439,capex,PaymentsToAcquirePropertyPlantAndEquipment,2022-06-01,2022-11-30,2024,Q2,10-Q,2023-12-12,4154000000,0000950170-23-069682,https://www.sec.gov/Archives/edgar/data/1341439/000095017023069682/0000950170-23-069682-index.htm
Oracle,1341439,capex,PaymentsToAcquirePropertyPlantAndEquipment,2022-06-01,2023-02-28,2023,Q3,10-Q,2023-03-10,6782000000,0001564590-23-003413,https://www.sec.gov/Archives/edgar/data/1341439/000156459023003413/0001564590-23-003413-index.htm
Oracle,1341439,capex,PaymentsToAcquirePropertyPlantAndEquipment,2022-06-01,2023-02-28,2024,Q3,10-Q,2024-03-12,6782000000,0000950170-24-029904,https://www.sec.gov/Archives/edgar/data/1341439/000095017024029904/0000950170-24-029904-index.htm
Oracle,1341439,capex,PaymentsToAcquirePropertyPlantAndEquipment,2022-06-01,2023-05-31,2023,FY,10-K,2023-06-20,8695000000,0000950170-23-028914,https://www.sec.gov/Archives/edgar/data/1341439/000095017023028914/0000950170-23-028914-index.htm
Oracle,1341439,capex,PaymentsToAcquirePropertyPlantAndEquipment,2022-06-01,2023-05-31,2024,FY,10-K,2024-06-20,8695000000,0000950170-24-075605,https://www.sec.gov/Archives/edgar/data/1341439/000095017024075605/0000950170-24-075605-index.htm
Oracle,1341439,capex,PaymentsToAcquirePropertyPlantAndEquipment,2022-06-01,2023-05-31,2025,FY,10-K,2025-06-18,8695000000,0000950170-25-087926,https://www.sec.gov/Archives/edgar/data/1341439/000095017025087926/0000950170-25-087926-index.htm
Oracle,1341439,capex,PaymentsToAcquirePropertyPlantAndEquipment,2023-06-01,2023-08-31,2024,Q1,10-Q,2023-09-12,1314000000,0000950170-23-047713,https://www.sec.gov/Archives/edgar/data/1341439/000095017023047713/0000950170-23-047713-index.htm
Oracle,1341439,capex,PaymentsToAcquirePropertyPlantAndEquipment,2023-06-01,2023-08-31,2025,Q1,10-Q,2024-09-10,1314000000,0000950170-24-104905,https://www.sec.gov/Archives/edgar/data/1341439/000095017024104905/0000950170-24-104905-index.htm
Oracle,1341439,capex,PaymentsToAcquirePropertyPlantAndEquipment,2023-06-01,2023-11-30,2024,Q2,10-Q,2023-12-12,2394000000,0000950170-23-069682,https://www.sec.gov/Archives/edgar/data/1341439/000095017023069682/0000950170-23-069682-index.htm
Oracle,1341439,capex,PaymentsToAcquirePropertyPlantAndEquipment,2023-06-01,2023-11-30,2025,Q2,10-Q,2024-12-10,2394000000,0000950170-24-134973,https://www.sec.gov/Archives/edgar/data/1341439/000095017024134973/0000950170-24-134973-index.htm
Oracle,1341439,capex,PaymentsToAcquirePropertyPlantAndEquipment,2023-06-01,2024-02-29,2024,Q3,10-Q,2024-03-12,4068000000,0000950170-24-029904,https://www.sec.gov/Archives/edgar/data/1341439/000095017024029904/0000950170-24-029904-index.htm
Oracle,1341439,capex,PaymentsToAcquirePropertyPlantAndEquipment,2023-06-01,2024-02-29,2025,Q3,10-Q,2025-03-11,4068000000,0000950170-25-037143,https://www.sec.gov/Archives/edgar/data/1341439/000095017025037143/0000950170-25-037143-index.htm
Oracle,1341439,capex,PaymentsToAcquirePropertyPlantAndEquipment,2023-06-01,2024-05-31,2024,FY,10-K,2024-06-20,6866000000,0000950170-24-075605,https://www.sec.gov/Archives/edgar/data/1341439/000095017024075605/0000950170-24-075605-index.htm
Oracle,1341439,capex,PaymentsToAcquirePropertyPlantAndEquipment,2023-06-01,2024-05-31,2025,FY,10-K,2025-06-18,6866000000,0000950170-25-087926,https://www.sec.gov/Archives/edgar/data/1341439/000095017025087926/0000950170-25-087926-index.htm
Oracle,1341439,capex,PaymentsToAcquirePropertyPlantAndEquipment,2023-06-01,2024-05-31,2026,FY,10-K,2026-06-22,6866000000,0001193125-26-277521,https://www.sec.gov/Archives/edgar/data/1341439/000119312526277521/0001193125-26-277521-index.htm
Oracle,1341439,capex,PaymentsToAcquirePropertyPlantAndEquipment,2024-06-01,2024-08-31,2025,Q1,10-Q,2024-09-10,2303000000,0000950170-24-104905,https://www.sec.gov/Archives/edgar/data/1341439/000095017024104905/0000950170-24-104905-index.htm
Oracle,1341439,capex,PaymentsToAcquirePropertyPlantAndEquipment,2024-06-01,2024-08-31,2026,Q1,10-Q,2025-09-10,2303000000,0001193125-25-200095,https://www.sec.gov/Archives/edgar/data/1341439/000119312525200095/0001193125-25-200095-index.htm
Oracle,1341439,capex,PaymentsToAcquirePropertyPlantAndEquipment,2024-06-01,2024-11-30,2025,Q2,10-Q,2024-12-10,6273000000,0000950170-24-134973,https://www.sec.gov/Archives/edgar/data/1341439/000095017024134973/0000950170-24-134973-index.htm
Oracle,1341439,capex,PaymentsToAcquirePropertyPlantAndEquipment,2024-06-01,2024-11-30,2026,Q2,10-Q,2025-12-11,6273000000,0001193125-25-315925,https://www.sec.gov/Archives/edgar/data/1341439/000119312525315925/0001193125-25-315925-index.htm
Oracle,1341439,capex,PaymentsToAcquirePropertyPlantAndEquipment,2024-06-01,2025-02-28,2025,Q3,10-Q,2025-03-11,12135000000,0000950170-25-037143,https://www.sec.gov/Archives/edgar/data/1341439/000095017025037143/0000950170-25-037143-index.htm
Oracle,1341439,capex,PaymentsToAcquirePropertyPlantAndEquipment,2024-06-01,2025-02-28,2026,Q3,10-Q,2026-03-11,12135000000,0001193125-26-101045,https://www.sec.gov/Archives/edgar/data/1341439/000119312526101045/0001193125-26-101045-index.htm
Oracle,1341439,capex,PaymentsToAcquirePropertyPlantAndEquipment,2024-06-01,2025-05-31,2025,FY,10-K,2025-06-18,21215000000,0000950170-25-087926,https://www.sec.gov/Archives/edgar/data/1341439/000095017025087926/0000950170-25-087926-index.htm
Oracle,1341439,capex,PaymentsToAcquirePropertyPlantAndEquipment,2024-06-01,2025-05-31,2026,FY,10-K,2026-06-22,21215000000,0001193125-26-277521,https://www.sec.gov/Archives/edgar/data/1341439/000119312526277521/0001193125-26-277521-index.htm
Oracle,1341439,capex,PaymentsToAcquirePropertyPlantAndEquipment,2025-06-01,2025-08-31,2026,Q1,10-Q,2025-09-10,8502000000,0001193125-25-200095,https://www.sec.gov/Archives/edgar/data/1341439/000119312525200095/0001193125-25-200095-index.htm
Oracle,1341439,capex,PaymentsToAcquirePropertyPlantAndEquipment,2025-06-01,2025-11-30,2026,Q2,10-Q,2025-12-11,20535000000,0001193125-25-315925,https://www.sec.gov/Archives/edgar/data/1341439/000119312525315925/0001193125-25-315925-index.htm
Oracle,1341439,capex,PaymentsToAcquirePropertyPlantAndEquipment,2025-06-01,2026-02-28,2026,Q3,10-Q,2026-03-11,39170000000,0001193125-26-101045,https://www.sec.gov/Archives/edgar/data/1341439/000119312526101045/0001193125-26-101045-index.htm
Oracle,1341439,capex,PaymentsToAcquirePropertyPlantAndEquipment,2025-06-01,2026-05-31,2026,FY,10-K,2026-06-22,55663000000,0001193125-26-277521,https://www.sec.gov/Archives/edgar/data/1341439/000119312526277521/0001193125-26-277521-index.htm
Oracle,1341439,revenue,RevenueFromContractWithCustomerExcludingAssessedTax,2016-06-01,2017-05-31,2019,FY,10-K,2019-06-21,37792000000,0001564590-19-023119,https://www.sec.gov/Archives/edgar/data/1341439/000156459019023119/0001564590-19-023119-index.htm
Oracle,1341439,revenue,RevenueFromContractWithCustomerExcludingAssessedTax,2017-06-01,2017-08-31,2019,Q1,10-Q,2018-09-19,9104000000,0001564590-18-023315,https://www.sec.gov/Archives/edgar/data/1341439/000156459018023315/0001564590-18-023315-index.htm
Oracle,1341439,revenue,RevenueFromContractWithCustomerExcludingAssessedTax,2017-06-01,2017-11-30,2019,Q2,10-Q,2018-12-19,18693000000,0001564590-18-031113,https://www.sec.gov/Archives/edgar/data/1341439/000156459018031113/0001564590-18-031113-index.htm
Oracle,1341439,revenue,RevenueFromContractWithCustomerExcludingAssessedTax,2017-09-01,2017-11-30,2019,Q2,10-Q,2018-12-19,9589000000,0001564590-18-031113,https://www.sec.gov/Archives/edgar/data/1341439/000156459018031113/0001564590-18-031113-index.htm
Oracle,1341439,revenue,RevenueFromContractWithCustomerExcludingAssessedTax,2017-06-01,2018-02-28,2019,Q3,10-Q,2019-03-18,28369000000,0001564590-19-008273,https://www.sec.gov/Archives/edgar/data/1341439/000156459019008273/0001564590-19-008273-index.htm
Oracle,1341439,revenue,RevenueFromContractWithCustomerExcludingAssessedTax,2017-12-01,2018-02-28,2019,Q3,10-Q,2019-03-18,9676000000,0001564590-19-008273,https://www.sec.gov/Archives/edgar/data/1341439/000156459019008273/0001564590-19-008273-index.htm
Oracle,1341439,revenue,RevenueFromContractWithCustomerExcludingAssessedTax,2017-06-01,2018-05-31,2019,FY,10-K,2019-06-21,39383000000,0001564590-19-023119,https://www.sec.gov/Archives/edgar/data/1341439/000156459019023119/0001564590-19-023119-index.htm
Oracle,1341439,revenue,RevenueFromContractWithCustomerExcludingAssessedTax,2017-06-01,2018-05-31,2020,FY,10-K,2020-06-22,39383000000,0001564590-20-030125,https://www.sec.gov/Archives/edgar/data/1341439/000156459020030125/0001564590-20-030125-index.htm
Oracle,1341439,revenue,RevenueFromContractWithCustomerExcludingAssessedTax,2018-06-01,2018-08-31,2019,Q1,10-Q,2018-09-19,9193000000,0001564590-18-023315,https://www.sec.gov/Archives/edgar/data/1341439/000156459018023315/0001564590-18-023315-index.htm
Oracle,1341439,revenue,RevenueFromContractWithCustomerExcludingAssessedTax,2018-06-01,2018-08-31,2020,Q1,10-Q,2019-09-13,9193000000,0001564590-19-034717,https://www.sec.gov/Archives/edgar/data/1341439/000156459019034717/0001564590-19-034717-index.htm
Oracle,1341439,revenue,RevenueFromContractWithCustomerExcludingAssessedTax,2018-06-01,2018-11-30,2019,Q2,10-Q,2018-12-19,18755000000,0001564590-18-031113,https://www.sec.gov/Archives/edgar/data/1341439/000156459018031113/0001564590-18-031113-index.htm
Oracle,1341439,revenue,RevenueFromContractWithCustomerExcludingAssessedTax,2018-06-01,2018-11-30,2020,Q2,10-Q,2019-12-13,18755000000,0001564590-19-045966,https://www.sec.gov/Archives/edgar/data/1341439/000156459019045966/0001564590-19-045966-index.htm
Oracle,1341439,revenue,RevenueFromContractWithCustomerExcludingAssessedTax,2018-09-01,2018-11-30,2019,Q2,10-Q,2018-12-19,9562000000,0001564590-18-031113,https://www.sec.gov/Archives/edgar/data/1341439/000156459018031113/0001564590-18-031113-index.htm
Oracle,1341439,revenue,RevenueFromContractWithCustomerExcludingAssessedTax,2018-09-01,2018-11-30,2020,Q2,10-Q,2019-12-13,9562000000,0001564590-19-045966,https://www.sec.gov/Archives/edgar/data/1341439/000156459019045966/0001564590-19-045966-index.htm
Oracle,1341439,revenue,RevenueFromContractWithCustomerExcludingAssessedTax,2018-06-01,2019-02-28,2019,Q3,10-Q,2019-03-18,28369000000,0001564590-19-008273,https://www.sec.gov/Archives/edgar/data/1341439/000156459019008273/0001564590-19-008273-index.htm
Oracle,1341439,revenue,RevenueFromContractWithCustomerExcludingAssessedTax,2018-06-01,2019-02-28,2020,Q3,10-Q,2020-03-13,28369000000,0001564590-20-010833,https://www.sec.gov/Archives/edgar/data/1341439/000156459020010833/0001564590-20-010833-index.htm
Oracle,1341439,revenue,RevenueFromContractWithCustomerExcludingAssessedTax,2018-12-01,2019-02-28,2019,Q3,10-Q,2019-03-18,9614000000,0001564590-19-008273,https://www.sec.gov/Archives/edgar/data/1341439/000156459019008273/0001564590-19-008273-index.htm
Oracle,1341439,revenue,RevenueFromContractWithCustomerExcludingAssessedTax,2018-12-01,2019-02-28,2020,Q3,10-Q,2020-03-13,9614000000,0001564590-20-010833,https://www.sec.gov/Archives/edgar/data/1341439/000156459020010833/0001564590-20-010833-index.htm
Oracle,1341439,revenue,RevenueFromContractWithCustomerExcludingAssessedTax,2018-06-01,2019-05-31,2019,FY,10-K,2019-06-21,39506000000,0001564590-19-023119,https://www.sec.gov/Archives/edgar/data/1341439/000156459019023119/0001564590-19-023119-index.htm
Oracle,1341439,revenue,RevenueFromContractWithCustomerExcludingAssessedTax,2018-06-01,2019-05-31,2020,FY,10-K,2020-06-22,39506000000,0001564590-20-030125,https://www.sec.gov/Archives/edgar/data/1341439/000156459020030125/0001564590-20-030125-index.htm
Oracle,1341439,revenue,RevenueFromContractWithCustomerExcludingAssessedTax,2018-06-01,2019-05-31,2021,FY,10-K,2021-06-21,39506000000,0001564590-21-033616,https://www.sec.gov/Archives/edgar/data/1341439/000156459021033616/0001564590-21-033616-index.htm
Oracle,1341439,revenue,RevenueFromContractWithCustomerExcludingAssessedTax,2019-06-01,2019-08-31,2020,Q1,10-Q,2019-09-13,9218000000,0001564590-19-034717,https://www.sec.gov/Archives/edgar/data/1341439/000156459019034717/0001564590-19-034717-index.htm
Oracle,1341439,revenue,RevenueFromContractWithCustomerExcludingAssessedTax,2019-06-01,2019-08-31,2021,Q1,10-Q,2020-09-15,9218000000,0001564590-20-043448,https://www.sec.gov/Archives/edgar/data/1341439/000156459020043448/0001564590-20-043448-index.htm
Oracle,1341439,revenue,RevenueFromContractWithCustomerExcludingAssessedTax,2019-06-01,2019-11-30,2020,Q2,10-Q,2019-12-13,18832000000,0001564590-19-045966,https://www.sec.gov/Archives/edgar/data/1341439/000156459019045966/0001564590-19-045966-index.htm
Oracle,1341439,revenue,RevenueFromContractWithCustomerExcludingAssessedTax,2019-06-01,2019-11-30,2021,Q2,10-Q,2020-12-11,18832000000,0001564590-20-056896,https://www.sec.gov/Archives/edgar/data/1341439/000156459020056896/0001564590-20-056896-index.htm
Oracle,1341439,revenue,RevenueFromContractWithCustomerExcludingAssessedTax,2019-09-01,2019-11-30,2020,Q2,10-Q,2019-12-13,9614000000,0001564590-19-045966,https://www.sec.gov/Archives/edgar/data/1341439/000156459019045966/0001564590-19-045966-index.htm
Oracle,1341439,revenue,RevenueFromContractWithCustomerExcludingAssessedTax,2019-09-01,2019-11-30,2021,Q2,10-Q,2020-12-11,9614000000,0001564590-20-056896,https://www.sec.gov/Archives/edgar/data/1341439/000156459020056896/0001564590-20-056896-index.htm
Oracle,1341439,revenue,RevenueFromContractWithCustomerExcludingAssessedTax,2019-06-01,2020-02-29,2020,Q3,10-Q,2020-03-13,28629000000,0001564590-20-010833,https://www.sec.gov/Archives/edgar/data/1341439/000156459020010833/0001564590-20-010833-index.htm
Oracle,1341439,revenue,RevenueFromContractWithCustomerExcludingAssessedTax,2019-06-01,2020-02-29,2021,Q3,10-Q,2021-03-11,28629000000,0001564590-21-012539,https://www.sec.gov/Archives/edgar/data/1341439/000156459021012539/0001564590-21-012539-index.htm
Oracle,1341439,revenue,RevenueFromContractWithCustomerExcludingAssessedTax,2019-12-01,2020-02-29,2020,Q3,10-Q,2020-03-13,9796000000,0001564590-20-010833,https://www.sec.gov/Archives/edgar/data/1341439/000156459020010833/0001564590-20-010833-index.htm
Oracle,1341439,revenue,RevenueFromContractWithCustomerExcludingAssessedTax,2019-12-01,2020-02-29,2021,Q3,10-Q,2021-03-11,9796000000,0001564590-21-012539,https://www.sec.gov/Archives/edgar/data/1341439/000156459021012539/0001564590-21-012539-index.htm
Oracle,1341439,revenue,RevenueFromContractWithCustomerExcludingAssessedTax,2019-06-01,2020-05-31,2020,FY,10-K,2020-06-22,39068000000,0001564590-20-030125,https://www.sec.gov/Archives/edgar/data/1341439/000156459020030125/0001564590-20-030125-index.htm
Oracle,1341439,revenue,RevenueFromContractWithCustomerExcludingAssessedTax,2019-06-01,2020-05-31,2021,FY,10-K,2021-06-21,39068000000,0001564590-21-033616,https://www.sec.gov/Archives/edgar/data/1341439/000156459021033616/0001564590-21-033616-index.htm
Oracle,1341439,revenue,RevenueFromContractWithCustomerExcludingAssessedTax,2019-06-01,2020-05-31,2022,FY,10-K,2022-06-21,39068000000,0001564590-22-023675,https://www.sec.gov/Archives/edgar/data/1341439/000156459022023675/0001564590-22-023675-index.htm
Oracle,1341439,revenue,RevenueFromContractWithCustomerExcludingAssessedTax,2020-06-01,2020-08-31,2021,Q1,10-Q,2020-09-15,9367000000,0001564590-20-043448,https://www.sec.gov/Archives/edgar/data/1341439/000156459020043448/0001564590-20-043448-index.htm
Oracle,1341439,revenue,RevenueFromContractWithCustomerExcludingAssessedTax,2020-06-01,2020-08-31,2022,Q1,10-Q,2021-09-13,9367000000,0001564590-21-047772,https://www.sec.gov/Archives/edgar/data/1341439/000156459021047772/0001564590-21-047772-index.htm
Oracle,1341439,revenue,RevenueFromContractWithCustomerExcludingAssessedTax,2020-06-01,2020-11-30,2021,Q2,10-Q,2020-12-11,19167000000,0001564590-20-056896,https://www.sec.gov/Archives/edgar/data/1341439/000156459020056896/0001564590-20-056896-index.htm
Oracle,1341439,revenue,RevenueFromContractWithCustomerExcludingAssessedTax,2020-06-01,2020-11-30,2022,Q2,10-Q,2021-12-10,19167000000,0001564590-21-060022,https://www.sec.gov/Archives/edgar/data/1341439/000156459021060022/0001564590-21-060022-index.htm
Oracle,1341439,revenue,RevenueFromContractWithCustomerExcludingAssessedTax,2020-09-01,2020-11-30,2021,Q2,10-Q,2020-12-11,9800000000,0001564590-20-056896,https://www.sec.gov/Archives/edgar/data/1341439/000156459020056896/0001564590-20-056896-index.htm
Oracle,1341439,revenue,RevenueFromContractWithCustomerExcludingAssessedTax,2020-09-01,2020-11-30,2022,Q2,10-Q,2021-12-10,9800000000,0001564590-21-060022,https://www.sec.gov/Archives/edgar/data/1341439/000156459021060022/0001564590-21-060022-index.htm
Oracle,1341439,revenue,RevenueFromContractWithCustomerExcludingAssessedTax,2020-06-01,2021-02-28,2021,Q3,10-Q,2021-03-11,29252000000,0001564590-21-012539,https://www.sec.gov/Archives/edgar/data/1341439/000156459021012539/0001564590-21-012539-index.htm
Oracle,1341439,revenue,RevenueFromContractWithCustomerExcludingAssessedTax,2020-06-01,2021-02-28,2022,Q3,10-Q,2022-03-11,29252000000,0001564590-22-009859,https://www.sec.gov/Archives/edgar/data/1341439/000156459022009859/0001564590-22-009859-index.htm
Oracle,1341439,revenue,RevenueFromContractWithCustomerExcludingAssessedTax,2020-12-01,2021-02-28,2021,Q3,10-Q,2021-03-11,10085000000,0001564590-21-012539,https://www.sec.gov/Archives/edgar/data/1341439/000156459021012539/0001564590-21-012539-index.htm
Oracle,1341439,revenue,RevenueFromContractWithCustomerExcludingAssessedTax,2020-12-01,2021-02-28,2022,Q3,10-Q,2022-03-11,10085000000,0001564590-22-009859,https://www.sec.gov/Archives/edgar/data/1341439/000156459022009859/0001564590-22-009859-index.htm
Oracle,1341439,revenue,RevenueFromContractWithCustomerExcludingAssessedTax,2020-06-01,2021-05-31,2021,FY,10-K,2021-06-21,40479000000,0001564590-21-033616,https://www.sec.gov/Archives/edgar/data/1341439/000156459021033616/0001564590-21-033616-index.htm
Oracle,1341439,revenue,RevenueFromContractWithCustomerExcludingAssessedTax,2020-06-01,2021-05-31,2022,FY,10-K,2022-06-21,40479000000,0001564590-22-023675,https://www.sec.gov/Archives/edgar/data/1341439/000156459022023675/0001564590-22-023675-index.htm
Oracle,1341439,revenue,RevenueFromContractWithCustomerExcludingAssessedTax,2020-06-01,2021-05-31,2023,FY,10-K,2023-06-20,40479000000,0000950170-23-028914,https://www.sec.gov/Archives/edgar/data/1341439/000095017023028914/0000950170-23-028914-index.htm
Oracle,1341439,revenue,RevenueFromContractWithCustomerExcludingAssessedTax,2021-06-01,2021-08-31,2022,Q1,10-Q,2021-09-13,9728000000,0001564590-21-047772,https://www.sec.gov/Archives/edgar/data/1341439/000156459021047772/0001564590-21-047772-index.htm
Oracle,1341439,revenue,RevenueFromContractWithCustomerExcludingAssessedTax,2021-06-01,2021-08-31,2023,Q1,10-Q,2022-09-13,9728000000,0001564590-22-031545,https://www.sec.gov/Archives/edgar/data/1341439/000156459022031545/0001564590-22-031545-index.htm
Oracle,1341439,revenue,RevenueFromContractWithCustomerExcludingAssessedTax,2021-06-01,2021-11-30,2022,Q2,10-Q,2021-12-10,20087000000,0001564590-21-060022,https://www.sec.gov/Archives/edgar/data/1341439/000156459021060022/0001564590-21-060022-index.htm
Oracle,1341439,revenue,RevenueFromContractWithCustomerExcludingAssessedTax,2021-06-01,2021-11-30,2023,Q2,10-Q,2022-12-13,20087000000,0001564590-22-039278,https://www.sec.gov/Archives/edgar/data/1341439/000156459022039278/0001564590-22-039278-index.htm
Oracle,1341439,revenue,RevenueFromContractWithCustomerExcludingAssessedTax,2021-09-01,2021-11-30,2022,Q2,10-Q,2021-12-10,10360000000,0001564590-21-060022,https://www.sec.gov/Archives/edgar/data/1341439/000156459021060022/0001564590-21-060022-index.htm
Oracle,1341439,revenue,RevenueFromContractWithCustomerExcludingAssessedTax,2021-09-01,2021-11-30,2023,Q2,10-Q,2022-12-13,10360000000,0001564590-22-039278,https://www.sec.gov/Archives/edgar/data/1341439/000156459022039278/0001564590-22-039278-index.htm
Oracle,1341439,revenue,RevenueFromContractWithCustomerExcludingAssessedTax,2021-06-01,2022-02-28,2022,Q3,10-Q,2022-03-11,30600000000,0001564590-22-009859,https://www.sec.gov/Archives/edgar/data/1341439/000156459022009859/0001564590-22-009859-index.htm
Oracle,1341439,revenue,RevenueFromContractWithCustomerExcludingAssessedTax,2021-06-01,2022-02-28,2023,Q3,10-Q,2023-03-10,30600000000,0001564590-23-003413,https://www.sec.gov/Archives/edgar/data/1341439/000156459023003413/0001564590-23-003413-index.htm
Oracle,1341439,revenue,RevenueFromContractWithCustomerExcludingAssessedTax,2021-12-01,2022-02-28,2022,Q3,10-Q,2022-03-11,10513000000,0001564590-22-009859,https://www.sec.gov/Archives/edgar/data/1341439/000156459022009859/0001564590-22-009859-index.htm
Oracle,1341439,revenue,RevenueFromContractWithCustomerExcludingAssessedTax,2021-12-01,2022-02-28,2023,Q3,10-Q,2023-03-10,10513000000,0001564590-23-003413,https://www.sec.gov/Archives/edgar/data/1341439/000156459023003413/0001564590-23-003413-index.htm
Oracle,1341439,revenue,RevenueFromContractWithCustomerExcludingAssessedTax,2021-06-01,2022-05-31,2022,FY,10-K,2022-06-21,42440000000,0001564590-22-023675,https://www.sec.gov/Archives/edgar/data/1341439/000156459022023675/0001564590-22-023675-index.htm
Oracle,1341439,revenue,RevenueFromContractWithCustomerExcludingAssessedTax,2021-06-01,2022-05-31,2023,FY,10-K,2023-06-20,42440000000,0000950170-23-028914,https://www.sec.gov/Archives/edgar/data/1341439/000095017023028914/0000950170-23-028914-index.htm
Oracle,1341439,revenue,RevenueFromContractWithCustomerExcludingAssessedTax,2021-06-01,2022-05-31,2024,FY,10-K,2024-06-20,42440000000,0000950170-24-075605,https://www.sec.gov/Archives/edgar/data/1341439/000095017024075605/0000950170-24-075605-index.htm
Oracle,1341439,revenue,RevenueFromContractWithCustomerExcludingAssessedTax,2022-06-01,2022-08-31,2023,Q1,10-Q,2022-09-13,11445000000,0001564590-22-031545,https://www.sec.gov/Archives/edgar/data/1341439/000156459022031545/0001564590-22-031545-index.htm
Oracle,1341439,revenue,RevenueFromContractWithCustomerExcludingAssessedTax,2022-06-01,2022-08-31,2024,Q1,10-Q,2023-09-12,11445000000,0000950170-23-047713,https://www.sec.gov/Archives/edgar/data/1341439/000095017023047713/0000950170-23-047713-index.htm
Oracle,1341439,revenue,RevenueFromContractWithCustomerExcludingAssessedTax,2022-06-01,2022-11-30,2023,Q2,10-Q,2022-12-13,23720000000,0001564590-22-039278,https://www.sec.gov/Archives/edgar/data/1341439/000156459022039278/0001564590-22-039278-index.htm
Oracle,1341439,revenue,RevenueFromContractWithCustomerExcludingAssessedTax,2022-06-01,2022-11-30,2024,Q2,10-Q,2023-12-12,23720000000,0000950170-23-069682,https://www.sec.gov/Archives/edgar/data/1341439/000095017023069682/0000950170-23-069682-index.htm
Oracle,1341439,revenue,RevenueFromContractWithCustomerExcludingAssessedTax,2022-09-01,2022-11-30,2023,Q2,10-Q,2022-12-13,12275000000,0001564590-22-039278,https://www.sec.gov/Archives/edgar/data/1341439/000156459022039278/0001564590-22-039278-index.htm
Oracle,1341439,revenue,RevenueFromContractWithCustomerExcludingAssessedTax,2022-09-01,2022-11-30,2024,Q2,10-Q,2023-12-12,12275000000,0000950170-23-069682,https://www.sec.gov/Archives/edgar/data/1341439/000095017023069682/0000950170-23-069682-index.htm
Oracle,1341439,revenue,RevenueFromContractWithCustomerExcludingAssessedTax,2022-06-01,2023-02-28,2023,Q3,10-Q,2023-03-10,36118000000,0001564590-23-003413,https://www.sec.gov/Archives/edgar/data/1341439/000156459023003413/0001564590-23-003413-index.htm
Oracle,1341439,revenue,RevenueFromContractWithCustomerExcludingAssessedTax,2022-06-01,2023-02-28,2024,Q3,10-Q,2024-03-12,36118000000,0000950170-24-029904,https://www.sec.gov/Archives/edgar/data/1341439/000095017024029904/0000950170-24-029904-index.htm
Oracle,1341439,revenue,RevenueFromContractWithCustomerExcludingAssessedTax,2022-12-01,2023-02-28,2023,Q3,10-Q,2023-03-10,12398000000,0001564590-23-003413,https://www.sec.gov/Archives/edgar/data/1341439/000156459023003413/0001564590-23-003413-index.htm
Oracle,1341439,revenue,RevenueFromContractWithCustomerExcludingAssessedTax,2022-12-01,2023-02-28,2024,Q3,10-Q,2024-03-12,12398000000,0000950170-24-029904,https://www.sec.gov/Archives/edgar/data/1341439/000095017024029904/0000950170-24-029904-index.htm
Oracle,1341439,revenue,RevenueFromContractWithCustomerExcludingAssessedTax,2022-06-01,2023-05-31,2023,FY,10-K,2023-06-20,49954000000,0000950170-23-028914,https://www.sec.gov/Archives/edgar/data/1341439/000095017023028914/0000950170-23-028914-index.htm
Oracle,1341439,revenue,RevenueFromContractWithCustomerExcludingAssessedTax,2022-06-01,2023-05-31,2024,FY,10-K,2024-06-20,49954000000,0000950170-24-075605,https://www.sec.gov/Archives/edgar/data/1341439/000095017024075605/0000950170-24-075605-index.htm
Oracle,1341439,revenue,RevenueFromContractWithCustomerExcludingAssessedTax,2022-06-01,2023-05-31,2025,FY,10-K,2025-06-18,49954000000,0000950170-25-087926,https://www.sec.gov/Archives/edgar/data/1341439/000095017025087926/0000950170-25-087926-index.htm
Oracle,1341439,revenue,RevenueFromContractWithCustomerExcludingAssessedTax,2023-06-01,2023-08-31,2024,Q1,10-Q,2023-09-12,12453000000,0000950170-23-047713,https://www.sec.gov/Archives/edgar/data/1341439/000095017023047713/0000950170-23-047713-index.htm
Oracle,1341439,revenue,RevenueFromContractWithCustomerExcludingAssessedTax,2023-06-01,2023-08-31,2025,Q1,10-Q,2024-09-10,12453000000,0000950170-24-104905,https://www.sec.gov/Archives/edgar/data/1341439/000095017024104905/0000950170-24-104905-index.htm
Oracle,1341439,revenue,RevenueFromContractWithCustomerExcludingAssessedTax,2023-06-01,2023-11-30,2024,Q2,10-Q,2023-12-12,25394000000,0000950170-23-069682,https://www.sec.gov/Archives/edgar/data/1341439/000095017023069682/0000950170-23-069682-index.htm
Oracle,1341439,revenue,RevenueFromContractWithCustomerExcludingAssessedTax,2023-06-01,2023-11-30,2025,Q2,10-Q,2024-12-10,25394000000,0000950170-24-134973,https://www.sec.gov/Archives/edgar/data/1341439/000095017024134973/0000950170-24-134973-index.htm
Oracle,1341439,revenue,RevenueFromContractWithCustomerExcludingAssessedTax,2023-09-01,2023-11-30,2024,Q2,10-Q,2023-12-12,12941000000,0000950170-23-069682,https://www.sec.gov/Archives/edgar/data/1341439/000095017023069682/0000950170-23-069682-index.htm
Oracle,1341439,revenue,RevenueFromContractWithCustomerExcludingAssessedTax,2023-09-01,2023-11-30,2025,Q2,10-Q,2024-12-10,12941000000,0000950170-24-134973,https://www.sec.gov/Archives/edgar/data/1341439/000095017024134973/0000950170-24-134973-index.htm
Oracle,1341439,revenue,RevenueFromContractWithCustomerExcludingAssessedTax,2023-06-01,2024-02-29,2024,Q3,10-Q,2024-03-12,38674000000,0000950170-24-029904,https://www.sec.gov/Archives/edgar/data/1341439/000095017024029904/0000950170-24-029904-index.htm
Oracle,1341439,revenue,RevenueFromContractWithCustomerExcludingAssessedTax,2023-06-01,2024-02-29,2025,Q3,10-Q,2025-03-11,38674000000,0000950170-25-037143,https://www.sec.gov/Archives/edgar/data/1341439/000095017025037143/0000950170-25-037143-index.htm
Oracle,1341439,revenue,RevenueFromContractWithCustomerExcludingAssessedTax,2023-12-01,2024-02-29,2024,Q3,10-Q,2024-03-12,13280000000,0000950170-24-029904,https://www.sec.gov/Archives/edgar/data/1341439/000095017024029904/0000950170-24-029904-index.htm
Oracle,1341439,revenue,RevenueFromContractWithCustomerExcludingAssessedTax,2023-12-01,2024-02-29,2025,Q3,10-Q,2025-03-11,13280000000,0000950170-25-037143,https://www.sec.gov/Archives/edgar/data/1341439/000095017025037143/0000950170-25-037143-index.htm
Oracle,1341439,revenue,RevenueFromContractWithCustomerExcludingAssessedTax,2023-06-01,2024-05-31,2024,FY,10-K,2024-06-20,52961000000,0000950170-24-075605,https://www.sec.gov/Archives/edgar/data/1341439/000095017024075605/0000950170-24-075605-index.htm
Oracle,1341439,revenue,RevenueFromContractWithCustomerExcludingAssessedTax,2023-06-01,2024-05-31,2025,FY,10-K,2025-06-18,52961000000,0000950170-25-087926,https://www.sec.gov/Archives/edgar/data/1341439/000095017025087926/0000950170-25-087926-index.htm
Oracle,1341439,revenue,RevenueFromContractWithCustomerExcludingAssessedTax,2023-06-01,2024-05-31,2026,FY,10-K,2026-06-22,52961000000,0001193125-26-277521,https://www.sec.gov/Archives/edgar/data/1341439/000119312526277521/0001193125-26-277521-index.htm
Oracle,1341439,revenue,RevenueFromContractWithCustomerExcludingAssessedTax,2024-06-01,2024-08-31,2025,Q1,10-Q,2024-09-10,13307000000,0000950170-24-104905,https://www.sec.gov/Archives/edgar/data/1341439/000095017024104905/0000950170-24-104905-index.htm
Oracle,1341439,revenue,RevenueFromContractWithCustomerExcludingAssessedTax,2024-06-01,2024-08-31,2026,Q1,10-Q,2025-09-10,13307000000,0001193125-25-200095,https://www.sec.gov/Archives/edgar/data/1341439/000119312525200095/0001193125-25-200095-index.htm
Oracle,1341439,revenue,RevenueFromContractWithCustomerExcludingAssessedTax,2024-06-01,2024-11-30,2025,Q2,10-Q,2024-12-10,27366000000,0000950170-24-134973,https://www.sec.gov/Archives/edgar/data/1341439/000095017024134973/0000950170-24-134973-index.htm
Oracle,1341439,revenue,RevenueFromContractWithCustomerExcludingAssessedTax,2024-06-01,2024-11-30,2026,Q2,10-Q,2025-12-11,27366000000,0001193125-25-315925,https://www.sec.gov/Archives/edgar/data/1341439/000119312525315925/0001193125-25-315925-index.htm
Oracle,1341439,revenue,RevenueFromContractWithCustomerExcludingAssessedTax,2024-09-01,2024-11-30,2025,Q2,10-Q,2024-12-10,14059000000,0000950170-24-134973,https://www.sec.gov/Archives/edgar/data/1341439/000095017024134973/0000950170-24-134973-index.htm
Oracle,1341439,revenue,RevenueFromContractWithCustomerExcludingAssessedTax,2024-09-01,2024-11-30,2026,Q2,10-Q,2025-12-11,14059000000,0001193125-25-315925,https://www.sec.gov/Archives/edgar/data/1341439/000119312525315925/0001193125-25-315925-index.htm
Oracle,1341439,revenue,RevenueFromContractWithCustomerExcludingAssessedTax,2024-06-01,2025-02-28,2025,Q3,10-Q,2025-03-11,41496000000,0000950170-25-037143,https://www.sec.gov/Archives/edgar/data/1341439/000095017025037143/0000950170-25-037143-index.htm
Oracle,1341439,revenue,RevenueFromContractWithCustomerExcludingAssessedTax,2024-06-01,2025-02-28,2026,Q3,10-Q,2026-03-11,41496000000,0001193125-26-101045,https://www.sec.gov/Archives/edgar/data/1341439/000119312526101045/0001193125-26-101045-index.htm
Oracle,1341439,revenue,RevenueFromContractWithCustomerExcludingAssessedTax,2024-12-01,2025-02-28,2025,Q3,10-Q,2025-03-11,14130000000,0000950170-25-037143,https://www.sec.gov/Archives/edgar/data/1341439/000095017025037143/0000950170-25-037143-index.htm
Oracle,1341439,revenue,RevenueFromContractWithCustomerExcludingAssessedTax,2024-12-01,2025-02-28,2026,Q3,10-Q,2026-03-11,14130000000,0001193125-26-101045,https://www.sec.gov/Archives/edgar/data/1341439/000119312526101045/0001193125-26-101045-index.htm
Oracle,1341439,revenue,RevenueFromContractWithCustomerExcludingAssessedTax,2024-06-01,2025-05-31,2025,FY,10-K,2025-06-18,57399000000,0000950170-25-087926,https://www.sec.gov/Archives/edgar/data/1341439/000095017025087926/0000950170-25-087926-index.htm
Oracle,1341439,revenue,RevenueFromContractWithCustomerExcludingAssessedTax,2024-06-01,2025-05-31,2026,FY,10-K,2026-06-22,57399000000,0001193125-26-277521,https://www.sec.gov/Archives/edgar/data/1341439/000119312526277521/0001193125-26-277521-index.htm
Oracle,1341439,revenue,RevenueFromContractWithCustomerExcludingAssessedTax,2025-06-01,2025-08-31,2026,Q1,10-Q,2025-09-10,14926000000,0001193125-25-200095,https://www.sec.gov/Archives/edgar/data/1341439/000119312525200095/0001193125-25-200095-index.htm
Oracle,1341439,revenue,RevenueFromContractWithCustomerExcludingAssessedTax,2025-06-01,2025-11-30,2026,Q2,10-Q,2025-12-11,30983000000,0001193125-25-315925,https://www.sec.gov/Archives/edgar/data/1341439/000119312525315925/0001193125-25-315925-index.htm
Oracle,1341439,revenue,RevenueFromContractWithCustomerExcludingAssessedTax,2025-09-01,2025-11-30,2026,Q2,10-Q,2025-12-11,16058000000,0001193125-25-315925,https://www.sec.gov/Archives/edgar/data/1341439/000119312525315925/0001193125-25-315925-index.htm
Oracle,1341439,revenue,RevenueFromContractWithCustomerExcludingAssessedTax,2025-06-01,2026-02-28,2026,Q3,10-Q,2026-03-11,48173000000,0001193125-26-101045,https://www.sec.gov/Archives/edgar/data/1341439/000119312526101045/0001193125-26-101045-index.htm
Oracle,1341439,revenue,RevenueFromContractWithCustomerExcludingAssessedTax,2025-12-01,2026-02-28,2026,Q3,10-Q,2026-03-11,17190000000,0001193125-26-101045,https://www.sec.gov/Archives/edgar/data/1341439/000119312526101045/0001193125-26-101045-index.htm
Oracle,1341439,revenue,RevenueFromContractWithCustomerExcludingAssessedTax,2025-06-01,2026-05-31,2026,FY,10-K,2026-06-22,67357000000,0001193125-26-277521,https://www.sec.gov/Archives/edgar/data/1341439/000119312526277521/0001193125-26-277521-index.htm
Oracle,1341439,operating_cash_flow,NetCashProvidedByUsedInOperatingActivities,2007-06-01,2008-05-31,2010,FY,10-K,2010-07-01,7402000000,0001193125-10-151896,https://www.sec.gov/Archives/edgar/data/1341439/000119312510151896/0001193125-10-151896-index.htm
Oracle,1341439,operating_cash_flow,NetCashProvidedByUsedInOperatingActivities,2008-06-01,2008-08-31,2010,Q1,10-Q,2009-09-21,3240000000,0001193125-09-195193,https://www.sec.gov/Archives/edgar/data/1341439/000119312509195193/0001193125-09-195193-index.htm
Oracle,1341439,operating_cash_flow,NetCashProvidedByUsedInOperatingActivities,2008-06-01,2008-11-30,2010,Q2,10-Q,2009-12-22,3990000000,0001193125-09-257212,https://www.sec.gov/Archives/edgar/data/1341439/000119312509257212/0001193125-09-257212-index.htm
Oracle,1341439,operating_cash_flow,NetCashProvidedByUsedInOperatingActivities,2008-06-01,2009-02-28,2010,Q3,10-Q,2010-03-29,6247000000,0001193125-10-070192,https://www.sec.gov/Archives/edgar/data/1341439/000119312510070192/0001193125-10-070192-index.htm
Oracle,1341439,operating_cash_flow,NetCashProvidedByUsedInOperatingActivities,2008-06-01,2009-05-31,2010,FY,10-K,2010-07-01,8255000000,0001193125-10-151896,https://www.sec.gov/Archives/edgar/data/1341439/000119312510151896/0001193125-10-151896-index.htm
Oracle,1341439,operating_cash_flow,NetCashProvidedByUsedInOperatingActivities,2008-06-01,2009-05-31,2011,FY,10-K,2011-06-28,8255000000,0001193125-11-174819,https://www.sec.gov/Archives/edgar/data/1341439/000119312511174819/0001193125-11-174819-index.htm
Oracle,1341439,operating_cash_flow,NetCashProvidedByUsedInOperatingActivities,2009-06-01,2009-08-31,2010,Q1,10-Q,2009-09-21,3738000000,0001193125-09-195193,https://www.sec.gov/Archives/edgar/data/1341439/000119312509195193/0001193125-09-195193-index.htm
Oracle,1341439,operating_cash_flow,NetCashProvidedByUsedInOperatingActivities,2009-06-01,2009-11-30,2010,Q2,10-Q,2009-12-22,4389000000,0001193125-09-257212,https://www.sec.gov/Archives/edgar/data/1341439/000119312509257212/0001193125-09-257212-index.htm
Oracle,1341439,operating_cash_flow,NetCashProvidedByUsedInOperatingActivities,2009-06-01,2009-11-30,2011,Q2,10-Q,2010-12-21,4389000000,0001193125-10-285703,https://www.sec.gov/Archives/edgar/data/1341439/000119312510285703/0001193125-10-285703-index.htm
Oracle,1341439,operating_cash_flow,NetCashProvidedByUsedInOperatingActivities,2009-06-01,2010-02-28,2010,Q3,10-Q,2010-03-29,6170000000,0001193125-10-070192,https://www.sec.gov/Archives/edgar/data/1341439/000119312510070192/0001193125-10-070192-index.htm
Oracle,1341439,operating_cash_flow,NetCashProvidedByUsedInOperatingActivities,2009-06-01,2010-02-28,2011,Q3,10-Q,2011-03-29,6170000000,0001193125-11-081178,https://www.sec.gov/Archives/edgar/data/1341439/000119312511081178/0001193125-11-081178-index.htm
Oracle,1341439,operating_cash_flow,NetCashProvidedByUsedInOperatingActivities,2009-06-01,2010-05-31,2010,FY,10-K,2010-07-01,8681000000,0001193125-10-151896,https://www.sec.gov/Archives/edgar/data/1341439/000119312510151896/0001193125-10-151896-index.htm
Oracle,1341439,operating_cash_flow,NetCashProvidedByUsedInOperatingActivities,2009-06-01,2010-05-31,2011,FY,10-K,2011-06-28,8681000000,0001193125-11-174819,https://www.sec.gov/Archives/edgar/data/1341439/000119312511174819/0001193125-11-174819-index.htm
Oracle,1341439,operating_cash_flow,NetCashProvidedByUsedInOperatingActivities,2009-06-01,2010-05-31,2012,FY,10-K,2012-06-26,8681000000,0001193125-12-284007,https://www.sec.gov/Archives/edgar/data/1341439/000119312512284007/0001193125-12-284007-index.htm
Oracle,1341439,operating_cash_flow,NetCashProvidedByUsedInOperatingActivities,2010-06-01,2010-08-31,2012,Q1,10-Q,2011-09-23,3817000000,0001193125-11-255436,https://www.sec.gov/Archives/edgar/data/1341439/000119312511255436/0001193125-11-255436-index.htm
Oracle,1341439,operating_cash_flow,NetCashProvidedByUsedInOperatingActivities,2010-06-01,2010-11-30,2011,Q2,10-Q,2010-12-21,4761000000,0001193125-10-285703,https://www.sec.gov/Archives/edgar/data/1341439/000119312510285703/0001193125-10-285703-index.htm
Oracle,1341439,operating_cash_flow,NetCashProvidedByUsedInOperatingActivities,2010-06-01,2010-11-30,2012,Q2,10-Q,2011-12-23,4761000000,0001193125-11-351954,https://www.sec.gov/Archives/edgar/data/1341439/000119312511351954/0001193125-11-351954-index.htm
Oracle,1341439,operating_cash_flow,NetCashProvidedByUsedInOperatingActivities,2010-06-01,2011-02-28,2011,Q3,10-Q,2011-03-29,7437000000,0001193125-11-081178,https://www.sec.gov/Archives/edgar/data/1341439/000119312511081178/0001193125-11-081178-index.htm
Oracle,1341439,operating_cash_flow,NetCashProvidedByUsedInOperatingActivities,2010-06-01,2011-02-28,2012,Q3,10-Q,2012-03-23,7437000000,0001193125-12-129918,https://www.sec.gov/Archives/edgar/data/1341439/000119312512129918/0001193125-12-129918-index.htm
Oracle,1341439,operating_cash_flow,NetCashProvidedByUsedInOperatingActivities,2010-06-01,2011-05-31,2011,FY,10-K,2011-06-28,11214000000,0001193125-11-174819,https://www.sec.gov/Archives/edgar/data/1341439/000119312511174819/0001193125-11-174819-index.htm
Oracle,1341439,operating_cash_flow,NetCashProvidedByUsedInOperatingActivities,2010-06-01,2011-05-31,2012,FY,10-K,2012-06-26,11214000000,0001193125-12-284007,https://www.sec.gov/Archives/edgar/data/1341439/000119312512284007/0001193125-12-284007-index.htm
Oracle,1341439,operating_cash_flow,NetCashProvidedByUsedInOperatingActivities,2010-06-01,2011-05-31,2013,FY,10-K,2013-06-26,11214000000,0001193125-13-272832,https://www.sec.gov/Archives/edgar/data/1341439/000119312513272832/0001193125-13-272832-index.htm
Oracle,1341439,operating_cash_flow,NetCashProvidedByUsedInOperatingActivities,2011-06-01,2011-08-31,2012,Q1,10-Q,2011-09-23,5421000000,0001193125-11-255436,https://www.sec.gov/Archives/edgar/data/1341439/000119312511255436/0001193125-11-255436-index.htm
Oracle,1341439,operating_cash_flow,NetCashProvidedByUsedInOperatingActivities,2011-06-01,2011-08-31,2013,Q1,10-Q,2012-09-24,5421000000,0001193125-12-401697,https://www.sec.gov/Archives/edgar/data/1341439/000119312512401697/0001193125-12-401697-index.htm
Oracle,1341439,operating_cash_flow,NetCashProvidedByUsedInOperatingActivities,2011-06-01,2011-11-30,2012,Q2,10-Q,2011-12-23,6676000000,0001193125-11-351954,https://www.sec.gov/Archives/edgar/data/1341439/000119312511351954/0001193125-11-351954-index.htm
Oracle,1341439,operating_cash_flow,NetCashProvidedByUsedInOperatingActivities,2011-06-01,2011-11-30,2013,Q2,10-Q,2012-12-21,6676000000,0001193125-12-513009,https://www.sec.gov/Archives/edgar/data/1341439/000119312512513009/0001193125-12-513009-index.htm
Oracle,1341439,operating_cash_flow,NetCashProvidedByUsedInOperatingActivities,2011-06-01,2012-02-29,2012,Q3,10-Q,2012-03-23,9686000000,0001193125-12-129918,https://www.sec.gov/Archives/edgar/data/1341439/000119312512129918/0001193125-12-129918-index.htm
Oracle,1341439,operating_cash_flow,NetCashProvidedByUsedInOperatingActivities,2011-06-01,2012-02-29,2013,Q3,10-Q,2013-03-22,9686000000,0001193125-13-122271,https://www.sec.gov/Archives/edgar/data/1341439/000119312513122271/0001193125-13-122271-index.htm
Oracle,1341439,operating_cash_flow,NetCashProvidedByUsedInOperatingActivities,2011-06-01,2012-05-31,2012,FY,10-K,2012-06-26,13743000000,0001193125-12-284007,https://www.sec.gov/Archives/edgar/data/1341439/000119312512284007/0001193125-12-284007-index.htm
Oracle,1341439,operating_cash_flow,NetCashProvidedByUsedInOperatingActivities,2011-06-01,2012-05-31,2013,FY,10-K,2013-06-26,13743000000,0001193125-13-272832,https://www.sec.gov/Archives/edgar/data/1341439/000119312513272832/0001193125-13-272832-index.htm
Oracle,1341439,operating_cash_flow,NetCashProvidedByUsedInOperatingActivities,2012-06-01,2012-08-31,2013,Q1,10-Q,2012-09-24,5671000000,0001193125-12-401697,https://www.sec.gov/Archives/edgar/data/1341439/000119312512401697/0001193125-12-401697-index.htm
Oracle,1341439,operating_cash_flow,NetCashProvidedByUsedInOperatingActivities,2012-06-01,2012-11-30,2013,Q2,10-Q,2012-12-21,6466000000,0001193125-12-513009,https://www.sec.gov/Archives/edgar/data/1341439/000119312512513009/0001193125-12-513009-index.htm
Oracle,1341439,operating_cash_flow,NetCashProvidedByUsedInOperatingActivities,2012-06-01,2013-02-28,2013,Q3,10-Q,2013-03-22,9660000000,0001193125-13-122271,https://www.sec.gov/Archives/edgar/data/1341439/000119312513122271/0001193125-13-122271-index.htm
Oracle,1341439,operating_cash_flow,NetCashProvidedByUsedInOperatingActivities,2012-06-01,2013-05-31,2013,FY,10-K,2013-06-26,14224000000,0001193125-13-272832,https://www.sec.gov/Archives/edgar/data/1341439/000119312513272832/0001193125-13-272832-index.htm
Oracle,1341439,operating_cash_flow,NetCashProvidedByUsedInOperatingActivities,2015-06-01,2016-05-31,2018,FY,10-K,2018-06-22,13685000000,0001193125-18-201034,https://www.sec.gov/Archives/edgar/data/1341439/000119312518201034/0001193125-18-201034-index.htm
Oracle,1341439,operating_cash_flow,NetCashProvidedByUsedInOperatingActivities,2016-06-01,2017-05-31,2018,FY,10-K,2018-06-22,14126000000,0001193125-18-201034,https://www.sec.gov/Archives/edgar/data/1341439/000119312518201034/0001193125-18-201034-index.htm
Oracle,1341439,operating_cash_flow,NetCashProvidedByUsedInOperatingActivities,2016-06-01,2017-05-31,2019,FY,10-K,2019-06-21,14126000000,0001564590-19-023119,https://www.sec.gov/Archives/edgar/data/1341439/000156459019023119/0001564590-19-023119-index.htm
Oracle,1341439,operating_cash_flow,NetCashProvidedByUsedInOperatingActivities,2017-06-01,2017-08-31,2019,Q1,10-Q,2018-09-19,6566000000,0001564590-18-023315,https://www.sec.gov/Archives/edgar/data/1341439/000156459018023315/0001564590-18-023315-index.htm
Oracle,1341439,operating_cash_flow,NetCashProvidedByUsedInOperatingActivities,2017-06-01,2017-11-30,2019,Q2,10-Q,2018-12-19,7416000000,0001564590-18-031113,https://www.sec.gov/Archives/edgar/data/1341439/000156459018031113/0001564590-18-031113-index.htm
Oracle,1341439,operating_cash_flow,NetCashProvidedByUsedInOperatingActivities,2017-06-01,2018-02-28,2019,Q3,10-Q,2019-03-18,10726000000,0001564590-19-008273,https://www.sec.gov/Archives/edgar/data/1341439/000156459019008273/0001564590-19-008273-index.htm
Oracle,1341439,operating_cash_flow,NetCashProvidedByUsedInOperatingActivities,2017-06-01,2018-05-31,2018,FY,10-K,2018-06-22,15386000000,0001193125-18-201034,https://www.sec.gov/Archives/edgar/data/1341439/000119312518201034/0001193125-18-201034-index.htm
Oracle,1341439,operating_cash_flow,NetCashProvidedByUsedInOperatingActivities,2017-06-01,2018-05-31,2019,FY,10-K,2019-06-21,15386000000,0001564590-19-023119,https://www.sec.gov/Archives/edgar/data/1341439/000156459019023119/0001564590-19-023119-index.htm
Oracle,1341439,operating_cash_flow,NetCashProvidedByUsedInOperatingActivities,2017-06-01,2018-05-31,2020,FY,10-K,2020-06-22,15386000000,0001564590-20-030125,https://www.sec.gov/Archives/edgar/data/1341439/000156459020030125/0001564590-20-030125-index.htm
Oracle,1341439,operating_cash_flow,NetCashProvidedByUsedInOperatingActivities,2018-06-01,2018-08-31,2019,Q1,10-Q,2018-09-19,6722000000,0001564590-18-023315,https://www.sec.gov/Archives/edgar/data/1341439/000156459018023315/0001564590-18-023315-index.htm
Oracle,1341439,operating_cash_flow,NetCashProvidedByUsedInOperatingActivities,2018-06-01,2018-08-31,2020,Q1,10-Q,2019-09-13,6722000000,0001564590-19-034717,https://www.sec.gov/Archives/edgar/data/1341439/000156459019034717/0001564590-19-034717-index.htm
Oracle,1341439,operating_cash_flow,NetCashProvidedByUsedInOperatingActivities,2018-06-01,2018-11-30,2019,Q2,10-Q,2018-12-19,7268000000,0001564590-18-031113,https://www.sec.gov/Archives/edgar/data/1341439/000156459018031113/0001564590-18-031113-index.htm
Oracle,1341439,operating_cash_flow,NetCashProvidedByUsedInOperatingActivities,2018-06-01,2018-11-30,2020,Q2,10-Q,2019-12-13,7268000000,0001564590-19-045966,https://www.sec.gov/Archives/edgar/data/1341439/000156459019045966/0001564590-19-045966-index.htm
Oracle,1341439,operating_cash_flow,NetCashProvidedByUsedInOperatingActivities,2018-06-01,2019-02-28,2019,Q3,10-Q,2019-03-18,10129000000,0001564590-19-008273,https://www.sec.gov/Archives/edgar/data/1341439/000156459019008273/0001564590-19-008273-index.htm
Oracle,1341439,operating_cash_flow,NetCashProvidedByUsedInOperatingActivities,2018-06-01,2019-02-28,2020,Q3,10-Q,2020-03-13,10129000000,0001564590-20-010833,https://www.sec.gov/Archives/edgar/data/1341439/000156459020010833/0001564590-20-010833-index.htm
Oracle,1341439,operating_cash_flow,NetCashProvidedByUsedInOperatingActivities,2018-06-01,2019-05-31,2019,FY,10-K,2019-06-21,14551000000,0001564590-19-023119,https://www.sec.gov/Archives/edgar/data/1341439/000156459019023119/0001564590-19-023119-index.htm
Oracle,1341439,operating_cash_flow,NetCashProvidedByUsedInOperatingActivities,2018-06-01,2019-05-31,2020,FY,10-K,2020-06-22,14551000000,0001564590-20-030125,https://www.sec.gov/Archives/edgar/data/1341439/000156459020030125/0001564590-20-030125-index.htm
Oracle,1341439,operating_cash_flow,NetCashProvidedByUsedInOperatingActivities,2018-06-01,2019-05-31,2021,FY,10-K,2021-06-21,14551000000,0001564590-21-033616,https://www.sec.gov/Archives/edgar/data/1341439/000156459021033616/0001564590-21-033616-index.htm
Oracle,1341439,operating_cash_flow,NetCashProvidedByUsedInOperatingActivities,2019-06-01,2019-08-31,2020,Q1,10-Q,2019-09-13,6000000000,0001564590-19-034717,https://www.sec.gov/Archives/edgar/data/1341439/000156459019034717/0001564590-19-034717-index.htm
Oracle,1341439,operating_cash_flow,NetCashProvidedByUsedInOperatingActivities,2019-06-01,2019-08-31,2021,Q1,10-Q,2020-09-15,6000000000,0001564590-20-043448,https://www.sec.gov/Archives/edgar/data/1341439/000156459020043448/0001564590-20-043448-index.htm
Oracle,1341439,operating_cash_flow,NetCashProvidedByUsedInOperatingActivities,2019-06-01,2019-11-30,2020,Q2,10-Q,2019-12-13,6513000000,0001564590-19-045966,https://www.sec.gov/Archives/edgar/data/1341439/000156459019045966/0001564590-19-045966-index.htm
Oracle,1341439,operating_cash_flow,NetCashProvidedByUsedInOperatingActivities,2019-06-01,2019-11-30,2021,Q2,10-Q,2020-12-11,6513000000,0001564590-20-056896,https://www.sec.gov/Archives/edgar/data/1341439/000156459020056896/0001564590-20-056896-index.htm
Oracle,1341439,operating_cash_flow,NetCashProvidedByUsedInOperatingActivities,2019-06-01,2020-02-29,2020,Q3,10-Q,2020-03-13,9525000000,0001564590-20-010833,https://www.sec.gov/Archives/edgar/data/1341439/000156459020010833/0001564590-20-010833-index.htm
Oracle,1341439,operating_cash_flow,NetCashProvidedByUsedInOperatingActivities,2019-06-01,2020-02-29,2021,Q3,10-Q,2021-03-11,9525000000,0001564590-21-012539,https://www.sec.gov/Archives/edgar/data/1341439/000156459021012539/0001564590-21-012539-index.htm
Oracle,1341439,operating_cash_flow,NetCashProvidedByUsedInOperatingActivities,2019-06-01,2020-05-31,2020,FY,10-K,2020-06-22,13139000000,0001564590-20-030125,https://www.sec.gov/Archives/edgar/data/1341439/000156459020030125/0001564590-20-030125-index.htm
Oracle,1341439,operating_cash_flow,NetCashProvidedByUsedInOperatingActivities,2019-06-01,2020-05-31,2021,FY,10-K,2021-06-21,13139000000,0001564590-21-033616,https://www.sec.gov/Archives/edgar/data/1341439/000156459021033616/0001564590-21-033616-index.htm
Oracle,1341439,operating_cash_flow,NetCashProvidedByUsedInOperatingActivities,2019-06-01,2020-05-31,2022,FY,10-K,2022-06-21,13139000000,0001564590-22-023675,https://www.sec.gov/Archives/edgar/data/1341439/000156459022023675/0001564590-22-023675-index.htm
Oracle,1341439,operating_cash_flow,NetCashProvidedByUsedInOperatingActivities,2020-06-01,2020-08-31,2021,Q1,10-Q,2020-09-15,5953000000,0001564590-20-043448,https://www.sec.gov/Archives/edgar/data/1341439/000156459020043448/0001564590-20-043448-index.htm
Oracle,1341439,operating_cash_flow,NetCashProvidedByUsedInOperatingActivities,2020-06-01,2020-08-31,2022,Q1,10-Q,2021-09-13,5953000000,0001564590-21-047772,https://www.sec.gov/Archives/edgar/data/1341439/000156459021047772/0001564590-21-047772-index.htm
Oracle,1341439,operating_cash_flow,NetCashProvidedByUsedInOperatingActivities,2020-06-01,2020-11-30,2021,Q2,10-Q,2020-12-11,7341000000,0001564590-20-056896,https://www.sec.gov/Archives/edgar/data/1341439/000156459020056896/0001564590-20-056896-index.htm
Oracle,1341439,operating_cash_flow,NetCashProvidedByUsedInOperatingActivities,2020-06-01,2020-11-30,2022,Q2,10-Q,2021-12-10,7341000000,0001564590-21-060022,https://www.sec.gov/Archives/edgar/data/1341439/000156459021060022/0001564590-21-060022-index.htm
Oracle,1341439,operating_cash_flow,NetCashProvidedByUsedInOperatingActivities,2020-06-01,2021-02-28,2021,Q3,10-Q,2021-03-11,11045000000,0001564590-21-012539,https://www.sec.gov/Archives/edgar/data/1341439/000156459021012539/0001564590-21-012539-index.htm
Oracle,1341439,operating_cash_flow,NetCashProvidedByUsedInOperatingActivities,2020-06-01,2021-02-28,2022,Q3,10-Q,2022-03-11,11045000000,0001564590-22-009859,https://www.sec.gov/Archives/edgar/data/1341439/000156459022009859/0001564590-22-009859-index.htm
Oracle,1341439,operating_cash_flow,NetCashProvidedByUsedInOperatingActivities,2020-06-01,2021-05-31,2021,FY,10-K,2021-06-21,15887000000,0001564590-21-033616,https://www.sec.gov/Archives/edgar/data/1341439/000156459021033616/0001564590-21-033616-index.htm
Oracle,1341439,operating_cash_flow,NetCashProvidedByUsedInOperatingActivities,2020-06-01,2021-05-31,2022,FY,10-K,2022-06-21,15887000000,0001564590-22-023675,https://www.sec.gov/Archives/edgar/data/1341439/000156459022023675/0001564590-22-023675-index.htm
Oracle,1341439,operating_cash_flow,NetCashProvidedByUsedInOperatingActivities,2020-06-01,2021-05-31,2023,FY,10-K,2023-06-20,15887000000,0000950170-23-028914,https://www.sec.gov/Archives/edgar/data/1341439/000095017023028914/0000950170-23-028914-index.htm
Oracle,1341439,operating_cash_flow,NetCashProvidedByUsedInOperatingActivities,2021-06-01,2021-08-31,2022,Q1,10-Q,2021-09-13,5391000000,0001564590-21-047772,https://www.sec.gov/Archives/edgar/data/1341439/000156459021047772/0001564590-21-047772-index.htm
Oracle,1341439,operating_cash_flow,NetCashProvidedByUsedInOperatingActivities,2021-06-01,2021-08-31,2023,Q1,10-Q,2022-09-13,5391000000,0001564590-22-031545,https://www.sec.gov/Archives/edgar/data/1341439/000156459022031545/0001564590-22-031545-index.htm
Oracle,1341439,operating_cash_flow,NetCashProvidedByUsedInOperatingActivities,2021-06-01,2021-11-30,2022,Q2,10-Q,2021-12-10,1709000000,0001564590-21-060022,https://www.sec.gov/Archives/edgar/data/1341439/000156459021060022/0001564590-21-060022-index.htm
Oracle,1341439,operating_cash_flow,NetCashProvidedByUsedInOperatingActivities,2021-06-01,2021-11-30,2023,Q2,10-Q,2022-12-13,1709000000,0001564590-22-039278,https://www.sec.gov/Archives/edgar/data/1341439/000156459022039278/0001564590-22-039278-index.htm
Oracle,1341439,operating_cash_flow,NetCashProvidedByUsedInOperatingActivities,2021-06-01,2022-02-28,2022,Q3,10-Q,2022-03-11,5554000000,0001564590-22-009859,https://www.sec.gov/Archives/edgar/data/1341439/000156459022009859/0001564590-22-009859-index.htm
Oracle,1341439,operating_cash_flow,NetCashProvidedByUsedInOperatingActivities,2021-06-01,2022-02-28,2023,Q3,10-Q,2023-03-10,5554000000,0001564590-23-003413,https://www.sec.gov/Archives/edgar/data/1341439/000156459023003413/0001564590-23-003413-index.htm
Oracle,1341439,operating_cash_flow,NetCashProvidedByUsedInOperatingActivities,2021-06-01,2022-05-31,2022,FY,10-K,2022-06-21,9539000000,0001564590-22-023675,https://www.sec.gov/Archives/edgar/data/1341439/000156459022023675/0001564590-22-023675-index.htm
Oracle,1341439,operating_cash_flow,NetCashProvidedByUsedInOperatingActivities,2021-06-01,2022-05-31,2023,FY,10-K,2023-06-20,9539000000,0000950170-23-028914,https://www.sec.gov/Archives/edgar/data/1341439/000095017023028914/0000950170-23-028914-index.htm
Oracle,1341439,operating_cash_flow,NetCashProvidedByUsedInOperatingActivities,2021-06-01,2022-05-31,2024,FY,10-K,2024-06-20,9539000000,0000950170-24-075605,https://www.sec.gov/Archives/edgar/data/1341439/000095017024075605/0000950170-24-075605-index.htm
Oracle,1341439,operating_cash_flow,NetCashProvidedByUsedInOperatingActivities,2022-06-01,2022-08-31,2023,Q1,10-Q,2022-09-13,6394000000,0001564590-22-031545,https://www.sec.gov/Archives/edgar/data/1341439/000156459022031545/0001564590-22-031545-index.htm
Oracle,1341439,operating_cash_flow,NetCashProvidedByUsedInOperatingActivities,2022-06-01,2022-08-31,2024,Q1,10-Q,2023-09-12,6394000000,0000950170-23-047713,https://www.sec.gov/Archives/edgar/data/1341439/000095017023047713/0000950170-23-047713-index.htm
Oracle,1341439,operating_cash_flow,NetCashProvidedByUsedInOperatingActivities,2022-06-01,2022-11-30,2023,Q2,10-Q,2022-12-13,7243000000,0001564590-22-039278,https://www.sec.gov/Archives/edgar/data/1341439/000156459022039278/0001564590-22-039278-index.htm
Oracle,1341439,operating_cash_flow,NetCashProvidedByUsedInOperatingActivities,2022-06-01,2022-11-30,2024,Q2,10-Q,2023-12-12,7243000000,0000950170-23-069682,https://www.sec.gov/Archives/edgar/data/1341439/000095017023069682/0000950170-23-069682-index.htm
Oracle,1341439,operating_cash_flow,NetCashProvidedByUsedInOperatingActivities,2022-06-01,2023-02-28,2023,Q3,10-Q,2023-03-10,11518000000,0001564590-23-003413,https://www.sec.gov/Archives/edgar/data/1341439/000156459023003413/0001564590-23-003413-index.htm
Oracle,1341439,operating_cash_flow,NetCashProvidedByUsedInOperatingActivities,2022-06-01,2023-02-28,2024,Q3,10-Q,2024-03-12,11518000000,0000950170-24-029904,https://www.sec.gov/Archives/edgar/data/1341439/000095017024029904/0000950170-24-029904-index.htm
Oracle,1341439,operating_cash_flow,NetCashProvidedByUsedInOperatingActivities,2022-06-01,2023-05-31,2023,FY,10-K,2023-06-20,17165000000,0000950170-23-028914,https://www.sec.gov/Archives/edgar/data/1341439/000095017023028914/0000950170-23-028914-index.htm
Oracle,1341439,operating_cash_flow,NetCashProvidedByUsedInOperatingActivities,2022-06-01,2023-05-31,2024,FY,10-K,2024-06-20,17165000000,0000950170-24-075605,https://www.sec.gov/Archives/edgar/data/1341439/000095017024075605/0000950170-24-075605-index.htm
Oracle,1341439,operating_cash_flow,NetCashProvidedByUsedInOperatingActivities,2022-06-01,2023-05-31,2025,FY,10-K,2025-06-18,17165000000,0000950170-25-087926,https://www.sec.gov/Archives/edgar/data/1341439/000095017025087926/0000950170-25-087926-index.htm
Oracle,1341439,operating_cash_flow,NetCashProvidedByUsedInOperatingActivities,2023-06-01,2023-08-31,2024,Q1,10-Q,2023-09-12,6974000000,0000950170-23-047713,https://www.sec.gov/Archives/edgar/data/1341439/000095017023047713/0000950170-23-047713-index.htm
Oracle,1341439,operating_cash_flow,NetCashProvidedByUsedInOperatingActivities,2023-06-01,2023-08-31,2025,Q1,10-Q,2024-09-10,6974000000,0000950170-24-104905,https://www.sec.gov/Archives/edgar/data/1341439/000095017024104905/0000950170-24-104905-index.htm
Oracle,1341439,operating_cash_flow,NetCashProvidedByUsedInOperatingActivities,2023-06-01,2023-11-30,2024,Q2,10-Q,2023-12-12,7117000000,0000950170-23-069682,https://www.sec.gov/Archives/edgar/data/1341439/000095017023069682/0000950170-23-069682-index.htm
Oracle,1341439,operating_cash_flow,NetCashProvidedByUsedInOperatingActivities,2023-06-01,2023-11-30,2025,Q2,10-Q,2024-12-10,7117000000,0000950170-24-134973,https://www.sec.gov/Archives/edgar/data/1341439/000095017024134973/0000950170-24-134973-index.htm
Oracle,1341439,operating_cash_flow,NetCashProvidedByUsedInOperatingActivities,2023-06-01,2024-02-29,2024,Q3,10-Q,2024-03-12,12592000000,0000950170-24-029904,https://www.sec.gov/Archives/edgar/data/1341439/000095017024029904/0000950170-24-029904-index.htm
Oracle,1341439,operating_cash_flow,NetCashProvidedByUsedInOperatingActivities,2023-06-01,2024-02-29,2025,Q3,10-Q,2025-03-11,12592000000,0000950170-25-037143,https://www.sec.gov/Archives/edgar/data/1341439/000095017025037143/0000950170-25-037143-index.htm
Oracle,1341439,operating_cash_flow,NetCashProvidedByUsedInOperatingActivities,2023-06-01,2024-05-31,2024,FY,10-K,2024-06-20,18673000000,0000950170-24-075605,https://www.sec.gov/Archives/edgar/data/1341439/000095017024075605/0000950170-24-075605-index.htm
Oracle,1341439,operating_cash_flow,NetCashProvidedByUsedInOperatingActivities,2023-06-01,2024-05-31,2025,FY,10-K,2025-06-18,18673000000,0000950170-25-087926,https://www.sec.gov/Archives/edgar/data/1341439/000095017025087926/0000950170-25-087926-index.htm
Oracle,1341439,operating_cash_flow,NetCashProvidedByUsedInOperatingActivities,2023-06-01,2024-05-31,2026,FY,10-K,2026-06-22,18673000000,0001193125-26-277521,https://www.sec.gov/Archives/edgar/data/1341439/000119312526277521/0001193125-26-277521-index.htm
Oracle,1341439,operating_cash_flow,NetCashProvidedByUsedInOperatingActivities,2024-06-01,2024-08-31,2025,Q1,10-Q,2024-09-10,7427000000,0000950170-24-104905,https://www.sec.gov/Archives/edgar/data/1341439/000095017024104905/0000950170-24-104905-index.htm
Oracle,1341439,operating_cash_flow,NetCashProvidedByUsedInOperatingActivities,2024-06-01,2024-08-31,2026,Q1,10-Q,2025-09-10,7427000000,0001193125-25-200095,https://www.sec.gov/Archives/edgar/data/1341439/000119312525200095/0001193125-25-200095-index.htm
Oracle,1341439,operating_cash_flow,NetCashProvidedByUsedInOperatingActivities,2024-06-01,2024-11-30,2025,Q2,10-Q,2024-12-10,8731000000,0000950170-24-134973,https://www.sec.gov/Archives/edgar/data/1341439/000095017024134973/0000950170-24-134973-index.htm
Oracle,1341439,operating_cash_flow,NetCashProvidedByUsedInOperatingActivities,2024-06-01,2024-11-30,2026,Q2,10-Q,2025-12-11,8731000000,0001193125-25-315925,https://www.sec.gov/Archives/edgar/data/1341439/000119312525315925/0001193125-25-315925-index.htm
Oracle,1341439,operating_cash_flow,NetCashProvidedByUsedInOperatingActivities,2024-06-01,2025-02-28,2025,Q3,10-Q,2025-03-11,14664000000,0000950170-25-037143,https://www.sec.gov/Archives/edgar/data/1341439/000095017025037143/0000950170-25-037143-index.htm
Oracle,1341439,operating_cash_flow,NetCashProvidedByUsedInOperatingActivities,2024-06-01,2025-02-28,2026,Q3,10-Q,2026-03-11,14664000000,0001193125-26-101045,https://www.sec.gov/Archives/edgar/data/1341439/000119312526101045/0001193125-26-101045-index.htm
Oracle,1341439,operating_cash_flow,NetCashProvidedByUsedInOperatingActivities,2024-06-01,2025-05-31,2025,FY,10-K,2025-06-18,20821000000,0000950170-25-087926,https://www.sec.gov/Archives/edgar/data/1341439/000095017025087926/0000950170-25-087926-index.htm
Oracle,1341439,operating_cash_flow,NetCashProvidedByUsedInOperatingActivities,2024-06-01,2025-05-31,2026,FY,10-K,2026-06-22,20821000000,0001193125-26-277521,https://www.sec.gov/Archives/edgar/data/1341439/000119312526277521/0001193125-26-277521-index.htm
Oracle,1341439,operating_cash_flow,NetCashProvidedByUsedInOperatingActivities,2025-06-01,2025-08-31,2026,Q1,10-Q,2025-09-10,8140000000,0001193125-25-200095,https://www.sec.gov/Archives/edgar/data/1341439/000119312525200095/0001193125-25-200095-index.htm
Oracle,1341439,operating_cash_flow,NetCashProvidedByUsedInOperatingActivities,2025-06-01,2025-11-30,2026,Q2,10-Q,2025-12-11,10206000000,0001193125-25-315925,https://www.sec.gov/Archives/edgar/data/1341439/000119312525315925/0001193125-25-315925-index.htm
Oracle,1341439,operating_cash_flow,NetCashProvidedByUsedInOperatingActivities,2025-06-01,2026-02-28,2026,Q3,10-Q,2026-03-11,17357000000,0001193125-26-101045,https://www.sec.gov/Archives/edgar/data/1341439/000119312526101045/0001193125-26-101045-index.htm
Oracle,1341439,operating_cash_flow,NetCashProvidedByUsedInOperatingActivities,2025-06-01,2026-05-31,2026,FY,10-K,2026-06-22,31977000000,0001193125-26-277521,https://www.sec.gov/Archives/edgar/data/1341439/000119312526277521/0001193125-26-277521-index.htm
CoreWeave,1769628,capex,PaymentsToAcquirePropertyPlantAndEquipment,2023-01-01,2023-12-31,2025,FY,10-K,2026-03-02,2943000000,0001769628-26-000104,https://www.sec.gov/Archives/edgar/data/1769628/000176962826000104/0001769628-26-000104-index.htm
CoreWeave,1769628,capex,PaymentsToAcquirePropertyPlantAndEquipment,2024-01-01,2024-03-31,2025,Q1,10-Q,2025-05-15,1741935000,0001769628-25-000014,https://www.sec.gov/Archives/edgar/data/1769628/000176962825000014/0001769628-25-000014-index.htm
CoreWeave,1769628,capex,PaymentsToAcquirePropertyPlantAndEquipment,2024-01-01,2024-06-30,2025,Q2,10-Q,2025-08-13,3989096000,0001769628-25-000041,https://www.sec.gov/Archives/edgar/data/1769628/000176962825000041/0001769628-25-000041-index.htm
CoreWeave,1769628,capex,PaymentsToAcquirePropertyPlantAndEquipment,2024-01-01,2024-09-30,2025,Q3,10-Q,2025-11-13,5204251000,0001769628-25-000062,https://www.sec.gov/Archives/edgar/data/1769628/000176962825000062/0001769628-25-000062-index.htm
CoreWeave,1769628,capex,PaymentsToAcquirePropertyPlantAndEquipment,2024-01-01,2024-12-31,2025,FY,10-K,2026-03-02,8702000000,0001769628-26-000104,https://www.sec.gov/Archives/edgar/data/1769628/000176962826000104/0001769628-26-000104-index.htm
CoreWeave,1769628,capex,PaymentsToAcquirePropertyPlantAndEquipment,2025-01-01,2025-03-31,2025,Q1,10-Q,2025-05-15,1407359000,0001769628-25-000014,https://www.sec.gov/Archives/edgar/data/1769628/000176962825000014/0001769628-25-000014-index.htm
CoreWeave,1769628,capex,PaymentsToAcquirePropertyPlantAndEquipment,2025-01-01,2025-03-31,2026,Q1,10-Q,2026-05-08,1407000000,0001769628-26-000222,https://www.sec.gov/Archives/edgar/data/1769628/000176962826000222/0001769628-26-000222-index.htm
CoreWeave,1769628,capex,PaymentsToAcquirePropertyPlantAndEquipment,2025-01-01,2025-06-30,2025,Q2,10-Q,2025-08-13,3860351000,0001769628-25-000041,https://www.sec.gov/Archives/edgar/data/1769628/000176962825000041/0001769628-25-000041-index.htm
CoreWeave,1769628,capex,PaymentsToAcquirePropertyPlantAndEquipment,2025-01-01,2025-06-30,2026,Q2,10-Q,2026-08-12,3860000000,0001769628-26-000366,https://www.sec.gov/Archives/edgar/data/1769628/000176962826000366/0001769628-26-000366-index.htm
CoreWeave,1769628,capex,PaymentsToAcquirePropertyPlantAndEquipment,2025-01-01,2025-09-30,2025,Q3,10-Q,2025-11-13,6249239000,0001769628-25-000062,https://www.sec.gov/Archives/edgar/data/1769628/000176962825000062/0001769628-25-000062-index.htm
CoreWeave,1769628,capex,PaymentsToAcquirePropertyPlantAndEquipment,2025-01-01,2025-12-31,2025,FY,10-K,2026-03-02,10309000000,0001769628-26-000104,https://www.sec.gov/Archives/edgar/data/1769628/000176962826000104/0001769628-26-000104-index.htm
CoreWeave,1769628,capex,PaymentsToAcquirePropertyPlantAndEquipment,2026-01-01,2026-03-31,2026,Q1,10-Q,2026-05-08,7695000000,0001769628-26-000222,https://www.sec.gov/Archives/edgar/data/1769628/000176962826000222/0001769628-26-000222-index.htm
CoreWeave,1769628,capex,PaymentsToAcquirePropertyPlantAndEquipment,2026-01-01,2026-06-30,2026,Q2,10-Q,2026-08-12,14117000000,0001769628-26-000366,https://www.sec.gov/Archives/edgar/data/1769628/000176962826000366/0001769628-26-000366-index.htm
CoreWeave,1769628,revenue,RevenueFromContractWithCustomerExcludingAssessedTax,2023-01-01,2023-12-31,2025,FY,10-K,2026-03-02,229000000,0001769628-26-000104,https://www.sec.gov/Archives/edgar/data/1769628/000176962826000104/0001769628-26-000104-index.htm
CoreWeave,1769628,revenue,RevenueFromContractWithCustomerExcludingAssessedTax,2024-01-01,2024-03-31,2025,Q1,10-Q,2025-05-15,188684000,0001769628-25-000014,https://www.sec.gov/Archives/edgar/data/1769628/000176962825000014/0001769628-25-000014-index.htm
CoreWeave,1769628,revenue,RevenueFromContractWithCustomerExcludingAssessedTax,2024-01-01,2024-06-30,2025,Q2,10-Q,2025-08-13,584055000,0001769628-25-000041,https://www.sec.gov/Archives/edgar/data/1769628/000176962825000041/0001769628-25-000041-index.htm
CoreWeave,1769628,revenue,RevenueFromContractWithCustomerExcludingAssessedTax,2024-04-01,2024-06-30,2025,Q2,10-Q,2025-08-13,395371000,0001769628-25-000041,https://www.sec.gov/Archives/edgar/data/1769628/000176962825000041/0001769628-25-000041-index.htm
CoreWeave,1769628,revenue,RevenueFromContractWithCustomerExcludingAssessedTax,2024-01-01,2024-09-30,2025,Q3,10-Q,2025-11-13,1167996000,0001769628-25-000062,https://www.sec.gov/Archives/edgar/data/1769628/000176962825000062/0001769628-25-000062-index.htm
CoreWeave,1769628,revenue,RevenueFromContractWithCustomerExcludingAssessedTax,2024-07-01,2024-09-30,2025,Q3,10-Q,2025-11-13,583941000,0001769628-25-000062,https://www.sec.gov/Archives/edgar/data/1769628/000176962825000062/0001769628-25-000062-index.htm
CoreWeave,1769628,revenue,RevenueFromContractWithCustomerExcludingAssessedTax,2024-01-01,2024-12-31,2025,FY,10-K,2026-03-02,1915000000,0001769628-26-000104,https://www.sec.gov/Archives/edgar/data/1769628/000176962826000104/0001769628-26-000104-index.htm
CoreWeave,1769628,revenue,RevenueFromContractWithCustomerExcludingAssessedTax,2025-01-01,2025-03-31,2025,Q1,10-Q,2025-05-15,981632000,0001769628-25-000014,https://www.sec.gov/Archives/edgar/data/1769628/000176962825000014/0001769628-25-000014-index.htm
CoreWeave,1769628,revenue,RevenueFromContractWithCustomerExcludingAssessedTax,2025-01-01,2025-03-31,2026,Q1,10-Q,2026-05-08,982000000,0001769628-26-000222,https://www.sec.gov/Archives/edgar/data/1769628/000176962826000222/0001769628-26-000222-index.htm
CoreWeave,1769628,revenue,RevenueFromContractWithCustomerExcludingAssessedTax,2025-01-01,2025-06-30,2025,Q2,10-Q,2025-08-13,2194420000,0001769628-25-000041,https://www.sec.gov/Archives/edgar/data/1769628/000176962825000041/0001769628-25-000041-index.htm
CoreWeave,1769628,revenue,RevenueFromContractWithCustomerExcludingAssessedTax,2025-01-01,2025-06-30,2026,Q2,10-Q,2026-08-12,2194000000,0001769628-26-000366,https://www.sec.gov/Archives/edgar/data/1769628/000176962826000366/0001769628-26-000366-index.htm
CoreWeave,1769628,revenue,RevenueFromContractWithCustomerExcludingAssessedTax,2025-04-01,2025-06-30,2025,Q2,10-Q,2025-08-13,1212788000,0001769628-25-000041,https://www.sec.gov/Archives/edgar/data/1769628/000176962825000041/0001769628-25-000041-index.htm
CoreWeave,1769628,revenue,RevenueFromContractWithCustomerExcludingAssessedTax,2025-04-01,2025-06-30,2026,Q2,10-Q,2026-08-12,1212000000,0001769628-26-000366,https://www.sec.gov/Archives/edgar/data/1769628/000176962826000366/0001769628-26-000366-index.htm
CoreWeave,1769628,revenue,RevenueFromContractWithCustomerExcludingAssessedTax,2025-01-01,2025-09-30,2025,Q3,10-Q,2025-11-13,3559096000,0001769628-25-000062,https://www.sec.gov/Archives/edgar/data/1769628/000176962825000062/0001769628-25-000062-index.htm
CoreWeave,1769628,revenue,RevenueFromContractWithCustomerExcludingAssessedTax,2025-07-01,2025-09-30,2025,Q3,10-Q,2025-11-13,1364676000,0001769628-25-000062,https://www.sec.gov/Archives/edgar/data/1769628/000176962825000062/0001769628-25-000062-index.htm
CoreWeave,1769628,revenue,RevenueFromContractWithCustomerExcludingAssessedTax,2025-01-01,2025-12-31,2025,FY,10-K,2026-03-02,5131000000,0001769628-26-000104,https://www.sec.gov/Archives/edgar/data/1769628/000176962826000104/0001769628-26-000104-index.htm
CoreWeave,1769628,revenue,RevenueFromContractWithCustomerExcludingAssessedTax,2026-01-01,2026-03-31,2026,Q1,10-Q,2026-05-08,2078000000,0001769628-26-000222,https://www.sec.gov/Archives/edgar/data/1769628/000176962826000222/0001769628-26-000222-index.htm
CoreWeave,1769628,revenue,RevenueFromContractWithCustomerExcludingAssessedTax,2026-01-01,2026-06-30,2026,Q2,10-Q,2026-08-12,4653000000,0001769628-26-000366,https://www.sec.gov/Archives/edgar/data/1769628/000176962826000366/0001769628-26-000366-index.htm
CoreWeave,1769628,revenue,RevenueFromContractWithCustomerExcludingAssessedTax,2026-04-01,2026-06-30,2026,Q2,10-Q,2026-08-12,2575000000,0001769628-26-000366,https://www.sec.gov/Archives/edgar/data/1769628/000176962826000366/0001769628-26-000366-index.htm
CoreWeave,1769628,operating_cash_flow,NetCashProvidedByUsedInOperatingActivities,2023-01-01,2023-12-31,2025,FY,10-K,2026-03-02,1833000000,0001769628-26-000104,https://www.sec.gov/Archives/edgar/data/1769628/000176962826000104/0001769628-26-000104-index.htm
CoreWeave,1769628,operating_cash_flow,NetCashProvidedByUsedInOperatingActivities,2024-01-01,2024-03-31,2025,Q1,10-Q,2025-05-15,2039038000,0001769628-25-000014,https://www.sec.gov/Archives/edgar/data/1769628/000176962825000014/0001769628-25-000014-index.htm
CoreWeave,1769628,operating_cash_flow,NetCashProvidedByUsedInOperatingActivities,2024-01-01,2024-06-30,2025,Q2,10-Q,2025-08-13,1921214000,0001769628-25-000041,https://www.sec.gov/Archives/edgar/data/1769628/000176962825000041/0001769628-25-000041-index.htm
CoreWeave,1769628,operating_cash_flow,NetCashProvidedByUsedInOperatingActivities,2024-01-01,2024-09-30,2025,Q3,10-Q,2025-11-13,2562436000,0001769628-25-000062,https://www.sec.gov/Archives/edgar/data/1769628/000176962825000062/0001769628-25-000062-index.htm
CoreWeave,1769628,operating_cash_flow,NetCashProvidedByUsedInOperatingActivities,2024-01-01,2024-12-31,2025,FY,10-K,2026-03-02,2749000000,0001769628-26-000104,https://www.sec.gov/Archives/edgar/data/1769628/000176962826000104/0001769628-26-000104-index.htm
CoreWeave,1769628,operating_cash_flow,NetCashProvidedByUsedInOperatingActivities,2025-01-01,2025-03-31,2025,Q1,10-Q,2025-05-15,61168000,0001769628-25-000014,https://www.sec.gov/Archives/edgar/data/1769628/000176962825000014/0001769628-25-000014-index.htm
CoreWeave,1769628,operating_cash_flow,NetCashProvidedByUsedInOperatingActivities,2025-01-01,2025-03-31,2026,Q1,10-Q,2026-05-08,61000000,0001769628-26-000222,https://www.sec.gov/Archives/edgar/data/1769628/000176962826000222/0001769628-26-000222-index.htm
CoreWeave,1769628,operating_cash_flow,NetCashProvidedByUsedInOperatingActivities,2025-01-01,2025-06-30,2025,Q2,10-Q,2025-08-13,-190083000,0001769628-25-000041,https://www.sec.gov/Archives/edgar/data/1769628/000176962825000041/0001769628-25-000041-index.htm
CoreWeave,1769628,operating_cash_flow,NetCashProvidedByUsedInOperatingActivities,2025-01-01,2025-06-30,2026,Q2,10-Q,2026-08-12,-190000000,0001769628-26-000366,https://www.sec.gov/Archives/edgar/data/1769628/000176962826000366/0001769628-26-000366-index.htm
CoreWeave,1769628,operating_cash_flow,NetCashProvidedByUsedInOperatingActivities,2025-01-01,2025-09-30,2025,Q3,10-Q,2025-11-13,1499051000,0001769628-25-000062,https://www.sec.gov/Archives/edgar/data/1769628/000176962825000062/0001769628-25-000062-index.htm
CoreWeave,1769628,operating_cash_flow,NetCashProvidedByUsedInOperatingActivities,2025-01-01,2025-12-31,2025,FY,10-K,2026-03-02,3058000000,0001769628-26-000104,https://www.sec.gov/Archives/edgar/data/1769628/000176962826000104/0001769628-26-000104-index.htm
CoreWeave,1769628,operating_cash_flow,NetCashProvidedByUsedInOperatingActivities,2026-01-01,2026-03-31,2026,Q1,10-Q,2026-05-08,2984000000,0001769628-26-000222,https://www.sec.gov/Archives/edgar/data/1769628/000176962826000222/0001769628-26-000222-index.htm
CoreWeave,1769628,operating_cash_flow,NetCashProvidedByUsedInOperatingActivities,2026-01-01,2026-06-30,2026,Q2,10-Q,2026-08-12,3663000000,0001769628-26-000366,https://www.sec.gov/Archives/edgar/data/1769628/000176962826000366/0001769628-26-000366-index.htm
