collected_at,provider,tier,gpu_model,price_usd_per_hr,num_gpus,gpu_ram_gb,dlperf,dlperf_per_dollar,cpu_ram_gb,disk_space_gb,region,reliability,offer_id
2026-09-26T11:01:00.600611+00:00,vast.ai,marketplace,Quadro P2000,0.028055555555555556,1,5.0,1.0177623801653413,36.27667889698246,6.83,16.625,"Nevada, US",0.9935622,49574215
2026-09-26T11:01:00.600611+00:00,vast.ai,marketplace,GTX 1080,0.039592592592592596,1,8.0,3.330490607485923,84.11903311704388,30.3,340.0,"Germany, DE",0.9965939,46997840
2026-09-26T11:01:00.600611+00:00,vast.ai,marketplace,GTX 1650,0.047314814814814816,1,4.0,1.314866643929846,27.78974511632551,11.75,158.0,"Oregon, US",0.984404,52672729
2026-09-26T11:01:00.600611+00:00,vast.ai,marketplace,GTX 1650,0.0475,1,4.0,1.314866643929846,27.68140303010202,11.75,73.375,"Oregon, US",0.9887111,51115338
2026-09-26T11:01:00.600611+00:00,vast.ai,marketplace,GTX 1070,0.04805555555555556,1,8.0,2.62988504798339,54.72593163433643,8.96,157.70000000000002,"South Korea, KR",0.9466906,48484304
2026-09-26T11:01:00.600611+00:00,vast.ai,marketplace,GTX 1070,0.04805555555555556,1,8.0,2.6625625460945153,55.40592581468355,8.96,59.42857142857142,"South Korea, KR",0.9724793,47060243
2026-09-26T11:01:00.600611+00:00,vast.ai,marketplace,Titan Xp,0.04805555555555556,1,12.0,5.757466410549852,119.80854958369633,8.96,69.14072672159057,"South Korea, KR",0.9717654,32784730
2026-09-26T11:01:00.600611+00:00,vast.ai,marketplace,Titan Xp,0.04805555555555556,1,12.0,5.757466410549852,119.80854958369633,8.96,90.14489795918367,"South Korea, KR",0.9811653,48455484
2026-09-26T11:01:00.600611+00:00,vast.ai,marketplace,GTX 1070,0.050722222222222224,1,8.0,2.4978679556144425,49.246027602475316,15.62,152.0,"South Korea, KR",0.9863372,50850384
2026-09-26T11:01:00.600611+00:00,vast.ai,marketplace,RTX 3060,0.05627777777777778,1,12.0,12.335948398435573,219.19750362471896,31.35,291.5,"Norway, NO",0.9960248,43555874
2026-09-26T11:01:00.600611+00:00,vast.ai,marketplace,RTX 3060,0.05251851851851852,1,12.0,12.407836284181814,236.2564031543787,19.63,151.72500000000002,"United States, US",0.9885991,52342768
2026-09-26T11:01:00.600611+00:00,vast.ai,marketplace,RTX 3060,0.05338888888888889,1,12.0,12.407072230538473,232.39053085295788,71.93,958.03876143991,"California, US",0.8680107,50285543
2026-09-26T11:01:00.600611+00:00,vast.ai,marketplace,Titan Xp,0.05472222222222223,1,12.0,5.757466410549852,105.21258415218003,10.45,240.1785550132284,"South Korea, KR",0.9757769,48369191
2026-09-26T11:01:00.600611+00:00,vast.ai,marketplace,Titan Xp,0.05472222222222223,1,12.0,5.757466410549852,105.21258415218003,10.46,250.55622600679067,"South Korea, KR",0.9815323,48474940
2026-09-26T11:01:00.600611+00:00,vast.ai,marketplace,Titan Xp,0.05472222222222223,1,12.0,5.757466410549852,105.21258415218003,18.85,20.200000000000003,"Quebec, CA",0.9978846,49328820
2026-09-26T11:01:00.600611+00:00,vast.ai,marketplace,Titan Xp,0.05472222222222223,1,12.0,5.757466410549852,105.21258415218003,10.45,236.13333333333333,"South Korea, KR",0.9883298,48453503
2026-09-26T11:01:00.600611+00:00,vast.ai,marketplace,Quadro P4000,0.055648148148148155,1,8.0,2.0836915595552954,37.44404133643459,23.56,247.825,"United States, US",0.9640834,52494644
2026-09-26T11:01:00.600611+00:00,vast.ai,marketplace,RTX 2060,0.060277777777777784,1,12.0,3.941650081068745,65.39142991634783,8.96,143.57142857142856,"South Korea, KR",0.991961,35050674
2026-09-26T11:01:00.600611+00:00,vast.ai,marketplace,RTX 3060,0.06092592592592593,1,12.0,12.377174334281369,203.15118968121394,15.61,365.0,"Poland, PL",0.9994287,45598049
2026-09-26T11:01:00.600611+00:00,vast.ai,marketplace,RTX 3060,0.06092592592592593,1,12.0,11.482241698439541,188.46232574946356,15.63,386.0,"Poland, PL",0.9990451,45602041
2026-09-26T11:01:00.600611+00:00,vast.ai,marketplace,Quadro P4000,0.061388888888888896,1,8.0,2.0836915595552954,33.942486942982185,15.46,125.0,"Romania, RO",0.9983914,43521342
2026-09-26T11:01:00.600611+00:00,vast.ai,marketplace,GTX TITAN X,0.061388888888888896,1,12.0,3.355057349444435,54.6525179095021,5.8,64.05999709939185,"South Korea, KR",0.9962261,51832530
2026-09-26T11:01:00.600611+00:00,vast.ai,marketplace,GTX TITAN X,0.061388888888888896,1,12.0,3.355057349444435,54.6525179095021,7.76,126.5,"South Korea, KR",0.9769722,45748277
2026-09-26T11:01:00.600611+00:00,vast.ai,marketplace,RTX 3060,0.061388888888888896,1,12.0,12.264655292856059,199.78624006462357,15.53,85.30000000000001,"South Korea, KR",0.9860419,48521496
2026-09-26T11:01:00.600611+00:00,vast.ai,marketplace,RTX 3060,0.061388888888888896,1,12.0,12.548035631767766,204.40239038173735,7.76,175.5,"South Korea, KR",0.9854291,52606840
2026-09-26T11:01:00.600611+00:00,vast.ai,marketplace,RTX 3060,0.061388888888888896,1,12.0,12.337460403838445,200.9722056733864,10.45,186.5,"South Korea, KR",0.9934704,45389031
2026-09-26T11:01:00.600611+00:00,vast.ai,marketplace,RTX 2060,0.061388888888888896,1,12.0,4.02611401137736,65.5837576513959,10.46,159.23333333333335,"South Korea, KR",0.9876695,49698958
2026-09-26T11:01:00.600611+00:00,vast.ai,marketplace,RTX 2070,0.061388888888888896,1,8.0,4.104189194763423,66.85557059343132,7.77,139.0,"South Korea, KR",0.9943158,49868125
2026-09-26T11:01:00.600611+00:00,vast.ai,marketplace,RTX 3060,0.06277777777777778,1,12.0,12.473388314810451,198.69114129786558,62.9,283.95,"Wisconsin, US",0.9988025,45640249
2026-09-26T11:01:00.600611+00:00,vast.ai,marketplace,RTX 3060 laptop,0.06318518518518518,1,12.0,12.78187728671498,202.2923134474235,31.32,249.5,"New Zealand, NZ",0.9324419,52544510
2026-09-26T11:01:00.600611+00:00,vast.ai,marketplace,GTX 1080 Ti,0.06405555555555556,1,11.0,5.316102491579529,82.99205971242976,15.59,171.0,"South Korea, KR",0.9974992,50020017
2026-09-26T11:01:00.600611+00:00,vast.ai,marketplace,GTX 1080 Ti,0.06405555555555556,1,11.0,5.316102491579529,82.99205971242976,15.59,193.5,"South Korea, KR",0.9974775,47351762
2026-09-26T11:01:00.600611+00:00,vast.ai,marketplace,GTX 1080 Ti,0.06405555555555556,1,11.0,5.212453494822205,81.3739487483085,7.73,167.0,"South Korea, KR",0.9972935,50029605
2026-09-26T11:01:00.600611+00:00,vast.ai,marketplace,GTX 1080 Ti,0.06405555555555556,1,11.0,5.212453494822205,81.3739487483085,7.73,190.0,"South Korea, KR",0.9961322,50029618
2026-09-26T11:01:00.600611+00:00,vast.ai,marketplace,RTX 2060S,0.06538888888888889,1,8.0,3.98692664634161,60.97254004600593,15.61,101.20000000000005,"Vietnam, VN",0.9922379,47528461
2026-09-26T11:01:00.600611+00:00,vast.ai,marketplace,GTX 1660 S,0.06731481481481481,1,6.0,1.7121347086676697,25.434738450633883,62.85,528.0,"Quebec, CA",0.9953315,51586776
2026-09-26T11:01:00.600611+00:00,vast.ai,marketplace,GTX 1080 Ti,0.06805555555555555,1,11.0,5.316102491579529,78.1141590599441,15.64,380.4,"South Korea, KR",0.9965679,47674539
2026-09-26T11:01:00.600611+00:00,vast.ai,marketplace,GTX 1080 Ti,0.06805555555555555,1,11.0,5.384292621025136,79.11613647220608,31.29,69.0,"South Korea, KR",0.9984567,37709426
2026-09-26T11:01:00.600611+00:00,vast.ai,marketplace,GTX 1080 Ti,0.06805555555555555,1,11.0,5.212453494822205,76.59115339330589,31.28,43.0,"South Korea, KR",0.9976673,40234662
2026-09-26T11:01:00.600611+00:00,vast.ai,marketplace,GTX 1080,0.06805555555555555,1,8.0,3.351404206277043,49.24512303100962,10.46,221.16666666666666,"South Korea, KR",0.9962227,50870175
2026-09-26T11:01:00.600611+00:00,vast.ai,marketplace,GTX 1080,0.06805555555555555,1,8.0,3.330490607485923,48.93782117122173,10.46,268.5,"South Korea, KR",0.9906832,52708524
2026-09-26T11:01:00.600611+00:00,vast.ai,marketplace,GTX 1080,0.06805555555555555,1,8.0,3.330490607485923,48.93782117122173,15.54,177.3,"South Korea, KR",0.9977072,52708889
2026-09-26T11:01:00.600611+00:00,vast.ai,marketplace,GTX 1080,0.06805555555555555,1,8.0,3.351404206277043,49.24512303100962,15.52,163.8,"South Korea, KR",0.991199,52708846
2026-09-26T11:01:00.600611+00:00,vast.ai,marketplace,RTX 3060,0.06805555555555555,1,12.0,12.337460403838445,181.28513246456492,47.22,126.125,"Vietnam, VN",0.9846531,23739096
2026-09-26T11:01:00.600611+00:00,vast.ai,marketplace,RTX 3060,0.06805555555555555,1,12.0,12.26615158836682,180.23732946171657,15.67,22.666666666666664,"Spain, ES",0.9972342,46810398
2026-09-26T11:01:00.600611+00:00,vast.ai,marketplace,RTX 3060,0.06805555555555555,1,12.0,12.410888819216355,182.3640806088934,15.61,141.60000000000002,"Vietnam, VN",0.9938387,47601932
2026-09-26T11:01:00.600611+00:00,vast.ai,marketplace,RTX 2070,0.06805555555555555,1,8.0,4.104189194763423,60.30645347407479,7.82,407.0,"South Korea, KR",0.9793718,50701342
2026-09-26T11:01:00.600611+00:00,vast.ai,marketplace,GTX 1080 Ti,0.06833333333333333,1,11.0,5.452482750470743,79.7924304946938,15.57,167.4970698716672,"Spain, ES",0.9908677,50865915
2026-09-26T11:01:00.600611+00:00,vast.ai,marketplace,RTX 3060,0.06892592592592592,1,12.0,12.274355410390498,178.08038478266712,20.22,344.7142857142857,"Finland, FI",0.9392924,52309011
2026-09-26T11:01:00.600611+00:00,vast.ai,marketplace,RTX 3060 laptop,0.06985185185185185,1,12.0,12.782884360734636,182.9999351748861,15.59,322.8,"New Zealand, NZ",0.9980066,50701180
2026-09-26T11:01:00.600611+00:00,vast.ai,marketplace,RTX 3060 laptop,0.07118518518518518,1,12.0,12.78187728671498,179.55810964688058,15.62,225.33333333333331,"New Zealand, NZ",0.9943137,46442913
2026-09-26T11:01:00.600611+00:00,vast.ai,marketplace,RTX 2060,0.075,1,6.0,3.1588250296459743,42.11766706194633,15.64,207.0,"Poland, PL",0.9945565,51153773
2026-09-26T11:01:00.600611+00:00,vast.ai,marketplace,RTX 3060 Ti,0.07918518518518519,1,8.0,13.777221262848961,173.98735925955188,15.62,356.65,"New Zealand, NZ",0.9855803,52719245
2026-09-26T11:01:00.600611+00:00,vast.ai,marketplace,RTX 4060,0.07977777777777778,1,8.0,15.64928008252893,196.1608923993877,31.44,345.2,"British Columbia, CA",0.9954119,47299638
2026-09-26T11:01:00.600611+00:00,vast.ai,marketplace,RTX 3060,0.07977777777777778,1,12.0,12.26615158836682,153.753989269222,31.44,547.6375000000002,"Texas, US",0.9839202,49591775
2026-09-26T11:01:00.600611+00:00,vast.ai,marketplace,RTX 4060,0.08138888888888889,1,8.0,15.657350249471419,192.37699965220855,15.72,42.36250000000001,"Nevada, US",0.9945283,49481975
2026-09-26T11:01:00.600611+00:00,vast.ai,marketplace,RTX 3060,0.08138888888888889,1,12.0,12.407836284181814,152.45123079540795,10.46,180.83333333333331,"South Korea, KR",0.9957456,51265009
2026-09-26T11:01:00.600611+00:00,vast.ai,marketplace,RTX 2080 Ti,0.08138888888888889,1,11.0,8.666419931501098,106.48161007987697,15.63,673.0,"Florida, US",0.9943193,39588997
2026-09-26T11:01:00.600611+00:00,vast.ai,marketplace,RTX 3060 Ti,0.08138888888888889,1,8.0,13.773022926458784,169.22485506911818,11.58,313.0,"Argentina, AR",0.9979475,47418499
2026-09-26T11:01:00.600611+00:00,vast.ai,marketplace,RTX 4060,0.08277777777777778,1,8.0,15.653315498872239,189.10045569107402,15.72,107.03749999999997,"Nevada, US",0.9905707,50944069
2026-09-26T11:01:00.600611+00:00,vast.ai,marketplace,GTX 1660 Ti,0.08277777777777778,1,6.0,2.54473177213438,30.74172610632137,15.54,35.0,"Sweden, SE",0.9979304,47937256
2026-09-26T11:01:00.600611+00:00,vast.ai,marketplace,RTX 3060,0.08370370370370371,1,12.0,12.685909613945316,151.55732724624934,31.4,657.65,"Nebraska, US",0.9991707,10692455
2026-09-26T11:01:00.600611+00:00,vast.ai,marketplace,RTX 3060 Ti,0.08405555555555555,1,8.0,14.007303535714515,166.64339963176556,62.94,567.7635150918511,"Sweden, SE",0.9957703,51184868
2026-09-26T11:01:00.600611+00:00,vast.ai,marketplace,RTX 3060,0.08672222222222221,1,12.0,12.279742484411683,141.5985680457465,20.97,207.34166666666664,"Thailand, TH",0.9356727,52389486
2026-09-26T11:01:00.600611+00:00,vast.ai,marketplace,RTX A4000,0.0875925925925926,1,15.99,21.189996229700604,241.9153903602183,23.48,340.5,"The Netherlands, NL",0.9989625,36172970
2026-09-26T11:01:00.600611+00:00,vast.ai,marketplace,RTX 3070,0.08805555555555555,1,8.0,16.279381572723597,184.87625760821751,31.24,303.4,"Vietnam, VN",0.9931172,49260634
2026-09-26T11:01:00.600611+00:00,vast.ai,marketplace,Q RTX 4000,0.08805555555555555,1,8.0,4.104189194763423,46.609088647155595,31.26,275.0,"Argentina, AR",0.9926849,37282264
2026-09-26T11:01:00.600611+00:00,vast.ai,marketplace,RTX 4060 Ti,0.09136111111111112,1,16.0,22.64845707856774,247.90041192716285,31.33,690.0,"Vietnam, VN",0.7302206,52663491
2026-09-26T11:01:00.600611+00:00,vast.ai,marketplace,RTX A4000,0.0915925925925926,1,15.99,19.439120365284015,212.23463399218292,41.93,65.0,"Japan, JP",0.9931738,49635431
2026-09-26T11:01:00.600611+00:00,vast.ai,marketplace,RTX A4000,0.0915925925925926,1,15.99,17.92040449302104,195.65342552024586,41.93,80.16666666666666,"Japan, JP",0.9915878,49633878
2026-09-26T11:01:00.600611+00:00,vast.ai,marketplace,RTX 3060,0.09202777777777779,1,12.0,12.399411382807179,134.7355296652757,31.42,311.67911741712754,"Pennsylvania, US",0.9920694,52676776
2026-09-26T11:01:00.600611+00:00,vast.ai,marketplace,RTX 2080 Ti,0.09205555555555556,1,22.0,11.045877624506199,119.99142863072515,17.97,127.44093304005303,"Thailand, TH",0.9643609,50286320
2026-09-26T11:01:00.600611+00:00,vast.ai,marketplace,Tesla P100,0.09472222222222222,1,16.0,0.10932981279081821,1.1542150323957348,15.66,69.42500000000001,"Missouri, US",0.9597504,52667639
2026-09-26T11:01:00.600611+00:00,vast.ai,marketplace,RTX A4000,0.09472222222222222,1,15.99,21.616230982224856,228.20654409386944,31.32,779.5,"Quebec, CA",0.9982078,49320809
2026-09-26T11:01:00.600611+00:00,vast.ai,marketplace,RTX 3060 Ti,0.09472222222222222,1,8.0,13.757749054489425,145.243098522469,41.9,274.26666666666665,"Quebec, CA",0.9134808,52514848
2026-09-26T11:01:00.600611+00:00,vast.ai,marketplace,Tesla P100,0.09564814814814815,1,16.0,6.489584450329015,67.84851119414652,39.01,559.925,"Texas, US",0.9936773,48981926
2026-09-26T11:01:00.600611+00:00,vast.ai,marketplace,RTX 3060 Ti,0.09564814814814815,1,8.0,13.773022926458784,143.99675470063394,31.28,325.0,"Colorado, US",0.9687573,51274554
2026-09-26T11:01:00.600611+00:00,vast.ai,marketplace,RTX 4060 Ti,0.09888888888888889,1,16.0,22.510935115624875,227.63866970856614,20.96,534.8333333333333,"Japan, JP",0.977699,51188710
2026-09-26T11:01:00.600611+00:00,vast.ai,marketplace,RTX 5060,0.10018518518518518,1,7.96,28.241956585352934,281.89753338429915,30.45,452.0,"India, IN",0.9519405,48558059
2026-09-26T11:01:00.600611+00:00,vast.ai,marketplace,RTX A4000,0.10027777777777779,1,15.99,15.771494341534808,157.27805991558256,31.42,344.9,"Germany, DE",0.9891868,50614342
2026-09-26T11:01:00.600611+00:00,vast.ai,marketplace,RTX 3060,0.10337777777777779,1,12.0,12.26689919347755,118.6608907365627,27.51,1005.625,"Texas, US",0.9981449,50069458
2026-09-26T11:01:00.600611+00:00,vast.ai,marketplace,RTX A4000,0.1063148148148148,1,15.99,21.189996229700604,199.3136729496312,35.33,353.00111016933056,"Estonia, EE",0.9866847,50482919
2026-09-26T11:01:00.600611+00:00,vast.ai,marketplace,RTX A4000,0.10805555555555556,1,15.99,21.629227819330687,200.1676610529318,39.28,263.58626449624734,"Delaware, US",0.9994658,45415104
2026-09-26T11:01:00.600611+00:00,vast.ai,marketplace,RTX A4000,0.10805555555555556,1,15.99,21.191598078871984,196.11761718236284,23.57,103.0,"Delaware, US",0.9986521,48328454
2026-09-26T11:01:00.600611+00:00,vast.ai,marketplace,RTX A4000,0.10805555555555556,1,15.99,21.189996229700604,196.10279287126522,31.2,52.5,"Romania, RO",0.9961162,45565872
2026-09-26T11:01:00.600611+00:00,vast.ai,marketplace,RTX A2000,0.10898148148148148,1,5.99,8.576597161264104,78.69774795382526,62.89,667.945372319913,"Norway, NO",0.9964216,29318077
2026-09-26T11:01:00.600611+00:00,vast.ai,marketplace,RTX 4060 Ti,0.10898148148148148,1,16.0,22.510935115624875,206.557433516354,23.54,351.5,"United States, US",0.9863547,47543124
2026-09-26T11:01:00.600611+00:00,vast.ai,marketplace,RTX 3080,0.11129629629629631,1,10.0,26.956095599833773,242.2011917455946,14.78,1463.0,"Illinois, US",0.9978358,40730744
2026-09-26T11:01:00.600611+00:00,vast.ai,marketplace,RTX 4070S,0.1126851851851852,1,11.99,34.73666963981971,308.26296804441483,15.72,165.625,"United States, US",0.9928148,46334493
2026-09-26T11:01:00.600611+00:00,vast.ai,marketplace,RTX 3060 laptop,0.11785185185185186,1,12.0,12.782884360734636,108.46570639215435,15.59,312.85,"New Zealand, NZ",0.9955892,51286013
2026-09-26T11:01:00.600611+00:00,vast.ai,marketplace,RTX 4060 Ti,0.11813521792592595,1,16.0,22.498867868639216,190.45013217605126,23.57,166.1125,"California, US",0.9400808,52442691
2026-09-26T11:01:00.600611+00:00,vast.ai,marketplace,RTX A4000,0.1213888888888889,1,15.99,21.191598078871984,174.5760940135907,15.66,207.83333333333331,"Utah, US",0.9840174,50591557
2026-09-26T11:01:00.600611+00:00,vast.ai,marketplace,RTX 3080 Ti,0.1213888888888889,1,12.0,34.935240899601496,287.796034870859,31.26,646.0,"Oregon, US",0.4882556,38475407
2026-09-26T11:01:00.600611+00:00,vast.ai,marketplace,RTX 3070,0.12166666666666667,1,8.0,16.281633360172783,133.82164405621464,15.64,362.0,"Spain, ES",0.9866554,52230480
2026-09-26T11:01:00.600611+00:00,vast.ai,marketplace,RTX 5060 Ti,0.12685185185185185,1,15.93,38.50384941987168,303.53399542672565,29.96,451.0,"India, IN",0.9381559,50282300
2026-09-26T11:01:00.600611+00:00,vast.ai,marketplace,RTX 4060 Ti,0.1332962962962963,1,16.0,22.673374342841267,170.09755689266856,31.45,93.10000000000001,"Quebec, CA",0.9990744,50694756
2026-09-26T11:01:00.600611+00:00,vast.ai,marketplace,RTX 4060 Ti,0.13347222222222221,1,16.0,22.52902695465334,168.79187728772536,23.57,303.32500000000005,"Jiangsu, CN",0.9933275,49517345
2026-09-26T11:01:00.600611+00:00,vast.ai,marketplace,RTX 2060S,0.13472222222222222,1,8.0,3.9592396557420164,29.3881706405593,15.54,414.0,"The Netherlands, NL",0.9674612,51780352
2026-09-26T11:01:00.600611+00:00,vast.ai,marketplace,RTX 3060,0.13518518518518519,1,12.0,12.407836284181814,91.78399443093396,15.59,351.05,"Florida, US",0.9908735,52645798
2026-09-26T11:01:00.600611+00:00,vast.ai,marketplace,RTX 5060 Ti,0.13537037037037036,1,15.93,38.50384941987168,284.4333609675883,31.46,305.25,"Denmark, DK",0.9967825,51938881
2026-09-26T11:01:00.600611+00:00,vast.ai,marketplace,RTX 3070,0.13564814814814816,1,8.0,16.412683442356215,120.9945264009878,62.89,362.4549985496959,"Norway, NO",0.9980111,16581606
2026-09-26T11:01:00.600611+00:00,vast.ai,marketplace,RTX 3090,0.13935185185185184,1,24.0,44.362075122503484,318.34578825451007,31.47,138.3496337339584,"California, US",0.9852207,43824380
2026-09-26T11:01:00.600611+00:00,vast.ai,marketplace,RTX 5070,0.1398148148148148,1,11.94,50.18529991346197,358.94121792409885,30.4,975.0,"Sweden, SE",0.9967904,50786613
2026-09-26T11:01:00.600611+00:00,vast.ai,marketplace,RTX 5060 Ti,0.14185185185185187,1,15.93,38.74923259488421,273.1669138542751,15.26,318.0,"Finland, FI",0.9909551,50915210
2026-09-26T11:01:00.600611+00:00,vast.ai,marketplace,RTX 3060 Ti,0.1477314814814815,1,8.0,10.886337869601736,73.69003383998667,7.61,312.0,"Spain, ES",0.9946399,46485962
2026-09-26T11:01:00.600611+00:00,vast.ai,marketplace,RTX 3090,0.14805555555555555,1,24.0,44.36470379958797,299.64903129177617,31.44,221.92601710133488,"Yunnan, CN",0.9937758,35580418
2026-09-26T11:01:00.600611+00:00,vast.ai,marketplace,RTX A4000,0.14805555555555555,1,15.99,21.189996229700604,143.1219257540754,62.87,364.0,"Massachusetts, US",0.9310195,51648674
2026-09-26T11:01:00.600611+00:00,vast.ai,marketplace,RTX 4060 Ti,0.14805555555555555,1,8.0,17.527328017944008,118.3834537797344,62.69,326.0,"Kentucky, US",0.9935949,13544719
2026-09-26T11:01:00.600611+00:00,vast.ai,marketplace,RTX 3060 Ti,0.14805555555555555,1,8.0,13.859103641691124,93.60745424031529,110.12,123.0,"Massachusetts, US",0.9372282,46460414
2026-09-26T11:01:00.600611+00:00,vast.ai,marketplace,RTX 3060 Ti,0.14805555555555555,1,8.0,13.776522212633388,93.04968098589156,94.31,104.19999999999999,"Massachusetts, US",0.8123501,51361323
2026-09-26T11:01:00.600611+00:00,vast.ai,marketplace,RTX 3060 Ti,0.14805555555555555,1,8.0,13.932156277121331,94.10086791301462,94.31,135.0,"Massachusetts, US",0.9905264,47798927
2026-09-26T11:01:00.600611+00:00,vast.ai,marketplace,RTX 4060 Ti,0.14805555555555555,1,16.0,22.62096540783493,152.78700838312523,31.18,343.0,"Kentucky, US",0.9923263,37529335
2026-09-26T11:01:00.600611+00:00,vast.ai,marketplace,Tesla T4,0.14938888888888888,1,15.0,4.302423311844853,28.80015604805034,31.42,157.56666666666666,"Czechia, CZ",0.9992751,13080911
2026-09-26T11:01:00.600611+00:00,vast.ai,marketplace,RTX 3090,0.15031481481481482,1,24.0,45.42157919928903,302.1763307578671,41.93,150.16666666666666,"Czechia, CZ",0.9926953,43731723
2026-09-26T11:01:00.600611+00:00,vast.ai,marketplace,RTX 3090,0.15268518518518517,1,24.0,41.220245280461626,269.9688593262496,35.98,161.83487878234163,"California, US",0.9923602,49828269
2026-09-26T11:01:00.600611+00:00,vast.ai,marketplace,RTX 3090,0.15268518518518517,1,24.0,44.791812691431744,293.36056826407696,31.46,314.625,"California, US",0.9896429,51737569
2026-09-26T11:01:00.600611+00:00,vast.ai,marketplace,RTX 3060,0.15483333333333332,1,12.0,12.548035631767766,81.04221075415134,62.86,282.5,"New York, US",0.9979249,52140339
2026-09-26T11:01:00.600611+00:00,vast.ai,marketplace,RTX 3080,0.15605555555555556,1,10.0,27.107846015256275,173.70638244023243,31.35,606.5,"The Netherlands, NL",0.9406138,52399064
2026-09-26T11:01:00.600611+00:00,vast.ai,marketplace,RTX 4060 Ti,0.16046296296296297,1,16.0,22.286903390291627,138.89126175138463,62.82,1318.3000000000002,"Thailand, TH",0.998217,43084154
2026-09-26T11:01:00.600611+00:00,vast.ai,marketplace,RTX 3070,0.1613888888888889,1,8.0,16.278255054370714,100.86354250556725,31.27,490.0,"Virginia, US",0.9968036,39826844
2026-09-26T11:01:00.600611+00:00,vast.ai,marketplace,RTX 4060 Ti,0.1613888888888889,1,16.0,22.614857592966338,140.12648422492052,31.27,206.0,"Kentucky, US",0.9892278,30829053
2026-09-26T11:01:00.600611+00:00,vast.ai,marketplace,Tesla V100,0.1613888888888889,1,32.0,25.71306491342886,159.3236380178036,31.48,105.125,"Ukraine, UA",0.9561725,51159025
2026-09-26T11:01:00.600611+00:00,vast.ai,marketplace,RTX 4060 Ti,0.1618505185185185,1,8.0,17.70101793595519,109.36645800075016,62.51,621.6,"Texas, US",0.9977999,35855967
2026-09-26T11:01:00.600611+00:00,vast.ai,marketplace,RTX 4070,0.16185185185185186,1,11.99,34.209680453214474,211.36415840658827,31.42,397.5,"Alberta, CA",0.9964663,45498591
2026-09-26T11:01:00.600611+00:00,vast.ai,marketplace,RTX 3090,0.1645185185185185,1,24.0,44.3607604204072,269.6399215108047,41.93,187.66666666666666,"Czechia, CZ",0.9096054,25325619
2026-09-26T11:01:00.600611+00:00,vast.ai,marketplace,RTX 3090,0.1660185185185185,1,24.0,44.36470379958797,267.22744062216964,31.47,159.46455870856374,"California, US",0.9889831,44579230
2026-09-26T11:01:00.600611+00:00,vast.ai,marketplace,RTX 4070S Ti,0.1660185185185185,1,15.99,51.49011371422288,310.1468087638634,23.54,282.75,"California, US",0.9898838,50022960
2026-09-26T11:01:00.600611+00:00,vast.ai,marketplace,RTX 3070,0.16640088888888888,1,8.0,16.71543693323815,100.4528103476633,15.61,342.0,"Oklahoma, US",0.9616379,52610192
2026-09-26T11:01:00.600611+00:00,vast.ai,marketplace,RTX 3080,0.16805555555555554,1,10.0,26.962062575937452,160.43541367499972,31.14,75.0,"Argentina, AR",0.9839045,45863091
2026-09-26T11:01:00.600611+00:00,vast.ai,marketplace,RTX 5060 Ti,0.17425925925925925,1,15.93,38.430594481871786,220.53688650595925,23.53,73.0,"Bulgaria, BG",0.9920121,46881314
2026-09-26T11:01:00.600611+00:00,vast.ai,marketplace,RTX 3090,0.17472222222222222,1,24.0,6.855681818181818,39.23760659054776,41.85,195.0,"Australia, AU",0.9381769,52587285
2026-09-26T11:01:00.600611+00:00,vast.ai,marketplace,RTX 3090,0.17472222222222222,1,24.0,44.35944547585151,253.88553849453965,31.46,294.64194305297565,", CN",0.9971108,45174335
2026-09-26T11:01:00.600611+00:00,vast.ai,marketplace,RTX 3070,0.17472222222222222,1,8.0,12.262557597514162,70.18315954062159,10.42,242.0,"France, FR",0.9980492,51557332
2026-09-26T11:01:00.600611+00:00,vast.ai,marketplace,RTX 3070,0.17472222222222222,1,8.0,16.278255054370714,93.16648361801998,7.79,222.0,"France, FR",0.99758,51557375
2026-09-26T11:01:00.600611+00:00,vast.ai,marketplace,RTX 3070 Ti,0.17472222222222222,1,8.0,18.211237100582657,104.22965590158596,62.57,268.0,"Massachusetts, US",0.9861012,44162569
2026-09-26T11:01:00.600611+00:00,vast.ai,marketplace,RTX 4060 Ti,0.1751851851851852,1,16.0,22.626965166069397,129.1602662756604,15.63,206.5,"Ireland, IE",0.9946159,50371104
2026-09-26T11:01:00.600611+00:00,vast.ai,marketplace,RTX 3090,0.17587962962962964,1,24.0,36.23364693070788,206.01389147230591,31.32,225.0,"Quebec, CA",0.9975386,11997121
2026-09-26T11:01:00.600611+00:00,vast.ai,marketplace,RTX 3090,0.17587962962962964,1,24.0,41.818088689724405,237.76538975994922,31.34,289.5,"Quebec, CA",0.9958397,49745114
2026-09-26T11:01:00.600611+00:00,vast.ai,marketplace,RTX 3090,0.17935185185185185,1,24.0,44.3633895822079,247.35395327199038,53.96,286.7142857142857,"United States, US",0.990384,48317511
2026-09-26T11:01:00.600611+00:00,vast.ai,marketplace,RTX 3090,0.17935185185185185,1,24.0,44.83225885059289,249.96819596613489,47.19,706.75,"United States, US",0.9864846,41028909
2026-09-26T11:01:00.600611+00:00,vast.ai,marketplace,RTX 3090,0.17935185185185185,1,24.0,44.36601777471118,247.368607107321,23.59,280.827134126151,"United States, US",0.9911128,43751722
2026-09-26T11:01:00.600611+00:00,vast.ai,marketplace,RTX 3090,0.18051851851851852,1,24.0,45.17824030640307,250.26928360133007,41.92,192.66666666666666,"Czechia, CZ",0.9933644,18990229
2026-09-26T11:01:00.600611+00:00,vast.ai,marketplace,RTX 3090,0.18805555555555556,1,24.0,41.67431243016093,221.60638810720732,31.43,51.25,"France, FR",0.9681559,51143571
2026-09-26T11:01:00.600611+00:00,vast.ai,marketplace,RTX PRO 4000,0.1889814814814815,1,23.89,65.69237766585148,347.6127774577148,62.86,657.0,"Alberta, CA",0.8423019,50601904
2026-09-26T11:01:00.600611+00:00,vast.ai,marketplace,RTX 3090,0.2009259259259259,1,24.0,44.651845830551935,222.23038477878384,31.37,506.9529940409009,"Utah, US",0.9971351,7899207
2026-09-26T11:01:00.600611+00:00,vast.ai,marketplace,Titan V,0.20138888888888887,1,12.0,21.928555102326925,108.8866184391406,15.59,383.0,"South Korea, KR",0.993113,52709206
2026-09-26T11:01:00.600611+00:00,vast.ai,marketplace,RTX 3080,0.20138888888888887,1,10.0,24.97134523159684,123.99564528792915,20.22,107.1142857142857,"Florida, US",0.9946772,51194595
2026-09-26T11:01:00.600611+00:00,vast.ai,marketplace,RTX 3080,0.20138888888888887,1,10.0,27.10885409467945,134.60948240116696,31.32,439.0,"Taiwan, TW",0.9992501,35966568
2026-09-26T11:01:00.600611+00:00,vast.ai,marketplace,RTX 3080,0.20138888888888887,1,10.0,26.685235200436985,132.50599547803193,15.66,201.0,"Taiwan, TW",0.9989575,34092776
2026-09-26T11:01:00.600611+00:00,vast.ai,marketplace,RTX 3080,0.20138888888888887,1,10.0,27.10684544350654,134.59950840913595,15.59,376.0,"Taiwan, TW",0.9912679,50519323
2026-09-26T11:01:00.600611+00:00,vast.ai,marketplace,Tesla P100,0.20166666666666666,1,16.0,5.823086587862793,28.87480952659236,251.88,118.5,"United Kingdom, GB",0.9952397,35888791
2026-09-26T11:01:00.600611+00:00,vast.ai,marketplace,RTX A2000,0.2023148148148148,1,5.99,8.575741297328419,42.388103437595845,125.78,1521.0,"Norway, NO",0.9976331,52457955
2026-09-26T11:01:00.600611+00:00,vast.ai,marketplace,RTX PRO 4000,0.2023148148148148,1,23.89,65.8601678136746,325.5330949142726,94.31,715.5,"Alberta, CA",0.9364804,52604147
2026-09-26T11:01:00.600611+00:00,vast.ai,marketplace,RTX 3090,0.2046296296296296,1,24.0,44.32913467655626,216.63106538769577,70.73,316.375,"Bulgaria, BG",0.9577797,51020105
2026-09-26T11:01:00.600611+00:00,vast.ai,marketplace,RTX 5070 Ti,0.2060185185185185,1,15.92,73.22580442468664,355.4331181063442,31.46,142.925,"United States, US",0.9294817,52688674
2026-09-26T11:01:00.600611+00:00,vast.ai,marketplace,RTX 3090,0.20938888888888887,1,24.0,36.62151470630546,174.89712515614178,31.44,92.27500000000002,"Taiwan, TW",0.9958289,41191656
2026-09-26T11:01:00.600611+00:00,vast.ai,marketplace,RTX A5000,0.21425925925925926,1,23.99,34.903112024753824,162.90130072054507,62.63,251.0,"California, US",0.9939161,49707053
2026-09-26T11:01:00.600611+00:00,vast.ai,marketplace,RTX A5000,0.21472222222222223,1,23.99,34.919310668818035,162.62550893628062,62.39,583.0,"Quebec, CA",0.8141892,49301745
2026-09-26T11:01:00.600611+00:00,vast.ai,marketplace,RTX 3090,0.2151851851851852,1,24.0,44.650584011387366,207.49841106840944,31.46,678.3630556685284,"Quebec, CA",0.9785835,51066770
2026-09-26T11:01:00.600611+00:00,vast.ai,marketplace,RTX 3090,0.2151851851851852,1,24.0,44.651845830551935,207.5042749440451,62.96,247.39999999999998,"Quebec, CA",0.9917631,30580303
2026-09-26T11:01:00.600611+00:00,vast.ai,marketplace,RTX 3080,0.2151851851851852,1,10.0,27.110861842221155,125.98851458519296,15.59,357.5,"Florida, US",0.9956343,52652357
2026-09-26T11:01:00.600611+00:00,vast.ai,marketplace,RTX 4070S Ti,0.21785185185185185,1,15.99,53.05828652729323,243.55214828917326,50.34,263.0,"Bulgaria, BG",0.9905186,50223792
2026-09-26T11:01:00.600611+00:00,vast.ai,marketplace,RTX 3090,0.2188888888888889,1,24.0,44.63921737691689,203.93551085901115,31.08,302.0,"Ontario, CA",0.9975953,32276049
2026-09-26T11:01:00.600611+00:00,vast.ai,marketplace,RTX PRO 4000,0.22092592592592591,1,23.89,65.71634849707324,297.458744244925,62.63,40.0,"France, FR",0.992066,51635020
2026-09-26T11:01:00.600611+00:00,vast.ai,marketplace,RTX 4060 Ti,0.2253888888888889,1,16.0,22.535055162917324,99.98299061683801,62.89,688.3141495138956,"Quebec, CA",0.9985413,49645022
2026-09-26T11:01:00.600611+00:00,vast.ai,marketplace,RTX 4060 Ti,0.2253888888888889,1,16.0,22.498867868639216,99.82243570014934,62.94,256.5,"Quebec, CA",0.9980933,49744615
2026-09-26T11:01:00.600611+00:00,vast.ai,marketplace,RTX 3090,0.22805555555555557,1,24.0,42.668962405933854,187.09898253515453,26.13,384.0,"British Columbia, CA",0.8491562,52733257
2026-09-26T11:01:00.600611+00:00,vast.ai,marketplace,RTX 3090,0.22805555555555557,1,24.0,44.59230362223427,195.5326346407349,35.93,175.28571428571428,"Taiwan, TW",0.9332705,52678897
2026-09-26T11:01:00.600611+00:00,vast.ai,marketplace,RTX 4070S Ti,0.22805555555555557,1,15.99,51.20734667824677,224.538913570875,62.83,154.0,"Texas, US",0.9933489,50764746
2026-09-26T11:01:00.600611+00:00,vast.ai,marketplace,RTX 3070,0.22905022222222224,1,8.0,16.279381572723597,71.07341531818949,31.4,152.50000000000003,"Oklahoma, US",0.9894658,51372574
2026-09-26T11:01:00.600611+00:00,vast.ai,marketplace,RTX A5000,0.23170370370370372,1,23.99,35.34139999211862,152.52842068209762,100.72,19.6,"Ireland, IE",0.9950643,9817742
2026-09-26T11:01:00.600611+00:00,vast.ai,marketplace,RTX A5000,0.23205555555555557,1,23.99,35.136339716275124,151.4134821386048,125.88,1451.5,"Romania, RO",0.9976951,19951406
2026-09-26T11:01:00.600611+00:00,vast.ai,marketplace,RTX 3090,0.2413888888888889,1,24.0,44.60426813632625,184.7817782402468,27.38,244.0,"Taiwan, TW",0.999085,47957856
2026-09-26T11:01:00.600611+00:00,vast.ai,marketplace,RTX 4070 Ti,0.2413888888888889,1,11.99,35.61641574250169,147.54786728769398,47.19,1660.5,"North Carolina, US",0.992789,39047405
2026-09-26T11:01:00.600611+00:00,vast.ai,marketplace,RTX PRO 4000,0.24185185185185187,1,23.89,59.01935046117065,244.0310049696183,31.34,1143.0,"Michigan, US",0.9582055,51671368
2026-09-26T11:01:00.600611+00:00,vast.ai,marketplace,RTX 3090,0.24370370370370373,1,24.0,44.89452102344414,184.21763945790147,28.26,512.4724427649701,"Estonia, EE",0.9929337,45557884
2026-09-26T11:01:00.600611+00:00,vast.ai,marketplace,RTX 3090,0.25170370370370376,1,24.0,44.597623631977896,177.18302502404399,100.72,12.0,"Ireland, IE",0.9986975,9107061
2026-09-26T11:01:00.600611+00:00,vast.ai,marketplace,RTX 3090,0.2533888888888889,1,24.0,44.350234069419734,175.0283300262125,31.44,276.875,"Thailand, TH",0.9751775,49290337
2026-09-26T11:01:00.600611+00:00,vast.ai,marketplace,RTX 3090,0.25425925925925924,1,24.0,44.81475961080969,176.25615578905487,83.85,269.85353888198983,"Virginia, US",0.9702675,48711168
2026-09-26T11:01:00.600611+00:00,vast.ai,marketplace,Q RTX 8000,0.25425925925925924,1,45.0,11.59033456697642,45.5847098774018,47.22,64.0,"Indiana, US",0.9975707,24936692
2026-09-26T11:01:00.600611+00:00,vast.ai,marketplace,RTX PRO 4000,0.25425925925925924,1,23.89,65.78825936944865,258.74479285872013,62.88,190.175,"South Korea, KR",0.9970859,45704066
2026-09-26T11:01:00.600611+00:00,vast.ai,marketplace,RTX 4070S Ti,0.2547222222222222,1,15.99,50.99933204694162,200.21548022790606,62.94,343.0,"Arizona, US",0.9913959,51147273
2026-09-26T11:01:00.600611+00:00,vast.ai,marketplace,RTX 3090,0.2555092592592592,1,24.0,44.362075122503484,173.6221820340778,41.92,409.0,"Germany, DE",0.9901101,51485233
2026-09-26T11:01:00.600611+00:00,vast.ai,marketplace,RTX 3090,0.25914546807407407,1,24.0,44.59496411700897,172.08467679728807,31.41,383.25,"California, US",0.8456128,52591892
2026-09-26T11:01:00.600611+00:00,vast.ai,marketplace,Tesla V100,0.2613888888888889,1,32.0,25.71306491342886,98.37091784096056,94.32,1159.4910188003075,"Minnesota, US",0.9994687,44175690
2026-09-26T11:01:00.600611+00:00,vast.ai,marketplace,RTX 5080,0.26585185185185184,1,15.92,70.2931458601223,264.4072078884511,62.59,173.0,"Indiana, US",0.9565776,52670441
2026-09-26T11:01:00.600611+00:00,vast.ai,marketplace,RTX 5070 Ti,0.2675925925925926,1,15.92,75.90657225050073,283.6646990676152,62.26,541.0,"Colorado, US",0.9734921,42723052
2026-09-26T11:01:00.600611+00:00,vast.ai,marketplace,RTX 3090,0.26805555555555555,1,24.0,44.34628268015064,165.4369094803547,167.95,428.0,"Oman, OM",0.9736984,52733212
2026-09-26T11:01:00.600611+00:00,vast.ai,marketplace,Titan RTX,0.26805555555555555,1,24.0,12.057292800000003,44.98057417616582,15.59,361.5,"South Korea, KR",0.9972877,50869879
2026-09-26T11:01:00.600611+00:00,vast.ai,marketplace,Titan RTX,0.26805555555555555,1,24.0,12.057292800000003,44.98057417616582,31.32,346.5,"South Korea, KR",0.9986313,50736362
2026-09-26T11:01:00.600611+00:00,vast.ai,marketplace,Tesla V100,0.26805555555555555,1,32.0,25.71306491342886,95.92438724180714,125.94,579.75,"Minnesota, US",0.9991104,42722539
2026-09-26T11:01:00.600611+00:00,vast.ai,marketplace,RTX 5070 Ti,0.26805555555555555,1,15.92,76.1207110104566,283.9736369302008,15.59,223.14999999999998,"South Korea, KR",0.9969251,51511969
2026-09-26T11:01:00.600611+00:00,vast.ai,marketplace,RTX 3090,0.2685185185185185,1,24.0,44.644271496145954,166.26142488219875,62.88,345.17008744743765,"Norway, NO",0.9995685,52393897
2026-09-26T11:01:00.600611+00:00,vast.ai,marketplace,RTX 3090,0.2685185185185185,1,24.0,44.597623631977896,166.08770180184874,31.26,678.0,"Norway, NO",0.9980095,52214454
2026-09-26T11:01:00.600611+00:00,vast.ai,marketplace,RTX 3090,0.2685185185185185,1,24.0,44.34232910204534,165.1369497593413,31.4,298.0,"Utah, US",0.9945506,50213708
2026-09-26T11:01:00.600611+00:00,vast.ai,marketplace,RTX 3090,0.2685185185185185,1,24.0,41.56091776654874,154.7785903030091,31.37,605.4678325198427,"Norway, NO",0.9958859,52593631
2026-09-26T11:01:00.600611+00:00,vast.ai,marketplace,RTX PRO 4000,0.2689814814814815,1,23.89,65.75230423708362,244.44918614819383,41.92,453.41666666666663,"France, FR",0.9954004,47658254
2026-09-26T11:01:00.600611+00:00,vast.ai,marketplace,RTX PRO 4000,0.2689814814814815,1,23.89,65.7283338112971,244.36007062375515,41.92,407.8333333333333,"Ontario, CA",0.9934017,44205407
2026-09-26T11:01:00.600611+00:00,vast.ai,marketplace,RTX 5070 Ti,0.26944444444444443,1,15.92,76.08004320247737,282.35892322568924,31.28,378.0,"Arizona, US",0.9776137,51987082
2026-09-26T11:01:00.600611+00:00,vast.ai,marketplace,RTX 3060,0.2712555555555555,1,12.0,12.27212232448754,45.24192066537823,15.73,154.05162459941928,"Czechia, CZ",0.9990605,46528530
2026-09-26T11:01:00.600611+00:00,vast.ai,marketplace,RTX 5080,0.2712962962962963,1,15.92,40.152727230564516,148.00322665191015,30.46,1366.7,"Minnesota, US",0.9871575,50017792
2026-09-26T11:01:00.600611+00:00,vast.ai,marketplace,RTX 3090,0.28092592592592597,1,24.0,44.849716306748,159.64961638525983,83.85,444.3333333333333,"California, US",0.9545062,50650299
2026-09-26T11:01:00.600611+00:00,vast.ai,marketplace,RTX 4500Ada,0.28694444444444445,1,23.99,40.6032011921891,141.50195962427952,23.34,97.0,"France, FR",0.992335,51136776
2026-09-26T11:01:00.600611+00:00,vast.ai,marketplace,RTX 5080,0.2947222222222222,1,15.92,40.27278159303699,136.64657279447047,31.46,177.3,"Hong Kong, HK",0.9780695,51998066
2026-09-26T11:01:00.600611+00:00,vast.ai,marketplace,RTX 5070 Ti,0.2947222222222222,1,15.92,76.42069687145694,259.2973692151225,30.71,523.0,"Colombia, CO",0.9810404,52691641
2026-09-26T11:01:00.600611+00:00,vast.ai,marketplace,RTX 3090,0.295,1,24.0,44.3633895822079,150.38437146511154,31.28,603.4000000000015,"New Brunswick, CA",0.9955973,48238573
2026-09-26T11:01:00.600611+00:00,vast.ai,marketplace,RTX PRO 4000,0.29518518518518516,1,23.89,65.77627439280556,222.83054060297997,30.2,118.5,"Puerto Rico, PR",0.9897862,44170201
2026-09-26T11:01:00.600611+00:00,vast.ai,marketplace,RTX 4080S,0.2961111111111111,1,15.99,55.58895853232665,187.73006633806375,31.28,450.0,"Arizona, US",0.9834417,51987075
2026-09-26T11:01:00.600611+00:00,vast.ai,marketplace,RTX 3090,0.2965185185185185,1,24.0,42.62733301668998,143.7594293593092,31.24,284.5,"Spain, ES",0.991874,51708799
2026-09-26T11:01:00.600611+00:00,vast.ai,marketplace,RTX 3090,0.3080555555555556,1,24.0,44.35155071308448,143.97257219756906,35.96,915.4428571428572,"Utah, US",0.9905502,50807814
2026-09-26T11:01:00.600611+00:00,vast.ai,marketplace,L4,0.3213888888888889,1,22.49,25.314373969525715,78.7655542699158,31.32,258.7225000000002,"South Korea, KR",0.9899103,50457498
2026-09-26T11:01:00.600611+00:00,vast.ai,marketplace,L4,0.3232407407407408,1,22.49,25.284684967854314,78.22245707614626,25.12,221.57606995795015,"Utah, US",0.9943689,49883396
2026-09-26T11:01:00.600611+00:00,vast.ai,marketplace,RTX PRO 4000,0.3279074074074074,1,23.89,66.8263312355984,203.79634532796712,31.44,490.125,"North Carolina, US",0.9875535,51819923
2026-09-26T11:01:00.600611+00:00,vast.ai,marketplace,RTX 4500Ada,0.32805555555555554,1,23.99,40.67166613733743,123.97798314514374,124.94,2952.6,"Japan, JP",0.9940815,51047523
2026-09-26T11:01:00.600611+00:00,vast.ai,marketplace,L4,0.33425925925925926,1,22.49,25.314373969525715,75.73275314982763,62.75,569.0,"Czechia, CZ",0.9987976,36579964
2026-09-26T11:01:00.600611+00:00,vast.ai,marketplace,RTX 5000Ada,0.3347222222222222,1,31.99,64.28943047427342,192.0680080559206,62.88,233.16275555692692,"Missouri, US",0.9959618,50160635
2026-09-26T11:01:00.600611+00:00,vast.ai,marketplace,L4,0.3347222222222222,1,22.49,25.32920853949707,75.67232426737715,47.14,279.0,"Czechia, CZ",0.9977696,49498409
2026-09-26T11:01:00.600611+00:00,vast.ai,marketplace,L4,0.3347222222222222,1,22.49,25.32920853949707,75.67232426737715,62.75,387.5,"Czechia, CZ",0.998361,45699409
2026-09-26T11:01:00.600611+00:00,vast.ai,marketplace,Tesla V100,0.3347222222222222,1,32.0,25.71306491342886,76.81911509406133,94.32,1354.625,"Minnesota, US",0.9995824,38405391
2026-09-26T11:01:00.600611+00:00,vast.ai,marketplace,RTX 5060 Ti,0.33564814814814814,1,15.93,38.922376760273124,115.96183972715855,62.94,958.8441605482872,"Texas, US",0.9975051,50417798
2026-09-26T11:01:00.600611+00:00,vast.ai,marketplace,RTX 4070S Ti,0.33796296296296297,1,15.99,51.125104116380655,151.27428067312633,60.38,673.0,"Texas, US",0.998325,49914416
2026-09-26T11:01:00.600611+00:00,vast.ai,marketplace,RTX 3090,0.3386871111111111,1,24.0,44.362075122503484,130.98247222035525,30.27,693.0,"Indonesia, ID",0.9719642,51150627
2026-09-26T11:01:00.600611+00:00,vast.ai,marketplace,RTX PRO 4500,0.34805555555555556,1,31.86,96.58036461126912,277.4854849166551,46.87,398.0,"India, IN",0.9925443,52722509
2026-09-26T11:01:00.600611+00:00,vast.ai,marketplace,RTX 3090,0.34990740740740744,1,24.0,44.3633895822079,126.78608295523823,41.97,116.41666666666666,"Spain, ES",0.9980444,37930668
2026-09-26T11:01:00.600611+00:00,vast.ai,marketplace,RTX 4090,0.3613888888888889,1,23.99,97.0548199803455,268.5606087081043,78.72,215.09591851897568,"Malaysia, MY",0.991838,47256376
2026-09-26T11:01:00.600611+00:00,vast.ai,marketplace,RTX 3090,0.3627777777777778,1,24.0,43.59460684476153,120.16890095033804,31.33,251.5,"Thailand, TH",0.9824575,50130170
2026-09-26T11:01:00.600611+00:00,vast.ai,marketplace,RTX 4090,0.37472222222222223,1,23.99,82.44632693540812,220.01984949404687,31.46,139.98337101342315,"United States, US",0.9951777,48448040
2026-09-26T11:01:00.600611+00:00,vast.ai,marketplace,RTX PRO 4000,0.3756481481481482,1,23.89,65.70436311526555,174.90932256467042,125.96,579.8774263283156,"United Kingdom, GB",0.9855902,51601829
2026-09-26T11:01:00.600611+00:00,vast.ai,marketplace,RTX 4090,0.3793518518518519,1,23.99,96.89408947475563,255.42010405842342,31.46,150.2464162599213,"United States, US",0.9715451,46191982
2026-09-26T11:01:00.600611+00:00,vast.ai,marketplace,RTX 4090,0.3793518518518519,1,23.99,96.92904782046631,255.51225688577887,31.46,167.475,"California, US",0.9778432,40912232
2026-09-26T11:01:00.600611+00:00,vast.ai,marketplace,RTX 3090,0.3875925925925926,1,24.0,44.36864499845682,114.47237601130762,41.92,96.66666666666666,"Czechia, CZ",0.9885093,18811400
2026-09-26T11:01:00.600611+00:00,vast.ai,marketplace,RTX 4090,0.38805555555555554,1,23.99,91.26125176062511,235.17573825214777,62.89,197.75,"United Kingdom, GB",0.8988736,51976087
2026-09-26T11:01:00.600611+00:00,vast.ai,marketplace,RTX 4090,0.38805555555555554,1,23.99,93.47874220278767,240.89010159630325,30.99,475.45000000000005,"Türkiye, TR",0.9893276,36293711
2026-09-26T11:01:00.600611+00:00,vast.ai,marketplace,RTX 3090,0.3885185185185185,1,24.0,43.131099322617715,111.01426899053178,41.93,133.46867513702546,"Czechia, CZ",0.9946221,30243099
2026-09-26T11:01:00.600611+00:00,vast.ai,marketplace,RTX 3090,0.3885185185185185,1,24.0,44.36470379958797,114.18941874059821,31.35,277.5,"Michigan, US",0.9976816,52318604
2026-09-26T11:01:00.600611+00:00,vast.ai,marketplace,RTX 4090,0.3885185185185185,1,23.99,88.46938490522952,227.70957029944682,31.41,308.70000000000005,"United States, US",0.8962625,52531362
2026-09-26T11:01:00.600611+00:00,vast.ai,marketplace,RTX 4090,0.3912962962962963,1,23.99,97.20564427553269,248.41953577277638,62.89,744.15,"Michigan, US",0.9932109,27252597
2026-09-26T11:01:00.600611+00:00,vast.ai,marketplace,RTX 4090,0.40064814814814814,1,23.99,96.3451375402907,240.47318822166386,167.92,719.0651437803563,"Denmark, DK",0.9945652,13605351
2026-09-26T11:01:00.600611+00:00,vast.ai,marketplace,RTX 4090,0.40138888888888885,1,23.99,97.57531281031149,243.09420492534352,188.42,1460.1,"Saskatchewan, CA",0.5881212,52360671
2026-09-26T11:01:00.600611+00:00,vast.ai,marketplace,RTX 3090,0.4018518518518518,1,24.0,44.84837490551634,111.60425091695312,31.13,1279.5,"The Netherlands, NL",0.9970966,50356202
2026-09-26T11:01:00.600611+00:00,vast.ai,marketplace,RTX A6000,0.4018518518518518,1,47.99,54.469860175908345,135.54711748843553,62.83,1640.5,"Vietnam, VN",0.9613977,52584780
2026-09-26T11:01:00.600611+00:00,vast.ai,marketplace,RTX 3090,0.4023148148148148,1,24.0,44.3607604204072,110.26380035452193,62.85,739.0,"Alberta, CA",0.9989939,47210271
2026-09-26T11:01:00.600611+00:00,vast.ai,marketplace,RTX 4080S,0.4023148148148148,1,15.99,55.67621075232372,138.38966078828452,83.84,395.3333333333333,"Norway, NO",0.9960801,10764195
2026-09-26T11:01:00.600611+00:00,vast.ai,marketplace,RTX 5070 Ti,0.4041666666666666,1,15.92,64.2353575355583,158.93284338694838,15.48,667.0,"Washington, US",0.9973474,52630575
2026-09-26T11:01:00.600611+00:00,vast.ai,marketplace,RTX 4090,0.4060185185185185,1,23.99,96.92904782046631,238.73060808689536,35.96,412.08571428571423,"California, US",0.9955999,41890592
2026-09-26T11:01:00.600611+00:00,vast.ai,marketplace,RTX 5090,0.4060185185185185,1,31.84,193.49899559395456,476.5767736407547,31.46,110.4125,"United States, US",0.9957196,46753301
2026-09-26T11:01:00.600611+00:00,vast.ai,marketplace,RTX 5090,0.4060185185185185,1,31.84,181.8779430695854,447.9547970699025,31.46,275.875,"United States, US",0.9956076,43165147
2026-09-26T11:01:00.600611+00:00,vast.ai,marketplace,RTX 4090,0.4280555555555556,1,23.99,98.5823438804233,230.30268524952876,62.83,660.0,"Sweden, SE",0.9988351,29357619
2026-09-26T11:01:00.600611+00:00,vast.ai,marketplace,RTX 3090,0.42892592592592593,1,24.0,44.36733150764498,103.43821351406739,31.45,306.125,"Czechia, CZ",0.9947359,30293569
2026-09-26T11:01:00.600611+00:00,vast.ai,marketplace,RTX 3090,0.42892592592592593,1,24.0,44.61244168874624,104.00966458821763,50.3,75.4,"Czechia, CZ",0.9486275,33877197
2026-09-26T11:01:00.600611+00:00,vast.ai,marketplace,A100 PCIE,0.42944444444444446,1,40.0,94.75020189078721,220.6343640406429,94.29,380.25,"California, US",0.9904397,51163383
2026-09-26T11:01:00.600611+00:00,vast.ai,marketplace,A100 SXM4,0.42944444444444446,1,40.0,95.30174234101753,221.9186755676993,62.96,254.89503028910454,"California, US",0.9915464,50441083
2026-09-26T11:01:00.600611+00:00,vast.ai,marketplace,A100 SXM4,0.42944444444444446,1,40.0,95.37451792434118,222.0881400566806,31.46,608.1000000000001,"California, US",0.9276343,52380868
2026-09-26T11:01:00.600611+00:00,vast.ai,marketplace,RTX 4090,0.4298148148148148,1,23.99,97.34165954188397,226.4734862241161,39.26,739.5,"Estonia, EE",0.9950407,34926591
2026-09-26T11:01:00.600611+00:00,vast.ai,marketplace,RTX 3090 Ti,0.42990740740740746,1,23.99,46.19170424109136,107.4457044591399,62.89,614.25,"Thailand, TH",0.9926056,52076211
2026-09-26T11:01:00.600611+00:00,vast.ai,marketplace,RTX 5070 Ti,0.43129629629629634,1,15.92,75.75814299650284,175.65219930490136,62.69,1566.9,"California, US",0.8970639,52677056
2026-09-26T11:01:00.600611+00:00,vast.ai,marketplace,RTX A6000,0.4325185185185185,1,47.99,54.469860175908345,125.9364809684471,62.88,639.0700874474378,"India, IN",0.9752494,52431903
2026-09-26T11:01:00.600611+00:00,vast.ai,marketplace,RTX 5090,0.43268518518518523,1,31.84,199.02055965740558,459.9661982238348,31.36,647.75,"Sichuan, CN",0.9903093,50556737
2026-09-26T11:01:00.600611+00:00,vast.ai,marketplace,RTX 5090,0.4413888888888889,1,31.84,201.66793745957324,456.89400557234967,83.92,794.0,"Romania, RO",0.9739921,52633155
2026-09-26T11:01:00.600611+00:00,vast.ai,marketplace,RTX 3090,0.44185185185185183,1,24.0,44.570984325477596,100.87314139043546,41.88,728.6666666666666,"Florida, US",0.9949387,50788266
2026-09-26T11:01:00.600611+00:00,vast.ai,marketplace,RTX 4090,0.44185185185185183,1,23.99,97.21964556817686,220.02769743007337,31.21,260.0,"Texas, US",0.9926853,50699220
2026-09-26T11:01:00.600611+00:00,vast.ai,marketplace,RTX 5080,0.4434444444444445,1,15.92,83.82545613739987,189.03259965838106,125.78,230.00000000000003,"Florida, US",0.9969225,49863935
2026-09-26T11:01:00.600611+00:00,vast.ai,marketplace,RTX 5000Ada,0.4542592592592593,1,31.99,64.23369624759437,141.40316336608623,62.85,1163.689299636705,"Minnesota, US",0.9757009,51357842
2026-09-26T11:01:00.600611+00:00,vast.ai,marketplace,RTX 5090,0.45472222222222225,1,31.84,140.44806706142023,308.8656331222436,62.83,1366.85,"Romania, RO",0.9894008,52583402
2026-09-26T11:01:00.600611+00:00,vast.ai,marketplace,RTX 4090,0.45657407407407413,1,23.99,96.74716139980477,211.8980618774876,62.74,1467.0,"Wisconsin, US",0.9894549,51365776
2026-09-26T11:01:00.600611+00:00,vast.ai,marketplace,RTX 4090,0.4570370370370371,1,23.99,97.0548199803455,212.35657532166354,108.06,893.0,"California, US",0.9779514,51500473
2026-09-26T11:01:00.600611+00:00,vast.ai,marketplace,RTX 4090,0.4573888888888889,1,23.99,97.01290945668947,212.1015875404361,125.86,1475.25,"British Columbia, CA",0.9989422,48933921
2026-09-26T11:01:00.600611+00:00,vast.ai,marketplace,RTX 4090,0.4602777777777778,1,23.99,97.22664564941427,211.23471595527542,62.82,3105.9,"Romania, RO",0.9981427,52376628
2026-09-26T11:01:00.600611+00:00,vast.ai,marketplace,RTX 4090,0.46712962962962956,1,23.99,99.03668929084532,212.01114853144293,125.96,1375.7472590729872,"Pennsylvania, US",0.9983488,50454646
2026-09-26T11:01:00.600611+00:00,vast.ai,marketplace,RTX 4090,0.4673148148148148,1,23.99,97.06878715236337,207.71604938488696,83.92,865.5166666666667,"Pennsylvania, US",0.9781395,52629385
2026-09-26T11:01:00.600611+00:00,vast.ai,marketplace,RTX 4090,0.46759259259259256,1,23.99,98.73688260112402,211.16006576081972,83.92,629.3666666666667,"Taiwan, TW",0.9936055,40583610
2026-09-26T11:01:00.600611+00:00,vast.ai,marketplace,RTX 3090,0.4680555555555555,1,24.0,44.825533326809655,95.76968544600284,78.48,1387.0,"Quebec, CA",0.975507,52497112
2026-09-26T11:01:00.600611+00:00,vast.ai,marketplace,RTX 3090,0.4680555555555555,1,24.0,44.840321320964975,95.80127997357503,31.37,59.349999999999994,"Ontario, CA",0.9438537,52513853
2026-09-26T11:01:00.600611+00:00,vast.ai,marketplace,RTX 5000Ada,0.4680555555555555,1,31.99,64.24762980426415,137.2649657539175,125.88,1309.7500000000002,"Japan, JP",0.9989122,50008897
2026-09-26T11:01:00.600611+00:00,vast.ai,marketplace,RTX 4070,0.4680555555555555,1,11.99,33.65229434678948,71.89807694269564,62.85,823.05,"California, US",0.9985494,52448943
2026-09-26T11:01:00.600611+00:00,vast.ai,marketplace,RTX 4090,0.4680555555555555,1,23.99,97.73809914391943,208.81730380896735,62.68,1446.1,"Arizona, US",0.9952297,51767378
2026-09-26T11:01:00.600611+00:00,vast.ai,marketplace,RTX 4090,0.4680555555555555,1,23.99,96.86611601326047,206.954313144058,61.93,757.0,"Greece, GR",0.9597119,51977795
2026-09-26T11:01:00.600611+00:00,vast.ai,marketplace,RTX 4090,0.4680555555555555,1,23.99,94.11026321251494,201.06643772406755,47.06,659.8500000000001,"Australia, AU",0.9659213,52734564
2026-09-26T11:01:00.600611+00:00,vast.ai,marketplace,RTX 5080,0.4680555555555555,1,15.92,83.77429713409488,178.98366153278434,47.1,740.5,"Slovakia, SK",0.9941128,46862983
2026-09-26T11:01:00.600611+00:00,vast.ai,marketplace,RTX 5070 Ti,0.4680555555555555,1,15.92,75.65653765573956,161.64008045143171,31.35,617.0,"Japan, JP",0.9759462,50289923
2026-09-26T11:01:00.600611+00:00,vast.ai,marketplace,RTX 3090,0.46851851851851845,1,24.0,44.35813028876885,94.67743223689796,62.71,530.0,"Malaysia, MY",0.9935688,45104403
2026-09-26T11:01:00.600611+00:00,vast.ai,marketplace,RTX 5090,0.46898148148148144,1,31.84,199.13286166227866,424.60708903309177,30.47,588.0,"South Korea, KR",0.9982165,43995394
2026-09-26T11:01:00.600611+00:00,vast.ai,marketplace,RTX 5090,0.46898148148148144,1,31.84,199.19889864386437,424.74789839165555,30.47,568.0,"South Korea, KR",0.997382,45669436
2026-09-26T11:01:00.600611+00:00,vast.ai,marketplace,RTX 5090,0.46898148148148144,1,31.84,194.12206556717481,413.9226669546867,30.47,409.0,"South Korea, KR",0.9965859,45520227
2026-09-26T11:01:00.600611+00:00,vast.ai,marketplace,RTX 5090,0.46898148148148144,1,31.84,194.0059854263062,413.6751515506628,30.47,624.0,"South Korea, KR",0.9956865,48940756
2026-09-26T11:01:00.600611+00:00,vast.ai,marketplace,RTX PRO 4000,0.46901234567901223,1,23.89,65.66840656411382,140.01423879160888,62.88,698.7301369566355,"Slovakia, SK",0.9971362,45623848
2026-09-26T11:01:00.600611+00:00,vast.ai,marketplace,RTX 5090,0.46972222222222215,1,31.84,198.31344344834986,422.1930197599406,94.22,1382.0,"Taiwan, TW",0.9866015,47701072
2026-09-26T11:01:00.600611+00:00,vast.ai,marketplace,RTX 4090,0.47013888888888883,1,23.99,97.01290945668947,206.3494676774488,62.71,262.0,"Poland, PL",0.992512,45843293
2026-09-26T11:01:00.600611+00:00,vast.ai,marketplace,RTX A5000,0.4720555555555555,1,23.99,20.851799427413223,44.17234196698106,78.53,747.0,"Argentina, AR",0.8858294,52263028
2026-09-26T11:01:00.600611+00:00,vast.ai,marketplace,RTX 5090,0.4720555555555555,1,31.84,199.27146678927824,422.1356245977414,78.53,747.0,"Argentina, AR",0.8858294,52263030
2026-09-26T11:01:00.600611+00:00,vast.ai,marketplace,RTX 5090,0.47268518518518515,1,31.84,195.78437641558682,414.1961342386558,62.96,370.5625,"California, US",0.9952382,51858236
2026-09-26T11:01:00.600611+00:00,vast.ai,marketplace,RTX 5090,0.47268518518518515,1,31.84,199.00078585089983,421.00068309299087,62.88,712.025,"United States, US",0.893706,47347944
2026-09-26T11:01:00.600611+00:00,vast.ai,marketplace,RTX 5090,0.47268518518518515,1,31.84,199.21210596630343,421.44774621666545,62.88,676.75,"California, US",0.980052,49837275
2026-09-26T11:01:00.600611+00:00,vast.ai,marketplace,RTX 4090,0.47442550668569083,1,23.99,97.75219355021532,206.04329272493484,35.94,817.2571428571429,"Sweden, SE",0.9859349,43266015
2026-09-26T11:01:00.600611+00:00,vast.ai,marketplace,RTX 3090,0.47470222222222214,1,24.0,44.890300995646804,94.5651797994582,31.18,590.0,"Oklahoma, US",0.9658224,51065387
2026-09-26T11:01:00.600611+00:00,vast.ai,marketplace,RTX 4090,0.4813888888888889,1,23.99,97.59001579915942,202.7259416485712,62.96,653.0,"Oregon, US",0.99161,50629581
2026-09-26T11:01:00.600611+00:00,vast.ai,marketplace,RTX 4090,0.4813888888888889,1,23.99,97.24335872541404,202.0058230879922,62.71,314.0,"Texas, US",0.9950341,50686367
2026-09-26T11:01:00.600611+00:00,vast.ai,marketplace,RTX 4090,0.4813888888888889,1,23.99,48.892241637321106,101.56495666148642,47.14,112.225,"Finland, FI",0.9961151,46123863
2026-09-26T11:01:00.600611+00:00,vast.ai,marketplace,RTX A6000,0.481712962962963,1,47.99,54.469860175908345,113.07534644878618,94.47,316.375,"Virginia, US",0.9978223,52732443
2026-09-26T11:01:00.600611+00:00,vast.ai,marketplace,RTX 4090,0.4820370370370371,1,23.99,97.4048137225236,202.06914871364862,62.88,412.2541228340153,"Denmark, DK",0.9988212,51813252
2026-09-26T11:01:00.600611+00:00,vast.ai,marketplace,RTX 4090,0.48365555555555556,1,23.99,97.39779810413303,201.37843344372655,125.71,750.0,"New York, US",0.9942352,47039615
2026-09-26T11:01:00.600611+00:00,vast.ai,marketplace,RTX 4090,0.49425925925925923,1,23.99,96.96399675156661,196.1804355408242,62.94,252.0,"South Korea, KR",0.9956579,46384003
2026-09-26T11:01:00.600611+00:00,vast.ai,marketplace,RTX 5090,0.497037037037037,1,31.84,196.8571799351267,396.061390331477,71.96,402.9571428571428,"Estonia, EE",0.9813141,51332091
2026-09-26T11:01:00.600611+00:00,vast.ai,marketplace,RTX 5090,0.4993518518518518,1,31.84,187.3982091555029,375.2828961393346,62.96,326.7183462616712,"United States, US",0.9823631,48521258
2026-09-26T11:01:00.600611+00:00,vast.ai,marketplace,RTX 4090,0.5075925925925925,1,23.99,97.02688113311575,191.1510974530555,62.94,770.6557198614375,"Taiwan, TW",0.9193908,37194520
2026-09-26T11:01:00.600611+00:00,vast.ai,marketplace,RTX 4090,0.5103703703703703,1,23.99,97.0548199803455,190.16546730546656,62.88,491.25,"United Kingdom, GB",0.9577336,45980515
2026-09-26T11:01:00.600611+00:00,vast.ai,marketplace,RTX 5090,0.5103703703703703,1,31.84,184.68891780145196,361.8723353148915,62.96,298.5,"Delaware, US",0.9938375,52723070
2026-09-26T11:01:00.600611+00:00,vast.ai,marketplace,RTX 4090,0.5213888888888889,1,23.99,96.55099747494567,185.18038940319894,83.97,115.41666666666666,"Texas, US",0.9928101,44533579
2026-09-26T11:01:00.600611+00:00,vast.ai,marketplace,RTX 5090,0.5218518518518519,1,31.84,165.76684887633547,317.65116534145193,30.96,269.0,"Indiana, US",0.988048,51361980
2026-09-26T11:01:00.600611+00:00,vast.ai,marketplace,RTX 3090,0.5235925925925927,1,24.0,44.362075122503484,84.72632300400323,31.43,292.5,"Czechia, CZ",0.9930812,20375214
2026-09-26T11:01:00.600611+00:00,vast.ai,marketplace,RTX 3090,0.5240555555555557,1,24.0,44.343647204730864,84.61630973021894,31.46,282.75,"Czechia, CZ",0.9977148,46872552
2026-09-26T11:01:00.600611+00:00,vast.ai,marketplace,RTX 4090,0.5342592592592592,1,23.99,97.745146537426,182.95452038201054,251.77,650.0,"Norway, NO",0.9987541,50661907
2026-09-26T11:01:00.600611+00:00,vast.ai,marketplace,RTX 4090,0.5342592592592592,1,23.99,97.05356823124777,181.66005838777747,125.96,622.0,"Washington, US",0.9980396,51265415
2026-09-26T11:01:00.600611+00:00,vast.ai,marketplace,RTX A6000,0.5347222222222222,1,47.99,54.467505188480594,101.86130840443124,54.95,483.0,"Texas, US",0.9973605,47317467
2026-09-26T11:01:00.600611+00:00,vast.ai,marketplace,RTX 4070S Ti,0.5347222222222222,1,15.99,51.25664346281319,95.85657998240389,62.85,808.65,"California, US",0.907501,52503573
2026-09-26T11:01:00.600611+00:00,vast.ai,marketplace,L40S,0.5347222222222222,1,44.99,93.45958460464064,174.7815608190682,125.95,669.0362915010153,"Türkiye, TR",0.9994105,25286584
2026-09-26T11:01:00.600611+00:00,vast.ai,marketplace,RTX 5880Ada,0.5347222222222222,1,47.99,106.95219106818848,200.0144871924564,94.15,3188.5,"Vietnam, VN",0.9907411,52691369
2026-09-26T11:01:00.600611+00:00,vast.ai,marketplace,RTX 4090,0.5347222222222222,1,23.99,91.1454537249392,170.45383553754863,125.44,1635.8,"South Korea, KR",0.9845924,51220369
2026-09-26T11:01:00.600611+00:00,vast.ai,marketplace,RTX 4090,0.5347222222222222,1,23.99,97.04783583155114,181.49205662004368,31.44,1550.9,"Taiwan, TW",0.9989254,45087814
2026-09-26T11:01:00.600611+00:00,vast.ai,marketplace,RTX 4090,0.5351851851851852,1,23.99,98.45111793291728,183.95710617223298,59.0,633.5,"Quebec, CA",0.9946966,29761284
2026-09-26T11:01:00.600611+00:00,vast.ai,marketplace,RTX 4090,0.5351851851851852,1,23.99,97.4118289629701,182.01518214534207,125.59,1396.0,"Virginia, US",0.9974043,49588631
2026-09-26T11:01:00.600611+00:00,vast.ai,marketplace,A100 SXM4,0.5365740740740741,1,40.0,91.24884911775635,170.05825202273832,78.71,299.2375,"California, US",0.9495437,52325106
2026-09-26T11:01:00.600611+00:00,vast.ai,marketplace,RTX 6000Ada,0.537037037037037,1,47.99,116.8665957347598,217.61366102334586,83.92,752.8333333333333,"Estonia, EE",0.9956137,35415083
2026-09-26T11:01:00.600611+00:00,vast.ai,marketplace,RTX 4090,0.537037037037037,1,23.99,97.55421712778065,181.65268016897087,86.58,724.9300749488098,"Estonia, EE",0.9594841,51008158
2026-09-26T11:01:00.600611+00:00,vast.ai,marketplace,RTX 4090,0.537037037037037,1,23.99,97.0548199803455,180.72276823926404,108.06,686.0,"California, US",0.997892,49286051
2026-09-26T11:01:00.600611+00:00,vast.ai,marketplace,RTX A6000,0.5480555555555555,1,47.99,54.474568636689504,99.39607049776089,83.92,828.4578606141463,"Quebec, CA",0.9932222,52313037
2026-09-26T11:01:00.600611+00:00,vast.ai,marketplace,RTX 4090,0.5480555555555555,1,23.99,97.76628643394773,178.38754747197763,55.0,701.5324851964535,"Sweden, SE",0.997751,51754535
2026-09-26T11:01:00.600611+00:00,vast.ai,marketplace,A100 SXM4,0.5526851851851852,1,40.0,95.29632568969949,172.42424483979804,51.15,322.75354818159155,"United States, US",0.9907451,50213964
2026-09-26T11:01:00.600611+00:00,vast.ai,marketplace,RTX 4090,0.5609259259259259,1,23.99,97.04783583155114,173.01363931673032,83.85,259.0,"South Korea, KR",0.9776649,44003622
2026-09-26T11:01:00.600611+00:00,vast.ai,marketplace,RTX 5090,0.5609259259259259,1,31.84,199.54228103432854,355.7373118472678,62.59,393.00000000000034,"Vietnam, VN",0.994828,52709111
2026-09-26T11:01:00.600611+00:00,vast.ai,marketplace,RTX 4090,0.5611111111111111,1,23.99,97.0618037539243,172.98143243273637,31.14,513.2,"Massachusetts, US",0.9958204,47334602
2026-09-26T11:01:00.600611+00:00,vast.ai,marketplace,RTX 5880Ada,0.5613888888888889,1,47.99,106.79257374120498,190.22922586261151,62.72,485.0,"Hungary, HU",0.9843774,52420358
2026-09-26T11:01:00.600611+00:00,vast.ai,marketplace,RTX 5090,0.5637037037037037,1,31.84,198.92469728673018,352.888753399587,107.95,707.4285714285714,"Estonia, EE",0.9731737,49636652
2026-09-26T11:01:00.600611+00:00,vast.ai,marketplace,RTX 6000Ada,0.5787222222222222,1,47.99,113.11336894069257,195.45364701281233,83.93,54.5,"Japan, JP",0.9991071,25318167
2026-09-26T11:01:00.600611+00:00,vast.ai,marketplace,RTX 5090,0.5880555555555556,1,31.84,199.70062819367723,339.59483301711765,30.51,1148.6,"British Columbia, CA",0.9851555,51400491
2026-09-26T11:01:00.600611+00:00,vast.ai,marketplace,RTX A6000,0.5884259259259259,1,47.99,53.370879588614336,90.70110142518251,62.48,703.0,"France, FR",0.988236,47952535
2026-09-26T11:01:00.600611+00:00,vast.ai,marketplace,RTX 6000Ada,0.5903703703703703,1,47.99,113.18954732617495,191.72633486867778,117.9,621.6,"California, US",0.9593121,50926699
2026-09-26T11:01:00.600611+00:00,vast.ai,marketplace,RTX 6000Ada,0.5903703703703703,1,47.99,113.12289337074097,191.6134329366378,117.9,384.0,"California, US",0.9981047,51654147
2026-09-26T11:01:00.600611+00:00,vast.ai,marketplace,RTX 5090,0.6000555555555556,1,31.84,191.16416772588946,318.5774482979363,60.43,1092.0,"Thailand, TH",0.9972087,48446553
2026-09-26T11:01:00.600611+00:00,vast.ai,marketplace,RTX 5090,0.6000555555555556,1,31.84,170.6656364766636,284.4163926099384,46.96,1051.0,"Thailand, TH",0.9869459,47185114
2026-09-26T11:01:00.600611+00:00,vast.ai,marketplace,RTX 5090,0.6009259259259259,1,31.84,199.1724839251176,331.4426542975763,62.63,1078.0,"South Korea, KR",0.9786945,46295511
2026-09-26T11:01:00.600611+00:00,vast.ai,marketplace,RTX 5090,0.6009259259259259,1,31.84,199.34417783718007,331.7283698985431,62.63,966.0,"South Korea, KR",0.9877429,48827544
2026-09-26T11:01:00.600611+00:00,vast.ai,marketplace,RTX 5090,0.6013888888888889,1,31.84,140.20507817250964,233.13546485960035,61.82,145.5,"Cyprus, CY",0.9967404,50184825
2026-09-26T11:01:00.600611+00:00,vast.ai,marketplace,A100 PCIE,0.6013888888888889,1,40.0,94.36807276341088,156.9168877359257,251.84,1638.1000000000001,"Japan, JP",0.9992717,24622077
2026-09-26T11:01:00.600611+00:00,vast.ai,marketplace,RTX 6000Ada,0.6013888888888889,1,47.99,113.08479199298664,188.0393769860286,125.95,487.55383103966193,"Türkiye, TR",0.9992209,47545530
2026-09-26T11:01:00.600611+00:00,vast.ai,marketplace,A100 SXM4,0.6013888888888889,1,40.0,76.695080903516,127.52992667559244,83.46,67.0,"Japan, JP",0.99108,52709665
2026-09-26T11:01:00.600611+00:00,vast.ai,marketplace,RTX 4090,0.6013888888888889,1,23.99,97.03386640801217,161.3496161980803,59.02,1609.2,"Nebraska, US",0.9049685,52608115
2026-09-26T11:01:00.600611+00:00,vast.ai,marketplace,RTX 4090,0.6013888888888889,1,23.99,97.71695467833261,162.4854673635092,47.03,903.0,"Taiwan, TW",0.9979601,44901390
2026-09-26T11:01:00.600611+00:00,vast.ai,marketplace,RTX 5090,0.6013888888888889,1,31.84,196.43173321726692,326.6301337561944,62.93,629.375,"Michigan, US",0.9899755,50849755
2026-09-26T11:01:00.600611+00:00,vast.ai,marketplace,CMP 170HX,0.6013888888888889,1,64.0,84.79857309739293,141.00455572776656,62.71,137.0,"Portugal, PT",0.9549233,52328216
2026-09-26T11:01:00.600611+00:00,vast.ai,marketplace,CMP 170HX,0.6013888888888889,1,64.0,82.36287042021533,136.95442656479224,62.69,329.0,"Portugal, PT",0.9612768,51874210
2026-09-26T11:01:00.600611+00:00,vast.ai,marketplace,CMP 170HX,0.6013888888888889,1,64.0,84.41509075469855,140.36689455746642,62.71,355.0,"Portugal, PT",0.9876305,51218042
2026-09-26T11:01:00.600611+00:00,vast.ai,marketplace,RTX 5090,0.6018518518518519,1,31.84,198.9281179544462,330.52671906277214,62.88,1094.0,"Washington, US",0.991514,46018452
2026-09-26T11:01:00.600611+00:00,vast.ai,marketplace,RTX A6000,0.6023148148148147,1,47.99,54.46279369873049,90.42247070657793,47.23,147.0,"Romania, RO",0.9869434,51222099
2026-09-26T11:01:00.600611+00:00,vast.ai,marketplace,RTX A6000,0.6023148148148147,1,47.99,54.4510061298067,90.40290026163143,47.23,75.375,"Romania, RO",0.9788007,31805856
2026-09-26T11:01:00.600611+00:00,vast.ai,marketplace,RTX A6000,0.6023148148148147,1,47.99,54.439205909368134,90.3833088118641,47.19,274.8804501538681,"Romania, RO",0.9941501,51092050
2026-09-26T11:01:00.600611+00:00,vast.ai,marketplace,RTX 5090,0.6027777777777777,1,31.84,99.23926199157266,164.63656367265511,61.38,681.0,"Germany, DE",0.9788127,52627319
2026-09-26T11:01:00.600611+00:00,vast.ai,marketplace,GTX 1660 Ti,0.6069444444444444,1,6.0,2.4740447784639805,4.076229383281616,7.7,579.4000000000024,"Vietnam, VN",0.9932726,33521707
2026-09-26T11:01:00.600611+00:00,vast.ai,marketplace,RTX 5090,0.6147222222222223,1,31.84,196.8476000312505,320.22203348960767,71.96,1271.5714285714284,"Quebec, CA",0.9898388,52485800
2026-09-26T11:01:00.600611+00:00,vast.ai,marketplace,A100 SXM4,0.6161111111111112,1,39.0,94.59900082379437,153.54211134610446,93.39,1334.0,"Alberta, CA",0.9957145,35931772
2026-09-26T11:01:00.600611+00:00,vast.ai,marketplace,RTX 5090,0.6200555555555556,1,31.84,199.11300015719345,321.1212259501373,60.54,1421.0,"Japan, JP",0.9991969,39079871
2026-09-26T11:01:00.600611+00:00,vast.ai,marketplace,L40S,0.6280555555555555,1,47.99,105.31689852005852,167.68723338001357,335.84,7587.037838363951,"Quebec, CA",0.9459342,52429319
2026-09-26T11:01:00.600611+00:00,vast.ai,marketplace,RTX 5090,0.6308333333333332,1,31.84,198.6569624000096,314.91196153237985,163.73,1008.4629574370638,"Estonia, EE",0.9150216,50584161
2026-09-26T11:01:00.600611+00:00,vast.ai,marketplace,RTX 4090,0.6413888888888889,1,47.99,80.89934763951302,126.1315077965556,78.47,2200.0,"California, US",0.9663198,46999718
2026-09-26T11:01:00.600611+00:00,vast.ai,marketplace,RTX 4090,0.6413888888888889,1,23.99,97.04783583155114,151.30888219730798,125.88,1526.925,"Arizona, US",0.9938829,50859184
2026-09-26T11:01:00.600611+00:00,vast.ai,marketplace,RTX PRO 5000,0.6413888888888889,1,47.79,165.89102525898872,258.6434347909742,62.88,1420.0,"India, IN",0.9894217,51739775
2026-09-26T11:01:00.600611+00:00,vast.ai,marketplace,RTX 5090,0.6469444444444444,1,31.84,199.30455653422746,308.0705897480545,60.38,1536.0,"Virginia, US",0.9939769,52588514
2026-09-26T11:01:00.600611+00:00,vast.ai,marketplace,RTX 4090,0.6540370370370371,1,23.99,97.73809914391943,149.43817186057106,61.91,605.0,"Israel, IL",0.9966648,45992367
2026-09-26T11:01:00.600611+00:00,vast.ai,marketplace,RTX 5090,0.6587777777777778,1,31.84,198.63757904310674,301.5244073853872,250.48,626.25,"Italy, IT",0.9977306,47343842
2026-09-26T11:01:00.600611+00:00,vast.ai,marketplace,RTX 5090,0.6653888888888889,1,31.84,195.83722414403596,294.31994945250455,31.46,212.0575770807462,"Thailand, TH",0.9609614,45330013
2026-09-26T11:01:00.600611+00:00,vast.ai,marketplace,RTX 5090,0.6680555555555555,1,31.84,199.15261714619382,298.1078676616623,31.34,568.5,"Pennsylvania, US",0.9970759,47794369
2026-09-26T11:01:00.600611+00:00,vast.ai,marketplace,RTX 4090,0.6685185185185185,1,23.99,98.0497266552824,146.6671811464058,26.93,373.85714285714283,"Norway, NO",0.9928137,52593672
2026-09-26T11:01:00.600611+00:00,vast.ai,marketplace,RTX 4090,0.6685185185185185,1,23.99,98.54091813217106,147.40192739992347,31.4,340.75,"Norway, NO",0.9990963,51754733
2026-09-26T11:01:00.600611+00:00,vast.ai,marketplace,RTX 4090,0.6685185185185185,1,23.99,96.68414115880545,144.6244770796536,31.4,836.5,"Norway, NO",0.9993234,52593660
2026-09-26T11:01:00.600611+00:00,vast.ai,marketplace,RTX 4090,0.6685185185185185,1,23.99,97.0548199803455,145.17895509525366,35.93,190.9340847555923,"Norway, NO",0.9826244,51901002
2026-09-26T11:01:00.600611+00:00,vast.ai,marketplace,RTX 4090,0.6685185185185185,1,23.99,96.92205690479794,144.98036212906064,35.93,191.4142857142857,"Norway, NO",0.9750937,51745975
2026-09-26T11:01:00.600611+00:00,vast.ai,marketplace,RTX 4090,0.6685185185185185,1,23.99,96.60006637368814,144.49871424319002,31.44,176.375,"Norway, NO",0.9971034,51754667
2026-09-26T11:01:00.600611+00:00,vast.ai,marketplace,RTX 5090,0.6685185185185185,1,31.84,199.22531326412368,298.0101638853928,123.46,702.0,"Chile, CL",0.9289182,52607072
2026-09-26T11:01:00.600611+00:00,vast.ai,marketplace,CMP 170HX,0.6685185185185185,1,64.0,73.82154867457159,110.42558527498244,143.95,435.9428571428572,"Hungary, HU",0.9601918,52388437
2026-09-26T11:01:00.600611+00:00,vast.ai,marketplace,RTX PRO 5000,0.6685185185185185,1,47.79,165.87038218178074,248.1163611583424,93.67,2855.0,"Australia, AU",0.9811017,52585060
2026-09-26T11:01:00.600611+00:00,vast.ai,marketplace,RTX 5880Ada,0.6689814814814814,1,47.99,106.69494221010993,159.48863333829584,125.96,657.5285481815916,"United Kingdom, GB",0.9980569,44120922
2026-09-26T11:01:00.600611+00:00,vast.ai,marketplace,A100 SXM4,0.6699074074074074,1,40.0,95.36690490242438,142.35833765669432,62.96,176.875,"Mississippi, US",0.9803389,51341850
2026-09-26T11:01:00.600611+00:00,vast.ai,marketplace,RTX 5090,0.6699074074074074,1,31.84,199.15927652880367,297.2937369054706,125.96,229.5,"Spain, ES",0.9990146,30949242
2026-09-26T11:01:00.600611+00:00,vast.ai,marketplace,RTX 5090,0.6699074074074074,1,31.84,198.79605628952456,296.7515422151852,62.96,309.5,"Spain, ES",0.9985907,26371146
2026-09-26T11:01:00.600611+00:00,vast.ai,marketplace,RTX 5090,0.6699074074074074,1,31.84,198.6305384652413,296.5044665410651,62.93,725.375,"North Carolina, US",0.9880658,29436756
2026-09-26T11:01:00.600611+00:00,vast.ai,marketplace,RTX 4090,0.6712962962962963,1,47.99,125.46621919975136,186.90140239411238,75.57,714.4000000000001,"California, US",0.9878663,47667753
2026-09-26T11:01:00.600611+00:00,vast.ai,marketplace,GTX 1650 S,0.673611111111111,1,4.0,1.8017123109242785,2.6747069358051148,7.71,9.000000000001364,"Vietnam, VN",0.9871535,32242878
2026-09-26T11:01:00.600611+00:00,vast.ai,marketplace,GTX 1660,0.673611111111111,1,6.0,2.316471688407048,3.4388858054702576,7.71,569.4000000000024,"Vietnam, VN",0.9907829,33521216
2026-09-26T11:01:00.600611+00:00,vast.ai,marketplace,RTX 5090,0.6823148148148148,1,31.84,198.77586887085238,291.32574077964523,125.95,747.5,"Hungary, HU",0.9951713,51102922
2026-09-26T11:01:00.600611+00:00,vast.ai,marketplace,RTX 5090,0.6893888888888888,1,31.84,157.62040038359277,228.63786017444355,62.93,258.0,"Texas, US",0.9943004,47824247
2026-09-26T11:01:00.600611+00:00,vast.ai,marketplace,RTX 5090,0.6935,1,31.84,173.89399137549208,250.7483653575949,94.43,719.1,"Czechia, CZ",0.9878425,49900246
2026-09-26T11:01:00.600611+00:00,vast.ai,marketplace,A100 SXM4,0.6956481481481481,1,40.0,87.62364888075822,125.95972419967907,125.89,615.25,"Croatia, HR",0.9829718,41566566
2026-09-26T11:01:00.600611+00:00,vast.ai,marketplace,RTX 4090,0.7080555555555555,1,47.99,125.59830864056326,177.38482193253344,125.72,2099.1,"California, US",0.9966228,35882309
2026-09-26T11:01:00.600611+00:00,vast.ai,marketplace,RTX 5090,0.720925925925926,1,31.84,182.09855726561003,252.5898302682492,62.79,305.0,"Maryland, US",0.9922046,51969536
2026-09-26T11:01:00.600611+00:00,vast.ai,marketplace,RTX 5090,0.720925925925926,1,31.84,100.5779274342333,139.51215210502434,62.79,50.0,"Maryland, US",0.9938254,51969538
2026-09-26T11:01:00.600611+00:00,vast.ai,marketplace,RTX 5090,0.721388888888889,1,31.84,199.7930974460497,276.95616126522094,61.71,732.0,"Florida, US",0.9856628,52118597
2026-09-26T11:01:00.600611+00:00,vast.ai,marketplace,RTX 5090,0.7223148148148149,1,31.84,199.39679211587077,276.0524746636847,94.42,2794.25,"Hungary, HU",0.9968951,50716290
2026-09-26T11:01:00.600611+00:00,vast.ai,marketplace,RTX 4090,0.7328240740740741,1,47.99,125.62471414590725,171.4254738487331,125.88,528.0,"British Columbia, CA",0.9971082,46211616
2026-09-26T11:01:00.600611+00:00,vast.ai,marketplace,RTX 5090,0.7342592592592593,1,31.84,198.91491189859983,270.9055546664411,249.29,6130.0,"Japan, JP",0.9961014,52711021
2026-09-26T11:01:00.600611+00:00,vast.ai,marketplace,A100 SXM4,0.7347222222222223,1,40.0,95.57693338731126,130.08580725683194,125.92,427.1500000000001,"Massachusetts, US",0.9962376,46709200
2026-09-26T11:01:00.600611+00:00,vast.ai,marketplace,RTX PRO 5000,0.7347222222222223,1,47.79,165.48813814829904,225.2390538124297,123.21,1469.0,"Slovakia, SK",0.9959769,45645837
2026-09-26T11:01:00.600611+00:00,vast.ai,marketplace,RTX 4090D,0.7351851851851853,1,47.99,120.40025767774989,163.76861245840033,78.57,662.0,"South Carolina, US",0.9969986,49864598
2026-09-26T11:01:00.600611+00:00,vast.ai,marketplace,RTX PRO 5000,0.7351851851851853,1,47.79,165.2605447605042,224.78764274728528,62.82,1250.5,"Sweden, SE",0.998939,46110113
2026-09-26T11:01:00.600611+00:00,vast.ai,marketplace,RTX 5090,0.7377515555555555,1,31.84,198.9281179544462,269.64106880756844,62.56,1232.0,"Pennsylvania, US",0.5979621,52628525
2026-09-26T11:01:00.600611+00:00,vast.ai,marketplace,RTX 5090,0.737962962962963,1,31.84,178.81249831091486,242.30551841378673,41.94,589.3333333333333,"California, US",0.9978095,51639930
2026-09-26T11:01:00.600611+00:00,vast.ai,marketplace,RTX PRO 5000,0.737962962962963,1,47.79,165.8187660827735,224.69795152998162,61.46,1560.35,"Illinois, US",0.9913943,51859510
2026-09-26T11:01:00.600611+00:00,vast.ai,marketplace,RTX 5090,0.7480555555555556,1,31.84,198.86870757262827,265.84751105141544,62.21,1402.0,"Slovakia, SK",0.9945308,51388935
2026-09-26T11:01:00.600611+00:00,vast.ai,marketplace,RTX 5090,0.7613888888888888,1,31.84,199.09979444513232,261.4955344773719,62.41,792.0,"Slovakia, SK",0.9365931,52295894
2026-09-26T11:01:00.600611+00:00,vast.ai,marketplace,RTX 5090,0.7747222222222222,1,31.84,199.02055965740558,256.8927984104196,46.73,677.0,"Quebec, CA",0.9950747,51428192
2026-09-26T11:01:00.600611+00:00,vast.ai,marketplace,RTX 5090,0.7747222222222222,1,31.84,198.6177520363579,256.3728602835742,62.96,645.368776893829,"Czechia, CZ",0.996074,46900157
2026-09-26T11:01:00.600611+00:00,vast.ai,marketplace,RTX 4090,0.7756481481481481,1,23.99,96.83813651542455,124.84802129241795,125.96,1157.375,"Maryland, US",0.9988881,51162087
2026-09-26T11:01:00.600611+00:00,vast.ai,marketplace,RTX PRO 5000,0.7871851851851852,1,47.79,165.77746455279924,210.59525467797025,94.26,699.25,"Ohio, US",0.9937368,51838773
2026-09-26T11:01:00.600611+00:00,vast.ai,marketplace,RTX 5090,0.7875925925925925,1,31.84,198.91482790234357,252.56056211442638,187.81,6474.0,"Japan, JP",0.997856,52710948
2026-09-26T11:01:00.600611+00:00,vast.ai,marketplace,A40,0.7880555555555555,1,44.99,44.03948601018687,55.88373268828789,500.96,55.25,"Belgium, BE",0.9762306,51337961
2026-09-26T11:01:00.600611+00:00,vast.ai,marketplace,RTX 6000Ada,0.7880555555555555,1,47.99,113.14194040285908,143.57102060285257,167.85,4007.7666666666664,"North Carolina, US",0.9957316,36884542
2026-09-26T11:01:00.600611+00:00,vast.ai,marketplace,RTX PRO 5000,0.7880555555555555,1,47.79,165.1155905794735,209.52277972721348,62.96,1602.95,"Nebraska, US",0.9130557,52507499
2026-09-26T11:01:00.600611+00:00,vast.ai,marketplace,RTX PRO 5000,0.7880555555555555,1,47.79,165.51915548613448,210.03488182942692,71.95,1839.0857142857142,"Nebraska, US",0.9116576,52514691
2026-09-26T11:01:00.600611+00:00,vast.ai,marketplace,RTX 5090,0.7931481481481482,1,31.84,196.87662505876017,248.2217546853385,62.71,1252.0,"Hungary, HU",0.9953435,52572382
2026-09-26T11:01:00.600611+00:00,vast.ai,marketplace,RTX 5090,0.7935925925925925,1,31.84,184.6267317461996,232.64674276134735,47.05,745.1,"Taiwan, TW",0.9975514,52437387
2026-09-26T11:01:00.600611+00:00,vast.ai,marketplace,A100 SXM4,0.7955925925925925,1,40.0,82.66685232389379,103.90601055561345,125.75,214.77448439916623,"United Kingdom, GB",0.9750103,38565866
2026-09-26T11:01:00.600611+00:00,vast.ai,marketplace,RTX PRO 5000,0.7997777777777777,1,47.79,165.77746455279924,207.27940830441696,62.71,2817.0,"Texas, US",0.9977567,49279286
2026-09-26T11:01:00.600611+00:00,vast.ai,marketplace,RTX 6000Ada,0.8002777777777778,1,47.99,113.01809109540646,141.22357790470784,62.49,431.0,"The Netherlands, NL",0.9985323,39914433
2026-09-26T11:01:00.600611+00:00,vast.ai,marketplace,L40S,0.8009259259259258,1,44.99,93.5572598390619,116.81137644645881,251.94,256.2500000000001,"Taiwan, TW",0.9987762,38575004
2026-09-26T11:01:00.600611+00:00,vast.ai,marketplace,L40S,0.8009259259259258,1,44.99,93.5474958055318,116.79918551442121,251.94,90.6249999999996,"Taiwan, TW",0.9976255,38575675
2026-09-26T11:01:00.600611+00:00,vast.ai,marketplace,A100 SXM4,0.8009259259259258,1,40.0,95.39733695532497,119.10881377081039,62.97,432.10083804393594,"Czechia, CZ",0.9980382,30895672
2026-09-26T11:01:00.600611+00:00,vast.ai,marketplace,RTX 4090,0.8009259259259258,1,23.99,61.02256789999753,76.19002697340733,110.03,1629.0,"Virginia, US",0.9947959,13917960
2026-09-26T11:01:00.600611+00:00,vast.ai,marketplace,RTX 4090,0.8009259259259258,1,23.99,97.30321762255016,121.48841044202797,125.77,2282.7107425559743,"Japan, JP",0.9905306,52710802
2026-09-26T11:01:00.600611+00:00,vast.ai,marketplace,L40S,0.8013888888888888,1,44.99,93.53773099699654,116.71952568082759,188.94,2892.172485196453,"Slovenia, SI",0.998463,29679188
2026-09-26T11:01:00.600611+00:00,vast.ai,marketplace,RTX 4090,0.8013888888888888,1,23.99,96.95336265160768,120.98166570044633,125.56,1466.0,"Mexico, MX",0.9867706,50608092
2026-09-26T11:01:00.600611+00:00,vast.ai,marketplace,RTX 5090,0.8013888888888888,1,31.84,199.22531326412368,248.60004428105557,251.76,3104.5,"Estonia, EE",0.9721521,52395190
2026-09-26T11:01:00.600611+00:00,vast.ai,marketplace,RTX 5090,0.8013888888888888,1,31.84,198.91491189859983,248.21271502078318,125.83,3352.95,"United Kingdom, GB",0.9586745,52451716
2026-09-26T11:01:00.600611+00:00,vast.ai,marketplace,A100 PCIE,0.8013888888888888,1,80.0,125.08782601531742,156.08879502777913,125.87,124.06343609905707,"South Korea, KR",0.9966085,47463263
2026-09-26T11:01:00.600611+00:00,vast.ai,marketplace,RTX PRO 5000,0.8013888888888888,1,47.79,165.38471562531794,206.37260875256314,83.93,967.1666666666666,"Belgium, BE",0.9972802,49974692
2026-09-26T11:01:00.600611+00:00,vast.ai,marketplace,RTX 4090,0.8018518518518518,1,47.99,125.62471414590725,156.66823473161642,125.75,6564.0,"Idaho, US",0.9989747,30155186
2026-09-26T11:01:00.600611+00:00,vast.ai,marketplace,RTX 5090,0.8018518518518518,1,31.84,193.51730877502956,241.33798322982904,62.71,816.0,"Norway, NO",0.9894187,52214445
2026-09-26T11:01:00.600611+00:00,vast.ai,marketplace,RTX 5090,0.8018518518518518,1,31.84,170.3492133631111,212.44474645745956,94.03,3198.5,"Norway, NO",0.9939067,52015002
2026-09-26T11:01:00.600611+00:00,vast.ai,marketplace,RTX 5090,0.8018518518518518,1,31.84,190.2595135398922,237.27514390656302,125.6,1641.85,"Norway, NO",0.9985809,51754990
2026-09-26T11:01:00.600611+00:00,vast.ai,marketplace,RTX PRO 5000,0.8018518518518518,1,47.79,165.6535137784548,206.5886776913755,62.5,1566.0,"Texas, US",0.936281,52656764
2026-09-26T11:01:00.600611+00:00,vast.ai,marketplace,RTX 5090,0.8023148148148147,1,31.84,198.5847525059109,247.51475211354162,125.76,667.0,"Norway, NO",0.9937754,29801200
2026-09-26T11:01:00.600611+00:00,vast.ai,marketplace,RTX 5090,0.8046296296296296,1,31.84,198.8947733214915,247.18798065271673,41.94,244.35555555555553,"California, US",0.9751082,48885916
2026-09-26T11:01:00.600611+00:00,vast.ai,marketplace,RTX 5090,0.8046296296296296,1,31.84,198.67058552291783,246.9093583023605,41.94,675.5555555555555,"California, US",0.6518357,45618801
2026-09-26T11:01:00.600611+00:00,vast.ai,marketplace,RTX PRO 5000,0.8046296296296296,1,47.79,165.74648335610144,205.99102649550008,62.88,1653.75,"Quebec, CA",0.9040473,52501924
2026-09-26T11:01:00.600611+00:00,vast.ai,marketplace,L40S,0.8155925925925925,1,44.99,93.57678558190193,114.73471734759332,62.94,3762.609344677192,"Romania, RO",0.9858008,50740338
2026-09-26T11:01:00.600611+00:00,vast.ai,marketplace,RTX 3090,0.8267222222222222,1,24.0,44.8430068357311,54.24192749433236,503.54,2488.0,"The Netherlands, NL",0.9858344,52542164
2026-09-26T11:01:00.600611+00:00,vast.ai,marketplace,L40,0.8275925925925925,1,44.99,93.20660535440507,112.62377912593139,70.66,277.35,"New York, US",0.9915302,51528885
2026-09-26T11:01:00.600611+00:00,vast.ai,marketplace,RTX 4090,0.8413888888888889,1,23.99,97.5190500646114,115.90246953865999,385.07,3299.4,"Italy, IT",0.9362014,52734073
2026-09-26T11:01:00.600611+00:00,vast.ai,marketplace,RTX 5090,0.8565740740740742,1,31.84,198.9017058181739,232.2060774874368,71.89,409.2857142857143,"Minnesota, US",0.9968295,48425185
2026-09-26T11:01:00.600611+00:00,vast.ai,marketplace,RTX 5090,0.8660444444444445,1,31.84,81.75958749859787,94.40576407258811,251.52,6564.9,"Texas, US",0.9790746,38001277
2026-09-26T11:01:00.600611+00:00,vast.ai,marketplace,RTX 5090,0.8680555555555556,1,31.84,190.37929618333908,219.3169492032066,125.84,2225.0,"Sweden, SE",0.9944005,52478860
2026-09-26T11:01:00.600611+00:00,vast.ai,marketplace,RTX 5090,0.8680555555555556,1,31.84,66.38207993044358,76.472156079871,125.96,1445.1875,"Nevada, US",0.9969806,52700009
2026-09-26T11:01:00.600611+00:00,vast.ai,marketplace,RTX 5090,0.8680555555555556,1,31.84,198.74323093471222,228.95220203678846,94.44,306.45000000000005,"Quebec, CA",0.9928566,49760567
2026-09-26T11:01:00.600611+00:00,vast.ai,marketplace,RTX 5090,0.8680555555555556,1,31.84,199.40351962132462,229.71285460376595,62.96,444.75,"Alberta, CA",0.9985004,45508895
2026-09-26T11:01:00.600611+00:00,vast.ai,marketplace,RTX 4090,0.868056888888889,1,23.99,100.77032600409133,116.08723724671678,125.72,660.8,"Oklahoma, US",0.9944588,29933348
2026-09-26T11:01:00.600611+00:00,vast.ai,marketplace,RTX 5090,0.8685185185185186,1,31.84,199.32428821586325,229.4991804617615,60.41,1196.0,"Texas, US",0.9961143,51284814
2026-09-26T11:01:00.600611+00:00,vast.ai,marketplace,RTX 5090,0.8689814814814815,1,31.84,198.9677359745391,228.96660080181377,60.44,2935.0,"Spain, ES",0.9970271,26918731
2026-09-26T11:01:00.600611+00:00,vast.ai,marketplace,RTX 5090,0.8689814814814815,1,31.84,198.57154580997442,228.51067605196843,125.96,261.75,"Spain, ES",0.9990653,31481788
2026-09-26T11:01:00.600611+00:00,vast.ai,marketplace,RTX 5090,0.8689814814814815,1,31.84,199.03376551672807,229.04258578376806,500.98,504.0,"Spain, ES",0.9993438,25507614
2026-09-26T11:01:00.600611+00:00,vast.ai,marketplace,A100 PCIE,0.8708333333333333,1,80.0,127.28307141739215,146.16237866112016,94.39,317.5,"Oklahoma, US",0.9979094,36496969
2026-09-26T11:01:00.600611+00:00,vast.ai,marketplace,A100 PCIE,0.8708333333333333,1,80.0,127.52063299858148,146.43517664908876,125.88,849.5,"Oklahoma, US",0.99544,47546414
2026-09-26T11:01:00.600611+00:00,vast.ai,marketplace,RTX PRO 5000,0.8787222222222223,1,47.79,165.27089499517083,188.0809325354413,62.96,220.536803949204,"Czechia, CZ",0.9887847,52441402
2026-09-26T11:01:00.600611+00:00,vast.ai,marketplace,A800 PCIE,0.8813888888888889,1,80.0,126.05752819393572,143.02146281064248,73.34,1266.5391687063247,"Idaho, US",0.9983468,16761518
2026-09-26T11:01:00.600611+00:00,vast.ai,marketplace,RTX 4090,0.8907768518518518,1,23.99,97.75219355021532,109.73813851021897,110.13,431.4856650396853,"Hungary, HU",0.9405724,50466174
2026-09-26T11:01:00.600611+00:00,vast.ai,marketplace,RTX 4090,0.890962037037037,1,23.99,97.22664564941427,109.12546394541003,125.88,584.75,"Hungary, HU",0.9966029,51230445
2026-09-26T11:01:00.600611+00:00,vast.ai,marketplace,RTX 4090,0.8912398148148147,1,23.99,97.57531281031149,109.48266806346176,75.49,2225.440000000001,"Hungary, HU",0.9901859,49591156
2026-09-26T11:01:00.600611+00:00,vast.ai,marketplace,RTX 5090,0.9005740740740742,1,31.84,173.2689405484198,192.39832184439285,94.44,586.25,"Czechia, CZ",0.9955183,28247748
2026-09-26T11:01:00.600611+00:00,vast.ai,marketplace,RTX 5090,0.9085185185185186,1,31.84,199.1394115077211,219.19136203458902,91.7,3242.7,"California, US",0.912676,51969239
2026-09-26T11:01:00.600611+00:00,vast.ai,marketplace,A100 PCIE,0.9116481481481482,1,40.0,95.35928853768941,104.60097871245054,125.96,1411.6777588475245,"Japan, JP",0.9965497,46773561
2026-09-26T11:01:00.600611+00:00,vast.ai,marketplace,A100 SXM4,0.9237037037037036,1,40.0,95.38973394857916,103.26875768290448,251.96,2298.125,"Virginia, US",0.9983961,42274234
2026-09-26T11:01:00.600611+00:00,vast.ai,marketplace,A100 SXM4,0.9237037037037036,1,40.0,95.39543651628439,103.2749312726415,251.96,2761.580444270822,"California, US",0.9906337,50245532
2026-09-26T11:01:00.600611+00:00,vast.ai,marketplace,RTX 5090,0.9347222222222221,1,31.84,198.68338623490064,212.5587490180215,249.31,1274.0,"Sweden, SE",0.9960673,51764376
2026-09-26T11:01:00.600611+00:00,vast.ai,marketplace,RTX 5090,0.9347222222222221,1,31.84,197.94147881120244,211.76502933739343,1007.76,562.9,"Texas, US",0.9959015,47580836
2026-09-26T11:01:00.600611+00:00,vast.ai,marketplace,RTX PRO 5000,0.9347222222222221,1,47.79,165.591512384818,177.1558527742481,62.73,1475.7,"Taiwan, TW",0.9961926,47566054
2026-09-26T11:01:00.600611+00:00,vast.ai,marketplace,RTX 5090,0.935648148148148,1,31.84,198.5847525059109,212.2429814016663,377.71,2261.325422702036,"Norway, NO",0.9985568,30220756
2026-09-26T11:01:00.600611+00:00,vast.ai,marketplace,RTX PRO 5000,0.9560555555555555,1,47.79,165.48813814829904,173.09468805098396,62.96,731.5,"Czechia, CZ",0.9084924,52396056
2026-09-26T11:01:00.600611+00:00,vast.ai,marketplace,RTX 4080S,1.000925925925926,1,31.99,70.93912667921757,70.87350306526824,503.52,3121.6,"Quebec, CA",0.9949838,50335283
2026-09-26T11:01:00.600611+00:00,vast.ai,marketplace,A100 PCIE,1.0013888888888889,1,80.0,5.388433994584872,5.3809604384203995,125.87,26.0,"United Kingdom, GB",0.9986417,32303769
2026-09-26T11:01:00.600611+00:00,vast.ai,marketplace,RTX PRO 6000 Max-Q,1.0018518518518518,1,95.59,283.0928682929201,282.56959127204595,998.03,1444.0314892796519,"India, IN",0.589071,52729664
2026-09-26T11:01:00.600611+00:00,vast.ai,marketplace,RTX 5090,1.0022592592592594,1,31.84,198.74983501039202,198.3018197879082,62.94,1097.5,"Czechia, CZ",0.9909954,28733610
2026-09-26T11:01:00.600611+00:00,vast.ai,marketplace,RTX 5090,1.0022592592592594,1,31.84,197.82520208484843,197.3792711389419,31.44,1369.9750000000001,"Czechia, CZ",0.992809,47627487
2026-09-26T11:01:00.600611+00:00,vast.ai,marketplace,RTX 5090,1.0023148148148149,1,31.84,202.7756298305625,202.30732583557275,110.2,382.75,"Hungary, HU",0.9959015,49846917
2026-09-26T11:01:00.600611+00:00,vast.ai,marketplace,RTX 5090,1.0027222222222223,1,31.84,180.26439860191894,179.7750110717791,62.95,341.6875,"Czechia, CZ",0.9982427,44096415
2026-09-26T11:01:00.600611+00:00,vast.ai,marketplace,RTX 5090,1.0027222222222223,1,31.84,199.15261714619382,198.61195127882368,62.97,667.375,"Czechia, CZ",0.6901007,49824500
2026-09-26T11:01:00.600611+00:00,vast.ai,marketplace,RTX 5090,1.0027777777777778,1,31.84,86.6639476040787,86.4238812672253,125.64,368.0,"Illinois, US",0.9990061,51485170
2026-09-26T11:01:00.600611+00:00,vast.ai,marketplace,RTX 5090,1.0120555555555555,1,31.84,199.28467218265936,196.91080305691764,31.04,1321.7119761636036,"Czechia, CZ",0.9946038,48062085
2026-09-26T11:01:00.600611+00:00,vast.ai,marketplace,RTX 5090,1.034337037037037,1,31.84,198.82246881927114,192.2221304081097,94.42,1262.5,"Hungary, HU",0.993446,32292347
2026-09-26T11:01:00.600611+00:00,vast.ai,marketplace,RTX 5090,1.0346148148148149,1,31.84,198.88191551155515,192.22797959562652,94.42,970.75,"Hungary, HU",0.9956639,49155152
2026-09-26T11:01:00.600611+00:00,vast.ai,marketplace,RTX 5090,1.0400555555555557,1,31.84,199.37715086525,191.6985586012766,251.78,1510.0,"Washington, US",0.9973138,52502969
2026-09-26T11:01:00.600611+00:00,vast.ai,marketplace,RTX PRO 5000,1.0515925925925926,1,47.79,165.3433330801554,157.23135960145794,55.07,684.1394409940962,"Czechia, CZ",0.9983638,44193901
2026-09-26T11:01:00.600611+00:00,vast.ai,marketplace,A40,1.0547222222222223,1,44.99,44.03948601018687,41.754582469495055,500.96,330.25,"Belgium, BE",0.975372,51338026
2026-09-26T11:01:00.600611+00:00,vast.ai,marketplace,A100 SXM4,1.0550925925925927,1,80.0,119.8115014646064,113.55543798312847,125.97,1041.875,"Sweden, SE",0.9979946,21050982
2026-09-26T11:01:00.600611+00:00,vast.ai,marketplace,RTX 5090,1.057962962962963,1,31.84,199.1856912968035,188.2728396644038,30.94,661.0,"Florida, US",0.9646867,51071081
2026-09-26T11:01:00.600611+00:00,vast.ai,marketplace,RTX 5060 Ti,1.0675925925925926,1,15.93,38.551872379325786,36.1110339719617,251.65,3313.4,"Quebec, CA",0.9696809,52592860
2026-09-26T11:01:00.600611+00:00,vast.ai,marketplace,RTX PRO 5000,1.0680555555555555,1,47.79,165.0119936414838,154.49757532102515,125.84,758.5,"Arizona, US",0.9858173,51485309
2026-09-26T11:01:00.600611+00:00,vast.ai,marketplace,RTX 5090,1.0685185185185184,1,31.84,198.730024534466,185.98650476362505,59.41,791.0,"Texas, US",0.9979818,51284767
2026-09-26T11:01:00.600611+00:00,vast.ai,marketplace,RTX PRO 6000 WS,1.1347222222222222,1,95.59,283.5603598783882,249.89407480102759,124.4,2893.0,"South Korea, KR",0.988923,40420024
2026-09-26T11:01:00.600611+00:00,vast.ai,marketplace,RTX 4090,1.136462962962963,1,23.99,96.8730454826367,85.240829344822,881.76,6553.0,"Quebec, CA",0.9902508,20266704
2026-09-26T11:01:00.600611+00:00,vast.ai,marketplace,A100 SXM4,1.1482777777777777,1,80.0,121.28870646175336,105.62662520255265,125.96,533.0,"Texas, US",0.9966923,47239990
2026-09-26T11:01:00.600611+00:00,vast.ai,marketplace,RTX 5090,1.1875925925925928,1,31.84,94.42614387423535,79.51055308293635,121.21,650.2,"Germany, DE",0.9780714,51782800
2026-09-26T11:01:00.600611+00:00,vast.ai,marketplace,A100 SXM4,1.1883333333333335,1,80.0,118.7909106876958,99.96430071895858,125.87,1219.5,"Czechia, CZ",0.9767407,34475477
2026-09-26T11:01:00.600611+00:00,vast.ai,marketplace,RTX PRO 6000 WS,1.2013888888888888,1,95.59,283.2097434462682,235.73527778186485,125.27,12751.8,"Utah, US",0.9749758,42871298
2026-09-26T11:01:00.600611+00:00,vast.ai,marketplace,RTX 3070,1.2017592592592592,1,8.0,16.280507674579923,13.547228822364064,31.15,361.0,"Brazil, BR",0.9961518,41360120
2026-09-26T11:01:00.600611+00:00,vast.ai,marketplace,RTX 5090,1.2018518518518517,1,31.84,198.9281179544462,165.51800261232813,251.56,6785.1,"Italy, IT",0.9187219,52446682
2026-09-26T11:01:00.600611+00:00,vast.ai,marketplace,RTX PRO 6000 WS,1.2060185185185184,1,95.59,280.1458616289359,232.2898507172751,125.92,664.65,"California, US",0.9879029,51168670
2026-09-26T11:01:00.600611+00:00,vast.ai,marketplace,RTX 6000D,1.2579629629629627,1,83.64,114.98251094428382,91.40373312220414,94.42,602.5268847619403,"Czechia, CZ",0.9791422,51063973
2026-09-26T11:01:00.600611+00:00,vast.ai,marketplace,RTX 4090,1.267,1,23.99,97.0548199803455,76.60206786136189,167.97,523.5,"Washington, US",0.9976879,41755374
2026-09-26T11:01:00.600611+00:00,vast.ai,marketplace,RTX 4090,1.2680555555555555,1,47.99,109.96527647032622,86.71960466444128,107.97,303.4634142677059,"Washington, US",0.9961917,48484844
2026-09-26T11:01:00.600611+00:00,vast.ai,marketplace,RTX 4090,1.2689814814814815,1,47.99,125.39572923168271,98.81604346604693,125.75,1411.0,"Washington, US",0.9946928,39518987
2026-09-26T11:01:00.600611+00:00,vast.ai,marketplace,RTX 4090,1.2809814814814815,1,47.99,125.55429029862785,98.01413378234143,125.87,2973.0,"Washington, US",0.9985504,46255397
2026-09-26T11:01:00.600611+00:00,vast.ai,marketplace,RTX 4090,1.281388888888889,1,47.99,125.68631096655169,98.0860003207427,220.06,6502.0,"Washington, US",0.9985699,38637438
2026-09-26T11:01:00.600611+00:00,vast.ai,marketplace,RTX 3080,1.321388888888889,1,10.0,26.96404977506378,20.405839644782343,62.79,343.0,"Spain, ES",0.9463097,52393120
2026-09-26T11:01:00.600611+00:00,vast.ai,marketplace,RTX 5090,1.3342592592592593,1,31.84,199.45687668617467,149.48884581614757,125.75,843.4500000000011,"Oklahoma, US",0.9876861,52283260
2026-09-26T11:01:00.600611+00:00,vast.ai,marketplace,RTX PRO 6000 Max-Q,1.3347222222222221,1,95.59,283.2215813041072,212.1951493641594,188.27,530.0,"Romania, RO",0.9938544,51880482
2026-09-26T11:01:00.600611+00:00,vast.ai,marketplace,RTX 3090,1.3347222222222221,1,24.0,44.36470379958797,33.23890399136664,62.72,335.0,"Washington, US",0.9944623,51860372
2026-09-26T11:01:00.600611+00:00,vast.ai,marketplace,RTX A2000,1.3347222222222221,1,5.99,8.575741297328419,6.4251131468017295,31.16,761.5,"British Columbia, CA",0.9713431,46186923
2026-09-26T11:01:00.600611+00:00,vast.ai,marketplace,RTX 5090,1.3347222222222221,1,31.84,190.36529561560033,142.625403582968,62.25,2003.0,"British Columbia, CA",0.9667401,48515309
2026-09-26T11:01:00.600611+00:00,vast.ai,marketplace,CMP 170HX,1.335185185185185,1,40.0,69.26055596586833,51.87337062630916,39.28,169.5,"Hungary, HU",0.995487,51919995
2026-09-26T11:01:00.600611+00:00,vast.ai,marketplace,RTX 5070 Ti,1.3402777777777777,1,15.92,75.81889046265094,56.56953485296236,62.89,285.22774634750397,"Texas, US",0.9983651,50662128
2026-09-26T11:01:00.600611+00:00,vast.ai,marketplace,RTX PRO 6000 WS,1.361388888888889,1,95.59,283.8914852068019,208.53077876851395,125.63,1146.7,"Hong Kong, HK",0.9982521,51263032
2026-09-26T11:01:00.600611+00:00,vast.ai,marketplace,RTX PRO 6000 WS,1.401388888888889,1,95.59,249.39551247679867,177.96310107363234,98.25,50.0,"United Kingdom, GB",0.997641,47942717
2026-09-26T11:01:00.600611+00:00,vast.ai,marketplace,RTX PRO 6000 WS,1.401851851851852,1,95.59,283.3071382573792,202.09492028927974,123.44,2230.3980689876985,"Spain, ES",0.9992719,42248483
2026-09-26T11:01:00.600611+00:00,vast.ai,marketplace,RTX PRO 6000 WS,1.402314814814815,1,95.59,277.5005596842437,197.88749056387132,125.77,785.0,"Washington, US",0.9610435,52026551
2026-09-26T11:01:00.600611+00:00,vast.ai,marketplace,RTX PRO 6000 WS,1.402777777777778,1,95.59,283.63827280420844,202.19758061290105,123.5,1528.0,"Illinois, US",0.9931091,51820314
2026-09-26T11:01:00.600611+00:00,vast.ai,marketplace,RTX PRO 6000 WS,1.4139814814814815,1,95.59,283.52140316516255,200.512812139595,188.71,651.0,"South Korea, KR",0.8683696,52728623
2026-09-26T11:01:00.600611+00:00,vast.ai,marketplace,RTX PRO 6000 WS,1.441851851851852,1,95.59,282.7032735614888,196.0695706694117,125.29,1304.0,"Utah, US",0.9912133,47744581
2026-09-26T11:01:00.600611+00:00,vast.ai,marketplace,RTX PRO 6000 WS,1.466314814814815,1,95.59,282.8006738159564,192.8649093350885,188.92,197.25,"Poland, PL",0.9948653,37051760
2026-09-26T11:01:00.600611+00:00,vast.ai,marketplace,RTX 6000D,1.4680555555555557,1,83.64,229.66057458736282,156.438612774741,94.39,1516.821777083289,"Czechia, CZ",0.9100985,52400794
2026-09-26T11:01:00.600611+00:00,vast.ai,marketplace,RTX PRO 6000 S,1.468240740740741,1,95.59,279.4297069967979,190.31600148612077,188.92,266.6391893864814,"Bulgaria, BG",0.9979847,44647853
2026-09-26T11:01:00.600611+00:00,vast.ai,marketplace,RTX PRO 6000 WS,1.4694444444444446,1,95.59,283.5408815426393,192.95787779839344,251.75,913.0,"Alberta, CA",0.9982,43983628
2026-09-26T11:01:00.600611+00:00,vast.ai,marketplace,RTX PRO 6000 WS,1.4703703703703705,1,95.59,281.9240337123319,191.73674836858842,123.47,236.60000000000002,"Pennsylvania, US",0.9983537,52591556
2026-09-26T11:01:00.600611+00:00,vast.ai,marketplace,RTX PRO 6000 WS,1.4722222222222223,1,95.59,214.5019608071041,145.69944507652352,124.7,525.75,"Norway, NO",0.9979203,50049488
2026-09-26T11:01:00.600611+00:00,vast.ai,marketplace,RTX PRO 6000 S,1.4735222222222224,1,95.59,278.8103736093058,189.21355199437116,94.45,1231.5306814521941,"New York, US",0.9960571,47972958
2026-09-26T11:01:00.600611+00:00,vast.ai,marketplace,RTX PRO 6000 S,1.4832555555555555,1,95.59,279.29423084219064,188.29811882119031,94.01,1361.0,"New York, US",0.9942952,49963042
2026-09-26T11:01:00.600611+00:00,vast.ai,marketplace,RTX PRO 6000 S,1.4889999999999999,1,95.59,280.1457672006959,188.1435642717904,124.77,949.9510222277077,"Virginia, US",0.996869,47550078
2026-09-26T11:01:00.600611+00:00,vast.ai,marketplace,RTX PRO 6000 S,1.500125925925926,1,95.59,278.9458558142318,185.94829340214048,94.42,514.2344767943343,"New York, US",0.9961736,48845073
2026-09-26T11:01:00.600611+00:00,vast.ai,marketplace,RTX PRO 6000 S,1.5002777777777778,1,95.59,278.57811444988664,185.68435697455877,188.93,189.25,"Maryland, US",0.9991505,51093073
2026-09-26T11:01:00.600611+00:00,vast.ai,marketplace,RTX PRO 6000 WS,1.5013888888888889,1,95.59,283.5798381724142,188.87833809818522,124.92,1090.3405995904782,"British Columbia, CA",0.9789608,51488023
2026-09-26T11:01:00.600611+00:00,vast.ai,marketplace,RTX PRO 6000 S,1.5176555555555555,1,95.59,233.18058898279563,153.64526432180926,283.39,2667.5,"New York, US",0.9994636,41925529
2026-09-26T11:01:00.600611+00:00,vast.ai,marketplace,RTX PRO 6000 WS,1.533388888888889,1,95.59,283.8135744482559,185.08910329584458,125.55,3226.0,"Massachusetts, US",0.9844965,52224010
2026-09-26T11:01:00.600611+00:00,vast.ai,marketplace,RTX PRO 6000 S,1.534722222222222,1,95.59,279.33293848751566,182.00879249865275,226.67,320.8,"Australia, AU",0.9979532,47849047
2026-09-26T11:01:00.600611+00:00,vast.ai,marketplace,RTX PRO 6000 WS,1.5374999999999999,1,95.59,283.36557464251547,184.30281277561983,60.47,2375.0,"Washington, US",0.9961325,52514293
2026-09-26T11:01:00.600611+00:00,vast.ai,marketplace,RTX PRO 6000 Max-Q,1.5520555555555555,1,95.59,283.17078522914227,182.4488718947833,141.55,92.25,"Texas, US",0.9979172,37942438
2026-09-26T11:01:00.600611+00:00,vast.ai,marketplace,RTX PRO 6000 WS,1.557388888888889,1,95.59,283.8914852068019,182.28683101068148,125.71,1488.0,"Bulgaria, BG",0.8385172,51299966
2026-09-26T11:01:00.600611+00:00,vast.ai,marketplace,RTX PRO 6000 S,1.573888888888889,1,95.59,279.66194790151434,177.68849496036916,125.85,43.5,"Switzerland, CH",0.993352,51032798
2026-09-26T11:01:00.600611+00:00,vast.ai,marketplace,RTX PRO 6000 S,1.5877777777777777,1,95.59,279.4490605951443,176.00010814249816,94.42,959.5,"Bulgaria, BG",0.9950547,51056495
2026-09-26T11:01:00.600611+00:00,vast.ai,marketplace,RTX PRO 6000 WS,1.6009259259259259,1,95.59,283.75514094198843,177.24439110315066,91.74,2780.0,"Alberta, CA",0.9920009,49270977
2026-09-26T11:01:00.600611+00:00,vast.ai,marketplace,RTX PRO 6000 S,1.6009259259259259,1,95.59,279.62324142868283,174.6634475089517,94.42,652.4766083478237,"Bulgaria, BG",0.9888056,48905149
2026-09-26T11:01:00.600611+00:00,vast.ai,marketplace,RTX PRO 6000 WS,1.6013888888888888,1,95.59,283.1902643586163,176.84040792558866,125.53,1082.0,"Poland, PL",0.983356,46768323
2026-09-26T11:01:00.600611+00:00,vast.ai,marketplace,RTX PRO 6000 S,1.6018518518518516,1,95.59,279.2168151371386,174.30876320699986,110.15,3175.975511113854,"Texas, US",0.967866,52528361
2026-09-26T11:01:00.600611+00:00,vast.ai,marketplace,RTX PRO 6000 S,1.6018518518518516,1,95.59,279.4103533639544,174.42958475900048,98.4,1991.2438777784637,"Texas, US",0.9912546,50644431
2026-09-26T11:01:00.600611+00:00,vast.ai,marketplace,RTX 4090,1.6046296296296294,1,47.99,125.61591276889759,78.28343092349071,93.95,6451.2,"California, US",0.9801572,51071482
2026-09-26T11:01:00.600611+00:00,vast.ai,marketplace,RTX PRO 6000 WS,1.604648148148148,1,95.59,281.65128384422644,175.52214432133766,215.93,258.57142857142856,"Bulgaria, BG",0.9988304,52263828
2026-09-26T11:01:00.600611+00:00,vast.ai,marketplace,RTX 5090,1.6055555555555554,1,31.84,174.75267854729609,108.84249874918096,247.81,168.5,"Norway, NO",0.9983115,50806300
2026-09-26T11:01:00.600611+00:00,vast.ai,marketplace,A100 SXM4,1.6718433611111112,1,80.0,128.7800563130087,77.02878110986497,122.02,628.1,"North Carolina, US",0.9875074,51216954
2026-09-26T11:01:00.600611+00:00,vast.ai,marketplace,RTX PRO 6000 WS,1.7159222222222223,1,95.59,237.9132889162565,138.6503920953623,251.17,1914.0,"Nevada, US",0.9804833,50326117
2026-09-26T11:01:00.600611+00:00,vast.ai,marketplace,RTX PRO 6000 WS,1.7342592592592594,1,95.59,283.7746188190745,163.62871773870816,251.54,2728.0,"Georgia, US",0.9973359,51923814
2026-09-26T11:01:00.600611+00:00,vast.ai,marketplace,RTX PRO 6000 Max-Q,1.7356481481481483,1,95.59,283.4045320237227,163.2845529931291,188.81,2743.25,"Maryland, US",0.9937839,52509891
2026-09-26T11:01:00.600611+00:00,vast.ai,marketplace,RTX PRO 6000 Max-Q,1.7632037037037036,1,95.59,282.7811938489382,160.37919683071286,125.92,424.375,"Czechia, CZ",0.9962873,47792408
2026-09-26T11:01:00.600611+00:00,vast.ai,marketplace,RTX PRO 6000 WS,1.804638888888889,1,95.59,283.24870149612656,156.95588920314245,461.83,1030.0,"Bulgaria, BG",0.9981575,52647123
2026-09-26T11:01:00.600611+00:00,vast.ai,marketplace,RTX PRO 6000 WS,1.8481111111111113,1,95.59,283.03443015136423,153.14795114304562,125.58,2742.0,"Texas, US",0.9912137,51489157
2026-09-26T11:01:00.600611+00:00,vast.ai,marketplace,RTX PRO 6000 WS,1.988703703703704,1,95.59,282.89807302224625,142.2524997038951,125.92,1090.125,"Hungary, HU",0.9960287,43620829
2026-09-26T11:01:00.600611+00:00,vast.ai,marketplace,RTX PRO 6000 S,2.001388888888889,1,95.59,279.8748310406494,139.84030419796497,283.09,1573.75,"France, FR",0.9205008,52442956
2026-09-26T11:01:00.600611+00:00,vast.ai,marketplace,RTX 4090,2.001388888888889,1,23.99,97.19164147548904,48.56209705923116,125.71,1347.0,"Ontario, CA",0.9961635,47472164
2026-09-26T11:01:00.600611+00:00,vast.ai,marketplace,RTX PRO 6000 Max-Q,2.0254074074074073,1,95.59,283.1318268447069,139.790061895313,125.94,1164.5,"Czechia, CZ",0.9981082,30989548
2026-09-26T11:01:00.600611+00:00,vast.ai,marketplace,RTX PRO 6000 WS,2.0447222222222226,1,95.59,284.02782743154717,138.9077813820907,125.55,2779.0,"Massachusetts, US",0.9984836,36072512
2026-09-26T11:01:00.600611+00:00,vast.ai,marketplace,H100 NVL,2.3609259259259257,1,93.58,378.0275615718336,160.11834908525387,335.85,464.3666666666666,"South Korea, KR",0.998794,43751091
2026-09-26T11:01:00.600611+00:00,vast.ai,marketplace,H100 PCIE,2.4689814814814817,1,79.65,256.1252668643911,103.7372166561194,125.62,25576.472636493687,"Maryland, US",0.9938363,48311522
2026-09-26T11:01:00.600611+00:00,vast.ai,marketplace,H100 PCIE,2.5881259259259255,1,79.65,256.1426077893323,98.96837136998849,62.84,575.25,"Czechia, CZ",0.8890337,50491381
2026-09-26T11:01:00.600611+00:00,vast.ai,marketplace,H200,2.6324926900584797,1,140.4,381.67169079520403,144.98490052282932,235.95,50.0,"Georgia, US",0.9905484,49998292
2026-09-26T11:01:00.600611+00:00,vast.ai,marketplace,RTX 4090,2.6680555555555556,1,23.99,96.87310994435018,36.30850554915779,125.91,779.175,"Florida, US",0.9471303,52458975
2026-09-26T11:01:00.600611+00:00,vast.ai,marketplace,H100 NVL,2.6680555555555556,1,93.58,376.5541342339533,141.1342928935171,188.94,2593.348819964508,"Bulgaria, BG",0.9951917,24548931
2026-09-26T11:01:00.600611+00:00,vast.ai,marketplace,RTX 5090,2.6685185185185185,1,31.84,195.19577488326527,73.14761862384681,62.67,3240.0,"Florida, US",0.9978753,51586170
2026-09-26T11:01:00.600611+00:00,vast.ai,marketplace,RTX 5090,2.6685185185185185,1,31.84,197.0769152799463,73.85255673224913,62.7,1521.0,"Florida, US",0.9989235,47070073
2026-09-26T11:01:00.600611+00:00,vast.ai,marketplace,RTX 5080,2.6685185185185185,1,15.92,83.99712103039593,31.477061316040114,31.21,726.0,"Florida, US",0.9972502,51473535
2026-09-26T11:01:00.600611+00:00,vast.ai,marketplace,RTX 4090,2.673148148148148,1,23.99,97.58234394571772,36.50465239396438,30.94,659.0,"The Netherlands, NL",0.9955122,42544505
2026-09-26T11:01:00.600611+00:00,vast.ai,marketplace,RTX 5090,2.673148148148148,1,31.84,199.58173737489486,74.6616821492506,62.39,1326.0,"The Netherlands, NL",0.9931349,45401054
2026-09-26T11:01:00.600611+00:00,vast.ai,marketplace,RTX 5090,2.673148148148148,1,31.84,188.32257214073258,70.44973256390412,62.35,758.0,"The Netherlands, NL",0.9924595,49946861
2026-09-26T11:01:00.600611+00:00,vast.ai,marketplace,RTX PRO 6000 WS,2.673611111111111,1,95.59,283.36557464251547,105.98608506109669,251.49,1188.7973807289768,"New Jersey, US",0.9602712,51371154
2026-09-26T11:01:00.600611+00:00,vast.ai,marketplace,H100 NVL,3.0147222222222223,1,93.58,347.54637568574054,115.28305099683644,314.69,309.5,"Iowa, US",0.9563111,52732173
2026-09-26T11:01:00.600611+00:00,vast.ai,marketplace,H100 NVL,3.028055555555548,1,93.58,347.82494054373075,114.86742371868947,314.69,309.2,"Virginia, US",0.9920803,52733482
2026-09-26T11:01:00.600611+00:00,vast.ai,marketplace,H100 SXM,3.1366666666666667,1,79.65,64.44055449314388,20.54427879696404,188.87,415.0,"Taiwan, TW",0.977899,51293646
2026-09-26T11:01:00.600611+00:00,vast.ai,marketplace,H100 SXM,3.203333333333333,1,79.65,47.52027070300552,14.834631853175502,188.87,140.55425299663966,"Taiwan, TW",0.9798166,51178484
2026-09-26T11:01:00.600611+00:00,vast.ai,marketplace,H100 NVL,3.3347407407407412,1,93.58,313.2685371793646,93.94089721942784,188.94,559.875,"Czechia, CZ",0.9883127,31183490
2026-09-26T11:01:00.600611+00:00,vast.ai,marketplace,H200 NVL,3.601388888888889,1,140.4,398.2350015327259,110.57817242713561,181.06,164.625,"Bulgaria, BG",0.9896457,44335863
2026-09-26T11:01:00.600611+00:00,vast.ai,marketplace,H100 SXM,3.8312777777777773,1,79.65,261.5285316146283,68.26143829391573,125.94,1413.8797040969384,"Czechia, CZ",0.9931066,49793525
2026-09-26T11:01:00.600611+00:00,vast.ai,marketplace,RTX PRO 6000 WS,3.975277777777778,1,95.59,223.06514143161493,56.113095461799574,226.72,440.8,"Kansas, US",0.9980267,33065165
2026-09-26T11:01:00.600611+00:00,vast.ai,marketplace,H200 NVL,4.001388888888889,1,140.4,452.70106028678975,113.13598174470275,251.4,957.375,"South Korea, KR",0.9971173,52223703
2026-09-26T11:01:00.600611+00:00,vast.ai,marketplace,H200 NVL,4.014722222222222,1,140.4,374.21707325726726,93.21119931683127,214.36,129.14285714285714,"Mississippi, US",0.99049,50176560
2026-09-26T11:01:00.600611+00:00,vast.ai,marketplace,H200 NVL,4.140277777777778,1,140.4,453.3870408001612,109.50643051865683,188.39,308.375,"Texas, US",0.992695,50998119
2026-09-26T11:01:00.600611+00:00,vast.ai,marketplace,H200,4.283168859649122,1,140.4,493.67617561957695,115.25956407425389,249.99,2941.372638364053,"Georgia, US",0.9902674,50416326
2026-09-26T11:01:00.600611+00:00,vast.ai,marketplace,H200 NVL,4.393611111111111,1,140.4,400.6874658870994,91.19775413754553,125.76,703.0,"Washington, US",0.9972108,48497455
2026-09-26T11:01:00.600611+00:00,vast.ai,marketplace,H200 NVL,4.420277777777778,1,140.4,438.9116358879341,99.29503482665511,125.77,1250.5,"Washington, US",0.9972935,44499509
2026-09-26T11:01:00.600611+00:00,vast.ai,marketplace,H100 SXM,4.526944444444444,1,79.65,334.5890867625798,73.91057939162346,221.33,835.5,", US",0.9988217,36551369
2026-09-26T11:01:00.600611+00:00,vast.ai,marketplace,H200 NVL,4.732166666666666,1,140.4,452.73879067174624,95.67262156272595,283.35,1561.375,"Czechia, CZ",0.9995167,28875921
2026-09-26T11:01:00.600611+00:00,vast.ai,marketplace,H200,4.804459064327485,1,140.4,493.86813560005976,102.79370247255714,377.93,2499.0,"Saudi Arabia, SA",0.9954416,39605001
2026-09-26T11:01:00.600611+00:00,vast.ai,marketplace,H200,4.804459064327485,1,140.4,492.1514255531751,102.43638648257794,377.93,2519.577725109773,"Saudi Arabia, SA",0.998741,39353730
2026-09-26T11:01:00.600611+00:00,vast.ai,marketplace,H200 NVL,4.817870370370371,1,140.4,452.7167832950443,93.96616108213014,251.93,1471.5,"Czechia, CZ",0.9978078,21829058
2026-09-26T11:01:00.600611+00:00,vast.ai,marketplace,H200 NVL,4.908148148148149,1,140.4,452.8738552190451,92.26980147082868,188.81,397.4606650396852,"Washington, US",0.9978047,46122994
2026-09-26T11:01:00.600611+00:00,vast.ai,marketplace,H200,5.001370614035087,1,140.4,492.82158814395126,98.53730630578977,251.95,2726.875,", US",0.9982516,36326116
2026-09-26T11:01:00.600611+00:00,vast.ai,marketplace,H100 SXM,5.02712962962963,1,79.65,334.60303154964123,66.5594596124017,221.33,1679.0,", US",0.9989177,36346574
2026-09-26T11:01:00.600611+00:00,vast.ai,marketplace,RTX PRO 6000 S,5.337037037037037,1,95.59,234.60691350696442,43.95826970637085,125.93,1110.5,"Czechia, CZ",0.9981383,44623532
2026-09-26T11:01:00.600611+00:00,vast.ai,marketplace,B200,6.251302083333333,1,179.06,678.626597443991,108.5576394161602,249.5,2309.8079645089992,"Oregon, US",0.9966597,50255940
2026-09-26T11:01:00.600611+00:00,vast.ai,marketplace,B200,6.251302083333333,1,179.06,679.2498773775376,108.65734343385729,249.5,2129.5,"Oregon, US",0.9957028,51592617
2026-09-26T11:01:00.600611+00:00,vast.ai,marketplace,B300,9.938802083333334,1,268.59,583.8089246737052,58.740371302162394,251.92,918.625,"Croatia, HR",0.9936901,51949532
2026-09-26T11:01:00.600611+00:00,vast.ai,marketplace,B200,10.631510416666666,1,179.06,700.2473349684219,65.86527290333717,249.5,399.5,"Ohio, US",0.9893601,51062349
2026-09-26T11:01:00.600611+00:00,vast.ai,marketplace,RTX 5090,53.33435185185186,1,31.84,199.11300015719345,3.7332974573362123,60.44,3349.0,"Ukraine, UA",0.9979539,46363452
