collected_at,provider,tier,gpu_model,price_usd_per_hr,num_gpus,gpu_ram_gb,dlperf,dlperf_per_dollar,cpu_ram_gb,disk_space_gb,region,reliability,offer_id
2026-10-10T12:06:40.131139+00:00,vast.ai,marketplace,GTX 1650,0.045981481481481484,1,4.0,1.3147527300000001,28.595752729999997,46.05,144.5,"Oregon, US",0.9917743,52144159
2026-10-10T12:06:40.131139+00:00,vast.ai,marketplace,GTX 1650,0.047314814814814816,1,4.0,1.2967527300000001,27.41175273,11.75,121.75,"Oregon, US",0.9730011,54550279
2026-10-10T12:06:40.131139+00:00,vast.ai,marketplace,GTX 1080 Ti,0.04805555555555556,1,11.0,5.34875273,111.30575273000001,15.64,285.5,"United Kingdom, GB",0.9851076,53744002
2026-10-10T12:06:40.131139+00:00,vast.ai,marketplace,GTX 1070,0.04805555555555556,1,8.0,2.5137527299999998,52.30575273,15.62,152.5,"South Korea, KR",0.8934003,50850386
2026-10-10T12:06:40.131139+00:00,vast.ai,marketplace,GTX TITAN X,0.04805555555555556,1,12.0,3.35575273,69.81675273,15.51,133.0,"South Korea, KR",0.9867845,52856971
2026-10-10T12:06:40.131139+00:00,vast.ai,marketplace,GTX 1070,0.049388888888888885,1,8.0,2.66275273,53.91075273,7.82,51.25,"South Korea, KR",0.9974877,50595371
2026-10-10T12:06:40.131139+00:00,vast.ai,marketplace,GTX 1080,0.052055555555555556,1,8.0,3.33075273,63.97975273,10.46,257.3333333333333,"South Korea, KR",0.9927558,52708522
2026-10-10T12:06:40.131139+00:00,vast.ai,marketplace,GTX 1080,0.05472222222222223,1,8.0,3.35175273,61.243752730000004,10.46,221.33333333333331,"South Korea, KR",0.9965967,50870175
2026-10-10T12:06:40.131139+00:00,vast.ai,marketplace,GTX 1080,0.05472222222222223,1,8.0,3.33075273,60.86175273,7.72,159.5,"South Korea, KR",0.9977989,50608973
2026-10-10T12:06:40.131139+00:00,vast.ai,marketplace,GTX 1080,0.05472222222222223,1,8.0,3.33075273,60.86175273,11.7,176.25,"South Korea, KR",0.9916905,55005782
2026-10-10T12:06:40.131139+00:00,vast.ai,marketplace,RTX 3060,0.05472222222222223,1,12.0,9.99475273,182.64675272999997,25.18,89.78475142247348,"Quebec, CA",0.9806622,54743099
2026-10-10T12:06:40.131139+00:00,vast.ai,marketplace,Q RTX 4000,0.05472222222222223,1,8.0,4.10475273,75.00075273,7.67,86.0,"Spain, ES",0.9874323,48583410
2026-10-10T12:06:40.131139+00:00,vast.ai,marketplace,GTX 1660 S,0.05738888888888889,1,6.0,1.71275273,29.833752729999997,15.61,75.0,"Vietnam, VN",0.9955419,25240861
2026-10-10T12:06:40.131139+00:00,vast.ai,marketplace,GTX 1660 S,0.05738888888888889,1,6.0,1.68875273,29.41375273,15.61,167.5,"Vietnam, VN",0.9957231,31603445
2026-10-10T12:06:40.131139+00:00,vast.ai,marketplace,RTX 2060S,0.05839259259259259,1,8.0,3.8767527299999998,66.38175273,7.69,109.0,"Germany, DE",0.9844012,54916550
2026-10-10T12:06:40.131139+00:00,vast.ai,marketplace,Quadro P4000,0.06037037037037037,1,8.0,2.08375273,34.51575273,125.96,678.9039616583002,"Quebec, CA",0.9951232,54649002
2026-10-10T12:06:40.131139+00:00,vast.ai,marketplace,RTX 3060,0.06092592592592593,1,12.0,12.226752730000001,200.68275272999998,15.63,256.9,"Poland, PL",0.9995511,54634981
2026-10-10T12:06:40.131139+00:00,vast.ai,marketplace,RTX 3060,0.06092592592592593,1,12.0,12.17675273,199.85375273,15.64,304.5,"Poland, PL",0.9994503,45598189
2026-10-10T12:06:40.131139+00:00,vast.ai,marketplace,Quadro P4000,0.061388888888888896,1,8.0,2.08375273,33.94275273,15.46,92.0,"Romania, RO",0.9985991,43521342
2026-10-10T12:06:40.131139+00:00,vast.ai,marketplace,Titan Xp,0.061388888888888896,1,12.0,5.75775273,93.78675273,10.46,253.88955934012398,"South Korea, KR",0.995435,48474937
2026-10-10T12:06:40.131139+00:00,vast.ai,marketplace,GTX 1080 Ti,0.06405555555555556,1,11.0,5.21275273,81.37375273,15.52,147.0,"South Korea, KR",0.9929424,50029660
2026-10-10T12:06:40.131139+00:00,vast.ai,marketplace,GTX 1080 Ti,0.06405555555555556,1,11.0,5.21275273,81.37375273,15.52,174.0,"South Korea, KR",0.9951313,50019343
2026-10-10T12:06:40.131139+00:00,vast.ai,marketplace,GTX 1080 Ti,0.06405555555555556,1,11.0,5.21275273,81.37375273,7.73,159.0,"South Korea, KR",0.9966896,50029618
2026-10-10T12:06:40.131139+00:00,vast.ai,marketplace,GTX 1080 Ti,0.06405555555555556,1,11.0,5.21275273,81.37375273,7.73,188.0,"South Korea, KR",0.9975232,50029567
2026-10-10T12:06:40.131139+00:00,vast.ai,marketplace,GTX 1080 Ti,0.06405555555555557,1,11.0,5.21275273,81.37375273,31.28,68.0,"South Korea, KR",0.9978743,40234662
2026-10-10T12:06:40.131139+00:00,vast.ai,marketplace,GTX 1080 Ti,0.06405555555555557,1,11.0,5.384752730000001,84.05675273,31.29,67.0,"South Korea, KR",0.9985363,37709426
2026-10-10T12:06:40.131139+00:00,vast.ai,marketplace,RTX 2060S,0.06538888888888889,1,8.0,3.98675273,60.97275273,15.59,370.5,"Vietnam, VN",0.9919749,40794555
2026-10-10T12:06:40.131139+00:00,vast.ai,marketplace,RTX 2060S,0.06538888888888889,1,8.0,3.98675273,60.97275273,15.59,118.17807258389688,"Vietnam, VN",0.9587475,30053152
2026-10-10T12:06:40.131139+00:00,vast.ai,marketplace,GTX 1660 S,0.06708333333333333,1,6.0,1.71275273,25.522752729999997,41.9,846.7796787639829,"Quebec, CA",0.9945392,54483341
2026-10-10T12:06:40.131139+00:00,vast.ai,marketplace,RTX 3060 laptop,0.06718518518518521,1,12.0,12.781752730000001,190.24875272999998,15.59,361.5,"New Zealand, NZ",0.996918,52026372
2026-10-10T12:06:40.131139+00:00,vast.ai,marketplace,RTX 3060,0.06759259259259259,1,12.0,11.95075273,176.80475273,15.65,64.0,"Romania, RO",0.9981645,42699570
2026-10-10T12:06:40.131139+00:00,vast.ai,marketplace,RTX 3060,0.06759259259259259,1,12.0,12.26675273,181.48275273,15.62,354.5,"Spain, ES",0.9920453,51246327
2026-10-10T12:06:40.131139+00:00,vast.ai,marketplace,GTX 1080 Ti,0.06805555555555555,1,11.0,5.31675273,78.11475273,15.64,374.0,"South Korea, KR",0.9980533,47674539
2026-10-10T12:06:40.131139+00:00,vast.ai,marketplace,GTX 1080,0.06805555555555555,1,8.0,3.48375273,51.191752730000005,46.98,156.0,"United Kingdom, GB",0.9953905,48420856
2026-10-10T12:06:40.131139+00:00,vast.ai,marketplace,Titan Xp,0.06805555555555555,1,12.0,5.08775273,74.75475273,8.96,107.0,"South Korea, KR",0.996261,32787365
2026-10-10T12:06:40.131139+00:00,vast.ai,marketplace,GTX TITAN X,0.06805555555555555,1,12.0,3.35575273,49.298752730000004,7.76,136.0,"South Korea, KR",0.9946653,45748277
2026-10-10T12:06:40.131139+00:00,vast.ai,marketplace,GTX 1660 S,0.06805555555555555,1,6.0,1.68875273,24.80375273,15.67,383.0,"South Korea, KR",0.9966753,53989929
2026-10-10T12:06:40.131139+00:00,vast.ai,marketplace,RTX 3060,0.06805555555555555,1,12.0,12.41375273,182.39775272999998,15.61,405.45,"Vietnam, VN",0.9968132,42838234
2026-10-10T12:06:40.131139+00:00,vast.ai,marketplace,RTX 3060,0.06805555555555555,1,12.0,12.55475273,184.47075273,15.52,147.0,"South Korea, KR",0.9973472,53519434
2026-10-10T12:06:40.131139+00:00,vast.ai,marketplace,RTX 3060,0.06805555555555555,1,12.0,12.38775273,182.02575273,10.46,177.83333333333331,"South Korea, KR",0.9952169,38722534
2026-10-10T12:06:40.131139+00:00,vast.ai,marketplace,RTX 3060,0.06805555555555555,1,12.0,12.26675273,180.23775272999998,10.46,198.0,"South Korea, KR",0.9933918,41437590
2026-10-10T12:06:40.131139+00:00,vast.ai,marketplace,RTX 3060,0.06805555555555555,1,12.0,12.40775273,182.30875272999998,31.26,121.0,"France, FR",0.9957846,45783662
2026-10-10T12:06:40.131139+00:00,vast.ai,marketplace,RTX 2070S,0.06805555555555555,1,8.0,4.70175273,69.08475273,15.52,144.0,"South Korea, KR",0.9958699,50038031
2026-10-10T12:06:40.131139+00:00,vast.ai,marketplace,RTX 2070,0.06805555555555555,1,8.0,4.10475273,60.30675273,7.77,161.5,"South Korea, KR",0.9909735,54624258
2026-10-10T12:06:40.131139+00:00,vast.ai,marketplace,RTX 2070,0.06805555555555555,1,8.0,4.10475273,60.30675273,7.82,386.35,"South Korea, KR",0.9821138,50701337
2026-10-10T12:06:40.131139+00:00,vast.ai,marketplace,GTX 1080 Ti,0.06833333333333333,1,11.0,5.45275273,79.79275273,15.57,10.0,"Spain, ES",0.9928966,50865915
2026-10-10T12:06:40.131139+00:00,vast.ai,marketplace,RTX 3060,0.06851851851851852,1,12.0,12.31275273,179.69675273,94.32,362.767628371807,"Ohio, US",0.9754616,53025338
2026-10-10T12:06:40.131139+00:00,vast.ai,marketplace,RTX 3060,0.06944444444444445,1,12.0,12.26675273,176.63275273,15.49,55.0,"Indonesia, ID",0.9976482,50680598
2026-10-10T12:06:40.131139+00:00,vast.ai,marketplace,GTX 1660 Ti,0.06944444444444445,1,6.0,2.54475273,36.64475273,15.54,137.0,"Sweden, SE",0.9981406,47937256
2026-10-10T12:06:40.131139+00:00,vast.ai,marketplace,RTX 3060 laptop,0.06985185185185185,1,12.0,12.781752730000001,182.98575273,31.32,98.0,"New Zealand, NZ",0.9978081,54872701
2026-10-10T12:06:40.131139+00:00,vast.ai,marketplace,RTX 3060 laptop,0.07118518518518518,1,12.0,12.781752730000001,179.55875272999998,15.62,211.63569878772768,"New Zealand, NZ",0.9960238,54187526
2026-10-10T12:06:40.131139+00:00,vast.ai,marketplace,RTX 3060,0.0712962962962963,1,12.0,12.37875273,173.62075273,15.63,312.0,"Pennsylvania, US",0.9948231,51854673
2026-10-10T12:06:40.131139+00:00,vast.ai,marketplace,RTX 3060,0.07472222222222222,1,12.0,11.69375273,156.49375272999998,15.54,177.3,"South Korea, KR",0.9986799,50735856
2026-10-10T12:06:40.131139+00:00,vast.ai,marketplace,RTX 3060,0.07472222222222222,1,12.0,11.99575273,160.53575272999998,15.42,470.0,"Austria, AT",0.9994266,26610664
2026-10-10T12:06:40.131139+00:00,vast.ai,marketplace,RTX A4000,0.0757037037037037,1,15.99,21.18975273,279.90675273,20.96,1555.7826314988251,"Quebec, CA",0.9878622,53258745
2026-10-10T12:06:40.131139+00:00,vast.ai,marketplace,RTX 4060,0.07611111111111112,1,8.0,15.65775273,205.71775273,15.72,137.625,"Nevada, US",0.9921445,50944076
2026-10-10T12:06:40.131139+00:00,vast.ai,marketplace,RTX 2060S,0.08046296296296296,1,8.0,3.8767527299999998,48.173752730000004,31.43,1367.2728107071487,"Quebec, CA",0.9967859,48491662
2026-10-10T12:06:40.131139+00:00,vast.ai,marketplace,Titan Xp,0.08138888888888889,1,12.0,5.75775273,70.74075273,10.45,246.1785550132284,"South Korea, KR",0.9956022,48369186
2026-10-10T12:06:40.131139+00:00,vast.ai,marketplace,Titan Xp,0.08138888888888889,1,12.0,5.75775273,70.74075273,10.45,262.46666666666664,"South Korea, KR",0.992087,48453493
2026-10-10T12:06:40.131139+00:00,vast.ai,marketplace,Tesla P100,0.08138888888888889,1,16.0,5.823752730000001,71.54675273000001,20.88,159.7822566977898,"Missouri, US",0.9905054,52971260
2026-10-10T12:06:40.131139+00:00,vast.ai,marketplace,RTX 3060,0.08138888888888889,1,12.0,12.40775273,152.44175273,47.19,141.475,"Connecticut, US",0.9954365,47594088
2026-10-10T12:06:40.131139+00:00,vast.ai,marketplace,RTX 3060,0.08138888888888889,1,12.0,12.22775273,150.23575273,15.52,60.0,"South Korea, KR",0.9942169,54058503
2026-10-10T12:06:40.131139+00:00,vast.ai,marketplace,GTX 1660 Ti,0.08138888888888889,1,6.0,2.47475273,30.397752729999997,62.93,341.0,"United Kingdom, GB",0.9969769,46831476
2026-10-10T12:06:40.131139+00:00,vast.ai,marketplace,GTX 1660,0.08138888888888889,1,6.0,2.3167527299999997,28.461752729999997,62.93,376.5291174171275,"United Kingdom, GB",0.9979051,43339009
2026-10-10T12:06:40.131139+00:00,vast.ai,marketplace,RTX 2070,0.08138888888888889,1,8.0,4.10475273,50.426752730000004,15.52,162.0,"South Korea, KR",0.9955569,54800417
2026-10-10T12:06:40.131139+00:00,vast.ai,marketplace,RTX 2070,0.08138888888888889,1,8.0,4.10475273,50.426752730000004,15.52,127.0,"South Korea, KR",0.9887074,54796447
2026-10-10T12:06:40.131139+00:00,vast.ai,marketplace,RTX 3060,0.08157407407407408,1,12.0,12.476752730000001,152.94475272999998,31.47,356.9342887042217,"Texas, US",0.9945667,41247444
2026-10-10T12:06:40.131139+00:00,vast.ai,marketplace,RTX 4060,0.08185185185185186,1,8.0,15.64175273,191.09175273,15.72,34.36250000000001,"Nevada, US",0.9964205,49481976
2026-10-10T12:06:40.131139+00:00,vast.ai,marketplace,RTX A4000,0.0875925925925926,1,15.99,13.96675273,159.44675273,23.49,358.0,"Poland, PL",0.9971488,45601701
2026-10-10T12:06:40.131139+00:00,vast.ai,marketplace,RTX A4000,0.0875925925925926,1,15.99,20.43775273,233.32075272999998,15.64,283.5,"Poland, PL",0.9995379,45598788
2026-10-10T12:06:40.131139+00:00,vast.ai,marketplace,RTX A4000,0.0875925925925926,1,15.99,20.29575273,231.70275273,23.49,185.5,"Poland, PL",0.9985879,49383453
2026-10-10T12:06:40.131139+00:00,vast.ai,marketplace,RTX A4000,0.0915925925925926,1,15.99,19.432752729999997,212.16175273,41.93,57.575385101593625,"Japan, JP",0.9929749,49634066
2026-10-10T12:06:40.131139+00:00,vast.ai,marketplace,RTX 3060,0.09311111111111112,1,12.0,12.26675273,131.74475273,31.44,570.8145587085638,"Texas, US",0.9914162,49591763
2026-10-10T12:06:40.131139+00:00,vast.ai,marketplace,RTX 3070,0.0938888888888889,1,8.0,16.28075273,173.40175273,62.97,1152.839551080596,"Quebec, CA",0.9638402,54927853
2026-10-10T12:06:40.131139+00:00,vast.ai,marketplace,RTX 3070,0.09425925925925926,1,8.0,16.27975273,172.70875273,31.32,102.0,"Vietnam, VN",0.9937443,54874802
2026-10-10T12:06:40.131139+00:00,vast.ai,marketplace,RTX 3070,0.09425925925925926,1,8.0,16.281752729999997,172.73275273,15.6,106.0,"Vietnam, VN",0.9924578,52925175
2026-10-10T12:06:40.131139+00:00,vast.ai,marketplace,RTX 3060,0.09425925925925926,1,12.0,12.27275273,130.19575272999998,62.7,668.2,"Norway, NO",0.9983466,41379336
2026-10-10T12:06:40.131139+00:00,vast.ai,marketplace,RTX 3060,0.09449074074074075,1,12.0,12.26675273,129.81375272999998,31.26,272.0,"New Jersey, US",0.9991182,39458906
2026-10-10T12:06:40.131139+00:00,vast.ai,marketplace,RTX 3070,0.09472222222222222,1,8.0,16.020752729999998,169.13475272999997,31.22,731.0,"France, FR",0.936103,20155807
2026-10-10T12:06:40.131139+00:00,vast.ai,marketplace,RTX 3060,0.09472222222222222,1,12.0,12.47575273,131.70875273,62.7,316.0,"Norway, NO",0.9991732,32051721
2026-10-10T12:06:40.131139+00:00,vast.ai,marketplace,RTX 2060,0.09472222222222222,1,12.0,3.9697527299999997,41.90975273,15.59,161.5,"South Korea, KR",0.9969787,54610084
2026-10-10T12:06:40.131139+00:00,vast.ai,marketplace,RTX 2060,0.09472222222222222,1,12.0,3.9697527299999997,41.90975273,15.62,174.5,"South Korea, KR",0.9979016,54594431
2026-10-10T12:06:40.131139+00:00,vast.ai,marketplace,RTX 3070,0.09541666666666668,1,8.0,16.27975273,170.61375273,83.85,1045.6666666666665,"British Columbia, CA",0.9984826,27970172
2026-10-10T12:06:40.131139+00:00,vast.ai,marketplace,Tesla P100,0.09564814814814815,1,16.0,6.48975273,67.84875273,23.23,683.75,"Texas, US",0.982164,48743420
2026-10-10T12:06:40.131139+00:00,vast.ai,marketplace,Tesla P100,0.09564814814814815,1,16.0,6.429752730000001,67.21875273,39.01,546.15,"Texas, US",0.9958998,48981930
2026-10-10T12:06:40.131139+00:00,vast.ai,marketplace,RTX 3070,0.09564814814814815,1,8.0,16.27975273,170.20075272999998,20.96,264.5,"Virginia, US",0.9989374,36243474
2026-10-10T12:06:40.131139+00:00,vast.ai,marketplace,RTX 3060,0.09609629629629629,1,12.0,10.02475273,104.31975273,15.4,226.0,"Spain, ES",0.9948093,47893736
2026-10-10T12:06:40.131139+00:00,vast.ai,marketplace,RTX 2080 Ti,0.09611111111111112,1,22.0,11.04575273,114.92875273,31.47,151.75,"United States, US",0.9951406,43529663
2026-10-10T12:06:40.131139+00:00,vast.ai,marketplace,RTX 3060,0.09752222222222222,1,12.0,10.59075273,108.59475273,19.5,527.0,"Spain, ES",0.9880672,48105707
2026-10-10T12:06:40.131139+00:00,vast.ai,marketplace,RTX 3070,0.09888888888888889,1,8.0,16.24475273,164.26775272999998,15.63,302.0,"Illinois, US",0.9970159,52471044
2026-10-10T12:06:40.131139+00:00,vast.ai,marketplace,RTX 2080 Ti,0.10005555555555555,1,22.0,11.04575273,110.39775273000001,31.44,135.5,"Thailand, TH",0.9767722,51470051
2026-10-10T12:06:40.131139+00:00,vast.ai,marketplace,RTX 2080 Ti,0.10005555555555555,1,22.0,11.28275273,112.76375273000001,17.97,155.5,"Thailand, TH",0.9879012,50286307
2026-10-10T12:06:40.131139+00:00,vast.ai,marketplace,RTX 5060,0.10018518518518518,1,7.96,28.241752729999998,281.89775273,29.81,500.0,"India, IN",0.8899675,48558053
2026-10-10T12:06:40.131139+00:00,vast.ai,marketplace,RTX 3060,0.10218888888888888,1,12.0,10.63875273,104.10375273,19.47,14.0,"Spain, ES",0.9912124,51773767
2026-10-10T12:06:40.131139+00:00,vast.ai,marketplace,RTX A4000,0.1063148148148148,1,15.99,21.18975273,199.31375272999998,35.33,341.0,"Estonia, EE",0.9940512,53990295
2026-10-10T12:06:40.131139+00:00,vast.ai,marketplace,RTX 4060 Ti,0.10680555555555556,1,16.0,22.52975273,210.93475272999999,23.57,249.07024573987044,"Jiangsu, CN",0.9958009,49517349
2026-10-10T12:06:40.131139+00:00,vast.ai,marketplace,RTX 2060,0.10694444444444445,1,12.0,3.9697527299999997,37.12075273,8.96,156.7142857142857,"South Korea, KR",0.9962117,35050682
2026-10-10T12:06:40.131139+00:00,vast.ai,marketplace,RTX 3060 Ti,0.1075925925925926,1,8.0,12.76175273,118.61175273,15.54,154.0,"Argentina, AR",0.9932081,53606754
2026-10-10T12:06:40.131139+00:00,vast.ai,marketplace,RTX A4000,0.10805555555555556,1,15.99,21.173752729999997,195.95475273,17.95,365.58511271327876,"Michigan, US",0.9795363,46301464
2026-10-10T12:06:40.131139+00:00,vast.ai,marketplace,RTX A4000,0.10805555555555556,1,15.99,21.19375273,196.13275273,23.57,67.25,"Delaware, US",0.9987047,48328449
2026-10-10T12:06:40.131139+00:00,vast.ai,marketplace,RTX 2060,0.10805555555555556,1,12.0,4.02675273,37.25975273,10.46,246.4,"South Korea, KR",0.9959925,49698955
2026-10-10T12:06:40.131139+00:00,vast.ai,marketplace,RTX 3080,0.10805555555555556,1,10.0,25.691752729999997,237.76175272999998,15.67,325.1,"South Korea, KR",0.9965533,45173972
2026-10-10T12:06:40.131139+00:00,vast.ai,marketplace,RTX 3080,0.10805555555555556,1,10.0,24.63575273,227.98575273,15.58,194.9,"Utah, US",0.9964659,50102832
2026-10-10T12:06:40.131139+00:00,vast.ai,marketplace,RTX 3080,0.10805555555555556,1,10.0,26.961752729999997,249.51175272999998,15.45,32.0,"South Korea, KR",0.9942633,51267685
2026-10-10T12:06:40.131139+00:00,vast.ai,marketplace,RTX 3080,0.10805555555555556,1,10.0,27.10875273,250.87875272999997,15.51,25.0,"South Korea, KR",0.9864044,53447819
2026-10-10T12:06:40.131139+00:00,vast.ai,marketplace,RTX 3080,0.10805555555555556,1,10.0,26.961752729999997,249.51175272999998,15.46,174.0,"South Korea, KR",0.9977707,48452971
2026-10-10T12:06:40.131139+00:00,vast.ai,marketplace,RTX 3080,0.10805555555555556,1,10.0,26.96575273,249.54775272999998,15.45,121.0,"South Korea, KR",0.9963126,51267694
2026-10-10T12:06:40.131139+00:00,vast.ai,marketplace,RTX 3060,0.10851851851851853,1,12.0,12.26475273,113.01975273000001,62.93,605.4,"United Kingdom, GB",0.9935283,34368680
2026-10-10T12:06:40.131139+00:00,vast.ai,marketplace,RTX 4060 Ti,0.10851851851851853,1,16.0,22.68175273,209.01375273,20.88,200.0,"Ohio, US",0.9759515,51630301
2026-10-10T12:06:40.131139+00:00,vast.ai,marketplace,RTX A4000,0.10898148148148148,1,15.99,21.18675273,194.40775273,47.22,238.83750000000015,"Estonia, EE",0.9925149,51587982
2026-10-10T12:06:40.131139+00:00,vast.ai,marketplace,Tesla V100,0.10898148148148148,1,16.0,20.174752729999998,185.11475273,43.19,680.0,"Texas, US",0.9835234,30970801
2026-10-10T12:06:40.131139+00:00,vast.ai,marketplace,RTX 3060,0.10898148148148148,1,12.0,12.40775273,113.84575273,62.82,747.5,"Norway, NO",0.9985255,34538917
2026-10-10T12:06:40.131139+00:00,vast.ai,marketplace,RTX A2000,0.10898148148148148,1,5.99,8.57475273,78.68275273,62.89,741.475,"Norway, NO",0.9974307,29318075
2026-10-10T12:06:40.131139+00:00,vast.ai,marketplace,RTX 4060 Ti,0.1126851851851852,1,16.0,22.51075273,199.76875273,31.47,168.2875,", US",0.9951974,42171796
2026-10-10T12:06:40.131139+00:00,vast.ai,marketplace,RTX A4000,0.11564814814814815,1,15.99,21.185752729999997,183.18675273,71.95,870.3,"Estonia, EE",0.989714,52396039
2026-10-10T12:06:40.131139+00:00,vast.ai,marketplace,RTX 3060 laptop,0.11785185185185186,1,12.0,12.781752730000001,108.45775273,15.59,320.85,"New Zealand, NZ",0.9962661,51286013
2026-10-10T12:06:40.131139+00:00,vast.ai,marketplace,RTX 3080 Ti,0.12064814814814816,1,12.0,34.43075273,285.37575273,15.68,143.25,"Germany, DE",0.975112,54200302
2026-10-10T12:06:40.131139+00:00,vast.ai,marketplace,RTX 3080 Ti,0.12064814814814816,1,12.0,32.673752730000004,270.81575273,11.7,81.5,"Poland, PL",0.9948059,51796616
2026-10-10T12:06:40.131139+00:00,vast.ai,marketplace,RTX 4060 Ti,0.1212962962962963,1,16.0,12.72475273,104.90775273,31.45,109.5,"Quebec, CA",0.9990746,54743894
2026-10-10T12:06:40.131139+00:00,vast.ai,marketplace,RTX A4000,0.1213888888888889,1,15.99,20.87375273,171.95675272999998,15.67,144.0,"Utah, US",0.9782704,50588425
2026-10-10T12:06:40.131139+00:00,vast.ai,marketplace,RTX 3080 Ti,0.1213888888888889,1,12.0,34.93475273,287.78775272999997,31.26,621.0,"Oregon, US",0.8887456,38475407
2026-10-10T12:06:40.131139+00:00,vast.ai,marketplace,RTX 3080 Ti,0.1213888888888889,1,12.0,33.929752730000004,279.50975273,31.44,37.0,"Quebec, CA",0.9879856,55099923
2026-10-10T12:06:40.131139+00:00,vast.ai,marketplace,RTX 3080 Ti,0.1213888888888889,1,12.0,29.735752729999998,244.96475273,15.67,176.25,"Taiwan, TW",0.9953139,50375372
2026-10-10T12:06:40.131139+00:00,vast.ai,marketplace,RTX 5060 Ti,0.1213888888888889,1,15.93,38.51075273,317.25075273,62.96,325.875,"Malaysia, MY",0.9857314,54584372
2026-10-10T12:06:40.131139+00:00,vast.ai,marketplace,RTX 3070 Ti,0.12231481481481482,1,8.0,18.31275273,149.72075273,31.41,357.25,"Norway, NO",0.9974798,36538839
2026-10-10T12:06:40.131139+00:00,vast.ai,marketplace,Tesla V100,0.12277777777777779,1,32.0,23.19275273,188.89575273,39.31,219.25,"United States, US",0.9756178,47619164
2026-10-10T12:06:40.131139+00:00,vast.ai,marketplace,Tesla V100,0.12277777777777779,1,32.0,23.19275273,188.89575273,39.31,250.55000000000004,"Nevada, US",0.9957756,49757628
2026-10-10T12:06:40.131139+00:00,vast.ai,marketplace,RTX 5060 Ti,0.12285185185185184,1,7.96,29.421752729999998,239.48875273,15.57,94.0,"Virginia, US",0.9942716,40931302
2026-10-10T12:06:40.131139+00:00,vast.ai,marketplace,RTX 4070 laptop,0.1251777777777778,1,8.0,8.08475273,64.58475273,30.64,173.0,"Romania, RO",0.9771349,53477141
2026-10-10T12:06:40.131139+00:00,vast.ai,marketplace,RTX 5060 Ti,0.1256111111111111,1,15.93,38.362752730000004,305.40575272999996,62.63,701.0,"Norway, NO",0.9584733,54328113
2026-10-10T12:06:40.131139+00:00,vast.ai,marketplace,RTX 4070S,0.12601851851851853,1,11.99,34.688752730000004,275.26775273,15.71,541.4499999999999,"Anhui, CN",0.9961764,49720135
2026-10-10T12:06:40.131139+00:00,vast.ai,marketplace,RTX 4070S,0.12601851851851853,1,11.99,34.70475273,275.39475273,11.78,150.125,"United States, US",0.973776,47671309
2026-10-10T12:06:40.131139+00:00,vast.ai,marketplace,RTX 4070S,0.12601851851851853,1,11.99,34.74775273,275.73175273,15.72,173.7375,"United States, US",0.9948412,46334492
2026-10-10T12:06:40.131139+00:00,vast.ai,marketplace,RTX 5060 Ti,0.12672222222222224,1,15.93,38.53875273,304.11575273,31.41,56.75,"Quebec, CA",0.9984871,53675106
2026-10-10T12:06:40.131139+00:00,vast.ai,marketplace,RTX 5060 Ti,0.12685185185185185,1,7.96,30.130752729999998,237.52275272999998,29.96,606.0,"India, IN",0.9488022,48558068
2026-10-10T12:06:40.131139+00:00,vast.ai,marketplace,RTX 5060 Ti,0.12685185185185185,1,15.93,38.51075273,303.58875273,29.96,482.0,"India, IN",0.9437754,50282300
2026-10-10T12:06:40.131139+00:00,vast.ai,marketplace,RTX 5060 Ti,0.12685185185185185,1,15.93,38.453752730000005,303.13975273,29.96,573.0,"India, IN",0.9394253,51103810
2026-10-10T12:06:40.131139+00:00,vast.ai,marketplace,RTX 3060,0.12778888888888887,1,12.0,10.771752730000001,84.29075273000001,15.6,252.0,"Spain, ES",0.9956474,49418523
2026-10-10T12:06:40.131139+00:00,vast.ai,marketplace,RTX 5060 Ti,0.12944444444444442,1,15.93,38.36975273,296.41375273,15.55,654.5,"Romania, RO",0.984969,54945121
2026-10-10T12:06:40.131139+00:00,vast.ai,marketplace,RTX 3060,0.1335,1,12.0,12.50775273,93.69075273,62.86,303.5,"New York, US",0.9793789,55195902
2026-10-10T12:06:40.131139+00:00,vast.ai,marketplace,RTX 3060,0.13425925925925924,1,12.0,12.26675273,91.36175273,251.98,970.9526524844612,"Norway, NO",0.9948792,54533024
2026-10-10T12:06:40.131139+00:00,vast.ai,marketplace,RTX 2080 Ti,0.13425925925925924,1,11.0,8.66675273,64.54975273000001,62.89,1368.343159123422,"Maryland, US",0.9989466,53776176
2026-10-10T12:06:40.131139+00:00,vast.ai,marketplace,RTX 5060 Ti,0.13425925925925924,1,15.93,38.31475273,285.37675272999996,62.93,1054.75,"Quebec, CA",0.9881494,54911189
2026-10-10T12:06:40.131139+00:00,vast.ai,marketplace,RTX 3060,0.13472222222222222,1,12.0,12.33775273,91.57775273,110.06,91.0,"Massachusetts, US",0.987744,50113631
2026-10-10T12:06:40.131139+00:00,vast.ai,marketplace,Titan V,0.13472222222222222,1,12.0,21.929752729999997,162.77475273,15.59,377.5,"South Korea, KR",0.9970616,52709206
2026-10-10T12:06:40.131139+00:00,vast.ai,marketplace,RTX 3080,0.13472222222222222,1,20.0,34.34775273,254.94675273,50.37,222.97104479094799,"Henan, CN",0.9956165,50005212
2026-10-10T12:06:40.131139+00:00,vast.ai,marketplace,RTX 3080,0.13472222222222222,1,10.0,4.5357527300000005,33.664752730000004,15.47,253.0,"Spain, ES",0.9858527,46441870
2026-10-10T12:06:40.131139+00:00,vast.ai,marketplace,RTX 3080,0.13472222222222222,1,10.0,25.82975273,191.72175273,15.57,232.0,"Austria, AT",0.9978229,47278881
2026-10-10T12:06:40.131139+00:00,vast.ai,marketplace,RTX 3080,0.13472222222222222,1,10.0,26.96075273,200.11675273,15.5,290.9000000000001,"Austria, AT",0.9940865,50662269
2026-10-10T12:06:40.131139+00:00,vast.ai,marketplace,RTX 4060 Ti,0.13472222222222222,1,16.0,22.633752729999998,167.99875272999998,31.18,305.2,"Kentucky, US",0.990341,37529335
2026-10-10T12:06:40.131139+00:00,vast.ai,marketplace,RTX 4060 Ti,0.13472222222222222,1,16.0,22.53575273,167.27075273,19.43,351.0,"Kentucky, US",0.9842655,40407013
2026-10-10T12:06:40.131139+00:00,vast.ai,marketplace,RTX 4060 Ti,0.13472222222222222,1,16.0,22.54775273,167.35975273,31.18,259.0,"Kentucky, US",0.9959661,53613031
2026-10-10T12:06:40.131139+00:00,vast.ai,marketplace,RTX 4060 Ti,0.13518518518518519,1,16.0,22.50475273,166.47475272999998,62.62,1466.0,"Texas, US",0.9606109,54228391
2026-10-10T12:06:40.131139+00:00,vast.ai,marketplace,RTX 4060 Ti,0.13518518518518519,1,16.0,22.522752729999997,166.60875273,31.33,1670.85,"Texas, US",0.9821843,54228390
2026-10-10T12:06:40.131139+00:00,vast.ai,marketplace,RTX 5060 Ti,0.13518518518518519,1,15.93,38.749752730000004,286.63875272999996,15.26,321.5,"Finland, FI",0.9948498,50915210
2026-10-10T12:06:40.131139+00:00,vast.ai,marketplace,RTX 4070,0.1361111111111111,1,11.99,33.80875273,248.39075272999997,20.96,95.40833333333337,"Washington, US",0.9993101,16213987
2026-10-10T12:06:40.131139+00:00,vast.ai,marketplace,RTX 5060 Ti,0.13796296296296295,1,15.93,38.630752730000005,280.00675272999996,31.32,593.0,"Texas, US",0.9964366,52793694
2026-10-10T12:06:40.131139+00:00,vast.ai,marketplace,RTX 4060 Ti,0.13858574992592593,1,16.0,22.49875273,162.34675273,23.57,137.125,"California, US",0.9717114,52442691
2026-10-10T12:06:40.131139+00:00,vast.ai,marketplace,RTX 3090,0.13935185185185184,1,24.0,44.60475273,320.08375273,31.44,134.5375,"United States, US",0.9774164,53644725
2026-10-10T12:06:40.131139+00:00,vast.ai,marketplace,RTX 3090,0.13935185185185184,1,24.0,43.84775273,314.65675273,35.98,170.65714285714284,"United States, US",0.9956384,49828277
2026-10-10T12:06:40.131139+00:00,vast.ai,marketplace,RTX 3090,0.13935185185185184,1,24.0,44.34475273,318.22375273,31.26,436.0,"California, US",0.9635469,54182246
2026-10-10T12:06:40.131139+00:00,vast.ai,marketplace,RTX 5060 Ti,0.14092592592592593,1,15.93,38.88775273,275.94375272999997,15.7,293.87851498144596,"British Columbia, CA",0.9924755,46481726
2026-10-10T12:06:40.131139+00:00,vast.ai,marketplace,RTX 3060 Ti,0.1429888888888889,1,8.0,11.55675273,80.81775273,7.61,261.0,"Spain, ES",0.9959787,46485962
2026-10-10T12:06:40.131139+00:00,vast.ai,marketplace,RTX 3080,0.14380555555555558,1,10.0,25.54475273,177.63075272999998,15.66,38.5,"France, FR",0.9901968,54447453
2026-10-10T12:06:40.131139+00:00,vast.ai,marketplace,RTX 5060 Ti,0.14405555555555555,1,15.93,38.38275273,266.44475273,31.44,64.35500835329518,"Poland, PL",0.9881647,51539905
2026-10-10T12:06:40.131139+00:00,vast.ai,marketplace,RTX 3080 Ti,0.14559259259259258,1,12.0,33.96975273,233.31975272999998,31.34,272.8,"Spain, ES",0.9951471,54292670
2026-10-10T12:06:40.131139+00:00,vast.ai,marketplace,RTX 3070,0.14703155555555555,1,8.0,16.281752729999997,110.73575273,20.93,95.00000000000001,"Oklahoma, US",0.9915069,53049417
2026-10-10T12:06:40.131139+00:00,vast.ai,marketplace,RTX 3080,0.14759259259259258,1,10.0,27.139752729999998,183.87975272999998,31.25,779.0,"Argentina, AR",0.9981724,29430929
2026-10-10T12:06:40.131139+00:00,vast.ai,marketplace,RTX 3080,0.14759259259259258,1,10.0,25.572752729999998,173.26775272999998,31.3,745.0,"Argentina, AR",0.9958862,29430969
2026-10-10T12:06:40.131139+00:00,vast.ai,marketplace,RTX 5060 Ti,0.14759259259259258,1,15.93,38.49175273,260.79875273,23.53,27.5,"Bulgaria, BG",0.993307,46881312
2026-10-10T12:06:40.131139+00:00,vast.ai,marketplace,RTX 5060 Ti,0.14782407407407408,1,15.93,38.389752730000005,259.69875272999997,31.36,313.5,"New Jersey, US",0.9975717,47407718
2026-10-10T12:06:40.131139+00:00,vast.ai,marketplace,RTX 4070,0.14805555555555555,1,11.99,33.718752730000006,227.74475273,62.73,20.0,"United Kingdom, GB",0.9907093,50598073
2026-10-10T12:06:40.131139+00:00,vast.ai,marketplace,Titan V,0.14805555555555555,1,12.0,21.927752729999998,148.09975272999998,15.59,368.5,"South Korea, KR",0.9979791,50869995
2026-10-10T12:06:40.131139+00:00,vast.ai,marketplace,RTX 4060 Ti,0.14805555555555555,1,8.0,18.00775273,121.62475273,31.18,648.0,"Mexico, MX",0.9982343,40180147
2026-10-10T12:06:40.131139+00:00,vast.ai,marketplace,RTX 3060 Ti,0.14805555555555555,1,8.0,13.85375273,93.57075273,110.12,62.0,"Massachusetts, US",0.9916552,46460412
2026-10-10T12:06:40.131139+00:00,vast.ai,marketplace,RTX 3060 Ti,0.14805555555555555,1,8.0,13.78275273,93.08775273,110.06,158.0,"Massachusetts, US",0.9482708,54508482
2026-10-10T12:06:40.131139+00:00,vast.ai,marketplace,RTX 3060 Ti,0.14805555555555555,1,8.0,13.78275273,93.08775273,94.31,136.0,"Massachusetts, US",0.9876797,51361323
2026-10-10T12:06:40.131139+00:00,vast.ai,marketplace,RTX 3060 Ti,0.14805555555555555,1,8.0,13.85075273,93.54975273000001,62.57,296.0,"Massachusetts, US",0.9545826,54370637
2026-10-10T12:06:40.131139+00:00,vast.ai,marketplace,RTX 3080,0.14805555555555555,1,10.0,26.955752729999997,182.06075273,27.52,357.49534173171264,"Norway, NO",0.993766,44685309
2026-10-10T12:06:40.131139+00:00,vast.ai,marketplace,RTX 4060 Ti,0.14805555555555555,1,16.0,22.60275273,152.66375273,125.96,606.5,"United Kingdom, GB",0.9972666,54048010
2026-10-10T12:06:40.131139+00:00,vast.ai,marketplace,Tesla V100,0.14805555555555555,1,32.0,25.71375273,173.67175272999998,39.28,781.15,"Utah, US",0.9854214,54056136
2026-10-10T12:06:40.131139+00:00,vast.ai,marketplace,RTX 5070 Ti,0.14805555555555555,1,15.92,55.22775273,373.02075272999997,15.66,180.25,"South Korea, KR",0.9934362,38752094
2026-10-10T12:06:40.131139+00:00,vast.ai,marketplace,RTX 5060 Ti,0.14805555555555555,1,15.93,38.389752730000005,259.29275272999996,23.47,352.5,"Denmark, DK",0.9915876,54255249
2026-10-10T12:06:40.131139+00:00,vast.ai,marketplace,RTX 5060 Ti,0.14805555555555555,1,15.93,38.34875273,259.01575273,31.46,344.875,"Connecticut, US",0.9954431,49816736
2026-10-10T12:06:40.131139+00:00,vast.ai,marketplace,RTX 5060 Ti,0.14851851851851852,1,7.96,30.11475273,202.76375273,23.47,801.45,"Virginia, US",0.9027561,54958013
2026-10-10T12:06:40.131139+00:00,vast.ai,marketplace,RTX 5060 Ti,0.1512962962962963,1,15.93,38.38275273,253.69275273,31.26,702.0,"Illinois, US",0.9823097,51526997
2026-10-10T12:06:40.131139+00:00,vast.ai,marketplace,RTX 3090,0.15268518518518517,1,24.0,43.77175273,286.67875273,53.96,289.2857142857143,"United States, US",0.9777062,48317506
2026-10-10T12:06:40.131139+00:00,vast.ai,marketplace,RTX 3090,0.15268518518518517,1,24.0,44.36475273,290.56375273,23.59,324.375,"United States, US",0.9892129,43751732
2026-10-10T12:06:40.131139+00:00,vast.ai,marketplace,RTX 3090,0.15268518518518517,1,24.0,44.34475273,290.43375273,31.46,376.375,"United States, US",0.9876308,44375073
2026-10-10T12:06:40.131139+00:00,vast.ai,marketplace,RTX 5060 Ti,0.15537777777777778,1,15.93,38.44275273,247.41075272999998,125.78,1418.3905534562127,"Texas, US",0.9980165,32097994
2026-10-10T12:06:40.131139+00:00,vast.ai,marketplace,RTX 4070,0.15564814814814817,1,11.99,33.65775273,216.23775272999998,125.78,701.45,"Colorado, US",0.9938358,45140321
2026-10-10T12:06:40.131139+00:00,vast.ai,marketplace,RTX 4000Ada,0.16092592592592592,1,20.0,31.25975273,194.24875272999998,31.39,321.5,"Romania, RO",0.9961699,54823468
2026-10-10T12:06:40.131139+00:00,vast.ai,marketplace,RTX 5060 Ti,0.16092592592592592,1,15.93,38.31475273,238.08775272999998,31.44,152.73750000000007,"Australia, AU",0.9978528,54073763
2026-10-10T12:06:40.131139+00:00,vast.ai,marketplace,RTX 4000Ada,0.16101851851851853,1,20.0,31.371752729999997,194.83175272999998,41.88,530.3333333333333,"Romania, RO",0.9777865,53673195
2026-10-10T12:06:40.131139+00:00,vast.ai,marketplace,RTX 5060 Ti,0.16115740740740742,1,15.93,38.496752730000004,238.87875272999997,31.36,1106.5,"New Jersey, US",0.9959895,47405019
2026-10-10T12:06:40.131139+00:00,vast.ai,marketplace,RTX 5060 Ti,0.16115740740740742,1,15.93,38.37575273,238.12775273,23.38,397.0,"New Jersey, US",0.9961307,53274772
2026-10-10T12:06:40.131139+00:00,vast.ai,marketplace,RTX A4000,0.1613888888888889,1,15.99,21.19675273,131.33775272999998,125.78,442.81319611116464,"Japan, JP",0.9885666,48607918
2026-10-10T12:06:40.131139+00:00,vast.ai,marketplace,RTX 4060 Ti,0.1613888888888889,1,8.0,18.02175273,111.66375273,31.18,671.0,"Mexico, MX",0.9971731,54254159
2026-10-10T12:06:40.131139+00:00,vast.ai,marketplace,RTX 4060 Ti,0.1613888888888889,1,16.0,22.51075273,139.48275273,15.63,157.0,"Ireland, IE",0.9963358,53187518
2026-10-10T12:06:40.131139+00:00,vast.ai,marketplace,Tesla V100,0.1613888888888889,1,32.0,23.19275273,143.70375273,31.45,234.52499999999998,"British Columbia, CA",0.9802811,45783726
2026-10-10T12:06:40.131139+00:00,vast.ai,marketplace,RTX 5070 Ti,0.1613888888888889,1,15.92,53.76575273,333.14375272999996,15.67,70.0,"South Korea, KR",0.9932591,38692155
2026-10-10T12:06:40.131139+00:00,vast.ai,marketplace,RTX 5070 Ti,0.1613888888888889,1,15.92,53.758752730000005,333.10175273,15.67,77.5,"South Korea, KR",0.9891789,45957836
2026-10-10T12:06:40.131139+00:00,vast.ai,marketplace,RTX 5070 Ti,0.1613888888888889,1,15.92,54.59175273,338.26175273,15.67,235.25,"South Korea, KR",0.9922441,38751876
2026-10-10T12:06:40.131139+00:00,vast.ai,marketplace,RTX 5060 Ti,0.1613888888888889,1,15.93,38.551752730000004,238.87575273,30.81,167.5,"France, FR",0.9972778,45637386
2026-10-10T12:06:40.131139+00:00,vast.ai,marketplace,RTX 3080,0.16185185185185186,1,10.0,26.44875273,163.41275273,15.55,318.0,"Austria, AT",0.9852536,52468283
2026-10-10T12:06:40.131139+00:00,vast.ai,marketplace,RTX 3060 Ti,0.16231481481481483,1,8.0,13.77575273,84.87175273,62.96,352.83750000000003,"Norway, NO",0.9939241,53038585
2026-10-10T12:06:40.131139+00:00,vast.ai,marketplace,RTX 4060 Ti,0.16231481481481483,1,16.0,22.560752729999997,138.99175273,62.96,80.25,"Norway, NO",0.9973153,31011000
2026-10-10T12:06:40.131139+00:00,vast.ai,marketplace,RTX 5060 Ti,0.16231481481481483,1,15.93,38.35575273,236.30375272999999,41.89,551.6666666666666,"France, FR",0.9841158,52554316
2026-10-10T12:06:40.131139+00:00,vast.ai,marketplace,RTX 3080,0.1645185185185185,1,10.0,20.156752729999997,122.52175273,10.4,136.0,"Spain, ES",0.993219,50715181
2026-10-10T12:06:40.131139+00:00,vast.ai,marketplace,RTX 3060 Ti,0.16485555555555556,1,8.0,11.72975273,71.14875273,31.23,258.0,"Spain, ES",0.9959643,45010918
2026-10-10T12:06:40.131139+00:00,vast.ai,marketplace,RTX 3060,0.16722222222222222,1,12.0,12.26675273,73.35675273,251.87,1733.5,"Quebec, CA",0.9949587,54502208
2026-10-10T12:06:40.131139+00:00,vast.ai,marketplace,RTX 3080,0.16805555555555554,1,10.0,26.96075273,160.42375273,31.14,112.0,"Argentina, AR",0.9871405,45863091
2026-10-10T12:06:40.131139+00:00,vast.ai,marketplace,RTX 3070,0.17205555555555554,1,8.0,16.27975273,94.61775273,188.63,1778.3,"Quebec, CA",0.9985032,54534174
2026-10-10T12:06:40.131139+00:00,vast.ai,marketplace,RTX 4060 Ti,0.17425925925925925,1,16.0,22.48075273,129.00775273,31.19,142.0,"Argentina, AR",0.980559,54039597
2026-10-10T12:06:40.131139+00:00,vast.ai,marketplace,RTX 3070 Ti,0.17472222222222222,1,8.0,18.209752729999998,104.22175273,62.57,268.0,"Massachusetts, US",0.9945998,44162569
2026-10-10T12:06:40.131139+00:00,vast.ai,marketplace,RTX 3070,0.17500000000000002,1,8.0,12.13875273,69.36275273,11.7,45.5,"Spain, ES",0.9902117,54782067
2026-10-10T12:06:40.131139+00:00,vast.ai,marketplace,RTX 3080 Ti,0.1751851851851852,1,12.0,30.563752729999997,174.46275272999998,31.3,356.0,"Ukraine, UA",0.9850053,50044294
2026-10-10T12:06:40.131139+00:00,vast.ai,marketplace,RTX 5060 Ti,0.1751851851851852,1,15.93,38.90875273,222.09975272999998,47.04,1648.35,"Texas, US",0.9903866,54228214
2026-10-10T12:06:40.131139+00:00,vast.ai,marketplace,RTX 3060 Ti,0.17564814814814816,1,8.0,13.77475273,78.42075273,62.88,731.1,"North Macedonia, MK",0.9504145,54461131
2026-10-10T12:06:40.131139+00:00,vast.ai,marketplace,RTX 5060 Ti,0.17564814814814816,1,15.93,38.307752730000004,218.09275273,31.44,677.625,"Norway, NO",0.9961487,29204630
2026-10-10T12:06:40.131139+00:00,vast.ai,marketplace,RTX 3090,0.17587962962962964,1,24.0,36.23375273,206.01375273,31.32,245.5,"Quebec, CA",0.9922442,11997121
2026-10-10T12:06:40.131139+00:00,vast.ai,marketplace,RTX 3090,0.17587962962962964,1,24.0,41.904752730000006,238.25575272999998,31.34,281.0,"Quebec, CA",0.9945015,49745114
2026-10-10T12:06:40.131139+00:00,vast.ai,marketplace,RTX 5060 Ti,0.1773888888888889,1,15.93,38.89475273,219.26175272999998,62.94,246.08631942546418,"Germany, DE",0.9977812,44053746
2026-10-10T12:06:40.131139+00:00,vast.ai,marketplace,RTX 4060 Ti,0.17825925925925926,1,16.0,22.51075273,126.28175273000001,46.99,721.5,"Japan, JP",0.9970949,50710712
2026-10-10T12:06:40.131139+00:00,vast.ai,marketplace,RTX 4060 Ti,0.18074074074074076,1,16.0,22.516752729999997,124.58175273,251.88,748.0,"Germany, DE",0.998745,49407384
2026-10-10T12:06:40.131139+00:00,vast.ai,marketplace,RTX 3080,0.1817259259259259,1,10.0,24.81175273,136.53275273,62.79,299.0,"Spain, ES",0.9861614,54738116
2026-10-10T12:06:40.131139+00:00,vast.ai,marketplace,RTX 5070,0.18731481481481482,1,11.94,50.185752730000004,267.91975272999997,62.97,1313.25,"Quebec, CA",0.9846862,54877115
2026-10-10T12:06:40.131139+00:00,vast.ai,marketplace,RTX 3090,0.1875925925925926,1,24.0,44.368752730000004,236.51575272999997,26.51,215.30521165988134,"Bulgaria, BG",0.9435284,50092472
2026-10-10T12:06:40.131139+00:00,vast.ai,marketplace,RTX A5000,0.18805555555555556,1,23.99,35.34475273,187.94875273,47.14,712.75,"Australia, AU",0.9988281,23307645
2026-10-10T12:06:40.131139+00:00,vast.ai,marketplace,RTX A5000,0.18805555555555556,1,23.99,35.34475273,187.94875273,94.38,667.675,"Australia, AU",0.9794824,11925445
2026-10-10T12:06:40.131139+00:00,vast.ai,marketplace,RTX 3090,0.18805555555555556,1,24.0,44.36675273,235.91975273,125.88,67.0,"Thailand, TH",0.9196725,51567297
2026-10-10T12:06:40.131139+00:00,vast.ai,marketplace,RTX 4060 Ti,0.18805555555555556,1,16.0,22.93075273,121.93375273000001,62.87,1515.025,"Utah, US",0.9967663,49992670
2026-10-10T12:06:40.131139+00:00,vast.ai,marketplace,RTX 3080,0.18811111111111112,1,10.0,26.961752729999997,143.32575272999998,31.26,820.0,"Argentina, AR",0.9976001,29430973
2026-10-10T12:06:40.131139+00:00,vast.ai,marketplace,RTX 3090,0.18851851851851853,1,24.0,40.83275273,216.59575273,62.52,211.33333333333331,"Poland, PL",0.9978918,31250690
2026-10-10T12:06:40.131139+00:00,vast.ai,marketplace,RTX 4070S Ti,0.18851851851851853,1,15.99,51.25175273,271.86375273,50.34,284.8,"Bulgaria, BG",0.9864917,53719523
2026-10-10T12:06:40.131139+00:00,vast.ai,marketplace,RTX 5070,0.18851851851851853,1,11.94,50.334752730000005,267.00175272999996,23.26,349.5,"France, FR",0.9880955,52810517
2026-10-10T12:06:40.131139+00:00,vast.ai,marketplace,RTX 4070,0.18950000000000003,1,11.99,31.246752729999997,164.89075272999997,62.86,733.0,"New York, US",0.9975602,55195825
2026-10-10T12:06:40.131139+00:00,vast.ai,marketplace,RTX 5060 Ti,0.19345925925925925,1,15.93,38.46075273,198.80475273,31.36,837.9,"Japan, JP",0.965493,52992623
2026-10-10T12:06:40.131139+00:00,vast.ai,marketplace,RTX 3090,0.19453703703703704,1,24.0,47.83975273,245.91675272999998,31.43,286.25,"Ontario, CA",0.9760322,54595647
2026-10-10T12:06:40.131139+00:00,vast.ai,marketplace,RTX 3090,0.1947222222222222,1,24.0,44.359752730000004,227.80875272999998,31.29,182.0,"France, FR",0.9911834,51587882
2026-10-10T12:06:40.131139+00:00,vast.ai,marketplace,RTX 5060 Ti,0.2011111111111111,1,15.93,38.40375273,190.95575273,125.93,1346.8591605840593,"Norway, NO",0.9914742,54500708
2026-10-10T12:06:40.131139+00:00,vast.ai,marketplace,RTX 4060 Ti,0.2012037037037037,1,16.0,22.52975273,111.97175273,125.88,711.6525000000001,"Norway, NO",0.9882348,47588724
2026-10-10T12:06:40.131139+00:00,vast.ai,marketplace,RTX 3090,0.20138888888888887,1,24.0,44.84775273,222.68875272999998,31.42,748.75,"Argentina, AR",0.9149508,48046980
2026-10-10T12:06:40.131139+00:00,vast.ai,marketplace,RTX 3090,0.20138888888888887,1,24.0,44.36675273,220.30075273,31.46,290.575,", CN",0.9978096,45174331
2026-10-10T12:06:40.131139+00:00,vast.ai,marketplace,RTX 4000Ada,0.20138888888888887,1,20.0,31.252752729999997,155.18575273,31.41,364.5,"Hungary, HU",0.9986211,36173713
2026-10-10T12:06:40.131139+00:00,vast.ai,marketplace,RTX 3080,0.20138888888888887,1,10.0,27.11175273,134.62475272999998,31.32,406.0,"Taiwan, TW",0.9992395,35966568
2026-10-10T12:06:40.131139+00:00,vast.ai,marketplace,RTX 3080,0.20138888888888887,1,10.0,26.685752729999997,132.50875273,15.66,206.0,"Taiwan, TW",0.9989667,34092774
2026-10-10T12:06:40.131139+00:00,vast.ai,marketplace,RTX 3080,0.20138888888888887,1,10.0,27.00775273,134.10675272999998,15.59,387.0,"Taiwan, TW",0.9914851,50519288
2026-10-10T12:06:40.131139+00:00,vast.ai,marketplace,RTX 3080,0.20138888888888887,1,10.0,27.249752729999997,135.30575273,15.59,338.0,"Taiwan, TW",0.9984707,37206301
2026-10-10T12:06:40.131139+00:00,vast.ai,marketplace,Tesla V100,0.20138888888888887,1,32.0,25.711752729999997,127.67075273,62.82,585.5,"Colorado, US",0.9935591,54179180
2026-10-10T12:06:40.131139+00:00,vast.ai,marketplace,RTX 5060 Ti,0.20138888888888887,1,15.93,38.52475273,191.29375273,125.79,497.70000000000005,"Quebec, CA",0.9970796,54579201
2026-10-10T12:06:40.131139+00:00,vast.ai,marketplace,RTX 5070,0.20138888888888887,1,11.94,50.343752730000006,249.98175272999998,31.36,200.0,"Texas, US",0.9905386,49008837
2026-10-10T12:06:40.131139+00:00,vast.ai,marketplace,RTX 5070,0.20138888888888887,1,11.94,49.993752730000004,248.24275272999998,62.72,592.0,"Texas, US",0.9965018,54313979
2026-10-10T12:06:40.131139+00:00,vast.ai,marketplace,RTX 3090,0.20272222222222222,1,24.0,36.95275273,182.28175273,20.93,113.5,"Taiwan, TW",0.9974958,35957820
2026-10-10T12:06:40.131139+00:00,vast.ai,marketplace,RTX 3080 Ti,0.20272222222222222,1,12.0,34.523752730000005,170.29975273,30.47,631.0,"Switzerland, CH",0.9700762,55005917
2026-10-10T12:06:40.131139+00:00,vast.ai,marketplace,RTX 4080S,0.20759259259259258,1,15.99,12.04675273,58.02775273,20.89,68.02903611105167,"California, US",0.991389,55145097
2026-10-10T12:06:40.131139+00:00,vast.ai,marketplace,RTX 5060 Ti,0.21379629629629632,1,15.93,38.37575273,179.49775273,125.94,10188.281763232575,"Denmark, DK",0.9929778,54491069
2026-10-10T12:06:40.131139+00:00,vast.ai,marketplace,RTX 3090,0.21425925925925926,1,24.0,48.343752730000006,225.63075272999998,62.85,1240.2,"Latvia, LV",0.9287831,54468718
2026-10-10T12:06:40.131139+00:00,vast.ai,marketplace,RTX 5070,0.21425925925925926,1,11.94,50.04475273,233.56975272999998,62.67,660.0,"Nevada, US",0.9962999,55071605
2026-10-10T12:06:40.131139+00:00,vast.ai,marketplace,RTX 4000Ada,0.21472222222222223,1,20.0,31.322752729999998,145.87475272999998,62.88,411.5,"France, FR",0.7762311,55175795
2026-10-10T12:06:40.131139+00:00,vast.ai,marketplace,Titan RTX,0.21472222222222223,1,24.0,12.05775273,56.15275273,31.32,340.0,"South Korea, KR",0.9986537,50736360
2026-10-10T12:06:40.131139+00:00,vast.ai,marketplace,RTX 3080 Ti,0.21472222222222223,1,12.0,32.33075273,150.56875273,15.66,202.0,"Taiwan, TW",0.999511,49746675
2026-10-10T12:06:40.131139+00:00,vast.ai,marketplace,RTX 3080 Ti,0.21472222222222223,1,12.0,34.52175273,160.77175272999997,15.59,345.0,"Taiwan, TW",0.998629,40734395
2026-10-10T12:06:40.131139+00:00,vast.ai,marketplace,RTX 3080 Ti,0.21472222222222223,1,12.0,34.52175273,160.77175272999997,15.59,294.0,"Taiwan, TW",0.9982386,42962386
2026-10-10T12:06:40.131139+00:00,vast.ai,marketplace,RTX 5070,0.21472222222222223,1,11.94,49.89475273,232.36675273,23.53,326.25,"Poland, PL",0.9928879,55014527
2026-10-10T12:06:40.131139+00:00,vast.ai,marketplace,RTX 5070,0.21472222222222223,1,11.94,49.999752730000004,232.85575272999998,31.41,151.75,"Connecticut, US",0.9926762,51996964
2026-10-10T12:06:40.131139+00:00,vast.ai,marketplace,RTX 3090,0.21564814814814817,1,24.0,44.60575273,206.84475272999998,31.41,576.2355840413287,"Estonia, EE",0.9955733,45558037
2026-10-10T12:06:40.131139+00:00,vast.ai,marketplace,RTX 4070S Ti,0.21583333333333335,1,15.99,51.484752730000004,238.53875273,31.35,1654.85,"Texas, US",0.9900109,54228159
2026-10-10T12:06:40.131139+00:00,vast.ai,marketplace,Tesla V100,0.2188888888888889,1,32.0,25.71375273,117.47075273,62.87,1623.0,"Bulgaria, BG",0.9864316,35822236
2026-10-10T12:06:40.131139+00:00,vast.ai,marketplace,RTX 5080,0.21935185185185185,1,15.92,83.36075273,380.03275272999997,31.46,176.25,"California, US",0.9897278,54815251
2026-10-10T12:06:40.131139+00:00,vast.ai,marketplace,RTX 4070S,0.21968219392592592,1,11.99,34.71075273,158.00175273,23.56,400.725,"California, US",0.9572592,54153931
2026-10-10T12:06:40.131139+00:00,vast.ai,marketplace,RTX 4070S,0.21990840325925926,1,11.99,34.731752730000004,157.93575273,15.68,376.25,"California, US",0.9913574,51485188
2026-10-10T12:06:40.131139+00:00,vast.ai,marketplace,RTX 4060 Ti,0.2253888888888889,1,16.0,22.50475273,99.84975273,62.94,251.95,"Quebec, CA",0.9983457,49744628
2026-10-10T12:06:40.131139+00:00,vast.ai,marketplace,RTX 4060 Ti,0.2253888888888889,1,16.0,22.53575273,99.98275273,62.89,735.25,"Quebec, CA",0.9981325,49645016
2026-10-10T12:06:40.131139+00:00,vast.ai,marketplace,RTX 3090,0.22805555555555557,1,24.0,44.34475273,194.44875273,35.93,152.7142857142857,"Taiwan, TW",0.9922005,54665075
2026-10-10T12:06:40.131139+00:00,vast.ai,marketplace,Titan RTX,0.22805555555555557,1,24.0,12.05775273,52.86975273,15.59,352.5,"South Korea, KR",0.9976669,50869877
2026-10-10T12:06:40.131139+00:00,vast.ai,marketplace,RTX 5060 Ti,0.22805555555555557,1,15.93,38.43075273,168.51475273,62.94,1033.901977797873,"Texas, US",0.9993752,49766583
2026-10-10T12:06:40.131139+00:00,vast.ai,marketplace,RTX A5000,0.23170370370370372,1,23.99,34.91875273,150.70175272999998,100.7,21.200000000000003,"Ireland, IE",0.9978136,9817740
2026-10-10T12:06:40.131139+00:00,vast.ai,marketplace,RTX A5000,0.23205555555555557,1,23.99,34.91575273,150.46275272999998,100.71,33.4,"Romania, RO",0.9953871,13273598
2026-10-10T12:06:40.131139+00:00,vast.ai,marketplace,RTX 4070S Ti,0.240462962962963,1,15.99,51.020752730000005,212.17775272999998,62.94,274.375,"Arizona, US",0.993444,54598984
2026-10-10T12:06:40.131139+00:00,vast.ai,marketplace,RTX 4070S,0.24131263925925922,1,11.99,34.71075273,143.83875272999998,15.7,175.625,"California, US",0.9852624,52442794
2026-10-10T12:06:40.131139+00:00,vast.ai,marketplace,RTX 3090,0.2413888888888889,1,24.0,44.65375273,184.98475273,31.32,286.5,"South Korea, KR",0.9957886,50704389
2026-10-10T12:06:40.131139+00:00,vast.ai,marketplace,RTX 3080,0.24185185185185187,1,10.0,27.11175273,112.10175273,15.59,358.0,"Florida, US",0.9962806,54409805
2026-10-10T12:06:40.131139+00:00,vast.ai,marketplace,RTX 5070,0.2427777777777778,1,11.94,50.173752730000004,206.66575272999998,15.26,1478.0,"Ukraine, UA",0.9782272,55190029
2026-10-10T12:06:40.131139+00:00,vast.ai,marketplace,RTX 3090,0.24805555555555553,1,24.0,44.60275273,179.81075273,23.28,82.0,"Kosovo, XK",0.98957,48851105
2026-10-10T12:06:40.131139+00:00,vast.ai,marketplace,Tesla V100,0.24938888888888888,1,32.0,25.71375273,103.10475273,94.14,1056.75,"Minnesota, US",0.9995895,17928797
2026-10-10T12:06:40.131139+00:00,vast.ai,marketplace,RTX 3090,0.25170370370370376,1,24.0,44.60175273,177.19875273,100.72,44.800000000000004,"Ireland, IE",0.9988904,9107055
2026-10-10T12:06:40.131139+00:00,vast.ai,marketplace,RTX 3090,0.2533888888888889,1,24.0,44.343752730000006,175.00275273,31.44,266.875,"Thailand, TH",0.9820556,49290342
2026-10-10T12:06:40.131139+00:00,vast.ai,marketplace,RTX 3090,0.25385185185185183,1,24.0,44.142752730000005,173.88875273,26.18,216.66666666666666,"Spain, ES",0.9777824,55173682
2026-10-10T12:06:40.131139+00:00,vast.ai,marketplace,RTX 3090,0.25385185185185183,1,24.0,36.73075273,144.69175273,31.37,708.0,"Spain, ES",0.8617177,55170116
2026-10-10T12:06:40.131139+00:00,vast.ai,marketplace,Q RTX 8000,0.25425925925925924,1,45.0,11.59075273,45.584752730000005,47.22,81.875,"Indiana, US",0.9973224,24936699
2026-10-10T12:06:40.131139+00:00,vast.ai,marketplace,RTX PRO 4000,0.25471955555555553,1,23.89,66.81475273,262.30475272999996,62.92,597.5,"Quebec, CA",0.9973112,52493307
2026-10-10T12:06:40.131139+00:00,vast.ai,marketplace,RTX PRO 4000,0.2547222222222222,1,23.89,65.71675273,257.99275273,62.88,18.0,"South Korea, KR",0.9975219,53534354
2026-10-10T12:06:40.131139+00:00,vast.ai,marketplace,RTX 3090,0.25914546807407407,1,24.0,44.36475273,171.19675273,31.41,216.67500000000027,"California, US",0.9501098,52591890
2026-10-10T12:06:40.131139+00:00,vast.ai,marketplace,Q RTX 8000,0.26731481481481484,1,48.0,11.85575273,44.34875273,94.13,520.5,", US",0.9993146,29525112
2026-10-10T12:06:40.131139+00:00,vast.ai,marketplace,RTX 5060 Ti,0.2677777777777778,1,15.93,38.81775273,144.96375272999998,503.88,705.0,"Texas, US",0.9942356,53710921
2026-10-10T12:06:40.131139+00:00,vast.ai,marketplace,RTX 3090,0.26805555555555555,1,24.0,37.77875273,140.93575273,31.37,62.5,"Ontario, CA",0.9470718,52513851
2026-10-10T12:06:40.131139+00:00,vast.ai,marketplace,RTX 3090,0.26805555555555555,1,24.0,35.06275273,130.80475273,31.36,31.0,"Quebec, CA",0.9952963,53187187
2026-10-10T12:06:40.131139+00:00,vast.ai,marketplace,RTX 4080,0.26805555555555555,1,15.99,52.36475273,195.34775273,31.25,1302.0,"Norway, NO",0.9926924,51095354
2026-10-10T12:06:40.131139+00:00,vast.ai,marketplace,RTX 4080,0.26805555555555555,1,15.99,53.173752730000004,198.36775272999998,23.45,1501.5,"North Carolina, US",0.9930253,39750750
2026-10-10T12:06:40.131139+00:00,vast.ai,marketplace,RTX 3080 Ti,0.26805555555555555,1,12.0,33.968752730000006,126.72275273,31.19,725.2,"Florida, US",0.9960541,54705057
2026-10-10T12:06:40.131139+00:00,vast.ai,marketplace,RTX 5070 Ti,0.26805555555555555,1,15.92,75.92675273,283.25075273,15.59,281.0,"South Korea, KR",0.9975631,50736270
2026-10-10T12:06:40.131139+00:00,vast.ai,marketplace,RTX 5060 Ti,0.26805555555555555,1,15.93,38.50375273,143.64175272999998,62.88,236.50177306560659,"Texas, US",0.9923658,51483443
2026-10-10T12:06:40.131139+00:00,vast.ai,marketplace,RTX PRO 4000,0.2683333333333333,1,23.89,65.78875273,245.17375273,30.2,9.0,"Puerto Rico, PR",0.9914976,44170201
2026-10-10T12:06:40.131139+00:00,vast.ai,marketplace,RTX 4060 Ti,0.2685185185185185,1,16.0,22.51075273,83.83375273,124.44,514.0508865328034,"Texas, US",0.998336,37119331
2026-10-10T12:06:40.131139+00:00,vast.ai,marketplace,RTX 5060 Ti,0.2689814814814815,1,15.93,38.43775273,142.89975273,125.61,1450.0,"Norway, NO",0.9969577,36901083
2026-10-10T12:06:40.131139+00:00,vast.ai,marketplace,RTX PRO 4000,0.2689814814814815,1,23.89,65.75275273,244.44975273,41.92,503.0,"France, FR",0.9961665,47658254
2026-10-10T12:06:40.131139+00:00,vast.ai,marketplace,RTX PRO 4000,0.2689814814814815,1,23.89,65.76475273,244.49375272999998,41.92,331.0,"Ontario, CA",0.996248,44205407
2026-10-10T12:06:40.131139+00:00,vast.ai,marketplace,RTX A5000,0.26944444444444443,1,22.49,31.798752729999997,118.01575273,47.19,48.875,"Delaware, US",0.9996547,45242052
2026-10-10T12:06:40.131139+00:00,vast.ai,marketplace,RTX 3090,0.26944444444444443,1,24.0,44.36375273,164.64775272999998,31.23,97.0,"Florida, US",0.9925952,54848307
2026-10-10T12:06:40.131139+00:00,vast.ai,marketplace,RTX 3090,0.26944444444444443,1,24.0,44.368752730000004,164.66775273,62.62,1435.4,"Texas, US",0.9450663,54228079
2026-10-10T12:06:40.131139+00:00,vast.ai,marketplace,Q RTX 8000,0.26944444444444443,1,45.0,11.59075273,43.01575273,62.89,596.0,"Delaware, US",0.9990045,45242099
2026-10-10T12:06:40.131139+00:00,vast.ai,marketplace,RTX PRO 4000,0.26990740740740743,1,23.89,65.72875273,243.52175272999997,62.91,226.02499999999998,"Utah, US",0.9909883,47510359
2026-10-10T12:06:40.131139+00:00,vast.ai,marketplace,RTX 5060 Ti,0.2708333333333333,1,15.93,38.36975273,141.67075272999998,31.26,167.0,"Washington, US",0.9955628,54964178
2026-10-10T12:06:40.131139+00:00,vast.ai,marketplace,RTX 3060,0.2712555555555555,1,12.0,12.27375273,45.24775273,15.73,157.7016245994193,"Czechia, CZ",0.9991184,46528521
2026-10-10T12:06:40.131139+00:00,vast.ai,marketplace,Q RTX 8000,0.2813888888888889,1,48.0,11.85575273,42.130752730000005,94.31,120.25,", US",0.998954,36845173
2026-10-10T12:06:40.131139+00:00,vast.ai,marketplace,RTX 5080,0.2813888888888889,1,15.92,8.66175273,30.78275273,31.25,685.0,"Argentina, AR",0.9680234,33413202
2026-10-10T12:06:40.131139+00:00,vast.ai,marketplace,RTX PRO 4000,0.2827777777777778,1,23.89,65.77675273,232.60775273,62.88,538.25,"Slovakia, SK",0.9977061,45623846
2026-10-10T12:06:40.131139+00:00,vast.ai,marketplace,RTX 5080,0.28990740740740745,1,15.92,67.77475273,233.77875272999998,31.44,476.375,"North Carolina, US",0.8843862,55067461
2026-10-10T12:06:40.131139+00:00,vast.ai,marketplace,RTX PRO 4000,0.28990740740740745,1,23.89,56.697752730000005,195.57175273,31.44,530.625,"North Carolina, US",0.9895626,55141570
2026-10-10T12:06:40.131139+00:00,vast.ai,marketplace,RTX 4080S,0.2902813419259259,1,15.99,55.64175273,191.68075273,23.57,355.8565391298565,"California, US",0.9925379,47959563
2026-10-10T12:06:40.131139+00:00,vast.ai,marketplace,RTX 3090,0.2942592592592593,1,24.0,44.16175273,150.07775273,31.43,428.5,"Czechia, CZ",0.959335,20375216
2026-10-10T12:06:40.131139+00:00,vast.ai,marketplace,RTX 3090,0.2942592592592593,1,24.0,44.36775273,150.77675273,41.92,54.33333333333333,"Czechia, CZ",0.9751722,18811404
2026-10-10T12:06:40.131139+00:00,vast.ai,marketplace,RTX 3090,0.2942592592592593,1,24.0,42.231752730000004,143.51675272999998,20.94,140.66666666666666,"Czechia, CZ",0.9557897,31013677
2026-10-10T12:06:40.131139+00:00,vast.ai,marketplace,RTX 3090,0.2947222222222222,1,24.0,44.34875273,150.47775273,62.68,1605.6,"Washington, US",0.9709021,54262297
2026-10-10T12:06:40.131139+00:00,vast.ai,marketplace,RTX 5080,0.2947222222222222,1,15.92,83.78475273000001,284.28375273,62.8,284.5,"Australia, AU",0.9873919,55132515
2026-10-10T12:06:40.131139+00:00,vast.ai,marketplace,RTX 5070 Ti,0.2961111111111111,1,15.92,65.15975273000001,220.05275272999998,31.28,345.0,"Arizona, US",0.9919958,51987082
2026-10-10T12:06:40.131139+00:00,vast.ai,marketplace,RTX 3090,0.3013888888888889,1,24.0,44.834752730000005,148.76175272999998,31.41,373.45,"New York, US",0.9941528,54335453
2026-10-10T12:06:40.131139+00:00,vast.ai,marketplace,RTX 3090,0.3018518518518518,1,24.0,44.234752730000004,146.54575272999998,31.36,347.0,"Norway, NO",0.9990226,55005406
2026-10-10T12:06:40.131139+00:00,vast.ai,marketplace,RTX 3090,0.3018518518518518,1,24.0,41.560752730000004,137.68575273,31.37,740.5,"Norway, NO",0.9864886,55005129
2026-10-10T12:06:40.131139+00:00,vast.ai,marketplace,RTX 3090,0.30736111111111114,1,24.0,44.36375273,144.33675273,31.4,1346.7640362919487,"Quebec, CA",0.9781009,54640906
2026-10-10T12:06:40.131139+00:00,vast.ai,marketplace,RTX 5080,0.3080555555555556,1,15.92,83.67075273,271.60975272999997,47.1,629.0,"Slovakia, SK",0.9798316,46862985
2026-10-10T12:06:40.131139+00:00,vast.ai,marketplace,RTX PRO 4000,0.3080555555555556,1,23.89,65.74075273,213.40475272999998,32.39,2007.6171645701781,"Australia, AU",0.9974799,55116095
2026-10-10T12:06:40.131139+00:00,vast.ai,marketplace,RTX 3080 Ti,0.3085185185185185,1,12.0,34.700752730000005,112.47575273,31.41,688.0,"Florida, US",0.9667196,49921403
2026-10-10T12:06:40.131139+00:00,vast.ai,marketplace,RTX 5080,0.31251851851851853,1,15.92,81.59075273,261.07375272999997,20.15,504.66666666666663,"Spain, ES",0.9882848,52945375
2026-10-10T12:06:40.131139+00:00,vast.ai,marketplace,L4,0.32092592592592595,1,22.49,25.30675273,78.85675273,62.75,348.04999999999995,"Czechia, CZ",0.9738034,36578875
2026-10-10T12:06:40.131139+00:00,vast.ai,marketplace,RTX 3090,0.3227777777777778,1,24.0,43.67775273,135.31875273,31.33,209.5,"Thailand, TH",0.9897874,54895206
2026-10-10T12:06:40.131139+00:00,vast.ai,marketplace,L4,0.3232407407407408,1,22.49,25.32175273,78.33775273,25.12,182.66,"Utah, US",0.9955758,49883396
2026-10-10T12:06:40.131139+00:00,vast.ai,marketplace,L4,0.3237037037037037,1,22.49,25.299752729999998,78.15675273000001,34.55,70.98000000000002,"Utah, US",0.8249902,35999128
2026-10-10T12:06:40.131139+00:00,vast.ai,marketplace,RTX 5080,0.3340740740740741,1,15.92,41.62675273,124.60175273,30.2,3182.5,"Minnesota, US",0.9976338,50441923
2026-10-10T12:06:40.131139+00:00,vast.ai,marketplace,RTX 3060,0.33444444444444443,1,12.0,12.40775273,37.09975273,251.73,3092.8,"Norway, NO",0.9986523,42225869
2026-10-10T12:06:40.131139+00:00,vast.ai,marketplace,RTX 3090,0.3347222222222222,1,24.0,44.606752730000004,133.26575272999997,125.77,515.0,"United Kingdom, GB",0.9919781,47476582
2026-10-10T12:06:40.131139+00:00,vast.ai,marketplace,RTX 5000Ada,0.3347222222222222,1,31.99,64.27575273000001,192.02675273,62.88,323.225,"Missouri, US",0.9971374,50160635
2026-10-10T12:06:40.131139+00:00,vast.ai,marketplace,RTX 3090 Ti,0.3347222222222222,1,23.99,42.07075273,125.68875273,31.3,30.0,"Spain, ES",0.9889727,54781987
2026-10-10T12:06:40.131139+00:00,vast.ai,marketplace,RTX 4090,0.3347222222222222,1,23.99,97.74575273,292.01875272999996,62.89,349.025,"British Columbia, CA",0.9891336,54408274
2026-10-10T12:06:40.131139+00:00,vast.ai,marketplace,RTX 5070 Ti,0.33518518518518514,1,15.92,78.64475273000001,234.62875272999997,15.23,638.0,"Brazil, BR",0.995859,51786197
2026-10-10T12:06:40.131139+00:00,vast.ai,marketplace,RTX PRO 4000,0.33564814814814814,1,23.89,65.75275273,195.89675272999997,125.96,240.125,"United Kingdom, GB",0.9889149,51601838
2026-10-10T12:06:40.131139+00:00,vast.ai,marketplace,RTX PRO 4000,0.33564814814814814,1,23.89,65.75275273,195.89675272999997,62.88,728.5,"Norway, NO",0.9968218,50471998
2026-10-10T12:06:40.131139+00:00,vast.ai,marketplace,RTX 5060 Ti,0.33564814814814814,1,15.93,38.51075273,114.73575273,62.94,184.30660582603784,"Texas, US",0.9988607,50125009
2026-10-10T12:06:40.131139+00:00,vast.ai,marketplace,RTX 4080S,0.3361111111111111,1,15.99,55.478752730000004,165.05975272999999,31.28,412.0,"Arizona, US",0.9911727,53299942
2026-10-10T12:06:40.131139+00:00,vast.ai,marketplace,RTX 4500Ada,0.33629629629629626,1,23.99,40.62675273,120.80475273,23.38,84.5,"France, FR",0.9928634,54621790
2026-10-10T12:06:40.131139+00:00,vast.ai,marketplace,RTX 4080S,0.33749999999999997,1,31.99,70.93975273,210.19075272999999,62.85,463.0,"Ontario, CA",0.9979454,55172477
2026-10-10T12:06:40.131139+00:00,vast.ai,marketplace,RTX 4090,0.34805555555555556,1,23.99,73.78975273,212.00575272999998,30.65,263.0,"Moldova, MD",0.9157824,54923801
2026-10-10T12:06:40.131139+00:00,vast.ai,marketplace,CMP 170HX,0.34805555555555556,1,64.0,83.37875273,239.55375272999999,31.37,1145.0,"South Korea, KR",0.9887416,54782889
2026-10-10T12:06:40.131139+00:00,vast.ai,marketplace,RTX 5060 Ti,0.34805555555555556,1,15.93,37.05675273,106.46875273,31.37,1145.0,"South Korea, KR",0.9887416,54782891
2026-10-10T12:06:40.131139+00:00,vast.ai,marketplace,RTX 3090,0.34805688888888886,1,24.0,44.892752730000005,128.98175272999998,31.18,273.0,"Oklahoma, US",0.9557603,51065387
2026-10-10T12:06:40.131139+00:00,vast.ai,marketplace,RTX 5080,0.3485185185185185,1,15.92,83.81575273,240.49175273,30.51,719.0,"Ontario, CA",0.9975985,52119350
2026-10-10T12:06:40.131139+00:00,vast.ai,marketplace,RTX 5080,0.3503703703703704,1,15.92,40.96075273,116.90575273,31.46,167.5,"California, US",0.9916051,51998058
2026-10-10T12:06:40.131139+00:00,vast.ai,marketplace,RTX PRO 4000,0.36185185185185187,1,23.89,65.72875273,181.64475273,62.88,1651.25,"Indiana, US",0.9955633,53804948
2026-10-10T12:06:40.131139+00:00,vast.ai,marketplace,RTX 4090,0.37472222222222223,1,23.99,97.06175273000001,259.02375273,62.17,329.0,"Minnesota, US",0.9868363,50283955
2026-10-10T12:06:40.131139+00:00,vast.ai,marketplace,RTX 4090,0.37472222222222223,1,23.99,88.42375273,235.97175273,47.06,659.8500000000001,"Australia, AU",0.7935894,55170438
2026-10-10T12:06:40.131139+00:00,vast.ai,marketplace,RTX 4090,0.3748148148148148,1,23.99,97.03375273,258.88475273,62.82,677.5,"Illinois, US",0.9611004,37215985
2026-10-10T12:06:40.131139+00:00,vast.ai,marketplace,RTX 5080,0.37785185185185177,1,15.92,83.87775273,221.98575273,30.21,719.5,"Spain, ES",0.6459738,52934369
2026-10-10T12:06:40.131139+00:00,vast.ai,marketplace,RTX 4070,0.3807653245925926,1,11.99,33.65775273,88.39375273,19.62,400.725,"California, US",0.9561639,54166253
2026-10-10T12:06:40.131139+00:00,vast.ai,marketplace,RTX 5000Ada,0.3875925925925926,1,31.99,64.20575273,165.65275272999997,62.85,1401.7784687851865,"Minnesota, US",0.9909537,51357844
2026-10-10T12:06:40.131139+00:00,vast.ai,marketplace,CMP 170HX,0.3875925925925926,1,64.0,81.13875273000001,209.34075273,62.78,394.0,"Kenya, KE",0.9867613,54880978
2026-10-10T12:06:40.131139+00:00,vast.ai,marketplace,RTX 5080,0.38805555555555554,1,15.92,83.81575273,215.98875273,47.14,748.25,"Czechia, CZ",0.9810815,53060398
2026-10-10T12:06:40.131139+00:00,vast.ai,marketplace,RTX A6000,0.3885185185185185,1,47.99,54.46775273,140.19275273,62.83,1419.236089748304,"Vietnam, VN",0.9864974,53627382
2026-10-10T12:06:40.131139+00:00,vast.ai,marketplace,RTX A6000,0.3894444444444444,1,47.99,54.45575273,139.82975273,94.28,573.0,"Arizona, US",0.9942695,53643248
2026-10-10T12:06:40.131139+00:00,vast.ai,marketplace,RTX 4090,0.3912962962962963,1,23.99,97.17775273000001,248.34775273,125.77,127.0,"Texas, US",0.9979516,48986257
2026-10-10T12:06:40.131139+00:00,vast.ai,marketplace,RTX 4090,0.3978518518518518,1,23.99,51.43775273,129.28675273,31.06,427.0,"Norway, NO",0.9745823,50085897
2026-10-10T12:06:40.131139+00:00,vast.ai,marketplace,RTX 4500Ada,0.40005555555555555,1,23.99,40.67175273,101.66575273000001,62.47,1481.3,"Japan, JP",0.9646789,54819151
2026-10-10T12:06:40.131139+00:00,vast.ai,marketplace,RTX 3090,0.40138888888888885,1,24.0,44.60475273,111.12475273,62.89,229.02499999999998,"Oman, OM",0.993368,55203497
2026-10-10T12:06:40.131139+00:00,vast.ai,marketplace,RTX 3090,0.40138888888888885,1,24.0,44.36475273,110.52775273,62.89,77.0,"Oman, OM",0.9693058,55205254
2026-10-10T12:06:40.131139+00:00,vast.ai,marketplace,RTX A6000,0.40138888888888885,1,47.99,37.17275273,92.60875273,62.97,158.61927018717938,"Kansas, US",0.9948876,21004760
2026-10-10T12:06:40.131139+00:00,vast.ai,marketplace,A40,0.40138888888888885,1,44.99,44.03075273,109.69475273,500.96,23.5,"Belgium, BE",0.989699,51337963
2026-10-10T12:06:40.131139+00:00,vast.ai,marketplace,RTX 3090 Ti,0.40138888888888885,1,23.99,46.185752730000004,115.06475273,62.82,180.0,"Oman, OM",0.9690153,55204646
2026-10-10T12:06:40.131139+00:00,vast.ai,marketplace,RTX 4090,0.40138888888888885,1,23.99,98.88375273,246.35375273,62.7,1578.0,"Slovakia, SK",0.9640177,53356443
2026-10-10T12:06:40.131139+00:00,vast.ai,marketplace,RTX 4090,0.40138888888888885,1,23.99,97.54075273000001,243.00775273,47.14,293.0,"France, FR",0.989644,43574920
2026-10-10T12:06:40.131139+00:00,vast.ai,marketplace,RTX 4090,0.40138888888888885,1,23.99,97.04075273000001,241.76275273,47.14,94.94999999999999,"Finland, FI",0.9962346,46123863
2026-10-10T12:06:40.131139+00:00,vast.ai,marketplace,RTX 4090,0.40138888888888885,1,23.99,98.54075273000001,245.49975272999998,100.72,102.4,"Ireland, IE",0.9980783,38460295
2026-10-10T12:06:40.131139+00:00,vast.ai,marketplace,CMP 170HX,0.40138888888888885,1,64.0,85.17375273,212.19775273,62.92,277.8103453627583,"Bulgaria, BG",0.9919467,52623833
2026-10-10T12:06:40.131139+00:00,vast.ai,marketplace,RTX 3090,0.4018518518518518,1,24.0,44.34475273,110.35175273,62.83,1670.4,"Florida, US",0.9681913,54537575
2026-10-10T12:06:40.131139+00:00,vast.ai,marketplace,A100 SXM4,0.4018518518518518,1,40.0,95.34575273,237.26675272999998,39.34,659.6161355325975,"California, US",0.9798616,54851463
2026-10-10T12:06:40.131139+00:00,vast.ai,marketplace,CMP 170HX,0.4018518518518518,1,64.0,82.36275273,204.95875273,62.69,270.6,"Portugal, PT",0.9639978,52991400
2026-10-10T12:06:40.131139+00:00,vast.ai,marketplace,RTX A6000,0.4023148148148148,1,47.99,54.44375273,135.32675272999998,47.19,253.5,"Romania, RO",0.9945606,51092047
2026-10-10T12:06:40.131139+00:00,vast.ai,marketplace,RTX A6000,0.4023148148148148,1,47.99,54.46775273,135.38575272999998,47.23,96.625,"Romania, RO",0.993078,51100878
2026-10-10T12:06:40.131139+00:00,vast.ai,marketplace,RTX A6000,0.4023148148148148,1,47.99,54.46775273,135.38575272999998,47.2,88.75,"Romania, RO",0.9891104,51222178
2026-10-10T12:06:40.131139+00:00,vast.ai,marketplace,RTX 4090,0.4023148148148148,1,23.99,97.58275273,242.55275272999998,62.94,197.12141625992132,"Hungary, HU",0.99113,42494305
2026-10-10T12:06:40.131139+00:00,vast.ai,marketplace,RTX 4090,0.4037037037037037,1,23.99,96.74075273,239.63175273,39.26,755.75,"Estonia, EE",0.9948475,45726160
2026-10-10T12:06:40.131139+00:00,vast.ai,marketplace,RTX 4090,0.4046296296296296,1,23.99,97.22675273,240.28575272999998,45.71,722.5,"Texas, US",0.9947716,54716558
2026-10-10T12:06:40.131139+00:00,vast.ai,marketplace,RTX 4090,0.4069444444444444,1,23.99,97.52675273,239.65475272999998,31.26,273.0,"Poland, PL",0.9959745,54308837
2026-10-10T12:06:40.131139+00:00,vast.ai,marketplace,RTX 3090,0.40402777777777776,1,24.0,45.28575273,112.08375273,117.98,808.65,"Sweden, SE",0.9525822,54871697
2026-10-10T12:06:40.131139+00:00,vast.ai,marketplace,RTX 4090,0.41227777777777774,1,23.99,97.21975273,235.81175273,62.82,3131.4,"Romania, RO",0.9982869,52376625
2026-10-10T12:06:40.131139+00:00,vast.ai,marketplace,RTX 4090,0.41456481481481483,1,47.99,125.51975273000001,302.77375273,94.46,612.8857612185382,"Japan, JP",0.9965398,45473509
2026-10-10T12:06:40.131139+00:00,vast.ai,marketplace,RTX 5000Ada,0.4147222222222222,1,31.99,64.24775273,154.91775273,62.89,227.70000000000007,"Florida, US",0.9877889,53457488
2026-10-10T12:06:40.131139+00:00,vast.ai,marketplace,RTX 4090,0.4147222222222222,1,23.99,97.04775273,234.00675273,62.66,578.0,"Nevada, US",0.997831,53251387
2026-10-10T12:06:40.131139+00:00,vast.ai,marketplace,RTX 4090,0.4147222222222222,1,23.99,97.01975273000001,233.93975272999998,62.68,2935.0,"Nevada, US",0.9974327,53061818
2026-10-10T12:06:40.131139+00:00,vast.ai,marketplace,RTX 4090,0.41518518518518516,1,23.99,97.58975273,235.05075273,31.25,507.0,"Australia, AU",0.9449267,54965190
2026-10-10T12:06:40.131139+00:00,vast.ai,marketplace,RTX 4090,0.41561584086419096,1,23.99,97.73175273,235.14775272999998,35.94,752.2429853737561,"Sweden, SE",0.9876042,43266015
2026-10-10T12:06:40.131139+00:00,vast.ai,marketplace,RTX 4090,0.41694444444444445,1,23.99,52.36975273,125.60275273,62.88,621.25,"The Netherlands, NL",0.982517,48593991
2026-10-10T12:06:40.131139+00:00,vast.ai,marketplace,RTX 4090,0.4238738597809554,1,23.99,96.99175273,228.82275273,93.94,691.0,"Sweden, SE",0.9910089,54978536
2026-10-10T12:06:40.131139+00:00,vast.ai,marketplace,RTX 3090,0.4278703703703704,1,24.0,44.85275273,104.82775273,62.83,659.4,"Sweden, SE",0.9937095,53242275
2026-10-10T12:06:40.131139+00:00,vast.ai,marketplace,RTX 4090,0.4280555555555556,1,23.99,97.62575273,228.06675273,62.96,616.4147665310155,"Oregon, US",0.9967917,53960900
2026-10-10T12:06:40.131139+00:00,vast.ai,marketplace,RTX 4090,0.4280555555555556,1,23.99,97.38375273,227.50275273,31.13,571.0,"France, FR",0.9970753,54132961
2026-10-10T12:06:40.131139+00:00,vast.ai,marketplace,A100 SXM4,0.4285185185185185,1,40.0,94.71975273,221.03975272999998,62.96,684.3251983534673,"California, US",0.9646843,54030195
2026-10-10T12:06:40.131139+00:00,vast.ai,marketplace,RTX 5090,0.42944444444444446,1,31.84,199.31175273,464.11375273,61.53,595.0,"Alaska, US",0.9834875,49068433
2026-10-10T12:06:40.131139+00:00,vast.ai,marketplace,RTX 4090,0.4303703703703704,1,23.99,97.03375273,225.46575273,108.06,708.0,"California, US",0.9954686,54559569
2026-10-10T12:06:40.131139+00:00,vast.ai,marketplace,RTX 4090,0.4303703703703704,1,23.99,97.06875273,225.54775272999998,108.06,498.0,"California, US",0.9986126,54752898
2026-10-10T12:06:40.131139+00:00,vast.ai,marketplace,RTX 4090,0.43072222222222223,1,23.99,97.05475273,225.33075273,62.57,590.0,"Kentucky, US",0.9935059,54770564
2026-10-10T12:06:40.131139+00:00,vast.ai,marketplace,RTX 5070 Ti,0.43787384325925927,1,15.92,75.87975273,173.29175272999998,31.41,813.75,"California, US",0.9793525,52442710
2026-10-10T12:06:40.131139+00:00,vast.ai,marketplace,RTX 4090,0.43851851851851853,1,23.99,73.86575273,168.44275273,83.92,125.16666666666666,"Oklahoma, US",0.9974356,38597834
2026-10-10T12:06:40.131139+00:00,vast.ai,marketplace,RTX 4090,0.4413888888888889,1,23.99,97.23675273,220.29675272999998,62.96,959.25,"California, US",0.7472454,54367443
2026-10-10T12:06:40.131139+00:00,vast.ai,marketplace,RTX 4090,0.44185185185185183,1,23.99,97.73875273,221.20175272999998,46.84,361.0,"Puerto Rico, PR",0.9821433,51950781
2026-10-10T12:06:40.131139+00:00,vast.ai,marketplace,CMP 170HX,0.44185185185185183,1,64.0,73.82175273,167.07375273,143.95,385.4285714285714,"Hungary, HU",0.991954,52388432
2026-10-10T12:06:40.131139+00:00,vast.ai,marketplace,RTX 5090,0.44601851851851854,1,31.84,195.10075272999998,437.42775273,62.88,713.25,"California, US",0.9854712,52224285
2026-10-10T12:06:40.131139+00:00,vast.ai,marketplace,RTX 4090,0.45462962962962966,1,23.99,96.27875273000001,211.77275272999998,30.92,1667.0,"United Kingdom, GB",0.9924505,49418051
2026-10-10T12:06:40.131139+00:00,vast.ai,marketplace,RTX 4090,0.45472222222222225,1,23.99,97.04775273,213.42275272999998,83.97,90.16666666666666,"Texas, US",0.9947872,44533582
2026-10-10T12:06:40.131139+00:00,vast.ai,marketplace,RTX 4090,0.45472222222222225,1,23.99,97.01975273000001,213.36075273,62.81,641.0,"Michigan, US",0.9988342,37843807
2026-10-10T12:06:40.131139+00:00,vast.ai,marketplace,RTX 4090,0.45472222222222225,1,23.99,97.40675273000001,214.21075273,41.89,461.4333333333333,"Thailand, TH",0.6667787,54636816
2026-10-10T12:06:40.131139+00:00,vast.ai,marketplace,RTX 4090,0.45472222222222225,1,23.99,97.34875273,214.08375273,47.02,1462.0,"Taiwan, TW",0.9991666,53492552
2026-10-10T12:06:40.131139+00:00,vast.ai,marketplace,RTX 4090,0.4554166666666667,1,23.99,85.41975273,187.56475272999998,31.35,112.0,"Montana, US",0.9989522,45982651
2026-10-10T12:06:40.131139+00:00,vast.ai,marketplace,RTX 3090,0.45611111111111113,1,24.0,44.84475273,98.31875273,62.9,715.5,"Quebec, CA",0.9929482,54694764
2026-10-10T12:06:40.131139+00:00,vast.ai,marketplace,RTX 5090,0.4593518518518519,1,31.84,199.37075273,434.02575272999997,62.88,744.375,"Beijing, CN",0.9942485,50041181
2026-10-10T12:06:40.131139+00:00,vast.ai,marketplace,RTX 5090,0.4593518518518519,1,31.84,199.16575272999998,433.58075273,31.36,677.75,"Sichuan, CN",0.9928885,50556740
2026-10-10T12:06:40.131139+00:00,vast.ai,marketplace,RTX 4090,0.4606111111111111,1,23.99,97.22675273,211.08175272999998,62.4,644.0,"Israel, IL",0.9947117,50149934
2026-10-10T12:06:40.131139+00:00,vast.ai,marketplace,RTX 4090,0.46759259259259256,1,23.99,97.21275273,207.90075273,62.89,721.754852656631,"Norway, NO",0.9861036,51305078
2026-10-10T12:06:40.131139+00:00,vast.ai,marketplace,RTX 4070,0.4680555555555555,1,11.99,33.65275273,71.89875273,62.85,808.65,"California, US",0.9985674,54968174
2026-10-10T12:06:40.131139+00:00,vast.ai,marketplace,RTX 4090,0.4680555555555555,1,23.99,97.36975273,208.03075273,31.44,759.525,"Taiwan, TW",0.9954764,49035055
2026-10-10T12:06:40.131139+00:00,vast.ai,marketplace,RTX 4090,0.46879629629629627,1,23.99,97.03375273,206.98575273,75.54,571.3000000000001,"Norway, NO",0.9990082,54867307
2026-10-10T12:06:40.131139+00:00,vast.ai,marketplace,RTX 5090,0.46898148148148144,1,31.84,199.25175273,424.86075273,30.47,521.0,"South Korea, KR",0.9976902,49024423
2026-10-10T12:06:40.131139+00:00,vast.ai,marketplace,RTX 5090,0.46898148148148144,1,31.84,199.11975273,424.57875272999996,30.47,550.0,"South Korea, KR",0.998375,50135008
2026-10-10T12:06:40.131139+00:00,vast.ai,marketplace,RTX 5090,0.46898148148148144,1,31.84,178.10275273,379.76475273,30.47,73.0,"South Korea, KR",0.9975791,49025122
2026-10-10T12:06:40.131139+00:00,vast.ai,marketplace,RTX 5090,0.46898148148148144,1,31.84,194.04075272999998,413.74875273,30.47,488.0,"South Korea, KR",0.995518,50967851
2026-10-10T12:06:40.131139+00:00,vast.ai,marketplace,RTX 4090,0.4703703703703703,1,23.99,97.04775273,206.32275273,62.88,527.75,"United Kingdom, GB",0.8666896,36643053
2026-10-10T12:06:40.131139+00:00,vast.ai,marketplace,RTX 5090,0.4703703703703703,1,31.84,190.01775272999998,403.97575273,71.95,279.6714285714285,"United States, US",0.9944176,52324011
2026-10-10T12:06:40.131139+00:00,vast.ai,marketplace,RTX 5090,0.47268518518518515,1,31.84,190.96075273,403.99075273,62.94,308.125,"United States, US",0.9971206,53546445
2026-10-10T12:06:40.131139+00:00,vast.ai,marketplace,RTX 5090,0.47268518518518515,1,31.84,190.79175272999998,403.63475273,62.96,324.52019465983597,"California, US",0.9912412,42230251
2026-10-10T12:06:40.131139+00:00,vast.ai,marketplace,RTX A6000,0.481712962962963,1,47.99,54.47675273,113.09075273,94.47,244.25,"Virginia, US",0.9982043,55204408
2026-10-10T12:06:40.131139+00:00,vast.ai,marketplace,RTX A6000,0.481712962962963,1,47.99,54.47275273,113.08075273,188.97,410.17322832790535,"Virginia, US",0.9991459,55200796
2026-10-10T12:06:40.131139+00:00,vast.ai,marketplace,RTX 5090,0.48185185185185186,1,31.84,140.24775273,291.05875273,62.82,1570.5,"Vietnam, VN",0.9968764,49820767
2026-10-10T12:06:40.131139+00:00,vast.ai,marketplace,RTX 5090,0.48601851851851857,1,31.84,96.27675273,198.09175273,31.46,295.9875,"United States, US",0.996258,43165154
2026-10-10T12:06:40.131139+00:00,vast.ai,marketplace,L40,0.49425925925925923,1,44.99,93.27475273,188.71575273,70.66,284.31420816569147,"New York, US",0.9885186,51528885
2026-10-10T12:06:40.131139+00:00,vast.ai,marketplace,RTX 4500Ada,0.4947222222222222,1,23.99,40.603752730000004,82.07275273,125.84,531.5,"France, FR",0.9939573,51736666
2026-10-10T12:06:40.131139+00:00,vast.ai,marketplace,RTX 5090,0.49611111111111106,1,31.84,198.73675272999998,400.58875273,62.96,377.8195181459742,"California, US",0.9766737,53483606
2026-10-10T12:06:40.131139+00:00,vast.ai,marketplace,RTX 4090,0.497037037037037,1,23.99,42.895752730000005,86.30275273000001,47.21,178.75,"Beijing, CN",0.994248,51996792
2026-10-10T12:06:40.131139+00:00,vast.ai,marketplace,RTX 5090,0.497037037037037,1,31.84,198.42675272999998,399.21875273,71.96,649.5714285714286,"Estonia, EE",0.9897045,40700931
2026-10-10T12:06:40.131139+00:00,vast.ai,marketplace,RTX 5090,0.4993518518518518,1,31.84,88.91775273,178.06575272999999,31.46,131.66250000000002,"United States, US",0.9967692,46753304
2026-10-10T12:06:40.131139+00:00,vast.ai,marketplace,RTX 4090,0.5031851851851853,1,23.99,97.05475273,192.88075272999998,31.4,363.75,"Norway, NO",0.9979938,55005494
2026-10-10T12:06:40.131139+00:00,vast.ai,marketplace,RTX 4090,0.5031851851851853,1,23.99,96.65675273000001,192.08875272999998,31.32,793.425,"Norway, NO",0.9992383,55005165
2026-10-10T12:06:40.131139+00:00,vast.ai,marketplace,RTX 4090,0.5031851851851853,1,23.99,98.35475273,195.46375272999998,62.88,393.25,"Norway, NO",0.9976244,55005108
2026-10-10T12:06:40.131139+00:00,vast.ai,marketplace,RTX 4090,0.5031851851851853,1,23.99,97.05475273,192.88075272999998,35.93,218.14285714285714,"Norway, NO",0.9942788,55005450
2026-10-10T12:06:40.131139+00:00,vast.ai,marketplace,RTX 4090,0.5031851851851853,1,23.99,96.24975273,191.27975272999998,31.44,189.75,"Norway, NO",0.9981893,55005187
2026-10-10T12:06:40.131139+00:00,vast.ai,marketplace,RTX 4090,0.5031851851851853,1,23.99,96.71975273,192.21375272999998,62.93,196.27142857142854,"Norway, NO",0.9968199,55005550
2026-10-10T12:06:40.131139+00:00,vast.ai,marketplace,RTX 4090,0.5031851851851853,1,23.99,96.06675273,190.91675272999998,31.44,184.875,"Norway, NO",0.9971777,55005151
2026-10-10T12:06:40.131139+00:00,vast.ai,marketplace,RTX 4090,0.5046111111111111,1,23.99,97.56875273,193.35375273,61.9,674.0,"Israel, IL",0.9978272,46180334
2026-10-10T12:06:40.131139+00:00,vast.ai,marketplace,RTX 4090,0.5075925925925925,1,23.99,97.14975273,191.39275272999998,31.14,502.0,"Massachusetts, US",0.9963481,47334600
2026-10-10T12:06:40.131139+00:00,vast.ai,marketplace,RTX 4090,0.5075925925925925,1,23.99,96.92275273,190.94475272999998,93.41,558.0,"Nevada, US",0.9972208,52088382
2026-10-10T12:06:40.131139+00:00,vast.ai,marketplace,RTX 4090,0.5080555555555555,1,23.99,95.05175273,187.08875272999998,62.63,784.2,"Nevada, US",0.9979872,53903679
2026-10-10T12:06:40.131139+00:00,vast.ai,marketplace,RTX 4090,0.5103703703703703,1,23.99,97.06175273000001,190.17975273,62.88,385.25,"United Kingdom, GB",0.9701247,45980515
2026-10-10T12:06:40.131139+00:00,vast.ai,marketplace,RTX 4090,0.5103703703703703,1,23.99,97.05475273,190.16575272999998,108.06,801.0,"California, US",0.9928922,51255555
2026-10-10T12:06:40.131139+00:00,vast.ai,marketplace,RTX 5090,0.5103703703703703,1,31.84,198.87175273,389.66175273,71.96,356.2857142857143,"Estonia, EE",0.9916151,45454832
2026-10-10T12:06:40.131139+00:00,vast.ai,marketplace,RTX 3090,0.5161111111111111,1,24.0,44.60575273,86.42675273,83.87,126.0,"Quebec, CA",0.9983788,51143666
2026-10-10T12:06:40.131139+00:00,vast.ai,marketplace,RTX 3080,0.5187222222222222,1,10.0,27.098752729999998,52.24175273,251.65,706.0,"Thailand, TH",0.9923336,35971321
2026-10-10T12:06:40.131139+00:00,vast.ai,marketplace,RTX 4090,0.5227777777777778,1,23.99,89.94675273,172.05575273,62.78,294.0,"Arizona, US",0.9936838,54551210
2026-10-10T12:06:40.131139+00:00,vast.ai,marketplace,RTX 5090,0.5337962962962963,1,31.84,182.78375272999997,342.42075273,62.71,636.0,"Poland, PL",0.9784421,50757941
2026-10-10T12:06:40.131139+00:00,vast.ai,marketplace,RTX 4090,0.5342592592592592,1,23.99,100.49075273,188.09275273,31.24,643.0,"Georgia, US",0.9934253,54334201
2026-10-10T12:06:40.131139+00:00,vast.ai,marketplace,RTX 4090,0.5343703703703704,1,23.99,97.04775273,181.61175272999998,100.71,237.60000000000002,"Ireland, IE",0.9985447,8993654
2026-10-10T12:06:40.131139+00:00,vast.ai,marketplace,RTX 4070S Ti,0.5347222222222222,1,15.99,51.30575273,95.94775273,62.85,808.65,"California, US",0.9497469,55027881
2026-10-10T12:06:40.131139+00:00,vast.ai,marketplace,RTX 5090,0.5347222222222222,1,31.84,152.15275272999997,284.54475272999997,31.32,59.0,"South Korea, KR",0.9857588,34905061
2026-10-10T12:06:40.131139+00:00,vast.ai,marketplace,RTX 5090,0.5347222222222222,1,31.84,196.68375272999998,367.82375272999997,31.26,271.0,"Ontario, CA",0.9980277,44541427
2026-10-10T12:06:40.131139+00:00,vast.ai,marketplace,RTX 3090,0.5351851851851852,1,24.0,44.36775273,82.90075273000001,125.72,1534.0,"Italy, IT",0.9308708,50732956
2026-10-10T12:06:40.131139+00:00,vast.ai,marketplace,RTX 4090,0.5351851851851852,1,23.99,97.02675273,181.29575272999998,52.47,629.2222222222222,"Bulgaria, BG",0.9937596,29805954
2026-10-10T12:06:40.131139+00:00,vast.ai,marketplace,RTX 5070 Ti,0.5351851851851852,1,15.92,75.86675273,141.75675273,251.91,1521.2539616583,"Texas, US",0.9964298,53320341
2026-10-10T12:06:40.131139+00:00,vast.ai,marketplace,RTX 4090,0.5356481481481481,1,23.99,96.80375273,180.72175273,125.96,332.875,"Spain, ES",0.9967864,37930538
2026-10-10T12:06:40.131139+00:00,vast.ai,marketplace,RTX 4090,0.5356481481481481,1,23.99,96.97075273,181.03475272999998,62.95,875.5,"Romania, RO",0.9973554,54902719
2026-10-10T12:06:40.131139+00:00,vast.ai,marketplace,RTX 5090,0.5356481481481481,1,31.84,198.97475272999998,371.46475273,30.47,198.0,"South Korea, KR",0.9989324,50466203
2026-10-10T12:06:40.131139+00:00,vast.ai,marketplace,RTX 5090,0.5356481481481481,1,31.84,194.11775272999998,362.39775273,30.47,262.0,"South Korea, KR",0.9988373,52159510
2026-10-10T12:06:40.131139+00:00,vast.ai,marketplace,RTX 6000Ada,0.537037037037037,1,47.99,117.04375273000001,217.94275273,83.92,740.5,"Estonia, EE",0.9955718,35415077
2026-10-10T12:06:40.131139+00:00,vast.ai,marketplace,RTX 4090,0.537962962962963,1,47.99,125.55475273,233.38875273,62.97,530.6153846153846,"California, US",0.9782786,54491685
2026-10-10T12:06:40.131139+00:00,vast.ai,marketplace,RTX 5090,0.5398148148148149,1,31.84,199.21275272999998,369.03775272999997,46.0,528.5,"Sweden, SE",0.9918734,54615896
2026-10-10T12:06:40.131139+00:00,vast.ai,marketplace,RTX 5090,0.5475555555555556,1,31.84,199.50975272999997,364.36375273,45.97,1354.0,"Hungary, HU",0.9962231,42276877
2026-10-10T12:06:40.131139+00:00,vast.ai,marketplace,RTX 6000Ada,0.5613888888888889,1,47.99,113.09475273,201.45475273,49.14,230.15171023053043,"Germany, DE",0.9856027,53243440
2026-10-10T12:06:40.131139+00:00,vast.ai,marketplace,RTX 5090,0.5613888888888889,1,31.84,179.60775273,319.93575273,31.4,396.66666666666663,"Poland, PL",0.8663711,45090679
2026-10-10T12:06:40.131139+00:00,vast.ai,marketplace,RTX 5090,0.5613888888888889,1,31.84,199.00775273,354.49175273,78.38,744.0,"South Korea, KR",0.9858243,55180589
2026-10-10T12:06:40.131139+00:00,vast.ai,marketplace,A100 PCIE,0.5664814814814816,1,40.0,83.62675273,147.62475272999998,47.14,3149.1,"Estonia, EE",0.9778668,52618403
2026-10-10T12:06:40.131139+00:00,vast.ai,marketplace,RTX 5090,0.5685185185185185,1,31.84,199.20575273,350.39375272999996,45.98,1139.0,"Kansas, US",0.9912186,55127116
2026-10-10T12:06:40.131139+00:00,vast.ai,marketplace,RTX 5090,0.5747222222222222,1,31.84,199.53275273,347.18175272999997,44.83,864.5,"France, FR",0.9935864,53664691
2026-10-10T12:06:40.131139+00:00,vast.ai,marketplace,RTX 5090,0.5871296296296297,1,31.84,232.09275273,395.30075273,30.99,585.0,"Finland, FI",0.9953076,53974470
2026-10-10T12:06:40.131139+00:00,vast.ai,marketplace,RTX 5090,0.5907222222222223,1,31.84,198.22875273,335.56975273,250.48,1014.5418928637167,"Italy, IT",0.9594955,54798135
2026-10-10T12:06:40.131139+00:00,vast.ai,marketplace,RTX PRO 5000,0.5920555555555556,1,47.79,165.83975273,280.10775273,62.88,1285.75,"India, IN",0.9757613,55008521
2026-10-10T12:06:40.131139+00:00,vast.ai,marketplace,RTX 5090,0.5921111111111111,1,31.84,198.43975272999998,335.13875272999996,500.96,2284.5,"Italy, IT",0.9965526,50894161
2026-10-10T12:06:40.131139+00:00,vast.ai,marketplace,RTX 5090,0.6009259259259259,1,31.84,199.29175272999998,331.64075273,62.63,617.0,"South Korea, KR",0.9944823,48827544
2026-10-10T12:06:40.131139+00:00,vast.ai,marketplace,RTX 5090,0.6013888888888889,1,31.84,199.55575273,331.82475273,31.27,662.0,"Ontario, CA",0.9537415,50023595
2026-10-10T12:06:40.131139+00:00,vast.ai,marketplace,RTX 5090,0.6013888888888889,1,31.84,145.59175273,242.09175273,31.34,654.0,"South Korea, KR",0.9908738,50734484
2026-10-10T12:06:40.131139+00:00,vast.ai,marketplace,RTX 5090,0.6013888888888889,1,31.84,198.03075273,329.28775272999997,62.93,581.625,"Michigan, US",0.9923146,50849755
2026-10-10T12:06:40.131139+00:00,vast.ai,marketplace,RTX PRO 5000,0.6013888888888889,1,47.79,165.78775273,275.67475272999997,91.96,677.0,"Jiangsu, CN",0.952168,54285484
2026-10-10T12:06:40.131139+00:00,vast.ai,marketplace,RTX PRO 5000,0.6013888888888889,1,47.79,165.72575272999998,275.57175273,91.97,672.0,"Jiangsu, CN",0.9606444,53881180
2026-10-10T12:06:40.131139+00:00,vast.ai,marketplace,RTX PRO 5000,0.6018518518518519,1,47.79,165.84975272999998,275.56575273,62.82,1065.0,"Washington, US",0.9919525,51788167
2026-10-10T12:06:40.131139+00:00,vast.ai,marketplace,RTX 5090,0.6041666666666666,1,31.84,199.06675273,329.48975272999996,163.73,981.5799999999999,"Estonia, EE",0.9899926,50584162
2026-10-10T12:06:40.131139+00:00,vast.ai,marketplace,RTX 4090,0.6046296296296296,1,47.99,125.64275273,207.80075273,52.47,502.5833333333333,"California, US",0.9968364,40232088
2026-10-10T12:06:40.131139+00:00,vast.ai,marketplace,RTX PRO 4500,0.6046296296296296,1,31.86,96.46175273,159.53875273,60.38,1495.0,"California, US",0.9954079,49487024
2026-10-10T12:06:40.131139+00:00,vast.ai,marketplace,GTX 1660 Ti,0.6069444444444444,1,6.0,2.47475273,4.07675273,7.7,679.4000000000026,"Vietnam, VN",0.9937082,33521707
2026-10-10T12:06:40.131139+00:00,vast.ai,marketplace,RTX 4090,0.6147222222222223,1,47.99,125.03975273,203.40875272999997,754.5,2013.1999999999998,"Spain, ES",0.9249071,54878306
2026-10-10T12:06:40.131139+00:00,vast.ai,marketplace,RTX PRO 5000,0.615462962962963,1,47.79,165.80875272999998,269.40475273,125.88,633.75,"Maryland, US",0.9982675,51792686
2026-10-10T12:06:40.131139+00:00,vast.ai,marketplace,RTX 5090,0.6232407407407408,1,31.84,198.24175273,318.08175273,62.93,638.375,"North Carolina, US",0.9771435,29436764
2026-10-10T12:06:40.131139+00:00,vast.ai,marketplace,RTX 5090,0.6275925925925925,1,31.84,199.29775272999998,317.55975273,30.71,563.0,"Mexico, MX",0.78452,50287508
2026-10-10T12:06:40.131139+00:00,vast.ai,marketplace,RTX PRO 5000,0.6280555555555555,1,47.79,165.48875273,263.49275273,125.64,533.0,"Texas, US",0.9974058,49530092
2026-10-10T12:06:40.131139+00:00,vast.ai,marketplace,RTX PRO 5000,0.6285185185185185,1,47.79,165.67475273,263.59475273,188.42,1409.0,"Alberta, CA",0.9931765,50537119
2026-10-10T12:06:40.131139+00:00,vast.ai,marketplace,RTX 5090,0.6423148148148148,1,31.84,199.31775273,310.31175272999997,62.88,1671.25,"Denmark, DK",0.9437222,54487401
2026-10-10T12:06:40.131139+00:00,vast.ai,marketplace,RTX 5090,0.6423148148148148,1,31.84,199.33075273,310.33175273,62.41,1225.0,"Quebec, CA",0.9941496,55182602
2026-10-10T12:06:40.131139+00:00,vast.ai,marketplace,RTX 5090,0.6533888888888889,1,31.84,187.60175273,287.12175272999997,31.46,204.05757708074617,"Thailand, TH",0.9923604,45330009
2026-10-10T12:06:40.131139+00:00,vast.ai,marketplace,RTX 5080,0.6671851851851852,1,15.92,83.74175273,125.51375273000001,31.26,1555.0,"Florida, US",0.9977195,55041076
2026-10-10T12:06:40.131139+00:00,vast.ai,marketplace,RTX 3060,0.6675925925925925,1,12.0,12.40775273,18.58575273,1486.89,1636.4114827447572,"Quebec, CA",0.9921368,53839880
2026-10-10T12:06:40.131139+00:00,vast.ai,marketplace,RTX 3060,0.6678703703703703,1,12.0,12.27475273,18.37875273,503.51,6361.2,"Norway, NO",0.9530541,54365108
2026-10-10T12:06:40.131139+00:00,vast.ai,marketplace,RTX 3090,0.6680555555555555,1,24.0,44.36675273,66.41075273,31.28,128.0,"British Columbia, CA",0.9949186,19448806
2026-10-10T12:06:40.131139+00:00,vast.ai,marketplace,RTX 4090,0.6680555555555555,1,23.99,97.55475273,146.02775272999997,62.81,163.10000000000002,"Oman, OM",0.9939169,55204340
2026-10-10T12:06:40.131139+00:00,vast.ai,marketplace,RTX 5090,0.6680555555555555,1,31.84,198.34775273,296.90175273,141.69,532.875,"Ireland, IE",0.9943377,29797715
2026-10-10T12:06:40.131139+00:00,vast.ai,marketplace,RTX PRO 5000,0.6680555555555555,1,47.79,165.19875273,247.28275273,71.95,1289.380333750054,"Nebraska, US",0.9887347,52514685
2026-10-10T12:06:40.131139+00:00,vast.ai,marketplace,RTX 4090,0.6685185185185185,1,47.99,125.61575273,187.90175273,125.81,1889.190260003436,"Texas, US",0.9978069,29451946
2026-10-10T12:06:40.131139+00:00,vast.ai,marketplace,RTX 5090,0.6685185185185185,1,31.84,198.66375273,297.17075273,125.96,1002.0,"Utah, US",0.9958348,21212913
2026-10-10T12:06:40.131139+00:00,vast.ai,marketplace,RTX 4090,0.6689814814814814,1,47.99,125.55475273,187.67975273,62.96,804.6,"Texas, US",0.9672122,55097386
2026-10-10T12:06:40.131139+00:00,vast.ai,marketplace,RTX 4090,0.6689814814814814,1,47.99,125.43075273000001,187.49575273,59.02,402.3,"Texas, US",0.9672122,55097353
2026-10-10T12:06:40.131139+00:00,vast.ai,marketplace,RTX 5090,0.6694444444444444,1,31.84,198.89375273,297.10275272999996,125.62,1481.0,"Nevada, US",0.9481742,54512331
2026-10-10T12:06:40.131139+00:00,vast.ai,marketplace,RTX 5090,0.6694444444444444,1,31.84,199.50275273,298.01275273,61.47,604.0,"Texas, US",0.9961174,54758458
2026-10-10T12:06:40.131139+00:00,vast.ai,marketplace,A100 SXM4,0.6699074074074074,1,40.0,95.34575273,142.32775273,62.96,203.25,"Mississippi, US",0.98365,51341852
2026-10-10T12:06:40.131139+00:00,vast.ai,marketplace,RTX 5090,0.6712962962962963,1,31.84,199.15975272999998,296.67875273,125.65,1320.0,"Washington, US",0.9993041,31275126
2026-10-10T12:06:40.131139+00:00,vast.ai,marketplace,RTX 5090,0.6720555555555555,1,31.84,198.53175273,295.40975273,134.92,704.4142857142857,"Poland, PL",0.9948528,53258826
2026-10-10T12:06:40.131139+00:00,vast.ai,marketplace,GTX 1660,0.673611111111111,1,6.0,2.3167527299999997,3.43875273,7.71,649.4000000000026,"Vietnam, VN",0.9936622,33521216
2026-10-10T12:06:40.131139+00:00,vast.ai,marketplace,RTX 6000Ada,0.7080555555555555,1,47.99,113.09475273,159.72575272999998,94.22,1978.0,"California, US",0.9949969,46256351
2026-10-10T12:06:40.131139+00:00,vast.ai,marketplace,RTX 5090,0.7299074074074074,1,31.84,181.85875273,249.15375272999998,125.93,664.375,"Czechia, CZ",0.9355796,30374777
2026-10-10T12:06:40.131139+00:00,vast.ai,marketplace,RTX PRO 5000,0.7339814814814816,1,47.79,165.71575273,225.77675273,125.77,2874.1,"Czechia, CZ",0.9547335,53567986
2026-10-10T12:06:40.131139+00:00,vast.ai,marketplace,A100 SXM4,0.7342592592592593,1,40.0,95.40375273000001,129.93075273,62.97,543.3027103284869,"Czechia, CZ",0.9907907,50365140
2026-10-10T12:06:40.131139+00:00,vast.ai,marketplace,RTX 5090,0.7342592592592593,1,31.84,199.19875273,271.29175273,62.75,1420.5,"Belgium, BE",0.9926414,34461819
2026-10-10T12:06:40.131139+00:00,vast.ai,marketplace,RTX 5090,0.7342592592592593,1,31.84,182.13375273,248.05075273,62.79,255.64677009336935,"California, US",0.9881367,52002270
2026-10-10T12:06:40.131139+00:00,vast.ai,marketplace,RTX PRO 5000,0.7342592592592593,1,47.79,165.65375272999998,225.60675272999998,62.83,1472.0,"Belgium, BE",0.9974491,48229993
2026-10-10T12:06:40.131139+00:00,vast.ai,marketplace,RTX 5090,0.7347222222222223,1,31.84,199.24175273,271.18075273,251.91,1557.575,"Norway, NO",0.9923423,53264488
2026-10-10T12:06:40.131139+00:00,vast.ai,marketplace,RTX 5090,0.7347222222222223,1,31.84,198.12275273,269.65675273,62.97,606.034186599154,"Czechia, CZ",0.9918053,52411626
2026-10-10T12:06:40.131139+00:00,vast.ai,marketplace,RTX PRO 5000,0.7347222222222223,1,47.79,165.48875273,225.23975273,83.93,1029.0166666666667,"Belgium, BE",0.9957068,49974696
2026-10-10T12:06:40.131139+00:00,vast.ai,marketplace,RTX PRO 5000,0.7347222222222223,1,47.79,165.46775273,225.21075273,62.96,631.8875,"Czechia, CZ",0.9907149,53904683
2026-10-10T12:06:40.131139+00:00,vast.ai,marketplace,RTX PRO 5000,0.7347222222222223,1,47.79,165.58175272999998,225.36575273,62.96,433.375,"Czechia, CZ",0.9858466,53720475
2026-10-10T12:06:40.131139+00:00,vast.ai,marketplace,RTX PRO 5000,0.7347222222222223,1,47.79,165.48875273,225.23975273,62.96,212.10000000000014,"Czechia, CZ",0.9876102,53969989
2026-10-10T12:06:40.131139+00:00,vast.ai,marketplace,RTX 5090,0.735462962962963,1,31.84,198.45275273,269.83375273,125.96,442.75,"Hungary, HU",0.9955359,50576342
2026-10-10T12:06:40.131139+00:00,vast.ai,marketplace,RTX 4090,0.7356481481481482,1,47.99,125.56375273,170.68375272999998,125.95,397.75,"Romania, RO",0.9978819,48289326
2026-10-10T12:06:40.131139+00:00,vast.ai,marketplace,RTX 4090,0.7356481481481482,1,23.99,96.93675273000001,131.76975273,125.96,1125.5,"Maryland, US",0.9702219,54578361
2026-10-10T12:06:40.131139+00:00,vast.ai,marketplace,RTX 5090,0.7356481481481482,1,31.84,199.06675273,270.60075273,47.15,759.8333333333333,"Finland, FI",0.9877437,45727084
2026-10-10T12:06:40.131139+00:00,vast.ai,marketplace,RTX PRO 5000,0.7356481481481482,1,47.79,165.58175272999998,225.08275272999998,94.36,1159.25,"France, FR",0.9903516,38260158
2026-10-10T12:06:40.131139+00:00,vast.ai,marketplace,RTX 5090,0.7475925925925926,1,31.84,95.73275273,128.05475273,62.79,314.0,"Maryland, US",0.9966596,53809924
2026-10-10T12:06:40.131139+00:00,vast.ai,marketplace,RTX 5090,0.7609259259259258,1,31.84,84.19475273,110.64775273000001,62.79,332.0,"Maryland, US",0.9860333,51969541
2026-10-10T12:06:40.131139+00:00,vast.ai,marketplace,RTX 5090,0.7742592592592592,1,31.84,182.08175272999998,235.16875273,62.79,205.0,"Maryland, US",0.9944706,53809009
2026-10-10T12:06:40.131139+00:00,vast.ai,marketplace,RTX 5090,0.7742592592592592,1,31.84,169.63975273,219.09975272999998,31.44,1315.725,"Czechia, CZ",0.9947765,47627487
2026-10-10T12:06:40.131139+00:00,vast.ai,marketplace,RTX 5090,0.7775,1,31.84,94.02275273000001,120.92975273,71.89,425.1428571428571,"Minnesota, US",0.9481306,54861044
2026-10-10T12:06:40.131139+00:00,vast.ai,marketplace,RTX 5090,0.7875925925925925,1,31.84,182.00275273,231.08675273,62.79,47.0,"California, US",0.9903682,51969543
2026-10-10T12:06:40.131139+00:00,vast.ai,marketplace,RTX 4090D,0.7885185185185185,1,47.99,120.40075273000001,152.69175273,125.82,733.0,"South Carolina, US",0.9932882,54907408
2026-10-10T12:06:40.131139+00:00,vast.ai,marketplace,RTX 5090,0.7931481481481482,1,31.84,199.30875272999998,251.28775273,62.86,710.0,"Slovakia, SK",0.9937944,45620124
2026-10-10T12:06:40.131139+00:00,vast.ai,marketplace,RTX PRO 5000,0.7991296296296296,1,47.79,165.73675272999998,207.39575273,58.91,1193.2362644962473,"Texas, US",0.9713415,42735320
2026-10-10T12:06:40.131139+00:00,vast.ai,marketplace,RTX 6000Ada,0.8002777777777778,1,47.99,113.09475273,141.31875273,62.49,368.0,"The Netherlands, NL",0.9986804,39914433
2026-10-10T12:06:40.131139+00:00,vast.ai,marketplace,L40S,0.8009259259259258,1,44.99,93.52775273,116.77475273,251.94,131.3749999999996,"Taiwan, TW",0.9977426,38575675
2026-10-10T12:06:40.131139+00:00,vast.ai,marketplace,RTX 4090,0.8009259259259258,1,23.99,96.94675273,121.04275273,110.03,1649.5,"Virginia, US",0.9951077,13917962
2026-10-10T12:06:40.131139+00:00,vast.ai,marketplace,RTX 5090,0.8009259259259258,1,31.84,101.14675273,126.28675273,62.79,72.0,"California, US",0.9881042,52002273
2026-10-10T12:06:40.131139+00:00,vast.ai,marketplace,L40S,0.8013888888888888,1,44.99,93.63575273000001,116.84175273,83.85,882.6666666666666,"United Kingdom, GB",0.9975244,48510581
2026-10-10T12:06:40.131139+00:00,vast.ai,marketplace,RTX 5090,0.8013888888888888,1,31.84,199.48275273,248.92175272999998,125.7,728.0,"Romania, RO",0.9451757,54573923
2026-10-10T12:06:40.131139+00:00,vast.ai,marketplace,RTX 5090,0.8013888888888888,1,31.84,199.06075273,248.39375273,125.7,693.0,"Romania, RO",0.9451991,54573924
2026-10-10T12:06:40.131139+00:00,vast.ai,marketplace,RTX 5090,0.8013888888888888,1,31.84,100.71375273,125.67475273000001,125.9,190.21666666666675,"Ontario, CA",0.9857393,52960026
2026-10-10T12:06:40.131139+00:00,vast.ai,marketplace,A100 PCIE,0.8013888888888888,1,80.0,125.07775273,156.07575272999998,125.87,97.07502247361134,"South Korea, KR",0.9974124,47463265
2026-10-10T12:06:40.131139+00:00,vast.ai,marketplace,RTX PRO 5000,0.8018518518518518,1,47.79,165.84975272999998,206.83375273,125.88,790.4,"Hungary, HU",0.9881068,54666525
2026-10-10T12:06:40.131139+00:00,vast.ai,marketplace,RTX 5880Ada,0.8023148148148147,1,47.99,106.82875273,133.14975273,125.96,616.5,"United Kingdom, GB",0.9955514,44120922
2026-10-10T12:06:40.131139+00:00,vast.ai,marketplace,RTX 5090,0.8023148148148147,1,31.84,198.86275272999998,247.86075273,83.94,1001.25,"Romania, RO",0.9949956,53709017
2026-10-10T12:06:40.131139+00:00,vast.ai,marketplace,RTX 5090,0.8053888888888888,1,31.84,198.88175273,246.93875272999998,62.97,575.4786457905586,"Czechia, CZ",0.9671528,49824496
2026-10-10T12:06:40.131139+00:00,vast.ai,marketplace,RTX 5090,0.8251148148148149,1,31.84,198.94775273,241.11575273,110.21,424.0,"Hungary, HU",0.9951778,51326854
2026-10-10T12:06:40.131139+00:00,vast.ai,marketplace,RTX 5090,0.8325740740740741,1,31.84,162.30575273,194.94475272999998,94.43,625.1,"Czechia, CZ",0.983428,33038318
2026-10-10T12:06:40.131139+00:00,vast.ai,marketplace,RTX 4090,0.8551851851851853,1,23.99,97.04075273000001,113.47375273,110.13,476.5,"Hungary, HU",0.9941635,55075828
2026-10-10T12:06:40.131139+00:00,vast.ai,marketplace,RTX 4090,0.8553703703703704,1,23.99,97.56875273,114.06575273,125.88,639.075,"Hungary, HU",0.9932324,53828121
2026-10-10T12:06:40.131139+00:00,vast.ai,marketplace,RTX 5090,0.8569814814814813,1,31.84,198.71675273,231.87975272999998,94.42,2762.375,"Hungary, HU",0.9972515,50716302
2026-10-10T12:06:40.131139+00:00,vast.ai,marketplace,RTX 5090,0.8660444444444445,1,31.84,81.75975273,94.40575273,251.52,6172.0,"Texas, US",0.9790545,38001277
2026-10-10T12:06:40.131139+00:00,vast.ai,marketplace,RTX 5090,0.8680555555555556,1,31.84,199.82575272999998,230.19975273,93.99,3193.0,"Washington, US",0.9942734,49321933
2026-10-10T12:06:40.131139+00:00,vast.ai,marketplace,RTX 5090,0.8680555555555556,1,31.84,198.94175273,229.18075273,94.44,256.70396165830016,"Quebec, CA",0.9956506,49760556
2026-10-10T12:06:40.131139+00:00,vast.ai,marketplace,RTX 5090,0.8680555555555556,1,31.84,198.96775273,229.21075273,59.02,470.875,"Alberta, CA",0.9973496,45028237
2026-10-10T12:06:40.131139+00:00,vast.ai,marketplace,RTX 5090,0.8686105185185186,1,31.84,199.71875272999998,229.92975273,62.67,3243.0,"Florida, US",0.9982181,55040799
2026-10-10T12:06:40.131139+00:00,vast.ai,marketplace,RTX 5090,0.8689814814814815,1,31.84,198.86275272999998,228.84575273,61.92,3097.0,"Spain, ES",0.999199,28154504
2026-10-10T12:06:40.131139+00:00,vast.ai,marketplace,RTX 5090,0.8689814814814815,1,31.84,197.83175272999998,227.65975272999998,83.95,435.8673023057882,"Finland, FI",0.9831024,47357387
2026-10-10T12:06:40.131139+00:00,vast.ai,marketplace,RTX 5090,0.8694444444444445,1,31.84,198.73675272999998,228.57875273,125.96,185.25,"Spain, ES",0.9971615,50856206
2026-10-10T12:06:40.131139+00:00,vast.ai,marketplace,RTX 5090,0.8750462962962964,1,31.84,199.06675273,227.49275272999998,251.53,79.600000000004,"Japan, JP",0.9932116,53423316
2026-10-10T12:06:40.131139+00:00,vast.ai,marketplace,RTX 5880Ada,0.8823148148148148,1,47.99,106.89075273,121.14775273000001,125.88,663.5,"United Kingdom, GB",0.9900872,54023260
2026-10-10T12:06:40.131139+00:00,vast.ai,marketplace,RTX 5090,0.9080555555555556,1,31.84,199.25875273,219.43375272999998,251.74,267.5,"Singapore, SG",0.9939003,54092696
2026-10-10T12:06:40.131139+00:00,vast.ai,marketplace,RTX 5090,0.9337962962962962,1,31.84,199.58175272999998,213.73175272999998,61.72,2792.5000000000005,"Ohio, US",0.9893365,52172893
2026-10-10T12:06:40.131139+00:00,vast.ai,marketplace,A100 SXM4,0.9342592592592591,1,80.0,128.88075272999998,137.94875273,251.94,95.625,"Taiwan, TW",0.9827701,36994167
2026-10-10T12:06:40.131139+00:00,vast.ai,marketplace,A100 SXM4,0.9351851851851851,1,80.0,128.86975273,137.80175272999998,125.61,2915.0,"Utah, US",0.9930427,50659896
2026-10-10T12:06:40.131139+00:00,vast.ai,marketplace,RTX PRO 5000,0.936574074074074,1,47.79,165.71575273,176.93775273,62.88,1442.625,"Czechia, CZ",0.9987135,40114414
2026-10-10T12:06:40.131139+00:00,vast.ai,marketplace,RTX PRO 5000,0.9379629629629629,1,71.69,190.92375273,203.55075273,122.93,1448.0,"Colorado, US",0.989081,51501187
2026-10-10T12:06:40.131139+00:00,vast.ai,marketplace,RTX PRO 5000,0.974259259259259,1,47.79,165.12575273,169.48875273,125.84,733.25,"Arizona, US",0.9932451,53922857
2026-10-10T12:06:40.131139+00:00,vast.ai,marketplace,RTX 4090,1.0000555555555557,1,23.99,97.56175273000001,97.55575273000001,167.97,527.1666666666666,"Washington, US",0.9971357,54914322
2026-10-10T12:06:40.131139+00:00,vast.ai,marketplace,RTX 3090,1.0013888888888889,1,24.0,44.36675273,44.304752730000004,125.63,366.0,"Ontario, CA",0.9916779,52810281
2026-10-10T12:06:40.131139+00:00,vast.ai,marketplace,RTX 4090,1.0013888888888889,1,47.99,125.62475273,125.45075273,125.78,1533.5,"Washington, US",0.9987458,54790877
2026-10-10T12:06:40.131139+00:00,vast.ai,marketplace,A100 PCIE,1.0013888888888889,1,80.0,127.55175273,127.37475273,125.87,81.75,"United Kingdom, GB",0.9949439,45716570
2026-10-10T12:06:40.131139+00:00,vast.ai,marketplace,A100 PCIE,1.0013888888888889,1,80.0,5.38875273,5.38075273,125.87,13.0,"United Kingdom, GB",0.9987037,32303769
2026-10-10T12:06:40.131139+00:00,vast.ai,marketplace,RTX PRO 6000 Max-Q,1.0023148148148149,1,95.59,282.76175273,282.10875273,125.96,857.625,"Australia, AU",0.9914679,47997997
2026-10-10T12:06:40.131139+00:00,vast.ai,marketplace,RTX PRO 6000 WS,1.0060185185185184,1,95.59,281.55375273,279.86975273,125.92,694.2500000000001,"Jiangsu, CN",0.9870155,51010709
2026-10-10T12:06:40.131139+00:00,vast.ai,marketplace,RTX 5090,1.0107222222222223,1,31.84,199.41675272999998,197.30175272999998,167.84,2027.2999999999995,"Germany, DE",0.9852614,53334402
2026-10-10T12:06:40.131139+00:00,vast.ai,marketplace,RTX A2000,1.0150925925925924,1,5.99,8.57275273,8.444752730000001,125.41,6372.8,"British Columbia, CA",0.9858525,53633715
2026-10-10T12:06:40.131139+00:00,vast.ai,marketplace,RTX 5090,1.0409814814814817,1,31.84,198.90775273,191.07775273,250.48,1279.5,"Hungary, HU",0.9875212,48688097
2026-10-10T12:06:40.131139+00:00,vast.ai,marketplace,RTX 5090,1.0556481481481483,1,31.84,199.02675273,188.53575272999998,125.95,691.25,"Hungary, HU",0.99631,51102915
2026-10-10T12:06:40.131139+00:00,vast.ai,marketplace,RTX 4090,1.0675925925925926,1,23.99,96.98475273,90.84475273,30.95,1377.0,"New York, US",0.9892173,50943354
2026-10-10T12:06:40.131139+00:00,vast.ai,marketplace,RTX 4090,1.0680555555555555,1,47.99,125.43975273,117.44675273,125.75,1611.0,"Washington, US",0.995027,55079720
2026-10-10T12:06:40.131139+00:00,vast.ai,marketplace,RTX 6000D,1.0680555555555555,1,83.64,229.56175273,214.93475272999999,167.9,702.5603276531604,"California, US",0.98752,54800440
2026-10-10T12:06:40.131139+00:00,vast.ai,marketplace,RTX 5090,1.0680555555555555,1,31.84,190.38775273,178.25675273,125.84,1990.0,"Sweden, SE",0.9963022,55003401
2026-10-10T12:06:40.131139+00:00,vast.ai,marketplace,RTX 4090,1.0689814814814815,1,47.99,125.57175273,117.46875273,125.87,3000.0,"Washington, US",0.9986645,46255395
2026-10-10T12:06:40.131139+00:00,vast.ai,marketplace,A100 SXM4,1.0696495185185184,1,80.0,128.78075273,120.39475273000001,125.96,668.7250000000001,"North Carolina, US",0.9619534,53873548
2026-10-10T12:06:40.131139+00:00,vast.ai,marketplace,A100 SXM4,1.0697230185185185,1,80.0,128.74075273,120.34975273,122.02,555.4750000000001,"North Carolina, US",0.9941939,51216962
2026-10-10T12:06:40.131139+00:00,vast.ai,marketplace,A100 PCIE,1.0708333333333333,1,80.0,127.36375273,118.93875273,216.53,566.25,"Virginia, US",0.9939743,50723373
2026-10-10T12:06:40.131139+00:00,vast.ai,marketplace,A100 SXM4,1.073611111111111,1,80.0,118.93775273,110.78275273,125.96,491.16576697388143,"Texas, US",0.9974074,49067599
2026-10-10T12:06:40.131139+00:00,vast.ai,marketplace,RTX 5090,1.0956481481481481,1,31.84,199.02775272999997,181.65275272999997,125.96,1471.8125000000002,"Hungary, HU",0.9947343,52070431
2026-10-10T12:06:40.131139+00:00,vast.ai,marketplace,RTX PRO 5000,1.096574074074074,1,47.79,165.66375273,151.07475273,55.01,974.5,"Czechia, CZ",0.9987804,39270910
2026-10-10T12:06:40.131139+00:00,vast.ai,marketplace,RTX PRO 6000 WS,1.1347222222222222,1,95.59,283.57975273,249.91175273,125.72,406.0,"Ontario, CA",0.9901232,51257965
2026-10-10T12:06:40.131139+00:00,vast.ai,marketplace,RTX PRO 5000,1.136574074074074,1,47.79,165.73675272999998,145.82075272999998,125.88,925.5,"Czechia, CZ",0.9986951,39309140
2026-10-10T12:06:40.131139+00:00,vast.ai,marketplace,RTX 5090,1.1628333333333334,1,31.84,162.13975273,139.43575273,141.69,464.5,"Czechia, CZ",0.9952461,31183542
2026-10-10T12:06:40.131139+00:00,vast.ai,marketplace,RTX PRO 6000 WS,1.1742592592592593,1,95.59,283.46275273,241.39775272999998,94.19,1108.0,"North Dakota, US",0.9465695,55129714
2026-10-10T12:06:40.131139+00:00,vast.ai,marketplace,RTX 5090,1.1875925925925928,1,31.84,99.92075273,84.13775273,121.21,648.3,"Germany, DE",0.9831531,51782800
2026-10-10T12:06:40.131139+00:00,vast.ai,marketplace,RTX PRO 6000 WS,1.2013888888888888,1,95.59,283.11275273,235.65475272999998,125.27,13411.8,"Utah, US",0.9470252,42871298
2026-10-10T12:06:40.131139+00:00,vast.ai,marketplace,RTX 5060 Ti,1.2018518518518517,1,15.93,38.334752730000005,31.89675273,15.49,127.0,"Quebec, CA",0.988159,52847910
2026-10-10T12:06:40.131139+00:00,vast.ai,marketplace,RTX 6000D,1.2579629629629627,1,83.64,229.14075272999997,182.15275272999997,94.42,472.5,"Czechia, CZ",0.9929997,51063966
2026-10-10T12:06:40.131139+00:00,vast.ai,marketplace,RTX PRO 6000 WS,1.2671296296296295,1,95.59,283.11275273,223.42875272999999,251.85,1087.764352402427,"British Columbia, CA",0.9896572,51256906
2026-10-10T12:06:40.131139+00:00,vast.ai,marketplace,RTX 5090,1.267185185185185,1,31.84,198.11875272999998,156.34475272999998,61.95,702.0,"Florida, US",0.9932162,42585583
2026-10-10T12:06:40.131139+00:00,vast.ai,marketplace,RTX 5090,1.2837037037037038,1,31.84,165.61675273,129.01475273,108.05,1741.0,"California, US",0.9921927,51241847
2026-10-10T12:06:40.131139+00:00,vast.ai,marketplace,RTX 5090,1.2837037037037038,1,31.84,165.49575273,128.92075272999998,108.05,1759.0,"California, US",0.9940686,50821021
2026-10-10T12:06:40.131139+00:00,vast.ai,marketplace,RTX PRO 6000 Max-Q,1.295185185185185,1,95.59,283.22975273,218.67875272999999,998.03,1425.0,"India, IN",0.9783066,55202486
2026-10-10T12:06:40.131139+00:00,vast.ai,marketplace,RTX 5090,1.3108333333333333,1,31.84,162.36375273,123.86275273,94.43,680.1,"Czechia, CZ",0.9944218,49900246
2026-10-10T12:06:40.131139+00:00,vast.ai,marketplace,RTX PRO 6000 S,1.321388888888889,1,95.59,278.73275273,210.93975272999998,125.94,1113.375,"Utah, US",0.997395,50107109
2026-10-10T12:06:40.131139+00:00,vast.ai,marketplace,RTX PRO 6000 Max-Q,1.3250925925925927,1,95.59,283.30775273,213.80175272999998,188.68,497.45000000000005,", US",0.9979331,54240046
2026-10-10T12:06:40.131139+00:00,vast.ai,marketplace,RTX PRO 6000 WS,1.3267222222222221,1,95.59,283.67775273,213.81875273,125.55,2628.0,"Massachusetts, US",0.9986388,54063051
2026-10-10T12:06:40.131139+00:00,vast.ai,marketplace,RTX PRO 6000 Max-Q,1.3347222222222221,1,95.59,283.75575273,212.59475272999998,251.3,1355.6,"Kentucky, US",0.959564,53756040
2026-10-10T12:06:40.131139+00:00,vast.ai,marketplace,RTX PRO 6000 WS,1.3347222222222221,1,95.59,105.56375273,79.09075273,125.59,1107.5,"Nevada, US",0.9925578,53233617
2026-10-10T12:06:40.131139+00:00,vast.ai,marketplace,RTX 3090,1.3347222222222221,1,24.0,44.36475273,33.23875273,62.72,442.0,"Washington, US",0.9963133,51860372
2026-10-10T12:06:40.131139+00:00,vast.ai,marketplace,RTX PRO 5000,1.3347222222222221,1,71.69,190.97075273,143.07975273,62.71,2591.1,"Florida, US",0.9743849,53704980
2026-10-10T12:06:40.131139+00:00,vast.ai,marketplace,RTX A2000,1.3347222222222221,1,5.99,8.57575273,6.42575273,31.16,761.5,"British Columbia, CA",0.9715823,46186923
2026-10-10T12:06:40.131139+00:00,vast.ai,marketplace,RTX PRO 6000 S,1.335185185185185,1,95.59,279.12075273,209.04975273,188.92,88.375,"Bulgaria, BG",0.9982305,53556932
2026-10-10T12:06:40.131139+00:00,vast.ai,marketplace,RTX PRO 6000 S,1.3356481481481481,1,95.59,171.01975273,128.04175272999998,125.8,558.0,"Spain, ES",0.9941837,50349139
2026-10-10T12:06:40.131139+00:00,vast.ai,marketplace,RTX PRO 6000 S,1.336111111111111,1,95.59,279.97175273,209.54275273,283.09,1478.75,"France, FR",0.9128279,54921273
2026-10-10T12:06:40.131139+00:00,vast.ai,marketplace,RTX 5090,1.336111111111111,1,31.84,199.09975272999998,149.01475273,125.64,996.400000000006,"Italy, IT",0.9766244,47802004
2026-10-10T12:06:40.131139+00:00,vast.ai,marketplace,RTX PRO 6000 WS,1.341122222222222,1,95.59,282.68375273,210.78175273,94.01,1221.0,"New York, US",0.9983791,42515646
2026-10-10T12:06:40.131139+00:00,vast.ai,marketplace,RTX PRO 6000 WS,1.3728555555555555,1,95.59,282.29475272999997,205.62575273,94.08,246.0,"New York, US",0.9986017,42515613
2026-10-10T12:06:40.131139+00:00,vast.ai,marketplace,RTX PRO 6000 WS,1.4009814814814814,1,95.59,282.82075273,201.87275273,188.92,189.5,"Poland, PL",0.9955096,37051757
2026-10-10T12:06:40.131139+00:00,vast.ai,marketplace,RTX PRO 6000 WS,1.401388888888889,1,95.59,283.44375272999997,202.25875273,125.53,1074.632412021841,"Poland, PL",0.9871449,54585406
2026-10-10T12:06:40.131139+00:00,vast.ai,marketplace,RTX PRO 6000 WS,1.401388888888889,1,95.59,283.57975273,202.35675272999998,124.92,850.3119761636036,"British Columbia, CA",0.9922882,51488023
2026-10-10T12:06:40.131139+00:00,vast.ai,marketplace,RTX PRO 6000 S,1.402314814814815,1,95.59,279.52675273,199.33275272999998,188.92,155.625,"Bulgaria, BG",0.9982991,44647853
2026-10-10T12:06:40.131139+00:00,vast.ai,marketplace,RTX PRO 6000 WS,1.4151865185185186,1,95.59,261.25175272999996,184.60575272999998,125.77,1010.0,"Bulgaria, BG",0.9973168,52589232
2026-10-10T12:06:40.131139+00:00,vast.ai,marketplace,RTX PRO 6000 S,1.4464814814814817,1,95.59,279.13975273,192.97875273,188.93,118.75,"Maryland, US",0.9991899,54163796
2026-10-10T12:06:40.131139+00:00,vast.ai,marketplace,RTX PRO 6000 WS,1.4680555555555557,1,95.59,253.19875273,172.47175273,125.53,4197.5,"Virginia, US",0.9935743,53867743
2026-10-10T12:06:40.131139+00:00,vast.ai,marketplace,RTX PRO 6000 Max-Q,1.4680555555555557,1,95.59,282.70375272999996,192.56975272999998,94.42,1770.0,"Czechia, CZ",0.9786531,54270154
2026-10-10T12:06:40.131139+00:00,vast.ai,marketplace,RTX 6000D,1.4680555555555557,1,83.64,229.78475272999998,156.52275272999998,88.15,458.44523106095625,"Czechia, CZ",0.9168094,55075796
2026-10-10T12:06:40.131139+00:00,vast.ai,marketplace,RTX PRO 6000 S,1.4708333333333334,1,95.59,280.02975273,190.38875273,249.88,1158.0,"Virginia, US",0.9885597,53005989
2026-10-10T12:06:40.131139+00:00,vast.ai,marketplace,RTX PRO 6000 Max-Q,1.4722222222222223,1,95.59,280.01075273,190.19575272999998,123.9,270.75,"Norway, NO",0.9973518,54296939
2026-10-10T12:06:40.131139+00:00,vast.ai,marketplace,RTX PRO 6000 WS,1.4729481481481483,1,95.59,237.40775273,161.17875272999999,124.7,575.0,"Norway, NO",0.9963186,54909929
2026-10-10T12:06:40.131139+00:00,vast.ai,marketplace,RTX PRO 6000 Max-Q,1.4907222222222223,1,95.59,237.91375273,159.59575273,251.67,246.5,"Japan, JP",0.987793,52687954
2026-10-10T12:06:40.131139+00:00,vast.ai,marketplace,RTX PRO 6000 S,1.4942592592592594,1,95.59,279.75875272999997,187.22275273,94.42,651.8375000000001,"Bulgaria, BG",0.9852649,48905156
2026-10-10T12:06:40.131139+00:00,vast.ai,marketplace,RTX PRO 6000 WS,1.5076555555555555,1,95.59,283.44375272999997,188.00275273,123.43,1603.0,"United Kingdom, GB",0.9988084,49181284
2026-10-10T12:06:40.131139+00:00,vast.ai,marketplace,RTX 4090,1.5089814814814815,1,23.99,97.02675273,64.29975273000001,125.88,725.0,"Hungary, HU",0.9955371,50167762
2026-10-10T12:06:40.131139+00:00,vast.ai,marketplace,RTX PRO 6000 Max-Q,1.5228333333333333,1,95.59,236.05175272999998,155.00875273,125.92,1461.0,"Czechia, CZ",0.9990266,36131363
2026-10-10T12:06:40.131139+00:00,vast.ai,marketplace,RTX PRO 6000 S,1.534722222222222,1,95.59,279.68175272999997,182.23575273,239.84,340.0,"Czechia, CZ",0.9934532,55180861
2026-10-10T12:06:40.131139+00:00,vast.ai,marketplace,RTX PRO 6000 S,1.534722222222222,1,95.59,279.60375273,182.18575273,102.08,766.5,"The Netherlands, NL",0.998613,54904542
2026-10-10T12:06:40.131139+00:00,vast.ai,marketplace,RTX PRO 6000 WS,1.535185185185185,1,95.59,284.30075273,185.18975272999998,125.77,1551.25,"Sweden, SE",0.9989806,37500187
2026-10-10T12:06:40.131139+00:00,vast.ai,marketplace,RTX PRO 6000 S,1.561111111111111,1,95.59,279.54575273,179.06875273,94.42,533.5,"Bulgaria, BG",0.994175,51056496
2026-10-10T12:06:40.131139+00:00,vast.ai,marketplace,RTX PRO 6000 Max-Q,1.5969444444444445,1,95.59,282.00175272999996,176.58875272999998,141.68,1223.25,"Czechia, CZ",0.9990249,49566520
2026-10-10T12:06:40.131139+00:00,vast.ai,marketplace,RTX PRO 6000 Max-Q,1.6013888888888888,1,95.59,283.34675273,176.93775273,125.9,175.75,"Spain, ES",0.9990382,32252209
2026-10-10T12:06:40.131139+00:00,vast.ai,marketplace,RTX PRO 6000 WS,1.6018518518518516,1,95.59,283.71675273,177.11775272999998,125.55,2089.9,"Hong Kong, HK",0.997404,37649847
2026-10-10T12:06:40.131139+00:00,vast.ai,marketplace,RTX PRO 6000 WS,1.6018518518518516,1,95.59,282.50875272999997,176.36375273,110.2,1676.4,"Texas, US",0.9939276,52611622
2026-10-10T12:06:40.131139+00:00,vast.ai,marketplace,RTX 5090,1.6055555555555554,1,31.84,199.81975272999998,124.45575273,247.81,330.0,"Norway, NO",0.9984871,50806300
2026-10-10T12:06:40.131139+00:00,vast.ai,marketplace,RTX PRO 6000 WS,1.6675925925925927,1,95.59,283.52175273,170.01875273,125.52,2602.5,"Minnesota, US",0.8955233,54920289
2026-10-10T12:06:40.131139+00:00,vast.ai,marketplace,RTX PRO 6000 WS,1.6675925925925927,1,95.59,283.67775273,170.11175272999998,186.28,3123.0463798603823,"Minnesota, US",0.9350068,54893064
2026-10-10T12:06:40.131139+00:00,vast.ai,marketplace,RTX PRO 6000 Max-Q,1.6685185185185185,1,95.59,283.34675273,169.81875273,125.57,1514.0,"Norway, NO",0.9938713,55005208
2026-10-10T12:06:40.131139+00:00,vast.ai,marketplace,RTX PRO 6000 WS,1.6694444444444445,1,95.59,283.69675273,169.93475272999999,125.58,2508.0,"Texas, US",0.994436,51489157
2026-10-10T12:06:40.131139+00:00,vast.ai,marketplace,RTX PRO 6000 WS,1.6736111111111112,1,95.59,283.44375272999997,169.36075273,121.18,964.0,"California, US",0.9874316,50460702
2026-10-10T12:06:40.131139+00:00,vast.ai,marketplace,RTX PRO 6000 Max-Q,1.7290370370370372,1,95.59,283.44375272999997,163.93175273,125.94,1141.125,"Czechia, CZ",0.9841414,30474091
2026-10-10T12:06:40.131139+00:00,vast.ai,marketplace,RTX PRO 6000 S,1.7347222222222223,1,95.59,279.44975273,161.09175273,125.93,986.875,"Texas, US",0.9986882,45019614
2026-10-10T12:06:40.131139+00:00,vast.ai,marketplace,H100 SXM,1.7347222222222223,1,79.65,290.31575273,167.35575272999998,125.88,34.25,"Washington, US",0.9988351,40179475
2026-10-10T12:06:40.131139+00:00,vast.ai,marketplace,H100 SXM,1.7347222222222223,1,79.65,289.39275273,166.82375273,125.88,26.5,"Washington, US",0.999082,40291942
2026-10-10T12:06:40.131139+00:00,vast.ai,marketplace,RTX PRO 6000 S,1.7351851851851852,1,95.59,279.13975273,160.87075273,125.87,1020.25,"Texas, US",0.9832357,54022657
2026-10-10T12:06:40.131139+00:00,vast.ai,marketplace,RTX PRO 6000 Max-Q,1.7632037037037036,1,95.59,282.82075273,160.40175273,125.92,344.5,"Czechia, CZ",0.9972353,47792407
2026-10-10T12:06:40.131139+00:00,vast.ai,marketplace,RTX PRO 6000 WS,1.8824225185185186,1,95.59,127.94375273,67.96775273,123.41,1316.0,"Bulgaria, BG",0.9928137,53524652
2026-10-10T12:06:40.131139+00:00,vast.ai,marketplace,RTX 4090,2.001388888888889,1,23.99,97.13575273000001,48.53475273,125.71,1348.0,"Ontario, CA",0.9966351,52814544
2026-10-10T12:06:40.131139+00:00,vast.ai,marketplace,RTX PRO 6000 WS,2.002314814814815,1,95.59,283.17075273,141.42175272999998,503.54,12646.0,"Maryland, US",0.9927814,54901712
2026-10-10T12:06:40.131139+00:00,vast.ai,marketplace,H100 PCIE,2.010205675925926,1,79.65,255.83575273,127.26875273,250.48,622.375,"South Africa, ZA",0.9934984,54467136
2026-10-10T12:06:40.131139+00:00,vast.ai,marketplace,H100 SXM,2.0418518518518516,1,79.65,343.61875273,168.28775273,92.01,816.0,"Germany, DE",0.9955811,50262229
2026-10-10T12:06:40.131139+00:00,vast.ai,marketplace,H100 NVL,2.3019444444444543,1,93.58,378.00175272999996,164.20975273,123.43,2704.0,"Kansas, US",0.9986913,27615974
2026-10-10T12:06:40.131139+00:00,vast.ai,marketplace,H100 SXM,2.406388888888889,1,79.65,356.99075273,148.35175273,377.84,307.0,"Montana, US",0.9294712,54223887
2026-10-10T12:06:40.131139+00:00,vast.ai,marketplace,H100 NVL,2.468055555555556,1,93.58,359.25375273,145.56175273,188.69,30.0,", US",0.9992591,33610858
2026-10-10T12:06:40.131139+00:00,vast.ai,marketplace,RTX PRO 6000 WS,2.4736111111111114,1,95.59,283.28775272999997,114.52375273,251.49,1138.5,"New Jersey, US",0.9643322,51371152
2026-10-10T12:06:40.131139+00:00,vast.ai,marketplace,H100 NVL,2.534259259259259,1,93.58,377.68775273,149.03275273,188.94,3156.35,"Bulgaria, BG",0.9331147,54537994
2026-10-10T12:06:40.131139+00:00,vast.ai,marketplace,H100 PCIE,2.5881259259259255,1,79.65,256.15975273,98.97575273,62.84,302.53374631316854,"Czechia, CZ",0.9898304,50491381
2026-10-10T12:06:40.131139+00:00,vast.ai,marketplace,H100 NVL,2.757388888888889,1,93.58,357.58075273,129.68075273,94.21,666.5,"Texas, US",0.9982474,35408172
2026-10-10T12:06:40.131139+00:00,vast.ai,marketplace,H100 NVL,2.934722222222217,1,93.58,347.83775273,118.52475273,314.69,311.6,"Ireland, IE",0.9848394,55201867
2026-10-10T12:06:40.131139+00:00,vast.ai,marketplace,H100 SXM,3.2180555555555554,1,79.65,323.63275273,100.56775273,110.19,1053.0,"Czechia, CZ",0.9951999,41555526
2026-10-10T12:06:40.131139+00:00,vast.ai,marketplace,H100 NVL,3.9374074074074077,1,93.58,377.18275273,95.79475273,188.94,558.625,"Czechia, CZ",0.9956051,31183486
2026-10-10T12:06:40.131139+00:00,vast.ai,marketplace,H200 NVL,4.0018518518518515,1,140.4,436.68875273,109.12175273,335.82,2022.0666666666666,"New Mexico, US",0.9758876,53278646
2026-10-10T12:06:40.131139+00:00,vast.ai,marketplace,H200 NVL,4.201851851851852,1,140.4,453.45575273,107.91875273000001,335.82,2099.2666666666664,"New Mexico, US",0.9658354,53278104
2026-10-10T12:06:40.131139+00:00,vast.ai,marketplace,H200 NVL,4.206944444444445,1,140.4,438.87175272999997,104.32075273,125.77,1076.5,"Washington, US",0.9948003,54868594
2026-10-10T12:06:40.131139+00:00,vast.ai,marketplace,H200 NVL,4.246944444444445,1,140.4,366.35175273,86.26275273,125.76,696.0,"Washington, US",0.985134,54174012
2026-10-10T12:06:40.131139+00:00,vast.ai,marketplace,H200 NVL,4.246944444444445,1,140.4,413.63775273,97.39675273,167.91,831.0,"Washington, US",0.9974462,45315037
2026-10-10T12:06:40.131139+00:00,vast.ai,marketplace,H200 NVL,4.385611111111111,1,140.4,452.91175273,103.27275273000001,188.39,359.25,"Texas, US",0.869548,55146271
2026-10-10T12:06:40.131139+00:00,vast.ai,marketplace,H200,4.87280701754386,1,140.4,494.10075273,101.39975273,251.94,2599.125,"Czechia, CZ",0.9906993,29522440
2026-10-10T12:06:40.131139+00:00,vast.ai,marketplace,H200,5.0027412280701755,1,140.4,214.77375272999998,42.93175273,188.93,623.1,"Germany, DE",0.9831149,53594629
2026-10-10T12:06:40.131139+00:00,vast.ai,marketplace,H200 NVL,5.404537037037037,1,140.4,452.82975273,83.78675273,251.93,1402.25,"Czechia, CZ",0.9978821,21829064
2026-10-10T12:06:40.131139+00:00,vast.ai,marketplace,H100 SXM,6.128055555555555,1,79.65,303.85875273,49.584752730000005,221.46,2275.0,", US",0.9983493,36346699
2026-10-10T12:06:40.131139+00:00,vast.ai,marketplace,B200,6.251302083333333,1,179.06,679.62175273,108.71675273,249.5,1485.851768819002,"Oregon, US",0.9934991,51577289
2026-10-10T12:06:40.131139+00:00,vast.ai,marketplace,B200,6.251302083333333,1,179.06,680.38575273,108.83875273,249.5,2711.8970098357554,"Oregon, US",0.9974608,51575931
2026-10-10T12:06:40.131139+00:00,vast.ai,marketplace,B200,7.506510416666668,1,179.06,509.85275272999996,67.92175273000001,354.07,652.2199999999978,"Virginia, US",0.9952421,54250109
2026-10-10T12:06:40.131139+00:00,vast.ai,marketplace,B200,8.606510416666666,1,179.06,652.40975273,75.80475273,283.43,156.64296085436126,"Maryland, US",0.9938965,54863686
2026-10-10T12:06:40.131139+00:00,vast.ai,marketplace,RTX 5090,9.334898148148149,1,31.84,195.13275273,20.903752729999997,31.36,840.5,"Taiwan, TW",0.9912101,53630594
2026-10-10T12:06:40.131139+00:00,vast.ai,marketplace,B200,9.381510416666666,1,179.06,691.6197527300001,73.72175273,249.5,2298.9934829594813,", US",0.9962472,51061894
2026-10-10T12:06:40.131139+00:00,vast.ai,marketplace,B300,9.801302083333333,1,268.59,888.0477527300001,90.60575273,377.91,248.35000000000002,"Colorado, US",0.9951252,54754626
2026-10-10T12:06:40.131139+00:00,vast.ai,marketplace,B300,9.938802083333334,1,268.59,359.92075273,36.21375273,251.94,636.2522385013216,"Croatia, HR",0.9727655,54483091
2026-10-10T12:06:40.131139+00:00,vast.ai,marketplace,H200 NVL,10.67148148148148,1,140.4,452.20975273,42.37575273,188.9,1720.5,"Czechia, CZ",0.9975613,47386263
