collected_at,provider,tier,gpu_model,price_usd_per_hr,num_gpus,gpu_ram_gb,dlperf,dlperf_per_dollar,cpu_ram_gb,disk_space_gb,region,reliability,offer_id
2026-09-29T12:22:49.058133+00:00,vast.ai,marketplace,Quadro P2000,0.02851851851851852,1,5.0,1.017837997,35.687837996999995,6.83,31.9625,"Nevada, US",0.9943074,49574215
2026-09-29T12:22:49.058133+00:00,vast.ai,marketplace,GTX 1070,0.04805555555555556,1,8.0,2.612837997,54.372837997,8.96,150.49719282710726,"South Korea, KR",0.9866088,48484312
2026-09-29T12:22:49.058133+00:00,vast.ai,marketplace,GTX 1070,0.04805555555555556,1,8.0,2.629837997,54.725837997,8.96,61.67267219969661,"South Korea, KR",0.9905305,47060246
2026-09-29T12:22:49.058133+00:00,vast.ai,marketplace,Titan Xp,0.04805555555555556,1,12.0,5.757837996999999,119.80883799700001,8.96,91.85918367346939,"South Korea, KR",0.99298,48455473
2026-09-29T12:22:49.058133+00:00,vast.ai,marketplace,Titan Xp,0.04805555555555556,1,12.0,5.757837996999999,119.80883799700001,8.96,74.42644100730485,"South Korea, KR",0.9916076,32784732
2026-09-29T12:22:49.058133+00:00,vast.ai,marketplace,GTX 1070,0.049388888888888885,1,8.0,2.497837997,50.575837997,7.82,59.26169252334233,"South Korea, KR",0.9975056,50595366
2026-09-29T12:22:49.058133+00:00,vast.ai,marketplace,GTX 1070,0.049388888888888885,1,8.0,2.662837997,53.910837996999994,15.62,325.5,"South Korea, KR",0.9938396,50016781
2026-09-29T12:22:49.058133+00:00,vast.ai,marketplace,GTX 1070,0.049388888888888885,1,8.0,2.497837997,50.575837997,7.78,133.5,"South Korea, KR",0.9979088,50037971
2026-09-29T12:22:49.058133+00:00,vast.ai,marketplace,GTX 1070,0.049388888888888885,1,8.0,2.612837997,52.904837997,15.61,164.2,"South Korea, KR",0.9981345,47671684
2026-09-29T12:22:49.058133+00:00,vast.ai,marketplace,GTX 1070,0.050722222222222224,1,8.0,2.497837997,49.246837997,15.62,183.0,"South Korea, KR",0.9876181,50850384
2026-09-29T12:22:49.058133+00:00,vast.ai,marketplace,Quadro P4000,0.05344444444444444,1,8.0,2.0838379970000003,38.987837997,31.44,219.29999999999998,"Nevada, US",0.9959953,48453750
2026-09-29T12:22:49.058133+00:00,vast.ai,marketplace,Quadro P4000,0.054259259259259264,1,8.0,2.0838379970000003,38.402837997,15.6,306.5,"Missouri, US",0.9964352,45958967
2026-09-29T12:22:49.058133+00:00,vast.ai,marketplace,GTX 1080,0.05472222222222223,1,8.0,3.351837997,61.243837997,10.46,217.66666666666666,"South Korea, KR",0.9964094,50870183
2026-09-29T12:22:49.058133+00:00,vast.ai,marketplace,GTX 1080,0.05472222222222223,1,8.0,3.374837997,61.657837996999994,7.72,128.0,"South Korea, KR",0.9978354,50608976
2026-09-29T12:22:49.058133+00:00,vast.ai,marketplace,GTX 1080,0.05472222222222223,1,8.0,3.330837997,60.861837996999995,31.18,153.0,"South Korea, KR",0.9979975,51265402
2026-09-29T12:22:49.058133+00:00,vast.ai,marketplace,GTX 1080,0.05472222222222223,1,8.0,3.330837997,60.861837996999995,10.46,265.5,"South Korea, KR",0.9916067,52708528
2026-09-29T12:22:49.058133+00:00,vast.ai,marketplace,GTX 1080,0.05472222222222223,1,8.0,3.330837997,60.861837996999995,15.54,155.0,"South Korea, KR",0.998055,52708889
2026-09-29T12:22:49.058133+00:00,vast.ai,marketplace,GTX 1080,0.05472222222222223,1,8.0,3.351837997,61.243837997,15.52,163.8,"South Korea, KR",0.992761,52708846
2026-09-29T12:22:49.058133+00:00,vast.ai,marketplace,Titan Xp,0.05472222222222223,1,12.0,5.757837996999999,105.21283799700001,10.45,238.84522167989508,"South Korea, KR",0.9914201,48369184
2026-09-29T12:22:49.058133+00:00,vast.ai,marketplace,Titan Xp,0.05472222222222223,1,12.0,5.757837996999999,105.21283799700001,10.46,252.55622600679067,"South Korea, KR",0.991751,48474937
2026-09-29T12:22:49.058133+00:00,vast.ai,marketplace,Titan Xp,0.05472222222222223,1,12.0,5.757837996999999,105.21283799700001,10.45,258.15,"South Korea, KR",0.992748,48453500
2026-09-29T12:22:49.058133+00:00,vast.ai,marketplace,GTX TITAN X,0.05472222222222223,1,12.0,3.355837997,61.310837997,7.73,76.15,"South Korea, KR",0.9971453,51832512
2026-09-29T12:22:49.058133+00:00,vast.ai,marketplace,GTX TITAN X,0.05472222222222223,1,12.0,3.355837997,61.310837997,15.51,59.09999999999995,"South Korea, KR",0.9744642,52856994
2026-09-29T12:22:49.058133+00:00,vast.ai,marketplace,GTX TITAN X,0.05472222222222223,1,12.0,3.355837997,61.310837997,15.51,127.0,"South Korea, KR",0.9441644,52856971
2026-09-29T12:22:49.058133+00:00,vast.ai,marketplace,GTX TITAN X,0.05472222222222223,1,12.0,3.355837997,61.310837997,7.76,134.75,"South Korea, KR",0.9879279,45748277
2026-09-29T12:22:49.058133+00:00,vast.ai,marketplace,GTX TITAN X,0.05472222222222223,1,12.0,3.355837997,61.310837997,15.51,115.0,"South Korea, KR",0.9968759,51983237
2026-09-29T12:22:49.058133+00:00,vast.ai,marketplace,RTX 3060,0.05472222222222223,1,12.0,12.269837997,224.20783799699998,18.83,83.1490332008122,"Quebec, CA",0.9985323,44437556
2026-09-29T12:22:49.058133+00:00,vast.ai,marketplace,RTX 3060,0.05472222222222223,1,12.0,12.413837997,226.839837997,15.57,131.0,"South Korea, KR",0.9868421,48732351
2026-09-29T12:22:49.058133+00:00,vast.ai,marketplace,RTX 3060 Ti,0.05472222222222223,1,8.0,13.145837997,240.226837997,7.76,42.0,"South Korea, KR",0.9950695,49263535
2026-09-29T12:22:49.058133+00:00,vast.ai,marketplace,RTX 3060,0.05611111111111111,1,12.0,12.272837997,218.72483799699998,23.59,340.3125,"United States, US",0.9909158,50121242
2026-09-29T12:22:49.058133+00:00,vast.ai,marketplace,RTX 3060,0.05692592592592593,1,12.0,12.548837997,220.431837997,25.15,288.7641415446503,"British Columbia, CA",0.9944309,19958704
2026-09-29T12:22:49.058133+00:00,vast.ai,marketplace,GTX 1660 S,0.05738888888888889,1,6.0,1.712837997,29.833837997,15.61,187.0,"Vietnam, VN",0.9941988,25320172
2026-09-29T12:22:49.058133+00:00,vast.ai,marketplace,GTX 1660 S,0.05738888888888889,1,6.0,1.712837997,29.833837997,15.61,53.0,"Vietnam, VN",0.9949043,25240859
2026-09-29T12:22:49.058133+00:00,vast.ai,marketplace,RTX 2060,0.060277777777777784,1,12.0,3.941837997,65.39183799700001,8.96,137.28571428571428,"South Korea, KR",0.995786,35050679
2026-09-29T12:22:49.058133+00:00,vast.ai,marketplace,RTX 3060,0.06092592592592593,1,12.0,12.334837997,202.449837997,15.63,380.0,"Poland, PL",0.9983778,45602526
2026-09-29T12:22:49.058133+00:00,vast.ai,marketplace,RTX 3060,0.06092592592592593,1,12.0,11.246837997,184.589837997,15.63,361.5,"Poland, PL",0.9976122,45600746
2026-09-29T12:22:49.058133+00:00,vast.ai,marketplace,RTX 3060,0.061388888888888896,1,12.0,12.264837996999999,199.786837997,15.56,129.3,"South Korea, KR",0.995257,50036201
2026-09-29T12:22:49.058133+00:00,vast.ai,marketplace,RTX 2060,0.061388888888888896,1,12.0,4.0268379969999994,65.583837997,10.46,200.47289267345732,"South Korea, KR",0.9945086,49698952
2026-09-29T12:22:49.058133+00:00,vast.ai,marketplace,RTX 2070,0.061388888888888896,1,8.0,4.104837997,66.85583799700001,7.77,175.0,"South Korea, KR",0.9916383,49868123
2026-09-29T12:22:49.058133+00:00,vast.ai,marketplace,RTX 3060,0.0637037037037037,1,12.0,12.473837997,195.80783799699998,31.42,9.5,"Wisconsin, US",0.9993355,45640325
2026-09-29T12:22:49.058133+00:00,vast.ai,marketplace,GTX 1080 Ti,0.06405555555555556,1,11.0,5.212837996999999,81.37383799700001,7.73,186.0,"South Korea, KR",0.9962128,50029620
2026-09-29T12:22:49.058133+00:00,vast.ai,marketplace,GTX 1080 Ti,0.06405555555555556,1,11.0,5.212837996999999,81.37383799700001,7.73,182.5,"South Korea, KR",0.9963191,50029567
2026-09-29T12:22:49.058133+00:00,vast.ai,marketplace,RTX 3060,0.06405555555555556,1,12.0,12.407837997,193.692837997,10.46,219.83333333333331,"South Korea, KR",0.9953109,38722759
2026-09-29T12:22:49.058133+00:00,vast.ai,marketplace,RTX 3060,0.06405555555555556,1,12.0,12.336837997,192.59383799699998,10.45,200.5,"South Korea, KR",0.9942941,45389040
2026-09-29T12:22:49.058133+00:00,vast.ai,marketplace,RTX 3060,0.06427777777777777,1,12.0,12.242837997,190.466837997,31.35,345.5,"Norway, NO",0.9942501,52384152
2026-09-29T12:22:49.058133+00:00,vast.ai,marketplace,RTX 2060S,0.06538888888888889,1,8.0,3.9868379970000003,60.972837997,15.59,121.5,"Vietnam, VN",0.9616218,30053150
2026-09-29T12:22:49.058133+00:00,vast.ai,marketplace,RTX 3060,0.06672222222222224,1,12.0,10.045837997,150.553837997,25.18,89.69829876956862,"Quebec, CA",0.9357879,53137665
2026-09-29T12:22:49.058133+00:00,vast.ai,marketplace,RTX 3060,0.06759259259259259,1,12.0,12.190837997,180.35683799699999,15.65,88.5,"Romania, RO",0.9983811,42699570
2026-09-29T12:22:49.058133+00:00,vast.ai,marketplace,GTX 1080 Ti,0.06805555555555555,1,11.0,5.212837996999999,76.591837997,15.52,135.0,"South Korea, KR",0.9933083,50027024
2026-09-29T12:22:49.058133+00:00,vast.ai,marketplace,GTX 1080 Ti,0.06805555555555555,1,11.0,5.212837996999999,76.591837997,15.64,292.0,"South Korea, KR",0.9973348,51203225
2026-09-29T12:22:49.058133+00:00,vast.ai,marketplace,Titan Xp,0.06805555555555555,1,12.0,5.158837997,75.804837997,8.96,106.14285714285714,"South Korea, KR",0.995999,32787365
2026-09-29T12:22:49.058133+00:00,vast.ai,marketplace,RTX 2070,0.06805555555555555,1,8.0,4.104837997,60.306837996999995,7.82,367.35,"South Korea, KR",0.9786029,50701341
2026-09-29T12:22:49.058133+00:00,vast.ai,marketplace,GTX 1080 Ti,0.06833333333333333,1,11.0,5.452837997,79.792837997,15.57,142.0,"Spain, ES",0.9911686,50865915
2026-09-29T12:22:49.058133+00:00,vast.ai,marketplace,GTX 1080 Ti,0.06898148148148148,1,11.0,5.212837996999999,75.56383799700001,31.28,43.0,"South Korea, KR",0.9978034,40234662
2026-09-29T12:22:49.058133+00:00,vast.ai,marketplace,GTX 1080 Ti,0.06898148148148148,1,11.0,5.212837996999999,75.56383799700001,31.28,82.0,"South Korea, KR",0.9978351,52706152
2026-09-29T12:22:49.058133+00:00,vast.ai,marketplace,RTX 3060,0.06944444444444445,1,12.0,12.266837997,176.643837997,23.59,161.65,"California, US",0.9971036,50492816
2026-09-29T12:22:49.058133+00:00,vast.ai,marketplace,RTX 3060,0.07425925925925926,1,12.0,12.548837997,168.976837997,20.22,328.5076754648533,"Finland, FI",0.9726502,52309005
2026-09-29T12:22:49.058133+00:00,vast.ai,marketplace,RTX 3070,0.07472222222222222,1,8.0,9.108837997,121.898837997,23.49,113.25,"France, FR",0.9948152,34922918
2026-09-29T12:22:49.058133+00:00,vast.ai,marketplace,RTX 3060 laptop,0.07518518518518519,1,12.0,12.781837997,170.005837997,15.66,165.0,"New Zealand, NZ",0.9991632,52900635
2026-09-29T12:22:49.058133+00:00,vast.ai,marketplace,RTX A2000,0.07692592592592593,1,5.99,8.572837996999999,111.43583799700001,62.85,759.5,"British Columbia, CA",0.9978681,44117225
2026-09-29T12:22:49.058133+00:00,vast.ai,marketplace,RTX 3060 laptop,0.07785185185185185,1,12.0,12.781837997,164.18283799699998,31.32,257.0,"New Zealand, NZ",0.9836373,52544510
2026-09-29T12:22:49.058133+00:00,vast.ai,marketplace,RTX 3060,0.08005555555555555,1,12.0,11.977837997,149.620837997,20.97,193.96642248930561,"Thailand, TH",0.976287,52389471
2026-09-29T12:22:49.058133+00:00,vast.ai,marketplace,GTX 1080 Ti,0.08138888888888889,1,11.0,5.212837996999999,64.04383799700001,8.96,105.82857142857142,"South Korea, KR",0.9962309,52603641
2026-09-29T12:22:49.058133+00:00,vast.ai,marketplace,RTX 3060,0.08148148148148149,1,12.0,12.407837997,152.268837997,15.47,159.0,"Mexico, MX",0.9975767,44231627
2026-09-29T12:22:49.058133+00:00,vast.ai,marketplace,RTX 4060,0.08185185185185186,1,8.0,15.645837997,191.14083799699998,15.72,45.36250000000001,"Nevada, US",0.9951398,49481972
2026-09-29T12:22:49.058133+00:00,vast.ai,marketplace,RTX 3070,0.08185185185185186,1,8.0,16.279837997,198.888837997,41.89,259.3333333333333,"Nevada, US",0.968327,52448184
2026-09-29T12:22:49.058133+00:00,vast.ai,marketplace,RTX 4060,0.08277777777777778,1,8.0,15.653837997,189.10083799699999,15.72,126.625,"Nevada, US",0.9911548,50944076
2026-09-29T12:22:49.058133+00:00,vast.ai,marketplace,RTX 3060,0.08462962962962964,1,12.0,12.274837996999999,145.036837997,31.35,336.5,"Quebec, CA",0.9959302,50115833
2026-09-29T12:22:49.058133+00:00,vast.ai,marketplace,RTX 3060,0.08669444444444445,1,12.0,12.376837996999999,142.756837997,20.95,185.84017116240943,"Pennsylvania, US",0.9389088,53252583
2026-09-29T12:22:49.058133+00:00,vast.ai,marketplace,RTX 3060,0.08731481481481482,1,12.0,12.344837996999999,141.38483799699998,62.91,2628.0,"Quebec, CA",0.9935086,53351184
2026-09-29T12:22:49.058133+00:00,vast.ai,marketplace,RTX 3070,0.08777777777777779,1,8.0,16.274837997000002,185.40983799699998,15.63,717.0,"Missouri, US",0.9779159,52906968
2026-09-29T12:22:49.058133+00:00,vast.ai,marketplace,Q RTX 4000,0.08805555555555555,1,8.0,4.104837997,46.609837997,31.26,235.0,"Argentina, AR",0.992842,37282264
2026-09-29T12:22:49.058133+00:00,vast.ai,marketplace,RTX 3060 laptop,0.08851851851851852,1,12.0,12.782837997,144.40983799699998,15.59,365.5,"New Zealand, NZ",0.9977446,50497809
2026-09-29T12:22:49.058133+00:00,vast.ai,marketplace,RTX A4000,0.0915925925925926,1,15.99,21.185837997,231.298837997,125.96,1271.9788249488097,"Japan, JP",0.9785376,43678944
2026-09-29T12:22:49.058133+00:00,vast.ai,marketplace,RTX A4000,0.0915925925925926,1,15.99,19.532837997,213.250837997,41.93,79.66666666666666,"Japan, JP",0.9877544,49634065
2026-09-29T12:22:49.058133+00:00,vast.ai,marketplace,RTX A4000,0.0915925925925926,1,15.99,17.919837997000002,195.64783799699998,41.93,85.16666666666666,"Japan, JP",0.9869742,49633878
2026-09-29T12:22:49.058133+00:00,vast.ai,marketplace,Q RTX 4000,0.09472222222222222,1,8.0,4.104837997,43.328837997,62.73,315.0,"United Kingdom, GB",0.9975557,45261185
2026-09-29T12:22:49.058133+00:00,vast.ai,marketplace,RTX 3080,0.09472222222222222,1,10.0,26.963837997000002,284.65383799700004,15.54,48.0,"South Korea, KR",0.992711,52157129
2026-09-29T12:22:49.058133+00:00,vast.ai,marketplace,RTX 3060 Ti,0.09472222222222222,1,8.0,13.757837997,145.24383799699999,41.9,271.3333333333333,"Quebec, CA",0.952786,52514846
2026-09-29T12:22:49.058133+00:00,vast.ai,marketplace,Tesla V100,0.09518518518518519,1,32.0,25.713837997000002,270.137837997,31.47,738.625,"California, US",0.9198906,53347174
2026-09-29T12:22:49.058133+00:00,vast.ai,marketplace,Tesla P100,0.09564814814814815,1,16.0,6.4898379969999995,67.848837997,23.23,704.4995321224895,"Texas, US",0.9786075,48743421
2026-09-29T12:22:49.058133+00:00,vast.ai,marketplace,Tesla P100,0.09564814814814815,1,16.0,6.4898379969999995,67.848837997,39.01,499.65,"Texas, US",0.9944611,48981926
2026-09-29T12:22:49.058133+00:00,vast.ai,marketplace,RTX 3070,0.09611111111111112,1,8.0,16.278837997,169.369837997,23.59,174.2625,"California, US",0.9985966,50148846
2026-09-29T12:22:49.058133+00:00,vast.ai,marketplace,RTX 3070,0.09611111111111112,1,8.0,16.279837997,169.380837997,31.23,345.0,"Spain, ES",0.9848148,51710062
2026-09-29T12:22:49.058133+00:00,vast.ai,marketplace,RTX 5060,0.10018518518518518,1,7.96,28.227837997,281.750837997,30.45,468.0,"India, IN",0.9543423,48558059
2026-09-29T12:22:49.058133+00:00,vast.ai,marketplace,RTX A4000,0.10027777777777779,1,15.99,15.777837996999999,157.339837997,31.42,332.4,"Germany, DE",0.9888094,50614342
2026-09-29T12:22:49.058133+00:00,vast.ai,marketplace,RTX A4000,0.1063148148148148,1,15.99,21.193837997000003,199.34383799699998,39.26,319.85,"Estonia, EE",0.9971139,46119331
2026-09-29T12:22:49.058133+00:00,vast.ai,marketplace,Tesla P40,0.10672222222222222,1,24.0,5.879837996999999,55.087837997,62.81,682.75,"Thailand, TH",0.9911271,47185200
2026-09-29T12:22:49.058133+00:00,vast.ai,marketplace,Q RTX 5000,0.1075925925925926,1,16.0,6.974837997,64.82583799700001,31.34,251.0,"Spain, ES",0.9970154,51030538
2026-09-29T12:22:49.058133+00:00,vast.ai,marketplace,RTX A4000,0.10805555555555556,1,15.99,21.626837997000003,200.14083799699998,39.28,220.83626449624734,"Delaware, US",0.9994695,45415097
2026-09-29T12:22:49.058133+00:00,vast.ai,marketplace,RTX 3080,0.10805555555555556,1,10.0,25.783837997000003,238.615837997,15.67,390.25,"South Korea, KR",0.9963136,45173971
2026-09-29T12:22:49.058133+00:00,vast.ai,marketplace,RTX 3080,0.10805555555555556,1,10.0,25.584837997,236.769837997,15.67,404.85,"South Korea, KR",0.9940085,47465903
2026-09-29T12:22:49.058133+00:00,vast.ai,marketplace,RTX 3080,0.10805555555555556,1,10.0,26.962837997,249.520837997,7.59,135.0,"South Korea, KR",0.997308,48452986
2026-09-29T12:22:49.058133+00:00,vast.ai,marketplace,RTX 3060 Ti,0.10805555555555556,1,8.0,12.761837996999999,118.103837997,15.54,118.0,"Argentina, AR",0.9896988,53268849
2026-09-29T12:22:49.058133+00:00,vast.ai,marketplace,RTX A4000,0.10898148148148148,1,15.99,21.177837997,194.318837997,47.22,342.3375,"Estonia, EE",0.9838531,51587982
2026-09-29T12:22:49.058133+00:00,vast.ai,marketplace,RTX 3060,0.10898148148148148,1,12.0,12.265837997,112.545837997,31.46,162.00000000000003,"Norway, NO",0.9984372,13388143
2026-09-29T12:22:49.058133+00:00,vast.ai,marketplace,RTX A2000,0.10898148148148148,1,5.99,8.576837997,78.69783799700001,62.89,732.0,"Norway, NO",0.9967196,29318075
2026-09-29T12:22:49.058133+00:00,vast.ai,marketplace,RTX A4000,0.11251851851851853,1,15.99,21.191837997,188.33883799699998,31.24,1517.5,"Michigan, US",0.9975223,41839112
2026-09-29T12:22:49.058133+00:00,vast.ai,marketplace,RTX 3090,0.1126851851851852,1,24.0,26.793837997,237.77183799699998,31.47,151.375,"Jiangsu, CN",0.9765203,45465070
2026-09-29T12:22:49.058133+00:00,vast.ai,marketplace,RTX 4070S,0.1126851851851852,1,11.99,19.451837997000002,172.621837997,11.78,161.75,"United States, US",0.9935779,42643524
2026-09-29T12:22:49.058133+00:00,vast.ai,marketplace,RTX 2080 Ti,0.11338888888888889,1,22.0,11.045837997,97.41583799700001,31.44,125.3136865258802,"Thailand, TH",0.9737506,51470055
2026-09-29T12:22:49.058133+00:00,vast.ai,marketplace,RTX 2080 Ti,0.11338888888888889,1,22.0,11.045837997,97.41583799700001,17.97,159.78571428571428,"Thailand, TH",0.9785547,50286316
2026-09-29T12:22:49.058133+00:00,vast.ai,marketplace,RTX 3060 Ti,0.11435185185185186,1,8.0,11.082837997,96.917837997,7.61,287.0,"Spain, ES",0.9947396,46485962
2026-09-29T12:22:49.058133+00:00,vast.ai,marketplace,RTX 3060 Ti,0.11447222222222223,1,8.0,13.965837997,121.997837997,15.52,412.0,"France, FR",0.9944784,53170012
2026-09-29T12:22:49.058133+00:00,vast.ai,marketplace,RTX A4000,0.11564814814814815,1,15.99,21.186837997,183.20083799699998,71.95,902.8906888790092,"Estonia, EE",0.9573064,52396042
2026-09-29T12:22:49.058133+00:00,vast.ai,marketplace,RTX 4060 Ti,0.12013888888888889,1,16.0,22.522837997,187.47483799699998,23.57,268.82500000000005,"Jiangsu, CN",0.9940674,49517349
2026-09-29T12:22:49.058133+00:00,vast.ai,marketplace,RTX A4000,0.1213888888888889,1,15.99,21.191837997,174.57683799699998,18.17,111.25,"Delaware, US",0.9994638,46653912
2026-09-29T12:22:49.058133+00:00,vast.ai,marketplace,RTX A4000,0.1213888888888889,1,15.99,20.666837997000002,170.25383799699998,15.67,145.28571428571428,"Utah, US",0.9630749,50588422
2026-09-29T12:22:49.058133+00:00,vast.ai,marketplace,RTX 3070,0.1213888888888889,1,8.0,16.277837997000002,134.090837997,31.26,376.5,"Japan, JP",0.9958293,51773111
2026-09-29T12:22:49.058133+00:00,vast.ai,marketplace,RTX 3070,0.12139022222222223,1,8.0,16.450837997,135.51683799699998,20.93,101.66666666666669,"Oklahoma, US",0.9894951,53049419
2026-09-29T12:22:49.058133+00:00,vast.ai,marketplace,RTX 3070 Ti,0.12231481481481482,1,8.0,18.314837997,149.73183799699999,31.41,355.2633556087871,"Norway, NO",0.9973599,36538843
2026-09-29T12:22:49.058133+00:00,vast.ai,marketplace,RTX 3060 Ti,0.12231481481481482,1,8.0,13.773837997,112.603837997,31.28,304.0,"Colorado, US",0.977161,51274554
2026-09-29T12:22:49.058133+00:00,vast.ai,marketplace,RTX 4060 Ti,0.12473360325925925,1,16.0,22.516837997,180.520837997,23.57,144.0,"California, US",0.9543996,52442687
2026-09-29T12:22:49.058133+00:00,vast.ai,marketplace,RTX 4060 Ti,0.1332962962962963,1,16.0,22.691837997,170.232837997,31.45,104.60000000000001,"Quebec, CA",0.9990803,53264139
2026-09-29T12:22:49.058133+00:00,vast.ai,marketplace,RTX 5060 Ti,0.1333888888888889,1,15.93,38.524837997,288.81283799700003,31.41,66.25,"Quebec, CA",0.9984352,53137498
2026-09-29T12:22:49.058133+00:00,vast.ai,marketplace,Tesla P40,0.13472222222222222,1,22.5,5.7478379969999995,42.663837996999995,94.38,144.5,"Mexico, MX",0.9705408,52362837
2026-09-29T12:22:49.058133+00:00,vast.ai,marketplace,RTX 3070,0.13472222222222222,1,8.0,16.281837997,120.853837997,31.27,474.0,"Virginia, US",0.9968642,39826844
2026-09-29T12:22:49.058133+00:00,vast.ai,marketplace,Tesla T4,0.13472222222222222,1,15.0,4.302837996999999,31.935837997,125.82,565.0,"Pennsylvania, US",0.9919251,50006709
2026-09-29T12:22:49.058133+00:00,vast.ai,marketplace,RTX 3060,0.13472222222222222,1,12.0,12.545837997,93.122837997,110.06,130.5,"Massachusetts, US",0.9736568,50113629
2026-09-29T12:22:49.058133+00:00,vast.ai,marketplace,RTX 4060 Ti,0.13477777777777777,1,16.0,22.510837997000003,167.02283799699998,125.96,614.625,"United Kingdom, GB",0.9972195,45635658
2026-09-29T12:22:49.058133+00:00,vast.ai,marketplace,RTX 4070,0.13518518518518519,1,11.99,34.200837997,252.988837997,31.42,399.75,"Alberta, CA",0.9965229,45498588
2026-09-29T12:22:49.058133+00:00,vast.ai,marketplace,RTX 5060 Ti,0.13537037037037036,1,15.93,38.375837997,283.488837997,21.98,208.0,"Denmark, DK",0.9985157,51938787
2026-09-29T12:22:49.058133+00:00,vast.ai,marketplace,RTX 3070,0.13564814814814816,1,8.0,16.410837997,120.978837997,62.89,351.4549985496959,"Norway, NO",0.9980415,16581606
2026-09-29T12:22:49.058133+00:00,vast.ai,marketplace,RTX A2000,0.13564814814814816,1,5.99,8.576837997,63.226837997,125.78,1508.5,"Norway, NO",0.997669,52457955
2026-09-29T12:22:49.058133+00:00,vast.ai,marketplace,RTX 4070,0.1361111111111111,1,11.99,33.737837997,247.869837997,20.96,102.4916666666667,"Washington, US",0.9993059,16213982
2026-09-29T12:22:49.058133+00:00,vast.ai,marketplace,RTX 3080,0.13796296296296295,1,10.0,26.956837997,195.386837997,14.78,1456.0,"Illinois, US",0.9978399,40730744
2026-09-29T12:22:49.058133+00:00,vast.ai,marketplace,RTX 3090,0.13935185185185184,1,24.0,44.643837997,320.364837997,35.98,170.47827064235364,"California, US",0.9910946,49828265
2026-09-29T12:22:49.058133+00:00,vast.ai,marketplace,RTX 5060 Ti,0.1401851851851852,1,7.96,30.114837997000002,214.816837997,29.96,565.0,"India, IN",0.9467845,48558068
2026-09-29T12:22:49.058133+00:00,vast.ai,marketplace,RTX 3090,0.14805555555555555,1,24.0,44.622837997,301.392837997,15.53,29.0,"South Korea, KR",0.9937255,45902818
2026-09-29T12:22:49.058133+00:00,vast.ai,marketplace,RTX A4000,0.14805555555555555,1,15.99,21.189837997,143.121837997,62.87,362.0,"Massachusetts, US",0.9512749,51648677
2026-09-29T12:22:49.058133+00:00,vast.ai,marketplace,Tesla T4,0.14805555555555555,1,15.0,4.302837996999999,29.059837997000002,15.41,171.0,"Ireland, IE",0.9478415,52633602
2026-09-29T12:22:49.058133+00:00,vast.ai,marketplace,RTX 3080,0.14805555555555555,1,10.0,26.922837997000002,181.841837997,15.58,417.0,"Austria, AT",0.9778871,52079145
2026-09-29T12:22:49.058133+00:00,vast.ai,marketplace,RTX 3060 Ti,0.14805555555555555,1,8.0,13.860837996999999,93.618837997,110.12,116.5,"Massachusetts, US",0.9771222,46460414
2026-09-29T12:22:49.058133+00:00,vast.ai,marketplace,RTX 3060 Ti,0.14805555555555555,1,8.0,13.782837997,93.08783799700001,94.31,148.0,"Massachusetts, US",0.9592487,51361325
2026-09-29T12:22:49.058133+00:00,vast.ai,marketplace,RTX 4060 Ti,0.14805555555555555,1,16.0,22.535837997,152.20683799699998,19.43,351.0,"Kentucky, US",0.9842327,40407013
2026-09-29T12:22:49.058133+00:00,vast.ai,marketplace,RTX 4060 Ti,0.14805555555555555,1,16.0,22.535837997,152.20683799699998,31.18,286.0,"Kentucky, US",0.9948479,48221836
2026-09-29T12:22:49.058133+00:00,vast.ai,marketplace,Tesla V100,0.14805555555555555,1,32.0,25.713837997000002,173.67183799699998,31.48,111.375,"Ukraine, UA",0.9779707,51159035
2026-09-29T12:22:49.058133+00:00,vast.ai,marketplace,RTX 3080,0.15072222222222223,1,10.0,26.962837997,178.88583799699998,31.35,661.0,"The Netherlands, NL",0.9772612,52399066
2026-09-29T12:22:49.058133+00:00,vast.ai,marketplace,RTX 3090,0.15268518518518517,1,24.0,44.825837997,293.58183799700004,31.46,316.125,"California, US",0.9914317,51737575
2026-09-29T12:22:49.058133+00:00,vast.ai,marketplace,RTX 3090,0.15268518518518517,1,24.0,44.359837997,290.52883799700004,39.26,385.0,"California, US",0.9770224,51515506
2026-09-29T12:22:49.058133+00:00,vast.ai,marketplace,RTX 3080,0.1525185185185185,1,10.0,20.156837997,132.160837997,10.4,184.33333333333331,"Spain, ES",0.9844162,50715181
2026-09-29T12:22:49.058133+00:00,vast.ai,marketplace,RTX 3060,0.15750000000000003,1,12.0,12.507837997,79.413837997,62.86,291.0,"New York, US",0.9980022,52140337
2026-09-29T12:22:49.058133+00:00,vast.ai,marketplace,Tesla V100,0.15796296296296297,1,16.0,20.174837997,127.713837997,62.89,766.5,"Quebec, CA",0.9723002,52317657
2026-09-29T12:22:49.058133+00:00,vast.ai,marketplace,RTX 5070,0.16005555555555553,1,11.94,50.098837997,313.00483799700004,31.19,612.0,"Quebec, CA",0.995142,53239751
2026-09-29T12:22:49.058133+00:00,vast.ai,marketplace,Titan V,0.1613888888888889,1,12.0,21.927837997,135.864837997,15.59,370.0,"South Korea, KR",0.9979328,50869995
2026-09-29T12:22:49.058133+00:00,vast.ai,marketplace,RTX 4060 Ti,0.1613888888888889,1,16.0,22.614837997000002,140.126837997,31.27,206.0,"Kentucky, US",0.9919706,30829053
2026-09-29T12:22:49.058133+00:00,vast.ai,marketplace,Tesla V100,0.1613888888888889,1,32.0,23.192837997,143.703837997,31.45,217.17426746791682,"British Columbia, CA",0.9948511,45783725
2026-09-29T12:22:49.058133+00:00,vast.ai,marketplace,RTX 3060,0.16185185185185186,1,12.0,12.407837997,76.661837997,15.59,351.0,"Florida, US",0.9913893,53253702
2026-09-29T12:22:49.058133+00:00,vast.ai,marketplace,RTX 3090,0.1660185185185185,1,24.0,44.352837996999995,267.156837997,31.46,377.0,"United States, US",0.9855715,44375066
2026-09-29T12:22:49.058133+00:00,vast.ai,marketplace,RTX 3090,0.1660185185185185,1,24.0,38.835837997,233.922837997,19.66,307.61215422947174,"California, US",0.9909444,44527582
2026-09-29T12:22:49.058133+00:00,vast.ai,marketplace,RTX 3090,0.16631481481481483,1,24.0,45.424837997,273.121837997,41.93,164.66666666666666,"Czechia, CZ",0.9935252,43731723
2026-09-29T12:22:49.058133+00:00,vast.ai,marketplace,RTX 3090,0.16694444444444445,1,24.0,44.847837997,268.63483799700003,47.02,394.4,"Romania, RO",0.9547122,36202392
2026-09-29T12:22:49.058133+00:00,vast.ai,marketplace,RTX A5000,0.17472222222222222,1,22.49,33.124837997,189.584837997,94.38,565.4772301896492,"Australia, AU",0.9916538,11925448
2026-09-29T12:22:49.058133+00:00,vast.ai,marketplace,RTX 3070,0.17472222222222222,1,8.0,16.277837997000002,93.160837997,10.42,244.29999999999998,"France, FR",0.9979756,51557332
2026-09-29T12:22:49.058133+00:00,vast.ai,marketplace,RTX 3080,0.17472222222222222,1,10.0,27.109837997000003,155.15983799699998,15.55,368.0,"Austria, AT",0.9637418,52468283
2026-09-29T12:22:49.058133+00:00,vast.ai,marketplace,RTX 3090,0.17935185185185185,1,24.0,44.833837996999996,249.97583799699999,53.96,310.57142857142856,"United States, US",0.9672178,48317503
2026-09-29T12:22:49.058133+00:00,vast.ai,marketplace,RTX 3090,0.17935185185185185,1,24.0,44.366837997,247.36883799699999,23.59,288.327134126151,"United States, US",0.9928908,43751728
2026-09-29T12:22:49.058133+00:00,vast.ai,marketplace,RTX 5070,0.18944444444444444,1,11.94,50.208837996999996,265.030837997,23.26,408.95,"France, FR",0.9405213,52810519
2026-09-29T12:22:49.058133+00:00,vast.ai,marketplace,RTX 4070S Ti,0.19268518518518518,1,15.99,51.473837997,267.13983799700003,23.54,283.5,"United States, US",0.9928386,50022957
2026-09-29T12:22:49.058133+00:00,vast.ai,marketplace,RTX 4070,0.1947222222222222,1,11.99,33.695837997,173.042837997,50.31,1243.3600000000001,"Minnesota, US",0.9994047,53248760
2026-09-29T12:22:49.058133+00:00,vast.ai,marketplace,RTX 3090,0.19785185185185183,1,24.0,44.366837997,224.238837997,41.93,139.16666666666666,"Czechia, CZ",0.9950534,30243093
2026-09-29T12:22:49.058133+00:00,vast.ai,marketplace,RTX 4070,0.19883333333333333,1,11.99,31.243837997,157.13583799699998,62.86,754.5,"New York, US",0.9973994,52140288
2026-09-29T12:22:49.058133+00:00,vast.ai,marketplace,RTX 3090,0.2009259259259259,1,24.0,44.622837997,222.085837997,31.37,476.3832179956405,"Utah, US",0.9972263,7899206
2026-09-29T12:22:49.058133+00:00,vast.ai,marketplace,RTX 3080,0.2009259259259259,1,10.0,26.546837997,132.121837997,15.66,197.0,"Taiwan, TW",0.9993712,36729000
2026-09-29T12:22:49.058133+00:00,vast.ai,marketplace,RTX 3090,0.20138888888888887,1,24.0,44.360837997,220.274837997,31.46,317.075,", CN",0.997331,45174332
2026-09-29T12:22:49.058133+00:00,vast.ai,marketplace,RTX A5000,0.20138888888888887,1,23.99,34.904837997,173.318837997,62.39,395.0,"Quebec, CA",0.9490515,53273481
2026-09-29T12:22:49.058133+00:00,vast.ai,marketplace,RTX 4000Ada,0.20138888888888887,1,20.0,31.329837997000002,155.567837997,31.41,445.5,"Hungary, HU",0.9984617,36173719
2026-09-29T12:22:49.058133+00:00,vast.ai,marketplace,Titan RTX,0.20138888888888887,1,24.0,12.057837997,59.870837996999995,15.59,371.0,"South Korea, KR",0.9973852,50869877
2026-09-29T12:22:49.058133+00:00,vast.ai,marketplace,Titan RTX,0.20138888888888887,1,24.0,12.057837997,59.870837996999995,31.32,349.0,"South Korea, KR",0.9986404,50736362
2026-09-29T12:22:49.058133+00:00,vast.ai,marketplace,RTX 3080,0.20138888888888887,1,10.0,25.039837997000003,124.332837997,20.22,110.42857142857142,"Florida, US",0.995,51194604
2026-09-29T12:22:49.058133+00:00,vast.ai,marketplace,RTX 3080,0.20138888888888887,1,10.0,27.105837997000002,134.59483799699998,15.59,377.0,"Taiwan, TW",0.9913966,50519323
2026-09-29T12:22:49.058133+00:00,vast.ai,marketplace,RTX 5070 Ti,0.20138888888888887,1,15.92,75.839837997,376.580837997,62.63,1557.0,"South Korea, KR",0.9754518,52686140
2026-09-29T12:22:49.058133+00:00,vast.ai,marketplace,RTX 3070,0.20166666666666666,1,8.0,16.278837997,80.71883799700001,15.64,346.75,"Spain, ES",0.9884387,52230480
2026-09-29T12:22:49.058133+00:00,vast.ai,marketplace,RTX 3090,0.20185185185185184,1,24.0,44.649837997,221.198837997,125.77,292.0,"Poland, PL",0.9952294,31250705
2026-09-29T12:22:49.058133+00:00,vast.ai,marketplace,RTX PRO 4000,0.2023148148148148,1,23.89,65.764837997,325.05983799700005,62.91,103.25,"Utah, US",0.9901031,47510354
2026-09-29T12:22:49.058133+00:00,vast.ai,marketplace,RTX PRO 4000,0.2023148148148148,1,23.89,65.62083799700001,324.34883799700003,94.31,626.5,"Alberta, CA",0.9740479,52604145
2026-09-29T12:22:49.058133+00:00,vast.ai,marketplace,RTX 3090,0.20938888888888887,1,24.0,36.652837997,175.047837997,31.44,109.75,"Taiwan, TW",0.9961943,41191656
2026-09-29T12:22:49.058133+00:00,vast.ai,marketplace,RTX 3080,0.21472222222222223,1,10.0,27.258837997,126.946837997,30.47,720.0,"The Netherlands, NL",0.9364859,53323552
2026-09-29T12:22:49.058133+00:00,vast.ai,marketplace,RTX 3090,0.2151851851851852,1,24.0,36.718837997,170.637837997,62.96,246.39999999999998,"Quebec, CA",0.9847374,30580308
2026-09-29T12:22:49.058133+00:00,vast.ai,marketplace,RTX 5080,0.21935185185185185,1,15.92,83.667837997,381.428837997,31.46,351.125,"California, US",0.9561396,52959668
2026-09-29T12:22:49.058133+00:00,vast.ai,marketplace,RTX 4060 Ti,0.2253888888888889,1,16.0,22.516837997,99.902837997,62.94,245.0,"Quebec, CA",0.9981608,49744626
2026-09-29T12:22:49.058133+00:00,vast.ai,marketplace,RTX 3090,0.22805555555555557,1,24.0,44.213837997,193.87383799699998,35.93,195.4714285714286,"Taiwan, TW",0.9973381,41962650
2026-09-29T12:22:49.058133+00:00,vast.ai,marketplace,RTX PRO 4000,0.2289814814814815,1,23.89,65.752837997,287.15183799700003,31.25,3278.7,"Hungary, HU",0.9794312,52754890
2026-09-29T12:22:49.058133+00:00,vast.ai,marketplace,RTX 3090,0.23170370370370372,1,24.0,44.600837997,192.488837997,100.72,65.60000000000001,"Ireland, IE",0.9991797,9817760
2026-09-29T12:22:49.058133+00:00,vast.ai,marketplace,RTX A5000,0.23205555555555557,1,23.99,35.347837997,152.321837997,100.7,28.0,"Romania, RO",0.9981075,13273582
2026-09-29T12:22:49.058133+00:00,vast.ai,marketplace,RTX A5000,0.23205555555555557,1,23.99,35.010837996999996,150.871837997,125.88,1431.75,"Romania, RO",0.9984897,19951406
2026-09-29T12:22:49.058133+00:00,vast.ai,marketplace,RTX 4070S Ti,0.24092592592592593,1,15.99,51.026837997,211.792837997,62.94,348.9375,"Arizona, US",0.9919676,53297206
2026-09-29T12:22:49.058133+00:00,vast.ai,marketplace,RTX 3090,0.2413888888888889,1,24.0,44.367837996999995,183.800837997,31.32,379.0,"Taiwan, TW",0.9986668,40989944
2026-09-29T12:22:49.058133+00:00,vast.ai,marketplace,RTX 4070 Ti,0.2413888888888889,1,11.99,35.610837997,147.525837997,47.19,1401.8000000000002,"North Carolina, US",0.9932121,39047405
2026-09-29T12:22:49.058133+00:00,vast.ai,marketplace,RTX 3090,0.24217592592592593,1,24.0,44.367837996999995,183.202837997,41.92,396.0,"Germany, DE",0.9919651,53232333
2026-09-29T12:22:49.058133+00:00,vast.ai,marketplace,RTX 3090,0.24231481481481484,1,24.0,44.604837997,184.07583799699998,31.41,493.7744232956293,"Estonia, EE",0.9951469,45558034
2026-09-29T12:22:49.058133+00:00,vast.ai,marketplace,Q RTX 8000,0.2427777777777778,1,48.0,11.855837997,48.831837997,125.75,1438.0,"Nevada, US",0.9781646,53266355
2026-09-29T12:22:49.058133+00:00,vast.ai,marketplace,RTX 3090,0.24370370370370373,1,24.0,44.824837996999996,183.929837997,78.71,707.5,"Estonia, EE",0.9951202,50754482
2026-09-29T12:22:49.058133+00:00,vast.ai,marketplace,Q RTX 8000,0.25425925925925924,1,45.0,11.590837997,45.584837997,47.22,75.25864563852545,"Indiana, US",0.9982982,24936695
2026-09-29T12:22:49.058133+00:00,vast.ai,marketplace,RTX 3090,0.2547222222222222,1,24.0,44.368837997,174.184837997,31.39,338.0,"Taiwan, TW",0.9943148,52755868
2026-09-29T12:22:49.058133+00:00,vast.ai,marketplace,RTX 3090,0.2551851851851851,1,24.0,40.715837997,159.554837997,31.26,646.0,"Norway, NO",0.9980889,53319951
2026-09-29T12:22:49.058133+00:00,vast.ai,marketplace,RTX 3090,0.25914546807407407,1,24.0,44.602837996999995,172.115837997,31.41,375.725,"California, US",0.9178344,52591892
2026-09-29T12:22:49.058133+00:00,vast.ai,marketplace,RTX 3080,0.26758333333333334,1,20.0,34.357837997,128.398837997,62.26,3021.0,"Italy, IT",0.9647559,48926677
2026-09-29T12:22:49.058133+00:00,vast.ai,marketplace,RTX PRO 4000,0.2675925925925926,1,23.89,65.66883799700001,245.404837997,32.72,2015.9504979035114,"Australia, AU",0.9970762,49601340
2026-09-29T12:22:49.058133+00:00,vast.ai,marketplace,RTX 3090,0.26805555555555555,1,24.0,44.327837996999996,165.36883799699999,167.95,442.16666666666663,"Oman, OM",0.9822023,53356240
2026-09-29T12:22:49.058133+00:00,vast.ai,marketplace,RTX 3090,0.26805555555555555,1,24.0,44.350837997,165.45183799699998,31.36,330.85,"Colorado, US",0.9902276,50546030
2026-09-29T12:22:49.058133+00:00,vast.ai,marketplace,RTX 2060S,0.26805555555555555,1,8.0,3.876837997,14.460837997,23.4,2299.1,"California, US",0.990209,50950849
2026-09-29T12:22:49.058133+00:00,vast.ai,marketplace,RTX 4070S Ti,0.26805555555555555,1,15.99,51.004837996999996,190.276837997,62.82,1604.75,"Minnesota, US",0.9997468,52838227
2026-09-29T12:22:49.058133+00:00,vast.ai,marketplace,Tesla V100,0.26805555555555555,1,32.0,25.713837997000002,95.92483799700001,125.94,714.75,"Minnesota, US",0.9991241,42722534
2026-09-29T12:22:49.058133+00:00,vast.ai,marketplace,RTX PRO 4000,0.26805555555555555,1,23.89,65.66883799700001,244.98083799699998,31.32,1193.5,"France, FR",0.9953734,48295130
2026-09-29T12:22:49.058133+00:00,vast.ai,marketplace,RTX 3090,0.2685185185185185,1,24.0,44.364837996999995,165.220837997,31.4,253.25,"Utah, US",0.9952128,50213708
2026-09-29T12:22:49.058133+00:00,vast.ai,marketplace,RTX PRO 4000,0.2689814814814815,1,23.89,65.740837997,244.404837997,41.92,397.16666666666663,"Ontario, CA",0.994389,44205409
2026-09-29T12:22:49.058133+00:00,vast.ai,marketplace,RTX A5000,0.26944444444444443,1,22.49,32.009837997,118.798837997,47.19,53.625,"Delaware, US",0.9996446,45242052
2026-09-29T12:22:49.058133+00:00,vast.ai,marketplace,RTX 3060,0.2712555555555555,1,12.0,12.270837997,45.236837996999995,15.73,160.7016245994193,"Czechia, CZ",0.9990928,46528530
2026-09-29T12:22:49.058133+00:00,vast.ai,marketplace,RTX 3090,0.2712962962962963,1,24.0,44.327837996999996,163.392837997,70.73,314.0,"Bulgaria, BG",0.9786503,51020105
2026-09-29T12:22:49.058133+00:00,vast.ai,marketplace,RTX PRO 4000,0.27877777777777774,1,23.89,65.728837997,235.773837997,125.88,968.75,"Italy, IT",0.9992039,34432513
2026-09-29T12:22:49.058133+00:00,vast.ai,marketplace,RTX 4070S Ti,0.2812962962962963,1,15.99,51.212837997,182.059837997,31.18,837.9,"Spain, ES",0.9981778,52090522
2026-09-29T12:22:49.058133+00:00,vast.ai,marketplace,RTX PRO 4000,0.2913901234567901,1,23.89,65.752837997,225.650837997,62.88,750.0,"Slovakia, SK",0.9972722,45623849
2026-09-29T12:22:49.058133+00:00,vast.ai,marketplace,RTX 3090,0.295,1,24.0,44.366837997,150.393837997,31.28,1493.0,"New Brunswick, CA",0.9948727,48238573
2026-09-29T12:22:49.058133+00:00,vast.ai,marketplace,RTX PRO 4000,0.29518518518518516,1,23.89,65.728837997,222.668837997,30.2,74.0,"Puerto Rico, PR",0.9903336,44170201
2026-09-29T12:22:49.058133+00:00,vast.ai,marketplace,RTX 4080,0.2961111111111111,1,15.99,53.185837997,179.61183799699998,31.32,413.0,"Arizona, US",0.9869432,53299939
2026-09-29T12:22:49.058133+00:00,vast.ai,marketplace,RTX 4080S,0.30944444444444447,1,15.99,55.588837997,179.64183799699998,31.28,419.0,"Arizona, US",0.9858109,53299942
2026-09-29T12:22:49.058133+00:00,vast.ai,marketplace,RTX 3090,0.3213888888888889,1,24.0,44.321837996999996,137.905837997,35.96,765.8857142857144,"Utah, US",0.9921475,50807813
2026-09-29T12:22:49.058133+00:00,vast.ai,marketplace,L4,0.3232407407407408,1,22.49,25.284837997,78.222837997,25.12,119.17606995795013,"Utah, US",0.9944275,49883396
2026-09-29T12:22:49.058133+00:00,vast.ai,marketplace,RTX 3090,0.3269444444444444,1,24.0,44.847837997,137.17083799699998,125.76,597.9,"Michigan, US",0.9983865,51016748
2026-09-29T12:22:49.058133+00:00,vast.ai,marketplace,RTX 3090,0.3289814814814815,1,24.0,44.845837997,136.316837997,27.47,683.0,"Quebec, CA",0.9946538,49316119
2026-09-29T12:22:49.058133+00:00,vast.ai,marketplace,L4,0.33425925925925926,1,22.49,25.329837997000002,75.777837997,62.75,505.0,"Czechia, CZ",0.998836,36579964
2026-09-29T12:22:49.058133+00:00,vast.ai,marketplace,RTX 3090,0.3347222222222222,1,24.0,44.565837996999996,133.142837997,31.18,604.0,"Oklahoma, US",0.9703469,51065387
2026-09-29T12:22:49.058133+00:00,vast.ai,marketplace,RTX 3090,0.3347222222222222,1,24.0,31.932837997,95.40083799700001,31.36,40.0,"Quebec, CA",0.9937797,53187189
2026-09-29T12:22:49.058133+00:00,vast.ai,marketplace,Tesla V100,0.3347222222222222,1,32.0,25.713837997000002,76.81983799700001,94.32,1251.925,"Minnesota, US",0.999583,38405391
2026-09-29T12:22:49.058133+00:00,vast.ai,marketplace,RTX 5070 Ti,0.3347222222222222,1,15.92,76.49583799700001,228.53483799699998,30.71,476.0,"Colombia, CO",0.9827561,53032378
2026-09-29T12:22:49.058133+00:00,vast.ai,marketplace,RTX PRO 4000,0.33564814814814814,1,23.89,65.60883799700001,195.46883799699998,125.96,575.5875,"United Kingdom, GB",0.9884352,51601840
2026-09-29T12:22:49.058133+00:00,vast.ai,marketplace,RTX 5070 Ti,0.3427222222222222,1,15.92,73.842837997,215.459837997,31.35,524.0,"Japan, JP",0.9849053,50289923
2026-09-29T12:22:49.058133+00:00,vast.ai,marketplace,RTX 3090,0.34990740740740744,1,24.0,36.730837996999995,104.97183799700001,31.33,701.5,"Thailand, TH",0.9953285,51927638
2026-09-29T12:22:49.058133+00:00,vast.ai,marketplace,RTX 3090,0.34990740740740744,1,24.0,43.595837997,124.591837997,31.33,234.0,"Thailand, TH",0.9857605,50130170
2026-09-29T12:22:49.058133+00:00,vast.ai,marketplace,RTX 4090,0.3627777777777778,1,23.99,66.690837997,183.83183799699998,23.44,350.0,"Romania, RO",0.8943706,52143101
2026-09-29T12:22:49.058133+00:00,vast.ai,marketplace,RTX A2000,0.37472222222222223,1,5.99,8.571837997,22.874837997,31.24,837.9,"British Columbia, CA",0.9307869,53301762
2026-09-29T12:22:49.058133+00:00,vast.ai,marketplace,RTX 4090,0.3793518518518519,1,23.99,98.402837997,259.397837997,31.46,169.975,"California, US",0.9985209,41130313
2026-09-29T12:22:49.058133+00:00,vast.ai,marketplace,RTX 3090,0.3875925925925926,1,24.0,42.232837997,108.961837997,20.94,186.0,"Czechia, CZ",0.9795971,31013683
2026-09-29T12:22:49.058133+00:00,vast.ai,marketplace,RTX 3090,0.3885185185185185,1,24.0,44.884837997,115.526837997,41.92,169.73013388112423,"Czechia, CZ",0.9939183,18990229
2026-09-29T12:22:49.058133+00:00,vast.ai,marketplace,RTX 4070S Ti,0.3889259259259259,1,15.99,51.310837997,131.929837997,125.0,1303.0,"The Netherlands, NL",0.9846792,52186460
2026-09-29T12:22:49.058133+00:00,vast.ai,marketplace,RTX 4090,0.3912962962962963,1,22.49,86.804837997,221.83783799699998,62.89,750.65,"Michigan, US",0.9976241,35877322
2026-09-29T12:22:49.058133+00:00,vast.ai,marketplace,RTX 4500Ada,0.3936111111111111,1,23.99,40.504837996999996,102.905837997,23.34,110.5,"France, FR",0.9933875,51136774
2026-09-29T12:22:49.058133+00:00,vast.ai,marketplace,RTX 5080,0.4000009259259259,1,15.92,83.866837997,209.666837997,31.08,1513.8,"Italy, IT",0.9515,53340832
2026-09-29T12:22:49.058133+00:00,vast.ai,marketplace,RTX 4090,0.40138888888888885,1,23.99,91.75483799700001,228.591837997,31.37,305.55,"Türkiye, TR",0.9765494,25753560
2026-09-29T12:22:49.058133+00:00,vast.ai,marketplace,RTX 4090,0.40138888888888885,1,23.99,97.04083799700001,241.762837997,62.51,719.0,"Saskatchewan, CA",0.9768997,50800754
2026-09-29T12:22:49.058133+00:00,vast.ai,marketplace,RTX 5080,0.40138888888888885,1,15.92,83.794837997,208.762837997,47.1,711.0,"Slovakia, SK",0.9947582,46862983
2026-09-29T12:22:49.058133+00:00,vast.ai,marketplace,RTX A6000,0.4023148148148148,1,47.99,54.455837996999996,135.35583799699998,47.23,166.5,"Romania, RO",0.988889,51222093
2026-09-29T12:22:49.058133+00:00,vast.ai,marketplace,RTX A6000,0.4023148148148148,1,47.99,54.472837997,135.39683799699998,47.2,83.125,"Romania, RO",0.9884571,51222014
2026-09-29T12:22:49.058133+00:00,vast.ai,marketplace,RTX A6000,0.40277777777777773,1,44.99,51.246837997,127.232837997,70.7,479.4000000000003,"Delaware, US",0.9985696,45241992
2026-09-29T12:22:49.058133+00:00,vast.ai,marketplace,RTX 5090,0.4060185185185185,1,31.84,191.906837997,472.654837997,62.96,293.99083890219674,"United States, US",0.977443,51214056
2026-09-29T12:22:49.058133+00:00,vast.ai,marketplace,RTX 5090,0.4060185185185185,1,31.84,197.263837997,485.849837997,62.96,365.7399263283155,"California, US",0.9957592,51858229
2026-09-29T12:22:49.058133+00:00,vast.ai,marketplace,RTX 4090,0.4147222222222222,1,23.99,97.005837997,233.905837997,71.98,114.57142857142857,"Malaysia, MY",0.9944355,43681485
2026-09-29T12:22:49.058133+00:00,vast.ai,marketplace,RTX 4090,0.4147222222222222,1,23.99,100.625837997,242.633837997,46.99,1380.8,"Romania, RO",0.9961539,53342470
2026-09-29T12:22:49.058133+00:00,vast.ai,marketplace,RTX 4090,0.4278981481481482,1,47.99,53.136837997,124.179837997,94.46,552.3250000000002,"Japan, JP",0.9911766,45473518
2026-09-29T12:22:49.058133+00:00,vast.ai,marketplace,A100 SXM4,0.4285185185185185,1,40.0,93.469837997,218.12383799699998,62.96,733.35,"California, US",0.765428,52067516
2026-09-29T12:22:49.058133+00:00,vast.ai,marketplace,RTX PRO 4000,0.4285185185185185,1,23.89,65.752837997,153.440837997,55.01,1418.4693791854804,"Indiana, US",0.997768,52365991
2026-09-29T12:22:49.058133+00:00,vast.ai,marketplace,RTX PRO 4000,0.4285185185185185,1,23.89,65.752837997,153.440837997,62.88,798.425,"Indiana, US",0.9932344,53084990
2026-09-29T12:22:49.058133+00:00,vast.ai,marketplace,RTX 3090,0.42892592592592593,1,24.0,44.366837997,103.43583799700001,31.45,292.75,"Czechia, CZ",0.9939327,30293564
2026-09-29T12:22:49.058133+00:00,vast.ai,marketplace,RTX 5070 Ti,0.43787384325925927,1,15.92,75.845837997,173.21383799699998,31.41,819.675,"California, US",0.9669438,52442710
2026-09-29T12:22:49.058133+00:00,vast.ai,marketplace,RTX A6000,0.4413888888888889,1,47.99,54.465837997,123.39483799700001,62.83,1500.2500000000002,"Vietnam, VN",0.7059148,52740906
2026-09-29T12:22:49.058133+00:00,vast.ai,marketplace,RTX A6000,0.44277777777777777,1,47.99,54.460837997,122.997837997,94.28,612.5000000000003,"Arizona, US",0.9905565,53318704
2026-09-29T12:22:49.058133+00:00,vast.ai,marketplace,A100 SXM4,0.44324074074074077,1,40.0,92.961837997,209.73083799699998,78.71,304.11249999999995,"California, US",0.9265865,53071398
2026-09-29T12:22:49.058133+00:00,vast.ai,marketplace,RTX 4090,0.44462962962962965,1,23.99,97.420837997,219.104837997,62.81,1564.0,"Japan, JP",0.981956,51861347
2026-09-29T12:22:49.058133+00:00,vast.ai,marketplace,RTX 5090,0.44601851851851854,1,31.84,193.43983799699998,433.703837997,62.88,679.525,"United States, US",0.9964131,47347947
2026-09-29T12:22:49.058133+00:00,vast.ai,marketplace,RTX 5090,0.44601851851851854,1,31.84,80.98683799700001,181.57583799699998,31.46,148.0,"United States, US",0.9960742,46753307
2026-09-29T12:22:49.058133+00:00,vast.ai,marketplace,RTX 4090,0.4556481481481482,1,23.99,97.50483799700001,213.991837997,167.94,1209.3166666666666,"Sweden, SE",0.9649788,53250554
2026-09-29T12:22:49.058133+00:00,vast.ai,marketplace,RTX 4090,0.4570370370370371,1,23.99,97.04083799700001,212.32683799699998,108.06,834.0,"California, US",0.9832559,51500607
2026-09-29T12:22:49.058133+00:00,vast.ai,marketplace,RTX 5090,0.4593518518518519,1,31.84,199.007837997,433.23583799700003,31.36,637.25,"Sichuan, CN",0.9915689,50556740
2026-09-29T12:22:49.058133+00:00,vast.ai,marketplace,RTX 5090,0.46138888888888885,1,31.84,186.352837997,403.894837997,83.92,639.6666666666666,"Romania, RO",0.9759154,53356766
2026-09-29T12:22:49.058133+00:00,vast.ai,marketplace,RTX 4090,0.4618518518518518,1,23.99,97.219837997,210.499837997,83.92,140.0,"Oklahoma, US",0.9973002,38597829
2026-09-29T12:22:49.058133+00:00,vast.ai,marketplace,RTX 4090,0.46672222222222226,1,23.99,97.390837997,208.669837997,94.28,1678.8,"Thailand, TH",0.9893279,52582393
2026-09-29T12:22:49.058133+00:00,vast.ai,marketplace,RTX 4090,0.46699999999999997,1,23.99,101.93083799700001,218.26683799699998,62.48,684.0,"Brazil, BR",0.9933643,53298441
2026-09-29T12:22:49.058133+00:00,vast.ai,marketplace,RTX 4090,0.4673148148148148,1,23.99,97.068837997,207.716837997,83.92,903.85,"Pennsylvania, US",0.9867141,52629386
2026-09-29T12:22:49.058133+00:00,vast.ai,marketplace,RTX 4090,0.4674811511829797,1,23.99,97.054837997,207.61283799699999,35.94,816.6756946059666,"Sweden, SE",0.9863088,43266019
2026-09-29T12:22:49.058133+00:00,vast.ai,marketplace,RTX 4090,0.46759259259259256,1,23.99,93.79683799700001,200.59383799699998,83.92,627.5888888888888,"Taiwan, TW",0.9941398,40583609
2026-09-29T12:22:49.058133+00:00,vast.ai,marketplace,RTX 4090,0.46759259259259256,1,23.99,97.082837997,207.622837997,94.41,306.38750000000005,"Taiwan, TW",0.9859642,50987217
2026-09-29T12:22:49.058133+00:00,vast.ai,marketplace,RTX 5090,0.4678703703703703,1,31.84,199.198837997,425.756837997,94.22,1513.1,"Taiwan, TW",0.9891024,47700997
2026-09-29T12:22:49.058133+00:00,vast.ai,marketplace,RTX 4090,0.4680555555555555,1,23.99,97.23383799700001,207.739837997,26.17,180.22215655616998,"Australia, AU",0.9959311,51243375
2026-09-29T12:22:49.058133+00:00,vast.ai,marketplace,RTX 4090,0.4680555555555555,1,22.49,86.64183799700001,185.109837997,31.35,1436.55,"British Columbia, CA",0.9949984,50687285
2026-09-29T12:22:49.058133+00:00,vast.ai,marketplace,RTX 5090,0.46898148148148144,1,31.84,199.476837997,425.339837997,30.47,628.0,"South Korea, KR",0.9979348,52190815
2026-09-29T12:22:49.058133+00:00,vast.ai,marketplace,RTX 5090,0.46898148148148144,1,31.84,198.90883799699998,424.128837997,30.47,549.0,"South Korea, KR",0.9940268,49006813
2026-09-29T12:22:49.058133+00:00,vast.ai,marketplace,RTX 5090,0.46898148148148144,1,31.84,194.053837997,413.77683799700003,30.47,92.0,"South Korea, KR",0.9979947,43982799
2026-09-29T12:22:49.058133+00:00,vast.ai,marketplace,RTX 5090,0.46898148148148144,1,31.84,194.091837997,413.85783799700005,30.47,168.0,"South Korea, KR",0.9983169,45669046
2026-09-29T12:22:49.058133+00:00,vast.ai,marketplace,RTX 5090,0.46898148148148144,1,31.84,194.014837997,413.693837997,30.47,392.0,"South Korea, KR",0.9968427,48989778
2026-09-29T12:22:49.058133+00:00,vast.ai,marketplace,RTX 5090,0.46898148148148144,1,31.84,193.971837997,413.602837997,30.47,435.0,"South Korea, KR",0.9982229,45669442
2026-09-29T12:22:49.058133+00:00,vast.ai,marketplace,A100 SXM4,0.4699074074074074,1,40.0,92.881837997,197.65983799699998,78.71,209.0035881006068,"California, US",0.9595868,53118171
2026-09-29T12:22:49.058133+00:00,vast.ai,marketplace,RTX 4090,0.47013888888888883,1,23.99,56.010837996999996,119.13583799700001,62.71,298.0,"Poland, PL",0.9932739,45843293
2026-09-29T12:22:49.058133+00:00,vast.ai,marketplace,RTX 4090,0.4703703703703703,1,47.99,125.615837997,267.05783799700004,62.94,268.3625,"California, US",0.9884972,48882876
2026-09-29T12:22:49.058133+00:00,vast.ai,marketplace,RTX 4090,0.4703703703703703,1,23.99,97.033837997,206.292837997,62.88,489.25,"United Kingdom, GB",0.9508082,36643058
2026-09-29T12:22:49.058133+00:00,vast.ai,marketplace,RTX 5090,0.4703703703703703,1,31.84,189.866837997,403.65383799700004,67.45,382.4285714285714,"United States, US",0.9703884,52925317
2026-09-29T12:22:49.058133+00:00,vast.ai,marketplace,L40S,0.47268518518518515,1,44.99,93.488837997,197.782837997,61.94,8.0,"Virginia, US",0.9973393,45594082
2026-09-29T12:22:49.058133+00:00,vast.ai,marketplace,RTX 5090,0.47268518518518515,1,31.84,186.428837997,394.402837997,62.87,723.75,"United States, US",0.9953349,44614424
2026-09-29T12:22:49.058133+00:00,vast.ai,marketplace,RTX 3090,0.47559259259259257,1,24.0,44.257837996999996,93.05883799700001,31.43,268.25,"Czechia, CZ",0.9972919,20130144
2026-09-29T12:22:49.058133+00:00,vast.ai,marketplace,RTX 5090,0.4760555555555555,1,31.84,139.817837997,293.700837997,31.39,240.0,"Romania, RO",0.9874336,48219163
2026-09-29T12:22:49.058133+00:00,vast.ai,marketplace,RTX 5090,0.48005555555555557,1,31.84,161.705837997,336.847837997,62.83,1366.85,"Romania, RO",0.9916323,53194961
2026-09-29T12:22:49.058133+00:00,vast.ai,marketplace,RTX 4090,0.4803703703703704,1,23.99,97.012837997,201.954837997,62.66,535.0,"Greece, GR",0.9972652,31668029
2026-09-29T12:22:49.058133+00:00,vast.ai,marketplace,RTX 4090,0.48078247848835687,1,23.99,97.047837997,201.853837997,93.94,709.0,"Sweden, SE",0.9907175,49028154
2026-09-29T12:22:49.058133+00:00,vast.ai,marketplace,RTX 4090,0.4813888888888889,1,23.99,97.054837997,201.614837997,62.71,582.0,"Nevada, US",0.9939259,52861707
2026-09-29T12:22:49.058133+00:00,vast.ai,marketplace,RTX 4090,0.4813888888888889,1,23.99,97.473837997,202.483837997,71.93,427.09999999999997,"Italy, IT",0.9968732,52477222
2026-09-29T12:22:49.058133+00:00,vast.ai,marketplace,RTX 4090,0.4813888888888889,1,23.99,97.01983799700001,201.541837997,47.14,107.225,"Finland, FI",0.9961425,46123867
2026-09-29T12:22:49.058133+00:00,vast.ai,marketplace,RTX A6000,0.481712962962963,1,47.99,54.481837997,113.09983799700001,188.97,272.59565038991434,"Virginia, US",0.9991125,53331787
2026-09-29T12:22:49.058133+00:00,vast.ai,marketplace,RTX 4090,0.48185185185185186,1,23.99,98.36183799700001,204.131837997,62.94,298.1394808291501,"Quebec, CA",0.8488722,26435139
2026-09-29T12:22:49.058133+00:00,vast.ai,marketplace,A100 SXM4,0.4827777777777778,1,40.0,95.44483799700001,197.699837997,109.9,1464.0,"United States, US",0.9754993,52703613
2026-09-29T12:22:49.058133+00:00,vast.ai,marketplace,RTX 4090,0.4827777777777778,1,23.99,96.93683799700001,200.788837997,62.78,348.0,"Arizona, US",0.9925481,53325355
2026-09-29T12:22:49.058133+00:00,vast.ai,marketplace,RTX 5090,0.4827777777777778,1,31.84,188.80883799699998,391.08683799700003,62.96,339.7,"California, US",0.9918704,51325618
2026-09-29T12:22:49.058133+00:00,vast.ai,marketplace,RTX 5090,0.48370370370370375,1,31.84,198.673837997,410.733837997,71.96,386.9571428571428,"Estonia, EE",0.9831227,51620921
2026-09-29T12:22:49.058133+00:00,vast.ai,marketplace,RTX 5090,0.4864814814814815,1,31.84,179.467837997,368.90883799700003,31.24,225.0,"Virginia, US",0.9968464,52008649
2026-09-29T12:22:49.058133+00:00,vast.ai,marketplace,RTX 4090,0.4956481481481481,1,23.99,97.01983799700001,195.74383799699999,23.48,738.5,"Denmark, DK",0.9922174,50300639
2026-09-29T12:22:49.058133+00:00,vast.ai,marketplace,RTX 4090,0.49601851851851847,1,23.99,97.128837997,195.816837997,50.34,1248.8000000000002,"California, US",0.9957595,51857331
2026-09-29T12:22:49.058133+00:00,vast.ai,marketplace,RTX 4090,0.5045185185185186,1,23.99,98.008837997,194.26083799699998,26.93,379.57142857142856,"Norway, NO",0.9936299,53320029
2026-09-29T12:22:49.058133+00:00,vast.ai,marketplace,RTX 4090,0.5045185185185186,1,23.99,98.15383799700001,194.549837997,31.4,362.25,"Norway, NO",0.9975838,53320110
2026-09-29T12:22:49.058133+00:00,vast.ai,marketplace,RTX 4090,0.5045185185185186,1,23.99,96.663837997,191.59483799699998,31.32,774.925,"Norway, NO",0.9993112,53319808
2026-09-29T12:22:49.058133+00:00,vast.ai,marketplace,RTX 4090,0.5045185185185186,1,23.99,97.06183799700001,192.38583799699998,35.93,176.28571428571428,"Norway, NO",0.9885136,53320076
2026-09-29T12:22:49.058133+00:00,vast.ai,marketplace,RTX 4090,0.5045185185185186,1,23.99,95.758837997,189.80283799699998,78.45,1635.1,"Norway, NO",0.995377,53320201
2026-09-29T12:22:49.058133+00:00,vast.ai,marketplace,RTX 4090,0.5045185185185186,1,23.99,96.347837997,190.96983799699998,31.44,169.4,"Norway, NO",0.9980003,53319836
2026-09-29T12:22:49.058133+00:00,vast.ai,marketplace,RTX 4090,0.5045185185185186,1,23.99,96.859837997,191.983837997,35.93,210.0,"Norway, NO",0.9972718,53320137
2026-09-29T12:22:49.058133+00:00,vast.ai,marketplace,RTX 4090,0.5045185185185186,1,23.99,97.15983799700001,192.578837997,31.44,190.375,"Norway, NO",0.99725,53319798
2026-09-29T12:22:49.058133+00:00,vast.ai,marketplace,RTX 4090,0.5056481481481481,1,23.99,97.56183799700001,192.942837997,62.72,1596.5,"Sweden, SE",0.9980288,52603707
2026-09-29T12:22:49.058133+00:00,vast.ai,marketplace,RTX 4090,0.5075925925925925,1,23.99,97.005837997,191.109837997,62.94,783.125,"Taiwan, TW",0.9768974,37194516
2026-09-29T12:22:49.058133+00:00,vast.ai,marketplace,RTX 5880Ada,0.5080555555555555,1,47.99,106.925837997,210.460837997,62.72,218.0,"Hungary, HU",0.9878339,52420358
2026-09-29T12:22:49.058133+00:00,vast.ai,marketplace,RTX 4090,0.5080555555555555,1,23.99,97.047837997,191.018837997,62.71,1439.0,"Nevada, US",0.9910882,53070139
2026-09-29T12:22:49.058133+00:00,vast.ai,marketplace,RTX 4090,0.5085185185185185,1,23.99,55.682837997,109.499837997,59.0,638.375,"Quebec, CA",0.9940423,29761279
2026-09-29T12:22:49.058133+00:00,vast.ai,marketplace,RTX 5090,0.5085185185185185,1,31.84,199.294837997,391.912837997,47.08,1570.5,"Vietnam, VN",0.9594266,53307682
2026-09-29T12:22:49.058133+00:00,vast.ai,marketplace,CMP 170HX,0.5085185185185185,1,64.0,73.821837997,145.169837997,143.95,258.0326530612245,"Hungary, HU",0.9811845,52388438
2026-09-29T12:22:49.058133+00:00,vast.ai,marketplace,RTX 4090,0.5213888888888889,1,23.99,97.054837997,186.14683799699998,62.66,591.0,"Nevada, US",0.9975947,53251387
2026-09-29T12:22:49.058133+00:00,vast.ai,marketplace,RTX 4090,0.5213888888888889,1,23.99,97.04083799700001,186.119837997,62.67,3194.0,"Nevada, US",0.9980193,53080136
2026-09-29T12:22:49.058133+00:00,vast.ai,marketplace,RTX 3090,0.5235925925925927,1,24.0,44.348837997,84.701837997,31.43,318.75,"Czechia, CZ",0.9919325,20375214
2026-09-29T12:22:49.058133+00:00,vast.ai,marketplace,RTX A6000,0.5347222222222222,1,47.99,54.474837996999995,101.874837997,54.95,356.0,"Texas, US",0.9974498,47317467
2026-09-29T12:22:49.058133+00:00,vast.ai,marketplace,RTX 5090,0.5347222222222222,1,31.84,198.881837997,371.935837997,62.63,1167.0,"South Korea, KR",0.9975315,45309042
2026-09-29T12:22:49.058133+00:00,vast.ai,marketplace,RTX 5070 Ti,0.5351851851851852,1,15.92,75.80583799700001,141.643837997,251.91,1670.0,"Texas, US",0.9952053,53320335
2026-09-29T12:22:49.058133+00:00,vast.ai,marketplace,RTX 5070 Ti,0.5351851851851852,1,15.92,75.859837997,141.744837997,125.91,639.75,"Texas, US",0.9990626,43421243
2026-09-29T12:22:49.058133+00:00,vast.ai,marketplace,RTX 6000Ada,0.537037037037037,1,47.99,116.866837997,217.613837997,83.92,763.5,"Estonia, EE",0.9959203,35415083
2026-09-29T12:22:49.058133+00:00,vast.ai,marketplace,RTX 6000Ada,0.537037037037037,1,47.99,113.14183799700001,210.678837997,117.9,734.0,"California, US",0.9648329,50926699
2026-09-29T12:22:49.058133+00:00,vast.ai,marketplace,RTX 5090,0.537037037037037,1,31.84,199.245837997,371.008837997,62.91,1041.18,"Estonia, EE",0.9978868,45317002
2026-09-29T12:22:49.058133+00:00,vast.ai,marketplace,RTX 5070 Ti,0.5375,1,15.92,75.872837997,141.15883799699998,15.48,713.0,"Washington, US",0.9973873,52630575
2026-09-29T12:22:49.058133+00:00,vast.ai,marketplace,RTX 5090,0.5398148148148149,1,31.84,154.764837997,286.700837997,46.0,692.0,"Sweden, SE",0.9864793,52293799
2026-09-29T12:22:49.058133+00:00,vast.ai,marketplace,RTX 6000Ada,0.5533888888888888,1,47.99,112.960837997,204.125837997,83.93,48.33333333333333,"Japan, JP",0.9991295,25318167
2026-09-29T12:22:49.058133+00:00,vast.ai,marketplace,RTX 4090,0.5613888888888889,1,23.99,96.91583799700001,172.63483799699998,46.75,674.45,"Quebec, CA",0.9973729,50728363
2026-09-29T12:22:49.058133+00:00,vast.ai,marketplace,RTX 4090,0.5632407407407408,1,23.99,97.026837997,172.26583799699998,62.96,190.375,"Spain, ES",0.999026,29301940
2026-09-29T12:22:49.058133+00:00,vast.ai,marketplace,RTX 4090,0.5669259259259259,1,23.99,95.80883799700001,168.996837997,31.34,216.0,"Taiwan, TW",0.9974085,53334700
2026-09-29T12:22:49.058133+00:00,vast.ai,marketplace,A100 SXM4,0.5793518518518519,1,40.0,92.457837997,159.58883799699998,51.15,331.45,"United States, US",0.9919618,50213970
2026-09-29T12:22:49.058133+00:00,vast.ai,marketplace,RTX 4090,0.5889814814814814,1,23.99,96.95083799700001,164.60683799699999,125.96,363.1125,"Spain, ES",0.9974731,37930545
2026-09-29T12:22:49.058133+00:00,vast.ai,marketplace,RTX 4090,0.5889814814814814,1,23.99,5.945837997,10.093837997,125.78,1370.0,"Spain, ES",0.9977416,31829238
2026-09-29T12:22:49.058133+00:00,vast.ai,marketplace,RTX 5090,0.6000555555555556,1,31.84,171.023837997,285.013837997,46.96,1313.0,"Thailand, TH",0.9880836,47185114
2026-09-29T12:22:49.058133+00:00,vast.ai,marketplace,RTX 5090,0.6009259259259259,1,31.84,199.370837997,331.772837997,62.63,231.11952628650943,"South Korea, KR",0.998423,42747937
2026-09-29T12:22:49.058133+00:00,vast.ai,marketplace,RTX 4090,0.6013888888888889,1,47.99,125.65983799700001,208.949837997,251.76,1154.0,"United Kingdom, GB",0.9978112,30055164
2026-09-29T12:22:49.058133+00:00,vast.ai,marketplace,RTX 6000Ada,0.6013888888888889,1,47.99,113.04683799700001,187.976837997,125.95,436.6934671610207,"Türkiye, TR",0.999231,47545530
2026-09-29T12:22:49.058133+00:00,vast.ai,marketplace,RTX 4090,0.6013888888888889,1,23.99,97.06183799700001,161.39683799699998,31.28,676.0,"Taiwan, TW",0.9953042,47591298
2026-09-29T12:22:49.058133+00:00,vast.ai,marketplace,RTX 4090,0.6013888888888889,1,23.99,97.70983799700001,162.473837997,47.03,938.0,"Taiwan, TW",0.998019,44901390
2026-09-29T12:22:49.058133+00:00,vast.ai,marketplace,RTX 4090,0.6013888888888889,1,23.99,97.04083799700001,161.36183799699998,62.57,3273.5,"Ohio, US",0.9913995,53119952
2026-09-29T12:22:49.058133+00:00,vast.ai,marketplace,RTX 4090,0.6013888888888889,1,23.99,97.348837997,161.87383799699998,31.44,718.5,"Taiwan, TW",0.9949295,49035057
2026-09-29T12:22:49.058133+00:00,vast.ai,marketplace,RTX 5090,0.6013888888888889,1,31.84,199.205837997,331.24283799700004,188.08,2834.0,"Slovenia, SI",0.9802564,51363468
2026-09-29T12:22:49.058133+00:00,vast.ai,marketplace,CMP 170HX,0.6013888888888889,1,64.0,82.362837997,136.954837997,62.69,391.0,"Portugal, PT",0.946829,52991400
2026-09-29T12:22:49.058133+00:00,vast.ai,marketplace,CMP 170HX,0.6013888888888889,1,64.0,84.41583799700001,140.366837997,62.71,345.0,"Portugal, PT",0.9856259,51218042
2026-09-29T12:22:49.058133+00:00,vast.ai,marketplace,RTX 5090,0.6017592592592592,1,31.84,182.62983799699998,303.493837997,62.72,324.0,"Poland, PL",0.9900924,37026556
2026-09-29T12:22:49.058133+00:00,vast.ai,marketplace,RTX 5090,0.6018518518518519,1,31.84,185.406837997,308.060837997,125.96,1462.575,"Nevada, US",0.9841382,52827240
2026-09-29T12:22:49.058133+00:00,vast.ai,marketplace,RTX 4090,0.6022222222222222,1,23.99,25.749837997,42.758837997,93.9,741.1,"The Netherlands, NL",0.976576,39884168
2026-09-29T12:22:49.058133+00:00,vast.ai,marketplace,RTX 4090,0.6046296296296296,1,47.99,123.64183799700001,204.491837997,75.57,721.4000000000001,"California, US",0.9476876,47667750
2026-09-29T12:22:49.058133+00:00,vast.ai,marketplace,A100 PCIE,0.6064814814814815,1,40.0,83.61483799700001,137.86783799699998,47.14,2932.3332000351934,"Estonia, EE",0.949092,52618401
2026-09-29T12:22:49.058133+00:00,vast.ai,marketplace,GTX 1660 Ti,0.6069444444444444,1,6.0,2.4748379970000003,4.076837996999999,7.7,579.4000000000024,"Vietnam, VN",0.9926179,33521707
2026-09-29T12:22:49.058133+00:00,vast.ai,marketplace,RTX 5090,0.6099074074074076,1,31.84,198.630837997,325.673837997,62.93,696.125,"North Carolina, US",0.9898626,29436758
2026-09-29T12:22:49.058133+00:00,vast.ai,marketplace,RTX 5090,0.6147222222222223,1,31.84,185.76683799699998,302.19683799700005,35.89,428.57142857142856,"Bulgaria, BG",0.9935666,53358198
2026-09-29T12:22:49.058133+00:00,vast.ai,marketplace,RTX 5090,0.6193518518518519,1,31.84,198.43283799699998,320.387837997,125.94,2401.0,"Bulgaria, BG",0.9975297,45603440
2026-09-29T12:22:49.058133+00:00,vast.ai,marketplace,RTX 5090,0.6280555555555555,1,31.84,198.703837997,316.37983799700004,46.21,32.0,"Louisiana, US",0.9562405,52317458
2026-09-29T12:22:49.058133+00:00,vast.ai,marketplace,CMP 170HX,0.6289814814814814,1,40.0,69.26083799700001,110.115837997,39.28,160.8,"Hungary, HU",0.9927257,53172778
2026-09-29T12:22:49.058133+00:00,vast.ai,marketplace,RTX 5090,0.6289814814814814,1,31.84,199.060837997,316.48083799700004,94.45,553.329669505093,"The Netherlands, NL",0.9836812,45485621
2026-09-29T12:22:49.058133+00:00,vast.ai,marketplace,RTX 5090,0.6351851851851852,1,31.84,199.16583799699998,313.555837997,45.98,1231.0,"Kansas, US",0.9892026,50425365
2026-09-29T12:22:49.058133+00:00,vast.ai,marketplace,RTX PRO 5000,0.6365185185185185,1,47.79,165.69483799699998,260.31483799700004,247.94,577.5591605840592,"India, IN",0.9425821,51816390
2026-09-29T12:22:49.058133+00:00,vast.ai,marketplace,RTX 3070,0.6413888888888889,1,8.0,16.277837997000002,25.377837997,251.65,2768.0,"Taiwan, TW",0.9985716,49165103
2026-09-29T12:22:49.058133+00:00,vast.ai,marketplace,RTX 5090,0.6455555555555555,1,31.84,198.709837997,307.81283799700003,125.8,479.0,"Quebec, CA",0.9955504,49868227
2026-09-29T12:22:49.058133+00:00,vast.ai,marketplace,RTX 5090,0.6467777777777778,1,31.84,199.215837997,308.012837997,500.96,2331.0,"Italy, IT",0.9953654,50894159
2026-09-29T12:22:49.058133+00:00,vast.ai,marketplace,RTX 5090,0.6507222222222222,1,31.84,199.58183799699998,306.70883799700005,30.5,1252.0,"Finland, FI",0.98415,51245592
2026-09-29T12:22:49.058133+00:00,vast.ai,marketplace,RTX 5090,0.6556481481481481,1,31.84,199.23183799699999,303.870837997,30.99,2945.0,"Denmark, DK",0.9918312,50421592
2026-09-29T12:22:49.058133+00:00,vast.ai,marketplace,RTX PRO 5000,0.6675925925925925,1,47.79,165.767837997,248.305837997,91.97,330.00000000000045,"Singapore, SG",0.9418878,52753217
2026-09-29T12:22:49.058133+00:00,vast.ai,marketplace,RTX 3090,0.6680555555555555,1,24.0,44.360837997,66.402837997,31.28,166.0,"British Columbia, CA",0.9949143,19448806
2026-09-29T12:22:49.058133+00:00,vast.ai,marketplace,A100 SXM4,0.6680555555555555,1,40.0,68.273837997,102.19783799700001,83.46,6.0,"Japan, JP",0.9408803,53357171
2026-09-29T12:22:49.058133+00:00,vast.ai,marketplace,RTX 5080,0.6680555555555555,1,15.92,83.714837997,125.31183799700001,62.8,780.3,"Oman, OM",0.9973949,53244546
2026-09-29T12:22:49.058133+00:00,vast.ai,marketplace,RTX PRO 5000,0.6680555555555555,1,47.79,165.839837997,248.241837997,93.67,2676.7,"Australia, AU",0.9729049,53119820
2026-09-29T12:22:49.058133+00:00,vast.ai,marketplace,RTX 4090,0.6685185185185185,1,47.99,125.633837997,187.928837997,94.39,1390.2803107071486,"Texas, US",0.9971463,42741674
2026-09-29T12:22:49.058133+00:00,vast.ai,marketplace,RTX 5880Ada,0.6689814814814814,1,47.99,106.872837997,159.75383799699998,125.96,605.518855675509,"United Kingdom, GB",0.9981474,44120919
2026-09-29T12:22:49.058133+00:00,vast.ai,marketplace,RTX 5090,0.6694444444444444,1,31.84,198.97483799699998,297.222837997,125.96,221.875,"Spain, ES",0.998266,50856206
2026-09-29T12:22:49.058133+00:00,vast.ai,marketplace,A100 SXM4,0.6699074074074074,1,40.0,95.252837997,142.187837997,62.96,175.125,"Mississippi, US",0.9851414,51341865
2026-09-29T12:22:49.058133+00:00,vast.ai,marketplace,RTX 5090,0.6699074074074074,1,31.84,198.571837997,296.416837997,62.96,311.875,"Spain, ES",0.9986056,26371160
2026-09-29T12:22:49.058133+00:00,vast.ai,marketplace,RTX 4090,0.6712962962962963,1,47.99,125.642837997,187.163837997,52.47,515.1666666666666,"California, US",0.995995,40232088
2026-09-29T12:22:49.058133+00:00,vast.ai,marketplace,GTX 1660,0.673611111111111,1,6.0,2.316837997,3.4388379970000003,7.71,569.4000000000024,"Vietnam, VN",0.9932671,33521216
2026-09-29T12:22:49.058133+00:00,vast.ai,marketplace,RTX 6000Ada,0.6947222222222222,1,47.99,113.04683799700001,162.722837997,62.96,257.75,"Germany, DE",0.993749,43933073
2026-09-29T12:22:49.058133+00:00,vast.ai,marketplace,RTX PRO 5000,0.6951851851851852,1,47.79,165.560837997,238.15383799699998,94.26,582.0018120679838,"Ohio, US",0.9944461,51838778
2026-09-29T12:22:49.058133+00:00,vast.ai,marketplace,RTX 5090,0.697962962962963,1,31.84,100.18583799700001,143.53983799699998,50.27,1012.4000000000001,"Michigan, US",0.9956909,53034141
2026-09-29T12:22:49.058133+00:00,vast.ai,marketplace,RTX 5090,0.7023148148148148,1,31.84,198.657837997,282.86083799700003,125.96,1525.5625,"Hungary, HU",0.9928298,52070431
2026-09-29T12:22:49.058133+00:00,vast.ai,marketplace,RTX 4090,0.7061574074074074,1,47.99,125.615837997,177.886837997,125.88,484.25,"British Columbia, CA",0.9973759,46211616
2026-09-29T12:22:49.058133+00:00,vast.ai,marketplace,RTX 6000Ada,0.707962962962963,1,47.99,113.13283799700001,159.799837997,94.21,1537.0,"Oklahoma, US",0.9962723,50293331
2026-09-29T12:22:49.058133+00:00,vast.ai,marketplace,RTX PRO 5000,0.7080555555555555,1,47.79,153.273837997,216.471837997,68.34,347.5,"California, US",0.9970299,49725348
2026-09-29T12:22:49.058133+00:00,vast.ai,marketplace,RTX 5090,0.721388888888889,1,31.84,199.185837997,276.114837997,61.73,964.0,"Iowa, US",0.9923637,41379383
2026-09-29T12:22:49.058133+00:00,vast.ai,marketplace,RTX 4090,0.7223148148148149,1,23.99,97.23383799700001,134.613837997,125.77,1112.5,"Maryland, US",0.9994341,50833953
2026-09-29T12:22:49.058133+00:00,vast.ai,marketplace,RTX 5090,0.7269351851851853,1,31.84,184.65283799699998,254.01583799699998,35.17,673.5,"Taiwan, TW",0.9985704,52152132
2026-09-29T12:22:49.058133+00:00,vast.ai,marketplace,A100 PCIE,0.7342592592592593,1,40.0,95.41883799700001,129.95183799699998,62.96,358.83750000000003,"California, US",0.9897124,50954796
2026-09-29T12:22:49.058133+00:00,vast.ai,marketplace,RTX PRO 5000,0.7346888888888888,1,47.79,165.467837997,225.221837997,62.69,399.0,"Bulgaria, BG",0.9958655,51288089
2026-09-29T12:22:49.058133+00:00,vast.ai,marketplace,RTX 5090,0.7347222222222223,1,31.84,198.366837997,269.988837997,125.7,3005.0,"Minnesota, US",0.9991788,53202660
2026-09-29T12:22:49.058133+00:00,vast.ai,marketplace,RTX 5090,0.7347222222222223,1,31.84,198.643837997,270.365837997,251.91,1632.8,"Norway, NO",0.9787808,53264486
2026-09-29T12:22:49.058133+00:00,vast.ai,marketplace,RTX 5090,0.7347222222222223,1,31.84,98.89183799700001,134.597837997,125.9,401.5833333333333,"Ontario, CA",0.9860762,52960028
2026-09-29T12:22:49.058133+00:00,vast.ai,marketplace,RTX PRO 5000,0.7351851851851853,1,47.79,165.30183799699998,224.84383799699998,62.82,1241.0,"Sweden, SE",0.9989628,46110113
2026-09-29T12:22:49.058133+00:00,vast.ai,marketplace,RTX 5090,0.735462962962963,1,31.84,198.650837997,270.103837997,125.96,517.625,"Hungary, HU",0.9942372,50576342
2026-09-29T12:22:49.058133+00:00,vast.ai,marketplace,RTX 5090,0.7356481481481482,1,31.84,199.15983799699998,270.726837997,47.15,857.3333333333333,"Finland, FI",0.9687685,45727084
2026-09-29T12:22:49.058133+00:00,vast.ai,marketplace,RTX PRO 5000,0.7356481481481482,1,47.79,165.529837997,225.011837997,125.6,1204.0,"Slovakia, SK",0.9992937,31641013
2026-09-29T12:22:49.058133+00:00,vast.ai,marketplace,RTX 5090,0.7475925925925926,1,31.84,179.346837997,239.898837997,62.79,381.0,"California, US",0.9600501,52002273
2026-09-29T12:22:49.058133+00:00,vast.ai,marketplace,RTX 5090,0.7475925925925926,1,31.84,179.32083799699998,239.863837997,62.79,431.0,"Maryland, US",0.9940753,51969550
2026-09-29T12:22:49.058133+00:00,vast.ai,marketplace,RTX 5090,0.7475925925925926,1,31.84,179.543837997,240.162837997,62.79,41.69999999999999,"Maryland, US",0.9960281,51969538
2026-09-29T12:22:49.058133+00:00,vast.ai,marketplace,RTX 5090,0.7475925925925926,1,31.84,179.286837997,239.817837997,62.79,32.0,"California, US",0.9888084,51969543
2026-09-29T12:22:49.058133+00:00,vast.ai,marketplace,RTX 4090,0.7623148148148147,1,23.99,97.226837997,127.541837997,125.96,1143.0,"Maryland, US",0.9989124,52800768
2026-09-29T12:22:49.058133+00:00,vast.ai,marketplace,RTX 5090,0.7742592592592592,1,31.84,199.02783799699998,257.054837997,125.7,6513.0,"Japan, JP",0.9971615,51027933
2026-09-29T12:22:49.058133+00:00,vast.ai,marketplace,RTX 5090,0.7746296296296297,1,31.84,196.172837997,253.246837997,62.53,17.5,"Thailand, TH",0.9903525,50555596
2026-09-29T12:22:49.058133+00:00,vast.ai,marketplace,RTX 5090,0.777037037037037,1,31.84,197.341837997,253.966837997,108.05,1682.0,"California, US",0.9897729,50820986
2026-09-29T12:22:49.058133+00:00,vast.ai,marketplace,RTX PRO 5000,0.777962962962963,1,47.79,165.69483799699998,212.985837997,62.88,1653.75,"Quebec, CA",0.9518186,52840369
2026-09-29T12:22:49.058133+00:00,vast.ai,marketplace,RTX 5090,0.7787222222222222,1,31.84,198.360837997,254.72583799699999,143.92,850.4285714285713,"Poland, PL",0.9938283,53258826
2026-09-29T12:22:49.058133+00:00,vast.ai,marketplace,RTX 5090,0.7791296296296296,1,31.84,203.496837997,261.18483799700005,123.24,6775.2,"United Kingdom, GB",0.9984742,43825976
2026-09-29T12:22:49.058133+00:00,vast.ai,marketplace,A40,0.7880555555555555,1,44.99,44.034837997,55.877837997,500.96,37.75,"Belgium, BE",0.9794723,51337965
2026-09-29T12:22:49.058133+00:00,vast.ai,marketplace,RTX 5090,0.7880555555555555,1,31.84,203.566837997,258.315837997,62.45,1537.0,"Oman, OM",0.970974,53358334
2026-09-29T12:22:49.058133+00:00,vast.ai,marketplace,RTX PRO 5000,0.7880555555555555,1,47.79,165.41583799699998,209.90383799699998,62.96,1570.2,"Nebraska, US",0.9620034,52507503
2026-09-29T12:22:49.058133+00:00,vast.ai,marketplace,RTX PRO 5000,0.7880555555555555,1,47.79,165.45783799699998,209.95683799699998,71.95,1763.5,"Nebraska, US",0.9614149,52514685
2026-09-29T12:22:49.058133+00:00,vast.ai,marketplace,RTX 6000Ada,0.7885185185185185,1,47.99,113.056837997,143.37883799699998,167.85,3596.333333333333,"North Carolina, US",0.9966132,36503108
2026-09-29T12:22:49.058133+00:00,vast.ai,marketplace,RTX 5090,0.7885185185185185,1,31.84,199.026837997,252.406837997,62.73,2314.0,"South Carolina, US",0.9980228,51334080
2026-09-29T12:22:49.058133+00:00,vast.ai,marketplace,L40S,0.8009259259259258,1,44.99,93.576837997,116.835837997,251.94,216.75,"Taiwan, TW",0.9980724,25990399
2026-09-29T12:22:49.058133+00:00,vast.ai,marketplace,L40S,0.8009259259259258,1,44.99,93.469837997,116.701837997,251.94,90.6249999999996,"Taiwan, TW",0.9976579,38575675
2026-09-29T12:22:49.058133+00:00,vast.ai,marketplace,A100 SXM4,0.8009259259259258,1,40.0,95.363837997,119.06683799700001,62.97,559.5298887780782,"Czechia, CZ",0.9943023,44397671
2026-09-29T12:22:49.058133+00:00,vast.ai,marketplace,A100 SXM4,0.8009259259259258,1,40.0,95.416837997,119.13283799700001,62.97,610.2831400096671,"Czechia, CZ",0.9877972,50365145
2026-09-29T12:22:49.058133+00:00,vast.ai,marketplace,RTX 4090,0.8009259259259258,1,23.99,61.302837997,76.539837997,110.03,1640.5,"Virginia, US",0.9949067,13917962
2026-09-29T12:22:49.058133+00:00,vast.ai,marketplace,RTX 5090,0.8009259259259258,1,31.84,199.330837997,248.875837997,83.83,1085.6666666666665,"Oklahoma, US",0.9763229,52842756
2026-09-29T12:22:49.058133+00:00,vast.ai,marketplace,RTX 5090,0.8009259259259258,1,31.84,96.957837997,121.05783799700001,62.79,358.0,"Maryland, US",0.994884,52003771
2026-09-29T12:22:49.058133+00:00,vast.ai,marketplace,RTX 5090,0.8009259259259258,1,31.84,95.079837997,118.71283799700001,62.79,216.0,"Maryland, US",0.9898221,51969555
2026-09-29T12:22:49.058133+00:00,vast.ai,marketplace,RTX 5090,0.8009259259259258,1,31.84,179.389837997,223.977837997,62.79,50.0,"California, US",0.9937274,51969545
2026-09-29T12:22:49.058133+00:00,vast.ai,marketplace,L40S,0.8013888888888888,1,44.99,93.55783799700001,116.743837997,188.94,2891.5125,"Slovenia, SI",0.9984919,29679192
2026-09-29T12:22:49.058133+00:00,vast.ai,marketplace,RTX 5090,0.8013888888888888,1,31.84,187.711837997,234.232837997,125.83,3353.175,"United Kingdom, GB",0.9631472,52451716
2026-09-29T12:22:49.058133+00:00,vast.ai,marketplace,RTX 5090,0.8013888888888888,1,31.84,159.888837997,199.514837997,62.96,675.75,"Czechia, CZ",0.996216,46907794
2026-09-29T12:22:49.058133+00:00,vast.ai,marketplace,RTX 5090,0.8013888888888888,1,31.84,95.38583799700001,119.02583799700001,62.96,704.5,"Czechia, CZ",0.9677359,46900155
2026-09-29T12:22:49.058133+00:00,vast.ai,marketplace,RTX PRO 5000,0.8013888888888888,1,47.79,165.38483799699998,206.372837997,83.93,953.6833333333334,"Belgium, BE",0.9973614,49974692
2026-09-29T12:22:49.058133+00:00,vast.ai,marketplace,RTX 5090,0.8013902222222222,1,31.84,203.482837997,253.912837997,123.5,2475.2,"Oklahoma, US",0.9891509,51432163
2026-09-29T12:22:49.058133+00:00,vast.ai,marketplace,RTX 4090,0.8018518518518518,1,23.99,97.752837997,121.908837997,110.13,405.9856650396853,"Hungary, HU",0.9881104,50466169
2026-09-29T12:22:49.058133+00:00,vast.ai,marketplace,RTX 5090,0.8018518518518518,1,31.84,198.86283799699999,248.00383799699998,59.41,934.0,"Texas, US",0.9980153,51284767
2026-09-29T12:22:49.058133+00:00,vast.ai,marketplace,RTX 4090,0.802037037037037,1,23.99,97.582837997,121.66883799700001,125.88,704.0,"Hungary, HU",0.9910568,44336617
2026-09-29T12:22:49.058133+00:00,vast.ai,marketplace,RTX 5090,0.8032407407407407,1,31.84,199.113837997,247.887837997,71.89,427.0,"Minnesota, US",0.996891,48425190
2026-09-29T12:22:49.058133+00:00,vast.ai,marketplace,RTX 5090,0.8046296296296296,1,31.84,198.815837997,247.089837997,41.94,254.35555555555553,"California, US",0.970183,48885916
2026-09-29T12:22:49.058133+00:00,vast.ai,marketplace,RTX 5090,0.8046296296296296,1,31.84,198.650837997,246.88483799699998,41.94,586.5555555555555,"California, US",0.9978719,51639930
2026-09-29T12:22:49.058133+00:00,vast.ai,marketplace,RTX 5090,0.8142592592592592,1,31.84,179.697837997,220.68883799699998,62.79,424.0,"California, US",0.9911719,51969530
2026-09-29T12:22:49.058133+00:00,vast.ai,marketplace,L40S,0.8155925925925925,1,44.99,93.59683799700001,114.758837997,62.94,3938.484177945965,"Romania, RO",0.9438366,50740338
2026-09-29T12:22:49.058133+00:00,vast.ai,marketplace,A100 SXM4,0.8222592592592592,1,40.0,82.640837997,100.503837997,125.75,154.77448439916623,"United Kingdom, GB",0.9757975,38565866
2026-09-29T12:22:49.058133+00:00,vast.ai,marketplace,L40,0.8275925925925925,1,44.99,93.17783799700001,112.588837997,70.66,294.5,"New York, US",0.9916543,51528885
2026-09-29T12:22:49.058133+00:00,vast.ai,marketplace,RTX 4090,0.8383148148148147,1,23.99,97.589837997,116.411837997,75.49,2207.2200000000007,"Hungary, HU",0.9906664,49591156
2026-09-29T12:22:49.058133+00:00,vast.ai,marketplace,RTX 5090,0.857037037037037,1,31.84,199.28483799699998,232.52783799699998,108.05,1680.0,"California, US",0.9984309,50434578
2026-09-29T12:22:49.058133+00:00,vast.ai,marketplace,RTX 5090,0.8660444444444445,1,31.84,81.759837997,94.405837997,251.52,6564.0,"Texas, US",0.982737,38001277
2026-09-29T12:22:49.058133+00:00,vast.ai,marketplace,RTX 5090,0.8680555555555556,1,31.84,198.703837997,228.906837997,62.96,450.875,"Alberta, CA",0.9985118,45508892
2026-09-29T12:22:49.058133+00:00,vast.ai,marketplace,RTX PRO 5000,0.8685185185185186,1,47.79,165.643837997,190.71983799699998,125.88,833.9,"Hungary, HU",0.964654,53001953
2026-09-29T12:22:49.058133+00:00,vast.ai,marketplace,RTX 5090,0.8699074074074075,1,31.84,199.073837997,228.84483799699998,61.92,3108.0,"Spain, ES",0.9994371,47394570
2026-09-29T12:22:49.058133+00:00,vast.ai,marketplace,RTX 5090,0.8699074074074075,1,31.84,199.410837997,229.23183799699999,61.73,1569.5,"New York, US",0.9915588,53305612
2026-09-29T12:22:49.058133+00:00,vast.ai,marketplace,RTX 5090,0.8699074074074075,1,31.84,199.020837997,228.78383799699998,94.4,769.5,"Spain, ES",0.9983252,31191994
2026-09-29T12:22:49.058133+00:00,vast.ai,marketplace,A100 PCIE,0.8708333333333333,1,80.0,109.488837997,125.728837997,94.39,275.5,"Oklahoma, US",0.9978416,36496969
2026-09-29T12:22:49.058133+00:00,vast.ai,marketplace,RTX PRO 5000,0.8787222222222223,1,47.79,165.488837997,188.328837997,62.96,205.07499999999996,"Czechia, CZ",0.9881662,52441402
2026-09-29T12:22:49.058133+00:00,vast.ai,marketplace,RTX PRO 5000,0.8832407407407408,1,47.79,74.576837997,84.43583799700001,62.88,1204.75,"Czechia, CZ",0.9985879,40114420
2026-09-29T12:22:49.058133+00:00,vast.ai,marketplace,A100 SXM4,0.897863042962963,1,40.0,95.458837997,106.31683799700001,87.53,446.0,"Germany, DE",0.9945351,53334721
2026-09-29T12:22:49.058133+00:00,vast.ai,marketplace,A100 SXM4,0.9237037037037036,1,40.0,95.347837997,103.223837997,251.96,2768.25,"California, US",0.9911681,50245536
2026-09-29T12:22:49.058133+00:00,vast.ai,marketplace,A100 PCIE,0.9316481481481481,1,40.0,95.173837997,102.15683799700001,125.96,1507.0625,"Japan, JP",0.9911086,46773561
2026-09-29T12:22:49.058133+00:00,vast.ai,marketplace,RTX 4090,0.9347222222222221,1,47.99,125.65983799700001,134.435837997,251.34,6625.0,"Japan, JP",0.9973496,52974190
2026-09-29T12:22:49.058133+00:00,vast.ai,marketplace,RTX 5090,0.9347222222222221,1,31.84,198.366837997,212.21983799699998,249.31,1378.0,"Sweden, SE",0.9737187,51764376
2026-09-29T12:22:49.058133+00:00,vast.ai,marketplace,RTX 5090,0.9347222222222221,1,31.84,197.608837997,211.40983799699998,1007.76,776.0,"Texas, US",0.9961521,47580836
2026-09-29T12:22:49.058133+00:00,vast.ai,marketplace,RTX PRO 5000,0.9347222222222221,1,47.79,165.80883799699998,177.387837997,62.73,1423.0,"Taiwan, TW",0.9963059,47566054
2026-09-29T12:22:49.058133+00:00,vast.ai,marketplace,RTX 3090,0.9351851851851851,1,24.0,44.364837996999995,47.439837997,251.15,3195.0,"Norway, NO",0.9976255,53320187
2026-09-29T12:22:49.058133+00:00,vast.ai,marketplace,RTX 4090,0.9351851851851851,1,23.99,97.026837997,103.75183799700001,251.14,3315.7,"Norway, NO",0.9958729,53320051
2026-09-29T12:22:49.058133+00:00,vast.ai,marketplace,RTX 4090,0.9466759259259258,1,23.99,97.51983799700001,103.012837997,385.07,227.40000000000418,"Italy, IT",0.9604383,53340929
2026-09-29T12:22:49.058133+00:00,vast.ai,marketplace,RTX PRO 6000 Max-Q,0.9480555555555554,1,95.59,283.48283799700005,299.01483799700003,125.83,37.5,"Japan, JP",0.990063,34531894
2026-09-29T12:22:49.058133+00:00,vast.ai,marketplace,RTX 4090,0.9480555555555554,1,23.99,97.17783799700001,102.502837997,61.31,667.0,"Qatar, QA",0.9969643,49465154
2026-09-29T12:22:49.058133+00:00,vast.ai,marketplace,RTX 5090,0.9485185185185184,1,31.84,199.476837997,210.30283799699998,70.83,486.5,"Hungary, HU",0.9857634,51479556
2026-09-29T12:22:49.058133+00:00,vast.ai,marketplace,RTX A2000,0.967314814814815,1,5.99,8.574837997,8.864837997,125.41,12875.4,"British Columbia, CA",0.9936299,50563595
2026-09-29T12:22:49.058133+00:00,vast.ai,marketplace,RTX 5090,0.992287037037037,1,31.84,198.961837997,200.507837997,94.42,1105.375,"Hungary, HU",0.9880158,51932573
2026-09-29T12:22:49.058133+00:00,vast.ai,marketplace,A100 PCIE,1.0013888888888889,1,80.0,121.966837997,121.797837997,125.87,135.75,"United Kingdom, GB",0.9946752,45716570
2026-09-29T12:22:49.058133+00:00,vast.ai,marketplace,A100 PCIE,1.0013888888888889,1,80.0,5.3888379969999995,5.3808379969999995,125.87,40.25,"United Kingdom, GB",0.9986099,32303769
2026-09-29T12:22:49.058133+00:00,vast.ai,marketplace,RTX 5090,1.0022592592592594,1,31.84,198.815837997,198.36783799699998,31.44,1368.554275238609,"Czechia, CZ",0.9917722,47627485
2026-09-29T12:22:49.058133+00:00,vast.ai,marketplace,RTX 5090,1.0027222222222223,1,31.84,198.446837997,197.907837997,62.96,1102.375,"Czechia, CZ",0.9299949,53194846
2026-09-29T12:22:49.058133+00:00,vast.ai,marketplace,RTX 5090,1.0027222222222223,1,31.84,180.69583799699998,180.204837997,62.95,243.66250000000002,"Czechia, CZ",0.998306,44096408
2026-09-29T12:22:49.058133+00:00,vast.ai,marketplace,RTX A2000,1.0098518518518518,1,5.99,8.575837996999999,8.492837997,125.5,6404.8,"British Columbia, CA",0.9756906,46480357
2026-09-29T12:22:49.058133+00:00,vast.ai,marketplace,RTX 5090,1.0140721481481483,1,31.84,199.185837997,196.42183799699998,94.42,1024.875,"Hungary, HU",0.9958149,49155140
2026-09-29T12:22:49.058133+00:00,vast.ai,marketplace,RTX 5090,1.0212037037037034,1,31.84,199.608837997,195.46383799699998,251.75,2047.0,"Japan, JP",0.9939308,51115167
2026-09-29T12:22:49.058133+00:00,vast.ai,marketplace,A100 SXM4,1.021611111111111,1,80.0,121.39483799700001,118.826837997,125.96,528.25,"Texas, US",0.9968693,47239986
2026-09-29T12:22:49.058133+00:00,vast.ai,marketplace,A100 SXM4,1.0280555555555555,1,80.0,128.812837997,125.297837997,125.93,114.25,"France, FR",0.9903069,43131368
2026-09-29T12:22:49.058133+00:00,vast.ai,marketplace,RTX 5090,1.0374814814814814,1,31.84,192.761837997,185.797837997,40.22,564.5,"Taiwan, TW",0.9915571,52965009
2026-09-29T12:22:49.058133+00:00,vast.ai,marketplace,RTX PRO 5000,1.0515925925925926,1,47.79,165.42683799699998,157.310837997,55.07,684.139440994096,"Czechia, CZ",0.9977025,44193901
2026-09-29T12:22:49.058133+00:00,vast.ai,marketplace,A40,1.0547222222222223,1,44.99,44.037837997,41.752837997,500.96,329.25,"Belgium, BE",0.9797799,51338028
2026-09-29T12:22:49.058133+00:00,vast.ai,marketplace,A100 SXM4,1.0550925925925927,1,80.0,119.79983799700001,113.544837997,125.97,1102.2058872669695,"Sweden, SE",0.9978494,21050987
2026-09-29T12:22:49.058133+00:00,vast.ai,marketplace,RTX 5090,1.066851851851852,1,31.84,70.137837997,65.74283799700001,41.71,843.6333333333334,"Denmark, DK",0.9983934,46826365
2026-09-29T12:22:49.058133+00:00,vast.ai,marketplace,RTX 3090,1.0680555555555555,1,24.0,44.356837997,41.530837997,125.69,361.9,"Ontario, CA",0.9896995,52810281
2026-09-29T12:22:49.058133+00:00,vast.ai,marketplace,Tesla V100,1.0689814814814815,1,32.0,23.192837997,21.695837997,47.02,395.0,"Washington, US",0.9797213,51818516
2026-09-29T12:22:49.058133+00:00,vast.ai,marketplace,RTX 5090,1.0689814814814815,1,31.84,199.74883799699998,186.858837997,251.66,1523.0,"Norway, NO",0.9910468,51549088
2026-09-29T12:22:49.058133+00:00,vast.ai,marketplace,RTX PRO 6000 WS,1.072685185185185,1,95.59,282.527837997,263.383837997,125.92,659.0,"California, US",0.9859662,51010706
2026-09-29T12:22:49.058133+00:00,vast.ai,marketplace,RTX PRO 5000,1.0881888888888889,1,47.79,165.72583799699999,152.29583799699998,68.33,1168.5,"California, US",0.9943313,49725394
2026-09-29T12:22:49.058133+00:00,vast.ai,marketplace,RTX PRO 5000,1.1232407407407408,1,47.79,78.762837997,70.12083799700001,55.01,940.75,"Czechia, CZ",0.9986628,39270910
2026-09-29T12:22:49.058133+00:00,vast.ai,marketplace,RTX PRO 5000,1.134074074074074,1,47.79,165.084837997,145.567837997,125.84,764.0,"Arizona, US",0.988159,51485313
2026-09-29T12:22:49.058133+00:00,vast.ai,marketplace,RTX 5090,1.1600555555555556,1,31.84,198.220837997,170.871837997,251.66,3147.6,"Thailand, TH",0.9845819,43920286
2026-09-29T12:22:49.058133+00:00,vast.ai,marketplace,RTX 5090,1.1875925925925928,1,31.84,99.753837997,83.996837997,121.21,650.2,"Germany, DE",0.9802579,51782800
2026-09-29T12:22:49.058133+00:00,vast.ai,marketplace,RTX 6000D,1.2579629629629627,1,83.64,229.62383799699998,182.535837997,94.42,505.4227673448128,"Czechia, CZ",0.9856062,51063963
2026-09-29T12:22:49.058133+00:00,vast.ai,marketplace,RTX 4090,1.267,1,23.99,97.390837997,76.86783799700001,167.97,530.3333333333333,"Washington, US",0.9977143,41755379
2026-09-29T12:22:49.058133+00:00,vast.ai,marketplace,RTX 4090,1.2680555555555555,1,47.99,125.475837997,98.95083799700001,107.97,339.1134142677058,"Washington, US",0.9963774,48484821
2026-09-29T12:22:49.058133+00:00,vast.ai,marketplace,RTX 4090,1.282314814814815,1,47.99,125.545837997,97.905837997,125.87,2967.0,"Washington, US",0.9985777,46255397
2026-09-29T12:22:49.058133+00:00,vast.ai,marketplace,RTX PRO 6000 WS,1.2882222222222222,1,95.59,283.30783799700004,219.92183799699998,110.1,348.5,"Switzerland, CH",0.9180675,53180052
2026-09-29T12:22:49.058133+00:00,vast.ai,marketplace,RTX PRO 6000 WS,1.3116555555555556,1,95.59,114.437837997,87.246837997,91.96,785.5,"Nevada, US",0.9972551,49795580
2026-09-29T12:22:49.058133+00:00,vast.ai,marketplace,RTX PRO 6000 WS,1.3347222222222221,1,95.59,122.255837997,91.59683799700001,125.59,911.0,"Nevada, US",0.9809043,53233617
2026-09-29T12:22:49.058133+00:00,vast.ai,marketplace,RTX 3090,1.3347222222222221,1,24.0,44.364837996999995,33.238837997,62.72,406.0,"Washington, US",0.9950531,51860372
2026-09-29T12:22:49.058133+00:00,vast.ai,marketplace,RTX PRO 5000,1.3347222222222221,1,71.69,190.994837997,143.096837997,125.42,4970.2,"Florida, US",0.9525599,52820424
2026-09-29T12:22:49.058133+00:00,vast.ai,marketplace,RTX A2000,1.3347222222222221,1,5.99,8.575837996999999,6.4258379969999995,31.16,761.5,"British Columbia, CA",0.9714039,46186923
2026-09-29T12:22:49.058133+00:00,vast.ai,marketplace,RTX 5090,1.3347222222222221,1,31.84,199.95183799699998,149.80783799699998,61.47,747.5,"Texas, US",0.9941666,53277101
2026-09-29T12:22:49.058133+00:00,vast.ai,marketplace,RTX 5090,1.3347222222222221,1,31.84,97.26383799700001,72.872837997,30.07,294.5,"Delaware, US",0.9718156,53337124
2026-09-29T12:22:49.058133+00:00,vast.ai,marketplace,RTX 5090,1.3347222222222221,1,31.84,190.365837997,142.625837997,62.25,2003.0,"British Columbia, CA",0.9677414,48515309
2026-09-29T12:22:49.058133+00:00,vast.ai,marketplace,RTX 5080,1.335185185185185,1,15.92,84.080837997,62.972837997,31.26,1540.0,"Florida, US",0.997419,51664155
2026-09-29T12:22:49.058133+00:00,vast.ai,marketplace,RTX PRO 6000 Max-Q,1.3395055555555555,1,95.59,283.94983799700003,211.98183799699999,100.7,478.0,"France, FR",0.995356,53179981
2026-09-29T12:22:49.058133+00:00,vast.ai,marketplace,RTX PRO 6000 WS,1.3402777777777777,1,95.59,283.988837997,211.888837997,125.18,1654.0,"Virginia, US",0.9461939,53311753
2026-09-29T12:22:49.058133+00:00,vast.ai,marketplace,RTX PRO 6000 WS,1.3618518518518519,1,95.59,283.404837997,208.102837997,93.9,1675.8,"Switzerland, CH",0.9759684,52573760
2026-09-29T12:22:49.058133+00:00,vast.ai,marketplace,RTX PRO 6000 WS,1.3633333333333335,1,95.59,283.404837997,207.876837997,125.25,1444.0,"Alberta, CA",0.8938423,40730068
2026-09-29T12:22:49.058133+00:00,vast.ai,marketplace,RTX PRO 6000 WS,1.3867222222222222,1,95.59,283.404837997,204.370837997,123.44,832.2136653255318,"South Korea, KR",0.9984756,46182082
2026-09-29T12:22:49.058133+00:00,vast.ai,marketplace,RTX PRO 6000 S,1.402314814814815,1,95.59,279.54583799700004,199.345837997,188.92,232.625,"Bulgaria, BG",0.9980638,44647855
2026-09-29T12:22:49.058133+00:00,vast.ai,marketplace,RTX PRO 6000 WS,1.4141666666666666,1,95.59,283.599837997,200.541837997,94.19,1180.0,"North Dakota, US",0.972526,53090610
2026-09-29T12:22:49.058133+00:00,vast.ai,marketplace,RTX PRO 6000 WS,1.4142592592592593,1,95.59,283.852837997,200.70783799699998,251.5,2407.5,"Minnesota, US",0.9869754,50275370
2026-09-29T12:22:49.058133+00:00,vast.ai,marketplace,RTX PRO 6000 WS,1.4147222222222222,1,95.59,283.54083799700004,200.42183799699998,90.29,3002.0,"Greece, GR",0.9762208,51792519
2026-09-29T12:22:49.058133+00:00,vast.ai,marketplace,RTX PRO 6000 WS,1.4213148148148147,1,95.59,283.443837997,199.423837997,94.33,1602.0,"Texas, US",0.9695017,53291805
2026-09-29T12:22:49.058133+00:00,vast.ai,marketplace,RTX PRO 6000 WS,1.4213148148148147,1,95.59,283.404837997,199.39683799699998,123.49,6474.6,"Texas, US",0.9712113,51870693
2026-09-29T12:22:49.058133+00:00,vast.ai,marketplace,RTX PRO 6000 WS,1.441851851851852,1,95.59,283.52183799700003,196.636837997,125.29,1386.0,"Utah, US",0.9922489,47744581
2026-09-29T12:22:49.058133+00:00,vast.ai,marketplace,RTX PRO 6000 WS,1.4543148148148148,1,95.59,282.839837997,194.483837997,188.92,197.25,"Poland, PL",0.9950605,37051757
2026-09-29T12:22:49.058133+00:00,vast.ai,marketplace,RTX PRO 6000 S,1.4680555555555557,1,95.59,272.268837997,185.461837997,104.25,350.9,"Taiwan, TW",0.9737867,52330424
2026-09-29T12:22:49.058133+00:00,vast.ai,marketplace,RTX PRO 6000 S,1.4680555555555557,1,95.59,132.66583799699998,90.36783799700001,283.09,1558.75,"France, FR",0.9494714,52594276
2026-09-29T12:22:49.058133+00:00,vast.ai,marketplace,RTX 6000D,1.4680555555555557,1,83.64,229.672837997,156.447837997,94.39,1623.25,"Czechia, CZ",0.92533,52400794
2026-09-29T12:22:49.058133+00:00,vast.ai,marketplace,RTX PRO 6000 WS,1.4751851851851852,1,95.59,153.491837997,104.04983799700001,110.14,889.5,"Czechia, CZ",0.9892248,44578480
2026-09-29T12:22:49.058133+00:00,vast.ai,marketplace,RTX PRO 6000 WS,1.5080555555555555,1,95.59,283.69683799700005,188.120837997,125.55,1356.0,"Massachusetts, US",0.9935475,39351028
2026-09-29T12:22:49.058133+00:00,vast.ai,marketplace,RTX PRO 6000 Max-Q,1.5232037037037036,1,95.59,282.839837997,185.687837997,125.92,415.0,"Czechia, CZ",0.996551,47792401
2026-09-29T12:22:49.058133+00:00,vast.ai,marketplace,RTX PRO 6000 S,1.5338888888888889,1,95.59,279.739837997,182.372837997,125.85,169.5,"Switzerland, CH",0.99382,51032798
2026-09-29T12:22:49.058133+00:00,vast.ai,marketplace,RTX PRO 6000 S,1.534722222222222,1,95.59,279.429837997,182.071837997,226.67,333.40000000000003,"Australia, AU",0.99807,47849044
2026-09-29T12:22:49.058133+00:00,vast.ai,marketplace,RTX PRO 6000 WS,1.5374999999999999,1,95.59,283.54083799700004,184.416837997,60.47,2573.0,"Washington, US",0.9962565,53222606
2026-09-29T12:22:49.058133+00:00,vast.ai,marketplace,RTX PRO 6000 Max-Q,1.5609259259259258,1,95.59,223.279837997,143.042837997,62.88,234.75,"Czechia, CZ",0.9982419,46474488
2026-09-29T12:22:49.058133+00:00,vast.ai,marketplace,RTX PRO 6000 S,1.5877777777777777,1,95.59,279.507837997,176.036837997,94.42,574.75,"Bulgaria, BG",0.9885906,51056494
2026-09-29T12:22:49.058133+00:00,vast.ai,marketplace,RTX PRO 6000 WS,1.6013888888888888,1,95.59,283.229837997,176.864837997,110.2,1899.4068666206667,"Texas, US",0.9894113,52611622
2026-09-29T12:22:49.058133+00:00,vast.ai,marketplace,RTX PRO 6000 S,1.6018518518518516,1,95.59,279.313837997,174.369837997,110.15,3449.1000000000004,"Texas, US",0.9813185,52528363
2026-09-29T12:22:49.058133+00:00,vast.ai,marketplace,RTX PRO 6000 S,1.6018518518518516,1,95.59,279.371837997,174.405837997,98.4,2087.775,"Texas, US",0.9912036,50644434
2026-09-29T12:22:49.058133+00:00,vast.ai,marketplace,RTX 4090,1.6046296296296294,1,47.99,125.607837997,78.277837997,93.95,6451.2,"California, US",0.953268,51071482
2026-09-29T12:22:49.058133+00:00,vast.ai,marketplace,RTX PRO 6000 WS,1.604648148148148,1,95.59,282.89883799700004,176.299837997,215.93,239.85714285714283,"Bulgaria, BG",0.9992237,53318051
2026-09-29T12:22:49.058133+00:00,vast.ai,marketplace,RTX 5090,1.6055555555555554,1,31.84,199.779837997,124.43083799700001,247.81,188.5,"Norway, NO",0.9983684,50806304
2026-09-29T12:22:49.058133+00:00,vast.ai,marketplace,A100 SXM4,1.6069999722222224,1,80.0,128.883837997,80.201837997,125.96,626.6,"North Carolina, US",0.9840614,52353347
2026-09-29T12:22:49.058133+00:00,vast.ai,marketplace,RTX PRO 5000,1.6680555555555556,1,47.79,165.72583799699999,99.35283799700001,503.52,58.0,"Texas, US",0.999045,53318889
2026-09-29T12:22:49.058133+00:00,vast.ai,marketplace,RTX PRO 6000 S,1.7342592592592594,1,95.59,279.816837997,161.346837997,283.09,1589.5,"France, FR",0.9501897,52572591
2026-09-29T12:22:49.058133+00:00,vast.ai,marketplace,RTX PRO 6000 WS,1.7480555555555557,1,95.59,283.443837997,162.14783799699998,123.5,1540.0,"Ontario, CA",0.9923117,53259531
2026-09-29T12:22:49.058133+00:00,vast.ai,marketplace,RTX PRO 6000 WS,1.875388888888889,1,95.59,283.852837997,151.35683799699999,125.55,2723.0,"Massachusetts, US",0.9985246,36072512
2026-09-29T12:22:49.058133+00:00,vast.ai,marketplace,H100 SXM,1.921851851851852,1,79.65,343.57683799700004,178.773837997,122.77,240.0,"Germany, DE",0.9898718,50749286
2026-09-29T12:22:49.058133+00:00,vast.ai,marketplace,H100 SXM,1.921851851851852,1,79.65,343.582837997,178.776837997,122.77,503.0,"Germany, DE",0.9907082,50654627
2026-09-29T12:22:49.058133+00:00,vast.ai,marketplace,H100 SXM,1.921851851851852,1,79.65,343.596837997,178.78483799699998,92.01,840.0,"Germany, DE",0.9936132,50262229
2026-09-29T12:22:49.058133+00:00,vast.ai,marketplace,RTX 5090,1.9752555555555555,1,31.84,199.264837997,100.880837997,125.44,1477.8,"Massachusetts, US",0.9985321,36318699
2026-09-29T12:22:49.058133+00:00,vast.ai,marketplace,RTX PRO 6000 WS,2.000462962962963,1,95.59,283.15183799700003,141.542837997,125.42,1966.0,"Estonia, EE",0.9983742,44494718
2026-09-29T12:22:49.058133+00:00,vast.ai,marketplace,RTX 4090,2.001388888888889,1,23.99,97.107837997,48.520837997,125.71,1349.0,"Ontario, CA",0.9962849,52814544
2026-09-29T12:22:49.058133+00:00,vast.ai,marketplace,RTX PRO 6000 WS,2.002314814814815,1,95.59,282.74283799700004,141.20783799699998,94.44,417.75,"Alberta, CA",0.9956678,53217065
2026-09-29T12:22:49.058133+00:00,vast.ai,marketplace,H100 SXM,2.0285185185185184,1,79.65,343.543837997,169.35683799699999,184.2,528.0,"Germany, DE",0.9930087,50405431
2026-09-29T12:22:49.058133+00:00,vast.ai,marketplace,RTX PRO 6000 S,2.217037037037037,1,95.59,234.590837997,105.812837997,125.93,1108.125,"Czechia, CZ",0.9982063,44623532
2026-09-29T12:22:49.058133+00:00,vast.ai,marketplace,H100 PCIE,2.5881259259259255,1,79.65,256.079837997,98.943837997,62.84,556.5,"Czechia, CZ",0.6593295,50491375
2026-09-29T12:22:49.058133+00:00,vast.ai,marketplace,H100 NVL,2.6040555555555556,1,93.58,377.92583799700003,145.12983799699998,125.79,60.0,"Japan, JP",0.9996294,13527066
2026-09-29T12:22:49.058133+00:00,vast.ai,marketplace,RTX 4090,2.6680555555555556,1,47.99,123.68683799700001,46.358837996999995,503.52,2835.9,"Virginia, US",0.9118638,53065113
2026-09-29T12:22:49.058133+00:00,vast.ai,marketplace,RTX 5090,2.6685185185185185,1,31.84,183.494837997,68.762837997,62.71,1449.9,"Florida, US",0.9978943,50899309
2026-09-29T12:22:49.058133+00:00,vast.ai,marketplace,RTX 4090,2.7080555555555557,1,23.99,97.01983799700001,35.826837997,31.27,690.8,"United Kingdom, GB",0.9440395,52969850
2026-09-29T12:22:49.058133+00:00,vast.ai,marketplace,RTX 4090,2.7080555555555557,1,23.99,53.121837997,19.616837997,24.95,275.46,"United Kingdom, GB",0.9485116,53154221
2026-09-29T12:22:49.058133+00:00,vast.ai,marketplace,RTX PRO 6000 WS,2.752222222222222,1,95.59,283.15183799700003,102.880837997,124.7,504.5,"Norway, NO",0.9942655,53158253
2026-09-29T12:22:49.058133+00:00,vast.ai,marketplace,H100 SXM,2.9499444444444447,1,79.65,262.099837997,88.848837997,125.94,1344.6308462616712,"Czechia, CZ",0.9939458,49793522
2026-09-29T12:22:49.058133+00:00,vast.ai,marketplace,H100 NVL,3.037388888888889,1,93.58,357.565837997,117.72183799700001,94.21,579.5,"Texas, US",0.9982754,35408170
2026-09-29T12:22:49.058133+00:00,vast.ai,marketplace,H100 NVL,3.0413888888888883,1,93.58,345.900837997,113.731837997,314.69,303.3,"Iowa, US",0.9787194,53355019
2026-09-29T12:22:49.058133+00:00,vast.ai,marketplace,H100 SXM,3.203333333333333,1,79.65,79.06083799700001,24.680837997,188.87,451.75,"Taiwan, TW",0.9833953,51178488
2026-09-29T12:22:49.058133+00:00,vast.ai,marketplace,H100 SXM,3.430055555555555,1,79.65,324.442837997,94.588837997,110.19,1036.0,"Czechia, CZ",0.9939127,41555522
2026-09-29T12:22:49.058133+00:00,vast.ai,marketplace,RTX 5090,3.5880555555555556,1,31.84,96.304837997,26.840837997,31.07,284.5,"United Kingdom, GB",0.9933088,52933687
2026-09-29T12:22:49.058133+00:00,vast.ai,marketplace,H200 NVL,3.601388888888889,1,140.4,388.366837997,107.838837997,181.06,186.0,"Bulgaria, BG",0.9909477,44335855
2026-09-29T12:22:49.058133+00:00,vast.ai,marketplace,H100 SXM,3.628055555555556,1,79.65,293.56483799700004,80.91583799700001,221.46,2211.8579233166006,", US",0.9981981,36346695
2026-09-29T12:22:49.058133+00:00,vast.ai,marketplace,H100 NVL,3.6547407407407406,1,93.58,377.14683799700003,103.193837997,188.94,602.375,"Czechia, CZ",0.9914537,31183490
2026-09-29T12:22:49.058133+00:00,vast.ai,marketplace,H100 SXM,3.6669444444444443,1,79.65,334.587837997,91.244837997,221.33,709.5,", US",0.9988437,36551372
2026-09-29T12:22:49.058133+00:00,vast.ai,marketplace,H200 NVL,3.909611111111112,1,140.4,453.633837997,116.030837997,188.39,409.625,"Texas, US",0.8471907,53321387
2026-09-29T12:22:49.058133+00:00,vast.ai,marketplace,RTX 4090,4.006481481481481,1,23.99,97.57583799700001,24.354837997,30.94,679.0,"The Netherlands, NL",0.9959091,42544505
2026-09-29T12:22:49.058133+00:00,vast.ai,marketplace,RTX 5090,4.006481481481481,1,31.84,199.172837997,49.712837997,62.39,1493.1,"The Netherlands, NL",0.9942213,45401054
2026-09-29T12:22:49.058133+00:00,vast.ai,marketplace,RTX 5090,4.006481481481481,1,31.84,199.270837997,49.737837997,30.94,929.0,"The Netherlands, NL",0.998059,48097876
2026-09-29T12:22:49.058133+00:00,vast.ai,marketplace,RTX 5090,4.006481481481481,1,31.84,188.76683799699998,47.115837997,62.35,766.8,"The Netherlands, NL",0.9930779,49946861
2026-09-29T12:22:49.058133+00:00,vast.ai,marketplace,RTX 5080,4.006481481481481,1,15.92,83.934837997,20.949837997000003,30.94,750.8,"The Netherlands, NL",0.991605,49691112
2026-09-29T12:22:49.058133+00:00,vast.ai,marketplace,RTX 5080,4.006481481481481,1,15.92,83.794837997,20.914837997000003,30.94,1606.7,"The Netherlands, NL",0.9974409,53189390
2026-09-29T12:22:49.058133+00:00,vast.ai,marketplace,H200 NVL,4.014722222222222,1,140.4,375.64183799700004,93.56683799700001,214.36,99.14285714285714,"Mississippi, US",0.9920201,50176563
2026-09-29T12:22:49.058133+00:00,vast.ai,marketplace,H200 NVL,4.206944444444445,1,140.4,394.412837997,93.752837997,125.76,620.0,"Washington, US",0.9972666,48497455
2026-09-29T12:22:49.058133+00:00,vast.ai,marketplace,H200,4.283168859649122,1,140.4,493.428837997,115.201837997,249.99,2981.122638364053,"Georgia, US",0.9918778,50416319
2026-09-29T12:22:49.058133+00:00,vast.ai,marketplace,H200 NVL,4.375185185185185,1,140.4,452.94683799700005,103.526837997,188.81,419.4356650396852,"Washington, US",0.9978982,46122989
2026-09-29T12:22:49.058133+00:00,vast.ai,marketplace,H200 NVL,4.440537037037037,1,140.4,453.265837997,102.074837997,251.93,1411.0,"Czechia, CZ",0.9977691,21829064
2026-09-29T12:22:49.058133+00:00,vast.ai,marketplace,H200,4.804459064327485,1,140.4,493.628837997,102.743837997,377.93,2457.458184319175,"Saudi Arabia, SA",0.9967863,39605025
2026-09-29T12:22:49.058133+00:00,vast.ai,marketplace,RTX 5090,9.334898148148149,1,31.84,186.239837997,19.950837997,31.36,843.5,"Taiwan, TW",0.9894689,52962530
2026-09-29T12:22:49.058133+00:00,vast.ai,marketplace,B300,9.876302083333334,1,268.59,888.125837997,89.92483799700001,377.94,304.48750000000007,"Colorado, US",0.9787173,53283116
2026-09-29T12:22:49.058133+00:00,vast.ai,marketplace,B300,9.938802083333334,1,268.59,671.7668379969999,67.59083799700001,251.92,849.75,"Croatia, HR",0.9943159,51949545
2026-09-29T12:22:49.058133+00:00,vast.ai,marketplace,RTX 5090,53.33435185185186,1,31.84,198.822837997,3.727837997,60.44,3349.0,"Ukraine, UA",0.9979612,46363452
