collected_at,provider,tier,gpu_model,price_usd_per_hr,num_gpus,gpu_ram_gb,dlperf,dlperf_per_dollar,cpu_ram_gb,disk_space_gb,region,reliability,offer_id
2026-09-14T12:10:28.868098+00:00,vast.ai,marketplace,Quadro P2000,0.028055555555555556,1,5.0,1.0177623801653413,36.27667889698246,6.83,36.9625,"Nevada, US",0.9869306,49574214
2026-09-14T12:10:28.868098+00:00,vast.ai,marketplace,Quadro P4000,0.04092592592592593,1,8.0,2.0836915595552954,50.91373041447328,15.6,347.0,"Missouri, US",0.9942909,45958965
2026-09-14T12:10:28.868098+00:00,vast.ai,marketplace,GTX 1660 S,0.04712962962962963,1,6.0,1.724191995348428,36.584034478905735,15.56,107.0,"Oregon, US",0.9844606,50295747
2026-09-14T12:10:28.868098+00:00,vast.ai,marketplace,GTX 1650,0.04712962962962963,1,4.0,1.2522539465998532,26.5704177274625,11.75,104.09375,"Oregon, US",0.9419229,50502426
2026-09-14T12:10:28.868098+00:00,vast.ai,marketplace,GTX 1070,0.04805555555555556,1,8.0,2.6128927489656055,54.37233466055595,8.96,92.55714285714286,"South Korea, KR",0.9803956,48484311
2026-09-14T12:10:28.868098+00:00,vast.ai,marketplace,GTX 1070,0.04805555555555556,1,8.0,2.5135531547077825,52.305152352300674,7.83,110.33333333333333,"South Korea, KR",0.9930654,47635961
2026-09-14T12:10:28.868098+00:00,vast.ai,marketplace,Titan Xp,0.04805555555555556,1,12.0,5.757466410549852,119.80854958369633,8.96,91.71428571428571,"South Korea, KR",0.9963931,32784739
2026-09-14T12:10:28.868098+00:00,vast.ai,marketplace,Titan Xp,0.04805555555555556,1,12.0,5.757466410549852,119.80854958369633,8.96,94.0,"South Korea, KR",0.9958558,48455482
2026-09-14T12:10:28.868098+00:00,vast.ai,marketplace,RTX 3060,0.04805555555555556,1,12.0,12.265403621581047,255.23383258781368,15.54,136.0,"South Korea, KR",0.9974448,48521532
2026-09-14T12:10:28.868098+00:00,vast.ai,marketplace,GTX 1070,0.050722222222222224,1,8.0,2.5135531547077825,49.55526482446888,15.62,163.5,"South Korea, KR",0.9854053,50850384
2026-09-14T12:10:28.868098+00:00,vast.ai,marketplace,RTX 3060 Ti,0.050722222222222224,1,8.0,13.775822893619656,271.59344149523963,7.76,155.0,"South Korea, KR",0.996606,46591555
2026-09-14T12:10:28.868098+00:00,vast.ai,marketplace,RTX 3060 Ti,0.050722222222222224,1,8.0,13.775822893619656,271.59344149523963,7.73,133.0,"South Korea, KR",0.9927657,43332877
2026-09-14T12:10:28.868098+00:00,vast.ai,marketplace,RTX 3060,0.05494444444444444,1,12.0,12.220330031159445,222.41247781685544,31.35,333.5,"Norway, NO",0.9961816,43555507
2026-09-14T12:10:28.868098+00:00,vast.ai,marketplace,RTX 3060,0.05159259259259259,1,12.0,12.335948398435573,239.10309171411376,15.63,338.5,"Poland, PL",0.9924735,45602132
2026-09-14T12:10:28.868098+00:00,vast.ai,marketplace,RTX 3060,0.05251851851851852,1,12.0,12.407072230538473,236.24185488331366,19.63,182.725,"United States, US",0.9636187,50491878
2026-09-14T12:10:28.868098+00:00,vast.ai,marketplace,RTX 2060,0.05274074074074074,1,6.0,3.1588250296459743,59.89345210705148,23.56,338.5203723199129,"British Columbia, CA",0.9832592,48044213
2026-09-14T12:10:28.868098+00:00,vast.ai,marketplace,Quadro P4000,0.05298148148148148,1,8.0,2.0836915595552954,39.328676761966435,23.56,244.825,"United States, US",0.9899138,51010729
2026-09-14T12:10:28.868098+00:00,vast.ai,marketplace,RTX 3060,0.0537962962962963,1,12.0,12.267646437177149,228.0388666463222,15.54,202.0,"Thailand, TH",0.9834503,50243050
2026-09-14T12:10:28.868098+00:00,vast.ai,marketplace,RTX 3060,0.054259259259259264,1,12.0,11.788201507519343,217.256956111278,15.65,112.69999999999999,"Romania, RO",0.9981082,42699570
2026-09-14T12:10:28.868098+00:00,vast.ai,marketplace,Quadro P4000,0.05472222222222223,1,8.0,2.0836915595552954,38.077612255832804,30.91,412.0,"Romania, RO",0.997339,44056938
2026-09-14T12:10:28.868098+00:00,vast.ai,marketplace,Quadro P4000,0.05472222222222223,1,8.0,2.0836915595552954,38.077612255832804,15.46,157.0,"Romania, RO",0.9981209,43521340
2026-09-14T12:10:28.868098+00:00,vast.ai,marketplace,GTX 1080 Ti,0.05472222222222223,1,11.0,5.316102491579529,97.14705060754468,18.85,20.0,"Quebec, CA",0.9980667,49328818
2026-09-14T12:10:28.868098+00:00,vast.ai,marketplace,GTX 1080,0.05472222222222223,1,8.0,3.330490607485923,60.86175729415899,10.46,213.5,"South Korea, KR",0.9859012,50870179
2026-09-14T12:10:28.868098+00:00,vast.ai,marketplace,GTX 1080,0.05472222222222223,1,8.0,3.3006415126457416,60.31629160164806,10.46,263.81666666666666,"South Korea, KR",0.9676666,50870211
2026-09-14T12:10:28.868098+00:00,vast.ai,marketplace,GTX 1080,0.05472222222222223,1,8.0,3.330490607485923,60.86175729415899,31.37,68.71355907516039,"South Korea, KR",0.9958535,47674508
2026-09-14T12:10:28.868098+00:00,vast.ai,marketplace,GTX 1080,0.05472222222222223,1,8.0,3.330490607485923,60.86175729415899,15.54,142.0,"South Korea, KR",0.985774,50870754
2026-09-14T12:10:28.868098+00:00,vast.ai,marketplace,GTX 1080,0.05472222222222223,1,8.0,3.351404206277043,61.24393473399672,15.52,141.0,"South Korea, KR",0.9447278,50870717
2026-09-14T12:10:28.868098+00:00,vast.ai,marketplace,GTX 1070,0.05472222222222223,1,8.0,2.6625625460945153,48.65596530934139,7.82,88.25,"South Korea, KR",0.9977351,50595371
2026-09-14T12:10:28.868098+00:00,vast.ai,marketplace,GTX 1070,0.05472222222222223,1,8.0,2.4978679556144425,45.64631797061925,7.78,170.5,"South Korea, KR",0.9978427,50037971
2026-09-14T12:10:28.868098+00:00,vast.ai,marketplace,GTX 1070,0.05472222222222223,1,8.0,2.6128927489656055,47.748293889726796,15.61,164.2,"South Korea, KR",0.9978051,47671684
2026-09-14T12:10:28.868098+00:00,vast.ai,marketplace,Titan Xp,0.05472222222222223,1,12.0,5.757466410549852,105.21258415218003,10.45,239.51188834656173,"South Korea, KR",0.9895936,48369188
2026-09-14T12:10:28.868098+00:00,vast.ai,marketplace,Titan Xp,0.05472222222222223,1,12.0,5.757466410549852,105.21258415218003,18.85,20.0,"Quebec, CA",0.9980667,49328820
2026-09-14T12:10:28.868098+00:00,vast.ai,marketplace,Titan Xp,0.05472222222222223,1,12.0,5.757466410549852,105.21258415218003,10.45,263.65,"South Korea, KR",0.99628,48453501
2026-09-14T12:10:28.868098+00:00,vast.ai,marketplace,GTX TITAN X,0.05472222222222223,1,12.0,3.355057349444435,61.31069268020287,15.51,129.0,"South Korea, KR",0.9924013,47194499
2026-09-14T12:10:28.868098+00:00,vast.ai,marketplace,GTX TITAN X,0.05472222222222223,1,12.0,3.355057349444435,61.31069268020287,15.51,66.793776893829,"South Korea, KR",0.9956834,40865803
2026-09-14T12:10:28.868098+00:00,vast.ai,marketplace,GTX 1660 S,0.05472222222222223,1,6.0,1.7121347086676697,31.28774086905386,31.35,180.0,"Vietnam, VN",0.9490943,50512285
2026-09-14T12:10:28.868098+00:00,vast.ai,marketplace,RTX 3060,0.05472222222222223,1,12.0,12.335596063350007,225.4220600409138,20.96,187.5,"Quebec, CA",0.9993247,50547020
2026-09-14T12:10:28.868098+00:00,vast.ai,marketplace,RTX 3060,0.05472222222222223,1,12.0,12.326736617289,225.26016153421523,13.09,23.166666666666664,"Quebec, CA",0.9986453,39173941
2026-09-14T12:10:28.868098+00:00,vast.ai,marketplace,RTX 3060,0.05472222222222223,1,12.0,12.029450345990615,219.82751901302643,15.54,127.30000000000001,"South Korea, KR",0.9956729,50736627
2026-09-14T12:10:28.868098+00:00,vast.ai,marketplace,Q RTX 4000,0.05472222222222223,1,8.0,4.104189194763423,75.00041168095595,7.67,111.0,"Spain, ES",0.9826701,48583412
2026-09-14T12:10:28.868098+00:00,vast.ai,marketplace,GTX 1660 S,0.05738888888888889,1,6.0,1.7121347086676697,29.833905862553777,15.61,73.5,"Vietnam, VN",0.9949682,25240861
2026-09-14T12:10:28.868098+00:00,vast.ai,marketplace,GTX 1660 S,0.05738888888888889,1,6.0,1.688020135306153,29.413710005334707,15.61,185.5,"Vietnam, VN",0.9972568,30445808
2026-09-14T12:10:28.868098+00:00,vast.ai,marketplace,GTX 1660 S,0.05738888888888889,1,6.0,1.688020135306153,29.413710005334707,15.59,176.5,"Vietnam, VN",0.9957856,31603417
2026-09-14T12:10:28.868098+00:00,vast.ai,marketplace,RTX 3060,0.06092592592592593,1,12.0,12.226080159926891,200.6712245094383,15.63,326.0,"Poland, PL",0.9994262,45600908
2026-09-14T12:10:28.868098+00:00,vast.ai,marketplace,RTX 3060,0.06092592592592593,1,12.0,11.305565837533694,185.56247879234633,15.63,373.9,"Poland, PL",0.9990594,45601308
2026-09-14T12:10:28.868098+00:00,vast.ai,marketplace,Titan Xp,0.061388888888888896,1,12.0,5.757466410549852,93.78678315827813,10.46,233.55622600679067,"South Korea, KR",0.9962328,48474941
2026-09-14T12:10:28.868098+00:00,vast.ai,marketplace,RTX 3060,0.061388888888888896,1,12.0,12.265403621581047,199.79843003480437,10.46,156.16666666666666,"South Korea, KR",0.9958582,41678961
2026-09-14T12:10:28.868098+00:00,vast.ai,marketplace,RTX 3060,0.061388888888888896,1,12.0,12.26689919347755,199.822792291942,10.46,186.0,"South Korea, KR",0.9946107,38722529
2026-09-14T12:10:28.868098+00:00,vast.ai,marketplace,RTX 3060,0.061388888888888896,1,12.0,12.337460403838445,200.9722056733864,10.45,169.83333333333331,"South Korea, KR",0.9945471,45389031
2026-09-14T12:10:28.868098+00:00,vast.ai,marketplace,RTX 3060,0.061388888888888896,1,12.0,12.26615158836682,199.81061410914276,31.24,86.6,"South Korea, KR",0.9972761,50325605
2026-09-14T12:10:28.868098+00:00,vast.ai,marketplace,RTX 2060,0.061388888888888896,1,12.0,3.941650081068745,64.20787462374426,10.46,230.65116803956636,"South Korea, KR",0.9955597,49698947
2026-09-14T12:10:28.868098+00:00,vast.ai,marketplace,RTX 2070,0.061388888888888896,1,8.0,4.104189194763423,66.85557059343132,7.77,164.5,"South Korea, KR",0.9957162,49868123
2026-09-14T12:10:28.868098+00:00,vast.ai,marketplace,RTX 3060,0.06166666666666667,1,12.0,12.659374334649373,205.28715137269253,15.62,306.5,"Poland, PL",0.967738,50652755
2026-09-14T12:10:28.868098+00:00,vast.ai,marketplace,RTX 3060,0.06277777777777778,1,12.0,12.26689919347755,195.4019340553946,23.59,168.7625,"Hong Kong, HK",0.99574,50492814
2026-09-14T12:10:28.868098+00:00,vast.ai,marketplace,RTX 3060 laptop,0.06318518518518518,1,12.0,12.782884360734636,202.30825189908276,15.59,369.0,"New Zealand, NZ",0.9969938,46071109
2026-09-14T12:10:28.868098+00:00,vast.ai,marketplace,RTX 2060S,0.06538888888888889,1,8.0,3.98692664634161,60.97254004600593,15.61,134.70000000000005,"Vietnam, VN",0.9861363,47528461
2026-09-14T12:10:28.868098+00:00,vast.ai,marketplace,GTX 1660 S,0.06731481481481481,1,6.0,1.7121347086676697,25.434738450633883,62.85,575.0,"Quebec, CA",0.9962869,50112057
2026-09-14T12:10:28.868098+00:00,vast.ai,marketplace,GTX 1660 Ti,0.0675462962962963,1,6.0,2.4740447784639805,36.62739356738998,125.96,487.4376174732154,"Quebec, CA",0.9962572,48161397
2026-09-14T12:10:28.868098+00:00,vast.ai,marketplace,GTX 1080 Ti,0.06805555555555555,1,11.0,5.212453494822205,76.59115339330589,7.73,160.0,"South Korea, KR",0.9963144,50029567
2026-09-14T12:10:28.868098+00:00,vast.ai,marketplace,GTX 1080 Ti,0.06805555555555555,1,11.0,5.212453494822205,76.59115339330589,7.73,174.5,"South Korea, KR",0.995796,50029603
2026-09-14T12:10:28.868098+00:00,vast.ai,marketplace,GTX 1080 Ti,0.06805555555555555,1,11.0,5.384292621025136,79.11613647220608,31.29,55.0,"South Korea, KR",0.9985003,37709426
2026-09-14T12:10:28.868098+00:00,vast.ai,marketplace,GTX 1080 Ti,0.06805555555555555,1,11.0,5.212453494822205,76.59115339330589,31.22,453.29999999999995,"South Korea, KR",0.9969288,49315857
2026-09-14T12:10:28.868098+00:00,vast.ai,marketplace,GTX 1070 Ti,0.06805555555555555,1,8.0,3.1639660771116267,46.49093011266064,10.46,219.0,"South Korea, KR",0.9821889,50972566
2026-09-14T12:10:28.868098+00:00,vast.ai,marketplace,RTX 2060S,0.06805555555555555,1,8.0,3.8761786839432335,56.95609494773731,62.71,682.0,"Jiangsu, CN",0.9976548,49532882
2026-09-14T12:10:28.868098+00:00,vast.ai,marketplace,RTX 3070,0.06805555555555555,1,8.0,16.404050395124496,241.03910784672732,31.43,130.025,"Quebec, CA",0.9995317,38525269
2026-09-14T12:10:28.868098+00:00,vast.ai,marketplace,RTX 3060,0.06805555555555555,1,12.0,12.546474106930363,184.3563542242829,31.26,1596.1,"South Korea, KR",0.9993373,47774858
2026-09-14T12:10:28.868098+00:00,vast.ai,marketplace,RTX 3060,0.06805555555555555,1,12.0,12.545692781290583,184.3448735210045,31.26,820.0,"South Korea, KR",0.9986581,47774834
2026-09-14T12:10:28.868098+00:00,vast.ai,marketplace,RTX 2060,0.06805555555555555,1,12.0,3.969804724504951,58.331824523338064,31.25,258.0,"Vietnam, VN",0.9392387,50608889
2026-09-14T12:10:28.868098+00:00,vast.ai,marketplace,RTX 2080 Ti,0.06805555555555555,1,11.0,8.666419931501098,127.34331327919982,31.32,120.0,"India, IN",0.9887103,49772846
2026-09-14T12:10:28.868098+00:00,vast.ai,marketplace,RTX 2080 Ti,0.06805555555555555,1,11.0,8.666419931501098,127.34331327919982,15.66,162.75,"Henan, CN",0.9656512,48393004
2026-09-14T12:10:28.868098+00:00,vast.ai,marketplace,GTX 1080 Ti,0.06814814814814815,1,11.0,5.452482750470743,80.00925775147286,15.57,157.0,"Spain, ES",0.9740224,50865915
2026-09-14T12:10:28.868098+00:00,vast.ai,marketplace,RTX A4000,0.06851851851851852,1,15.99,21.193199327537638,309.3061523478466,19.63,106.03029874210698,"Ohio, US",0.9691902,47976746
2026-09-14T12:10:28.868098+00:00,vast.ai,marketplace,GTX 1660 Ti,0.06851851851851852,1,6.0,2.52706002371678,36.88141656235301,15.61,346.0,"Florida, US",0.9938534,50916243
2026-09-14T12:10:28.868098+00:00,vast.ai,marketplace,RTX A2000,0.06898148148148148,1,5.99,8.575741297328419,124.31947115590192,62.89,642.975,"Norway, NO",0.9925164,29318080
2026-09-14T12:10:28.868098+00:00,vast.ai,marketplace,RTX A2000,0.06898148148148148,1,5.99,8.574884920896874,124.30705657139093,125.78,1519.5,"Norway, NO",0.9968253,29431161
2026-09-14T12:10:28.868098+00:00,vast.ai,marketplace,GTX 1660,0.06898148148148148,1,6.0,2.316471688407048,33.58106608697466,62.93,318.25,"United Kingdom, GB",0.9976434,43339009
2026-09-14T12:10:28.868098+00:00,vast.ai,marketplace,RTX 3060 Ti,0.06898148148148148,1,8.0,13.772322261109926,199.65245693958013,62.96,330.125,"Norway, NO",0.9906871,36930527
2026-09-14T12:10:28.868098+00:00,vast.ai,marketplace,RTX 4060,0.06944444444444445,1,8.0,15.653315498872239,225.40774318376023,15.72,123.125,"Nevada, US",0.9868014,50944069
2026-09-14T12:10:28.868098+00:00,vast.ai,marketplace,GTX 1660 Ti,0.06944444444444445,1,6.0,2.4740447784639805,35.62624480988132,31.35,338.85,"United Kingdom, GB",0.9972491,50291701
2026-09-14T12:10:28.868098+00:00,vast.ai,marketplace,RTX 3060 laptop,0.06985185185185185,1,12.0,12.783890933535213,183.01434528390817,15.66,177.75,"New Zealand, NZ",0.9991263,50875268
2026-09-14T12:10:28.868098+00:00,vast.ai,marketplace,RTX 3060,0.07072222222222221,1,12.0,12.209807003325047,172.64456092682707,20.97,226.42499999999998,"Thailand, TH",0.9955773,42384443
2026-09-14T12:10:28.868098+00:00,vast.ai,marketplace,RTX 3060,0.0712962962962963,1,12.0,12.335948398435573,173.0236918222132,31.35,312.5,"Quebec, CA",0.9941207,50115831
2026-09-14T12:10:28.868098+00:00,vast.ai,marketplace,GTX 1660 Ti,0.07361111111111111,1,6.0,2.54473177213438,34.569941055410446,15.51,88.40000000000029,"Japan, JP",0.979397,49175569
2026-09-14T12:10:28.868098+00:00,vast.ai,marketplace,GTX 1080 Ti,0.07472222222222222,1,11.0,5.212453494822205,69.75774193814104,15.52,144.0,"South Korea, KR",0.9820437,50029660
2026-09-14T12:10:28.868098+00:00,vast.ai,marketplace,GTX 1080 Ti,0.07472222222222222,1,11.0,5.212453494822205,69.75774193814104,15.52,151.0,"South Korea, KR",0.9634116,50029682
2026-09-14T12:10:28.868098+00:00,vast.ai,marketplace,GTX 1080 Ti,0.07472222222222222,1,11.0,5.316102491579529,71.1448660583134,15.64,376.0,"South Korea, KR",0.9957368,47674539
2026-09-14T12:10:28.868098+00:00,vast.ai,marketplace,RTX 3070,0.07611111111111112,1,8.0,16.280507674579923,213.90448039594057,23.59,167.875,"Hong Kong, HK",0.9984759,50148846
2026-09-14T12:10:28.868098+00:00,vast.ai,marketplace,RTX 2080 Ti,0.07611111111111112,1,22.0,11.045877624506199,145.12831915409603,31.47,126.42743173641193,"United States, US",0.9717634,43529666
2026-09-14T12:10:28.868098+00:00,vast.ai,marketplace,RTX A2000,0.07692592592592593,1,5.99,8.573170628689565,111.44709050294573,62.85,782.5,"British Columbia, CA",0.9976677,44117223
2026-09-14T12:10:28.868098+00:00,vast.ai,marketplace,RTX 3060 Ti,0.07785185185185185,1,8.0,13.777221262848961,176.967161796823,11.68,357.1,"New Zealand, NZ",0.9761248,50984251
2026-09-14T12:10:28.868098+00:00,vast.ai,marketplace,RTX 3070,0.08092592592592593,1,8.0,16.281633360172783,201.1918081119749,31.18,246.0,"Vietnam, VN",0.9846209,49948877
2026-09-14T12:10:28.868098+00:00,vast.ai,marketplace,RTX 3070,0.08092592592592593,1,8.0,16.282758629735092,201.20571304478145,31.18,297.6,"Vietnam, VN",0.9824731,49948891
2026-09-14T12:10:28.868098+00:00,vast.ai,marketplace,RTX 3060,0.081,1,12.0,9.990936781062988,123.34489853164183,19.5,455.0,"Spain, ES",0.9840601,48105707
2026-09-14T12:10:28.868098+00:00,vast.ai,marketplace,RTX 3060,0.08115740740740741,1,12.0,12.265403621581047,151.13104291280695,31.26,295.0,"New Jersey, US",0.9988965,39156383
2026-09-14T12:10:28.868098+00:00,vast.ai,marketplace,GTX 1080,0.08138888888888889,1,8.0,3.4838569986208063,42.8050689250338,62.73,248.0,"United Kingdom, GB",0.9969182,45255274
2026-09-14T12:10:28.868098+00:00,vast.ai,marketplace,GTX 1660 S,0.08138888888888889,1,6.0,1.688020135306153,20.74017913686741,15.67,389.225,"South Korea, KR",0.9963469,50723306
2026-09-14T12:10:28.868098+00:00,vast.ai,marketplace,RTX 3070,0.08138888888888889,1,8.0,16.279381572723597,200.01970533039233,31.26,299.5,"Japan, JP",0.9867492,48014409
2026-09-14T12:10:28.868098+00:00,vast.ai,marketplace,RTX 3060,0.08138888888888889,1,12.0,12.685909613945316,155.8678314341404,31.4,677.65,"Nebraska, US",0.9990374,10692455
2026-09-14T12:10:28.868098+00:00,vast.ai,marketplace,RTX 3060,0.08138888888888889,1,12.0,12.397874767685444,152.3288367360669,47.19,118.90466950509303,"Connecticut, US",0.9950744,47594085
2026-09-14T12:10:28.868098+00:00,vast.ai,marketplace,RTX 2080 Ti,0.08138888888888889,1,11.0,8.914031929543983,109.52394179644484,15.63,683.0,"Florida, US",0.9944892,39588999
2026-09-14T12:10:28.868098+00:00,vast.ai,marketplace,RTX 3060,0.08157407407407408,1,12.0,12.47950959800739,152.98377259759343,31.47,359.125,"Texas, US",0.9965952,41247441
2026-09-14T12:10:28.868098+00:00,vast.ai,marketplace,RTX A4000,0.0819074074074074,1,15.99,21.175552507977233,258.53037201690495,15.59,691.0,"Quebec, CA",0.9958919,50314400
2026-09-14T12:10:28.868098+00:00,vast.ai,marketplace,RTX A4000,0.08225925925925925,1,15.99,19.955703978067792,242.59523071041443,41.93,88.0,"Japan, JP",0.986032,49634068
2026-09-14T12:10:28.868098+00:00,vast.ai,marketplace,RTX 3060,0.08231481481481481,1,12.0,12.407836284181814,150.7363688067082,62.82,739.0,"Norway, NO",0.9984042,34538917
2026-09-14T12:10:28.868098+00:00,vast.ai,marketplace,RTX 4060 Ti,0.08231481481481481,1,16.0,22.620911984028176,274.8097293897686,18.34,132.66666666666666,"United States, US",0.96567,50241027
2026-09-14T12:10:28.868098+00:00,vast.ai,marketplace,RTX A4000,0.0835925925925926,1,15.99,21.189996229700604,253.49131510940023,62.7,902.5,"Japan, JP",0.9979244,43086110
2026-09-14T12:10:28.868098+00:00,vast.ai,marketplace,RTX 3060 Ti,0.08462962962962964,1,8.0,13.775822893619656,162.77777598587775,15.54,106.0,"Argentina, AR",0.9722907,50126692
2026-09-14T12:10:28.868098+00:00,vast.ai,marketplace,RTX 4070S,0.08601851851851852,1,11.99,34.731356977760385,403.7660445207881,11.78,369.2375,", US",0.9958372,44275546
2026-09-14T12:10:28.868098+00:00,vast.ai,marketplace,RTX 4070S,0.08601851851851852,1,11.99,34.73666963981971,403.8278063617361,11.78,159.75,", US",0.9917306,42643514
2026-09-14T12:10:28.868098+00:00,vast.ai,marketplace,RTX 4070S,0.08601851851851852,1,11.99,34.68351610379909,403.2098750495481,11.78,124.25,", US",0.9874094,47671306
2026-09-14T12:10:28.868098+00:00,vast.ai,marketplace,RTX 4060 Ti,0.08601851851851852,1,16.0,22.52902695465334,261.90903241147043,31.47,158.77358889988656,", US",0.9934574,42171819
2026-09-14T12:10:28.868098+00:00,vast.ai,marketplace,RTX 4060 Ti,0.08694444444444445,1,16.0,22.522997544622854,259.0504509924673,31.35,344.5,"Norway, NO",0.9907348,48216965
2026-09-14T12:10:28.868098+00:00,vast.ai,marketplace,RTX A4000,0.0875925925925926,1,15.99,20.2951281031988,231.699136907555,23.49,300.5,"Poland, PL",0.9991766,45599981
2026-09-14T12:10:28.868098+00:00,vast.ai,marketplace,RTX A4000,0.0875925925925926,1,15.99,20.295284107604196,231.70091793036502,15.64,285.0,"Poland, PL",0.9995429,47628562
2026-09-14T12:10:28.868098+00:00,vast.ai,marketplace,RTX A4000,0.0875925925925926,1,15.99,20.438513856242103,233.3360989930388,23.49,166.5,"Poland, PL",0.9982431,49383451
2026-09-14T12:10:28.868098+00:00,vast.ai,marketplace,Q RTX 5000,0.08805555555555555,1,16.0,6.974717272952806,79.20814568653029,31.34,270.0,"Spain, ES",0.9959243,47336677
2026-09-14T12:10:28.868098+00:00,vast.ai,marketplace,RTX 4060 Ti,0.08805555555555555,1,16.0,22.498867868639216,255.50764771956207,62.63,278.0,"Vietnam, VN",0.9930883,49346556
2026-09-14T12:10:28.868098+00:00,vast.ai,marketplace,RTX A4000,0.08805688888888889,1,15.99,21.189996229700604,240.6398465478194,31.19,377.0,"Michigan, US",0.9928958,50923402
2026-09-14T12:10:28.868098+00:00,vast.ai,marketplace,RTX A4000,0.0915925925925926,1,15.99,19.40327840600338,211.8433145823256,41.93,64.33333333333333,"Japan, JP",0.9840905,50135977
2026-09-14T12:10:28.868098+00:00,vast.ai,marketplace,RTX 2080 Ti,0.09205555555555556,1,22.0,11.045877624506199,119.99142863072515,17.97,150.2142857142857,"Thailand, TH",0.977987,50286302
2026-09-14T12:10:28.868098+00:00,vast.ai,marketplace,RTX 4060 Ti,0.0933888888888889,1,16.0,22.516966931916716,241.10969944943537,31.18,297.0,"Kentucky, US",0.9970406,48221836
2026-09-14T12:10:28.868098+00:00,vast.ai,marketplace,RTX 3060,0.0937962962962963,1,12.0,12.47725542502038,133.02503315915112,41.93,199.4266637660585,"New Jersey, US",0.9752332,19830448
2026-09-14T12:10:28.868098+00:00,vast.ai,marketplace,RTX 3060 Ti,0.09456481481481482,1,8.0,11.080433292470923,117.1728968556604,7.61,299.0,"Spain, ES",0.9914051,46485962
2026-09-14T12:10:28.868098+00:00,vast.ai,marketplace,RTX 3060,0.09462962962962963,1,12.0,12.249612301992684,129.44795779013796,15.63,1452.8000000000002,"New Jersey, US",0.9942015,44021691
2026-09-14T12:10:28.868098+00:00,vast.ai,marketplace,RTX 4070,0.09472222222222222,1,11.99,33.657026942060945,355.3234515877402,23.56,148.66875,"Fujian, CN",0.9985046,34049710
2026-09-14T12:10:28.868098+00:00,vast.ai,marketplace,RTX 3070,0.09472222222222222,1,8.0,16.280507674579923,171.87632735626897,62.83,315.0,"Texas, US",0.9674947,50954785
2026-09-14T12:10:28.868098+00:00,vast.ai,marketplace,RTX 3070,0.09472222222222222,1,8.0,16.28837874522827,171.95942370328964,31.22,741.0,"France, FR",0.9950922,20155807
2026-09-14T12:10:28.868098+00:00,vast.ai,marketplace,RTX 3070,0.09472222222222222,1,8.0,16.27374481132557,171.80493055944885,31.26,465.0,"Virginia, US",0.9961261,39826844
2026-09-14T12:10:28.868098+00:00,vast.ai,marketplace,RTX 3070,0.09472222222222222,1,8.0,16.278255054370714,171.85254602854712,31.27,1311.0,"Virginia, US",0.9904353,50502898
2026-09-14T12:10:28.868098+00:00,vast.ai,marketplace,RTX 2070,0.09472222222222222,1,8.0,4.104189194763423,43.32868358108013,7.82,357.8500000000001,"South Korea, KR",0.9770365,50701341
2026-09-14T12:10:28.868098+00:00,vast.ai,marketplace,RTX 3080,0.09472222222222222,1,10.0,25.60526793363536,270.31954416741144,15.67,395.75,"South Korea, KR",0.9964134,45173972
2026-09-14T12:10:28.868098+00:00,vast.ai,marketplace,RTX 3080,0.09472222222222222,1,10.0,26.550116911221934,280.2944893853342,7.59,96.0,"South Korea, KR",0.9972304,48452986
2026-09-14T12:10:28.868098+00:00,vast.ai,marketplace,RTX 3080,0.09472222222222222,1,10.0,26.961068640394856,284.632982713846,15.46,139.0,"South Korea, KR",0.9961471,48452971
2026-09-14T12:10:28.868098+00:00,vast.ai,marketplace,RTX 3080,0.09472222222222222,1,10.0,26.960074480764245,284.6224871869539,15.46,107.0,"South Korea, KR",0.9930702,50346757
2026-09-14T12:10:28.868098+00:00,vast.ai,marketplace,RTX 3080,0.09472222222222222,1,10.0,27.258219703725107,287.77006138830023,30.7,46.0,"Ontario, CA",0.9965154,41270924
2026-09-14T12:10:28.868098+00:00,vast.ai,marketplace,RTX 4060 Ti,0.09472222222222222,1,16.0,22.516966931916716,237.71577992639348,19.43,298.0,"Kentucky, US",0.984444,40407013
2026-09-14T12:10:28.868098+00:00,vast.ai,marketplace,RTX A4000,0.09518518518518519,1,15.99,21.191598078871984,222.63546619826596,31.29,762.9,"Spain, ES",0.9966722,44704808
2026-09-14T12:10:28.868098+00:00,vast.ai,marketplace,RTX 5060 Ti,0.09518518518518519,1,15.93,38.5381561183504,404.8755701149653,29.96,462.0,"India, IN",0.9245831,50282300
2026-09-14T12:10:28.868098+00:00,vast.ai,marketplace,Tesla P100,0.09564814814814815,1,16.0,6.489584450329015,67.84851119414652,39.01,540.925,"Texas, US",0.9829646,48981933
2026-09-14T12:10:28.868098+00:00,vast.ai,marketplace,RTX 4060 Ti,0.09564814814814815,1,16.0,22.553132586187967,235.7926736987706,23.54,309.875,"United States, US",0.9926166,47543123
2026-09-14T12:10:28.868098+00:00,vast.ai,marketplace,RTX 5060,0.09564814814814815,1,7.96,28.52729298205798,298.25243388792467,20.96,220.66166666666666,"United States, US",0.9943748,50138873
2026-09-14T12:10:28.868098+00:00,vast.ai,marketplace,RTX 5060 Ti,0.09613888888888887,1,7.96,30.21982175309882,314.33504279444026,15.41,104.39999999999998,"Virginia, US",0.9967798,44355658
2026-09-14T12:10:28.868098+00:00,vast.ai,marketplace,RTX 4060,0.09918518518518518,1,8.0,15.653315498872239,157.819088300803,15.62,269.43110691242515,"New Zealand, NZ",0.9938455,47696169
2026-09-14T12:10:28.868098+00:00,vast.ai,marketplace,RTX A4000,0.10027777777777779,1,15.99,10.804061707087202,107.74133558314107,31.42,351.9,"Germany, DE",0.9885781,50614344
2026-09-14T12:10:28.868098+00:00,vast.ai,marketplace,RTX 4060 Ti,0.10092601925925926,1,16.0,22.510935115624875,223.04392148667503,23.57,164.02457244521395,"California, US",0.9665503,49904918
2026-09-14T12:10:28.868098+00:00,vast.ai,marketplace,RTX 3060,0.10337777777777779,1,12.0,12.26689919347755,118.6608907365627,31.44,623.75,"Texas, US",0.9697155,49591775
2026-09-14T12:10:28.868098+00:00,vast.ai,marketplace,RTX 3060,0.10337777777777779,1,12.0,12.26689919347755,118.6608907365627,27.51,1018.75,"Texas, US",0.9980631,50069464
2026-09-14T12:10:28.868098+00:00,vast.ai,marketplace,RTX 3080,0.10451851851851852,1,10.0,20.15697547494457,192.85554139741438,10.4,150.0,"Spain, ES",0.9944537,50715183
2026-09-14T12:10:28.868098+00:00,vast.ai,marketplace,RTX A4000,0.1063148148148148,1,15.99,21.188393779682055,199.29860026177167,39.26,348.2238114349676,"Estonia, EE",0.9960918,46119331
2026-09-14T12:10:28.868098+00:00,vast.ai,marketplace,Tesla P40,0.10672222222222222,1,24.0,5.87904,55.08730869338886,62.81,699.75,"Thailand, TH",0.9736843,47185201
2026-09-14T12:10:28.868098+00:00,vast.ai,marketplace,RTX 3080,0.10680555555555556,1,10.0,27.244005483058558,255.08041544606192,15.69,365.5,"California, US",0.992667,48836270
2026-09-14T12:10:28.868098+00:00,vast.ai,marketplace,RTX 4060 Ti,0.10680555555555556,1,16.0,22.52902695465334,210.93497278739147,23.57,284.5,"Jiangsu, CN",0.9846813,49517347
2026-09-14T12:10:28.868098+00:00,vast.ai,marketplace,RTX 5060 Ti,0.10712962962962963,1,15.93,38.34864365332504,357.9648672911931,31.23,35.0,"Indonesia, ID",0.9930612,48459000
2026-09-14T12:10:28.868098+00:00,vast.ai,marketplace,RTX 5060 Ti,0.10738888888888888,1,15.93,38.3691436852251,357.29156044182713,31.28,280.5,"Vietnam, VN",0.9920791,50687857
2026-09-14T12:10:28.868098+00:00,vast.ai,marketplace,A16,0.1075925925925926,1,15.0,15.446640606358908,143.56602284739776,31.47,416.4517740907958,"Vietnam, VN",0.9961343,46601059
2026-09-14T12:10:28.868098+00:00,vast.ai,marketplace,RTX 3080,0.1075925925925926,1,10.0,27.110861842221155,251.97702917038592,31.34,297.5,"Quebec, CA",0.9974613,45587623
2026-09-14T12:10:28.868098+00:00,vast.ai,marketplace,RTX 4070,0.10805555555555556,1,11.99,33.74727920241274,312.31415200176315,20.96,101.08333333333333,"Washington, US",0.9992828,16213988
2026-09-14T12:10:28.868098+00:00,vast.ai,marketplace,RTX A4000,0.10805555555555556,1,15.99,21.188393779682055,196.08796299962827,31.2,87.0,"Romania, RO",0.9958133,45565872
2026-09-14T12:10:28.868098+00:00,vast.ai,marketplace,RTX 3080,0.10805555555555556,1,10.0,23.807901415334058,220.33019304679334,20.22,114.25714285714284,"Florida, US",0.9954671,50684603
2026-09-14T12:10:28.868098+00:00,vast.ai,marketplace,RTX 3080,0.10805555555555556,1,10.0,26.965043038800065,249.54795614313684,30.46,230.0,"Jordan, JO",0.8622295,48112672
2026-09-14T12:10:28.868098+00:00,vast.ai,marketplace,RTX 3080,0.10805555555555556,1,10.0,26.958522639060323,249.48761311212638,15.52,627.0,"Austria, AT",0.9968037,50569051
2026-09-14T12:10:28.868098+00:00,vast.ai,marketplace,RTX 3080,0.10805555555555556,1,10.0,26.946132673868494,249.372950195184,27.52,328.99534173171264,"Norway, NO",0.9935932,44685311
2026-09-14T12:10:28.868098+00:00,vast.ai,marketplace,RTX 4060 Ti,0.10805555555555556,1,16.0,22.492832436120686,208.15988886898322,31.31,668.55,"Vietnam, VN",0.9930462,45241065
2026-09-14T12:10:28.868098+00:00,vast.ai,marketplace,RTX 5060 Ti,0.10805555555555556,1,7.96,30.130147696858003,278.83941313287613,31.34,56.5,"Vietnam, VN",0.983331,45646830
2026-09-14T12:10:28.868098+00:00,vast.ai,marketplace,RTX 5060 Ti,0.10805555555555556,1,15.93,38.38963549353913,355.27683233095337,39.23,233.0,"Montana, US",0.9973154,47126623
2026-09-14T12:10:28.868098+00:00,vast.ai,marketplace,RTX 5060 Ti,0.10805555555555556,1,15.93,38.3076188761938,354.51780965115086,62.88,344.05,"Malaysia, MY",0.9921621,48597473
2026-09-14T12:10:28.868098+00:00,vast.ai,marketplace,RTX 5060 Ti,0.10805555555555556,1,15.93,38.382805803843624,355.21362697644486,15.67,359.0,"Sweden, SE",0.9894277,37134677
2026-09-14T12:10:28.868098+00:00,vast.ai,marketplace,RTX 3060,0.10851851851851853,1,12.0,12.33702455294655,113.68589178483168,62.88,1195.5,"Utah, US",0.9979985,49992717
2026-09-14T12:10:28.868098+00:00,vast.ai,marketplace,RTX 5060 Ti,0.10851851851851853,1,15.93,38.89454941096453,358.41393655155025,62.88,302.825,"Florida, US",0.997235,50388943
2026-09-14T12:10:28.868098+00:00,vast.ai,marketplace,RTX 5060 Ti,0.10851851851851853,1,15.93,38.42377026159708,354.0756986563553,15.63,241.0,"Romania, RO",0.9591964,50691191
2026-09-14T12:10:28.868098+00:00,vast.ai,marketplace,Tesla V100,0.10898148148148148,1,16.0,20.174061839263175,185.11458612068162,43.19,592.25,"Texas, US",0.9643279,30970798
2026-09-14T12:10:28.868098+00:00,vast.ai,marketplace,RTX 3060 Ti,0.10898148148148148,1,8.0,13.77861855750952,126.43082448691827,62.89,371.325,"Norway, NO",0.9983504,31574348
2026-09-14T12:10:28.868098+00:00,vast.ai,marketplace,RTX 5060 Ti,0.10944444444444446,1,7.96,30.098005256439453,275.00715462736554,15.6,1554.4796935149254,"Illinois, US",0.993757,48367019
2026-09-14T12:10:28.868098+00:00,vast.ai,marketplace,RTX 3080 Ti,0.11205555555555556,1,12.0,33.62278050886483,300.054560812874,50.35,115.58,"Quebec, CA",0.9992711,36659111
2026-09-14T12:10:28.868098+00:00,vast.ai,marketplace,RTX 5060 Ti,0.11205555555555556,1,15.93,38.382805803843624,342.53371565155436,27.47,238.0,"Taiwan, TW",0.9934472,41702076
2026-09-14T12:10:28.868098+00:00,vast.ai,marketplace,RTX 3090,0.1126851851851852,1,24.0,44.3476000530206,393.55306538424196,31.46,335.45,"United States, US",0.9834226,44375073
2026-09-14T12:10:28.868098+00:00,vast.ai,marketplace,RTX 5060 Ti,0.11351851851851853,1,7.96,12.122100656927206,106.78522601534569,15.56,110.0,"Virginia, US",0.9966364,40931302
2026-09-14T12:10:28.868098+00:00,vast.ai,marketplace,RTX 3060 Ti,0.11425925925925927,1,8.0,14.706854143249233,128.71476883881013,31.33,342.5,"Ontario, CA",0.9982145,18012462
2026-09-14T12:10:28.868098+00:00,vast.ai,marketplace,RTX 5070 Ti,0.11472222222222223,1,15.92,56.092633522168775,488.9430524934808,15.67,85.0,"South Korea, KR",0.9946322,38692157
2026-09-14T12:10:28.868098+00:00,vast.ai,marketplace,RTX 5070 Ti,0.11472222222222223,1,15.92,54.80784414267818,477.74391988775164,15.67,117.75,"South Korea, KR",0.9908528,45957836
2026-09-14T12:10:28.868098+00:00,vast.ai,marketplace,RTX 3070,0.1187222222222222,1,8.0,16.279381572723597,137.12160426252916,31.23,1675.8,"Quebec, CA",0.9986242,50693441
2026-09-14T12:10:28.868098+00:00,vast.ai,marketplace,RTX 3060,0.12089629629629632,1,12.0,12.527452306197004,103.62147303085565,62.94,1451.0,"Texas, US",0.9997736,31850486
2026-09-14T12:10:28.868098+00:00,vast.ai,marketplace,RTX 4070,0.1213888888888889,1,11.99,33.657026942060945,277.26612583848834,31.34,418.95,"Texas, US",0.8784913,50957603
2026-09-14T12:10:28.868098+00:00,vast.ai,marketplace,RTX A4000,0.1213888888888889,1,15.99,21.189996229700604,174.56289800211024,18.17,88.375,"Delaware, US",0.9993905,46653913
2026-09-14T12:10:28.868098+00:00,vast.ai,marketplace,RTX A4000,0.1213888888888889,1,15.99,21.022594531624122,173.18384511177766,15.67,123.0,"Utah, US",0.9786562,50588423
2026-09-14T12:10:28.868098+00:00,vast.ai,marketplace,RTX 3080 Ti,0.1213888888888889,1,12.0,34.93318073062686,287.779063227132,31.26,654.0,"Oregon, US",0.8696888,38475407
2026-09-14T12:10:28.868098+00:00,vast.ai,marketplace,RTX 5070 Ti,0.1213888888888889,1,15.92,75.36450861388263,620.8517872081865,62.71,1594.0,"South Korea, KR",0.9791242,46480556
2026-09-14T12:10:28.868098+00:00,vast.ai,marketplace,RTX A4000,0.12185185185185186,1,15.99,21.18679072847466,173.87335856195006,62.96,777.0125,"Estonia, EE",0.9254837,50747395
2026-09-14T12:10:28.868098+00:00,vast.ai,marketplace,RTX 3070,0.12185185185185186,1,8.0,16.312984494667592,133.87555664316866,54.92,3301.5,"Utah, US",0.9986074,50422426
2026-09-14T12:10:28.868098+00:00,vast.ai,marketplace,RTX 5060 Ti,0.13292592592592592,1,15.93,38.45578145435362,289.30234028073215,31.41,676.0087857274334,"British Columbia, CA",0.9982599,43619156
2026-09-14T12:10:28.868098+00:00,vast.ai,marketplace,RTX 3090,0.13425925925925924,1,24.0,44.608251904692125,332.25456591081036,31.41,70.25,"Germany, DE",0.9350655,50865525
2026-09-14T12:10:28.868098+00:00,vast.ai,marketplace,RTX 3080,0.13425925925925924,1,10.0,26.962062575937452,200.82087987594795,31.27,768.0,"Argentina, AR",0.9970582,16764823
2026-09-14T12:10:28.868098+00:00,vast.ai,marketplace,RTX 3080,0.13425925925925924,1,10.0,27.138349091175318,202.1339104722024,31.25,826.0,"Argentina, AR",0.9979423,29430929
2026-09-14T12:10:28.868098+00:00,vast.ai,marketplace,Titan V,0.13472222222222222,1,12.0,21.929328568462733,162.77439762157906,15.59,372.0,"South Korea, KR",0.9956646,50869938
2026-09-14T12:10:28.868098+00:00,vast.ai,marketplace,RTX 3080 Ti,0.13472222222222222,1,12.0,30.56441909736418,226.86991494950732,31.3,342.0,"Ukraine, UA",0.9939968,50044294
2026-09-14T12:10:28.868098+00:00,vast.ai,marketplace,RTX 5070,0.13472222222222222,1,11.94,49.87672609950207,370.21899785197417,30.46,1468.9,"Norway, NO",0.9984842,36925200
2026-09-14T12:10:28.868098+00:00,vast.ai,marketplace,RTX 3070 Ti,0.1348148148148148,1,8.0,18.312988822797344,135.83810390536493,23.54,2283.945621414297,"South Carolina, US",0.9803879,47975556
2026-09-14T12:10:28.868098+00:00,vast.ai,marketplace,RTX 3070 Ti,0.1348148148148148,1,8.0,18.31509919521401,135.85375776669733,31.26,1551.0,"South Carolina, US",0.9890023,48875986
2026-09-14T12:10:28.868098+00:00,vast.ai,marketplace,RTX 3070,0.13564814814814816,1,8.0,16.41052752193981,120.97863292624568,62.89,377.5,"Norway, NO",0.9978692,16581611
2026-09-14T12:10:28.868098+00:00,vast.ai,marketplace,RTX 2080 Ti,0.13564814814814816,1,11.0,8.914031929543983,65.7143650778669,62.71,2993.0,"North Carolina, US",0.9863431,50935563
2026-09-14T12:10:28.868098+00:00,vast.ai,marketplace,RTX 4060 Ti,0.13657407407407407,1,8.0,17.669675232839857,129.37796102689524,14.77,1513.0,"France, FR",0.9922055,49431993
2026-09-14T12:10:28.868098+00:00,vast.ai,marketplace,RTX 3060,0.1377962962962963,1,12.0,12.26689919347755,89.02198043915975,125.94,728.7959859812079,"Texas, US",0.9972603,31947967
2026-09-14T12:10:28.868098+00:00,vast.ai,marketplace,RTX 3060,0.13804444444444444,1,12.0,12.26689919347755,88.86195487870087,125.88,724.0,"Texas, US",0.9932918,50441954
2026-09-14T12:10:28.868098+00:00,vast.ai,marketplace,RTX 3090,0.13935185185185184,1,24.0,44.36601777471118,318.3740810411168,31.47,173.7,"United States, US",0.9167882,50743736
2026-09-14T12:10:28.868098+00:00,vast.ai,marketplace,RTX 3090,0.13935185185185184,1,24.0,44.16170608384245,316.9079240568097,35.98,152.07857142857142,"United States, US",0.9866297,50443924
2026-09-14T12:10:28.868098+00:00,vast.ai,marketplace,RTX 3090,0.13935185185185184,1,24.0,44.36470379958797,318.3646518508639,23.59,289.21631313408767,", US",0.9920326,43751735
2026-09-14T12:10:28.868098+00:00,vast.ai,marketplace,RTX 3090,0.13935185185185184,1,24.0,44.362075122503484,318.34578825451007,31.44,339.804669505093,"United States, US",0.9508272,50342462
2026-09-14T12:10:28.868098+00:00,vast.ai,marketplace,RTX 3060 laptop,0.14051851851851851,1,12.0,12.779861633509627,90.9478819464312,15.62,229.76666666666665,"New Zealand, NZ",0.9884934,46442915
2026-09-14T12:10:28.868098+00:00,vast.ai,marketplace,RTX 3080,0.1413888888888889,1,10.0,26.96305628746833,190.70138042217286,31.14,86.0,"Argentina, AR",0.9952686,45863091
2026-09-14T12:10:28.868098+00:00,vast.ai,marketplace,RTX 5060 Ti,0.14759259259259258,1,15.93,38.375975201203396,260.01288091154123,23.53,46.5,"Bulgaria, BG",0.9900608,46881314
2026-09-14T12:10:28.868098+00:00,vast.ai,marketplace,RTX 3090,0.14805555555555555,1,24.0,44.3607604204072,299.622396835771,31.44,252.33613326550773,"Yunnan, CN",0.9939813,35580413
2026-09-14T12:10:28.868098+00:00,vast.ai,marketplace,RTX 3070,0.14805555555555555,1,8.0,16.277128119288,109.93932688449682,15.53,779.0,"Japan, JP",0.9898288,50020378
2026-09-14T12:10:28.868098+00:00,vast.ai,marketplace,RTX 3060,0.14805555555555555,1,12.0,12.337460403838445,83.3299389377456,110.06,145.5,"Massachusetts, US",0.9606434,50113631
2026-09-14T12:10:28.868098+00:00,vast.ai,marketplace,RTX 3080 Ti,0.14805555555555555,1,12.0,26.141888615332867,176.5681032180081,15.67,202.65,"Taiwan, TW",0.9816878,50375374
2026-09-14T12:10:28.868098+00:00,vast.ai,marketplace,RTX 3080 Ti,0.14805555555555555,1,12.0,34.521308690230704,233.16456151000102,62.67,593.0,"Pennsylvania, US",0.9793678,50390227
2026-09-14T12:10:28.868098+00:00,vast.ai,marketplace,RTX 4070S Ti,0.14814814814814814,1,15.99,51.0209211458545,344.3912177345179,31.11,5268.0,"South Carolina, US",0.9956051,48982386
2026-09-14T12:10:28.868098+00:00,vast.ai,marketplace,RTX 3070 Ti,0.1489814814814815,1,8.0,18.312284957366362,122.9165180482018,31.41,369.75,"Norway, NO",0.9971722,36538844
2026-09-14T12:10:28.868098+00:00,vast.ai,marketplace,RTX 3090,0.15268518518518517,1,24.0,44.3607604204072,290.5374242209811,31.47,126.0375,"United States, US",0.9673387,48086802
2026-09-14T12:10:28.868098+00:00,vast.ai,marketplace,RTX 3060 laptop,0.15385185185185185,1,12.0,12.78187728671498,83.07912535900445,15.63,311.65,"New Zealand, NZ",0.9970011,50845974
2026-09-14T12:10:28.868098+00:00,vast.ai,marketplace,RTX 5060 Ti,0.16046296296296297,1,15.93,38.50384941987168,239.95474537484944,62.6,1423.9,"Thailand, TH",0.9990502,45887068
2026-09-14T12:10:28.868098+00:00,vast.ai,marketplace,RTX 5060 Ti,0.16055555555555556,1,15.93,24.524066019931375,152.7450478750051,31.29,611.0,"Minnesota, US",0.9895694,49214134
2026-09-14T12:10:28.868098+00:00,vast.ai,marketplace,RTX 3060,0.16092592592592592,1,12.0,12.274355410390498,76.27332475961875,62.59,2781.9,"Maryland, US",0.9335979,50758005
2026-09-14T12:10:28.868098+00:00,vast.ai,marketplace,RTX 3090,0.1613888888888889,1,24.0,44.83225885059289,277.79024416890604,35.93,168.9,"Taiwan, TW",0.9962369,41962652
2026-09-14T12:10:28.868098+00:00,vast.ai,marketplace,RTX 3090,0.1613888888888889,1,24.0,44.350234069419734,274.80351574855604,35.38,520.75,"United States, US",0.9862813,50199343
2026-09-14T12:10:28.868098+00:00,vast.ai,marketplace,RTX 3090,0.1613888888888889,1,24.0,44.34891718275436,274.7953560377207,31.17,217.0,"New Brunswick, CA",0.9935431,48611211
2026-09-14T12:10:28.868098+00:00,vast.ai,marketplace,RTX 5060 Ti,0.1613888888888889,1,15.93,38.66504182630643,239.5768512473376,31.32,589.5,"Texas, US",0.9918354,48664024
2026-09-14T12:10:28.868098+00:00,vast.ai,marketplace,RTX 3090,0.16231481481481483,1,24.0,44.35813028876885,273.284544848091,26.17,142.66666666666666,"Czechia, CZ",0.9962442,41221504
2026-09-14T12:10:28.868098+00:00,vast.ai,marketplace,RTX 5070,0.16277777777777777,1,11.94,50.1969163091667,308.3769602610924,15.26,1514.5,"Ukraine, UA",0.9901755,50924724
2026-09-14T12:10:28.868098+00:00,vast.ai,marketplace,RTX 4080S,0.1660185185185185,1,15.99,55.61223556864037,334.97609823832465,31.46,171.625,"United States, US",0.9965162,51010956
2026-09-14T12:10:28.868098+00:00,vast.ai,marketplace,RTX 5070 Ti,0.1660185185185185,1,15.92,75.85936844944787,456.93317303627276,31.46,204.475,"United States, US",0.9646541,50560148
2026-09-14T12:10:28.868098+00:00,vast.ai,marketplace,RTX 5070,0.16648148148148148,1,11.94,50.144626623791524,301.2024291084252,30.4,993.0,"Sweden, SE",0.9963891,50786613
2026-09-14T12:10:28.868098+00:00,vast.ai,marketplace,RTX 3070,0.16740355555555553,1,8.0,14.492554332366222,86.57255984958239,15.67,341.0,"Oklahoma, US",0.9934618,43271037
2026-09-14T12:10:28.868098+00:00,vast.ai,marketplace,RTX 3080 Ti,0.16759259259259257,1,12.0,34.702919778006994,207.06714563672685,31.28,531.0,"Japan, JP",0.9925993,46117245
2026-09-14T12:10:28.868098+00:00,vast.ai,marketplace,RTX 3080 Ti,0.16759259259259257,1,12.0,33.891698294419975,202.22670805510265,15.54,1034.0,"Japan, JP",0.9968398,46117025
2026-09-14T12:10:28.868098+00:00,vast.ai,marketplace,RTX 3050,0.16812592592592593,1,8.0,7.43125498498377,44.20052971638582,62.71,1607.0,"Japan, JP",0.9975329,43794510
2026-09-14T12:10:28.868098+00:00,vast.ai,marketplace,RTX 3090,0.16985185185185186,1,24.0,44.650584011387366,262.8795831459788,41.93,233.33333333333331,"Czechia, CZ",0.9782357,20017827
2026-09-14T12:10:28.868098+00:00,vast.ai,marketplace,RTX 4080S,0.17425925925925925,1,15.99,54.211730838629805,311.09813658724863,188.8,499.75,"Denmark, DK",0.9931948,48094821
2026-09-14T12:10:28.868098+00:00,vast.ai,marketplace,RTX 4000Ada,0.17444444444444446,1,20.0,31.238530237731673,179.07437715897137,31.39,293.16876042070174,"Romania, RO",0.9949578,51008568
2026-09-14T12:10:28.868098+00:00,vast.ai,marketplace,RTX 3090,0.17472222222222222,1,24.0,44.36601777471118,253.9231541954853,31.46,341.7958572756894,", CN",0.9961229,45174332
2026-09-14T12:10:28.868098+00:00,vast.ai,marketplace,RTX 3090,0.17472222222222222,1,24.0,44.3633895822079,253.90811207622963,31.21,295.0,"France, FR",0.9974321,49277907
2026-09-14T12:10:28.868098+00:00,vast.ai,marketplace,RTX 3070 Ti,0.17472222222222222,1,8.0,18.211237100582657,104.22965590158596,62.57,168.50000000000006,"Massachusetts, US",0.9871351,44162569
2026-09-14T12:10:28.868098+00:00,vast.ai,marketplace,RTX 3080 Ti,0.17472222222222222,1,12.0,31.73961359125143,181.65756586407815,13.68,146.0,"Ukraine, UA",0.9723544,44146976
2026-09-14T12:10:28.868098+00:00,vast.ai,marketplace,RTX 5070 Ti,0.17472222222222222,1,15.92,76.14781381152888,435.82214582115097,62.88,727.475,"Yunnan, CN",0.9451914,50993790
2026-09-14T12:10:28.868098+00:00,vast.ai,marketplace,RTX 5070 Ti,0.17472222222222222,1,15.92,75.8391314866694,434.05544253101726,62.82,316.95000000000005,"South Korea, KR",0.9981376,35037413
2026-09-14T12:10:28.868098+00:00,vast.ai,marketplace,RTX 5060 Ti,0.17472222222222222,1,15.93,38.382805803843624,219.67901572947065,31.46,366.6099970993918,"Connecticut, US",0.9799942,49816736
2026-09-14T12:10:28.868098+00:00,vast.ai,marketplace,RTX 3090,0.17935185185185185,1,24.0,44.36470379958797,247.36128086502328,31.47,129.89422821365673,"United States, US",0.9942264,44579218
2026-09-14T12:10:28.868098+00:00,vast.ai,marketplace,RTX 5070 Ti,0.1813888888888889,1,15.92,75.91930282228488,418.54439534490893,31.25,198.0,"Thailand, TH",0.9969075,49858867
2026-09-14T12:10:28.868098+00:00,vast.ai,marketplace,RTX 3090,0.1817592592592593,1,24.0,44.3633895822079,244.07774197037455,41.93,657.8333333333333,"Czechia, CZ",0.9982315,36517138
2026-09-14T12:10:28.868098+00:00,vast.ai,marketplace,RTX 3090,0.1853888888888889,1,24.0,40.47084528616754,218.3024318702474,23.48,143.0,"Japan, JP",0.9728331,50847293
2026-09-14T12:10:28.868098+00:00,vast.ai,marketplace,RTX 3090,0.1875925925925926,1,24.0,44.3633895822079,236.48796026053571,31.25,8.0,"United Arab Emirates, AE",0.9927368,48685439
2026-09-14T12:10:28.868098+00:00,vast.ai,marketplace,RTX 3090,0.1875925925925926,1,24.0,45.30850680486207,241.5260974790278,31.18,542.0,"Thailand, TH",0.9772656,50021769
2026-09-14T12:10:28.868098+00:00,vast.ai,marketplace,RTX 3090,0.18805555555555556,1,24.0,43.59157975103957,231.80160576623697,31.38,68.0,"Finland, FI",0.9923351,36742572
2026-09-14T12:10:28.868098+00:00,vast.ai,marketplace,RTX 4070,0.18805555555555556,1,11.99,33.62388958284954,178.79764032239046,15.35,339.0,"France, FR",0.9972799,39309239
2026-09-14T12:10:28.868098+00:00,vast.ai,marketplace,RTX 4060 Ti,0.18805555555555556,1,8.0,18.02128046755836,95.82955640060575,31.17,613.0,"Mexico, MX",0.9906473,40172426
2026-09-14T12:10:28.868098+00:00,vast.ai,marketplace,RTX 4060 Ti,0.18805555555555556,1,16.0,21.19488629401121,112.70545148957216,62.58,2414.6,"Utah, US",0.9958082,49984008
2026-09-14T12:10:28.868098+00:00,vast.ai,marketplace,RTX 4060 Ti,0.18805555555555556,1,16.0,22.94220287160242,121.9969428918297,62.87,1664.25,"Utah, US",0.9939815,49992667
2026-09-14T12:10:28.868098+00:00,vast.ai,marketplace,RTX 3090,0.18851851851851853,1,24.0,44.36470379958797,235.33339932983796,31.37,566.5,"Utah, US",0.9938739,11087702
2026-09-14T12:10:28.868098+00:00,vast.ai,marketplace,RTX 3090,0.20138888888888887,1,24.0,40.85761724904053,202.8792028917875,31.32,251.5,"South Korea, KR",0.9962067,50704389
2026-09-14T12:10:28.868098+00:00,vast.ai,marketplace,Titan RTX,0.20138888888888887,1,24.0,12.057292800000003,59.87069528275864,15.59,385.0,"South Korea, KR",0.9963737,50869879
2026-09-14T12:10:28.868098+00:00,vast.ai,marketplace,RTX 5070 Ti,0.20138888888888887,1,15.92,75.89983020192955,376.8819154854433,15.59,283.5,"South Korea, KR",0.9968414,50736270
2026-09-14T12:10:28.868098+00:00,vast.ai,marketplace,RTX 5060 Ti,0.20203703703703701,1,15.93,38.375975201203396,189.94524847525057,31.47,323.75,"Denmark, DK",0.9968167,36999276
2026-09-14T12:10:28.868098+00:00,vast.ai,marketplace,RTX 5070 Ti,0.2023148148148148,1,15.92,75.99865852533964,375.6455432831433,125.66,2920.1,"Norway, NO",0.9960255,32128319
2026-09-14T12:10:28.868098+00:00,vast.ai,marketplace,Tesla V100,0.21205555555555555,1,32.0,25.71306491342886,121.25626629335066,94.13,1308.775,"Minnesota, US",0.992074,50611292
2026-09-14T12:10:28.868098+00:00,vast.ai,marketplace,RTX 4070,0.21216666666666667,1,11.99,31.243809267235516,147.26068782671885,62.86,767.5,"New York, US",0.9968338,50860550
2026-09-14T12:10:28.868098+00:00,vast.ai,marketplace,RTX 4080,0.21472222222222223,1,15.99,53.150350878615704,247.53074147867596,31.23,711.0,"Taiwan, TW",0.9991063,50963485
2026-09-14T12:10:28.868098+00:00,vast.ai,marketplace,RTX 3080 Ti,0.21472222222222223,1,12.0,31.8361538294788,148.2666931256451,15.66,167.49999999999994,"Taiwan, TW",0.9992688,49746673
2026-09-14T12:10:28.868098+00:00,vast.ai,marketplace,RTX 4060 Ti,0.21472222222222223,1,16.0,22.93625429973316,106.81826064558781,31.11,462.0,"The Netherlands, NL",0.9961751,50616052
2026-09-14T12:10:28.868098+00:00,vast.ai,marketplace,RTX 3090,0.2151851851851852,1,24.0,44.630363870975444,207.40444483930068,31.46,738.4,"Quebec, CA",0.9980765,46713487
2026-09-14T12:10:28.868098+00:00,vast.ai,marketplace,RTX 5080,0.22712962962962965,1,15.92,61.21342786636918,269.5087733211525,62.72,1422.0,"Ontario, CA",0.9966234,48849917
2026-09-14T12:10:28.868098+00:00,vast.ai,marketplace,RTX A5000,0.22805555555555557,1,22.49,33.01100692760451,144.74984767280907,30.5,1263.0,"Puerto Rico, PR",0.996329,48465829
2026-09-14T12:10:28.868098+00:00,vast.ai,marketplace,RTX 3090,0.22805555555555557,1,24.0,45.4189643255185,199.15745623857077,31.37,40.5,"Ontario, CA",0.7344077,51011195
2026-09-14T12:10:28.868098+00:00,vast.ai,marketplace,RTX A5000,0.22805555555555557,1,23.99,34.91433162546189,153.09572941737247,31.37,812.1864409248396,"Lithuania, LT",0.9400721,49579000
2026-09-14T12:10:28.868098+00:00,vast.ai,marketplace,RTX 5080,0.22805555555555557,1,15.92,83.74328302781548,367.20562594413605,50.34,1275.6000000000001,"Sweden, SE",0.9807747,42400286
2026-09-14T12:10:28.868098+00:00,vast.ai,marketplace,Tesla V100,0.23222222222222225,1,32.0,25.71306491342886,110.72611685208598,94.27,737.5,"Bulgaria, BG",0.9905629,44696066
2026-09-14T12:10:28.868098+00:00,vast.ai,marketplace,RTX 4080,0.240462962962963,1,15.99,53.19088986948867,221.20200638832407,31.25,718.0,"Florida, US",0.9858317,51011287
2026-09-14T12:10:28.868098+00:00,vast.ai,marketplace,RTX 3090,0.2413888888888889,1,24.0,43.245754392408585,179.15387320215294,31.39,307.0,"Taiwan, TW",0.9980858,47957894
2026-09-14T12:10:28.868098+00:00,vast.ai,marketplace,RTX 3060,0.2413888888888889,1,12.0,12.407836284181814,51.40185342123651,15.59,357.5,"Florida, US",0.9952432,49921153
2026-09-14T12:10:28.868098+00:00,vast.ai,marketplace,RTX 4070 Ti,0.2413888888888889,1,11.99,35.679431143168415,147.8089207311925,47.19,1636.5,"North Carolina, US",0.9875094,39047403
2026-09-14T12:10:28.868098+00:00,vast.ai,marketplace,RTX 4080S,0.2413888888888889,1,15.99,55.682024015840724,230.67351721176823,62.5,1485.0,"Spain, ES",0.9989107,28154513
2026-09-14T12:10:28.868098+00:00,vast.ai,marketplace,Q RTX 6000,0.2413888888888889,1,24.0,12.057292800000003,49.94965947065593,31.19,1582.0,"Spain, ES",0.9964859,44027628
2026-09-14T12:10:28.868098+00:00,vast.ai,marketplace,Tesla V100,0.2413888888888889,1,32.0,25.71306491342886,106.52132760453841,70.69,253.875,"Utah, US",0.9963062,50748415
2026-09-14T12:10:28.868098+00:00,vast.ai,marketplace,A10,0.2416666666666667,1,22.49,29.11443558876783,120.47352657421169,62.83,684.6250000000001,"The Netherlands, NL",0.999604,44544438
2026-09-14T12:10:28.868098+00:00,vast.ai,marketplace,RTX 3090,0.24370370370370373,1,24.0,44.89324549221872,184.21240551518318,28.26,510.07244276497005,"Estonia, EE",0.9961811,45557884
2026-09-14T12:10:28.868098+00:00,vast.ai,marketplace,RTX 5070 Ti,0.24462962962962964,1,15.92,38.177287266244825,156.0615830717048,30.46,1355.0,"Minnesota, US",0.9529202,46652248
2026-09-14T12:10:28.868098+00:00,vast.ai,marketplace,Tesla V100,0.24555555555555558,1,32.0,25.71306491342886,104.71383901396366,62.87,1619.0,"Bulgaria, BG",0.9929328,35822237
2026-09-14T12:10:28.868098+00:00,vast.ai,marketplace,RTX 4070S Ti,0.2520555555555556,1,15.99,51.0209211458545,202.4193477243511,31.44,646.0107583124017,"Minnesota, US",0.999582,47095366
2026-09-14T12:10:28.868098+00:00,vast.ai,marketplace,RTX 3090,0.2533888888888889,1,24.0,44.34628268015064,175.01273585676637,31.44,305.25,"Thailand, TH",0.9722026,49290342
2026-09-14T12:10:28.868098+00:00,vast.ai,marketplace,Q RTX 8000,0.25425925925925924,1,45.0,11.59033456697642,45.5847098774018,47.22,84.93724517638339,"Indiana, US",0.9973482,24936690
2026-09-14T12:10:28.868098+00:00,vast.ai,marketplace,RTX PRO 4000,0.25425925925925924,1,23.89,65.83619860176032,258.9333375451608,62.88,43.25,"South Korea, KR",0.9961417,45704065
2026-09-14T12:10:28.868098+00:00,vast.ai,marketplace,RTX 5080,0.2547222222222222,1,15.92,83.72260679085683,328.681989582426,31.03,711.0,"Australia, AU",0.9984821,50925805
2026-09-14T12:10:28.868098+00:00,vast.ai,marketplace,RTX 5080,0.2547222222222222,1,15.92,83.61922361035322,328.2761232249418,62.48,487.0,"Australia, AU",0.9977085,50708786
2026-09-14T12:10:28.868098+00:00,vast.ai,marketplace,RTX 5080,0.2547222222222222,1,15.92,83.46414258923559,327.6672991507614,31.08,632.0,"Australia, AU",0.9979273,50979872
2026-09-14T12:10:28.868098+00:00,vast.ai,marketplace,RTX 5070 Ti,0.2593777777777778,1,15.92,75.91331384880787,292.6747021244306,62.72,3172.0,"Texas, US",0.968795,49803094
2026-09-14T12:10:28.868098+00:00,vast.ai,marketplace,RTX 4080,0.2598148148148148,1,15.99,53.16772748865465,204.6370124296045,31.32,425.0,"Arizona, US",0.9480882,50860100
2026-09-14T12:10:28.868098+00:00,vast.ai,marketplace,Tesla V100,0.2613888888888889,1,32.0,25.71306491342886,98.37091784096056,94.32,1273.4172590655326,"Minnesota, US",0.9994563,44175684
2026-09-14T12:10:28.868098+00:00,vast.ai,marketplace,RTX PRO 4000,0.26231481481481483,1,23.89,65.7283338112971,250.57042187151737,41.92,414.0,"Ontario, CA",0.9739155,44205409
2026-09-14T12:10:28.868098+00:00,vast.ai,marketplace,RTX 5080,0.2675925925925926,1,15.92,83.67091561661557,312.6802382904665,110.1,44.0,"Latvia, LV",0.9933382,49614256
2026-09-14T12:10:28.868098+00:00,vast.ai,marketplace,RTX 2060S,0.26805555555555555,1,8.0,3.8761786839432335,14.460355712119835,23.4,2360.0,"California, US",0.9865921,50950849
2026-09-14T12:10:28.868098+00:00,vast.ai,marketplace,RTX 4070S Ti,0.26805555555555555,1,15.99,51.015524456552086,190.3169824285881,62.94,344.93750000000006,"Arizona, US",0.9520371,50972580
2026-09-14T12:10:28.868098+00:00,vast.ai,marketplace,RTX 5060 Ti,0.26805555555555555,1,15.93,38.38963549353913,143.215220494032,31.45,339.0,"Switzerland, CH",0.9880377,49157200
2026-09-14T12:10:28.868098+00:00,vast.ai,marketplace,RTX PRO 4000,0.2689814814814815,1,23.89,65.78825936944865,244.58285755251134,41.92,453.26666666666665,"France, FR",0.9926658,47658246
2026-09-14T12:10:28.868098+00:00,vast.ai,marketplace,Q RTX 8000,0.26944444444444443,1,45.0,11.59033456697642,43.015674681561975,62.89,560.5,"Delaware, US",0.9989459,45242099
2026-09-14T12:10:28.868098+00:00,vast.ai,marketplace,RTX 5080,0.26944444444444443,1,15.92,83.74328302781548,310.799813299109,50.3,590.14,"Illinois, US",0.9807125,50279544
2026-09-14T12:10:28.868098+00:00,vast.ai,marketplace,RTX PRO 4000,0.26990740740740743,1,23.89,65.68039214880842,243.34416302131422,41.92,654.5,"North Carolina, US",0.993687,49462099
2026-09-14T12:10:28.868098+00:00,vast.ai,marketplace,Q RTX 8000,0.2813888888888889,1,48.0,11.85512194923945,42.13073940499706,94.31,366.25,", US",0.9987291,36845173
2026-09-14T12:10:28.868098+00:00,vast.ai,marketplace,RTX 5060 Ti,0.2937962962962963,1,15.93,38.430594481871786,130.80693993199347,125.94,10820.725,"Denmark, DK",0.9851038,49967736
2026-09-14T12:10:28.868098+00:00,vast.ai,marketplace,RTX 4090,0.2947222222222222,1,23.99,98.58392825715264,334.49777730984874,41.95,158.1,"Sweden, SE",0.595065,30714849
2026-09-14T12:10:28.868098+00:00,vast.ai,marketplace,RTX 5080,0.2947222222222222,1,15.92,83.76395913187872,284.2132449338015,31.28,667.0,"Taiwan, TW",0.9972737,43993925
2026-09-14T12:10:28.868098+00:00,vast.ai,marketplace,RTX 3080 Ti,0.3085185185185185,1,12.0,34.70721018269628,112.49635953575024,31.41,680.75,"Florida, US",0.9876949,49921398
2026-09-14T12:10:28.868098+00:00,vast.ai,marketplace,RTX PRO 4000,0.3213888888888889,1,23.89,66.91166811587829,208.19533726634558,30.92,345.70000000000005,"Switzerland, CH",0.9768578,51012057
2026-09-14T12:10:28.868098+00:00,vast.ai,marketplace,RTX 5080,0.32185185185185183,1,15.92,83.7944307786895,260.35093567602036,125.78,354.0,"Florida, US",0.9959087,49863937
2026-09-14T12:10:28.868098+00:00,vast.ai,marketplace,L4,0.33425925925925926,1,22.49,25.299532782286814,75.6883529220769,62.75,624.0,"Czechia, CZ",0.9987099,36579964
2026-09-14T12:10:28.868098+00:00,vast.ai,marketplace,L4,0.3347222222222222,1,22.49,25.314373969525715,75.62800522015982,47.14,324.5,"Czechia, CZ",0.9974681,49498409
2026-09-14T12:10:28.868098+00:00,vast.ai,marketplace,L4,0.3347222222222222,1,22.49,25.321792081050233,75.65016721309614,62.75,395.5,"Czechia, CZ",0.9982624,45699407
2026-09-14T12:10:28.868098+00:00,vast.ai,marketplace,Tesla V100,0.3347222222222222,1,32.0,25.71306491342886,76.81911509406133,94.32,1248.375,"Minnesota, US",0.9995791,38405402
2026-09-14T12:10:28.868098+00:00,vast.ai,marketplace,RTX 4060 Ti,0.3347222222222222,1,16.0,22.522997544622854,67.28862336982762,41.92,465.16666666666663,"Texas, US",0.999315,49180756
2026-09-14T12:10:28.868098+00:00,vast.ai,marketplace,CMP 170HX,0.3347222222222222,1,64.0,84.02302572123367,251.02314738293876,31.28,80.0,"South Korea, KR",0.9982081,49615399
2026-09-14T12:10:28.868098+00:00,vast.ai,marketplace,RTX 5060 Ti,0.3347222222222222,1,15.93,38.3691436852251,114.62980686042353,62.94,909.4501164854419,"Texas, US",0.9993501,49766583
2026-09-14T12:10:28.868098+00:00,vast.ai,marketplace,RTX PRO 4000,0.33518518518518514,1,23.89,65.70436311526555,196.024066752726,62.85,1595.5,"Indiana, US",0.9916216,50748328
2026-09-14T12:10:28.868098+00:00,vast.ai,marketplace,RTX PRO 4000,0.33564814814814814,1,23.89,65.7642893486914,195.93222757679095,62.88,762.3795330620309,"Norway, NO",0.9949945,50472000
2026-09-14T12:10:28.868098+00:00,vast.ai,marketplace,RTX 4500Ada,0.33747222222222223,1,23.99,40.6032011921891,120.31568383560848,23.34,93.0,"France, FR",0.9826611,49670450
2026-09-14T12:10:28.868098+00:00,vast.ai,marketplace,RTX 4090,0.3441851851851852,1,23.99,91.92082679604451,267.06793538073833,35.96,322.7142857142857,"Quebec, CA",0.8401587,48323136
2026-09-14T12:10:28.868098+00:00,vast.ai,marketplace,RTX PRO 4000,0.34805555555555556,1,23.89,65.7403190579597,188.87880974353942,30.2,103.0,"Puerto Rico, PR",0.9857134,44170201
2026-09-14T12:10:28.868098+00:00,vast.ai,marketplace,RTX 4090,0.3526851851851852,1,23.99,98.28517282727002,278.6767830229761,31.46,179.475,", US",0.9982167,41130311
2026-09-14T12:10:28.868098+00:00,vast.ai,marketplace,RTX 4090,0.3613888888888889,1,23.99,97.70990576119321,270.37329803251004,47.06,538.5,"Australia, AU",0.9267449,50981494
2026-09-14T12:10:28.868098+00:00,vast.ai,marketplace,RTX 4090,0.3660185185185186,1,23.99,96.71915619286702,264.2466194998643,35.96,371.44225557042154,"United States, US",0.9956553,41890591
2026-09-14T12:10:28.868098+00:00,vast.ai,marketplace,RTX 4090,0.3793518518518519,1,23.99,96.94302852212614,255.54911106638082,31.46,96.40312500000002,", US",0.9981809,40912225
2026-09-14T12:10:28.868098+00:00,vast.ai,marketplace,RTX 4090,0.3912962962962963,1,23.99,97.21264511024168,248.43742716294608,62.89,738.375,"Michigan, US",0.9666243,27252598
2026-09-14T12:10:28.868098+00:00,vast.ai,marketplace,RTX 4090,0.397037037037037,1,23.99,97.0618037539243,244.4653639324586,62.8,799.8,"Quebec, CA",0.9914899,47824451
2026-09-14T12:10:28.868098+00:00,vast.ai,marketplace,RTX A2000,0.40064814814814814,1,5.99,8.572312711984065,21.396112153785047,251.52,6705.0,"British Columbia, CA",0.9931283,50693383
2026-09-14T12:10:28.868098+00:00,vast.ai,marketplace,RTX 3090,0.40138888888888885,1,24.0,44.59097300724927,111.09169745750684,62.89,289.5,"Oman, OM",0.9903607,51012491
2026-09-14T12:10:28.868098+00:00,vast.ai,marketplace,RTX 3090,0.40138888888888885,1,24.0,44.36601777471118,110.53125535568185,62.89,71.75,"Oman, OM",0.9905686,51012249
2026-09-14T12:10:28.868098+00:00,vast.ai,marketplace,RTX A6000,0.40138888888888885,1,47.99,55.20719906257959,137.5404267303021,47.19,404.2194197958755,"Romania, RO",0.9931357,40280183
2026-09-14T12:10:28.868098+00:00,vast.ai,marketplace,RTX 3090 Ti,0.40138888888888885,1,23.99,46.18798775710818,115.07041932566746,62.82,168.5,"Oman, OM",0.9891185,51011809
2026-09-14T12:10:28.868098+00:00,vast.ai,marketplace,RTX 4090,0.40138888888888885,1,23.99,2.9901863757721396,7.449599275280072,100.72,196.8,"Iceland, IS",0.9969753,25814729
2026-09-14T12:10:28.868098+00:00,vast.ai,marketplace,A100 SXM4,0.40138888888888885,1,40.0,95.36880847120622,237.5970314853581,62.96,335.51604475198417,"California, US",0.9779151,50441073
2026-09-14T12:10:28.868098+00:00,vast.ai,marketplace,A100 SXM4,0.40138888888888885,1,40.0,95.52985184564652,237.9982468126834,62.96,687.25,"California, US",0.9802941,50735008
2026-09-14T12:10:28.868098+00:00,vast.ai,marketplace,RTX 4090,0.40138888888888885,1,23.99,97.23364535402986,242.24299188547235,37.71,476.8,"Poland, PL",0.8819163,51008239
2026-09-14T12:10:28.868098+00:00,vast.ai,marketplace,RTX 5090,0.40138888888888885,1,31.84,189.56167517789123,472.26438106602666,62.96,665.3750000000002,"California, US",0.9517692,50550562
2026-09-14T12:10:28.868098+00:00,vast.ai,marketplace,RTX 3090,0.4018518518518518,1,24.0,45.13121840203471,112.30810109262096,62.88,314.25,"Norway, NO",0.9995629,50759820
2026-09-14T12:10:28.868098+00:00,vast.ai,marketplace,RTX 3090 Ti,0.4046296296296296,1,23.99,46.19294263955015,114.16104817097062,62.89,634.5,"Thailand, TH",0.9956053,49710709
2026-09-14T12:10:28.868098+00:00,vast.ai,marketplace,RTX A6000,0.41518518518518516,1,47.99,54.474568636689504,131.20547307677222,62.88,696.0,"India, IN",0.9813908,50919273
2026-09-14T12:10:28.868098+00:00,vast.ai,marketplace,RTX 4090,0.42759259259259264,1,23.99,97.25038267786792,227.4370144913325,62.96,995.25,"California, US",0.8885481,48908796
2026-09-14T12:10:28.868098+00:00,vast.ai,marketplace,RTX 4090,0.42759259259259264,1,23.99,94.88261995349241,221.899587591537,62.87,705.0,"Texas, US",0.9875213,29929805
2026-09-14T12:10:28.868098+00:00,vast.ai,marketplace,RTX 4090,0.4280555555555556,1,23.99,98.50638679137931,230.12523844838773,62.83,642.35,"Sweden, SE",0.9987593,29357621
2026-09-14T12:10:28.868098+00:00,vast.ai,marketplace,RTX 4090,0.44092592592592594,1,23.99,46.419409216129154,105.27711455988972,125.92,1192.7333333333331,"Denmark, DK",0.9977397,28780319
2026-09-14T12:10:28.868098+00:00,vast.ai,marketplace,RTX 4090,0.4542592592592593,1,23.99,98.95321892978576,217.83423653519895,62.96,1140.875,"Quebec, CA",0.9681864,29790070
2026-09-14T12:10:28.868098+00:00,vast.ai,marketplace,RTX 5090,0.4542592592592593,1,31.84,164.61658063940234,362.38464551682534,62.96,247.25,"United States, US",0.9779243,51012194
2026-09-14T12:10:28.868098+00:00,vast.ai,marketplace,RTX 4090,0.4551851851851852,1,23.99,97.01989548270018,213.1437899131737,125.96,1381.875,"Utah, US",0.971757,12239072
2026-09-14T12:10:28.868098+00:00,vast.ai,marketplace,RTX 5090,0.4593518518518519,1,31.84,198.8551387289364,432.90374889589054,31.41,534.5,"Beijing, CN",0.9869488,50338933
2026-09-14T12:10:28.868098+00:00,vast.ai,marketplace,RTX 3090,0.4673148148148148,1,24.0,44.83225885059289,95.93588182809654,125.66,1353.0,"Sweden, SE",0.9931653,38935280
2026-09-14T12:10:28.868098+00:00,vast.ai,marketplace,RTX 5090,0.46759259259259256,1,31.84,168.1970588379013,359.7085614751157,62.96,196.48634499984647,"California, US",0.9743442,49872942
2026-09-14T12:10:28.868098+00:00,vast.ai,marketplace,RTX 4070,0.4680555555555555,1,11.99,33.60968128253606,71.80703419414233,62.85,787.0,"California, US",0.9983853,50971030
2026-09-14T12:10:28.868098+00:00,vast.ai,marketplace,RTX 4090,0.4680555555555555,1,23.99,97.04783583155114,207.34255726622203,94.41,282.01250000000005,"Taiwan, TW",0.9952338,50987214
2026-09-14T12:10:28.868098+00:00,vast.ai,marketplace,RTX 5090,0.4680555555555555,1,31.84,175.75059105741607,375.490877036616,62.96,342.7570342026698,"California, US",0.9683421,50392322
2026-09-14T12:10:28.868098+00:00,vast.ai,marketplace,RTX 4090,0.4687037037037037,1,23.99,97.4048137225236,207.81746112272916,125.88,588.1565278342641,"Denmark, DK",0.9990754,26821069
2026-09-14T12:10:28.868098+00:00,vast.ai,marketplace,RTX 4090,0.46888888888888886,1,23.99,25.46024744886007,54.29910593358783,62.5,1202.8,"The Netherlands, NL",0.9634657,40113383
2026-09-14T12:10:28.868098+00:00,vast.ai,marketplace,RTX 5090,0.46972222222222215,1,31.84,197.89797154653712,421.3085142327225,47.11,600.5,"Taiwan, TW",0.9913715,50471844
2026-09-14T12:10:28.868098+00:00,vast.ai,marketplace,RTX 4090,0.4699074074074074,1,23.99,97.24064468209968,206.93575617077371,39.26,335.9070342026698,"Estonia, EE",0.9927474,45147851
2026-09-14T12:10:28.868098+00:00,vast.ai,marketplace,RTX 5090,0.47268518518518515,1,31.84,193.40866924914351,409.17015237820766,62.88,644.75,"California, US",0.9823039,49837275
2026-09-14T12:10:28.868098+00:00,vast.ai,marketplace,RTX A6000,0.4813888888888889,1,47.99,55.25547631406534,114.78344762298627,47.23,96.875,"Romania, RO",0.9741681,31805856
2026-09-14T12:10:28.868098+00:00,vast.ai,marketplace,RTX 4090,0.49537037037037035,1,23.99,97.00592305500766,195.82504093347342,47.18,77.86406250000002,"Denmark, DK",0.9890829,37888578
2026-09-14T12:10:28.868098+00:00,vast.ai,marketplace,RTX 4500Ada,0.5080555555555555,1,23.99,40.61842321269803,79.948782704053,125.84,809.0,"France, FR",0.5708222,50798655
2026-09-14T12:10:28.868098+00:00,vast.ai,marketplace,RTX 4090,0.5080555555555555,1,23.99,97.00592305500766,190.9356604691239,62.94,767.7442835315378,"Taiwan, TW",0.9840301,37194526
2026-09-14T12:10:28.868098+00:00,vast.ai,marketplace,RTX 4500Ada,0.5083333333333333,1,23.99,40.61842321269803,79.90509484465187,125.84,278.4,"France, FR",0.9838469,49445413
2026-09-14T12:10:28.868098+00:00,vast.ai,marketplace,RTX 5090,0.5103703703703703,1,31.84,198.85549960900101,389.62978878396433,71.96,413.8142857142857,"Estonia, EE",0.9790456,50793290
2026-09-14T12:10:28.868098+00:00,vast.ai,marketplace,RTX 5090,0.5126851851851851,1,31.84,112.11676790795549,218.6854060693371,62.96,287.625,", US",0.9861767,50992852
2026-09-14T12:10:28.868098+00:00,vast.ai,marketplace,RTX 5090,0.5126851851851851,1,31.84,197.5437733988399,385.31203769324026,62.88,675.75,"United States, US",0.9930367,49957161
2026-09-14T12:10:28.868098+00:00,vast.ai,marketplace,RTX 3090,0.5142592592592592,1,24.0,44.35549918675223,86.25124076646097,41.92,142.0,"Czechia, CZ",0.5967772,18811408
2026-09-14T12:10:28.868098+00:00,vast.ai,marketplace,RTX 4090,0.5237037037037037,1,23.99,97.39779810413303,185.97882240534597,83.84,700.6666666666666,"United Kingdom, GB",0.6448747,50569796
2026-09-14T12:10:28.868098+00:00,vast.ai,marketplace,RTX 4090,0.5289814814814815,1,23.99,96.15777243835767,181.77909020379184,62.94,273.53314820487424,"Hungary, HU",0.9950692,42494303
2026-09-14T12:10:28.868098+00:00,vast.ai,marketplace,RTX 4070S Ti,0.5347222222222222,1,15.99,51.25121044604235,95.84641953545582,62.85,777.0,"California, US",0.9984642,50970877
2026-09-14T12:10:28.868098+00:00,vast.ai,marketplace,RTX 4090,0.5347222222222222,1,23.99,97.36973184960749,182.09404397848675,31.44,660.5289951800039,"Taiwan, TW",0.9929782,49035055
2026-09-14T12:10:28.868098+00:00,vast.ai,marketplace,RTX 5090,0.5347222222222222,1,31.84,77.03368024107512,144.06298642486774,62.48,1184.0,"Spain, ES",0.9954519,46982868
2026-09-14T12:10:28.868098+00:00,vast.ai,marketplace,RTX 5090,0.5347222222222222,1,31.84,84.73630865670656,158.46790190345124,62.96,282.625,"Hubei, CN",0.993646,50236340
2026-09-14T12:10:28.868098+00:00,vast.ai,marketplace,RTX 5070 Ti,0.5351851851851852,1,15.92,76.05452354626519,142.10879832174118,251.91,403.0874794062686,"Texas, US",0.9991262,49877056
2026-09-14T12:10:28.868098+00:00,vast.ai,marketplace,RTX 5070 Ti,0.5351851851851852,1,15.92,75.66357406948275,141.37830448969095,251.83,1224.0,"Texas, US",0.9986854,49691949
2026-09-14T12:10:28.868098+00:00,vast.ai,marketplace,RTX 5070 Ti,0.5351851851851852,1,15.92,75.75139101718834,141.54239152000588,125.91,618.0,"Texas, US",0.998969,43421243
2026-09-14T12:10:28.868098+00:00,vast.ai,marketplace,RTX 5090,0.5356481481481481,1,31.84,199.10644669720355,371.71125744681046,30.47,451.0,"South Korea, KR",0.996197,49337314
2026-09-14T12:10:28.868098+00:00,vast.ai,marketplace,RTX 5090,0.5356481481481481,1,31.84,199.0800316335533,371.66194323982296,30.46,599.0,"South Korea, KR",0.9832445,50967901
2026-09-14T12:10:28.868098+00:00,vast.ai,marketplace,RTX 5090,0.5356481481481481,1,31.84,194.12597440260438,362.4132279253462,30.47,430.0,"South Korea, KR",0.9974484,45669373
2026-09-14T12:10:28.868098+00:00,vast.ai,marketplace,RTX 5090,0.5356481481481481,1,31.84,194.09635397643646,362.35792963621674,30.47,610.0,"South Korea, KR",0.991227,45380573
2026-09-14T12:10:28.868098+00:00,vast.ai,marketplace,A100 SXM4,0.5361111111111111,1,40.0,91.10019713080715,169.92782884502887,78.71,292.94309113019136,"California, US",0.9359085,50937091
2026-09-14T12:10:28.868098+00:00,vast.ai,marketplace,RTX 5090,0.537037037037037,1,31.84,184.50689474660498,343.5645626316093,62.96,308.0790741024372,"California, US",0.993736,50828872
2026-09-14T12:10:28.868098+00:00,vast.ai,marketplace,RTX 5090,0.5637333333333333,1,31.84,174.25552730309744,309.10985212233464,62.92,13.500000000000043,"Pennsylvania, US",0.7925347,50965279
2026-09-14T12:10:28.868098+00:00,vast.ai,marketplace,RTX 3090,0.5649259259259258,1,24.0,44.3607604204072,78.5249151872415,31.45,191.60000000000014,"Czechia, CZ",0.9909489,30293576
2026-09-14T12:10:28.868098+00:00,vast.ai,marketplace,RTX 6000Ada,0.5840555555555556,1,47.99,113.18002715891856,193.7829819138718,83.93,88.16666666666666,"Japan, JP",0.9977211,25318167
2026-09-14T12:10:28.868098+00:00,vast.ai,marketplace,RTX 4090,0.6009259259259259,1,23.99,61.3235164514025,102.04837868646334,110.03,1335.8,"Virginia, US",0.995016,13917962
2026-09-14T12:10:28.868098+00:00,vast.ai,marketplace,RTX 4090,0.6009259259259259,1,23.99,97.63234250326991,162.46984576815333,125.96,659.0,"Washington, US",0.997986,50957117
2026-09-14T12:10:28.868098+00:00,vast.ai,marketplace,A100 PCIE,0.6013888888888889,1,40.0,94.38015810127168,156.93698344784207,251.84,1342.4541259462408,"Japan, JP",0.9992323,24622079
2026-09-14T12:10:28.868098+00:00,vast.ai,marketplace,RTX 5090,0.6013888888888889,1,31.84,198.57154580997442,330.18825169326004,62.93,608.125,"Michigan, US",0.9703349,50849750
2026-09-14T12:10:28.868098+00:00,vast.ai,marketplace,RTX 4070S Ti,0.6032407407407407,1,15.99,51.28380260163685,85.0138247271954,15.32,128.0,"Wisconsin, US",0.9878895,50270804
2026-09-14T12:10:28.868098+00:00,vast.ai,marketplace,RTX 4070S Ti,0.6032407407407407,1,15.99,51.31095184414318,85.05883037862569,15.33,326.0,"Wisconsin, US",0.9921437,50271232
2026-09-14T12:10:28.868098+00:00,vast.ai,marketplace,RTX 4070S Ti,0.6032407407407407,1,15.99,51.31095184414318,85.05883037862569,15.28,537.0,"Wisconsin, US",0.9886186,50271920
2026-09-14T12:10:28.868098+00:00,vast.ai,marketplace,RTX 4090,0.6037037037037036,1,23.99,97.56828129557074,161.61617147119082,86.58,791.875,"Estonia, EE",0.920888,51008162
2026-09-14T12:10:28.868098+00:00,vast.ai,marketplace,GTX 1660 Ti,0.6069444444444444,1,6.0,2.4740447784639805,4.076229383281616,7.7,679.4000000000026,"Vietnam, VN",0.9945878,33521707
2026-09-14T12:10:28.868098+00:00,vast.ai,marketplace,RTX 6000Ada,0.6147222222222223,1,47.99,113.14194040285908,184.0537665839551,125.77,591.8999999999999,"South Korea, KR",0.9855261,45124214
2026-09-14T12:10:28.868098+00:00,vast.ai,marketplace,RTX 3090,0.6209259259259259,1,24.0,44.3633895822079,71.44715292094324,31.45,330.1126787735029,"Czechia, CZ",0.9938696,48782872
2026-09-14T12:10:28.868098+00:00,vast.ai,marketplace,RTX 5090,0.6280555555555555,1,31.84,189.65658270199634,301.97421394391284,125.16,1417.0,"Virginia, US",0.9796375,50511172
2026-09-14T12:10:28.868098+00:00,vast.ai,marketplace,RTX 5090,0.6303703703703702,1,31.84,165.1258448659891,261.95051770750337,125.69,1490.0,"Spain, ES",0.9930924,50208820
2026-09-14T12:10:28.868098+00:00,vast.ai,marketplace,A100 SXM4,0.6326851851851851,1,40.0,93.341823335714,147.53281018962554,51.15,339.95000000000016,"United States, US",0.9736844,50213971
2026-09-14T12:10:28.868098+00:00,vast.ai,marketplace,RTX 5090,0.6347777777777778,1,31.84,94.17575044616578,148.36018799500997,500.96,1909.0593870298508,"Italy, IT",0.9372622,50796939
2026-09-14T12:10:28.868098+00:00,vast.ai,marketplace,RTX PRO 5000,0.6547222222222222,1,47.79,165.61218144393024,252.9502983445689,62.88,1393.0,"India, IN",0.9960219,50884470
2026-09-14T12:10:28.868098+00:00,vast.ai,marketplace,RTX 5090,0.6587777777777778,1,31.84,203.72891608252925,309.2528663759088,500.96,2502.75,"Italy, IT",0.9895117,50894159
2026-09-14T12:10:28.868098+00:00,vast.ai,marketplace,RTX 5090,0.6587777777777778,1,31.84,198.74323093471222,301.68478300091243,250.48,1242.861564244979,"Italy, IT",0.9792333,50476700
2026-09-14T12:10:28.868098+00:00,vast.ai,marketplace,RTX 5090,0.6587777777777778,1,31.84,193.63163347479215,293.92556945068804,250.48,634.625,"Italy, IT",0.9971518,47343835
2026-09-14T12:10:28.868098+00:00,vast.ai,marketplace,RTX PRO 5000,0.6631851851851852,1,47.79,165.3536794420451,249.33258935190537,247.94,571.25,"India, IN",0.9959085,50977203
2026-09-14T12:10:28.868098+00:00,vast.ai,marketplace,RTX 3090,0.6675925925925925,1,24.0,44.362075122503484,66.4508198783686,62.83,1474.0,"Washington, US",0.9951127,50917211
2026-09-14T12:10:28.868098+00:00,vast.ai,marketplace,A100 SXM4,0.6675925925925925,1,40.0,95.24621218503762,142.67116388327412,125.96,388.20934295839925,"Slovenia, SI",0.9991082,31632914
2026-09-14T12:10:28.868098+00:00,vast.ai,marketplace,RTX 4090,0.6680555555555555,1,23.99,97.06878715236337,145.3004714131011,62.57,2003.0393152624758,"Ohio, US",0.9547713,50822402
2026-09-14T12:10:28.868098+00:00,vast.ai,marketplace,RTX 4090,0.6680555555555555,1,23.99,97.04783583155114,145.26910976864204,31.44,1488.9,"Taiwan, TW",0.9986093,45087814
2026-09-14T12:10:28.868098+00:00,vast.ai,marketplace,RTX 4090,0.6680555555555555,1,23.99,96.83114069721402,144.94474283158857,31.44,1453.25,"Taiwan, TW",0.9979829,49112072
2026-09-14T12:10:28.868098+00:00,vast.ai,marketplace,RTX 5090,0.6680555555555555,1,31.84,198.9281179544462,297.7718189754704,62.82,588.729648087364,"Pennsylvania, US",0.9898536,50103205
2026-09-14T12:10:28.868098+00:00,vast.ai,marketplace,RTX 5090,0.6680555555555555,1,31.84,198.26778499052975,296.783378780003,141.69,451.8333281243624,"Iceland, IS",0.9986132,30193809
2026-09-14T12:10:28.868098+00:00,vast.ai,marketplace,RTX PRO 5000,0.6680555555555555,1,47.79,165.71549782940474,248.05646244734183,62.73,457.0,"Slovakia, SK",0.9944492,47409124
2026-09-14T12:10:28.868098+00:00,vast.ai,marketplace,RTX 4090,0.6685185185185185,1,23.99,98.32667861821773,147.0814583208797,62.88,337.1,"Norway, NO",0.9967844,50591769
2026-09-14T12:10:28.868098+00:00,vast.ai,marketplace,RTX 4090,0.6685185185185185,1,23.99,96.68414115880545,144.6244770796536,62.93,185.4142857142857,"Norway, NO",0.9969589,50759973
2026-09-14T12:10:28.868098+00:00,vast.ai,marketplace,RTX 5880Ada,0.6689814814814814,1,47.99,106.65942331446091,159.43553934895198,125.96,622.0726861599566,"United Kingdom, GB",0.9978258,44120919
2026-09-14T12:10:28.868098+00:00,vast.ai,marketplace,RTX 5090,0.6689814814814814,1,31.84,198.9677359745391,297.4188994498301,83.94,1942.1666666666665,"Romania, RO",0.95936,50715635
2026-09-14T12:10:28.868098+00:00,vast.ai,marketplace,RTX PRO 4500,0.6712962962962963,1,31.86,96.43509588604084,143.65503938886084,60.38,1554.0,"California, US",0.9866025,49487024
2026-09-14T12:10:28.868098+00:00,vast.ai,marketplace,GTX 1660,0.673611111111111,1,6.0,2.316471688407048,3.4388858054702576,7.71,669.4000000000026,"Vietnam, VN",0.9952235,33521216
2026-09-14T12:10:28.868098+00:00,vast.ai,marketplace,RTX 5090,0.7088407407407408,1,31.84,203.32725653314898,286.84476617508096,70.8,649.125,"North Carolina, US",0.9383839,33657239
2026-09-14T12:10:28.868098+00:00,vast.ai,marketplace,RTX 4090,0.7224074074074075,1,23.99,97.75219355021532,135.31449504515834,62.88,568.5,"The Netherlands, NL",0.9582172,48593992
2026-09-14T12:10:28.868098+00:00,vast.ai,marketplace,L40S,0.7342592592592593,1,44.99,93.5474958055318,127.40390349303195,377.71,400.5,"Czechia, CZ",0.9434172,50582903
2026-09-14T12:10:28.868098+00:00,vast.ai,marketplace,RTX 6000Ada,0.7342592592592593,1,47.99,116.90375837985769,159.2131892184695,251.94,141.375,"Taiwan, TW",0.9986794,26051043
2026-09-14T12:10:28.868098+00:00,vast.ai,marketplace,RTX PRO 5000,0.7356481481481482,1,47.79,165.57084139705748,225.06797823640287,94.36,1229.75,"France, FR",0.9928816,38260154
2026-09-14T12:10:28.868098+00:00,vast.ai,marketplace,A100 SXM4,0.7613888888888888,1,40.0,95.34023298646697,125.2188393839041,125.92,443.5391902726946,"Massachusetts, US",0.9946382,48716613
2026-09-14T12:10:28.868098+00:00,vast.ai,marketplace,RTX 5090,0.7669444444444443,1,31.84,197.8140980619666,257.9249377120898,39.29,570.0,"Michigan, US",0.9913534,49059647
2026-09-14T12:10:28.868098+00:00,vast.ai,marketplace,A100 SXM4,0.7779766829629631,1,40.0,95.42961256606733,122.66384668833375,87.53,436.25,"Germany, DE",0.9962468,50958407
2026-09-14T12:10:28.868098+00:00,vast.ai,marketplace,RTX 5090,0.7793777777777777,1,31.84,81.75958749859787,104.90366781013071,251.52,6125.0,"Texas, US",0.6300889,50449939
2026-09-14T12:10:28.868098+00:00,vast.ai,marketplace,RTX 2060,0.7809259259259258,1,12.0,4.02611401137736,5.1555645391125795,1486.89,2831.7,"Quebec, CA",0.9629533,50937138
2026-09-14T12:10:28.868098+00:00,vast.ai,marketplace,RTX 5090,0.7867222222222222,1,31.84,60.36103111525876,76.724705887625,31.46,183.3051999506814,"Thailand, TH",0.995168,45330020
2026-09-14T12:10:28.868098+00:00,vast.ai,marketplace,RTX PRO 5000,0.8013888888888888,1,47.79,165.591512384818,206.63065670202596,83.93,808.4014973197033,"Belgium, BE",0.9968424,49974699
2026-09-14T12:10:28.868098+00:00,vast.ai,marketplace,L40S,0.8018518518518518,1,44.99,93.58654729160942,116.71301509808104,251.94,245.62353493583362,"Taiwan, TW",0.9976136,25990403
2026-09-14T12:10:28.868098+00:00,vast.ai,marketplace,RTX 4090,0.8023148148148147,1,23.99,97.15662787651239,121.09539308324685,100.75,447.90000000000003,"Finland, FI",0.9923225,32539127
2026-09-14T12:10:28.868098+00:00,vast.ai,marketplace,RTX 5090,0.8023148148148147,1,31.84,199.07278102792517,248.12302770935858,110.1,1164.0,"Finland, FI",0.9952838,39179905
2026-09-14T12:10:28.868098+00:00,vast.ai,marketplace,RTX 4090,0.8046296296296296,1,47.99,125.64231552606806,156.14925289776008,52.47,585.6666666666666,"California, US",0.6913887,48463820
2026-09-14T12:10:28.868098+00:00,vast.ai,marketplace,RTX PRO 5000,0.8161111111111111,1,47.79,165.66384565755752,202.99177820531213,188.42,1675.8,"Alberta, CA",0.9460844,50537119
2026-09-14T12:10:28.868098+00:00,vast.ai,marketplace,A100 SXM4,0.8195925925925925,1,40.0,95.39923718599249,116.39836431930034,62.97,591.5597762575804,"Czechia, CZ",0.9763333,50365135
2026-09-14T12:10:28.868098+00:00,vast.ai,marketplace,A100 SXM4,0.8195925925925925,1,40.0,95.36500112471644,116.35659227110779,62.97,491.2896695698186,"Czechia, CZ",0.997645,30895674
2026-09-14T12:10:28.868098+00:00,vast.ai,marketplace,RTX 3090,0.8382592592592593,1,24.0,44.84703325786723,53.500194316370575,500.0,2668.9,"The Netherlands, NL",0.9375274,51010935
2026-09-14T12:10:28.868098+00:00,vast.ai,marketplace,RTX 5090,0.8680555555555556,1,31.84,198.33382106297773,228.48056186455034,35.93,680.0332769047338,"Belgium, BE",0.9979784,46391330
2026-09-14T12:10:28.868098+00:00,vast.ai,marketplace,RTX 5090,0.8680555555555556,1,31.84,198.79605628952456,229.01305684553228,62.83,1612.0,"Belgium, BE",0.9962289,42852286
2026-09-14T12:10:28.868098+00:00,vast.ai,marketplace,RTX 5090,0.8680555555555556,1,31.84,48.0755381893573,55.38301999413961,125.96,1454.9683088673041,"Ohio, US",0.9857989,50414961
2026-09-14T12:10:28.868098+00:00,vast.ai,marketplace,A100 PCIE,0.8689814814814815,1,40.0,86.17044845853357,99.16258320214838,125.67,609.0,"Japan, JP",0.9932345,47909257
2026-09-14T12:10:28.868098+00:00,vast.ai,marketplace,RTX 5090,0.8689814814814815,1,31.84,197.96401108683236,227.81154179411715,83.95,468.97841341689934,"Finland, FI",0.9789299,47357377
2026-09-14T12:10:28.868098+00:00,vast.ai,marketplace,RTX 4090,0.869443111111111,1,23.99,97.17763716743731,111.76997773120365,31.32,1551.25,"South Africa, ZA",0.9833154,50973809
2026-09-14T12:10:28.868098+00:00,vast.ai,marketplace,RTX 4090,0.8694444444444445,1,23.99,97.21264511024168,111.81007105331311,62.83,1600.0,"South Africa, ZA",0.9847953,50973737
2026-09-14T12:10:28.868098+00:00,vast.ai,marketplace,RTX 4090,0.8699074074074075,1,23.99,97.04783583155114,111.56110984361386,125.89,709.25,"Spain, ES",0.9976625,22692664
2026-09-14T12:10:28.868098+00:00,vast.ai,marketplace,RTX 5090,0.8712962962962963,1,31.84,198.6506297214888,227.99434654538564,41.94,633.6666666666666,"California, US",0.9976367,40220265
2026-09-14T12:10:28.868098+00:00,vast.ai,marketplace,RTX 5090,0.8942592592592593,1,31.84,112.88373206238333,126.23154962453302,62.79,38.0,"Maryland, US",0.9958459,47346088
2026-09-14T12:10:28.868098+00:00,vast.ai,marketplace,RTX 5090,0.8970370370370371,1,31.84,198.74323093471222,221.55521202465852,83.92,668.3333333333333,"The Netherlands, NL",0.9881395,47172816
2026-09-14T12:10:28.868098+00:00,vast.ai,marketplace,RTX 5090,0.9080555555555556,1,31.84,199.1658227601433,219.33220004176073,30.85,412.5,"Georgia, US",0.952997,50500198
2026-09-14T12:10:28.868098+00:00,vast.ai,marketplace,RTX 5090,0.9289814814814814,1,31.84,197.67921008059116,212.79133547995463,125.95,692.0855273707062,"Hungary, HU",0.9927602,50157563
2026-09-14T12:10:28.868098+00:00,vast.ai,marketplace,RTX 4090,0.9347222222222221,1,23.99,97.0408513074653,103.81784983859588,125.85,511.5,"Spain, ES",0.9991174,16761620
2026-09-14T12:10:28.868098+00:00,vast.ai,marketplace,RTX 5090,0.9347222222222221,1,31.84,197.71305753102544,211.52065590243438,123.48,395.0,"Spain, ES",0.9658007,50481688
2026-09-14T12:10:28.868098+00:00,vast.ai,marketplace,RTX 5090,0.9347222222222221,1,31.84,198.25457770185105,212.09999397523444,125.94,247.37935360195237,"Quebec, CA",0.9719215,50430815
2026-09-14T12:10:28.868098+00:00,vast.ai,marketplace,RTX 3090,0.9351851851851851,1,24.0,44.64805968936109,47.74247966783167,251.15,2986.429672691456,"Norway, NO",0.9969623,50760027
2026-09-14T12:10:28.868098+00:00,vast.ai,marketplace,RTX 5090,0.9351851851851851,1,31.84,193.51730877502956,206.92939948220985,62.71,741.9500000000002,"Norway, NO",0.9938719,50760089
2026-09-14T12:10:28.868098+00:00,vast.ai,marketplace,RTX 5090,0.9351851851851851,1,31.84,190.66940956174793,203.88412111553245,125.76,768.95,"Norway, NO",0.9986718,50760039
2026-09-14T12:10:28.868098+00:00,vast.ai,marketplace,RTX 5090,0.9351851851851851,1,31.84,190.61123505964213,203.8219147172411,125.6,3220.5,"Norway, NO",0.9985128,50873727
2026-09-14T12:10:28.868098+00:00,vast.ai,marketplace,RTX 5090,0.935648148148148,1,31.84,198.37999644138966,212.02414265878363,377.71,2996.5,"Norway, NO",0.9979635,30220754
2026-09-14T12:10:28.868098+00:00,vast.ai,marketplace,RTX 5090,0.936111111111111,1,31.84,198.93474702032202,212.5118959267535,73.44,305.16666666666663,"South Africa, ZA",0.9709338,50973918
2026-09-14T12:10:28.868098+00:00,vast.ai,marketplace,RTX 5090,0.936574074074074,1,31.84,198.76964366134663,212.23056367202608,71.89,419.7,"Minnesota, US",0.996566,48425192
2026-09-14T12:10:28.868098+00:00,vast.ai,marketplace,RTX 5090,0.9365754074074074,1,31.84,200.12894770280107,213.68161721947243,61.73,1485.5,"New York, US",0.990384,50728575
2026-09-14T12:10:28.868098+00:00,vast.ai,marketplace,RTX 5090,0.9494444444444443,1,31.84,199.24197945065524,209.85111937459303,62.86,751.25,"Slovakia, SK",0.9818522,45620124
2026-09-14T12:10:28.868098+00:00,vast.ai,marketplace,RTX PRO 5000,0.9520629629629631,1,47.79,62.73887493352174,65.89782123050867,58.91,1207.2362644962473,"Texas, US",0.9677875,42735320
2026-09-14T12:10:28.868098+00:00,vast.ai,marketplace,RTX 5090,0.9809259259259259,1,31.84,75.07386732244584,76.5336763340018,125.59,241.0,"Texas, US",0.9502697,43939278
2026-09-14T12:10:28.868098+00:00,vast.ai,marketplace,RTX PRO 6000 Max-Q,1.000925925925926,1,95.59,283.7161850627995,283.4537279073298,41.71,58.666666666666664,"Germany, DE",0.9948605,48734590
2026-09-14T12:10:28.868098+00:00,vast.ai,marketplace,RTX 4090,1.000925925925926,1,47.99,125.64231552606806,125.52608766711701,251.75,1141.1341605840594,"Japan, JP",0.9976265,50861709
2026-09-14T12:10:28.868098+00:00,vast.ai,marketplace,RTX 4090,1.0013888888888889,1,23.99,97.61823513048502,97.48284229396562,125.88,518.5,"Washington, US",0.9990848,50903970
2026-09-14T12:10:28.868098+00:00,vast.ai,marketplace,RTX 5090,1.0013888888888889,1,31.84,199.5460278137996,199.26926494581932,125.58,2374.0,"Texas, US",0.9946395,48229908
2026-09-14T12:10:28.868098+00:00,vast.ai,marketplace,RTX 5090,1.0013888888888889,1,31.84,195.72984758081708,195.45837761191166,95.31,97.5,"Sweden, SE",0.9936816,51008391
2026-09-14T12:10:28.868098+00:00,vast.ai,marketplace,RTX 5090,1.0023148148148149,1,31.84,199.17902834957266,198.71903059356902,61.92,3171.0,"Spain, ES",0.9991711,28154504
2026-09-14T12:10:28.868098+00:00,vast.ai,marketplace,RTX 5090,1.0023148148148149,1,31.84,198.9413239857161,198.4818752005297,62.94,322.125,"Spain, ES",0.9991501,42558041
2026-09-14T12:10:28.868098+00:00,vast.ai,marketplace,RTX 5090,1.0023148148148149,1,31.84,198.55170962102864,198.09316063807012,125.85,2684.2001924776137,"Maryland, US",0.9668041,50852224
2026-09-14T12:10:28.868098+00:00,vast.ai,marketplace,RTX 5090,1.0512145185185184,1,31.84,199.5468057670864,189.8250093123796,62.18,2972.0,"Florida, US",0.9988368,48514932
2026-09-14T12:10:28.868098+00:00,vast.ai,marketplace,A100 SXM4,1.0550925925925927,1,80.0,119.7685444198032,113.51472397840057,125.97,985.625,"Sweden, SE",0.9981885,21050981
2026-09-14T12:10:28.868098+00:00,vast.ai,marketplace,RTX 5060 Ti,1.0680555555555555,1,15.93,38.36231125551517,35.917898704773634,31.27,663.0,"Connecticut, US",0.9824789,49261793
2026-09-14T12:10:28.868098+00:00,vast.ai,marketplace,RTX PRO 5000,1.0680555555555555,1,47.79,165.10523307116446,154.58487361669495,125.84,668.75,"Arizona, US",0.9295556,50954289
2026-09-14T12:10:28.868098+00:00,vast.ai,marketplace,RTX 5090,1.0703703703703704,1,31.84,186.08222915179797,173.8484493805725,62.96,293.20120326129137,"Delaware, US",0.9914176,43913568
2026-09-14T12:10:28.868098+00:00,vast.ai,marketplace,RTX PRO 5000,1.1360555555555556,1,47.79,165.06379818246518,145.29553363413237,62.96,666.0,"Czechia, CZ",0.9906528,44408381
2026-09-14T12:10:28.868098+00:00,vast.ai,marketplace,RTX PRO 6000 WS,1.1393518518518517,1,95.59,282.9370324114197,248.33156847162397,94.35,2548.0,"Beijing, CN",0.9836654,50041230
2026-09-14T12:10:28.868098+00:00,vast.ai,marketplace,RTX 5090,1.1502592592592593,1,31.84,193.91024049450573,168.57959536824723,31.44,1119.3241820195083,"Czechia, CZ",0.9856799,47627478
2026-09-14T12:10:28.868098+00:00,vast.ai,marketplace,RTX 5090,1.1507222222222222,1,31.84,198.16865138505457,172.212413698208,62.97,711.125,"Czechia, CZ",0.9842297,49824496
2026-09-14T12:10:28.868098+00:00,vast.ai,marketplace,RTX 5090,1.1507222222222222,1,31.84,199.4167247699263,173.29701375265165,31.04,1560.0,"Czechia, CZ",0.9927584,48062085
2026-09-14T12:10:28.868098+00:00,vast.ai,marketplace,RTX 4090,1.1756481481481482,1,23.99,97.53311802917972,82.96114631134448,75.49,2477.2000000000003,"Hungary, HU",0.9827538,49591162
2026-09-14T12:10:28.868098+00:00,vast.ai,marketplace,RTX 5090,1.1889814814814816,1,31.84,198.03005000695768,166.55436025816857,110.2,441.875,"Hungary, HU",0.9953399,49846917
2026-09-14T12:10:28.868098+00:00,vast.ai,marketplace,RTX 5080,1.2005185185185185,1,15.92,83.8445936898112,69.84031682683107,31.21,740.0,"Florida, US",0.9969931,50652638
2026-09-14T12:10:28.868098+00:00,vast.ai,marketplace,RTX PRO 6000 WS,1.272685185185185,1,95.59,213.9562048332638,168.11400598030187,125.92,490.02500000000003,"United States, US",0.957729,51010709
2026-09-14T12:10:28.868098+00:00,vast.ai,marketplace,A100 PCIE,1.274314814814815,1,40.0,95.39923718599249,74.86316260072361,125.96,1195.8592084266502,"Japan, JP",0.9951905,46773557
2026-09-14T12:10:28.868098+00:00,vast.ai,marketplace,RTX PRO 6000 WS,1.321388888888889,1,95.59,283.8720075796294,214.82851109662934,249.01,6356.1,"Nevada, US",0.5987644,49172513
2026-09-14T12:10:28.868098+00:00,vast.ai,marketplace,RTX PRO 6000 Max-Q,1.321388888888889,1,95.59,5.734952743168364,4.340094571243664,125.76,1782.25,"Ohio, US",0.9819444,47585460
2026-09-14T12:10:28.868098+00:00,vast.ai,marketplace,RTX 5090,1.322314814814815,1,31.84,199.19889864386437,150.64407992113541,94.42,1214.5,"Hungary, HU",0.9520088,49138551
2026-09-14T12:10:28.868098+00:00,vast.ai,marketplace,RTX 5090,1.322314814814815,1,31.84,198.89512342578482,150.4143500454083,94.42,958.125,"Hungary, HU",0.9949189,49155137
2026-09-14T12:10:28.868098+00:00,vast.ai,marketplace,RTX 5090,1.3344444444444443,1,31.84,63.38385765756895,47.49831131707915,62.62,3166.0,"Texas, US",0.9958936,50688373
2026-09-14T12:10:28.868098+00:00,vast.ai,marketplace,RTX 3090,1.3347222222222221,1,24.0,44.36470379958797,33.23890399136664,62.72,404.0,"Washington, US",0.9873946,50846640
2026-09-14T12:10:28.868098+00:00,vast.ai,marketplace,RTX 3090,1.3347222222222221,1,24.0,44.36601777471118,33.239888447234186,62.72,1151.0,"Italy, IT",0.9805688,50732956
2026-09-14T12:10:28.868098+00:00,vast.ai,marketplace,RTX 4090,1.3347222222222221,1,47.99,102.78466426460457,77.00828123882965,107.97,372.75627141056293,"Washington, US",0.9949158,48484840
2026-09-14T12:10:28.868098+00:00,vast.ai,marketplace,RTX A2000,1.3347222222222221,1,5.99,8.574028031505451,6.423829534530619,31.16,751.0,"British Columbia, CA",0.9710433,46186923
2026-09-14T12:10:28.868098+00:00,vast.ai,marketplace,RTX 5090,1.3347222222222221,1,31.84,199.0469713514992,149.1298848835374,62.25,2003.0,"British Columbia, CA",0.9472106,48515309
2026-09-14T12:10:28.868098+00:00,vast.ai,marketplace,RTX 5090,1.3347222222222221,1,31.84,199.36394205808568,149.36736553779573,251.78,1521.5,"Washington, US",0.9972196,46558542
2026-09-14T12:10:28.868098+00:00,vast.ai,marketplace,RTX 5090,1.336111111111111,1,31.84,199.9447815205796,149.64682192808453,125.88,1599.0,"Texas, US",0.9474227,46545762
2026-09-14T12:10:28.868098+00:00,vast.ai,marketplace,RTX 5070 Ti,1.337037037037037,1,15.92,37.74072594816312,28.227135750703717,15.32,352.0,"Wisconsin, US",0.9631994,50675436
2026-09-14T12:10:28.868098+00:00,vast.ai,marketplace,RTX 5070 Ti,1.337037037037037,1,15.92,75.96723043755253,56.8175961721307,15.33,179.0,"Wisconsin, US",0.9820296,49279622
2026-09-14T12:10:28.868098+00:00,vast.ai,marketplace,RTX 5070 Ti,1.337037037037037,1,15.92,77.26166979542704,57.78573641209225,15.33,43.0,"Wisconsin, US",0.9929757,50306639
2026-09-14T12:10:28.868098+00:00,vast.ai,marketplace,RTX 3090,1.4675925925925928,1,24.0,44.89423629963056,30.590394450221453,125.65,3341.6,"Quebec, CA",0.9975473,50971347
2026-09-14T12:10:28.868098+00:00,vast.ai,marketplace,RTX PRO 6000 WS,1.4680555555555557,1,95.59,283.2292224921032,192.92813641846195,125.53,1142.5,"Poland, PL",0.9860641,46768323
2026-09-14T12:10:28.868098+00:00,vast.ai,marketplace,RTX PRO 6000 WS,1.4680555555555557,1,95.59,283.9888727182575,193.44558974185938,125.48,1986.0,"Sweden, SE",0.9291002,49869289
2026-09-14T12:10:28.868098+00:00,vast.ai,marketplace,RTX PRO 6000 WS,1.4680555555555557,1,95.59,283.2681804583436,192.95467353832296,91.88,1010.0,"California, US",0.966964,49453151
2026-09-14T12:10:28.868098+00:00,vast.ai,marketplace,RTX PRO 6000 Max-Q,1.4685185185185186,1,95.59,283.46296778231243,193.02648499678273,998.03,1463.7117745339378,"India, IN",0.9639626,51000055
2026-09-14T12:10:28.868098+00:00,vast.ai,marketplace,RTX PRO 6000 WS,1.4812962962962966,1,95.59,282.9759916330317,191.03267343647593,125.81,940.5,"Tennessee, US",0.9893603,50143184
2026-09-14T12:10:28.868098+00:00,vast.ai,marketplace,RTX PRO 6000 WS,1.506188888888889,1,95.59,282.1578127353336,187.33228934086785,94.08,2530.0,"New York, US",0.9865373,36015917
2026-09-14T12:10:28.868098+00:00,vast.ai,marketplace,RTX PRO 6000 Max-Q,1.5108333333333333,1,95.59,283.67722901688677,187.76209311652738,31.18,766.0,"Washington, US",0.9922507,47409188
2026-09-14T12:10:28.868098+00:00,vast.ai,marketplace,RTX PRO 6000 WS,1.5275925925925926,1,95.59,143.4975067250689,93.93702707181137,125.79,456.0,"Switzerland, CH",0.9977195,47926747
2026-09-14T12:10:28.868098+00:00,vast.ai,marketplace,RTX PRO 6000 WS,1.5342592592592592,1,95.59,283.46296778231243,184.75558551894835,125.49,2621.368081332719,"Minnesota, US",0.984869,50275331
2026-09-14T12:10:28.868098+00:00,vast.ai,marketplace,RTX PRO 6000 WS,1.5342592592592592,1,95.59,283.1513060578409,184.5524505386048,186.28,5987.0,"Minnesota, US",0.9880483,49159404
2026-09-14T12:10:28.868098+00:00,vast.ai,marketplace,RTX PRO 6000 S,1.534722222222222,1,95.59,279.1006905429841,181.85746352122044,94.47,23.5,"Australia, AU",0.9975542,50133440
2026-09-14T12:10:28.868098+00:00,vast.ai,marketplace,RTX PRO 6000 WS,1.5509814814814815,1,95.59,191.5480178076265,123.50116367905426,94.3,1933.8999999999999,"Texas, US",0.9646312,50656307
2026-09-14T12:10:28.868098+00:00,vast.ai,marketplace,RTX PRO 6000 Max-Q,1.596074074074074,1,95.59,282.5863918716072,177.05092543122927,125.94,1233.0,"Czechia, CZ",0.997693,30989538
2026-09-14T12:10:28.868098+00:00,vast.ai,marketplace,RTX PRO 6000 Max-Q,1.5981705185185184,1,95.59,283.4045320237227,177.33059691680128,125.53,735.4,"Michigan, US",0.9975173,45192567
2026-09-14T12:10:28.868098+00:00,vast.ai,marketplace,RTX PRO 6000 WS,1.601111111111111,1,95.59,283.1902643586163,176.87108807963546,125.14,2521.0,"Washington, US",0.9990755,50772440
2026-09-14T12:10:28.868098+00:00,vast.ai,marketplace,RTX PRO 6000 WS,1.6023148148148147,1,95.59,283.112347589735,176.68958994331916,125.16,3299.0,"Michigan, US",0.9880984,50465221
2026-09-14T12:10:28.868098+00:00,vast.ai,marketplace,RTX 6000Ada,1.6037037037037036,1,47.99,113.13241719141861,70.54446337571137,117.9,746.0,"California, US",0.9972074,50163305
2026-09-14T12:10:28.868098+00:00,vast.ai,marketplace,RTX 6000Ada,1.6037037037037036,1,47.99,113.18954732617495,70.58008724726845,117.9,921.6,"California, US",0.9117936,50821037
2026-09-14T12:10:28.868098+00:00,vast.ai,marketplace,RTX 4090,1.6046296296296294,1,47.99,125.61591276889759,78.28343092349071,93.95,6451.2,"California, US",0.9451983,50550071
2026-09-14T12:10:28.868098+00:00,vast.ai,marketplace,RTX 5090,1.6055555555555554,1,31.84,199.50247571549502,124.2575973314502,247.81,254.25,"Norway, NO",0.9980438,50806304
2026-09-14T12:10:28.868098+00:00,vast.ai,marketplace,RTX PRO 6000 S,1.6616666666666668,1,95.59,279.1393988792967,167.98760213397995,94.42,596.157023751221,"Bulgaria, BG",0.9909254,48905154
2026-09-14T12:10:28.868098+00:00,vast.ai,marketplace,RTX PRO 6000 WS,1.6680555555555556,1,95.59,283.8135744482559,170.1463560389211,91.88,1485.0,"California, US",0.9835381,48249653
2026-09-14T12:10:28.868098+00:00,vast.ai,marketplace,RTX PRO 6000 WS,1.6680555555555556,1,95.59,283.36557464251547,169.87777996886854,91.88,1140.0,"California, US",0.9895803,48929563
2026-09-14T12:10:28.868098+00:00,vast.ai,marketplace,RTX 5090,1.6680555555555556,1,31.84,198.93440768983595,119.26126023037625,503.65,6630.3,"Norway, NO",0.9194209,50782293
2026-09-14T12:10:28.868098+00:00,vast.ai,marketplace,RTX PRO 6000 Max-Q,1.6832037037037035,1,95.59,282.6643131660647,167.93232604235195,125.92,512.625,"Czechia, CZ",0.9947893,47792407
2026-09-14T12:10:28.868098+00:00,vast.ai,marketplace,RTX PRO 6000 WS,1.7350925925925926,1,95.59,283.5019247459527,163.3929658603068,110.14,1014.25,"Czechia, CZ",0.9978669,44578483
2026-09-14T12:10:28.868098+00:00,vast.ai,marketplace,RTX PRO 6000 Max-Q,1.7356481481481483,1,95.59,283.36557464251547,163.26210755610387,188.81,2946.5,"Maryland, US",0.9918621,50836035
2026-09-14T12:10:28.868098+00:00,vast.ai,marketplace,RTX PRO 6000 WS,1.8027777777777778,1,95.59,283.5408815426393,157.27999592503875,125.75,2382.5,"Slovakia, SK",0.9979406,31985333
2026-09-14T12:10:28.868098+00:00,vast.ai,marketplace,H100 SXM,1.8680555555555554,1,79.65,343.5588421163715,183.9125400176859,122.77,501.0,"Germany, DE",0.9435711,50654627
2026-09-14T12:10:28.868098+00:00,vast.ai,marketplace,RTX PRO 6000 WS,1.8687037037037035,1,95.59,283.03443015136423,151.46030351970737,125.92,656.5,"Hungary, HU",0.9955772,43620829
2026-09-14T12:10:28.868098+00:00,vast.ai,marketplace,RTX PRO 6000 WS,1.9361111111111113,1,95.59,283.6967070606863,146.52914568414212,125.58,2763.0,"Texas, US",0.9951394,37117681
2026-09-14T12:10:28.868098+00:00,vast.ai,marketplace,RTX PRO 6000 WS,1.940277777777778,1,95.59,283.59931642472293,146.16428620314994,125.32,2534.0,"Texas, US",0.9925315,50005350
2026-09-14T12:10:28.868098+00:00,vast.ai,marketplace,RTX 5080,1.9880555555555557,1,15.92,83.80531094157901,42.15441098081381,62.38,1527.0,"India, IN",0.9952653,50614316
2026-09-14T12:10:28.868098+00:00,vast.ai,marketplace,RTX PRO 6000 WS,2.000648148148148,1,95.59,283.1513060578409,141.5297868942788,124.97,5220.0,"Texas, US",0.9745166,50940443
2026-09-14T12:10:28.868098+00:00,vast.ai,marketplace,RTX PRO 6000 WS,2.0009259259259258,1,95.59,277.09122760606925,138.48150199655475,125.77,613.0,"Washington, US",0.972388,36029961
2026-09-14T12:10:28.868098+00:00,vast.ai,marketplace,RTX 4090,2.0009259259259258,1,23.99,96.9010818975241,48.428120522594185,62.53,1437.0,"Alberta, CA",0.9973095,50695143
2026-09-14T12:10:28.868098+00:00,vast.ai,marketplace,H100 NVL,2.001388888888889,1,93.58,133.10490558094997,66.50626788222344,313.72,252.35767535680264,"The Netherlands, NL",0.9946244,47931040
2026-09-14T12:10:28.868098+00:00,vast.ai,marketplace,RTX 4090,2.0016666666666665,1,23.99,97.56828129557074,48.743521046912946,167.97,526.4166666666666,"Washington, US",0.9975406,41755375
2026-09-14T12:10:28.868098+00:00,vast.ai,marketplace,RTX 5090,2.005511851851852,1,31.84,189.96268045458612,94.72029810204221,62.71,1629.9,"Florida, US",0.9971663,50899309
2026-09-14T12:10:28.868098+00:00,vast.ai,marketplace,RTX PRO 6000 S,2.068055555555556,1,95.59,229.5917043697603,111.01815120633135,125.8,1052.0,"Spain, ES",0.9765572,50349139
2026-09-14T12:10:28.868098+00:00,vast.ai,marketplace,RTX PRO 6000 S,2.0970370370370364,1,95.59,234.65553360974982,111.89861192976417,125.93,1096.875,"Czechia, CZ",0.997818,44623532
2026-09-14T12:10:28.868098+00:00,vast.ai,marketplace,RTX PRO 6000 WS,2.1341666666666668,1,95.59,283.46296778231243,132.82138279530454,188.19,5419.211441504189,"Texas, US",0.9985693,50940518
2026-09-14T12:10:28.868098+00:00,vast.ai,marketplace,RTX PRO 6000 WS,2.2712962962962964,1,95.59,283.112347589735,124.64791496001378,121.18,1037.0,"California, US",0.9859672,50460702
2026-09-14T12:10:28.868098+00:00,vast.ai,marketplace,RTX 5090,2.2947222222222226,1,31.84,190.608472926193,83.06385456171101,91.7,3187.0,"Massachusetts, US",0.9978568,46289581
2026-09-14T12:10:28.868098+00:00,vast.ai,marketplace,RTX 5090,2.321388888888889,1,31.84,157.14417440878012,67.69403229288123,125.44,1625.8,"Massachusetts, US",0.998791,35987958
2026-09-14T12:10:28.868098+00:00,vast.ai,marketplace,H100 NVL,2.3609259259259257,1,93.58,378.198789733829,160.1908749362834,335.85,390.66666666666663,"South Korea, KR",0.9987447,43751089
2026-09-14T12:10:28.868098+00:00,vast.ai,marketplace,RTX A2000,2.400703703703704,1,5.99,8.574028031505451,3.571464491131415,250.92,26793.4,"British Columbia, CA",0.9754591,50355253
2026-09-14T12:10:28.868098+00:00,vast.ai,marketplace,H100 PCIE,2.401388888888889,1,79.65,255.59182016290077,106.43499740733866,188.94,377.1875,"United Arab Emirates, AE",0.969833,50164248
2026-09-14T12:10:28.868098+00:00,vast.ai,marketplace,H100 PCIE,2.5347222222222223,1,79.65,255.77773190950265,100.90957094511884,188.94,192.57254372371884,"United Arab Emirates, AE",0.9962503,46096702
2026-09-14T12:10:28.868098+00:00,vast.ai,marketplace,H100 NVL,2.601388888888889,1,93.58,377.4586238791058,145.09888371220296,181.07,2644.5130281301995,"Bulgaria, BG",0.9961971,24548919
2026-09-14T12:10:28.868098+00:00,vast.ai,marketplace,RTX 4090,2.6680555555555556,1,23.99,97.55421712778065,36.5637877834472,30.97,1189.5,"Italy, IT",0.9864206,49957627
2026-09-14T12:10:28.868098+00:00,vast.ai,marketplace,H100 NVL,2.7747222222222203,1,93.58,347.7269449400262,125.3195516852633,314.69,310.06273385370133,"Ireland, IE",0.9883348,51012407
2026-09-14T12:10:28.868098+00:00,vast.ai,marketplace,H100 PCIE,2.8013888888888894,1,79.65,255.74290318404704,91.29146767105297,188.94,279.25,"United Arab Emirates, AE",0.9907983,48203974
2026-09-14T12:10:28.868098+00:00,vast.ai,marketplace,H100 NVL,2.8034584444444444,1,93.58,377.382244599934,134.61310452016315,188.62,2184.5,"Romania, RO",0.7074022,48666236
2026-09-14T12:10:28.868098+00:00,vast.ai,marketplace,H100 NVL,2.8200555555555558,1,93.58,377.9912941976515,134.03682542813826,125.79,99.0,"Japan, JP",0.9996201,13527066
2026-09-14T12:10:28.868098+00:00,vast.ai,marketplace,H100 NVL,2.8413888888888885,1,93.58,343.97758425337923,121.05966402504305,314.69,310.9,"Germany, DE",0.9630972,51010865
2026-09-14T12:10:28.868098+00:00,vast.ai,marketplace,H100 SXM,2.8700555555555556,1,79.65,324.5678928026903,113.08766904334848,110.19,1089.625,"Czechia, CZ",0.9887396,41555537
2026-09-14T12:10:28.868098+00:00,vast.ai,marketplace,H100 PCIE,2.8755925925925925,1,79.65,255.94008491301418,89.00429274032255,62.84,575.5048526566311,"Czechia, CZ",0.9878486,50491380
2026-09-14T12:10:28.868098+00:00,vast.ai,marketplace,RTX PRO 6000 WS,2.9351851851851856,1,95.59,283.05390957373993,96.43477045414483,251.49,1220.25,"New Jersey, US",0.9226782,50792644
2026-09-14T12:10:28.868098+00:00,vast.ai,marketplace,H100 NVL,3.014740740740741,1,93.58,377.46194310421737,125.2054407210726,188.94,581.0,"Czechia, CZ",0.996446,31183496
2026-09-14T12:10:28.868098+00:00,vast.ai,marketplace,H100 PCIE,3.0680555555555555,1,79.65,255.8763389117906,83.40016478790821,188.94,592.0999999999996,"United Arab Emirates, AE",0.9922698,47690707
2026-09-14T12:10:28.868098+00:00,vast.ai,marketplace,H100 PCIE,3.3347222222222226,1,79.65,256.0153618874037,76.77261997456503,188.94,323.5,"United Arab Emirates, AE",0.9940246,48204013
2026-09-14T12:10:28.868098+00:00,vast.ai,marketplace,H100 SXM,3.3379444444444446,1,79.65,262.5437743134331,78.65432714148422,125.94,1292.332151711241,"Czechia, CZ",0.9850327,49793506
2026-09-14T12:10:28.868098+00:00,vast.ai,marketplace,H200 NVL,3.552455555555556,1,140.4,452.95855467067327,127.50576258788315,188.03,2310.8182974825486,"New York, US",0.9866667,50210286
2026-09-14T12:10:28.868098+00:00,vast.ai,marketplace,H200 NVL,3.9669444444444455,1,140.4,426.29570857940433,107.46198101574505,125.76,716.5,"Washington, US",0.9970007,48497455
2026-09-14T12:10:28.868098+00:00,vast.ai,marketplace,H200,3.9755116959064325,1,140.4,492.4714415386865,123.87624014432716,377.93,2135.088318765025,"Saudi Arabia, SA",0.9985075,40323388
2026-09-14T12:10:28.868098+00:00,vast.ai,marketplace,RTX 5090,4.001388888888889,1,31.84,199.30455653422746,49.80884439591939,62.74,940.3,"Finland, FI",0.9972343,45887695
2026-09-14T12:10:28.868098+00:00,vast.ai,marketplace,RTX 5090,4.002314814814815,1,31.84,199.2517277859206,49.784121690872006,47.15,851.8333333333333,"Finland, FI",0.9390499,45727086
2026-09-14T12:10:28.868098+00:00,vast.ai,marketplace,H200 NVL,4.006944444444445,1,140.4,438.9116358879341,109.53773928572359,125.77,1260.0,"Washington, US",0.9968412,44499509
2026-09-14T12:10:28.868098+00:00,vast.ai,marketplace,H200 NVL,4.470833333333333,1,140.4,452.65702054596136,101.24667747533152,283.35,1546.375,"Czechia, CZ",0.9994991,28875924
2026-09-14T12:10:28.868098+00:00,vast.ai,marketplace,H100 SXM,4.546944444444445,1,79.65,334.6309067633697,73.59467678832738,221.33,888.5,", US",0.9987208,36551372
2026-09-14T12:10:28.868098+00:00,vast.ai,marketplace,H100 SXM,4.841388888888889,1,79.65,313.5853034082498,64.77176500485967,221.46,2262.625,", US",0.9971387,46368161
2026-09-14T12:10:28.868098+00:00,vast.ai,marketplace,H200,5.001370614035087,1,140.4,493.049735270854,98.58292322653196,251.95,2536.822638364053,", US",0.9981625,36326117
2026-09-14T12:10:28.868098+00:00,vast.ai,marketplace,H100 SXM,6.501388888888889,1,79.65,312.0390490146304,47.99575203814011,221.46,2383.975,", US",0.9978783,36346697
2026-09-14T12:10:28.868098+00:00,vast.ai,marketplace,RTX 5090,6.654722222222222,1,31.84,199.03376551672807,29.908651160839046,125.35,966.0,"India, IN",0.9943981,46501335
2026-09-14T12:10:28.868098+00:00,vast.ai,marketplace,B200,8.131510416666666,1,179.06,700.7178469700727,86.17314755372553,249.5,129.58337338697606,"Ohio, US",0.9857746,50838890
2026-09-14T12:10:28.868098+00:00,vast.ai,marketplace,B300,9.376302083333334,1,268.59,532.3939416981215,56.780800892120155,251.92,1129.8059038177469,"Croatia, HR",0.9877199,50463083
2026-09-14T12:10:28.868098+00:00,vast.ai,marketplace,B200,9.994010416666665,1,179.06,659.0205122835755,65.94154746772625,283.43,180.26796085436126,"Maryland, US",0.998779,50588597
2026-09-14T12:10:28.868098+00:00,vast.ai,marketplace,RTX 5090,14.29564814814815,1,31.84,198.72341861351575,13.900972978217728,124.94,1519.0,"Texas, US",0.9988329,23695637
2026-09-14T12:10:28.868098+00:00,vast.ai,marketplace,RTX 5090,20.001851851851853,1,31.84,199.11300015719345,9.95472827376025,30.44,347.0,"Texas, US",0.9284205,50718191
2026-09-14T12:10:28.868098+00:00,vast.ai,marketplace,RTX 5090,20.001851851851853,1,31.84,198.82246881927114,9.940203051792095,60.41,1002.0,"Texas, US",0.9965949,47652037
2026-09-14T12:10:28.868098+00:00,vast.ai,marketplace,RTX 5090,53.33435185185186,1,31.84,199.3771092507264,3.7382494082714475,60.44,3171.0,"Ukraine, UA",0.9979087,46363452
