collected_at,provider,tier,gpu_model,price_usd_per_hr,num_gpus,gpu_ram_gb,dlperf,dlperf_per_dollar,cpu_ram_gb,disk_space_gb,region,reliability,offer_id
2026-09-18T10:47:07.196127+00:00,vast.ai,marketplace,Quadro P2000,0.028055555555555556,1,5.0,1.0177623801653413,36.27667889698246,6.83,29.875,"Nevada, US",0.990249,49574209
2026-09-18T10:47:07.196127+00:00,vast.ai,marketplace,Quadro P4000,0.04092592592592593,1,8.0,2.0836915595552954,50.91373041447328,15.6,297.5,"Missouri, US",0.9948068,45958965
2026-09-18T10:47:07.196127+00:00,vast.ai,marketplace,GTX 1070,0.04805555555555556,1,8.0,2.6128927489656055,54.37233466055595,8.96,155.4142857142857,"South Korea, KR",0.9882542,48484312
2026-09-18T10:47:07.196127+00:00,vast.ai,marketplace,GTX 1070,0.04805555555555556,1,8.0,2.5135531547077825,52.305152352300674,7.83,116.0,"South Korea, KR",0.9936484,47635955
2026-09-18T10:47:07.196127+00:00,vast.ai,marketplace,Titan Xp,0.04805555555555556,1,12.0,5.757466410549852,119.80854958369633,8.96,93.71428571428571,"South Korea, KR",0.9966852,32784737
2026-09-18T10:47:07.196127+00:00,vast.ai,marketplace,GTX 1660 S,0.04805555555555556,1,6.0,1.724191995348428,35.87913978759734,31.35,171.7,"Vietnam, VN",0.9734446,50512283
2026-09-18T10:47:07.196127+00:00,vast.ai,marketplace,RTX 3060,0.04805555555555556,1,12.0,12.26689919347755,255.26495431513976,7.76,147.5,"South Korea, KR",0.9950459,45753155
2026-09-18T10:47:07.196127+00:00,vast.ai,marketplace,RTX 3060,0.04805555555555556,1,12.0,12.265403621581047,255.23383258781368,15.53,75.30000000000001,"South Korea, KR",0.9965684,48521496
2026-09-18T10:47:07.196127+00:00,vast.ai,marketplace,GTX 1070,0.049388888888888885,1,8.0,2.4978679556144425,50.57550416317207,7.82,85.0,"South Korea, KR",0.9977299,50595372
2026-09-18T10:47:07.196127+00:00,vast.ai,marketplace,GTX 1070,0.049388888888888885,1,8.0,2.6625625460945153,53.910152789315276,15.62,391.0,"South Korea, KR",0.9942587,50016778
2026-09-18T10:47:07.196127+00:00,vast.ai,marketplace,GTX 1070,0.049388888888888885,1,8.0,2.6128927489656055,52.90446510841497,15.61,164.65,"South Korea, KR",0.9981419,47671684
2026-09-18T10:47:07.196127+00:00,vast.ai,marketplace,GTX 1070,0.050722222222222224,1,8.0,2.5135531547077825,49.55526482446888,15.62,176.0,"South Korea, KR",0.9834478,50850384
2026-09-18T10:47:07.196127+00:00,vast.ai,marketplace,RTX 3060,0.050722222222222224,1,12.0,12.264655292856059,241.8004329369212,15.56,136.0,"South Korea, KR",0.9971309,48521540
2026-09-18T10:47:07.196127+00:00,vast.ai,marketplace,RTX 3060,0.05159259259259259,1,12.0,12.26689919347755,237.7647367005699,15.63,340.5,"Poland, PL",0.9307009,50996593
2026-09-18T10:47:07.196127+00:00,vast.ai,marketplace,RTX 3060,0.052055555555555556,1,12.0,12.264655292856059,235.6070387101484,125.56,1615.8,"Romania, RO",0.9965033,51410573
2026-09-18T10:47:07.196127+00:00,vast.ai,marketplace,Quadro P4000,0.05298148148148148,1,8.0,2.0836915595552954,39.328676761966435,23.56,263.325,"United States, US",0.991014,51010731
2026-09-18T10:47:07.196127+00:00,vast.ai,marketplace,RTX 3060,0.05338888888888889,1,12.0,12.337738291774793,231.0918722704956,20.95,127.39312868938858,"Quebec, CA",0.993447,40686454
2026-09-18T10:47:07.196127+00:00,vast.ai,marketplace,Quadro P4000,0.05344444444444444,1,8.0,2.0836915595552954,38.987991758830894,31.44,243.75,"Nevada, US",0.9960604,48453748
2026-09-18T10:47:07.196127+00:00,vast.ai,marketplace,Quadro P4000,0.05472222222222223,1,8.0,2.0836915595552954,38.077612255832804,30.91,421.0,"Romania, RO",0.9972892,44056938
2026-09-18T10:47:07.196127+00:00,vast.ai,marketplace,GTX 1080 Ti,0.05472222222222223,1,11.0,5.316102491579529,97.14705060754468,18.85,18.2,"Quebec, CA",0.9981584,49328818
2026-09-18T10:47:07.196127+00:00,vast.ai,marketplace,GTX 1080,0.05472222222222223,1,8.0,3.351404206277043,61.24393473399672,10.46,219.83333333333331,"South Korea, KR",0.995598,50870175
2026-09-18T10:47:07.196127+00:00,vast.ai,marketplace,GTX 1080,0.05472222222222223,1,8.0,3.330490607485923,60.86175729415899,10.46,263.81666666666666,"South Korea, KR",0.9859342,50870205
2026-09-18T10:47:07.196127+00:00,vast.ai,marketplace,GTX 1080,0.05472222222222223,1,8.0,3.330490607485923,60.86175729415899,31.18,132.0,"South Korea, KR",0.9909436,51265304
2026-09-18T10:47:07.196127+00:00,vast.ai,marketplace,GTX 1080,0.05472222222222223,1,8.0,3.330490607485923,60.86175729415899,15.54,177.0,"South Korea, KR",0.9931853,50870754
2026-09-18T10:47:07.196127+00:00,vast.ai,marketplace,GTX 1080,0.05472222222222223,1,8.0,3.351404206277043,61.24393473399672,15.52,156.0,"South Korea, KR",0.9737707,50870717
2026-09-18T10:47:07.196127+00:00,vast.ai,marketplace,GTX 1070,0.05472222222222223,1,8.0,2.4978679556144425,45.64631797061925,7.78,174.5,"South Korea, KR",0.9977788,50037971
2026-09-18T10:47:07.196127+00:00,vast.ai,marketplace,Titan Xp,0.05472222222222223,1,12.0,5.757466410549852,105.21258415218003,10.45,230.32855501322837,"South Korea, KR",0.9921989,48369188
2026-09-18T10:47:07.196127+00:00,vast.ai,marketplace,Titan Xp,0.05472222222222223,1,12.0,5.757466410549852,105.21258415218003,10.46,249.88955934012398,"South Korea, KR",0.9965651,48474935
2026-09-18T10:47:07.196127+00:00,vast.ai,marketplace,Titan Xp,0.05472222222222223,1,12.0,5.757466410549852,105.21258415218003,18.85,18.2,"Quebec, CA",0.9981584,49328820
2026-09-18T10:47:07.196127+00:00,vast.ai,marketplace,Titan Xp,0.05472222222222223,1,12.0,5.757466410549852,105.21258415218003,10.45,264.8333333333333,"South Korea, KR",0.9968545,48453493
2026-09-18T10:47:07.196127+00:00,vast.ai,marketplace,GTX TITAN X,0.05472222222222223,1,12.0,3.355057349444435,61.31069268020287,11.6,175.0,"South Korea, KR",0.9965509,51267676
2026-09-18T10:47:07.196127+00:00,vast.ai,marketplace,GTX 1660 S,0.05472222222222223,1,6.0,1.7121347086676697,31.28774086905386,31.3,568.0,"Connecticut, US",0.9893563,49261694
2026-09-18T10:47:07.196127+00:00,vast.ai,marketplace,RTX 3060,0.05472222222222223,1,12.0,12.336310476885119,225.43511531363666,20.96,180.83333333333331,"Quebec, CA",0.9993299,50547023
2026-09-18T10:47:07.196127+00:00,vast.ai,marketplace,RTX 3060,0.05472222222222223,1,12.0,12.326736617289,225.26016153421523,13.09,27.666666666666664,"Quebec, CA",0.9986588,39173941
2026-09-18T10:47:07.196127+00:00,vast.ai,marketplace,RTX 3060,0.05472222222222223,1,12.0,8.601517455290823,157.18509055353786,15.72,163.025,"California, US",0.9902626,34596406
2026-09-18T10:47:07.196127+00:00,vast.ai,marketplace,RTX 3060,0.05472222222222223,1,12.0,11.977609275946127,218.8801695096754,15.54,160.0,"South Korea, KR",0.9991213,50870246
2026-09-18T10:47:07.196127+00:00,vast.ai,marketplace,Q RTX 4000,0.05472222222222223,1,8.0,4.104189194763423,75.00041168095595,7.67,115.44999999999999,"Spain, ES",0.9875357,48583410
2026-09-18T10:47:07.196127+00:00,vast.ai,marketplace,GTX 1660 S,0.05738888888888889,1,6.0,1.7121347086676697,29.833905862553777,15.59,125.70000000000014,"Vietnam, VN",0.9963716,34815245
2026-09-18T10:47:07.196127+00:00,vast.ai,marketplace,GTX 1660 S,0.05738888888888889,1,6.0,1.7121347086676697,29.833905862553777,15.61,62.5,"Vietnam, VN",0.9964344,25469585
2026-09-18T10:47:07.196127+00:00,vast.ai,marketplace,GTX 1660 S,0.05738888888888889,1,6.0,1.7121347086676697,29.833905862553777,15.59,169.0,"Vietnam, VN",0.996131,25225034
2026-09-18T10:47:07.196127+00:00,vast.ai,marketplace,RTX 3060,0.058777777777777776,1,12.0,12.476482747851104,212.26530194831747,31.42,356.75,"New Brunswick, CA",0.998673,48529474
2026-09-18T10:47:07.196127+00:00,vast.ai,marketplace,RTX 3060,0.06092592592592593,1,12.0,12.317527965751552,202.17219153513184,15.63,402.0,"Poland, PL",0.9989907,45602039
2026-09-18T10:47:07.196127+00:00,vast.ai,marketplace,GTX 1080,0.061388888888888896,1,8.0,3.351404206277043,54.59300969501065,15.52,127.30000000000001,"South Korea, KR",0.995652,51265279
2026-09-18T10:47:07.196127+00:00,vast.ai,marketplace,GTX 1070 Ti,0.061388888888888896,1,8.0,3.1639660771116267,51.53971890317581,10.46,207.33333333333331,"South Korea, KR",0.98647,51265134
2026-09-18T10:47:07.196127+00:00,vast.ai,marketplace,RTX 3060,0.061388888888888896,1,12.0,12.406307808405456,202.09370185637846,31.18,108.0,"South Korea, KR",0.9959187,43057835
2026-09-18T10:47:07.196127+00:00,vast.ai,marketplace,RTX 3060,0.061388888888888896,1,12.0,10.634783839320383,173.23629783508315,31.18,136.0,"South Korea, KR",0.9918489,50734954
2026-09-18T10:47:07.196127+00:00,vast.ai,marketplace,RTX 3060,0.061388888888888896,1,12.0,12.407836284181814,202.1186001043191,10.46,174.83333333333331,"South Korea, KR",0.9782636,50735547
2026-09-18T10:47:07.196127+00:00,vast.ai,marketplace,RTX 3060,0.061388888888888896,1,12.0,12.26689919347755,199.822792291942,10.46,167.33333333333331,"South Korea, KR",0.9924938,41437596
2026-09-18T10:47:07.196127+00:00,vast.ai,marketplace,RTX 3060,0.061388888888888896,1,12.0,12.33670458367849,200.95989367078082,10.45,140.83333333333331,"South Korea, KR",0.9944954,45389034
2026-09-18T10:47:07.196127+00:00,vast.ai,marketplace,RTX 3060,0.061388888888888896,1,12.0,12.26615158836682,199.81061410914276,31.24,132.0,"South Korea, KR",0.9978395,50325605
2026-09-18T10:47:07.196127+00:00,vast.ai,marketplace,RTX 2060,0.061388888888888896,1,12.0,3.941650081068745,64.20787462374426,10.46,243.4,"South Korea, KR",0.9959303,49698940
2026-09-18T10:47:07.196127+00:00,vast.ai,marketplace,RTX 2070S,0.061388888888888896,1,8.0,4.701597091193644,76.58710193799601,15.52,107.30000000000001,"South Korea, KR",0.9901,50038031
2026-09-18T10:47:07.196127+00:00,vast.ai,marketplace,RTX 2070,0.061388888888888896,1,8.0,4.104189194763423,66.85557059343132,7.77,166.5,"South Korea, KR",0.9980463,49864036
2026-09-18T10:47:07.196127+00:00,vast.ai,marketplace,RTX 2070,0.061388888888888896,1,8.0,4.104189194763423,66.85557059343132,7.77,180.65,"South Korea, KR",0.9957798,49868123
2026-09-18T10:47:07.196127+00:00,vast.ai,marketplace,RTX 3060 laptop,0.06451851851851853,1,12.0,12.78187728671498,198.1117604714721,15.59,271.15,"New Zealand, NZ",0.9971656,46071109
2026-09-18T10:47:07.196127+00:00,vast.ai,marketplace,RTX 3060 laptop,0.06451851851851853,1,12.0,12.78187728671498,198.1117604714721,15.59,316.85,"New Zealand, NZ",0.9951246,51286015
2026-09-18T10:47:07.196127+00:00,vast.ai,marketplace,RTX 2060S,0.06538888888888889,1,8.0,3.98692664634161,60.97254004600593,15.61,118.70000000000005,"Vietnam, VN",0.9904405,47528463
2026-09-18T10:47:07.196127+00:00,vast.ai,marketplace,RTX 2060S,0.06538888888888889,1,8.0,3.98692664634161,60.97254004600593,15.59,135.5,"Vietnam, VN",0.8805335,30053150
2026-09-18T10:47:07.196127+00:00,vast.ai,marketplace,RTX 2060S,0.06538888888888889,1,8.0,3.98692664634161,60.97254004600593,31.22,256.0,"Vietnam, VN",0.9963432,25469153
2026-09-18T10:47:07.196127+00:00,vast.ai,marketplace,RTX 3060,0.06644444444444447,1,12.0,12.26689919347755,184.61888418277243,31.44,619.3875000000002,"Texas, US",0.9887181,49591761
2026-09-18T10:47:07.196127+00:00,vast.ai,marketplace,Tesla T4,0.06712962962962962,1,15.0,4.302423311844853,64.09127140403368,108.24,763.65,"Italy, IT",0.9558965,50979391
2026-09-18T10:47:07.196127+00:00,vast.ai,marketplace,RTX 3060,0.06736111111111111,1,12.0,12.26689919347755,182.10654472791416,31.34,189.0,"Vietnam, VN",0.9961246,49242114
2026-09-18T10:47:07.196127+00:00,vast.ai,marketplace,Quadro P4000,0.06805555555555555,1,8.0,2.0836915595552954,30.617508630200263,62.73,120.0,"United Kingdom, GB",0.9971431,45254580
2026-09-18T10:47:07.196127+00:00,vast.ai,marketplace,GTX 1080 Ti,0.06805555555555555,1,11.0,5.316102491579529,78.1141590599441,15.62,184.0,"South Korea, KR",0.997809,48302207
2026-09-18T10:47:07.196127+00:00,vast.ai,marketplace,GTX 1080 Ti,0.06805555555555555,1,11.0,5.316102491579529,78.1141590599441,15.59,194.0,"South Korea, KR",0.9975583,47441944
2026-09-18T10:47:07.196127+00:00,vast.ai,marketplace,GTX 1080 Ti,0.06805555555555555,1,11.0,5.212453494822205,76.59115339330589,7.73,170.0,"South Korea, KR",0.996717,50029567
2026-09-18T10:47:07.196127+00:00,vast.ai,marketplace,GTX 1080 Ti,0.06805555555555555,1,11.0,5.212453494822205,76.59115339330589,7.73,195.0,"South Korea, KR",0.9959203,50029620
2026-09-18T10:47:07.196127+00:00,vast.ai,marketplace,GTX 1080 Ti,0.06805555555555555,1,11.0,5.212453494822205,76.59115339330589,15.67,409.85,"South Korea, KR",0.9908598,47444990
2026-09-18T10:47:07.196127+00:00,vast.ai,marketplace,GTX 1080 Ti,0.06805555555555555,1,11.0,5.212453494822205,76.59115339330589,31.28,73.0,"South Korea, KR",0.997493,40234662
2026-09-18T10:47:07.196127+00:00,vast.ai,marketplace,GTX 1080 Ti,0.06805555555555555,1,11.0,5.384292621025136,79.11613647220608,31.29,67.0,"South Korea, KR",0.9985342,37709426
2026-09-18T10:47:07.196127+00:00,vast.ai,marketplace,GTX 1080 Ti,0.06805555555555555,1,11.0,5.212453494822205,76.59115339330589,31.22,453.29999999999995,"South Korea, KR",0.9974633,49315857
2026-09-18T10:47:07.196127+00:00,vast.ai,marketplace,RTX 3060,0.06805555555555555,1,12.0,12.546474106930363,184.3563542242829,31.26,1601.1,"South Korea, KR",0.9993463,47774858
2026-09-18T10:47:07.196127+00:00,vast.ai,marketplace,Q RTX 4000,0.06805555555555555,1,8.0,4.104189194763423,60.30645347407479,31.26,255.0,"Argentina, AR",0.9920122,37282264
2026-09-18T10:47:07.196127+00:00,vast.ai,marketplace,RTX 2070,0.06805555555555555,1,8.0,4.104189194763423,60.30645347407479,62.85,139.5,"Ontario, CA",0.9938303,49886921
2026-09-18T10:47:07.196127+00:00,vast.ai,marketplace,RTX 3060 laptop,0.06851851851851852,1,12.0,12.782884360734636,186.56101499450548,15.59,353.35,"New Zealand, NZ",0.9986857,51291055
2026-09-18T10:47:07.196127+00:00,vast.ai,marketplace,RTX 3060,0.06898148148148148,1,12.0,10.669376593791661,154.67015733281872,31.42,20.25,"Wisconsin, US",0.9992826,45640325
2026-09-18T10:47:07.196127+00:00,vast.ai,marketplace,RTX A2000,0.06898148148148148,1,5.99,8.575741297328419,124.31947115590192,62.89,734.5,"Norway, NO",0.9948837,29318075
2026-09-18T10:47:07.196127+00:00,vast.ai,marketplace,RTX A2000,0.06898148148148148,1,5.99,8.575741297328419,124.31947115590192,125.78,1514.5,"Norway, NO",0.9974705,29431159
2026-09-18T10:47:07.196127+00:00,vast.ai,marketplace,GTX 1660,0.06898148148148148,1,6.0,2.316471688407048,33.58106608697466,62.93,339.2,"United Kingdom, GB",0.9976983,43339009
2026-09-18T10:47:07.196127+00:00,vast.ai,marketplace,RTX 4060,0.06944444444444445,1,8.0,15.645243999875872,225.29151359821253,30.06,343.0,"Illinois, US",0.9938535,48663891
2026-09-18T10:47:07.196127+00:00,vast.ai,marketplace,RTX 4060,0.06944444444444445,1,8.0,15.645243999875872,225.29151359821253,30.07,619.0,"Illinois, US",0.9950775,48018230
2026-09-18T10:47:07.196127+00:00,vast.ai,marketplace,RTX 4060,0.06944444444444445,1,8.0,15.657350249471419,225.4658435923884,15.72,133.875,"Nevada, US",0.9866213,50944071
2026-09-18T10:47:07.196127+00:00,vast.ai,marketplace,RTX 3060,0.07072222222222221,1,12.0,12.209807003325047,172.64456092682707,20.97,222.84166666666664,"Thailand, TH",0.9952067,42384443
2026-09-18T10:47:07.196127+00:00,vast.ai,marketplace,RTX 3060 laptop,0.07118518518518518,1,12.0,12.783890933535213,179.58639708920435,15.62,232.09999999999997,"New Zealand, NZ",0.9911669,46442912
2026-09-18T10:47:07.196127+00:00,vast.ai,marketplace,GTX 1080 Ti,0.07472222222222222,1,11.0,5.316102491579529,71.1448660583134,15.64,382.0,"South Korea, KR",0.9980732,47674539
2026-09-18T10:47:07.196127+00:00,vast.ai,marketplace,RTX 2070,0.07472222222222222,1,8.0,4.104189194763423,54.92595204887853,7.82,350.8500000000001,"South Korea, KR",0.9782078,50701342
2026-09-18T10:47:07.196127+00:00,vast.ai,marketplace,RTX 3060 laptop,0.07518518518518519,1,12.0,12.780869711099143,169.99186315255017,15.63,284.0,"New Zealand, NZ",0.9971741,50845974
2026-09-18T10:47:07.196127+00:00,vast.ai,marketplace,RTX 3070,0.07611111111111112,1,8.0,16.283883483499594,213.94883408977566,23.59,172.4,"Hong Kong, HK",0.9982963,50148860
2026-09-18T10:47:07.196127+00:00,vast.ai,marketplace,RTX 2080 Ti,0.07611111111111112,1,22.0,11.045877624506199,145.12831915409603,31.47,129.5,"United States, US",0.9858815,43529656
2026-09-18T10:47:07.196127+00:00,vast.ai,marketplace,RTX A2000,0.07692592592592593,1,5.99,8.572312711984065,111.43593799882993,62.85,753.0,"British Columbia, CA",0.9977963,44117225
2026-09-18T10:47:07.196127+00:00,vast.ai,marketplace,Tesla V100,0.0771111111111111,1,16.0,20.174061839263175,261.62328033626596,15.69,138.5,"Malaysia, MY",0.9652774,51204691
2026-09-18T10:47:07.196127+00:00,vast.ai,marketplace,RTX 3070,0.08101851851851852,1,8.0,16.277128119288,200.90626707235475,15.63,737.0,"Missouri, US",0.9968933,46541035
2026-09-18T10:47:07.196127+00:00,vast.ai,marketplace,RTX 3070,0.08138888888888889,1,8.0,16.279381572723597,200.01970533039233,62.83,303.5,"Texas, US",0.9847106,51015896
2026-09-18T10:47:07.196127+00:00,vast.ai,marketplace,RTX 3070,0.08138888888888889,1,8.0,16.279381572723597,200.01970533039233,7.79,220.66666666666666,"France, FR",0.9972472,48094854
2026-09-18T10:47:07.196127+00:00,vast.ai,marketplace,Q RTX 5000,0.08138888888888889,1,16.0,6.974717272952806,85.69618492365223,31.34,278.8,"Spain, ES",0.9960859,51030538
2026-09-18T10:47:07.196127+00:00,vast.ai,marketplace,RTX 2080 Ti,0.08138888888888889,1,11.0,8.914031929543983,109.52394179644484,15.63,669.5,"Florida, US",0.9947136,39588999
2026-09-18T10:47:07.196127+00:00,vast.ai,marketplace,RTX 3060,0.08157407407407408,1,12.0,12.47950959800739,152.98377259759343,31.47,356.04678870422174,"Texas, US",0.9970779,41247441
2026-09-18T10:47:07.196127+00:00,vast.ai,marketplace,RTX 3060,0.08231481481481481,1,12.0,12.260908210878716,148.951415835197,31.46,180.75,"Norway, NO",0.9983883,13388143
2026-09-18T10:47:07.196127+00:00,vast.ai,marketplace,RTX 3060 Ti,0.0835925925925926,1,8.0,14.708443874637446,175.95391431777185,31.33,317.55,"Ontario, CA",0.9982207,18012464
2026-09-18T10:47:07.196127+00:00,vast.ai,marketplace,RTX 3060 Ti,0.08405555555555555,1,8.0,13.775822893619656,163.88949906487366,62.94,568.2635150918511,"Sweden, SE",0.9954423,51184866
2026-09-18T10:47:07.196127+00:00,vast.ai,marketplace,RTX 3070,0.08555555555555555,1,8.0,16.24540379202574,189.8813430236775,15.63,350.65,"Illinois, US",0.994812,49013003
2026-09-18T10:47:07.196127+00:00,vast.ai,marketplace,RTX 2080 Ti,0.08672222222222221,1,22.0,11.045877624506199,127.37078618905291,17.97,150.2142857142857,"Thailand, TH",0.984495,50286308
2026-09-18T10:47:07.196127+00:00,vast.ai,marketplace,RTX A4000,0.0875925925925926,1,15.99,21.196400024716194,241.98849922508973,23.48,215.0,"The Netherlands, NL",0.9984857,36172986
2026-09-18T10:47:07.196127+00:00,vast.ai,marketplace,RTX A4000,0.0875925925925926,1,15.99,20.439188911740587,233.34380575771493,23.49,278.5,"Poland, PL",0.9991849,45599979
2026-09-18T10:47:07.196127+00:00,vast.ai,marketplace,RTX 3060 Ti,0.08851851851851852,1,8.0,13.777221262848961,155.64224857611796,15.62,354.0,"New Zealand, NZ",0.971975,51406538
2026-09-18T10:47:07.196127+00:00,vast.ai,marketplace,RTX A4000,0.0915925925925926,1,15.99,21.18358282112518,231.28052412874237,250.49,1458.341017101335,"Japan, JP",0.9972681,45433710
2026-09-18T10:47:07.196127+00:00,vast.ai,marketplace,RTX A4000,0.0915925925925926,1,15.99,19.772673079992394,215.87633366752712,41.93,78.66666666666666,"Japan, JP",0.9875512,49618839
2026-09-18T10:47:07.196127+00:00,vast.ai,marketplace,RTX A4000,0.0915925925925926,1,15.99,18.02313525427241,196.77503108182574,41.93,103.83333333333333,"Japan, JP",0.9883167,49633878
2026-09-18T10:47:07.196127+00:00,vast.ai,marketplace,RTX 3060,0.09449074074074075,1,12.0,12.228075053514289,129.41029943944568,15.63,351.5,"New Jersey, US",0.9962544,44022327
2026-09-18T10:47:07.196127+00:00,vast.ai,marketplace,RTX 3060,0.09449074074074075,1,12.0,12.265403621581047,129.80534944936335,31.26,298.6,"New Jersey, US",0.9990043,39458906
2026-09-18T10:47:07.196127+00:00,vast.ai,marketplace,RTX 3070,0.09472222222222222,1,8.0,16.277128119288,171.84064876667685,31.27,1268.0,"Virginia, US",0.9916149,50502898
2026-09-18T10:47:07.196127+00:00,vast.ai,marketplace,RTX 3070,0.09518518518518519,1,8.0,16.281633360172783,171.0521792702977,31.18,693.0,"Utah, US",0.9980467,50508831
2026-09-18T10:47:07.196127+00:00,vast.ai,marketplace,Tesla P100,0.09564814814814815,1,16.0,6.489584450329015,67.84851119414652,39.01,563.925,"Texas, US",0.9896565,48981933
2026-09-18T10:47:07.196127+00:00,vast.ai,marketplace,RTX 4070S,0.09935185185185186,1,11.99,34.731356977760385,349.5793619383151,11.78,367.125,", US",0.9950884,44275544
2026-09-18T10:47:07.196127+00:00,vast.ai,marketplace,RTX 4070S,0.09935185185185186,1,11.99,34.76690296644834,349.93714076201496,11.78,144.5,", US",0.9871594,39568828
2026-09-18T10:47:07.196127+00:00,vast.ai,marketplace,RTX A4500,0.10005555555555555,1,19.99,28.337547402779972,283.2181306218987,23.44,386.95,"Czechia, CZ",0.9634615,51326050
2026-09-18T10:47:07.196127+00:00,vast.ai,marketplace,RTX 5060,0.10185185185185185,1,7.96,28.27135921143085,277.57334498495743,62.88,589.5938777784636,"United Kingdom, GB",0.9976512,48742494
2026-09-18T10:47:07.196127+00:00,vast.ai,marketplace,Tesla P40,0.10672222222222222,1,24.0,5.87904,55.08730869338886,62.81,706.75,"Thailand, TH",0.9866811,47185201
2026-09-18T10:47:07.196127+00:00,vast.ai,marketplace,RTX 4060 Ti,0.10680555555555556,1,16.0,22.516966931916716,210.82205709987042,23.57,296.87681206798374,"Jiangsu, CN",0.9896944,49517349
2026-09-18T10:47:07.196127+00:00,vast.ai,marketplace,RTX 3060,0.10712962962962963,1,12.0,12.695455035911428,118.50554398257859,31.18,1515.9,"Thailand, TH",0.9724044,50460350
2026-09-18T10:47:07.196127+00:00,vast.ai,marketplace,RTX 4070,0.10805555555555556,1,11.99,33.79915214540954,312.7942100860523,20.96,87.87833236646398,"Washington, US",0.9992913,16213990
2026-09-18T10:47:07.196127+00:00,vast.ai,marketplace,RTX A4000,0.10805555555555556,1,15.99,21.188393779682055,196.08796299962827,23.57,84.5,"Delaware, US",0.9986188,48328451
2026-09-18T10:47:07.196127+00:00,vast.ai,marketplace,RTX 3070,0.10805555555555556,1,8.0,16.277128119288,150.6366612581923,125.78,578.0,"Quebec, CA",0.9967317,48942875
2026-09-18T10:47:07.196127+00:00,vast.ai,marketplace,RTX 3080,0.10805555555555556,1,10.0,26.602156171071623,246.18962009217955,15.52,665.0,"Austria, AT",0.9970914,50569051
2026-09-18T10:47:07.196127+00:00,vast.ai,marketplace,RTX A4000,0.10851851851851853,1,15.99,21.18518707573644,195.22186042487502,62.96,773.7625,"Estonia, EE",0.9716332,50747392
2026-09-18T10:47:07.196127+00:00,vast.ai,marketplace,Tesla V100,0.10898148148148148,1,16.0,20.174061839263175,185.11458612068162,43.19,720.25,"Texas, US",0.9833051,30970798
2026-09-18T10:47:07.196127+00:00,vast.ai,marketplace,RTX 3080,0.11347222222222222,1,20.0,34.317719661663936,302.432780372069,50.37,199.24000000000004,"Henan, CN",0.9878127,50005208
2026-09-18T10:47:07.196127+00:00,vast.ai,marketplace,RTX 3080,0.12064814814814816,1,10.0,28.990850389304534,240.29254351841055,15.68,171.75,"Germany, DE",0.9780308,51292525
2026-09-18T10:47:07.196127+00:00,vast.ai,marketplace,RTX 4060 Ti,0.1212962962962963,1,16.0,22.643358440560192,186.67806958629777,31.45,114.6,"Quebec, CA",0.999038,50694750
2026-09-18T10:47:07.196127+00:00,vast.ai,marketplace,RTX A4000,0.1213888888888889,1,15.99,21.191598078871984,174.5760940135907,18.17,80.80351498144589,"Delaware, US",0.9995031,46653916
2026-09-18T10:47:07.196127+00:00,vast.ai,marketplace,RTX A4000,0.1213888888888889,1,15.99,21.18679072847466,174.53649112702234,125.83,192.95,"France, FR",0.996859,45096200
2026-09-18T10:47:07.196127+00:00,vast.ai,marketplace,RTX A4000,0.1213888888888889,1,15.99,21.013940447578037,173.11255288622638,15.67,116.0,"Utah, US",0.9844583,50588414
2026-09-18T10:47:07.196127+00:00,vast.ai,marketplace,Titan V,0.1213888888888889,1,12.0,21.927007550208472,180.6343871413055,15.59,378.5,"South Korea, KR",0.9973526,50869995
2026-09-18T10:47:07.196127+00:00,vast.ai,marketplace,Titan V,0.1213888888888889,1,12.0,21.928555102326925,180.64713585440944,15.59,369.0,"South Korea, KR",0.9962092,50869940
2026-09-18T10:47:07.196127+00:00,vast.ai,marketplace,RTX 3080,0.1213888888888889,1,12.0,30.250663713657115,249.20455233218675,62.72,761.0,"Texas, US",0.9938145,51255568
2026-09-18T10:47:07.196127+00:00,vast.ai,marketplace,RTX 3080,0.1213888888888889,1,10.0,26.959080096969235,222.08853169127974,15.5,333.0,"Austria, AT",0.9711721,50662269
2026-09-18T10:47:07.196127+00:00,vast.ai,marketplace,RTX 3080 Ti,0.1213888888888889,1,12.0,34.93318073062686,287.779063227132,31.26,641.0,"Oregon, US",0.5796073,38475407
2026-09-18T10:47:07.196127+00:00,vast.ai,marketplace,RTX 3070 Ti,0.12231481481481482,1,8.0,18.312988822797344,149.7201205800237,62.92,2299.945621414297,"South Carolina, US",0.8073226,47975556
2026-09-18T10:47:07.196127+00:00,vast.ai,marketplace,RTX 3090,0.12805555555555553,1,24.0,35.3457843125413,276.0191399677846,31.37,191.25,"Romania, RO",0.7732499,44221923
2026-09-18T10:47:07.196127+00:00,vast.ai,marketplace,RTX 3090,0.13425925925925924,1,24.0,42.139340850761506,313.86543530222366,31.3,644.0,"Japan, JP",0.9983653,48128963
2026-09-18T10:47:07.196127+00:00,vast.ai,marketplace,RTX 3080,0.13425925925925924,1,10.0,27.140257657112414,202.14812599780282,31.25,813.0,"Argentina, AR",0.9980073,29430929
2026-09-18T10:47:07.196127+00:00,vast.ai,marketplace,RTX 4070,0.13472222222222222,1,11.99,34.44124782927873,255.64637564000708,31.34,411.5,"Texas, US",0.885201,51172501
2026-09-18T10:47:07.196127+00:00,vast.ai,marketplace,Tesla T4,0.13472222222222222,1,15.0,4.302423311844853,31.935513242559736,125.82,564.5,"Pennsylvania, US",0.9823893,50006707
2026-09-18T10:47:07.196127+00:00,vast.ai,marketplace,RTX 3080,0.13472222222222222,1,10.0,27.103830771093655,201.1830737648189,15.63,153.5,"Jordan, JO",0.9652342,49909731
2026-09-18T10:47:07.196127+00:00,vast.ai,marketplace,RTX 3080 Ti,0.13472222222222222,1,12.0,33.966533763435834,252.12272484199795,36.64,478.3333333333333,"Quebec, CA",0.9991726,44116402
2026-09-18T10:47:07.196127+00:00,vast.ai,marketplace,RTX 5060 Ti,0.13472222222222222,1,15.93,38.82491569588722,288.1849412478227,15.59,173.5,"Denmark, DK",0.9868557,51128137
2026-09-18T10:47:07.196127+00:00,vast.ai,marketplace,RTX 5060 Ti,0.13472222222222222,1,15.93,38.873669107392224,288.54682224043717,31.24,383.4,"Ontario, CA",0.949563,51057768
2026-09-18T10:47:07.196127+00:00,vast.ai,marketplace,RTX 3070,0.13564814814814816,1,8.0,16.411605677014865,120.98658110017784,62.89,366.4549985496959,"Norway, NO",0.9979332,16581606
2026-09-18T10:47:07.196127+00:00,vast.ai,marketplace,Tesla V100,0.13796296296296295,1,16.0,20.174061839263175,146.22809923761227,31.41,815.4,"Quebec, CA",0.9786653,50796895
2026-09-18T10:47:07.196127+00:00,vast.ai,marketplace,RTX 5060 Ti,0.1413888888888889,1,15.93,38.3691436852251,271.3731184023779,47.2,262.92043134106893,"Switzerland, CH",0.9945424,49006547
2026-09-18T10:47:07.196127+00:00,vast.ai,marketplace,RTX 3060,0.14672222222222223,1,12.0,12.337460403838445,84.08719699700569,15.59,340.5,"Florida, US",0.9951581,49921230
2026-09-18T10:47:07.196127+00:00,vast.ai,marketplace,RTX 3090,0.14759259259259258,1,24.0,44.362075122503484,300.5711488852181,26.51,260.75926346522596,"Bulgaria, BG",0.9793711,50092453
2026-09-18T10:47:07.196127+00:00,vast.ai,marketplace,RTX 3060,0.14759259259259258,1,12.0,12.274355410390498,83.16376313188042,62.59,2643.0,"Maryland, US",0.961857,51070855
2026-09-18T10:47:07.196127+00:00,vast.ai,marketplace,RTX 3090,0.14805555555555555,1,24.0,41.83980888176695,282.59533203444846,31.28,281.0,"New Brunswick, CA",0.9971469,48412778
2026-09-18T10:47:07.196127+00:00,vast.ai,marketplace,RTX 3060 Ti,0.14805555555555555,1,8.0,13.860666692126925,93.61801142899986,110.12,104.25,"Massachusetts, US",0.9941026,46460414
2026-09-18T10:47:07.196127+00:00,vast.ai,marketplace,RTX 3060 Ti,0.14805555555555555,1,8.0,13.932156277121331,94.10086791301462,94.31,153.5,"Massachusetts, US",0.9884444,47798929
2026-09-18T10:47:07.196127+00:00,vast.ai,marketplace,RTX 3090,0.1499074074074074,1,24.0,44.28371872457063,295.4071415845354,31.47,306.6,"United States, US",0.9954146,50484115
2026-09-18T10:47:07.196127+00:00,vast.ai,marketplace,RTX 3090,0.15268518518518517,1,24.0,44.60957933884808,292.16704479051504,31.44,165.6625,"United States, US",0.8871675,50342463
2026-09-18T10:47:07.196127+00:00,vast.ai,marketplace,RTX 3090,0.15268518518518517,1,24.0,44.11996779567515,288.96037125123814,35.98,171.82827064235363,"United States, US",0.9868852,49828251
2026-09-18T10:47:07.196127+00:00,vast.ai,marketplace,RTX 3090,0.15268518518518517,1,24.0,44.3633895822079,290.55464371609787,53.96,321.0,", US",0.9899363,48317511
2026-09-18T10:47:07.196127+00:00,vast.ai,marketplace,RTX 3090,0.15268518518518517,1,24.0,44.362075122503484,290.546034762303,23.59,301.33809804502823,", US",0.9915615,43751728
2026-09-18T10:47:07.196127+00:00,vast.ai,marketplace,RTX 3090,0.1613888888888889,1,24.0,45.32487616288179,280.8426061727615,249.37,1540.0,"France, FR",0.9897531,51112287
2026-09-18T10:47:07.196127+00:00,vast.ai,marketplace,RTX 3090,0.1613888888888889,1,24.0,44.35681485909163,274.84429172586897,31.22,588.0,"Spain, ES",0.9989466,45987416
2026-09-18T10:47:07.196127+00:00,vast.ai,marketplace,RTX A4000,0.1613888888888889,1,15.99,21.194799976038738,131.3275041544569,125.78,690.8407446398259,"Japan, JP",0.9840838,48607918
2026-09-18T10:47:07.196127+00:00,vast.ai,marketplace,RTX 5060 Ti,0.16462962962962963,1,15.93,38.43741779194883,233.47812832004917,31.3,332.5,"Texas, US",0.9898788,47987040
2026-09-18T10:47:07.196127+00:00,vast.ai,marketplace,RTX 3080 Ti,0.16759259259259257,1,12.0,34.7050653824969,207.07994813865554,31.28,622.0,"Japan, JP",0.9931346,46117245
2026-09-18T10:47:07.196127+00:00,vast.ai,marketplace,RTX 3060,0.1681666666666667,1,12.0,12.548035631767766,74.61666381626024,62.86,278.0,"New York, US",0.9979365,48275197
2026-09-18T10:47:07.196127+00:00,vast.ai,marketplace,RTX 3090,0.16898148148148148,1,24.0,44.60426813632625,263.9595045875745,41.93,167.66666666666666,"Czechia, CZ",0.993938,43731734
2026-09-18T10:47:07.196127+00:00,vast.ai,marketplace,RTX 3090,0.17425925925925925,1,24.0,46.06335380546953,264.33805584435225,31.41,259.75,"Ontario, CA",0.9853114,41997157
2026-09-18T10:47:07.196127+00:00,vast.ai,marketplace,RTX 4070S Ti,0.17472222222222222,1,15.99,51.21276508239386,293.10962527284244,30.98,299.5,"Germany, DE",0.9965429,47546797
2026-09-18T10:47:07.196127+00:00,vast.ai,marketplace,RTX 4060 Ti,0.17472222222222222,1,8.0,18.025958633896906,103.16923860417943,31.18,602.7,"Mexico, MX",0.9963799,46245722
2026-09-18T10:47:07.196127+00:00,vast.ai,marketplace,RTX 3080,0.17472222222222222,1,10.0,27.140257657112414,155.3337481170186,15.54,423.4,"Switzerland, CH",0.8962739,51311547
2026-09-18T10:47:07.196127+00:00,vast.ai,marketplace,RTX 5060 Ti,0.1773888888888889,1,15.93,38.88759024296388,219.22224377492947,62.94,311.6559644588168,"Germany, DE",0.9966376,44053742
2026-09-18T10:47:07.196127+00:00,vast.ai,marketplace,RTX 3090,0.1813888888888889,1,24.0,44.608251904692125,245.92604419125826,15.63,126.0,"Poland, PL",0.9950524,51088695
2026-09-18T10:47:07.196127+00:00,vast.ai,marketplace,RTX 4070S Ti,0.18185185185185188,1,15.99,51.015524456552086,280.53343387513365,62.7,649.0,"Spain, ES",0.9927113,49130709
2026-09-18T10:47:07.196127+00:00,vast.ai,marketplace,RTX 3070,0.18538755555555553,1,8.0,16.7143610560886,90.159023921537,31.4,152.50000000000003,"Oklahoma, US",0.9466211,51372574
2026-09-18T10:47:07.196127+00:00,vast.ai,marketplace,RTX 4070,0.18805555555555556,1,11.99,20.70712644982117,110.11175069328836,15.35,323.5,"France, FR",0.9972086,39309239
2026-09-18T10:47:07.196127+00:00,vast.ai,marketplace,RTX 2080 Ti,0.18805555555555556,1,11.0,8.975934929054704,47.7302300511033,377.92,3307.0,"Ohio, US",0.9986873,47831366
2026-09-18T10:47:07.196127+00:00,vast.ai,marketplace,RTX PRO 4000,0.18805555555555556,1,23.89,65.65642091174499,349.13310972272075,94.31,623.9500000000004,"Alberta, CA",0.5859286,50601953
2026-09-18T10:47:07.196127+00:00,vast.ai,marketplace,RTX 3090,0.18851851851851853,1,24.0,44.8430068357311,237.8705667121296,62.85,264.0,"Spain, ES",0.9851818,51152944
2026-09-18T10:47:07.196127+00:00,vast.ai,marketplace,RTX 3090,0.18944444444444444,1,24.0,44.825533326809655,236.61571844063747,31.36,943.5,"Illinois, US",0.9954073,49013333
2026-09-18T10:47:07.196127+00:00,vast.ai,marketplace,RTX 3090,0.18972222222222224,1,24.0,44.14606961420343,232.68792183181893,31.41,30.25,"Indonesia, ID",0.9854011,43373952
2026-09-18T10:47:07.196127+00:00,vast.ai,marketplace,RTX 5060 Ti,0.19077777777777774,1,15.93,38.2528677906197,200.51008160487908,125.96,1236.4525374744048,"Italy, IT",0.9955776,48540467
2026-09-18T10:47:07.196127+00:00,vast.ai,marketplace,RTX 3090,0.19518518518518518,1,24.0,44.3633895822079,227.28871322952816,41.93,187.16666666666666,"Czechia, CZ",0.9912338,25325619
2026-09-18T10:47:07.196127+00:00,vast.ai,marketplace,RTX 3090,0.2009259259259259,1,24.0,44.641744893159355,222.18011283231388,31.37,620.25,"Utah, US",0.9932323,7899206
2026-09-18T10:47:07.196127+00:00,vast.ai,marketplace,Tesla T4,0.2009259259259259,1,16.0,4.40071446983927,21.9021733982784,125.93,2973.75,"Norway, NO",0.9967485,41364915
2026-09-18T10:47:07.196127+00:00,vast.ai,marketplace,RTX 4000Ada,0.2010185185185185,1,20.0,31.238530237731673,155.40125590396227,31.39,281.41876042070174,"Romania, RO",0.9966832,51392049
2026-09-18T10:47:07.196127+00:00,vast.ai,marketplace,RTX 3090,0.20138888888888887,1,24.0,44.63668894691989,221.64424856401604,31.32,331.5,"South Korea, KR",0.9964317,50704391
2026-09-18T10:47:07.196127+00:00,vast.ai,marketplace,RTX 4000Ada,0.20138888888888887,1,20.0,31.259549744970535,155.21983321640542,31.41,450.75,"Hungary, HU",0.9982548,36173713
2026-09-18T10:47:07.196127+00:00,vast.ai,marketplace,Titan RTX,0.20138888888888887,1,24.0,12.057292800000003,59.87069528275864,15.59,378.5,"South Korea, KR",0.9969192,50869879
2026-09-18T10:47:07.196127+00:00,vast.ai,marketplace,RTX 3080,0.20138888888888887,1,10.0,27.258219703725107,135.35115990815228,15.59,375.0,"Taiwan, TW",0.9982315,37206301
2026-09-18T10:47:07.196127+00:00,vast.ai,marketplace,Tesla V100,0.20138888888888887,1,32.0,25.71306491342886,127.67866715633642,70.69,266.5,"Utah, US",0.9905643,50748408
2026-09-18T10:47:07.196127+00:00,vast.ai,marketplace,RTX 4060 Ti,0.20138888888888887,1,16.0,22.516966931916716,111.80838752400025,124.44,659.7848973203811,"Texas, US",0.9978759,37119319
2026-09-18T10:47:07.196127+00:00,vast.ai,marketplace,RTX 5070 Ti,0.20138888888888887,1,15.92,75.90657225050073,376.9153932438657,15.59,283.0,"South Korea, KR",0.9970345,50736268
2026-09-18T10:47:07.196127+00:00,vast.ai,marketplace,RTX 5060 Ti,0.20138888888888887,1,15.93,38.42377026159708,190.79389371275792,15.59,311.0,"South Korea, KR",0.9982376,51204021
2026-09-18T10:47:07.196127+00:00,vast.ai,marketplace,RTX PRO 4000,0.20138888888888887,1,23.89,59.65177789792112,296.20193163105665,31.24,258.65379990486883,"Illinois, US",0.9918619,51334898
2026-09-18T10:47:07.196127+00:00,vast.ai,marketplace,RTX PRO 4000,0.2023148148148148,1,23.89,65.68039214880842,324.64450123896154,62.91,192.25,"Utah, US",0.9831349,47510358
2026-09-18T10:47:07.196127+00:00,vast.ai,marketplace,RTX 3090 Ti,0.20294444444444443,1,23.99,46.186748499390674,227.58321187764363,31.36,265.15,"Romania, RO",0.9939259,51152294
2026-09-18T10:47:07.196127+00:00,vast.ai,marketplace,RTX 4070,0.20416666666666666,1,11.99,10.477114098716202,51.316477218201804,31.26,304.0,"Saskatchewan, CA",0.9809357,50209652
2026-09-18T10:47:07.196127+00:00,vast.ai,marketplace,RTX 3070,0.20613955555555555,1,8.0,14.489979036252198,70.29208439496747,15.67,331.25,"Oklahoma, US",0.9939119,43271039
2026-09-18T10:47:07.196127+00:00,vast.ai,marketplace,RTX 5070 Ti,0.2111851851851852,1,15.92,75.96049243782045,359.68665307280816,29.97,486.0,"Kansas, US",0.986541,42372178
2026-09-18T10:47:07.196127+00:00,vast.ai,marketplace,Tesla V100,0.21205555555555555,1,32.0,25.71306491342886,121.25626629335066,94.13,1313.775,"Minnesota, US",0.9939548,50611290
2026-09-18T10:47:07.196127+00:00,vast.ai,marketplace,RTX 4000Ada,0.21472222222222223,1,20.0,31.420344058538316,146.33019225192487,41.88,517.2666666666667,"Romania, RO",0.9569621,50976691
2026-09-18T10:47:07.196127+00:00,vast.ai,marketplace,RTX 3080 Ti,0.21472222222222223,1,12.0,34.522370412086474,160.7768867833264,15.59,344.0,"Taiwan, TW",0.9988939,39066401
2026-09-18T10:47:07.196127+00:00,vast.ai,marketplace,RTX 3080 Ti,0.21472222222222223,1,12.0,34.522370412086474,160.7768867833264,15.59,354.0,"Taiwan, TW",0.9980707,42962386
2026-09-18T10:47:07.196127+00:00,vast.ai,marketplace,RTX 3090,0.2151851851851852,1,24.0,44.8295693832809,208.33018474158075,62.73,1200.0,"Finland, FI",0.9937799,49856798
2026-09-18T10:47:07.196127+00:00,vast.ai,marketplace,RTX PRO 4000,0.22092592592592591,1,23.89,65.71634849707324,297.458744244925,62.63,388.0,"France, FR",0.9873308,49903635
2026-09-18T10:47:07.196127+00:00,vast.ai,marketplace,RTX 4060 Ti,0.2253888888888889,1,16.0,22.50490209483634,99.84920820977425,62.94,303.7518120679837,"Quebec, CA",0.9978935,49744628
2026-09-18T10:47:07.196127+00:00,vast.ai,marketplace,RTX 3090,0.22805555555555557,1,24.0,44.60161106848776,195.57344682893537,62.71,1591.0,"Washington, US",0.9985258,48613236
2026-09-18T10:47:07.196127+00:00,vast.ai,marketplace,RTX 4080S,0.22805555555555557,1,15.99,55.79370900368323,244.64963753137593,30.47,631.0,"New Jersey, US",0.998036,36029272
2026-09-18T10:47:07.196127+00:00,vast.ai,marketplace,RTX 3090,0.23016666666666663,1,24.0,44.83629119743222,194.79923764271786,251.88,452.5,"Pennsylvania, US",0.9874456,47997544
2026-09-18T10:47:07.196127+00:00,vast.ai,marketplace,RTX A5000,0.23170370370370372,1,23.99,35.3206741071162,152.43897073084037,100.72,30.8,"Iceland, IS",0.9993495,9817743
2026-09-18T10:47:07.196127+00:00,vast.ai,marketplace,Tesla V100,0.23222222222222225,1,32.0,25.71306491342886,110.72611685208598,94.27,734.75,"Bulgaria, BG",0.9913607,44696066
2026-09-18T10:47:07.196127+00:00,vast.ai,marketplace,RTX 3090,0.24092592592592593,1,24.0,44.32781389264723,183.98938894719063,78.53,1494.05,"Quebec, CA",0.9879601,49987155
2026-09-18T10:47:07.196127+00:00,vast.ai,marketplace,RTX 4070S Ti,0.2413888888888889,1,15.99,51.015524456552086,211.3416433182825,62.94,328.11716950509305,"Arizona, US",0.9826082,51147276
2026-09-18T10:47:07.196127+00:00,vast.ai,marketplace,RTX 3090 Ti,0.2413888888888889,1,23.99,46.18798775710818,191.3426420317485,46.98,480.0,"Florida, US",0.9960694,48604147
2026-09-18T10:47:07.196127+00:00,vast.ai,marketplace,RTX 3090 Ti,0.2413888888888889,1,23.99,45.45555340293855,188.30839154266832,31.35,330.0,"Florida, US",0.9854673,48610460
2026-09-18T10:47:07.196127+00:00,vast.ai,marketplace,RTX 5080,0.2413888888888889,1,15.92,83.73294492595217,346.8798639049802,62.7,3209.0,"Slovakia, SK",0.9945964,49624554
2026-09-18T10:47:07.196127+00:00,vast.ai,marketplace,A10,0.2416666666666667,1,22.49,29.117917007957274,120.48793244671974,62.83,541.9851498976195,"Illinois, US",0.9986083,47574080
2026-09-18T10:47:07.196127+00:00,vast.ai,marketplace,RTX 3070 Ti,0.24231481481481484,1,8.0,14.361709636915243,59.26880553255048,31.36,562.7,"South Carolina, US",0.908724,51269006
2026-09-18T10:47:07.196127+00:00,vast.ai,marketplace,RTX 3090,0.24370370370370373,1,24.0,44.89452102344414,184.21763945790147,28.26,506.07244276497005,"Estonia, EE",0.9849992,45557884
2026-09-18T10:47:07.196127+00:00,vast.ai,marketplace,Tesla V100,0.24555555555555558,1,32.0,25.71306491342886,104.71383901396366,62.87,1629.25,"Bulgaria, BG",0.9908363,35822233
2026-09-18T10:47:07.196127+00:00,vast.ai,marketplace,RTX 3060,0.24672222222222218,1,12.0,9.89830515190106,40.11922826710631,15.73,153.6643483981648,"Czechia, CZ",0.9984921,46528530
2026-09-18T10:47:07.196127+00:00,vast.ai,marketplace,Tesla V100,0.24938888888888888,1,32.0,25.71306491342886,103.10429236839373,94.14,980.75,"Minnesota, US",0.9995799,17928796
2026-09-18T10:47:07.196127+00:00,vast.ai,marketplace,RTX 4070S Ti,0.2520555555555556,1,15.99,50.99933204694162,202.33369557966697,31.44,691.7706072664855,"Minnesota, US",0.999585,47095359
2026-09-18T10:47:07.196127+00:00,vast.ai,marketplace,Q RTX 8000,0.25425925925925924,1,45.0,11.59033456697642,45.5847098774018,47.22,96.90307985987911,"Indiana, US",0.9978091,24936697
2026-09-18T10:47:07.196127+00:00,vast.ai,marketplace,RTX PRO 4000,0.25425925925925924,1,23.89,65.69237766585148,258.367690746976,62.88,22.0,"South Korea, KR",0.9965211,45704061
2026-09-18T10:47:07.196127+00:00,vast.ai,marketplace,RTX 3090 Ti,0.2543981481481481,1,23.99,46.19789408720616,181.5968175220479,62.83,2861.0,"California, US",0.9942866,47726702
2026-09-18T10:47:07.196127+00:00,vast.ai,marketplace,RTX 3090,0.2547222222222222,1,24.0,43.05683901325907,169.03448249480118,62.84,423.0,"United Kingdom, GB",0.9825633,46806713
2026-09-18T10:47:07.196127+00:00,vast.ai,marketplace,Tesla V100,0.2613888888888889,1,32.0,25.71306491342886,98.37091784096056,94.32,1322.2968567194678,"Minnesota, US",0.9994605,44175682
2026-09-18T10:47:07.196127+00:00,vast.ai,marketplace,GTX 1660 Ti,0.2675925925925926,1,6.0,2.52706002371678,9.443684517695926,15.61,367.0,"Florida, US",0.9946177,51353079
2026-09-18T10:47:07.196127+00:00,vast.ai,marketplace,RTX 3090,0.26805555555555555,1,24.0,44.83629119743222,167.26492052928083,62.86,667.0,"Japan, JP",0.9971821,48414828
2026-09-18T10:47:07.196127+00:00,vast.ai,marketplace,RTX 2060S,0.26805555555555555,1,8.0,3.8761786839432335,14.460355712119835,23.4,2335.0,"California, US",0.9862989,50950849
2026-09-18T10:47:07.196127+00:00,vast.ai,marketplace,RTX PRO 4000,0.26805555555555555,1,23.89,65.71634849707324,245.15943480773439,30.92,787.0,"Switzerland, CH",0.9678825,51114264
2026-09-18T10:47:07.196127+00:00,vast.ai,marketplace,RTX 3090 Ti,0.26814814814814814,1,23.99,42.06767384449798,156.88220908859745,31.3,705.0,"Spain, ES",0.9922584,47968271
2026-09-18T10:47:07.196127+00:00,vast.ai,marketplace,RTX 4080S,0.2687037037037037,1,15.99,55.65295326430979,207.11643530480552,50.31,580.6,"Denmark, DK",0.9987443,51326886
2026-09-18T10:47:07.196127+00:00,vast.ai,marketplace,RTX 4070S Ti,0.2708333333333333,1,15.99,14.57117303325653,53.8012542766395,31.36,119.5,"Saskatchewan, CA",0.9867297,46408966
2026-09-18T10:47:07.196127+00:00,vast.ai,marketplace,RTX PRO 4000,0.2832407407407408,1,23.89,65.71634849707324,232.01587570068352,41.92,646.5,"North Carolina, US",0.994615,49462091
2026-09-18T10:47:07.196127+00:00,vast.ai,marketplace,RTX 4090,0.2947222222222222,1,23.99,98.84880711127663,335.3965180024466,41.95,189.9333333333333,"Sweden, SE",0.8597062,30714845
2026-09-18T10:47:07.196127+00:00,vast.ai,marketplace,L4,0.3213888888888889,1,22.49,25.299532782286814,78.71937598637211,31.32,346.25,"South Korea, KR",0.9800119,50457498
2026-09-18T10:47:07.196127+00:00,vast.ai,marketplace,L4,0.33425925925925926,1,22.49,25.321792081050233,75.75494583804502,62.75,556.0,"Czechia, CZ",0.9987351,36579966
2026-09-18T10:47:07.196127+00:00,vast.ai,marketplace,RTX 4080,0.3347222222222222,1,15.99,53.10978934969707,158.66825033934396,31.33,398.5,"Nevada, US",0.9882443,51350829
2026-09-18T10:47:07.196127+00:00,vast.ai,marketplace,L4,0.3347222222222222,1,22.49,25.321792081050233,75.65016721309614,47.14,383.0,"Czechia, CZ",0.9975752,49498409
2026-09-18T10:47:07.196127+00:00,vast.ai,marketplace,L4,0.3347222222222222,1,22.49,25.32920853949707,75.67232426737715,62.75,386.0,"Czechia, CZ",0.9978616,45699407
2026-09-18T10:47:07.196127+00:00,vast.ai,marketplace,Tesla V100,0.3347222222222222,1,32.0,25.71306491342886,76.81911509406133,94.32,1280.875,"Minnesota, US",0.9995802,38405405
2026-09-18T10:47:07.196127+00:00,vast.ai,marketplace,RTX 5080,0.3347222222222222,1,15.92,83.74328302781548,250.18740157687614,31.28,722.0,"Taiwan, TW",0.9974089,43993925
2026-09-18T10:47:07.196127+00:00,vast.ai,marketplace,CMP 170HX,0.3347222222222222,1,64.0,84.41509075469855,252.19446200573844,31.28,124.0,"South Korea, KR",0.9982882,49615399
2026-09-18T10:47:07.196127+00:00,vast.ai,marketplace,RTX 5060 Ti,0.3347222222222222,1,15.93,38.42377026159708,114.79300659066348,41.92,476.66666666666663,"Texas, US",0.9941463,50294995
2026-09-18T10:47:07.196127+00:00,vast.ai,marketplace,RTX PRO 4000,0.3361111111111111,1,23.89,65.68039214880842,195.41273697166145,62.88,754.75,"Slovakia, SK",0.9965355,45623848
2026-09-18T10:47:07.196127+00:00,vast.ai,marketplace,RTX 4500Ada,0.34027777777777773,1,23.99,40.6032011921891,119.32369329949451,23.34,86.69999999999999,"France, FR",0.9869488,51136776
2026-09-18T10:47:07.196127+00:00,vast.ai,marketplace,RTX 3090,0.34990740740740744,1,24.0,44.833603213354465,128.12990598153695,41.97,135.41666666666666,"Spain, ES",0.9975578,37930669
2026-09-18T10:47:07.196127+00:00,vast.ai,marketplace,RTX 5080,0.360925925925926,1,15.92,83.84291796031897,232.2995161548088,30.2,1663.8,"Minnesota, US",0.9940509,51178628
2026-09-18T10:47:07.196127+00:00,vast.ai,marketplace,RTX 4080,0.3631074074074074,1,15.99,53.16193574502214,146.4082931400359,62.88,148.75,"Ontario, CA",0.9980465,49852981
2026-09-18T10:47:07.196127+00:00,vast.ai,marketplace,RTX 4080S,0.36403333333333326,1,31.99,70.96877229174463,194.95130196432004,62.85,499.66666666666663,"Ontario, CA",0.9970439,50555691
2026-09-18T10:47:07.196127+00:00,vast.ai,marketplace,RTX PRO 4500,0.3646296296296297,1,31.86,47.596833760750236,130.53473961810627,61.5,792.9,"Colorado, US",0.9443442,51328242
2026-09-18T10:47:07.196127+00:00,vast.ai,marketplace,RTX 4090,0.3660185185185186,1,23.99,98.4027387634971,268.84633914641245,31.46,134.975,", US",0.9982224,41130311
2026-09-18T10:47:07.196127+00:00,vast.ai,marketplace,A100 SXM4,0.37472222222222223,1,40.0,55.73621762560406,148.7400915138433,62.96,153.65,"California, US",0.9194165,51405120
2026-09-18T10:47:07.196127+00:00,vast.ai,marketplace,RTX 4090,0.3793518518518519,1,23.99,98.22981149222579,258.9411677119938,31.46,109.90312500000003,", US",0.9981089,40912235
2026-09-18T10:47:07.196127+00:00,vast.ai,marketplace,RTX 3090,0.3884259259259259,1,24.0,44.36601777471118,114.22002192297516,41.93,153.16666666666666,"Czechia, CZ",0.9935526,19025016
2026-09-18T10:47:07.196127+00:00,vast.ai,marketplace,RTX 4090,0.3912962962962963,1,23.99,97.17763716743731,248.34796057934759,62.89,750.65,"Michigan, US",0.9857776,27252597
2026-09-18T10:47:07.196127+00:00,vast.ai,marketplace,RTX 4090,0.40138888888888885,1,23.99,97.0618037539243,241.81487440424047,62.51,555.0,"Saskatchewan, CA",0.9717188,50800754
2026-09-18T10:47:07.196127+00:00,vast.ai,marketplace,RTX 5090,0.40138888888888885,1,31.84,173.13380022777758,431.3368033356397,62.88,653.4360656925373,"Beijing, CN",0.8657189,48138210
2026-09-18T10:47:07.196127+00:00,vast.ai,marketplace,RTX 3090,0.4018518518518518,1,24.0,44.84703325786723,111.6009122546005,31.13,1361.5,"The Netherlands, NL",0.9966409,50356202
2026-09-18T10:47:07.196127+00:00,vast.ai,marketplace,A100 PCIE,0.40277777777777773,1,40.0,95.2042435278662,236.36915634504714,94.29,358.25,"California, US",0.989921,51163394
2026-09-18T10:47:07.196127+00:00,vast.ai,marketplace,RTX 5090,0.4060185185185185,1,31.84,191.5089904369215,471.6755066633414,62.96,301.3375,"United States, US",0.9857257,51214052
2026-09-18T10:47:07.196127+00:00,vast.ai,marketplace,RTX 5090,0.4060185185185185,1,31.84,182.12825575893828,448.5713026673965,62.96,321.625,"California, US",0.9910127,42230251
2026-09-18T10:47:07.196127+00:00,vast.ai,marketplace,RTX 5090,0.4060185185185185,1,31.84,166.7355500337707,410.65996359514793,62.96,320.85511569339707,"United States, US",0.9829385,49140895
2026-09-18T10:47:07.196127+00:00,vast.ai,marketplace,RTX 4090,0.4303703703703704,1,23.99,97.55421712778065,226.67503119191716,41.93,847.0,"Estonia, EE",0.9894263,45415224
2026-09-18T10:47:07.196127+00:00,vast.ai,marketplace,RTX 5090,0.43268518518518523,1,31.84,199.6096151153119,461.32759324745734,62.88,649.25,"Beijing, CN",0.9407496,50338905
2026-09-18T10:47:07.196127+00:00,vast.ai,marketplace,RTX 5090,0.43268518518518523,1,31.84,199.22505288158797,460.4388125660496,31.41,556.0,"Beijing, CN",0.9891641,50338935
2026-09-18T10:47:07.196127+00:00,vast.ai,marketplace,RTX 5090,0.43268518518518523,1,31.84,198.7564373103381,459.35577208466754,31.36,642.975,"Sichuan, CN",0.9821543,50556740
2026-09-18T10:47:07.196127+00:00,vast.ai,marketplace,RTX 4090,0.4413888888888889,1,23.99,51.03387551476109,115.62111507434861,31.32,362.5,"South Korea, KR",0.9973045,34221023
2026-09-18T10:47:07.196127+00:00,vast.ai,marketplace,RTX 5090,0.44601851851851854,1,31.84,192.94037792433605,432.5837827657939,31.46,306.9830165504519,"United States, US",0.9963112,44190834
2026-09-18T10:47:07.196127+00:00,vast.ai,marketplace,RTX 5090,0.44601851851851854,1,31.84,94.18966119216967,211.17881272066273,31.46,288.6813930038254,"United States, US",0.9957543,43165158
2026-09-18T10:47:07.196127+00:00,vast.ai,marketplace,RTX 4090,0.4542592592592593,1,23.99,98.33359498377999,216.47020501932812,62.94,257.3073133489927,"Quebec, CA",0.9644285,26435146
2026-09-18T10:47:07.196127+00:00,vast.ai,marketplace,RTX 4090,0.4542592592592593,1,23.99,98.52710667467274,216.8961989576978,59.0,618.125,"Quebec, CA",0.9954562,29761279
2026-09-18T10:47:07.196127+00:00,vast.ai,marketplace,RTX 4090,0.4542592592592593,1,23.99,98.78612053041644,217.4663884485319,62.96,1105.2391893864815,"Quebec, CA",0.9845176,29790070
2026-09-18T10:47:07.196127+00:00,vast.ai,marketplace,CMP 170HX,0.45611111111111113,1,40.0,61.4764098273585,134.78384615011606,41.93,521.0,"Florida, US",0.9847423,51376905
2026-09-18T10:47:07.196127+00:00,vast.ai,marketplace,RTX 4090,0.4564814814814815,1,23.99,97.0618037539243,212.63032059683212,41.92,220.16666666666666,"Estonia, EE",0.9964534,47176357
2026-09-18T10:47:07.196127+00:00,vast.ai,marketplace,RTX 4090,0.46138888888888885,1,23.99,97.0548199803455,210.35361344325335,62.55,1301.0,"Switzerland, CH",0.9085635,47815246
2026-09-18T10:47:07.196127+00:00,vast.ai,marketplace,RTX 5090,0.46672222222222226,1,31.84,177.90549927022326,381.1806912110485,83.92,739.8666666666666,"Romania, RO",0.9806301,51418933
2026-09-18T10:47:07.196127+00:00,vast.ai,marketplace,RTX 4070,0.4680555555555555,1,11.99,33.61441782157047,71.81715380276184,62.85,782.5,"California, US",0.9984565,51377937
2026-09-18T10:47:07.196127+00:00,vast.ai,marketplace,RTX 4090,0.4680555555555555,1,23.99,97.60412622931952,208.5310708756975,62.96,640.375,"Oregon, US",0.9911337,50629589
2026-09-18T10:47:07.196127+00:00,vast.ai,marketplace,RTX 4090,0.4680555555555555,1,23.99,97.22664564941427,207.72458417679016,26.17,199.83333333333331,"Australia, AU",0.9978299,51243382
2026-09-18T10:47:07.196127+00:00,vast.ai,marketplace,RTX 4090,0.4680555555555555,1,23.99,92.76357092571783,198.18923165138528,94.41,264.88750000000005,"Taiwan, TW",0.9974039,50987204
2026-09-18T10:47:07.196127+00:00,vast.ai,marketplace,RTX 4090,0.4680555555555555,1,23.99,88.4192919076141,188.9076859747245,47.06,595.8500000000001,"Australia, AU",0.9577206,51408886
2026-09-18T10:47:07.196127+00:00,vast.ai,marketplace,RTX 4090,0.4680555555555555,1,23.99,97.38532851568458,208.06360988514214,62.72,1387.0,"Spain, ES",0.9665837,51225613
2026-09-18T10:47:07.196127+00:00,vast.ai,marketplace,RTX 4090,0.4703703703703703,1,47.99,125.62471414590725,267.0761639322438,62.94,277.6125,"California, US",0.9930602,48882876
2026-09-18T10:47:07.196127+00:00,vast.ai,marketplace,RTX PRO 4500,0.47129629629629627,1,31.86,96.46150883541202,204.67274959183692,60.38,1550.0,"California, US",0.9892429,49487024
2026-09-18T10:47:07.196127+00:00,vast.ai,marketplace,RTX 5090,0.47268518518518515,1,31.84,199.14606910785832,421.30804042406857,62.88,562.025,"United States, US",0.9972899,47347947
2026-09-18T10:47:07.196127+00:00,vast.ai,marketplace,RTX 5090,0.47268518518518515,1,31.84,199.1394115077211,421.29395578518864,62.88,334.75,"United States, US",0.9980821,46579461
2026-09-18T10:47:07.196127+00:00,vast.ai,marketplace,RTX 5090,0.47268518518518515,1,31.84,199.3309707607875,421.69921336268465,62.88,649.25,"California, US",0.9768451,49837280
2026-09-18T10:47:07.196127+00:00,vast.ai,marketplace,RTX 4090,0.4813888888888889,1,23.99,98.43729711602067,204.48601824447456,62.96,590.75,"Hong Kong, HK",0.9991149,39184683
2026-09-18T10:47:07.196127+00:00,vast.ai,marketplace,RTX 4090,0.48231481481481486,1,23.99,96.87310994435018,200.8503719329971,62.89,765.25,"Texas, US",0.9838192,44637528
2026-09-18T10:47:07.196127+00:00,vast.ai,marketplace,RTX 4090,0.48240740740740745,1,23.99,97.01989548270018,201.11609812152818,62.72,618.0,"Germany, DE",0.9951505,49749424
2026-09-18T10:47:07.196127+00:00,vast.ai,marketplace,RTX 5090,0.48601851851851857,1,31.84,198.93653225683735,409.3188318487032,62.88,713.25,"United States, US",0.9921572,49957164
2026-09-18T10:47:07.196127+00:00,vast.ai,marketplace,RTX 3090,0.4889814814814814,1,24.0,44.84703325786723,91.71519772485631,27.47,712.9000000000001,"Quebec, CA",0.9912336,49316125
2026-09-18T10:47:07.196127+00:00,vast.ai,marketplace,RTX 4090,0.4918518518518518,1,23.99,97.22664564941427,197.6746560643212,83.92,120.33333333333333,"Oklahoma, US",0.9971278,38597838
2026-09-18T10:47:07.196127+00:00,vast.ai,marketplace,RTX 4090,0.49311111111111106,1,23.99,97.5612494014192,197.84841023271133,30.96,1483.5,"Texas, US",0.9867481,51177971
2026-09-18T10:47:07.196127+00:00,vast.ai,marketplace,A100 SXM4,0.49611111111111106,1,40.0,92.38806903905484,186.22455125453385,78.71,297.0,"Utah, US",0.9732507,50937088
2026-09-18T10:47:07.196127+00:00,vast.ai,marketplace,RTX A6000,0.49981481481481477,1,47.99,54.474568636689504,108.98950375625171,94.28,429.0,"Arizona, US",0.9856757,50463875
2026-09-18T10:47:07.196127+00:00,vast.ai,marketplace,RTX 5090,0.506712962962963,1,31.84,199.46320655318536,393.64141265863896,94.28,645.0,"Türkiye, TR",0.9976078,50818607
2026-09-18T10:47:07.196127+00:00,vast.ai,marketplace,RTX 5090,0.5075925925925925,1,31.84,162.7600630106772,320.65098148765304,62.96,179.8920175232869,"United States, US",0.9853954,49971943
2026-09-18T10:47:07.196127+00:00,vast.ai,marketplace,RTX 5090,0.5075925925925925,1,31.84,185.51357547976602,365.47731032131946,62.96,268.375,"United States, US",0.9860229,51012189
2026-09-18T10:47:07.196127+00:00,vast.ai,marketplace,RTX 5090,0.5075925925925925,1,31.84,186.0044946172033,366.4444622155776,59.02,275.94565038991414,"United States, US",0.9919766,49927796
2026-09-18T10:47:07.196127+00:00,vast.ai,marketplace,RTX 4090,0.5080555555555555,1,23.99,97.02688113311575,190.97691201706766,62.94,747.6812571556567,"Taiwan, TW",0.9896636,37194520
2026-09-18T10:47:07.196127+00:00,vast.ai,marketplace,RTX 4090,0.5080555555555555,1,23.99,98.771477700326,194.41078169555695,83.92,666.4777777777778,"Taiwan, TW",0.9924187,40583617
2026-09-18T10:47:07.196127+00:00,vast.ai,marketplace,RTX 5880Ada,0.5098592592592592,1,47.99,106.66830386531251,209.21127140121732,62.72,586.0,"Hungary, HU",0.9744937,51269369
2026-09-18T10:47:07.196127+00:00,vast.ai,marketplace,RTX 3090,0.5142592592592592,1,24.0,44.36601777471118,86.27169462853453,41.92,146.83333333333331,"Czechia, CZ",0.9183378,18811404
2026-09-18T10:47:07.196127+00:00,vast.ai,marketplace,RTX 3090,0.5142592592592592,1,24.0,42.23158615768184,82.12119742581274,20.94,123.7062260067907,"Czechia, CZ",0.9933857,31013677
2026-09-18T10:47:07.196127+00:00,vast.ai,marketplace,RTX 3090,0.5151851851851852,1,24.0,44.36470379958797,86.114090768431,83.87,104.0,"Quebec, CA",0.9982579,51143667
2026-09-18T10:47:07.196127+00:00,vast.ai,marketplace,RTX 3090,0.5187222222222222,1,24.0,44.60426813632625,85.98873583098131,125.65,1630.8,"Quebec, CA",0.9973164,51084712
2026-09-18T10:47:07.196127+00:00,vast.ai,marketplace,RTX 4090,0.5213888888888889,1,23.99,84.6266223208046,162.30998420612497,83.97,134.25,"Texas, US",0.9863622,44533580
2026-09-18T10:47:07.196127+00:00,vast.ai,marketplace,RTX 4090,0.5237037037037037,1,23.99,97.39779810413303,185.97882240534597,83.84,751.6666666666666,"United Kingdom, GB",0.9705657,50569796
2026-09-18T10:47:07.196127+00:00,vast.ai,marketplace,GTX 1650,0.5342592592592592,1,4.0,1.2701432886941368,2.3773912509352995,29.96,509.0,"India, IN",0.9427144,48558068
2026-09-18T10:47:07.196127+00:00,vast.ai,marketplace,GTX 1650,0.5342592592592592,1,4.0,1.314866643929846,2.4611022104752753,29.81,525.0,"India, IN",0.9552931,48558053
2026-09-18T10:47:07.196127+00:00,vast.ai,marketplace,RTX 4070S Ti,0.5347222222222222,1,15.99,51.30009333364665,95.93783688370283,62.85,762.0,"California, US",0.9985041,51378006
2026-09-18T10:47:07.196127+00:00,vast.ai,marketplace,RTX 4090,0.5347222222222222,1,23.99,97.49826069141264,182.33440960471975,125.88,525.5,"Washington, US",0.9990933,51362250
2026-09-18T10:47:07.196127+00:00,vast.ai,marketplace,RTX 5090,0.5347222222222222,1,31.84,186.77148181798557,349.2869270362328,141.68,272.4375,"Malaysia, MY",0.9820017,49863314
2026-09-18T10:47:07.196127+00:00,vast.ai,marketplace,RTX 4090,0.5351851851851852,1,23.99,98.06358806848537,183.2330019272737,26.93,370.57142857142856,"Norway, NO",0.9881791,51303261
2026-09-18T10:47:07.196127+00:00,vast.ai,marketplace,RTX 4090,0.5351851851851852,1,23.99,97.15255870031511,181.53073251961993,31.4,329.75,"Norway, NO",0.9990707,50759811
2026-09-18T10:47:07.196127+00:00,vast.ai,marketplace,RTX 4090,0.5351851851851852,1,23.99,96.0663158422786,179.5010745841884,31.44,162.65000000000003,"Norway, NO",0.997738,51303982
2026-09-18T10:47:07.196127+00:00,vast.ai,marketplace,RTX 4090,0.5351851851851852,1,23.99,96.67713701450567,180.64240134198292,62.93,174.74687426450956,"Norway, NO",0.9970059,51303222
2026-09-18T10:47:07.196127+00:00,vast.ai,marketplace,RTX 4090,0.5351851851851852,1,23.99,96.60006637368814,180.49839391623388,31.44,140.05,"Norway, NO",0.9966083,50759755
2026-09-18T10:47:07.196127+00:00,vast.ai,marketplace,RTX 4090,0.5356481481481481,1,23.99,97.5612494014192,182.1368182429261,31.25,1543.0,"North Macedonia, MK",0.8720169,49570424
2026-09-18T10:47:07.196127+00:00,vast.ai,marketplace,RTX 5090,0.5356481481481481,1,31.84,199.0800316335533,371.66194323982296,30.47,652.0,"South Korea, KR",0.9913921,49025089
2026-09-18T10:47:07.196127+00:00,vast.ai,marketplace,RTX 5090,0.5356481481481481,1,31.84,198.94795483579426,371.4153694427966,30.47,473.20000000000005,"South Korea, KR",0.9966979,48842513
2026-09-18T10:47:07.196127+00:00,vast.ai,marketplace,RTX 5090,0.5356481481481481,1,31.84,194.14311529068192,362.4452282004088,30.47,479.0,"South Korea, KR",0.9985535,50466043
2026-09-18T10:47:07.196127+00:00,vast.ai,marketplace,RTX 5090,0.5356481481481481,1,31.84,194.10883341601433,362.3812274663708,30.47,477.0,"South Korea, KR",0.9810417,50472411
2026-09-18T10:47:07.196127+00:00,vast.ai,marketplace,A100 SXM4,0.5361111111111111,1,40.0,95.43530202363641,178.01403486274148,109.9,1476.0,"United States, US",0.9395722,51129068
2026-09-18T10:47:07.196127+00:00,vast.ai,marketplace,RTX 5090,0.537037037037037,1,31.84,187.0229879165864,348.24970163778164,62.96,308.464440994096,"Delaware, US",0.9932839,43913571
2026-09-18T10:47:07.196127+00:00,vast.ai,marketplace,RTX 5090,0.537037037037037,1,31.84,186.32926736523086,346.95794612836096,62.96,260.7375,"California, US",0.9846206,51096900
2026-09-18T10:47:07.196127+00:00,vast.ai,marketplace,RTX 5090,0.537037037037037,1,31.84,193.290612020909,359.92044996996856,71.96,675.8322096724861,"Estonia, EE",0.9927445,40819924
2026-09-18T10:47:07.196127+00:00,vast.ai,marketplace,RTX 5090,0.537037037037037,1,31.84,198.4470755154099,369.5221406149012,62.91,544.9399999999999,"Estonia, EE",0.9819196,47196650
2026-09-18T10:47:07.196127+00:00,vast.ai,marketplace,RTX 5090,0.5393518518518519,1,31.84,194.1018423836542,359.87981077141035,62.96,296.625,", US",0.994771,50992854
2026-09-18T10:47:07.196127+00:00,vast.ai,marketplace,RTX 5090,0.5637037037037037,1,31.84,199.12620584472205,353.24622587434266,62.91,1050.8,"Estonia, EE",0.9957713,45317003
2026-09-18T10:47:07.196127+00:00,vast.ai,marketplace,RTX 4090,0.5646296296296297,1,23.99,97.75924018236378,173.13870022458653,125.72,2711.9,"Germany, DE",0.9819833,36118046
2026-09-18T10:47:07.196127+00:00,vast.ai,marketplace,RTX 3090,0.5649259259259258,1,24.0,44.36601777471118,78.5342214592016,50.3,81.80000000000001,"Czechia, CZ",0.9512469,33877201
2026-09-18T10:47:07.196127+00:00,vast.ai,marketplace,RTX 4090,0.5667777777777777,1,23.99,96.91506561246896,170.99305832429343,503.86,4638.5,"Italy, IT",0.9981613,47462757
2026-09-18T10:47:07.196127+00:00,vast.ai,marketplace,RTX 4090,0.5669259259259259,1,23.99,95.8196561050091,169.01618310807117,31.34,228.0,"Taiwan, TW",0.9968462,51318432
2026-09-18T10:47:07.196127+00:00,vast.ai,marketplace,RTX 5090,0.5747314814814815,1,31.84,192.56268345048102,335.04808707209406,31.36,817.0,"Taiwan, TW",0.9828061,51415742
2026-09-18T10:47:07.196127+00:00,vast.ai,marketplace,RTX 4090,0.5880555555555556,1,23.99,97.21964556817686,165.3239131060164,62.68,740.0,"Argentina, AR",0.9847788,50078664
2026-09-18T10:47:07.196127+00:00,vast.ai,marketplace,RTX 4090,0.6009259259259259,1,23.99,97.04783583155114,161.49716902631008,23.48,324.5,"Norway, NO",0.984281,48982786
2026-09-18T10:47:07.196127+00:00,vast.ai,marketplace,RTX 5090,0.6009259259259259,1,31.84,199.46304041865466,331.92616895554244,62.63,1333.0,"South Korea, KR",0.997142,46055492
2026-09-18T10:47:07.196127+00:00,vast.ai,marketplace,RTX 5090,0.6009259259259259,1,31.84,199.26493500990347,331.596502019562,62.63,1488.0,"South Korea, KR",0.9959466,48015954
2026-09-18T10:47:07.196127+00:00,vast.ai,marketplace,RTX 5090,0.6009259259259259,1,31.84,199.21210596630343,331.50858928136785,62.63,951.0,"South Korea, KR",0.8372982,48827544
2026-09-18T10:47:07.196127+00:00,vast.ai,marketplace,A100 PCIE,0.6013888888888889,1,40.0,94.41435546185863,156.99384741925687,251.84,1374.4541259462408,"Japan, JP",0.9992005,24622079
2026-09-18T10:47:07.196127+00:00,vast.ai,marketplace,RTX 5090,0.6013888888888889,1,31.84,197.29037860777495,328.0579043824434,62.93,605.625,"Michigan, US",0.985501,50849750
2026-09-18T10:47:07.196127+00:00,vast.ai,marketplace,RTX A6000,0.6023148148148147,1,47.99,54.467505188480594,90.43029301085173,47.23,219.375,"Romania, RO",0.9618294,51222089
2026-09-18T10:47:07.196127+00:00,vast.ai,marketplace,RTX A6000,0.6023148148148147,1,47.99,54.380014312040025,90.28503529131935,47.23,121.5,"Romania, RO",0.9935699,51100871
2026-09-18T10:47:07.196127+00:00,vast.ai,marketplace,RTX A6000,0.6023148148148147,1,47.99,54.4273930168197,90.36369632308268,47.19,366.70000000000005,"Romania, RO",0.9933032,51092053
2026-09-18T10:47:07.196127+00:00,vast.ai,marketplace,RTX 4090,0.6037037037037036,1,23.99,97.0618037539243,160.7772209420832,108.06,716.0,"California, US",0.998423,50741466
2026-09-18T10:47:07.196127+00:00,vast.ai,marketplace,RTX 4090,0.6037037037037036,1,23.99,97.0548199803455,160.76565272817967,108.06,921.0,"California, US",0.9650096,50821061
2026-09-18T10:47:07.196127+00:00,vast.ai,marketplace,RTX 5090,0.6046296296296296,1,31.84,199.7403787098457,330.35162175594695,61.89,653.0,"Quebec, CA",0.9936057,50115856
2026-09-18T10:47:07.196127+00:00,vast.ai,marketplace,GTX 1660 Ti,0.6069444444444444,1,6.0,2.4740447784639805,4.076229383281616,7.7,679.4000000000026,"Vietnam, VN",0.9898049,33521707
2026-09-18T10:47:07.196127+00:00,vast.ai,marketplace,RTX 5090,0.6069444444444444,1,31.84,165.42466934028965,272.55323094967633,62.72,587.0,"Poland, PL",0.9740869,51043021
2026-09-18T10:47:07.196127+00:00,vast.ai,marketplace,RTX 4090,0.6156481481481482,1,23.99,97.02688113311575,157.6011905907129,23.48,681.2,"Denmark, DK",0.9832489,50300639
2026-09-18T10:47:07.196127+00:00,vast.ai,marketplace,RTX 6000Ada,0.617037037037037,1,47.99,113.2561714682035,183.5484171453478,117.9,921.6,"California, US",0.9557666,51325344
2026-09-18T10:47:07.196127+00:00,vast.ai,marketplace,RTX 6000Ada,0.617037037037037,1,47.99,113.06573764521193,183.23979090160395,117.9,562.0,"California, US",0.9958503,49592716
2026-09-18T10:47:07.196127+00:00,vast.ai,marketplace,RTX 3090,0.6209259259259259,1,24.0,44.3633895822079,71.44715292094324,31.43,259.5,"Czechia, CZ",0.9893096,20375214
2026-09-18T10:47:07.196127+00:00,vast.ai,marketplace,RTX 3090,0.6209259259259259,1,24.0,44.362075122503484,71.44503598613744,31.45,279.48767877350303,"Czechia, CZ",0.9947554,48782872
2026-09-18T10:47:07.196127+00:00,vast.ai,marketplace,RTX 3070,0.6280555555555555,1,8.0,16.276000767242017,25.914906130947045,251.69,12719.3,"Taiwan, TW",0.9982359,50158395
2026-09-18T10:47:07.196127+00:00,vast.ai,marketplace,RTX PRO 5000,0.6280555555555555,1,47.79,165.70516835795735,263.8383927857791,62.88,1365.75,"India, IN",0.9425703,51330632
2026-09-18T10:47:07.196127+00:00,vast.ai,marketplace,RTX PRO 5000,0.6365185185185185,1,47.79,165.44677493742034,259.92452713315197,247.94,483.0591605840592,"India, IN",0.9961538,51120810
2026-09-18T10:47:07.196127+00:00,vast.ai,marketplace,RTX 5090,0.6408333333333334,1,31.84,4.843272835044817,7.557772954556281,167.84,421.3333333333333,"Bulgaria, BG",0.9935778,47969505
2026-09-18T10:47:07.196127+00:00,vast.ai,marketplace,RTX 5090,0.6412037037037037,1,31.84,199.1856912968035,310.6433885928488,30.49,720.0,"Ontario, CA",0.9913249,49467147
2026-09-18T10:47:07.196127+00:00,vast.ai,marketplace,RTX 5090,0.6467777777777778,1,31.84,198.6904051859734,307.20042031846083,250.48,1281.25,"Italy, IT",0.972066,51191429
2026-09-18T10:47:07.196127+00:00,vast.ai,marketplace,RTX 5090,0.6542592592592592,1,31.84,199.44313499375042,304.8380778279797,61.7,1520.8330547974338,"Minnesota, US",0.9855151,51179006
2026-09-18T10:47:07.196127+00:00,vast.ai,marketplace,RTX PRO 5000,0.6556481481481481,1,47.79,165.6948384051189,252.71914345082394,125.6,1253.5,"Slovakia, SK",0.9992452,31641011
2026-09-18T10:47:07.196127+00:00,vast.ai,marketplace,RTX 5090,0.6587777777777778,1,31.84,198.42627052633293,301.20364896896547,500.96,2019.25,"Italy, IT",0.9747698,50796936
2026-09-18T10:47:07.196127+00:00,vast.ai,marketplace,RTX 5090,0.6587777777777778,1,31.84,198.86208742938717,301.8652027094762,250.48,578.25,"Italy, IT",0.9973866,47343842
2026-09-18T10:47:07.196127+00:00,vast.ai,marketplace,RTX 5090,0.6664444444444444,1,31.84,81.75958749859787,122.68027467278773,251.52,6221.0,"Texas, US",0.9501521,50449939
2026-09-18T10:47:07.196127+00:00,vast.ai,marketplace,RTX 4090,0.6678240740740741,1,23.99,97.19864306397382,145.54528181503184,62.86,656.5,"New Jersey, US",0.9876031,47635082
2026-09-18T10:47:07.196127+00:00,vast.ai,marketplace,RTX 4090,0.6678240740740741,1,23.99,97.0548199803455,145.3299210797548,62.71,2647.0,"New Jersey, US",0.9950807,50590094
2026-09-18T10:47:07.196127+00:00,vast.ai,marketplace,RTX 4090,0.6680555555555555,1,23.99,97.54061724389324,146.00674514678406,31.3,6345.0,"Taiwan, TW",0.9994121,34387546
2026-09-18T10:47:07.196127+00:00,vast.ai,marketplace,RTX 5090,0.6680555555555555,1,31.84,198.18854088733815,296.6647597481985,141.69,554.0,"Ireland, IE",0.9695808,29797717
2026-09-18T10:47:07.196127+00:00,vast.ai,marketplace,RTX 5090,0.6685185185185185,1,31.84,190.47107598085546,284.91518290765083,125.6,1639.0,"Norway, NO",0.9984701,50873718
2026-09-18T10:47:07.196127+00:00,vast.ai,marketplace,RTX 5880Ada,0.6689814814814814,1,47.99,106.72157559598523,159.52844518154194,125.96,698.1976861599566,"United Kingdom, GB",0.9978054,44120922
2026-09-18T10:47:07.196127+00:00,vast.ai,marketplace,RTX 5090,0.6694444444444444,1,31.84,100.25474644985479,149.75812747696153,61.7,579.0,"Germany, DE",0.9980904,49681403
2026-09-18T10:47:07.196127+00:00,vast.ai,marketplace,A100 SXM4,0.6699074074074074,1,40.0,95.34976337755461,142.33274975502277,62.96,176.375,"Mississippi, US",0.9771873,51341860
2026-09-18T10:47:07.196127+00:00,vast.ai,marketplace,RTX 5090,0.6708333333333333,1,31.84,190.00496641194604,283.2372170115966,163.73,1113.58,"Estonia, EE",0.9766054,50584158
2026-09-18T10:47:07.196127+00:00,vast.ai,marketplace,GTX 1660,0.673611111111111,1,6.0,2.316471688407048,3.4388858054702576,7.71,669.4000000000026,"Vietnam, VN",0.9902582,33521216
2026-09-18T10:47:07.196127+00:00,vast.ai,marketplace,RTX 5090,0.6840555555555555,1,31.84,174.45903217465414,255.03635012943838,62.86,661.0,"Texas, US",0.9674726,51088701
2026-09-18T10:47:07.196127+00:00,vast.ai,marketplace,RTX 6000Ada,0.6947222222222222,1,47.99,104.19444612196091,149.98001041145912,62.96,618.0,"Germany, DE",0.9976272,43933073
2026-09-18T10:47:07.196127+00:00,vast.ai,marketplace,RTX 5090,0.6947222222222222,1,31.84,199.21210596630343,286.7507322985575,60.46,1433.0,"Sweden, SE",0.9980857,50771590
2026-09-18T10:47:07.196127+00:00,vast.ai,marketplace,RTX 5090,0.7075925925925926,1,31.84,163.65806754414672,231.28855397497836,43.21,769.75,"Czechia, CZ",0.972187,48006837
2026-09-18T10:47:07.196127+00:00,vast.ai,marketplace,RTX 4090,0.721388888888889,1,47.99,125.62471414590725,174.14284594734926,125.72,2188.0,"California, US",0.9940623,48073424
2026-09-18T10:47:07.196127+00:00,vast.ai,marketplace,RTX PRO 5000,0.7338888888888889,1,47.79,165.58117713205385,225.62158882490306,125.77,1296.0,"Czechia, CZ",0.9094787,50186570
2026-09-18T10:47:07.196127+00:00,vast.ai,marketplace,L40S,0.7342592592592593,1,44.99,93.47912585953065,127.31078931688916,377.71,341.9079903600079,"Czechia, CZ",0.974183,50582901
2026-09-18T10:47:07.196127+00:00,vast.ai,marketplace,RTX 4090,0.7344444444444445,1,23.99,97.745146537426,133.08718893144234,125.88,1133.0,"Washington, US",0.9988317,50982581
2026-09-18T10:47:07.196127+00:00,vast.ai,marketplace,RTX PRO 5000,0.7347342222222222,1,47.79,165.67417705498906,225.48858082845703,62.69,495.0,"Bulgaria, BG",0.9915881,51288089
2026-09-18T10:47:07.196127+00:00,vast.ai,marketplace,RTX 5090,0.7350925925925926,1,31.84,197.9947074569157,269.3466230677276,62.86,318.95,"Quebec, CA",0.9964528,47043999
2026-09-18T10:47:07.196127+00:00,vast.ai,marketplace,RTX 5090,0.7356481481481482,1,31.84,198.91491189859983,270.3940904348494,30.99,3009.0,"Denmark, DK",0.9823963,50421592
2026-09-18T10:47:07.196127+00:00,vast.ai,marketplace,RTX PRO 5000,0.7356481481481482,1,47.79,165.56050517975865,225.0539277459274,94.36,1188.5,"France, FR",0.9943429,38260158
2026-09-18T10:47:07.196127+00:00,vast.ai,marketplace,RTX 5090,0.7613888888888888,1,31.84,198.90833131532042,261.2440688563129,62.21,1417.0,"Slovakia, SK",0.992459,51388935
2026-09-18T10:47:07.196127+00:00,vast.ai,marketplace,RTX 5090,0.7669444444444443,1,31.84,197.058985090728,256.9403644790369,62.84,1305.25,"Michigan, US",0.9938413,48426441
2026-09-18T10:47:07.196127+00:00,vast.ai,marketplace,RTX 2060,0.7675925925925925,1,12.0,4.02611401137736,5.2451183742913745,1486.89,3191.7,"Quebec, CA",0.9759246,50937138
2026-09-18T10:47:07.196127+00:00,vast.ai,marketplace,A100 SXM4,0.771289792962963,1,40.0,93.88591573172702,121.72586307807575,87.53,441.5,"Germany, DE",0.9897298,51406014
2026-09-18T10:47:07.196127+00:00,vast.ai,marketplace,RTX 5090,0.7761111111111111,1,31.84,198.71021037797667,256.0331987690465,73.44,300.8333333333333,"South Africa, ZA",0.9843963,51104736
2026-09-18T10:47:07.196127+00:00,vast.ai,marketplace,RTX 5090,0.777037037037037,1,31.84,199.1658227601433,256.3144525511854,108.05,1826.3,"California, US",0.9635067,50821024
2026-09-18T10:47:07.196127+00:00,vast.ai,marketplace,RTX 5090,0.7858518518518518,1,31.84,199.55531692078927,253.93503425682488,45.98,1250.5,"Kansas, US",0.9792947,50425363
2026-09-18T10:47:07.196127+00:00,vast.ai,marketplace,RTX 4090,0.7861574074074074,1,47.99,125.6687141630312,159.85184770752454,125.88,529.25,"British Columbia, CA",0.9973413,46211613
2026-09-18T10:47:07.196127+00:00,vast.ai,marketplace,RTX 6000Ada,0.7880555555555555,1,47.99,113.08479199298664,143.49850235275005,167.85,2804.2455337622364,"North Carolina, US",0.9953951,36884541
2026-09-18T10:47:07.196127+00:00,vast.ai,marketplace,RTX 5090,0.7885185185185185,1,31.84,198.86870757262827,252.2055004443853,251.91,1373.75,"United Kingdom, GB",0.9973546,48425037
2026-09-18T10:47:07.196127+00:00,vast.ai,marketplace,RTX PRO 5000,0.7894444444444444,1,47.79,165.55016848008717,209.70464691355167,188.42,1675.8,"Alberta, CA",0.9694229,50537119
2026-09-18T10:47:07.196127+00:00,vast.ai,marketplace,RTX 4090,0.8007407407407406,1,23.99,97.0618037539243,121.21501856410529,125.87,2875.5,"Ohio, US",0.9946079,39952498
2026-09-18T10:47:07.196127+00:00,vast.ai,marketplace,L40S,0.8009259259259258,1,44.99,93.58654729160942,116.8479434392349,251.94,221.875,"Taiwan, TW",0.9979297,38574939
2026-09-18T10:47:07.196127+00:00,vast.ai,marketplace,RTX 4090,0.8009259259259258,1,23.99,61.31651764788144,76.55703937538955,110.03,1617.0,"Virginia, US",0.9887817,13917960
2026-09-18T10:47:07.196127+00:00,vast.ai,marketplace,RTX 4090,0.8013888888888888,1,23.99,97.0618037539243,121.11698215394367,62.57,3205.0,"Ohio, US",0.984054,50822405
2026-09-18T10:47:07.196127+00:00,vast.ai,marketplace,RTX 5090,0.8013888888888888,1,31.84,199.03376551672807,248.36102456160177,62.96,442.625,"Alberta, CA",0.99847,45508891
2026-09-18T10:47:07.196127+00:00,vast.ai,marketplace,RTX PRO 5000,0.8013888888888888,1,47.79,165.39506005251164,206.38551687661766,83.93,826.1437023041418,"Belgium, BE",0.9970085,49974688
2026-09-18T10:47:07.196127+00:00,vast.ai,marketplace,RTX PRO 5000,0.8013888888888888,1,47.79,165.62251525041864,206.66934312010648,93.91,1270.0,"Washington, US",0.9987933,47651207
2026-09-18T10:47:07.196127+00:00,vast.ai,marketplace,RTX 4090,0.8018518518518518,1,23.99,97.72400321444916,121.87289084480958,125.88,690.4000000000001,"Hungary, HU",0.9929738,50167761
2026-09-18T10:47:07.196127+00:00,vast.ai,marketplace,RTX 5090,0.8018518518518518,1,31.84,199.4695451197563,248.76109553041204,251.74,919.5,"Utah, US",0.9870371,47400897
2026-09-18T10:47:07.196127+00:00,vast.ai,marketplace,RTX PRO 5000,0.8018518518518518,1,47.79,165.6948384051189,206.64021417728455,94.26,687.95,"Ohio, US",0.9909073,49695133
2026-09-18T10:47:07.196127+00:00,vast.ai,marketplace,RTX 5090,0.8023148148148147,1,31.84,199.08599396609682,248.1394962301034,47.15,845.1666666666666,"Finland, FI",0.9541098,45727090
2026-09-18T10:47:07.196127+00:00,vast.ai,marketplace,RTX 4090,0.8046296296296296,1,47.99,125.457409563411,155.9194503204648,75.57,735.7,"California, US",0.9959499,47667753
2026-09-18T10:47:07.196127+00:00,vast.ai,marketplace,RTX 4090,0.8046296296296296,1,47.99,125.63351506493366,156.1383156157979,52.47,518.5833333333333,"California, US",0.9949446,40232096
2026-09-18T10:47:07.196127+00:00,vast.ai,marketplace,RTX 4090,0.8046296296296296,1,47.99,123.69502138126602,153.72914049685536,62.97,630.1538461538462,"California, US",0.9829827,50701958
2026-09-18T10:47:07.196127+00:00,vast.ai,marketplace,RTX 5090,0.8046296296296296,1,31.84,199.1724839251176,247.53312156401267,55.96,968.4444444444443,"California, US",0.9964388,44070351
2026-09-18T10:47:07.196127+00:00,vast.ai,marketplace,RTX 5090,0.8125740740740741,1,31.84,106.24926130586444,130.75640079574922,94.44,551.75,"Czechia, CZ",0.9959612,28247752
2026-09-18T10:47:07.196127+00:00,vast.ai,marketplace,A100 SXM4,0.8195925925925925,1,40.0,95.41822803973628,116.42153540932169,62.97,601.8847988693219,"Czechia, CZ",0.9835383,50365139
2026-09-18T10:47:07.196127+00:00,vast.ai,marketplace,RTX 5090,0.8299074074074074,1,31.84,198.7564373103381,239.49230424541463,71.89,401.98571428571427,"Minnesota, US",0.9966576,48425194
2026-09-18T10:47:07.196127+00:00,vast.ai,marketplace,RTX 3090,0.8382592592592593,1,24.0,44.84703325786723,53.500194316370575,500.0,2700.9,"The Netherlands, NL",0.9729973,51419252
2026-09-18T10:47:07.196127+00:00,vast.ai,marketplace,RTX 5090,0.8389074074074074,1,31.84,198.08288069680214,236.12007588413755,201.5,1181.8,"Poland, PL",0.9955365,49425329
2026-09-18T10:47:07.196127+00:00,vast.ai,marketplace,RTX 5090,0.8400555555555556,1,31.84,198.84192714824533,236.70092511529768,251.66,3208.5,"Thailand, TH",0.991308,43920286
2026-09-18T10:47:07.196127+00:00,vast.ai,marketplace,RTX 5090,0.8464814814814815,1,31.84,198.5857701383715,234.60143486046948,62.71,1342.0,"Hungary, HU",0.993836,51401216
2026-09-18T10:47:07.196127+00:00,vast.ai,marketplace,A100 PCIE,0.8569814814814813,1,40.0,89.10605226879355,103.97663682855095,125.67,671.0,"Japan, JP",0.9938293,47909257
2026-09-18T10:47:07.196127+00:00,vast.ai,marketplace,RTX 4090,0.8571108148148148,1,23.99,98.60995386478149,115.04924702891178,62.88,703.65,"Texas, US",0.9972398,46126405
2026-09-18T10:47:07.196127+00:00,vast.ai,marketplace,RTX 5090,0.8660444444444445,1,31.84,81.75958749859787,94.40576407258811,251.52,6520.0,"Texas, US",0.9941322,38001277
2026-09-18T10:47:07.196127+00:00,vast.ai,marketplace,RTX PRO 5000,0.8675925925925926,1,47.79,165.7877906564697,191.08944920916466,62.83,1537.5,"Belgium, BE",0.9988718,48229993
2026-09-18T10:47:07.196127+00:00,vast.ai,marketplace,RTX 5090,0.8680555555555556,1,31.84,99.1418867695456,114.21145355851652,35.93,660.1807433027591,"Belgium, BE",0.9980048,46391333
2026-09-18T10:47:07.196127+00:00,vast.ai,marketplace,RTX 5090,0.8680555555555556,1,31.84,199.48237051214826,229.8036908299948,93.99,2734.0,"Washington, US",0.9960875,47408441
2026-09-18T10:47:07.196127+00:00,vast.ai,marketplace,RTX 5090,0.8680555555555556,1,31.84,190.63555037911087,219.61215403673572,125.96,1425.1875,"Ohio, US",0.9967633,50415006
2026-09-18T10:47:07.196127+00:00,vast.ai,marketplace,RTX 3090,0.8685185185185186,1,24.0,44.36601777471118,51.08240852525381,251.49,1327.0,"Norway, NO",0.9964375,50759969
2026-09-18T10:47:07.196127+00:00,vast.ai,marketplace,RTX PRO 5000,0.8689814814814815,1,47.79,165.60184715542005,190.57005319963096,93.88,1119.0,"Quebec, CA",0.9985118,51370896
2026-09-18T10:47:07.196127+00:00,vast.ai,marketplace,RTX 4090,0.8699074074074075,1,23.99,97.0618037539243,111.57716663569796,125.89,755.25,"Spain, ES",0.9984091,22692663
2026-09-18T10:47:07.196127+00:00,vast.ai,marketplace,RTX 5090,0.8801666666666667,1,31.84,182.0281394455148,206.8109897127606,94.43,720.75,"Czechia, CZ",0.9880162,49900244
2026-09-18T10:47:07.196127+00:00,vast.ai,marketplace,RTX 5090,0.8827777777777778,1,31.84,198.98094193209846,225.40320671980945,93.19,673.0,"Idaho, US",0.9980081,50550364
2026-09-18T10:47:07.196127+00:00,vast.ai,marketplace,RTX 4090,0.9091666666666667,1,23.99,97.0548199803455,106.75140602787772,62.88,640.25,"The Netherlands, NL",0.9759989,48593991
2026-09-18T10:47:07.196127+00:00,vast.ai,marketplace,RTX 5090,0.9222777777777778,1,31.84,186.83179791677313,202.57649313305924,125.9,536.25,"Ontario, CA",0.9345582,51204990
2026-09-18T10:47:07.196127+00:00,vast.ai,marketplace,A100 SXM4,0.9237037037037036,1,40.0,95.36309713804769,103.23992071881668,251.96,2561.5560559055357,"California, US",0.9984796,39460472
2026-09-18T10:47:07.196127+00:00,vast.ai,marketplace,RTX 4090,0.9344444444444443,1,23.99,97.57531281031149,104.42066769236665,167.85,1600.7029154377235,"Japan, JP",0.9985339,50204246
2026-09-18T10:47:07.196127+00:00,vast.ai,marketplace,RTX 5090,0.9344907407407407,1,31.84,199.23852053732833,213.2054517516122,62.9,1527.0,"New Jersey, US",0.983627,49746315
2026-09-18T10:47:07.196127+00:00,vast.ai,marketplace,RTX 4090,0.9347222222222221,1,23.99,97.0548199803455,103.8327940354365,125.85,510.5,"Spain, ES",0.9991396,16761620
2026-09-18T10:47:07.196127+00:00,vast.ai,marketplace,RTX 5090,0.9347222222222221,1,31.84,198.65078561578386,212.52387168404815,123.48,449.0,"Spain, ES",0.9655198,51224496
2026-09-18T10:47:07.196127+00:00,vast.ai,marketplace,RTX 6000Ada,0.934861111111111,1,47.99,113.09431825194905,120.97446017145049,62.77,607.6,"Japan, JP",0.9935112,40396208
2026-09-18T10:47:07.196127+00:00,vast.ai,marketplace,RTX 5090,0.9351851851851851,1,31.84,199.33073906045107,213.14574077751203,62.38,690.0,"Texas, US",0.9831388,51204131
2026-09-18T10:47:07.196127+00:00,vast.ai,marketplace,RTX 5080,0.9351851851851851,1,15.92,83.72260679085683,89.52516369715384,62.38,1269.0,"India, IN",0.9948679,50614316
2026-09-18T10:47:07.196127+00:00,vast.ai,marketplace,RTX 4090,0.935648148148148,1,23.99,96.17183690315002,102.7863274175181,125.96,356.25,"Spain, ES",0.9974587,37930535
2026-09-18T10:47:07.196127+00:00,vast.ai,marketplace,RTX 4090,0.935648148148148,1,23.99,5.945019245524038,6.353904784924257,125.78,1291.5,"Spain, ES",0.9977303,31829238
2026-09-18T10:47:07.196127+00:00,vast.ai,marketplace,RTX 4090,0.935648148148148,1,23.99,97.5612494014192,104.27130069622243,62.89,492.25,"Spain, ES",0.9988166,22694030
2026-09-18T10:47:07.196127+00:00,vast.ai,marketplace,RTX 5090,0.935648148148148,1,31.84,199.12620584472205,212.82167472765943,251.76,421.0,"Norway, NO",0.9886971,30458178
2026-09-18T10:47:07.196127+00:00,vast.ai,marketplace,RTX 5090,0.935648148148148,1,31.84,198.86208742938717,212.53939082012684,125.86,5313.5,"Maryland, US",0.999532,50835645
2026-09-18T10:47:07.196127+00:00,vast.ai,marketplace,RTX 5090,0.936111111111111,1,31.84,199.21210596630343,212.80818441504226,186.37,3023.0,"The Netherlands, NL",0.9946612,51378982
2026-09-18T10:47:07.196127+00:00,vast.ai,marketplace,RTX 5090,0.9480555555555554,1,31.84,198.80926256670014,209.7021228362498,94.44,333.8938930038254,"Quebec, CA",0.9888299,49760556
2026-09-18T10:47:07.196127+00:00,vast.ai,marketplace,RTX 5090,0.9480555555555554,1,31.84,199.24926124734762,210.1662292676389,71.93,53.14285714285714,"Quebec, CA",0.9721401,51147480
2026-09-18T10:47:07.196127+00:00,vast.ai,marketplace,RTX PRO 6000 Max-Q,0.961388888888889,1,95.59,283.46296778231243,294.8473516371929,125.83,11.25,"Japan, JP",0.9895072,34531895
2026-09-18T10:47:07.196127+00:00,vast.ai,marketplace,RTX 4090,1.0013888888888889,1,23.99,97.1426197957756,97.00788661991461,125.56,1479.6,"Mexico, MX",0.9876665,50608092
2026-09-18T10:47:07.196127+00:00,vast.ai,marketplace,RTX PRO 6000 Max-Q,1.0023148148148149,1,95.59,265.5048330939739,264.8916579598077,125.96,358.625,"Australia, AU",0.9934183,51011919
2026-09-18T10:47:07.196127+00:00,vast.ai,marketplace,RTX PRO 6000 Max-Q,1.0023148148148149,1,95.59,265.79761747931906,265.18376616874326,125.96,951.125,"Australia, AU",0.9906732,47997997
2026-09-18T10:47:07.196127+00:00,vast.ai,marketplace,RTX 5090,1.0023148148148149,1,31.84,199.03376551672807,198.5741032407079,60.44,3148.0,"Spain, ES",0.9995145,26918731
2026-09-18T10:47:07.196127+00:00,vast.ai,marketplace,RTX 5090,1.0023148148148149,1,31.84,198.65078561578386,198.19200781990443,500.98,453.17499999999995,"Spain, ES",0.9993029,25507613
2026-09-18T10:47:07.196127+00:00,vast.ai,marketplace,RTX 5090,1.0023148148148149,1,31.84,198.86870757262827,198.40942649278384,110.21,598.0,"Hungary, HU",0.9838314,51326859
2026-09-18T10:47:07.196127+00:00,vast.ai,marketplace,RTX 5090,1.0027777777777778,1,31.84,198.6569624000096,198.10666610527275,125.96,201.875,"Spain, ES",0.998512,50856207
2026-09-18T10:47:07.196127+00:00,vast.ai,marketplace,RTX 5090,1.0032407407407407,1,31.84,198.65078561578386,198.00908949242879,94.4,768.0,"Spain, ES",0.9983081,31191994
2026-09-18T10:47:07.196127+00:00,vast.ai,marketplace,RTX 5090,1.0331777777777778,1,31.84,174.00185246577547,168.4142421646247,125.64,424.0,"Illinois, US",0.9990135,47136715
2026-09-18T10:47:07.196127+00:00,vast.ai,marketplace,RTX PRO 5000,1.033388888888889,1,47.79,165.44677493742034,160.10117460747088,62.96,265.80042804387284,"Czechia, CZ",0.9843095,48330146
2026-09-18T10:47:07.196127+00:00,vast.ai,marketplace,RTX 5090,1.0416666666666667,1,31.84,199.60815773000604,191.6238314208058,251.74,842.5,"Singapore, SG",0.9968657,50576853
2026-09-18T10:47:07.196127+00:00,vast.ai,marketplace,RTX 5090,1.0440555555555555,1,31.84,175.39451474620392,167.9934691338089,62.95,322.4375,"Czechia, CZ",0.9980464,44096415
2026-09-18T10:47:07.196127+00:00,vast.ai,marketplace,RTX 4090,1.062314814814815,1,23.99,97.54718447457876,91.82511917767371,62.94,172.60814820487425,"Hungary, HU",0.997442,42494300
2026-09-18T10:47:07.196127+00:00,vast.ai,marketplace,RTX 5060 Ti,1.0680555555555555,1,15.93,38.36231125551517,35.917898704773634,31.27,754.0,"Connecticut, US",0.9840051,49261793
2026-09-18T10:47:07.196127+00:00,vast.ai,marketplace,RTX PRO 5000,1.0680555555555555,1,47.79,165.73615532840682,155.17559406560846,62.73,1533.0,"Taiwan, TW",0.9956413,47566054
2026-09-18T10:47:07.196127+00:00,vast.ai,marketplace,RTX 3090,1.0694444444444444,1,24.0,44.36601777471118,41.485107529600064,62.72,1144.0,"Italy, IT",0.981468,50732956
2026-09-18T10:47:07.196127+00:00,vast.ai,marketplace,RTX 5090,1.080925925925926,1,31.84,199.72717236971764,184.77415295468137,125.78,1279.5,"Japan, JP",0.9987325,45681259
2026-09-18T10:47:07.196127+00:00,vast.ai,marketplace,RTX 5090,1.0936764444444445,1,31.84,199.00735377352854,181.9618176695928,30.96,725.0,"France, FR",0.991979,51056317
2026-09-18T10:47:07.196127+00:00,vast.ai,marketplace,RTX 5090,1.0992980740740739,1,31.84,191.93908084042295,174.6014892294713,61.73,1483.5,"New York, US",0.9909684,50728578
2026-09-18T10:47:07.196127+00:00,vast.ai,marketplace,RTX 5090,1.1013888888888888,1,31.84,199.32428821586325,180.9753940925871,30.85,407.5,"Georgia, US",0.9781168,51068811
2026-09-18T10:47:07.196127+00:00,vast.ai,marketplace,RTX 5090,1.1023148148148147,1,31.84,198.6441688291457,180.20638583408433,125.96,1498.5,"Hungary, HU",0.9852817,49441332
2026-09-18T10:47:07.196127+00:00,vast.ai,marketplace,RTX 4070S Ti,1.135185185185185,1,15.99,52.09440293034352,45.890664897855636,15.33,236.0,"Wisconsin, US",0.9868995,50271651
2026-09-18T10:47:07.196127+00:00,vast.ai,marketplace,RTX 4070S Ti,1.135185185185185,1,15.99,52.17758639186573,45.96394233541191,15.33,314.0,"Wisconsin, US",0.9928125,50271232
2026-09-18T10:47:07.196127+00:00,vast.ai,marketplace,RTX 4070S Ti,1.135185185185185,1,15.99,52.21637344897097,45.998110379191395,15.28,637.0,"Wisconsin, US",0.9905012,50271920
2026-09-18T10:47:07.196127+00:00,vast.ai,marketplace,RTX PRO 5000,1.1360555555555556,1,47.79,165.37437071455594,145.5689115781704,62.96,731.0,"Czechia, CZ",0.9911792,44408371
2026-09-18T10:47:07.196127+00:00,vast.ai,marketplace,RTX 5090,1.1387222222222222,1,31.84,199.13286166227866,174.8739576484859,62.97,707.6312871611215,"Czechia, CZ",0.9898428,49824499
2026-09-18T10:47:07.196127+00:00,vast.ai,marketplace,RTX 5090,1.1502592592592593,1,31.84,180.9366563125852,157.30076055123806,62.94,1076.875,"Czechia, CZ",0.9852098,28733608
2026-09-18T10:47:07.196127+00:00,vast.ai,marketplace,RTX 5090,1.1502592592592593,1,31.84,198.44604046798352,172.5228802729032,31.44,1380.7571913061681,"Czechia, CZ",0.9896078,47627486
2026-09-18T10:47:07.196127+00:00,vast.ai,marketplace,RTX 5090,1.1507222222222222,1,31.84,199.3110828959487,173.20520890875665,31.04,1067.0,"Czechia, CZ",0.9935066,48062097
2026-09-18T10:47:07.196127+00:00,vast.ai,marketplace,RTX 5090,1.1747222222222222,1,31.84,198.80926256670014,169.2393817072879,251.65,6320.7,"Taiwan, TW",0.9990987,51404352
2026-09-18T10:47:07.196127+00:00,vast.ai,marketplace,RTX 4090,1.1753703703703704,1,23.99,97.24064468209968,82.7319176435069,125.88,638.25,"Hungary, HU",0.9963924,51230445
2026-09-18T10:47:07.196127+00:00,vast.ai,marketplace,RTX 5090,1.176111111111111,1,31.84,199.37667229283642,169.5219698285808,125.88,1599.5,"Texas, US",0.9830201,46545762
2026-09-18T10:47:07.196127+00:00,vast.ai,marketplace,RTX PRO 5000,1.176574074074074,1,47.79,165.73615532840682,140.86334127227462,55.01,896.0,"Czechia, CZ",0.9985199,39270915
2026-09-18T10:47:07.196127+00:00,vast.ai,marketplace,RTX PRO 6000 Max-Q,1.1880555555555556,1,95.59,283.75514094198843,238.83995964254345,93.18,500.5,"Japan, JP",0.9899984,49941546
2026-09-18T10:47:07.196127+00:00,vast.ai,marketplace,RTX 5090,1.1993981481481482,1,31.84,199.71787531557638,166.5150772693268,123.44,2905.0,"Denmark, DK",0.9652338,51210954
2026-09-18T10:47:07.196127+00:00,vast.ai,marketplace,RTX 5090,1.2013902222222224,1,31.84,203.2805340191408,169.2044185636295,123.47,2617.2,"Oklahoma, US",0.9336695,51380091
2026-09-18T10:47:07.196127+00:00,vast.ai,marketplace,RTX 5090,1.2289814814814817,1,31.84,199.1856912968035,162.07379386766198,94.42,1188.625,"Hungary, HU",0.8537892,51397097
2026-09-18T10:47:07.196127+00:00,vast.ai,marketplace,RTX 5090,1.2361585185185184,1,31.84,199.3086956492,161.2323117653735,31.22,3305.7,"Florida, US",0.9985755,48603608
2026-09-18T10:47:07.196127+00:00,vast.ai,marketplace,RTX 4090,1.2418518518518518,1,23.99,97.0618037539243,78.15892339266198,110.13,395.7106650396853,"Hungary, HU",0.9879711,50466173
2026-09-18T10:47:07.196127+00:00,vast.ai,marketplace,RTX PRO 6000 Max-Q,1.2480555555555557,1,95.59,5.734952743168364,4.59511014364703,125.76,1903.0,"Ohio, US",0.987088,47585462
2026-09-18T10:47:07.196127+00:00,vast.ai,marketplace,A100 SXM4,1.2536111111111112,1,80.0,121.39734326115732,96.83812003992162,125.96,580.0660481815917,"Texas, US",0.995864,49067604
2026-09-18T10:47:07.196127+00:00,vast.ai,marketplace,RTX 4090,1.2539598518518518,1,23.99,97.23364535402986,77.54127471500377,62.38,2595.7,"India, IN",0.9981668,48116846
2026-09-18T10:47:07.196127+00:00,vast.ai,marketplace,RTX 5090,1.2689814814814815,1,31.84,198.373442409804,156.32493090301958,94.42,2821.5,"Hungary, HU",0.9965696,50716297
2026-09-18T10:47:07.196127+00:00,vast.ai,marketplace,RTX 5090,1.2689814814814815,1,31.84,198.22816305027933,156.21044589150068,110.2,418.5,"Hungary, HU",0.9957021,49846920
2026-09-18T10:47:07.196127+00:00,vast.ai,marketplace,RTX 4090,1.2699074074074073,1,23.99,97.53311802917972,76.80333027452724,48.93,263.5,"Bulgaria, BG",0.9710605,50838032
2026-09-18T10:47:07.196127+00:00,vast.ai,marketplace,RTX 5070 Ti,1.2699074074074073,1,15.92,77.19270699962081,60.786090819971186,15.33,316.0,"Wisconsin, US",0.9815544,50307535
2026-09-18T10:47:07.196127+00:00,vast.ai,marketplace,RTX 5070 Ti,1.2699074074074073,1,15.92,77.07536405230685,60.69368806160511,15.33,210.0,"Wisconsin, US",0.986911,49279622
2026-09-18T10:47:07.196127+00:00,vast.ai,marketplace,RTX 5070 Ti,1.2699074074074073,1,15.92,77.13060094330956,60.73718484781213,15.33,58.0,"Wisconsin, US",0.9928078,50306639
2026-09-18T10:47:07.196127+00:00,vast.ai,marketplace,RTX 4090,1.294314814814815,1,47.99,125.59830864056326,97.03845401671721,125.87,2929.5,"Washington, US",0.9984685,46255397
2026-09-18T10:47:07.196127+00:00,vast.ai,marketplace,RTX 4090,1.295648148148148,1,23.99,97.55421712778065,75.29375723433367,75.49,2350.4,"Hungary, HU",0.9878802,49591156
2026-09-18T10:47:07.196127+00:00,vast.ai,marketplace,RTX 4090,1.3216666666666668,1,23.99,96.5720292858176,73.06837020364509,167.97,524.5,"Washington, US",0.9976036,41755372
2026-09-18T10:47:07.196127+00:00,vast.ai,marketplace,RTX PRO 6000 WS,1.3232407407407407,1,95.59,174.91121813888896,132.18397284304814,123.44,2904.0,"Spain, ES",0.9924618,50437998
2026-09-18T10:47:07.196127+00:00,vast.ai,marketplace,RTX 3090,1.3347222222222221,1,24.0,44.36470379958797,33.23890399136664,62.72,469.0,"Washington, US",0.9911744,50846640
2026-09-18T10:47:07.196127+00:00,vast.ai,marketplace,RTX 4090,1.3347222222222221,1,47.99,125.48383709363385,94.01494558524077,107.97,395.9705571248486,"Washington, US",0.9954556,48484840
2026-09-18T10:47:07.196127+00:00,vast.ai,marketplace,RTX A2000,1.3347222222222221,1,5.99,8.574884920896874,6.4244715328259625,31.16,761.5,"British Columbia, CA",0.971156,46186923
2026-09-18T10:47:07.196127+00:00,vast.ai,marketplace,RTX 4090,1.3347222222222221,1,23.99,97.20564427553269,72.82837032089859,31.21,342.0,"Texas, US",0.9903596,50699220
2026-09-18T10:47:07.196127+00:00,vast.ai,marketplace,RTX 4090,1.3347222222222221,1,23.99,97.4048137225236,72.97759196692715,62.71,347.0,"Texas, US",0.9927535,50686367
2026-09-18T10:47:07.196127+00:00,vast.ai,marketplace,RTX 5090,1.336111111111111,1,31.84,199.30455653422746,149.16765146012867,61.47,656.0,"Texas, US",0.9855068,50683555
2026-09-18T10:47:07.196127+00:00,vast.ai,marketplace,RTX PRO 6000 S,1.337037037037037,1,95.59,279.4297069967979,208.99174761533362,125.94,324.725,"California, US",0.9917524,51258294
2026-09-18T10:47:07.196127+00:00,vast.ai,marketplace,RTX 5080,1.337037037037037,1,15.92,90.43308822070478,67.63693578833875,15.33,346.9,"Wisconsin, US",0.9922592,50314095
2026-09-18T10:47:07.196127+00:00,vast.ai,marketplace,RTX PRO 6000 WS,1.4000555555555554,1,95.59,283.5798381724142,202.54898960769242,123.44,1066.0,"South Korea, KR",0.998073,47718637
2026-09-18T10:47:07.196127+00:00,vast.ai,marketplace,RTX PRO 6000 WS,1.4240555555555554,1,95.59,282.9954711810154,198.7250217008652,94.01,1341.5,"New York, US",0.9978623,42515648
2026-09-18T10:47:07.196127+00:00,vast.ai,marketplace,RTX PRO 6000 WS,1.442777777777778,1,95.59,283.03443015136423,196.17326695127284,186.45,424.0,"Colorado, US",0.9952664,50938078
2026-09-18T10:47:07.196127+00:00,vast.ai,marketplace,RTX PRO 6000 WS,1.4435185185185186,1,95.59,282.17729404680057,195.47881819791186,125.96,667.5,"Quebec, CA",0.9913533,51156062
2026-09-18T10:47:07.196127+00:00,vast.ai,marketplace,RTX PRO 6000 WS,1.4533888888888888,1,95.59,282.21625654345235,194.1780749123559,94.08,118.0,"New York, US",0.9984778,42515613
2026-09-18T10:47:07.196127+00:00,vast.ai,marketplace,RTX PRO 6000 WS,1.466314814814815,1,95.59,282.8201537410476,192.87819428924323,188.92,186.375,"Poland, PL",0.9950812,37051751
2026-09-18T10:47:07.196127+00:00,vast.ai,marketplace,RTX PRO 6000 WS,1.4675,1,95.59,283.48244628500436,193.17372830323976,94.19,1353.0,"North Dakota, US",0.9811921,50683577
2026-09-18T10:47:07.196127+00:00,vast.ai,marketplace,RTX PRO 6000 WS,1.4680555555555557,1,95.59,283.7356630232319,193.27311010097156,121.45,3058.0464709384323,"Florida, US",0.9852352,50933599
2026-09-18T10:47:07.196127+00:00,vast.ai,marketplace,RTX PRO 6000 WS,1.4947222222222223,1,95.59,283.46296778231243,189.64257275902708,251.21,1511.0,"Florida, US",0.9507586,51162878
2026-09-18T10:47:07.196127+00:00,vast.ai,marketplace,RTX PRO 6000 S,1.4997222222222224,1,95.59,34.56882889935439,23.05015448002886,377.39,9892.5,"Montana, US",0.9918773,44176946
2026-09-18T10:47:07.196127+00:00,vast.ai,marketplace,RTX PRO 6000 S,1.5002777777777778,1,95.59,279.642594682321,186.3938790698677,188.93,176.25,"Maryland, US",0.9991113,51093076
2026-09-18T10:47:07.196127+00:00,vast.ai,marketplace,A100 PCIE,1.5063148148148147,1,80.0,123.93188661786671,82.274890613157,251.32,531.0,"Japan, JP",0.9960269,47047339
2026-09-18T10:47:07.196127+00:00,vast.ai,marketplace,RTX PRO 6000 Max-Q,1.5120555555555555,1,95.59,283.5019247459527,187.49438385667594,125.85,507.0,"Texas, US",0.9987142,31194553
2026-09-18T10:47:07.196127+00:00,vast.ai,marketplace,RTX PRO 6000 Max-Q,1.5351865185185185,1,95.59,283.5019247459527,184.66936839670592,125.53,680.4518120679837,"Michigan, US",0.9976714,45192567
2026-09-18T10:47:07.196127+00:00,vast.ai,marketplace,RTX PRO 6000 WS,1.535648148148148,1,95.59,277.20818158394854,180.51542725997254,125.77,313.0000000000007,"Washington, US",0.9609791,36029961
2026-09-18T10:47:07.196127+00:00,vast.ai,marketplace,RTX PRO 6000 Max-Q,1.5609259259259258,1,95.59,282.74223378909926,181.13750889324191,125.96,111.25,"Czechia, CZ",0.9871813,51328231
2026-09-18T10:47:07.196127+00:00,vast.ai,marketplace,RTX PRO 6000 WS,1.6004629629629628,1,95.59,283.3071382573792,177.01574157822944,124.97,6506.0,"Texas, US",0.9822219,51361104
2026-09-18T10:47:07.196127+00:00,vast.ai,marketplace,RTX PRO 6000 S,1.6013888888888888,1,95.59,229.64036705745406,143.4007495935533,125.8,878.0,"Spain, ES",0.9771782,50349139
2026-09-18T10:47:07.196127+00:00,vast.ai,marketplace,RTX PRO 6000 S,1.6013888888888888,1,95.59,229.62820138553056,143.39315264317608,125.8,1074.0,"Spain, ES",0.923425,50992153
2026-09-18T10:47:07.196127+00:00,vast.ai,marketplace,RTX PRO 6000 S,1.6018518518518516,1,95.59,279.1006905429841,174.2362692407069,98.4,1819.424339726812,"Texas, US",0.9841003,50644428
2026-09-18T10:47:07.196127+00:00,vast.ai,marketplace,RTX 5090,1.6018518518518516,1,31.84,198.86208742938717,124.14511816401051,30.44,445.0,"Texas, US",0.955411,51397201
2026-09-18T10:47:07.196127+00:00,vast.ai,marketplace,RTX PRO 6000 Max-Q,1.6023148148148147,1,95.59,283.7356630232319,177.0785992863857,109.91,1414.0,"Norway, NO",0.9889879,49638702
2026-09-18T10:47:07.196127+00:00,vast.ai,marketplace,RTX 4090,1.6046296296296294,1,47.99,125.58070267920019,78.26148810936886,93.95,6331.2,"California, US",0.9662805,51071482
2026-09-18T10:47:07.196127+00:00,vast.ai,marketplace,RTX 5090,1.6535555555555554,1,31.84,199.11936511338686,120.41891452899354,247.81,254.25,"Norway, NO",0.9981407,50806304
2026-09-18T10:47:07.196127+00:00,vast.ai,marketplace,RTX 5090,1.6680555555555556,1,31.84,199.00046447239586,119.30086129902166,503.65,6630.3,"Norway, NO",0.9628794,50782293
2026-09-18T10:47:07.196127+00:00,vast.ai,marketplace,RTX PRO 6000 WS,1.6685185185185185,1,95.59,283.7940966544953,170.0874719127941,251.15,3132.0,"Norway, NO",0.9978886,51106244
2026-09-18T10:47:07.196127+00:00,vast.ai,marketplace,RTX PRO 6000 WS,1.6942592592592594,1,95.59,272.11515706661424,160.61010472835466,125.59,1162.273385046685,"Idaho, US",0.9973007,43719898
2026-09-18T10:47:07.196127+00:00,vast.ai,marketplace,RTX PRO 6000 WS,1.7046388888888888,1,95.59,282.39158569577575,165.66064961702426,215.93,212.42857142857142,"Bulgaria, BG",0.9992377,50988027
2026-09-18T10:47:07.196127+00:00,vast.ai,marketplace,RTX PRO 6000 S,1.7075925925925928,1,95.59,279.4877676883653,163.6735652876231,94.42,565.4366820195082,"Bulgaria, BG",0.9924543,48905162
2026-09-18T10:47:07.196127+00:00,vast.ai,marketplace,RTX PRO 6000 WS,1.7342592592592594,1,95.59,283.8330522003617,163.66241130613486,251.76,2166.0,"Japan, JP",0.9964781,51177036
2026-09-18T10:47:07.196127+00:00,vast.ai,marketplace,RTX PRO 6000 Max-Q,1.7356481481481483,1,95.59,283.2681804583436,163.20599354228384,188.81,2851.25,"Maryland, US",0.9926999,50836036
2026-09-18T10:47:07.196127+00:00,vast.ai,marketplace,RTX PRO 6000 Max-Q,1.7632037037037036,1,95.59,282.91755273778074,160.4565326986878,125.92,492.375,"Czechia, CZ",0.9954032,47792401
2026-09-18T10:47:07.196127+00:00,vast.ai,marketplace,RTX PRO 6000 WS,1.804638888888889,1,95.59,283.657750931396,157.18255473594678,377.59,1392.3,"Bulgaria, BG",0.9979673,50697935
2026-09-18T10:47:07.196127+00:00,vast.ai,marketplace,RTX 4090,2.001388888888889,1,23.99,97.19164147548904,48.56209705923116,125.71,1270.0,"Ontario, CA",0.9956546,47472164
2026-09-18T10:47:07.196127+00:00,vast.ai,marketplace,RTX PRO 6000 Max-Q,2.052074074074074,1,95.59,282.83963362421684,137.83110327137592,125.94,1226.0,"Czechia, CZ",0.9978522,30989542
2026-09-18T10:47:07.196127+00:00,vast.ai,marketplace,RTX PRO 6000 WS,2.122037037037037,1,95.59,283.05390957373993,133.38782718371547,125.92,596.25,"Hungary, HU",0.9959005,43620829
2026-09-18T10:47:07.196127+00:00,vast.ai,marketplace,RTX PRO 6000 WS,2.1339814814814813,1,95.59,283.32661709420836,132.76901395485098,188.19,5252.211441504189,"Texas, US",0.9986675,50940518
2026-09-18T10:47:07.196127+00:00,vast.ai,marketplace,RTX 5090,2.364055555555556,1,31.84,199.41021285039437,84.35089961476508,125.44,1549.0,"Massachusetts, US",0.9984128,36318699
2026-09-18T10:47:07.196127+00:00,vast.ai,marketplace,H100 PCIE,2.4689814814814817,1,79.65,255.89952459302876,103.64578532175925,251.71,11619.401333849819,"Maryland, US",0.9987217,47985978
2026-09-18T10:47:07.196127+00:00,vast.ai,marketplace,RTX 3060,2.660277777777778,1,12.0,12.26615158836682,4.610853682585418,62.65,768.6,"Missouri, US",0.9549556,51373764
2026-09-18T10:47:07.196127+00:00,vast.ai,marketplace,RTX 4090,2.6680555555555556,1,23.99,97.5612494014192,36.5664235132857,30.97,1197.5,"Italy, IT",0.9894775,49957627
2026-09-18T10:47:07.196127+00:00,vast.ai,marketplace,H100 NVL,2.7747222222222203,1,93.58,339.3533419877576,122.30173502411934,314.69,301.5,"Ireland, IE",0.9801891,51419952
2026-09-18T10:47:07.196127+00:00,vast.ai,marketplace,H100 NVL,2.9080555555555505,1,93.58,348.47660072206503,119.83147985475559,314.69,325.70000000000005,"Virginia, US",0.9947208,51417035
2026-09-18T10:47:07.196127+00:00,vast.ai,marketplace,H100 NVL,2.9094444444444445,1,93.58,377.43206524035634,129.72650705225155,188.62,2134.0,"Romania, RO",0.9913541,48666236
2026-09-18T10:47:07.196127+00:00,vast.ai,marketplace,H100 SXM,3.1366666666666667,1,79.65,54.59512620589963,17.40546000188086,188.87,386.79527672810633,"Taiwan, TW",0.9326642,51178439
2026-09-18T10:47:07.196127+00:00,vast.ai,marketplace,H200 NVL,3.9200555555555554,1,140.4,451.9017005951599,115.27941229167499,188.86,152.0,"Texas, US",0.9980212,28418864
2026-09-18T10:47:07.196127+00:00,vast.ai,marketplace,H200,4.7386695906432745,1,140.4,492.67613163656176,103.96929395739554,377.93,2522.82737069867,"Saudi Arabia, SA",0.9986523,39353724
2026-09-18T10:47:07.196127+00:00,vast.ai,marketplace,RTX PRO 6000 S,5.337037037037037,1,95.59,234.62312024144137,43.961306360297826,125.93,1126.75,"Czechia, CZ",0.9979344,44623535
2026-09-18T10:47:07.196127+00:00,vast.ai,marketplace,H200 NVL,5.404166666666666,1,140.4,452.7042051187185,83.76947511834422,283.35,1518.625,"Czechia, CZ",0.999505,28875919
2026-09-18T10:47:07.196127+00:00,vast.ai,marketplace,H100 SXM,5.973611111111111,1,79.65,334.5851016580012,56.010526201757926,221.33,938.5,", US",0.9987566,36551372
2026-09-18T10:47:07.196127+00:00,vast.ai,marketplace,RTX 4090,6.668055555555556,1,23.99,97.00592305500766,14.54785765457311,62.95,399.7125,"Florida, US",0.9117404,51257909
2026-09-18T10:47:07.196127+00:00,vast.ai,marketplace,RTX PRO 6000 WS,6.668981481481482,1,95.59,283.5603598783882,42.519290339279316,125.56,1100.0,"Australia, AU",0.9965379,42467418
2026-09-18T10:47:07.196127+00:00,vast.ai,marketplace,H100 SXM,6.7747222222222225,1,79.65,322.64080196438204,47.62421120471423,221.46,2322.5,", US",0.9979847,36346704
2026-09-18T10:47:07.196127+00:00,vast.ai,marketplace,B300,9.376302083333334,1,268.59,532.5577165207428,56.798267780576374,251.92,718.4249316520111,"Croatia, HR",0.9906144,51410984
2026-09-18T10:47:07.196127+00:00,vast.ai,marketplace,RTX 5090,14.294722222222223,1,31.84,199.8064100431405,13.977635027599652,30.47,1522.0,"Texas, US",0.9723747,50217063
2026-09-18T10:47:07.196127+00:00,vast.ai,marketplace,RTX 5090,14.29564814814815,1,31.84,198.85549960900101,13.91021222320449,124.94,1516.0,"Texas, US",0.9988824,23695637
2026-09-18T10:47:07.196127+00:00,vast.ai,marketplace,RTX 5090,53.33435185185186,1,31.84,198.148918501621,3.7152212714991673,60.44,3226.0,"Ukraine, UA",0.9979207,46363452
