collected_at,provider,tier,gpu_model,price_usd_per_hr,num_gpus,gpu_ram_gb,dlperf,dlperf_per_dollar,cpu_ram_gb,disk_space_gb,region,reliability,offer_id
2026-09-21T12:18:55.647545+00:00,vast.ai,marketplace,Quadro P2000,0.028055555555555556,1,5.0,1.0177623801653413,36.27667889698246,6.83,29.4625,"Nevada, US",0.991861,49574214
2026-09-21T12:18:55.647545+00:00,vast.ai,marketplace,Quadro P4000,0.04092592592592593,1,8.0,2.0836915595552954,50.91373041447328,15.6,338.0,"Missouri, US",0.9954365,45958967
2026-09-21T12:18:55.647545+00:00,vast.ai,marketplace,GTX 1650,0.04712962962962963,1,4.0,1.314866643929846,27.89893861383563,11.75,101.15,"Oregon, US",0.984285,51115338
2026-09-21T12:18:55.647545+00:00,vast.ai,marketplace,GTX 1650,0.04712962962962963,1,4.0,1.2880326307884207,27.32957251967572,11.75,151.0,"Oregon, US",0.9893207,50967988
2026-09-21T12:18:55.647545+00:00,vast.ai,marketplace,GTX 1070,0.04805555555555556,1,8.0,2.6128927489656055,54.37233466055595,8.96,164.42857142857142,"South Korea, KR",0.9906004,48484313
2026-09-21T12:18:55.647545+00:00,vast.ai,marketplace,GTX 1070,0.04805555555555556,1,8.0,2.5135531547077825,52.305152352300674,7.83,117.5,"South Korea, KR",0.9938893,47635957
2026-09-21T12:18:55.647545+00:00,vast.ai,marketplace,Titan Xp,0.04805555555555556,1,12.0,5.757466410549852,119.80854958369633,8.96,102.14285714285714,"South Korea, KR",0.9961943,48455473
2026-09-21T12:18:55.647545+00:00,vast.ai,marketplace,Titan Xp,0.04805555555555556,1,12.0,5.282480842330431,109.92445683462167,8.96,101.57142857142857,"South Korea, KR",0.9967488,32787365
2026-09-21T12:18:55.647545+00:00,vast.ai,marketplace,GTX TITAN X,0.04805555555555556,1,12.0,3.355057349444435,69.81622230057783,7.73,37.0,"South Korea, KR",0.9968861,51832512
2026-09-21T12:18:55.647545+00:00,vast.ai,marketplace,GTX 1070,0.049388888888888885,1,8.0,2.4978679556144425,50.57550416317207,7.78,171.0,"South Korea, KR",0.9979454,50037971
2026-09-21T12:18:55.647545+00:00,vast.ai,marketplace,GTX 1070,0.049388888888888885,1,8.0,2.6128927489656055,52.90446510841497,15.61,164.2,"South Korea, KR",0.9983534,47671684
2026-09-21T12:18:55.647545+00:00,vast.ai,marketplace,GTX 1070,0.050722222222222224,1,8.0,2.5135531547077825,49.55526482446888,15.62,175.5,"South Korea, KR",0.9869077,50850384
2026-09-21T12:18:55.647545+00:00,vast.ai,marketplace,RTX 3060,0.050722222222222224,1,12.0,12.272867045677101,241.96232948760988,7.73,17.0,"South Korea, KR",0.9976585,47630110
2026-09-21T12:18:55.647545+00:00,vast.ai,marketplace,RTX 3060,0.05627777777777778,1,12.0,12.272867045677101,218.0766108807382,31.35,386.3,"Norway, NO",0.9920451,47255150
2026-09-21T12:18:55.647545+00:00,vast.ai,marketplace,RTX 3060,0.05159259259259259,1,12.0,10.870309404258073,210.69515715360228,15.63,304.9,"Poland, PL",0.9986185,45602397
2026-09-21T12:18:55.647545+00:00,vast.ai,marketplace,RTX 3060,0.05159259259259259,1,12.0,11.24625668853526,217.98200329537116,15.63,305.5,"Poland, PL",0.9978853,45601906
2026-09-21T12:18:55.647545+00:00,vast.ai,marketplace,GTX 1660 S,0.052055555555555556,1,6.0,1.7121347086676697,32.890528021363984,31.35,95.5,"Vietnam, VN",0.9923916,48124764
2026-09-21T12:18:55.647545+00:00,vast.ai,marketplace,RTX 3060,0.05251851851851852,1,12.0,12.407836284181814,236.2564031543787,19.63,171.5,"United States, US",0.9859967,50491878
2026-09-21T12:18:55.647545+00:00,vast.ai,marketplace,Quadro P4000,0.05344444444444444,1,8.0,2.0836915595552954,38.987991758830894,31.44,263.75,"Nevada, US",0.9960752,48453748
2026-09-21T12:18:55.647545+00:00,vast.ai,marketplace,GTX 1080 Ti,0.05472222222222223,1,11.0,5.316102491579529,97.14705060754468,18.85,10.0,"Quebec, CA",0.9981481,49328818
2026-09-21T12:18:55.647545+00:00,vast.ai,marketplace,GTX 1080,0.05472222222222223,1,8.0,3.351404206277043,61.24393473399672,10.46,217.33333333333331,"South Korea, KR",0.9702929,51265251
2026-09-21T12:18:55.647545+00:00,vast.ai,marketplace,GTX 1080,0.05472222222222223,1,8.0,3.351404206277043,61.24393473399672,15.52,113.0,"South Korea, KR",0.9975166,51265279
2026-09-21T12:18:55.647545+00:00,vast.ai,marketplace,GTX 1080,0.05472222222222223,1,8.0,3.330490607485923,60.86175729415899,31.18,118.19999999999999,"South Korea, KR",0.9915022,51265304
2026-09-21T12:18:55.647545+00:00,vast.ai,marketplace,GTX 1080,0.05472222222222223,1,8.0,3.330490607485923,60.86175729415899,31.18,169.0,"South Korea, KR",0.9977732,51265402
2026-09-21T12:18:55.647545+00:00,vast.ai,marketplace,GTX 1080,0.05472222222222223,1,8.0,3.330490607485923,60.86175729415899,10.46,260.48333333333335,"South Korea, KR",0.9890775,50870207
2026-09-21T12:18:55.647545+00:00,vast.ai,marketplace,GTX 1080,0.05472222222222223,1,8.0,3.330490607485923,60.86175729415899,15.54,179.0,"South Korea, KR",0.9967362,50870754
2026-09-21T12:18:55.647545+00:00,vast.ai,marketplace,GTX 1080,0.05472222222222223,1,8.0,3.351404206277043,61.24393473399672,15.52,163.8,"South Korea, KR",0.9864698,50870717
2026-09-21T12:18:55.647545+00:00,vast.ai,marketplace,GTX 1070 Ti,0.05472222222222223,1,8.0,3.1639660771116267,57.81866942945104,10.46,207.33333333333331,"South Korea, KR",0.9922968,51265140
2026-09-21T12:18:55.647545+00:00,vast.ai,marketplace,Titan Xp,0.05472222222222223,1,12.0,5.757466410549852,105.21258415218003,10.45,238.31188834656172,"South Korea, KR",0.9932647,48369186
2026-09-21T12:18:55.647545+00:00,vast.ai,marketplace,Titan Xp,0.05472222222222223,1,12.0,5.757466410549852,105.21258415218003,10.46,249.88955934012398,"South Korea, KR",0.9965604,48474935
2026-09-21T12:18:55.647545+00:00,vast.ai,marketplace,Titan Xp,0.05472222222222223,1,12.0,5.757466410549852,105.21258415218003,18.85,10.0,"Quebec, CA",0.9981481,49328820
2026-09-21T12:18:55.647545+00:00,vast.ai,marketplace,Titan Xp,0.05472222222222223,1,12.0,5.757466410549852,105.21258415218003,10.45,255.79999999999998,"South Korea, KR",0.9969337,48453495
2026-09-21T12:18:55.647545+00:00,vast.ai,marketplace,GTX TITAN X,0.05472222222222223,1,12.0,3.355057349444435,61.31069268020287,15.51,167.0,"South Korea, KR",0.9897844,51881765
2026-09-21T12:18:55.647545+00:00,vast.ai,marketplace,RTX 3060,0.05472222222222223,1,12.0,12.33702455294655,225.4481644193278,25.15,235.8,"Quebec, CA",0.9915936,51819841
2026-09-21T12:18:55.647545+00:00,vast.ai,marketplace,RTX 3060,0.05472222222222223,1,12.0,12.546474106930363,229.27566895913353,15.46,118.19999999999999,"South Korea, KR",0.9854046,50050724
2026-09-21T12:18:55.647545+00:00,vast.ai,marketplace,RTX 3060 Ti,0.05472222222222223,1,8.0,13.776522212633388,251.7537054085289,18.85,10.0,"Quebec, CA",0.9981481,49328822
2026-09-21T12:18:55.647545+00:00,vast.ai,marketplace,RTX 3060,0.05611111111111111,1,12.0,12.274355410390498,218.75088850200888,23.59,327.325,"United States, US",0.9945419,50121240
2026-09-21T12:18:55.647545+00:00,vast.ai,marketplace,GTX 1660 S,0.05738888888888889,1,6.0,1.688020135306153,29.413710005334707,15.59,186.0,"Vietnam, VN",0.9964079,34815247
2026-09-21T12:18:55.647545+00:00,vast.ai,marketplace,RTX 2060,0.060277777777777784,1,12.0,4.02611401137736,66.7926748431267,8.96,171.85714285714286,"South Korea, KR",0.9961821,35050683
2026-09-21T12:18:55.647545+00:00,vast.ai,marketplace,RTX 3060,0.06092592592592593,1,12.0,12.297570005058931,201.84461406479704,15.63,298.0,"Poland, PL",0.9994343,45600362
2026-09-21T12:18:55.647545+00:00,vast.ai,marketplace,RTX 3060,0.061388888888888896,1,12.0,12.406307808405456,202.09370185637846,31.18,129.3,"South Korea, KR",0.9961618,43057835
2026-09-21T12:18:55.647545+00:00,vast.ai,marketplace,RTX 3060,0.061388888888888896,1,12.0,12.548035631767766,204.40239038173735,10.46,176.0,"South Korea, KR",0.9787098,50735541
2026-09-21T12:18:55.647545+00:00,vast.ai,marketplace,RTX 3060,0.061388888888888896,1,12.0,12.285432293254809,200.1246889398973,10.46,185.16666666666666,"South Korea, KR",0.9950778,38773093
2026-09-21T12:18:55.647545+00:00,vast.ai,marketplace,RTX 3060,0.061388888888888896,1,12.0,12.406307808405456,202.09370185637846,10.46,255.15,"South Korea, KR",0.9938023,38722238
2026-09-21T12:18:55.647545+00:00,vast.ai,marketplace,RTX 3060,0.061388888888888896,1,12.0,12.029450345990615,195.95484726500547,15.54,127.30000000000001,"South Korea, KR",0.9981552,50736627
2026-09-21T12:18:55.647545+00:00,vast.ai,marketplace,RTX 2070S,0.061388888888888896,1,8.0,4.701597091193644,76.58710193799601,15.52,133.0,"South Korea, KR",0.9912481,50038031
2026-09-21T12:18:55.647545+00:00,vast.ai,marketplace,RTX 2070,0.061388888888888896,1,8.0,4.104189194763423,66.85557059343132,7.77,171.5,"South Korea, KR",0.9954206,49868123
2026-09-21T12:18:55.647545+00:00,vast.ai,marketplace,RTX 3060,0.06185185185185186,1,12.0,12.26615158836682,198.31502568018212,31.44,301.5,"United States, US",0.9927834,19911148
2026-09-21T12:18:55.647545+00:00,vast.ai,marketplace,RTX 3060,0.06277777777777778,1,12.0,12.26615158836682,195.39002530141838,23.59,171.775,"California, US",0.9964245,50492822
2026-09-21T12:18:55.647545+00:00,vast.ai,marketplace,GTX 1080 Ti,0.06405555555555556,1,11.0,5.316102491579529,82.99205971242976,15.62,181.5,"South Korea, KR",0.9978893,48302205
2026-09-21T12:18:55.647545+00:00,vast.ai,marketplace,GTX 1080 Ti,0.06405555555555556,1,11.0,5.212453494822205,81.3739487483085,15.59,183.5,"South Korea, KR",0.9954119,48536996
2026-09-21T12:18:55.647545+00:00,vast.ai,marketplace,GTX 1080 Ti,0.06405555555555556,1,11.0,5.212453494822205,81.3739487483085,7.73,192.5,"South Korea, KR",0.9970152,50029567
2026-09-21T12:18:55.647545+00:00,vast.ai,marketplace,GTX 1080 Ti,0.06405555555555556,1,11.0,5.212453494822205,81.3739487483085,7.73,194.5,"South Korea, KR",0.9960098,50029618
2026-09-21T12:18:55.647545+00:00,vast.ai,marketplace,GTX 1080 Ti,0.06405555555555556,1,11.0,5.212453494822205,81.3739487483085,15.67,419.85,"South Korea, KR",0.9912728,47444985
2026-09-21T12:18:55.647545+00:00,vast.ai,marketplace,RTX 2060S,0.06538888888888889,1,8.0,3.98692664634161,60.97254004600593,15.61,122.70000000000005,"Vietnam, VN",0.9917028,47528463
2026-09-21T12:18:55.647545+00:00,vast.ai,marketplace,RTX 2060S,0.06538888888888889,1,8.0,3.98692664634161,60.97254004600593,15.59,140.5,"Vietnam, VN",0.9736172,30053150
2026-09-21T12:18:55.647545+00:00,vast.ai,marketplace,RTX 3060,0.06694444444444445,1,12.0,12.26689919347755,183.23998795236176,31.35,58.0,"Norway, NO",0.9937124,45120306
2026-09-21T12:18:55.647545+00:00,vast.ai,marketplace,RTX 3060 laptop,0.06718518518518521,1,12.0,12.783890933535213,190.27842073067842,15.66,165.75,"New Zealand, NZ",0.9991408,50875267
2026-09-21T12:18:55.647545+00:00,vast.ai,marketplace,RTX 3060 laptop,0.06718518518518521,1,12.0,12.782884360734636,190.2634386658407,31.32,129.75,"New Zealand, NZ",0.9972594,51288810
2026-09-21T12:18:55.647545+00:00,vast.ai,marketplace,Quadro P4000,0.06805555555555555,1,8.0,2.0836915595552954,30.617508630200263,15.46,173.0,"Romania, RO",0.9983002,43521340
2026-09-21T12:18:55.647545+00:00,vast.ai,marketplace,GTX 1080 Ti,0.06805555555555555,1,11.0,5.212453494822205,76.59115339330589,31.28,72.0,"South Korea, KR",0.9975143,40234662
2026-09-21T12:18:55.647545+00:00,vast.ai,marketplace,GTX 1080 Ti,0.06805555555555555,1,11.0,5.384292621025136,79.11613647220608,31.29,64.0,"South Korea, KR",0.9985145,37709426
2026-09-21T12:18:55.647545+00:00,vast.ai,marketplace,RTX 2060S,0.06805555555555555,1,8.0,3.8761786839432335,56.95609494773731,62.71,610.0,"Jiangsu, CN",0.9976107,51725283
2026-09-21T12:18:55.647545+00:00,vast.ai,marketplace,RTX 3060,0.06805555555555555,1,12.0,12.41317436446121,182.3976641308586,15.55,117.30000000000001,"South Korea, KR",0.9966495,50452493
2026-09-21T12:18:55.647545+00:00,vast.ai,marketplace,GTX 1660 Ti,0.06805555555555555,1,6.0,2.54473177213438,37.39197705993375,15.51,88.40000000000029,"Japan, JP",0.9788372,51427490
2026-09-21T12:18:55.647545+00:00,vast.ai,marketplace,RTX 2070,0.06805555555555555,1,8.0,4.104189194763423,60.30645347407479,7.82,354.4570963631832,"South Korea, KR",0.9797747,50701339
2026-09-21T12:18:55.647545+00:00,vast.ai,marketplace,RTX 3060 Ti,0.06805555555555555,1,8.0,13.782107101098495,202.51259413859015,15.62,161.0,"Quebec, CA",0.993349,43852027
2026-09-21T12:18:55.647545+00:00,vast.ai,marketplace,RTX 3060 laptop,0.06851851851851852,1,12.0,12.777843970897726,186.48745254823706,15.59,356.65,"New Zealand, NZ",0.9943256,50497807
2026-09-21T12:18:55.647545+00:00,vast.ai,marketplace,RTX 4060,0.06944444444444445,1,8.0,15.653315498872239,225.40774318376023,15.72,135.625,"Nevada, US",0.9894774,50944073
2026-09-21T12:18:55.647545+00:00,vast.ai,marketplace,GTX 1660 Ti,0.06944444444444445,1,6.0,2.4740447784639805,35.62624480988132,31.35,396.209339010186,"United Kingdom, GB",0.9974871,50291703
2026-09-21T12:18:55.647545+00:00,vast.ai,marketplace,RTX 3060,0.0712962962962963,1,12.0,12.335948398435573,173.0236918222132,31.35,342.95,"Quebec, CA",0.9952614,50115831
2026-09-21T12:18:55.647545+00:00,vast.ai,marketplace,GTX 1080 Ti,0.07472222222222222,1,11.0,5.316102491579529,71.1448660583134,15.64,382.5,"South Korea, KR",0.9981561,47674539
2026-09-21T12:18:55.647545+00:00,vast.ai,marketplace,RTX 4060,0.07518518518518519,1,8.0,15.653315498872239,208.19680712785734,15.62,283.43110691242515,"New Zealand, NZ",0.9954912,47696169
2026-09-21T12:18:55.647545+00:00,vast.ai,marketplace,RTX 3060,0.07577777777777778,1,12.0,10.085909362674592,133.09851065113097,15.4,254.7,"Spain, ES",0.994397,47893736
2026-09-21T12:18:55.647545+00:00,vast.ai,marketplace,RTX A2000,0.07692592592592593,1,5.99,8.574028031505451,111.45823632674394,62.85,758.15,"British Columbia, CA",0.9978815,44117223
2026-09-21T12:18:55.647545+00:00,vast.ai,marketplace,RTX 3060,0.08003703703703705,1,12.0,12.387850428637922,154.77647458270422,31.42,332.1791174171275,"Pennsylvania, US",0.99332,48619199
2026-09-21T12:18:55.647545+00:00,vast.ai,marketplace,RTX 3060,0.08115740740740741,1,12.0,12.26689919347755,151.1494709521478,15.63,372.5,"New Jersey, US",0.9964019,44022329
2026-09-21T12:18:55.647545+00:00,vast.ai,marketplace,RTX 3060,0.08115740740740741,1,12.0,12.265403621581047,151.13104291280695,31.26,311.3,"New Jersey, US",0.9989942,39156383
2026-09-21T12:18:55.647545+00:00,vast.ai,marketplace,RTX 2080 Ti,0.08138888888888889,1,11.0,9.037837928565429,111.04510765472882,25.15,233.20000000000002,"Quebec, CA",0.9981333,47984762
2026-09-21T12:18:55.647545+00:00,vast.ai,marketplace,RTX 2080 Ti,0.08138888888888889,1,11.0,8.914031929543983,109.52394179644484,15.63,560.85,"Florida, US",0.9948733,39588999
2026-09-21T12:18:55.647545+00:00,vast.ai,marketplace,RTX 3070 laptop,0.08185185185185186,1,8.0,14.770474460115327,180.4537603724497,31.16,743.0,"Washington, US",0.9958469,50774976
2026-09-21T12:18:55.647545+00:00,vast.ai,marketplace,RTX A4000,0.0875925925925926,1,15.99,16.904277138929963,192.9875191336613,23.48,216.0,"The Netherlands, NL",0.9985017,36172984
2026-09-21T12:18:55.647545+00:00,vast.ai,marketplace,RTX A4000,0.0875925925925926,1,15.99,16.885687101895726,192.77528615272075,23.48,328.5,"The Netherlands, NL",0.9988689,36172970
2026-09-21T12:18:55.647545+00:00,vast.ai,marketplace,RTX A4000,0.0875925925925926,1,15.99,20.438513856242103,233.3360989930388,23.49,310.0,"Poland, PL",0.9995459,45600036
2026-09-21T12:18:55.647545+00:00,vast.ai,marketplace,RTX 3070,0.08805555555555555,1,8.0,16.277128119288,184.85066633891736,31.26,391.5,"Japan, JP",0.9930779,51773111
2026-09-21T12:18:55.647545+00:00,vast.ai,marketplace,RTX 5060,0.08898148148148148,1,7.96,28.537128709675333,320.7086264979122,20.96,225.66666666666666,"United States, US",0.9937487,50138878
2026-09-21T12:18:55.647545+00:00,vast.ai,marketplace,RTX A4000,0.0915925925925926,1,15.99,21.189996229700604,231.35054516858725,250.49,1472.341017101335,"Japan, JP",0.9974444,45433710
2026-09-21T12:18:55.647545+00:00,vast.ai,marketplace,RTX A4000,0.0915925925925926,1,15.99,19.41005838576826,211.9173378146959,41.93,88.66666666666666,"Japan, JP",0.988463,50135987
2026-09-21T12:18:55.647545+00:00,vast.ai,marketplace,RTX A4000,0.0915925925925926,1,15.99,19.912039003958878,217.39791876542242,41.93,75.33333333333333,"Japan, JP",0.9906548,49635426
2026-09-21T12:18:55.647545+00:00,vast.ai,marketplace,RTX A4000,0.0915925925925926,1,15.99,21.093604231945882,230.2981456783416,31.37,470.075,"Japan, JP",0.9604442,51276970
2026-09-21T12:18:55.647545+00:00,vast.ai,marketplace,RTX 5060 Ti,0.0937962962962963,1,15.93,38.38963549353913,409.2873280653728,31.23,35.0,"Indonesia, ID",0.9941044,48459000
2026-09-21T12:18:55.647545+00:00,vast.ai,marketplace,RTX 3070,0.09472222222222222,1,8.0,16.2906238873442,171.98312608339918,31.22,750.0,"France, FR",0.9872415,20155807
2026-09-21T12:18:55.647545+00:00,vast.ai,marketplace,RTX 3080,0.09472222222222222,1,10.0,23.58523853535565,248.99372060786024,20.22,93.11428571428571,"Florida, US",0.9932863,51194604
2026-09-21T12:18:55.647545+00:00,vast.ai,marketplace,RTX 4060 Ti,0.09472222222222222,1,16.0,22.486795796367005,237.39725767425577,31.31,725.8186780203721,"Vietnam, VN",0.9952421,45241067
2026-09-21T12:18:55.647545+00:00,vast.ai,marketplace,RTX 3070,0.09518518518518519,1,8.0,16.312984494667592,171.38154916576846,54.92,3311.5,"Utah, US",0.9971919,50422428
2026-09-21T12:18:55.647545+00:00,vast.ai,marketplace,RTX 3070,0.09518518518518519,1,8.0,16.279381572723597,171.02852235935296,31.23,377.0,"Spain, ES",0.9594735,51710062
2026-09-21T12:18:55.647545+00:00,vast.ai,marketplace,Tesla P100,0.09564814814814815,1,16.0,6.489584450329015,67.84851119414652,39.01,563.925,"Texas, US",0.9917126,48981933
2026-09-21T12:18:55.647545+00:00,vast.ai,marketplace,RTX 4060 Ti,0.09564814814814815,1,16.0,22.535055162917324,235.60367450097493,23.54,346.6,"United States, US",0.9664447,47543124
2026-09-21T12:18:55.647545+00:00,vast.ai,marketplace,RTX 4060 Ti,0.09888888888888889,1,16.0,22.468678624543735,227.21135687740855,20.96,500.44999999999993,"Japan, JP",0.9531437,51188706
2026-09-21T12:18:55.647545+00:00,vast.ai,marketplace,RTX 4070S,0.09935185185185186,1,11.99,34.78820943882729,350.151595470023,11.78,134.375,"United States, US",0.9852596,39568831
2026-09-21T12:18:55.647545+00:00,vast.ai,marketplace,RTX 3070,0.10092592592592592,1,8.0,16.42021690508752,162.69572713297728,31.41,248.0,"British Columbia, CA",0.9991228,32999046
2026-09-21T12:18:55.647545+00:00,vast.ai,marketplace,RTX 3060,0.10337777777777779,1,12.0,12.26689919347755,118.6608907365627,27.51,1018.0,"Texas, US",0.99813,50069458
2026-09-21T12:18:55.647545+00:00,vast.ai,marketplace,RTX 4060 Ti,0.10469444444444444,1,16.0,22.6180924513898,216.03908947997687,31.33,675.0,"Vietnam, VN",0.8396223,48264082
2026-09-21T12:18:55.647545+00:00,vast.ai,marketplace,RTX A4000,0.1063148148148148,1,15.99,21.188393779682055,199.29860026177167,39.26,327.75,"Estonia, EE",0.9966249,46119330
2026-09-21T12:18:55.647545+00:00,vast.ai,marketplace,Tesla P40,0.10672222222222222,1,24.0,5.87904,55.08730869338886,62.81,693.75,"Thailand, TH",0.9881589,47185196
2026-09-21T12:18:55.647545+00:00,vast.ai,marketplace,RTX 4060,0.10740740740740741,1,8.0,15.657350249471419,145.77532990887184,62.72,1510.0,"Quebec, CA",0.9967819,49869577
2026-09-21T12:18:55.647545+00:00,vast.ai,marketplace,A16,0.1075925925925926,1,15.0,15.796279124906949,146.8156751712522,31.47,436.575,"Vietnam, VN",0.99672,46601059
2026-09-21T12:18:55.647545+00:00,vast.ai,marketplace,RTX 4070,0.10805555555555556,1,11.99,20.143734465267567,186.42016471712915,20.96,101.40833333333337,"Washington, US",0.9992954,16213987
2026-09-21T12:18:55.647545+00:00,vast.ai,marketplace,RTX A4000,0.10805555555555556,1,15.99,21.189996229700604,196.10279287126522,23.57,45.25,"Delaware, US",0.9986317,48328454
2026-09-21T12:18:55.647545+00:00,vast.ai,marketplace,RTX 4060 Ti,0.10805555555555556,1,16.0,22.68187425703874,209.909376157685,20.88,199.66666666666666,"Ohio, US",0.9703976,51630298
2026-09-21T12:18:55.647545+00:00,vast.ai,marketplace,RTX A4000,0.10898148148148148,1,15.99,21.181977964298408,194.36309431981547,47.22,383.8375,"Estonia, EE",0.9264084,51587985
2026-09-21T12:18:55.647545+00:00,vast.ai,marketplace,RTX 3070,0.10898148148148148,1,8.0,16.282758629735092,149.408490400288,125.88,217.22500000000002,"Norway, NO",0.9947096,50375417
2026-09-21T12:18:55.647545+00:00,vast.ai,marketplace,RTX 4060 Ti,0.10898148148148148,1,16.0,22.522997544622854,206.6681168070746,15.56,796.1257468552675,"Romania, RO",0.9609139,51432768
2026-09-21T12:18:55.647545+00:00,vast.ai,marketplace,RTX 4060 Ti,0.10938888888888888,1,16.0,23.00591737626955,210.31310958499336,25.13,233.8,"Poland, PL",0.9974905,51116233
2026-09-21T12:18:55.647545+00:00,vast.ai,marketplace,RTX 3060 laptop,0.11785185185185186,1,12.0,12.78187728671498,108.45716113805922,15.59,320.85,"New Zealand, NZ",0.9930277,51286013
2026-09-21T12:18:55.647545+00:00,vast.ai,marketplace,RTX 3060 Ti,0.11839814814814813,1,8.0,11.231688758246793,94.8637198631934,7.61,298.0,"Spain, ES",0.9938343,46485962
2026-09-21T12:18:55.647545+00:00,vast.ai,marketplace,RTX 3070,0.1187222222222222,1,8.0,16.278255054370714,137.11211557261248,31.23,1643.8,"Quebec, CA",0.998694,50693441
2026-09-21T12:18:55.647545+00:00,vast.ai,marketplace,RTX 3080 Ti,0.12005555555555554,1,12.0,34.31274334338497,285.8072097088985,50.35,112.58,"Quebec, CA",0.9992926,51827238
2026-09-21T12:18:55.647545+00:00,vast.ai,marketplace,RTX 4060 Ti,0.12013888888888889,1,16.0,22.522997544622854,187.4746616431035,23.57,325.825,"Jiangsu, CN",0.9914833,49517347
2026-09-21T12:18:55.647545+00:00,vast.ai,marketplace,RTX 3060,0.12089629629629632,1,12.0,12.253100954766765,101.35216156445763,62.94,1456.25,"Texas, US",0.9990374,31850488
2026-09-21T12:18:55.647545+00:00,vast.ai,marketplace,RTX A4000,0.1213888888888889,1,15.99,21.188393779682055,174.54969704085903,15.66,216.16666666666666,"Utah, US",0.9631885,50591557
2026-09-21T12:18:55.647545+00:00,vast.ai,marketplace,RTX 3060,0.1213888888888889,1,12.0,12.26615158836682,101.04838837098525,62.72,1564.2,"Oklahoma, US",0.9222692,51680484
2026-09-21T12:18:55.647545+00:00,vast.ai,marketplace,Titan V,0.1213888888888889,1,12.0,21.927007550208472,180.6343871413055,15.59,388.0,"South Korea, KR",0.9970279,50869940
2026-09-21T12:18:55.647545+00:00,vast.ai,marketplace,RTX 3080 Ti,0.1213888888888889,1,12.0,34.93008905800306,287.75359407050576,31.26,650.0,"Oregon, US",0.5151397,38475407
2026-09-21T12:18:55.647545+00:00,vast.ai,marketplace,RTX 3070 Ti,0.12231481481481482,1,8.0,18.31439594163188,149.73162465527955,31.41,370.75,"Norway, NO",0.9972141,36538844
2026-09-21T12:18:55.647545+00:00,vast.ai,marketplace,Tesla V100,0.12277777777777779,1,32.0,23.192176196426026,188.8955527310717,39.31,215.25,"United States, US",0.9704464,47619162
2026-09-21T12:18:55.647545+00:00,vast.ai,marketplace,RTX 5060 Ti,0.12277777777777779,1,15.93,38.375975201203396,312.5645039012041,15.63,293.0,"Romania, RO",0.9624948,51432144
2026-09-21T12:18:55.647545+00:00,vast.ai,marketplace,RTX 5060 Ti,0.12492592592592593,1,15.93,38.38963549353913,307.2991871703399,15.55,60.0,"Ukraine, UA",0.987014,44318240
2026-09-21T12:18:55.647545+00:00,vast.ai,marketplace,RTX 5060 Ti,0.12685185185185183,1,7.96,30.13550226627537,237.56454341297376,15.56,88.0,"Virginia, US",0.9957068,40931299
2026-09-21T12:18:55.647545+00:00,vast.ai,marketplace,RTX 3060,0.13425925925925924,1,12.0,12.337460403838445,91.89280852514153,125.53,2823.0,"Japan, JP",0.996741,51223888
2026-09-21T12:18:55.647545+00:00,vast.ai,marketplace,RTX 3060,0.13425925925925924,1,12.0,12.407836284181814,92.4169874959749,31.18,1626.3,"South Korea, KR",0.919528,50564535
2026-09-21T12:18:55.647545+00:00,vast.ai,marketplace,RTX 5060 Ti,0.13425925925925924,1,15.93,38.375975201203396,285.8348497744805,15.53,172.0,"Ukraine, UA",0.9540182,51022649
2026-09-21T12:18:55.647545+00:00,vast.ai,marketplace,RTX 2060S,0.13472222222222222,1,8.0,3.9592396557420164,29.3881706405593,15.54,323.0,"The Netherlands, NL",0.9651686,51780352
2026-09-21T12:18:55.647545+00:00,vast.ai,marketplace,RTX 3060,0.13472222222222222,1,12.0,12.547255056998587,93.13426434060807,110.06,133.0,"Massachusetts, US",0.9750994,50113629
2026-09-21T12:18:55.647545+00:00,vast.ai,marketplace,RTX 3060 Ti,0.13472222222222222,1,8.0,13.776522212633388,102.25872157830969,94.31,123.19999999999999,"Massachusetts, US",0.9468546,51361323
2026-09-21T12:18:55.647545+00:00,vast.ai,marketplace,RTX 4060 Ti,0.13472222222222222,1,16.0,22.52902695465334,167.22576708608665,19.43,338.0,"Kentucky, US",0.9790483,40407013
2026-09-21T12:18:55.647545+00:00,vast.ai,marketplace,RTX 4060 Ti,0.13472222222222222,1,16.0,22.614867773460208,167.8629360504263,31.18,355.0,"Kentucky, US",0.9930329,37529335
2026-09-21T12:18:55.647545+00:00,vast.ai,marketplace,Tesla V100,0.13472222222222222,1,32.0,25.71306491342886,190.85986327493586,31.48,110.25,"Ukraine, UA",0.961313,51159025
2026-09-21T12:18:55.647545+00:00,vast.ai,marketplace,RTX 3070,0.13564814814814816,1,8.0,16.40944897691771,120.9706818776186,62.89,362.4549985496959,"Norway, NO",0.9978953,16581606
2026-09-21T12:18:55.647545+00:00,vast.ai,marketplace,RTX 4070,0.1375,1,11.99,33.61441782157047,244.4684932477852,31.26,341.5,"Saskatchewan, CA",0.9846915,50209652
2026-09-21T12:18:55.647545+00:00,vast.ai,marketplace,RTX 5060 Ti,0.1413888888888889,1,15.93,38.3691436852251,271.3731184023779,31.31,110.5,"Vietnam, VN",0.9800579,50879376
2026-09-21T12:18:55.647545+00:00,vast.ai,marketplace,RTX 5060 Ti,0.14405555555555555,1,15.93,38.382805803843624,266.4444675932068,31.41,696.2587857274334,"British Columbia, CA",0.9984107,43619154
2026-09-21T12:18:55.647545+00:00,vast.ai,marketplace,RTX 3080 Ti,0.14731481481481482,1,12.0,32.905864399180984,223.37104683290676,11.7,74.966733450864,"Poland, PL",0.9902876,51796614
2026-09-21T12:18:55.647545+00:00,vast.ai,marketplace,RTX 3060,0.14759259259259258,1,12.0,12.274355410390498,83.16376313188042,62.59,2612.0,"Maryland, US",0.9724642,51070855
2026-09-21T12:18:55.647545+00:00,vast.ai,marketplace,RTX 3090,0.14805555555555555,1,24.0,44.84837490551634,302.915853020373,35.93,128.02857142857147,"Taiwan, TW",0.9934715,43291720
2026-09-21T12:18:55.647545+00:00,vast.ai,marketplace,RTX A4000,0.14805555555555555,1,15.99,21.191598078871984,143.13274499800966,62.87,383.4,"Massachusetts, US",0.916816,51648677
2026-09-21T12:18:55.647545+00:00,vast.ai,marketplace,RTX 3060 Ti,0.14805555555555555,1,8.0,13.853623525639742,93.5704403232703,110.12,83.25,"Massachusetts, US",0.9945743,46460412
2026-09-21T12:18:55.647545+00:00,vast.ai,marketplace,RTX 3060 Ti,0.14805555555555555,1,8.0,13.932156277121331,94.10086791301462,94.31,146.5,"Massachusetts, US",0.9893437,47798927
2026-09-21T12:18:55.647545+00:00,vast.ai,marketplace,RTX 5060 Ti,0.14805555555555555,1,15.93,38.36231125551517,259.1075431892207,31.31,716.5428325198426,"Thailand, TH",0.9982892,48795949
2026-09-21T12:18:55.647545+00:00,vast.ai,marketplace,RTX 5060 Ti,0.14805555555555555,1,15.93,38.3691436852251,259.153690932102,30.96,346.0,"Norway, NO",0.9951142,50613686
2026-09-21T12:18:55.647545+00:00,vast.ai,marketplace,RTX 5060 Ti,0.14805555555555555,1,15.93,38.3691436852251,259.153690932102,31.46,379.75354818159155,"Connecticut, US",0.9882819,49816736
2026-09-21T12:18:55.647545+00:00,vast.ai,marketplace,RTX 3090,0.14851851851851852,1,24.0,44.3633895822079,298.70611439391854,41.21,121.66666666666666,"Serbia, RS",0.9890655,50744894
2026-09-21T12:18:55.647545+00:00,vast.ai,marketplace,RTX 3080 Ti,0.14851851851851852,1,12.0,33.963444174562376,228.68154431750227,31.32,231.5,"Quebec, CA",0.9955778,50115909
2026-09-21T12:18:55.647545+00:00,vast.ai,marketplace,RTX 3090,0.15268518518518517,1,24.0,44.36601777471118,290.57185686287494,31.47,126.2875,"United States, US",0.985374,48086797
2026-09-21T12:18:55.647545+00:00,vast.ai,marketplace,RTX 3090,0.15268518518518517,1,24.0,44.84703325786723,293.72223116128936,53.96,334.7142857142857,", US",0.9896642,48317503
2026-09-21T12:18:55.647545+00:00,vast.ai,marketplace,RTX 3090,0.15268518518518517,1,24.0,43.42524577804605,284.41034226979826,23.59,286.65798038782214,", US",0.9896875,43751730
2026-09-21T12:18:55.647545+00:00,vast.ai,marketplace,RTX 3070,0.15143155555555554,1,8.0,16.280507674579923,107.51066787138107,31.4,101.50000000000003,"Oklahoma, US",0.9884308,51372572
2026-09-21T12:18:55.647545+00:00,vast.ai,marketplace,RTX 3080,0.15738888888888888,1,10.0,27.106036164486508,172.22331484671977,31.35,459.0,"The Netherlands, NL",0.9958356,39787603
2026-09-21T12:18:55.647545+00:00,vast.ai,marketplace,RTX 5060 Ti,0.16092592592592592,1,15.93,38.40329213566825,238.63955987641953,31.35,1699.65,"Maryland, US",0.9071135,51621270
2026-09-21T12:18:55.647545+00:00,vast.ai,marketplace,RTX 3090,0.1613888888888889,1,24.0,44.3607604204072,274.8687392658622,23.93,82.5,"Serbia, RS",0.9927695,51573313
2026-09-21T12:18:55.647545+00:00,vast.ai,marketplace,RTX 4070 Ti,0.1613888888888889,1,11.99,35.65191833140616,220.90689499666468,62.73,3348.0,"Minnesota, US",0.9972792,50519815
2026-09-21T12:18:55.647545+00:00,vast.ai,marketplace,RTX 4060 Ti,0.1613888888888889,1,8.0,18.0119214339277,111.60570940127319,31.17,605.0,"Mexico, MX",0.9866057,40172426
2026-09-21T12:18:55.647545+00:00,vast.ai,marketplace,RTX 3090,0.16185185185185186,1,24.0,44.36733150764498,274.1231008481497,41.92,156.33333333333331,"Czechia, CZ",0.9733921,27187357
2026-09-21T12:18:55.647545+00:00,vast.ai,marketplace,RTX 5060 Ti,0.16185185185185186,1,15.93,38.300778205151055,236.64096373891954,62.88,340.825,"Florida, US",0.9974565,50388948
2026-09-21T12:18:55.647545+00:00,vast.ai,marketplace,RTX 3070 Ti,0.16231481481481483,1,8.0,18.313692484189414,112.8282252306022,62.92,2299.945621414297,"South Carolina, US",0.9586305,47975556
2026-09-21T12:18:55.647545+00:00,vast.ai,marketplace,RTX 5060 Ti,0.16462962962962963,1,15.93,38.375975201203396,233.10491123340645,31.3,337.0,"Texas, US",0.9909544,47987040
2026-09-21T12:18:55.647545+00:00,vast.ai,marketplace,RTX 5060 Ti,0.16462962962962963,1,15.93,38.382805803843624,233.14640195810526,31.19,673.0,"Illinois, US",0.9211724,51526997
2026-09-21T12:18:55.647545+00:00,vast.ai,marketplace,RTX 5060 Ti,0.16677777777777777,1,15.93,38.42377026159708,230.38902888366002,125.96,1223.4351302939017,"Italy, IT",0.995658,48540476
2026-09-21T12:18:55.647545+00:00,vast.ai,marketplace,RTX 3080,0.16805555555555554,1,10.0,26.962062575937452,160.43541367499972,31.14,100.0,"Argentina, AR",0.9848286,45863091
2026-09-21T12:18:55.647545+00:00,vast.ai,marketplace,RTX 3060,0.1681666666666667,1,12.0,12.50763235647156,74.37640648050481,62.86,278.0,"New York, US",0.9979466,48275195
2026-09-21T12:18:55.647545+00:00,vast.ai,marketplace,RTX 3090,0.17472222222222222,1,24.0,44.362075122503484,253.90058893642694,31.41,272.6920802920297,"Thailand, TH",0.5879648,50514583
2026-09-21T12:18:55.647545+00:00,vast.ai,marketplace,RTX A5000,0.17472222222222222,1,22.49,33.123133414503116,189.57596230876186,94.38,673.675,"Australia, AU",0.9928443,11925444
2026-09-21T12:18:55.647545+00:00,vast.ai,marketplace,RTX 3090,0.17472222222222222,1,24.0,43.8850481143513,251.1703866640138,31.44,115.75,"Estonia, EE",0.991557,48194982
2026-09-21T12:18:55.647545+00:00,vast.ai,marketplace,RTX 3090,0.17472222222222222,1,24.0,44.36864499845682,253.93819077018213,31.46,305.23067119111624,", CN",0.9968694,45174332
2026-09-21T12:18:55.647545+00:00,vast.ai,marketplace,RTX 3070,0.17472222222222222,1,8.0,16.280507674579923,93.17937619791371,7.79,226.0,"France, FR",0.9975271,51557376
2026-09-21T12:18:55.647545+00:00,vast.ai,marketplace,RTX 3070 Ti,0.17472222222222222,1,8.0,18.212628377874886,104.23761869689919,62.57,306.0,"Massachusetts, US",0.9919493,44162569
2026-09-21T12:18:55.647545+00:00,vast.ai,marketplace,RTX 3080 Ti,0.17472222222222222,1,12.0,30.56525815305209,174.93629467565583,31.3,394.0,"Ukraine, UA",0.9899509,50044294
2026-09-21T12:18:55.647545+00:00,vast.ai,marketplace,RTX 4070S Ti,0.1751851851851852,1,15.99,51.015524456552086,291.20912480484276,62.7,689.0,"Spain, ES",0.9935941,49130709
2026-09-21T12:18:55.647545+00:00,vast.ai,marketplace,RTX 5060 Ti,0.1773888888888889,1,15.93,38.50384941987168,217.05896948252118,62.94,359.0,"Germany, DE",0.9960832,44053701
2026-09-21T12:18:55.647545+00:00,vast.ai,marketplace,RTX 4070S,0.1805910939259259,1,11.99,34.704784700971466,192.17329020226506,15.7,169.375,"California, US",0.5882428,48453452
2026-09-21T12:18:55.647545+00:00,vast.ai,marketplace,RTX 4060 Ti,0.18078703703703705,1,16.0,22.50490209483634,124.48294116477975,251.88,720.65,"Germany, DE",0.9986149,49407382
2026-09-21T12:18:55.647545+00:00,vast.ai,marketplace,RTX 3090,0.1875925925925926,1,24.0,44.36601777471118,236.50197036864796,62.89,320.5,"Japan, JP",0.851097,51688771
2026-09-21T12:18:55.647545+00:00,vast.ai,marketplace,RTX 5060 Ti,0.1878240740740741,1,15.93,38.382805803843624,204.35509128987485,23.38,480.0,"New Jersey, US",0.9948015,51153246
2026-09-21T12:18:55.647545+00:00,vast.ai,marketplace,RTX 3090,0.18805555555555556,1,24.0,45.08499326434961,239.74294793450312,31.31,517.0,"Kansas, US",0.9913269,42283669
2026-09-21T12:18:55.647545+00:00,vast.ai,marketplace,RTX 4070,0.18805555555555556,1,11.99,33.619153921608124,178.77245807649814,15.35,321.0,"France, FR",0.9972673,39309239
2026-09-21T12:18:55.647545+00:00,vast.ai,marketplace,RTX 3080,0.18850925925925927,1,20.0,34.35464073909956,182.24378406713257,62.26,3170.7,"Italy, IT",0.9867811,48926677
2026-09-21T12:18:55.647545+00:00,vast.ai,marketplace,RTX 4070,0.19483333333333333,1,11.99,33.72362672627348,173.08961536154052,62.86,738.0,"New York, US",0.9972846,50860552
2026-09-21T12:18:55.647545+00:00,vast.ai,marketplace,RTX 4070S Ti,0.19518518518518518,1,15.99,31.73301974159317,162.5790385242914,50.34,258.30916883209846,"Bulgaria, BG",0.9887755,50223787
2026-09-21T12:18:55.647545+00:00,vast.ai,marketplace,RTX 3080,0.2009259259259259,1,10.0,26.545317518300493,132.11494433071215,15.66,206.5,"Taiwan, TW",0.9993475,36729002
2026-09-21T12:18:55.647545+00:00,vast.ai,marketplace,RTX 4070S Ti,0.20138888888888887,1,15.99,51.0209211458545,253.34526362079478,30.98,1573.5,"Ontario, CA",0.9950769,39160561
2026-09-21T12:18:55.647545+00:00,vast.ai,marketplace,RTX 4070S Ti,0.20138888888888887,1,15.99,54.20951669217445,269.1782897818318,31.06,1470.0,"Washington, US",0.9980672,51860038
2026-09-21T12:18:55.647545+00:00,vast.ai,marketplace,RTX 4000Ada,0.20138888888888887,1,20.0,31.336529574562707,155.6020778874838,41.88,522.6666666666666,"Romania, RO",0.9784618,50976691
2026-09-21T12:18:55.647545+00:00,vast.ai,marketplace,Titan RTX,0.20138888888888887,1,24.0,12.057292800000003,59.87069528275864,15.59,371.0,"South Korea, KR",0.9971431,50869879
2026-09-21T12:18:55.647545+00:00,vast.ai,marketplace,Titan RTX,0.20138888888888887,1,24.0,12.057292800000003,59.87069528275864,31.32,318.5,"South Korea, KR",0.9986063,50736360
2026-09-21T12:18:55.647545+00:00,vast.ai,marketplace,RTX 3080,0.20138888888888887,1,10.0,27.008407177876016,134.1107115039361,15.59,354.0,"Taiwan, TW",0.9901164,50519288
2026-09-21T12:18:55.647545+00:00,vast.ai,marketplace,RTX 4060 Ti,0.20138888888888887,1,16.0,22.498867868639216,111.71851631324301,124.44,661.2096777997731,"Texas, US",0.9980679,37119324
2026-09-21T12:18:55.647545+00:00,vast.ai,marketplace,RTX 5060 Ti,0.20138888888888887,1,15.93,38.88063014190477,193.06243932532024,62.94,986.344160548287,"Texas, US",0.9972843,50417801
2026-09-21T12:18:55.647545+00:00,vast.ai,marketplace,RTX 5060 Ti,0.20138888888888887,1,15.93,38.3691436852251,190.52264450594532,41.92,470.16666666666663,"Texas, US",0.9948137,50294993
2026-09-21T12:18:55.647545+00:00,vast.ai,marketplace,RTX 5060 Ti,0.20203703703703701,1,15.93,38.3691436852251,189.9114352889235,31.47,318.875,"Denmark, DK",0.9970218,51634730
2026-09-21T12:18:55.647545+00:00,vast.ai,marketplace,RTX 5060 Ti,0.20203703703703701,1,15.93,38.382805803843624,189.97905714093088,21.98,231.8,"Denmark, DK",0.9984998,51634690
2026-09-21T12:18:55.647545+00:00,vast.ai,marketplace,RTX 3090,0.2023148148148148,1,24.0,40.5828335230911,200.5924952171093,62.86,238.0,"Michigan, US",0.9954185,45859549
2026-09-21T12:18:55.647545+00:00,vast.ai,marketplace,RTX 5070,0.20416666666666666,1,11.94,13.135047584274083,64.33492694338327,62.85,145.5,"Saskatchewan, CA",0.9951306,48609915
2026-09-21T12:18:55.647545+00:00,vast.ai,marketplace,Tesla V100,0.20938888888888887,1,32.0,25.71306491342886,122.80052227161568,94.14,1102.0,"Minnesota, US",0.9980204,46400809
2026-09-21T12:18:55.647545+00:00,vast.ai,marketplace,RTX 5070,0.20944444444444443,1,11.94,50.18529991346197,239.6115115231606,15.26,1503.0,"Ukraine, UA",0.9716447,51907918
2026-09-21T12:18:55.647545+00:00,vast.ai,marketplace,RTX 3080 Ti,0.21472222222222223,1,12.0,34.51918464822855,160.76205010817955,15.59,380.0,"Taiwan, TW",0.9973923,47987427
2026-09-21T12:18:55.647545+00:00,vast.ai,marketplace,RTX 3090,0.2151851851851852,1,24.0,44.64553445532404,207.47494497310655,31.46,680.3630556685284,"Quebec, CA",0.9777581,51066766
2026-09-21T12:18:55.647545+00:00,vast.ai,marketplace,RTX 3070,0.21638888888888888,1,8.0,16.279381572723597,75.2320586159242,15.67,340.25,"Oklahoma, US",0.9942193,43271041
2026-09-21T12:18:55.647545+00:00,vast.ai,marketplace,RTX 4070S,0.21990840325925926,1,11.99,34.731356977760385,157.93556072895555,15.68,400.725,"California, US",0.9385007,51485188
2026-09-21T12:18:55.647545+00:00,vast.ai,marketplace,RTX 4060 Ti,0.2253888888888889,1,16.0,22.52902695465334,99.95624480743409,62.89,720.25,"Quebec, CA",0.9984898,49645018
2026-09-21T12:18:55.647545+00:00,vast.ai,marketplace,RTX 4060 Ti,0.2253888888888889,1,16.0,22.510935115624875,99.87597537127132,62.94,278.7518120679837,"Quebec, CA",0.9978976,49744617
2026-09-21T12:18:55.647545+00:00,vast.ai,marketplace,RTX 5080,0.22851851851851854,1,15.92,83.82598664734599,366.82360445353993,61.82,167.58832416167974,"Serbia, RS",0.9738111,51066116
2026-09-21T12:18:55.647545+00:00,vast.ai,marketplace,RTX 3090,0.2289814814814815,1,24.0,44.369958247214115,193.7709458430701,62.94,334.76720881890236,"Sweden, SE",0.995072,51256347
2026-09-21T12:18:55.647545+00:00,vast.ai,marketplace,RTX A5000,0.23170370370370372,1,23.99,35.34025071340273,152.5234605597624,100.72,27.8,"Iceland, IS",0.9990454,9817738
2026-09-21T12:18:55.647545+00:00,vast.ai,marketplace,Tesla V100,0.23222222222222225,1,32.0,25.71306491342886,110.72611685208598,94.27,743.0,"Bulgaria, BG",0.9925979,44696067
2026-09-21T12:18:55.647545+00:00,vast.ai,marketplace,RTX 3090,0.2400925925925926,1,24.0,44.3633895822079,184.77616949010618,62.6,619.0,"Missouri, US",0.9967594,51068890
2026-09-21T12:18:55.647545+00:00,vast.ai,marketplace,RTX 5060 Ti,0.240462962962963,1,15.93,38.39646427068305,159.6772484110038,125.94,10780.725,"Denmark, DK",0.9912837,49967737
2026-09-21T12:18:55.647545+00:00,vast.ai,marketplace,RTX 5060 Ti,0.24092592592592593,1,15.93,38.40329213566825,159.39875290746238,30.2,1675.8,"Minnesota, US",0.9936054,51358363
2026-09-21T12:18:55.647545+00:00,vast.ai,marketplace,RTX 4070S Ti,0.2413888888888889,1,15.99,51.031713354389446,211.4087089479885,60.48,649.0,"Saskatchewan, CA",0.9899712,50084549
2026-09-21T12:18:55.647545+00:00,vast.ai,marketplace,RTX PRO 4000,0.2413888888888889,1,23.89,65.7283338112971,272.29229196854953,29.97,313.0,"Slovakia, SK",0.9981509,45680120
2026-09-21T12:18:55.647545+00:00,vast.ai,marketplace,RTX 3080 Ti,0.24185185185185187,1,12.0,33.96962160262383,140.45632209354417,31.41,681.75,"Florida, US",0.9863909,49921400
2026-09-21T12:18:55.647545+00:00,vast.ai,marketplace,RTX 5070 Ti,0.24185185185185187,1,15.92,76.21553911200697,315.13316325025846,62.7,432.0,"Vietnam, VN",0.8798883,45254237
2026-09-21T12:18:55.647545+00:00,vast.ai,marketplace,RTX 5060 Ti,0.24185185185185187,1,15.93,38.375975201203396,158.67554830512887,251.56,1468.0,"Norway, NO",0.9989131,44003149
2026-09-21T12:18:55.647545+00:00,vast.ai,marketplace,RTX 3090,0.24370370370370373,1,24.0,44.88941751837439,184.19669802372468,28.26,498.07244276497005,"Estonia, EE",0.990385,45557886
2026-09-21T12:18:55.647545+00:00,vast.ai,marketplace,Tesla V100,0.24555555555555558,1,32.0,25.71306491342886,104.71383901396366,62.87,1642.25,"Bulgaria, BG",0.9920671,35822231
2026-09-21T12:18:55.647545+00:00,vast.ai,marketplace,Tesla V100,0.24938888888888888,1,32.0,25.71306491342886,103.10429236839373,94.14,949.5,"Minnesota, US",0.9995821,17928796
2026-09-21T12:18:55.647545+00:00,vast.ai,marketplace,RTX 4070S Ti,0.2520555555555556,1,15.99,51.02631744509022,202.44075689037334,31.44,635.5,"Minnesota, US",0.9995874,47095365
2026-09-21T12:18:55.647545+00:00,vast.ai,marketplace,Q RTX 8000,0.25425925925925924,1,45.0,11.59033456697642,45.5847098774018,47.22,84.26666552089398,"Indiana, US",0.9978419,24936699
2026-09-21T12:18:55.647545+00:00,vast.ai,marketplace,RTX PRO 4000,0.25425925925925924,1,23.89,65.75230423708362,258.60338155881396,62.88,18.25,"South Korea, KR",0.996764,45704066
2026-09-21T12:18:55.647545+00:00,vast.ai,marketplace,Tesla V100,0.2613888888888889,1,32.0,25.71306491342886,98.37091784096056,94.32,1316.9910188003075,"Minnesota, US",0.9994637,44175684
2026-09-21T12:18:55.647545+00:00,vast.ai,marketplace,RTX 3090,0.26805555555555555,1,24.0,44.83494732894469,167.25990713388694,31.41,704.9,"New York, US",0.9821881,51494654
2026-09-21T12:18:55.647545+00:00,vast.ai,marketplace,RTX 3090,0.26805555555555555,1,24.0,43.74154122191922,163.18087916985408,125.87,49.0,"Massachusetts, US",0.9972273,44280029
2026-09-21T12:18:55.647545+00:00,vast.ai,marketplace,RTX 2060S,0.26805555555555555,1,8.0,3.8761786839432335,14.460355712119835,23.4,2429.1,"California, US",0.983959,50950849
2026-09-21T12:18:55.647545+00:00,vast.ai,marketplace,RTX 4080,0.26805555555555555,1,15.99,53.16193574502214,198.32431987780282,23.45,1495.0,"North Carolina, US",0.9970789,39750750
2026-09-21T12:18:55.647545+00:00,vast.ai,marketplace,RTX 5070 Ti,0.26805555555555555,1,15.92,76.12748739069791,283.9989166906865,15.59,344.4,"South Korea, KR",0.9961046,51511969
2026-09-21T12:18:55.647545+00:00,vast.ai,marketplace,RTX 3090,0.2685185185185185,1,24.0,44.59230362223427,166.06788935176903,31.26,581.5,"Norway, NO",0.9978554,51755017
2026-09-21T12:18:55.647545+00:00,vast.ai,marketplace,RTX 3090,0.2685185185185185,1,24.0,44.25149758126518,164.79868064747032,31.36,351.5,"Norway, NO",0.9989076,51754803
2026-09-21T12:18:55.647545+00:00,vast.ai,marketplace,RTX 4080S,0.2685185185185185,1,15.99,55.63550548884802,207.19429630329608,31.25,629.2,"Florida, US",0.996726,51827564
2026-09-21T12:18:55.647545+00:00,vast.ai,marketplace,RTX 5080,0.2685185185185185,1,15.92,83.65023891401022,311.5250276797622,31.23,719.0,"Florida, US",0.9928115,51155763
2026-09-21T12:18:55.647545+00:00,vast.ai,marketplace,RTX A5000,0.26944444444444443,1,22.49,32.02850303543904,118.86867105936138,47.19,53.5,"Delaware, US",0.9996366,45242052
2026-09-21T12:18:55.647545+00:00,vast.ai,marketplace,RTX 5060 Ti,0.2708333333333333,1,15.93,38.38963549353913,141.74634643768294,15.54,230.0,"Washington, US",0.9936915,51336122
2026-09-21T12:18:55.647545+00:00,vast.ai,marketplace,RTX 3060,0.2712555555555555,1,12.0,12.27212232448754,45.24192066537823,15.73,171.475,"Czechia, CZ",0.9989395,46528530
2026-09-21T12:18:55.647545+00:00,vast.ai,marketplace,RTX 5080,0.2827777777777778,1,15.92,83.74328302781548,296.14520520642014,50.3,594.9399999999999,"Illinois, US",0.9901778,50279544
2026-09-21T12:18:55.647545+00:00,vast.ai,marketplace,RTX 5070 Ti,0.2864814814814815,1,15.92,76.15458837883678,265.8272638950993,31.28,433.0,"Arizona, US",0.955371,51286294
2026-09-21T12:18:55.647545+00:00,vast.ai,marketplace,RTX PRO 4000,0.29324074074074075,1,23.89,66.8263312355984,227.88897295372993,31.44,478.75,"North Carolina, US",0.9733479,51819929
2026-09-21T12:18:55.647545+00:00,vast.ai,marketplace,RTX 3090,0.297962962962963,1,24.0,43.59309356134264,146.30373227548182,31.33,188.5,"Thailand, TH",0.9880729,50130170
2026-09-21T12:18:55.647545+00:00,vast.ai,marketplace,RTX 4500Ada,0.3080555555555556,1,23.99,40.63364089361319,131.90361336069205,124.94,3032.6,"Japan, JP",0.9954412,51047523
2026-09-21T12:18:55.647545+00:00,vast.ai,marketplace,L4,0.30990740740740746,1,22.49,25.34403650210712,81.77938279735788,46.19,443.0,"Utah, US",0.9939812,48000711
2026-09-21T12:18:55.647545+00:00,vast.ai,marketplace,RTX 4500Ada,0.3136111111111111,1,23.99,40.63364089361319,129.56696830558678,23.34,134.0,"France, FR",0.9895785,51136776
2026-09-21T12:18:55.647545+00:00,vast.ai,marketplace,RTX 5080,0.3147222222222222,1,15.92,83.86032444184691,266.45822417533003,31.27,565.1939124601231,"Thailand, TH",0.9112517,51876380
2026-09-21T12:18:55.647545+00:00,vast.ai,marketplace,L4,0.3213888888888889,1,22.49,25.321792081050233,78.78863568866106,31.32,296.25,"South Korea, KR",0.9859207,50457502
2026-09-21T12:18:55.647545+00:00,vast.ai,marketplace,RTX 4080,0.32363333333333333,1,15.99,53.18509996303974,164.33752177270495,62.88,134.5,"Ontario, CA",0.9980707,49852985
2026-09-21T12:18:55.647545+00:00,vast.ai,marketplace,RTX A4000,0.32413555555555557,1,15.99,21.156218073271873,65.26966175312347,31.19,318.0,"Michigan, US",0.9948014,50923400
2026-09-21T12:18:55.647545+00:00,vast.ai,marketplace,RTX 4080S,0.32416666666666666,1,31.99,70.96136173655852,218.90394366033476,62.85,362.9666666666667,"Ontario, CA",0.9972059,50555695
2026-09-21T12:18:55.647545+00:00,vast.ai,marketplace,RTX 5080,0.32601851851851854,1,15.92,41.047677932632006,125.90597036990219,30.94,688.6,"The Netherlands, NL",0.9277401,49691112
2026-09-21T12:18:55.647545+00:00,vast.ai,marketplace,RTX 5000Ada,0.3347222222222222,1,31.99,64.09436068089677,191.48522693048,62.88,196.6448095058387,"Missouri, US",0.9951391,50160631
2026-09-21T12:18:55.647545+00:00,vast.ai,marketplace,L4,0.3347222222222222,1,22.49,25.32920853949707,75.67232426737715,47.14,364.5,"Czechia, CZ",0.997664,49498409
2026-09-21T12:18:55.647545+00:00,vast.ai,marketplace,L4,0.3347222222222222,1,22.49,25.321792081050233,75.65016721309614,62.75,424.0,"Czechia, CZ",0.9981176,45699409
2026-09-21T12:18:55.647545+00:00,vast.ai,marketplace,Tesla V100,0.3347222222222222,1,32.0,25.71306491342886,76.81911509406133,94.32,1363.25,"Minnesota, US",0.999581,38405402
2026-09-21T12:18:55.647545+00:00,vast.ai,marketplace,RTX 5060 Ti,0.3347222222222222,1,15.93,38.91542132056155,116.26183962989343,124.44,252.67224445390278,"Texas, US",0.9949059,49701012
2026-09-21T12:18:55.647545+00:00,vast.ai,marketplace,RTX 4500Ada,0.33518518518518514,1,23.99,40.664063253218934,121.31819976098468,251.76,1563.8,"Japan, JP",0.9990192,51781017
2026-09-21T12:18:55.647545+00:00,vast.ai,marketplace,RTX PRO 4000,0.33564814814814814,1,23.89,65.78825936944865,196.00364170759875,62.88,719.8447187010245,"Norway, NO",0.9960624,50472000
2026-09-21T12:18:55.647545+00:00,vast.ai,marketplace,RTX PRO 4000,0.3361111111111111,1,23.89,65.82421389477649,195.84063638115322,62.88,742.25,"Slovakia, SK",0.9968042,45623846
2026-09-21T12:18:55.647545+00:00,vast.ai,marketplace,GTX 1060,0.34027777777777773,1,6.0,1.5553786060434331,4.570908556535804,7.71,10.000000000002501,"Vietnam, VN",0.9958331,21884117
2026-09-21T12:18:55.647545+00:00,vast.ai,marketplace,RTX 3090,0.3449259259259259,1,24.0,49.02458380677605,142.13075945269551,94.29,97.0,"Latvia, LV",0.9926234,51781789
2026-09-21T12:18:55.647545+00:00,vast.ai,marketplace,L4,0.34805555555555556,1,22.49,25.321792081050233,72.75215601897912,62.75,638.5,"Czechia, CZ",0.9634071,50594980
2026-09-21T12:18:55.647545+00:00,vast.ai,marketplace,RTX 3090,0.3485185185185185,1,24.0,44.84837490551634,128.6829035546165,31.13,1253.0,"The Netherlands, NL",0.9968453,50356202
2026-09-21T12:18:55.647545+00:00,vast.ai,marketplace,RTX PRO 4500,0.3485185185185185,1,31.86,96.42188933562956,276.6621691883101,93.36,52.0,"France, FR",0.9922658,51864476
2026-09-21T12:18:55.647545+00:00,vast.ai,marketplace,RTX 3090,0.34898014814814815,1,24.0,44.36864499845682,127.13801983837075,62.64,707.0,"Italy, IT",0.9533124,51093758
2026-09-21T12:18:55.647545+00:00,vast.ai,marketplace,RTX 5080,0.360925925925926,1,15.92,84.08475067229443,232.9695503490969,30.2,1653.8,"Minnesota, US",0.9949794,51178628
2026-09-21T12:18:55.647545+00:00,vast.ai,marketplace,RTX 3090,0.3615740740740741,1,24.0,44.344965064076675,122.64420555493676,125.92,722.0,"Slovakia, SK",0.979167,51240126
2026-09-21T12:18:55.647545+00:00,vast.ai,marketplace,RTX PRO 4000,0.36185185185185187,1,23.89,65.53656066099602,181.11434368954886,31.34,1242.0,"Michigan, US",0.9402072,51671428
2026-09-21T12:18:55.647545+00:00,vast.ai,marketplace,RTX 3090,0.3653648888888889,1,24.0,44.883737289141095,122.84633431974545,31.18,673.5,"Oklahoma, US",0.9501427,51065387
2026-09-21T12:18:55.647545+00:00,vast.ai,marketplace,RTX 4090,0.3793518518518519,1,23.99,96.91506561246896,255.475398734358,31.46,147.47500000000002,", US",0.9981755,40912232
2026-09-21T12:18:55.647545+00:00,vast.ai,marketplace,RTX 5080,0.3875925925925926,1,15.92,84.0074842585079,216.74171762825736,110.1,112.5,"Latvia, LV",0.9923595,51530263
2026-09-21T12:18:55.647545+00:00,vast.ai,marketplace,RTX 3090,0.3885185185185185,1,24.0,44.596293996935074,114.7855040912533,41.88,759.3333333333333,"Florida, US",0.9935245,50788266
2026-09-21T12:18:55.647545+00:00,vast.ai,marketplace,RTX 5070 Ti,0.4009259259259259,1,15.92,75.77839622023527,189.0084709419263,31.41,789.675,"California, US",0.904555,51719105
2026-09-21T12:18:55.647545+00:00,vast.ai,marketplace,RTX 3090,0.40138888888888885,1,24.0,35.06276632186025,87.3536046772989,31.36,36.5,"Quebec, CA",0.9932324,51316397
2026-09-21T12:18:55.647545+00:00,vast.ai,marketplace,RTX 4070S Ti,0.40138888888888885,1,15.99,51.125104116380655,127.37050160482379,503.52,2680.0,"Quebec, CA",0.8681554,51898025
2026-09-21T12:18:55.647545+00:00,vast.ai,marketplace,RTX 4090,0.40138888888888885,1,23.99,97.5612494014192,243.05916805889908,188.42,1468.0,"Saskatchewan, CA",0.7604576,49570626
2026-09-21T12:18:55.647545+00:00,vast.ai,marketplace,RTX 5090,0.40138888888888885,1,31.84,199.25775989076885,496.4207166828844,62.88,638.325,"Beijing, CN",0.6092901,48138208
2026-09-21T12:18:55.647545+00:00,vast.ai,marketplace,RTX 5070,0.40138888888888885,1,11.94,49.95254646192062,124.44925070097872,31.36,563.5,"Texas, US",0.9894454,49068011
2026-09-21T12:18:55.647545+00:00,vast.ai,marketplace,RTX 3090,0.4023148148148148,1,24.0,44.36601777471118,110.2768681166584,62.85,713.5,"Alberta, CA",0.9989686,47210269
2026-09-21T12:18:55.647545+00:00,vast.ai,marketplace,RTX 4080S,0.4023148148148148,1,15.99,55.618053715486084,138.24510474735322,83.84,361.0,"Norway, NO",0.9958778,10764195
2026-09-21T12:18:55.647545+00:00,vast.ai,marketplace,RTX 3090 Ti,0.40324074074074073,1,23.99,46.179308437051475,114.52044342598299,62.89,622.75,"Thailand, TH",0.9877698,51694067
2026-09-21T12:18:55.647545+00:00,vast.ai,marketplace,RTX 4090,0.40324074074074073,1,23.99,97.20564427553269,241.06106961555753,39.26,318.9070342026698,"Estonia, EE",0.992449,45147853
2026-09-21T12:18:55.647545+00:00,vast.ai,marketplace,CMP 170HX,0.4041666666666666,1,64.0,84.79857309739293,209.81090250901346,83.82,705.6666666666666,"Ontario, CA",0.9817248,51134028
2026-09-21T12:18:55.647545+00:00,vast.ai,marketplace,RTX 4090,0.40462037037037035,1,23.99,96.9010818975241,239.4864149049773,50.34,1196.28,"California, US",0.9761368,51857329
2026-09-21T12:18:55.647545+00:00,vast.ai,marketplace,RTX 4090,0.4046296296296296,1,23.99,98.44420770469081,243.29460943035716,62.96,564.125,"Hong Kong, HK",0.999168,39184694
2026-09-21T12:18:55.647545+00:00,vast.ai,marketplace,RTX 5080,0.4046296296296296,1,15.92,41.29870069052898,102.0654387775087,93.92,121.0,"New Jersey, US",0.9908658,51245217
2026-09-21T12:18:55.647545+00:00,vast.ai,marketplace,RTX 4090,0.4060185185185185,1,23.99,96.86611601326047,238.57561070540777,35.96,369.2285714285714,"United States, US",0.995503,41890591
2026-09-21T12:18:55.647545+00:00,vast.ai,marketplace,RTX 5090,0.4060185185185185,1,31.84,182.88043111604844,450.4238668308605,62.96,311.4875,"United States, US",0.9095385,51908698
2026-09-21T12:18:55.647545+00:00,vast.ai,marketplace,RTX 2060,0.4069444444444444,1,6.0,3.2250940862119757,7.925145877380965,7.71,8.000000000002728,"Vietnam, VN",0.9954348,21712215
2026-09-21T12:18:55.647545+00:00,vast.ai,marketplace,RTX 3090,0.4062288888888889,1,24.0,44.82687892645887,110.3488209542868,94.25,1414.8,"Oklahoma, US",0.9871441,47335235
2026-09-21T12:18:55.647545+00:00,vast.ai,marketplace,RTX 5090,0.4147222222222222,1,31.84,199.14578720452576,480.1907795956415,125.07,2911.0,"Nevada, US",0.5964866,49076775
2026-09-21T12:18:55.647545+00:00,vast.ai,marketplace,RTX 4090,0.42759259259259264,1,23.99,96.99893627757875,226.8489631437528,62.96,968.875,"California, US",0.833739,48908793
2026-09-21T12:18:55.647545+00:00,vast.ai,marketplace,RTX 5090,0.42759259259259264,1,31.84,168.4316738571493,393.906902914078,62.96,297.4928325198425,"United States, US",0.9876017,50742860
2026-09-21T12:18:55.647545+00:00,vast.ai,marketplace,RTX 5090,0.4280555555555556,1,31.84,199.61212351225493,466.32293617398943,30.07,310.0,"Delaware, US",0.9956765,49340833
2026-09-21T12:18:55.647545+00:00,vast.ai,marketplace,RTX 4070S Ti,0.42892592592592593,1,15.99,51.31095184414318,119.62660390224211,125.0,1303.0,"The Netherlands, NL",0.9797444,51908771
2026-09-21T12:18:55.647545+00:00,vast.ai,marketplace,RTX 4090,0.4303703703703704,1,23.99,97.0548199803455,225.51464195088883,41.93,850.3333333333333,"Estonia, EE",0.9891458,45415226
2026-09-21T12:18:55.647545+00:00,vast.ai,marketplace,RTX 5090,0.43268518518518523,1,31.84,185.60320790465735,428.95669706190864,62.96,382.95,", US",0.9858144,51858236
2026-09-21T12:18:55.647545+00:00,vast.ai,marketplace,RTX 5090,0.43268518518518523,1,31.84,182.9630078051729,422.85480083369725,62.94,306.37500000000006,"United States, US",0.9967081,51858397
2026-09-21T12:18:55.647545+00:00,vast.ai,marketplace,RTX 5090,0.43268518518518523,1,31.84,199.03376551672807,459.9967189344453,31.36,635.25,"Sichuan, CN",0.9866946,50556739
2026-09-21T12:18:55.647545+00:00,vast.ai,marketplace,RTX 4090,0.44092592592592594,1,23.99,97.21264511024168,220.47386963263548,62.89,679.254852656631,"Norway, NO",0.9727291,51305078
2026-09-21T12:18:55.647545+00:00,vast.ai,marketplace,RTX 4090,0.4413888888888889,1,23.99,98.33359498377999,222.7822164516098,31.32,291.0,"South Korea, KR",0.992576,50588449
2026-09-21T12:18:55.647545+00:00,vast.ai,marketplace,RTX A6000,0.44185185185185183,1,47.99,54.46514969614267,123.26563636176463,62.88,658.8131526654294,"India, IN",0.897718,51575469
2026-09-21T12:18:55.647545+00:00,vast.ai,marketplace,A100 PCIE,0.44277777777777777,1,40.0,95.06867365551213,214.70967701370367,94.29,360.0,"California, US",0.9901345,51163397
2026-09-21T12:18:55.647545+00:00,vast.ai,marketplace,A100 SXM4,0.44277777777777777,1,40.0,95.32878960619354,215.29714089228153,62.96,673.875,"California, US",0.9614922,51476720
2026-09-21T12:18:55.647545+00:00,vast.ai,marketplace,RTX A6000,0.45407407407407413,1,47.99,55.16311952176765,121.48484723390916,94.01,1347.0,"Utah, US",0.93919,51658702
2026-09-21T12:18:55.647545+00:00,vast.ai,marketplace,RTX 4090,0.4542592592592593,1,23.99,96.8591217048995,213.22432010047174,62.87,754.0,"Texas, US",0.9925655,29929803
2026-09-21T12:18:55.647545+00:00,vast.ai,marketplace,RTX 4090,0.45472222222222225,1,23.99,96.99194912432674,213.2993383308346,62.82,292.4,"Quebec, CA",0.9163788,51434582
2026-09-21T12:18:55.647545+00:00,vast.ai,marketplace,RTX 4090,0.4554166666666667,1,23.99,85.40883304030079,187.5399810583,31.35,100.0,"Montana, US",0.9988041,45982649
2026-09-21T12:18:55.647545+00:00,vast.ai,marketplace,RTX 3090,0.4629259259259259,1,24.0,44.3607604204072,95.82690866077242,41.92,160.0,"Czechia, CZ",0.9768039,18811402
2026-09-21T12:18:55.647545+00:00,vast.ai,marketplace,RTX 3090,0.4629259259259259,1,24.0,34.64075424145997,74.83001556279856,20.94,148.70622600679064,"Czechia, CZ",0.9942615,31013677
2026-09-21T12:18:55.647545+00:00,vast.ai,marketplace,RTX 4090,0.46672222222222226,1,23.99,0.0,0.2142602071182002,47.03,1576.8,"Thailand, TH",0.9978873,49545603
2026-09-21T12:18:55.647545+00:00,vast.ai,marketplace,RTX 5000Ada,0.46759259259259256,1,31.99,64.28943047427342,137.49026715290157,62.85,1675.8,"Minnesota, US",0.9470445,51357842
2026-09-21T12:18:55.647545+00:00,vast.ai,marketplace,RTX 4070,0.4680555555555555,1,11.99,33.60968128253606,71.80703419414233,62.85,757.5,"California, US",0.9984992,51377937
2026-09-21T12:18:55.647545+00:00,vast.ai,marketplace,RTX 4090,0.4680555555555555,1,23.99,87.1459499469519,186.18719276500113,26.17,162.75,"Australia, AU",0.9979111,51243382
2026-09-21T12:18:55.647545+00:00,vast.ai,marketplace,RTX A6000,0.4683796296296296,1,47.99,54.47221465859,116.29928206242404,94.47,318.75,"Virginia, US",0.9976699,51908184
2026-09-21T12:18:55.647545+00:00,vast.ai,marketplace,RTX 4090,0.46898148148148144,1,23.99,97.03386640801217,206.9034071483774,62.89,573.9000000000001,"Slovakia, SK",0.9960204,50305471
2026-09-21T12:18:55.647545+00:00,vast.ai,marketplace,RTX 5090,0.4703703703703703,1,31.84,186.92832380442488,397.40667265507653,62.96,265.2375,"California, US",0.9708795,51675973
2026-09-21T12:18:55.647545+00:00,vast.ai,marketplace,RTX 5090,0.4703703703703703,1,31.84,191.06057875498527,406.1917816050868,62.96,331.3290741024371,"California, US",0.9952133,51555478
2026-09-21T12:18:55.647545+00:00,vast.ai,marketplace,RTX 5090,0.47268518518518515,1,31.84,199.18542015484968,421.39129043533336,62.87,701.75,"United States, US",0.9942977,44614426
2026-09-21T12:18:55.647545+00:00,vast.ai,marketplace,RTX 5090,0.47268518518518515,1,31.84,155.52292456402895,329.02009506200056,31.46,109.17563927853429,"California, US",0.9957607,46753307
2026-09-21T12:18:55.647545+00:00,vast.ai,marketplace,RTX 5090,0.4813888888888889,1,31.84,201.93383508183192,419.4817116529687,83.92,774.3333333333333,"Romania, RO",0.980938,51889094
2026-09-21T12:18:55.647545+00:00,vast.ai,marketplace,RTX 5090,0.48601851851851857,1,31.84,198.94795483579426,409.3423342020533,62.88,572.475,"United States, US",0.997448,47347942
2026-09-21T12:18:55.647545+00:00,vast.ai,marketplace,RTX 4090,0.4864814814814815,1,23.99,97.0618037539243,199.51798259276404,62.78,421.0,"Arizona, US",0.9820581,51332829
2026-09-21T12:18:55.647545+00:00,vast.ai,marketplace,RTX 3090,0.49279259259259267,1,24.0,42.67319327855002,86.59463214340421,62.79,90.79999999999984,"Spain, ES",0.9927221,49787492
2026-09-21T12:18:55.647545+00:00,vast.ai,marketplace,RTX 5090,0.4947222222222222,1,31.84,198.8313656803592,401.9050625768069,62.7,201.89999999999998,"Latvia, LV",0.871902,50779874
2026-09-21T12:18:55.647545+00:00,vast.ai,marketplace,RTX 4090,0.4951851851851851,1,23.99,97.21264511024168,196.31573806855093,125.78,121.0,"Texas, US",0.9984429,41504588
2026-09-21T12:18:55.647545+00:00,vast.ai,marketplace,RTX A6000,0.49981481481481477,1,47.99,54.46279369873049,108.96594515492579,94.28,391.0,"Arizona, US",0.9880675,51779022
2026-09-21T12:18:55.647545+00:00,vast.ai,marketplace,RTX 4090,0.5013888888888889,1,23.99,34.75745804621719,69.3223539979955,47.18,72.23750000000001,"Denmark, DK",0.9750114,51813716
2026-09-21T12:18:55.647545+00:00,vast.ai,marketplace,RTX 4090,0.5080555555555555,1,23.99,96.93603835955032,190.79810721398644,62.94,727.5494770170942,"Taiwan, TW",0.9917752,37194523
2026-09-21T12:18:55.647545+00:00,vast.ai,marketplace,RTX 3090,0.5085259259259257,1,24.0,44.362075122503484,87.236604587522,31.45,343.125,"Czechia, CZ",0.9936387,30293576
2026-09-21T12:18:55.647545+00:00,vast.ai,marketplace,RTX 3090,0.5085259259259257,1,24.0,44.36470379958797,87.24177379709515,25.15,840.2,"Czechia, CZ",0.9833742,30717207
2026-09-21T12:18:55.647545+00:00,vast.ai,marketplace,RTX 3090,0.5085259259259257,1,24.0,44.36470379958797,87.24177379709515,50.3,100.0,"Czechia, CZ",0.958525,33877201
2026-09-21T12:18:55.647545+00:00,vast.ai,marketplace,RTX 5090,0.5103703703703703,1,31.84,198.30740670817502,388.5558767141311,71.96,460.09999999999997,"Estonia, EE",0.9209833,51620924
2026-09-21T12:18:55.647545+00:00,vast.ai,marketplace,RTX 3090,0.5156481481481481,1,24.0,44.36601777471118,86.03932339143128,83.87,141.66666666666666,"Quebec, CA",0.9982765,51143667
2026-09-21T12:18:55.647545+00:00,vast.ai,marketplace,RTX 4090,0.5209259259259259,1,23.99,51.91572475841284,99.6604741185316,62.71,2968.0,"Germany, DE",0.9866858,44630700
2026-09-21T12:18:55.647545+00:00,vast.ai,marketplace,RTX 4070S Ti,0.5347222222222222,1,15.99,51.30552278655832,95.94799066577141,62.85,761.0,"California, US",0.9985329,51378006
2026-09-21T12:18:55.647545+00:00,vast.ai,marketplace,RTX 4500Ada,0.5347222222222222,1,23.99,40.61081274515178,75.94749396495918,125.84,689.85,"France, FR",0.9710553,51736666
2026-09-21T12:18:55.647545+00:00,vast.ai,marketplace,RTX 4090,0.5347222222222222,1,23.99,97.0408513074653,181.47899465292213,47.14,146.5,"Finland, FI",0.9960705,46123867
2026-09-21T12:18:55.647545+00:00,vast.ai,marketplace,CMP 170HX,0.5347222222222222,1,64.0,84.41509075469855,157.86718271008561,62.71,77.0,"Portugal, PT",0.9832928,51218042
2026-09-21T12:18:55.647545+00:00,vast.ai,marketplace,CMP 170HX,0.5347222222222222,1,64.0,82.36287042021533,154.02926416248062,62.69,340.0,"Portugal, PT",0.9140608,51874210
2026-09-21T12:18:55.647545+00:00,vast.ai,marketplace,RTX A6000,0.535,1,47.99,53.45229079488973,99.91082391568173,62.48,600.0,"France, FR",0.9780236,47952535
2026-09-21T12:18:55.647545+00:00,vast.ai,marketplace,RTX 5090,0.5356481481481481,1,31.84,199.15927652880367,371.8098853087433,30.46,657.0,"South Korea, KR",0.9982791,44173825
2026-09-21T12:18:55.647545+00:00,vast.ai,marketplace,RTX 5090,0.5356481481481481,1,31.84,199.0272012104265,371.5633142735707,30.47,439.0,"South Korea, KR",0.9974557,50135013
2026-09-21T12:18:55.647545+00:00,vast.ai,marketplace,RTX 5090,0.5356481481481481,1,31.84,199.15927652880367,371.8098853087433,30.46,250.0,"South Korea, KR",0.9957583,49337285
2026-09-21T12:18:55.647545+00:00,vast.ai,marketplace,RTX 5090,0.5356481481481481,1,31.84,194.11740392162505,362.3972277188506,30.47,608.0,"South Korea, KR",0.9957152,48989674
2026-09-21T12:18:55.647545+00:00,vast.ai,marketplace,RTX 5090,0.5356481481481481,1,31.84,194.13454485895565,362.42922808586366,30.47,613.5,"South Korea, KR",0.9873668,50472415
2026-09-21T12:18:55.647545+00:00,vast.ai,marketplace,RTX 6000Ada,0.537037037037037,1,47.99,117.01519271219205,217.8903588433921,83.92,801.5,"Estonia, EE",0.9950561,35415082
2026-09-21T12:18:55.647545+00:00,vast.ai,marketplace,RTX 5090,0.5480555555555555,1,31.84,199.57518464609538,364.15137593813654,47.09,718.5,"Zhejiang, CN",0.9960486,49250870
2026-09-21T12:18:55.647545+00:00,vast.ai,marketplace,RTX 5090,0.5491666666666666,1,31.84,199.2948583896522,362.9041427429176,62.76,388.5,"New York, US",0.9756656,49161360
2026-09-21T12:18:55.647545+00:00,vast.ai,marketplace,RTX 4090,0.5611574074074075,1,23.99,97.04783583155114,172.9422699415481,62.71,2583.0,"New Jersey, US",0.9957341,50590094
2026-09-21T12:18:55.647545+00:00,vast.ai,marketplace,RTX 5090,0.5613888888888889,1,31.84,199.61490517548697,355.5733095654394,62.89,622.5,"South Korea, KR",0.9899904,49425820
2026-09-21T12:18:55.647545+00:00,vast.ai,marketplace,RTX 4090,0.5618518518518519,1,23.99,97.22664564941427,173.04676549335431,83.92,111.66666666666666,"Oklahoma, US",0.9971802,38597838
2026-09-21T12:18:55.647545+00:00,vast.ai,marketplace,RTX 3090,0.5649259259259258,1,24.0,44.2593082515546,78.3453302820412,31.43,232.75,"Czechia, CZ",0.9981003,20130144
2026-09-21T12:18:55.647545+00:00,vast.ai,marketplace,RTX 5090,0.5742592592592592,1,31.84,64.91627149776066,113.04349116024108,125.59,104.0,"Texas, US",0.9673236,43939278
2026-09-21T12:18:55.647545+00:00,vast.ai,marketplace,RTX 4090,0.5889814814814814,1,23.99,94.73442877233312,160.8444946928467,125.96,343.67935360195236,"Spain, ES",0.9974663,37930539
2026-09-21T12:18:55.647545+00:00,vast.ai,marketplace,RTX 4090,0.5889814814814814,1,23.99,5.945019245524038,10.093728635695584,125.78,1380.5,"Spain, ES",0.9977353,31829238
2026-09-21T12:18:55.647545+00:00,vast.ai,marketplace,RTX 6000Ada,0.5903703703703703,1,47.99,113.13241719141861,191.62956487881448,117.9,609.0,"California, US",0.9969951,49874420
2026-09-21T12:18:55.647545+00:00,vast.ai,marketplace,RTX 4090,0.5908333333333333,1,23.99,97.06878715236337,164.29131817043165,125.89,687.25,"Spain, ES",0.9982925,50706823
2026-09-21T12:18:55.647545+00:00,vast.ai,marketplace,RTX 5090,0.6013888888888889,1,31.84,174.56697823154946,290.27303539657186,62.93,637.25,"Michigan, US",0.9881706,50849757
2026-09-21T12:18:55.647545+00:00,vast.ai,marketplace,RTX 6000Ada,0.6018518518518519,1,47.99,113.16098499856241,188.02132892068832,188.3,3351.6,"Japan, JP",0.9949483,51910306
2026-09-21T12:18:55.647545+00:00,vast.ai,marketplace,RTX 5090,0.6018518518518519,1,31.84,198.58510286657364,329.9567863013839,47.1,655.610792146537,"Bulgaria, BG",0.9980714,40077664
2026-09-21T12:18:55.647545+00:00,vast.ai,marketplace,RTX A6000,0.6023148148148147,1,47.99,54.44392751704242,90.39114791453623,47.19,239.19999999999996,"Romania, RO",0.9939593,51092045
2026-09-21T12:18:55.647545+00:00,vast.ai,marketplace,RTX A6000,0.6023148148148147,1,47.99,54.47221465859,90.43811196199417,47.23,155.5,"Romania, RO",0.9938891,51100867
2026-09-21T12:18:55.647545+00:00,vast.ai,marketplace,RTX A6000,0.6023148148148147,1,47.99,54.47221465859,90.43811196199417,47.2,109.0,"Romania, RO",0.9800975,51222177
2026-09-21T12:18:55.647545+00:00,vast.ai,marketplace,RTX 4090,0.6023148148148147,1,23.99,97.01647903952771,161.07270924318206,100.75,378.90000000000003,"Finland, FI",0.9930758,32539127
2026-09-21T12:18:55.647545+00:00,vast.ai,marketplace,RTX 5060 Ti,0.6046296296296296,1,15.93,74.5098557010969,123.23222688695965,30.49,1182.0,"California, US",0.9835198,46400130
2026-09-21T12:18:55.647545+00:00,vast.ai,marketplace,GTX 1660 Ti,0.6069444444444444,1,6.0,2.4740447784639805,4.076229383281616,7.7,631.2000000000019,"Vietnam, VN",0.9920487,33521707
2026-09-21T12:18:55.647545+00:00,vast.ai,marketplace,RTX 5090,0.6105740740740742,1,31.84,198.63757904310674,325.32920652475696,62.9,549.125,"North Carolina, US",0.9170906,29717005
2026-09-21T12:18:55.647545+00:00,vast.ai,marketplace,RTX 4090,0.6156481481481482,1,23.99,97.0408513074653,157.62388240647093,23.48,765.65,"Denmark, DK",0.9874843,50300637
2026-09-21T12:18:55.647545+00:00,vast.ai,marketplace,RTX 5090,0.6285185185185185,1,31.84,197.87155555668255,314.8221567489941,125.96,484.25,"Utah, US",0.9703932,48248618
2026-09-21T12:18:55.647545+00:00,vast.ai,marketplace,RTX 5090,0.6289814814814814,1,31.84,198.33382106297773,315.3253742794288,94.45,539.8251787735029,"The Netherlands, NL",0.9974493,45485617
2026-09-21T12:18:55.647545+00:00,vast.ai,marketplace,RTX 5090,0.6413888888888889,1,31.84,199.39679211587077,310.8828287644585,94.16,1042.5,"Norway, NO",0.9991549,42127165
2026-09-21T12:18:55.647545+00:00,vast.ai,marketplace,RTX PRO 5000,0.6413888888888889,1,47.79,165.71549782940474,258.3697670791932,62.88,1240.8661095948678,"India, IN",0.9793688,51739775
2026-09-21T12:18:55.647545+00:00,vast.ai,marketplace,RTX 5090,0.6453888888888889,1,31.84,199.2709724795804,308.7610832945207,62.86,567.0,"Texas, US",0.9804115,51088701
2026-09-21T12:18:55.647545+00:00,vast.ai,marketplace,A100 SXM4,0.6561111111111111,1,39.0,94.61214758547018,144.20141037582246,93.39,1387.0,"Alberta, CA",0.9955205,35931772
2026-09-21T12:18:55.647545+00:00,vast.ai,marketplace,RTX 5090,0.6587777777777778,1,31.84,198.80926256670014,301.78501654584267,500.96,1987.5,"Italy, IT",0.9814473,50796942
2026-09-21T12:18:55.647545+00:00,vast.ai,marketplace,RTX 5090,0.6587777777777778,1,31.84,198.6999468899603,301.6190794416668,500.96,2432.5,"Italy, IT",0.9934265,50894157
2026-09-21T12:18:55.647545+00:00,vast.ai,marketplace,RTX 5090,0.6587777777777778,1,31.84,198.7564373103381,301.7048297846252,250.48,1282.0,"Italy, IT",0.9840025,51191439
2026-09-21T12:18:55.647545+00:00,vast.ai,marketplace,RTX 5090,0.6587777777777778,1,31.84,198.67719868721403,301.5845485216607,250.48,620.5,"Italy, IT",0.997414,47343840
2026-09-21T12:18:55.647545+00:00,vast.ai,marketplace,RTX 5090,0.6619222222222222,1,31.84,173.63791106435474,262.3237371928882,62.57,1096.0,"United Kingdom, GB",0.9719511,49308668
2026-09-21T12:18:55.647545+00:00,vast.ai,marketplace,RTX 5080,0.6671851851851852,1,15.92,83.85494836610617,125.68466780753117,31.26,1585.0,"Florida, US",0.9974392,51664155
2026-09-21T12:18:55.647545+00:00,vast.ai,marketplace,RTX 5080,0.6671851851851852,1,15.92,83.70997969606597,125.4673838011425,31.21,720.0,"Florida, US",0.9971922,51473535
2026-09-21T12:18:55.647545+00:00,vast.ai,marketplace,RTX PRO 5000,0.6672222222222222,1,47.79,157.72937562302914,236.39706587964403,125.77,1080.0,"Czechia, CZ",0.5904585,50186570
2026-09-21T12:18:55.647545+00:00,vast.ai,marketplace,RTX 4090,0.6680555555555555,1,23.99,97.53355877628013,145.99617945721766,31.3,6345.0,"Taiwan, TW",0.9994138,34387546
2026-09-21T12:18:55.647545+00:00,vast.ai,marketplace,RTX 5090,0.6680555555555555,1,31.84,199.132576171384,298.07786869729,50.27,2514.3,"Denmark, DK",0.9473773,51858071
2026-09-21T12:18:55.647545+00:00,vast.ai,marketplace,RTX 5090,0.6680555555555555,1,31.84,199.02055965740558,297.91019325017055,62.82,589.0,"Pennsylvania, US",0.9967759,48171901
2026-09-21T12:18:55.647545+00:00,vast.ai,marketplace,RTX 5090,0.6680555555555555,1,31.84,199.07338294739972,297.9892634555672,62.82,447.22964808736424,"Pennsylvania, US",0.9933424,50103209
2026-09-21T12:18:55.647545+00:00,vast.ai,marketplace,RTX 5090,0.6680555555555555,1,31.84,186.3880518509789,279.0008260555194,125.96,1131.625,"Ohio, US",0.8068164,51817210
2026-09-21T12:18:55.647545+00:00,vast.ai,marketplace,RTX PRO 5000,0.6680555555555555,1,47.79,165.0016312752309,246.98788881115644,62.73,538.0,"Slovakia, SK",0.9894425,49726305
2026-09-21T12:18:55.647545+00:00,vast.ai,marketplace,RTX PRO 5000,0.6684259259259259,1,47.79,165.70516835795735,247.90356258012739,125.88,686.5,"Maryland, US",0.9977478,51792683
2026-09-21T12:18:55.647545+00:00,vast.ai,marketplace,RTX 4090,0.6685185185185185,1,23.99,98.01506674096163,146.61533529118915,26.93,371.57142857142856,"Norway, NO",0.9906783,51754908
2026-09-21T12:18:55.647545+00:00,vast.ai,marketplace,RTX 4090,0.6685185185185185,1,23.99,98.14672595620924,146.8122770536094,31.4,328.525,"Norway, NO",0.9978354,51754821
2026-09-21T12:18:55.647545+00:00,vast.ai,marketplace,RTX 4090,0.6685185185185185,1,23.99,98.28517282727002,147.01937209619336,31.4,771.4,"Norway, NO",0.9959478,51754926
2026-09-21T12:18:55.647545+00:00,vast.ai,marketplace,RTX 4090,0.6685185185185185,1,23.99,90.39638556490158,135.2189700970827,78.45,1644.55,"Norway, NO",0.9989879,50873738
2026-09-21T12:18:55.647545+00:00,vast.ai,marketplace,RTX 4090,0.6685185185185185,1,23.99,96.94302852212614,145.01173241536875,35.93,217.7,"Norway, NO",0.9926347,51745986
2026-09-21T12:18:55.647545+00:00,vast.ai,marketplace,RTX 5090,0.6685185185185185,1,31.84,198.76964366134663,297.32855284522765,125.96,1040.75,"Utah, US",0.9914431,21212913
2026-09-21T12:18:55.647545+00:00,vast.ai,marketplace,RTX 5090,0.6689814814814814,1,31.84,199.28467218265936,297.8926587643905,83.94,1936.5,"Romania, RO",0.9883787,50715637
2026-09-21T12:18:55.647545+00:00,vast.ai,marketplace,RTX 5090,0.6694444444444444,1,31.84,199.4357031191146,297.912253621914,61.7,600.0,"Germany, DE",0.9981607,51794241
2026-09-21T12:18:55.647545+00:00,vast.ai,marketplace,RTX 4090,0.6711851851851852,1,23.99,49.723699495621325,74.08342822987395,31.25,328.45,"Spain, ES",0.9846033,51722746
2026-09-21T12:18:55.647545+00:00,vast.ai,marketplace,RTX 4090,0.6712962962962963,1,47.99,125.43978891147354,186.86203037847093,75.57,734.5,"California, US",0.9581714,47667753
2026-09-21T12:18:55.647545+00:00,vast.ai,marketplace,RTX 4090,0.6712962962962963,1,47.99,125.65111552940162,187.17683416793622,52.47,479.9267867268019,"California, US",0.9954184,40232099
2026-09-21T12:18:55.647545+00:00,vast.ai,marketplace,RTX 4090,0.6712962962962963,1,47.99,123.67721402496622,184.23640158201866,62.97,637.0,"Hong Kong, HK",0.9871647,50701961
2026-09-21T12:18:55.647545+00:00,vast.ai,marketplace,GTX 1660,0.673611111111111,1,6.0,2.316471688407048,3.4388858054702576,7.71,619.4000000000021,"Vietnam, VN",0.9925748,33521216
2026-09-21T12:18:55.647545+00:00,vast.ai,marketplace,L40S,0.6942592592592592,1,44.99,93.4986640088238,134.67398923650268,377.71,115.90799036000789,"Czechia, CZ",0.9829182,50582903
2026-09-21T12:18:55.647545+00:00,vast.ai,marketplace,RTX 5090,0.6998148148148149,1,31.84,198.96083047754627,284.30497078029896,125.8,548.275,"Quebec, CA",0.9939512,49868227
2026-09-21T12:18:55.647545+00:00,vast.ai,marketplace,RTX 5090,0.7002777777777778,1,31.84,195.82261563796828,279.63562724977623,39.29,599.0,"Michigan, US",0.9938177,49059642
2026-09-21T12:18:55.647545+00:00,vast.ai,marketplace,RTX 5090,0.7075925925925926,1,31.84,163.76571022155753,231.44067919298894,43.21,697.1500000000001,"Czechia, CZ",0.9843607,48006837
2026-09-21T12:18:55.647545+00:00,vast.ai,marketplace,RTX 4090,0.7237037037037037,1,23.99,97.0548199803455,134.10850253169542,108.06,822.0,"California, US",0.9980408,50509829
2026-09-21T12:18:55.647545+00:00,vast.ai,marketplace,RTX PRO 5000,0.7246296296296297,1,47.79,165.50881685627,228.40470509170913,61.46,1596.0,"Illinois, US",0.9891112,51859512
2026-09-21T12:18:55.647545+00:00,vast.ai,marketplace,RTX 4090,0.7347222222222223,1,47.99,125.6599150750256,171.03050823065865,125.72,1656.0,"California, US",0.9976458,48274190
2026-09-21T12:18:55.647545+00:00,vast.ai,marketplace,RTX 5090,0.7347222222222223,1,31.84,197.36283984335532,268.6223907130734,62.96,712.375,"Czechia, CZ",0.9955828,46900146
2026-09-21T12:18:55.647545+00:00,vast.ai,marketplace,RTX PRO 5000,0.7347222222222223,1,47.79,165.64318141761083,225.45007678767448,93.91,1257.0,"Washington, US",0.9988151,47651207
2026-09-21T12:18:55.647545+00:00,vast.ai,marketplace,RTX PRO 5000,0.7347222222222223,1,47.79,165.3226389047546,225.0137996435223,123.21,1369.0,"Slovakia, SK",0.9983459,45645837
2026-09-21T12:18:55.647545+00:00,vast.ai,marketplace,RTX 5090,0.7351851851851853,1,31.84,198.63096044513034,270.1781325953914,251.91,1461.25,"United Kingdom, GB",0.9974378,48425032
2026-09-21T12:18:55.647545+00:00,vast.ai,marketplace,RTX 5090,0.7361111111111112,1,31.84,96.81879218690013,131.52741580107187,61.38,580.0,"Germany, DE",0.9717935,51796942
2026-09-21T12:18:55.647545+00:00,vast.ai,marketplace,RTX 5090,0.737962962962963,1,31.84,198.74323093471222,269.31328658656105,36.69,633.1111111111111,"California, US",0.9947734,45996302
2026-09-21T12:18:55.647545+00:00,vast.ai,marketplace,A100 SXM4,0.7393518518518519,1,40.0,94.96057981108342,128.43760325105833,51.15,374.5,"United States, US",0.9877659,50213971
2026-09-21T12:18:55.647545+00:00,vast.ai,marketplace,A100 SXM4,0.7480555555555556,1,40.0,95.48831361659904,127.64869254354123,125.92,357.15,"Massachusetts, US",0.9958626,46709200
2026-09-21T12:18:55.647545+00:00,vast.ai,marketplace,RTX 3090,0.7515925925925925,1,24.0,44.36470379958797,59.02759585023779,500.0,2571.0,"The Netherlands, NL",0.9829319,51908403
2026-09-21T12:18:55.647545+00:00,vast.ai,marketplace,RTX 4090,0.7548374814814814,1,23.99,98.57544048698891,130.5916080021886,62.88,734.25,"Texas, US",0.9970411,46126402
2026-09-21T12:18:55.647545+00:00,vast.ai,marketplace,RTX 5090,0.7613888888888888,1,31.84,198.99414786509388,261.35677939231596,62.21,1308.0,"Slovakia, SK",0.994543,51888136
2026-09-21T12:18:55.647545+00:00,vast.ai,marketplace,RTX 5090,0.7853888888888888,1,31.84,104.17757682294469,132.6445768418338,31.46,220.8075770807462,"Thailand, TH",0.9957118,45330020
2026-09-21T12:18:55.647545+00:00,vast.ai,marketplace,RTX 4090,0.7861574074074074,1,47.99,125.6687141630312,159.85184770752454,125.88,553.75,"British Columbia, CA",0.997374,46211613
2026-09-21T12:18:55.647545+00:00,vast.ai,marketplace,RTX 5090,0.7875925925925925,1,31.84,198.99414786509388,252.66127403515333,249.29,6223.0,"Japan, JP",0.9991246,49539090
2026-09-21T12:18:55.647545+00:00,vast.ai,marketplace,RTX 6000Ada,0.7880555555555555,1,47.99,113.15146300519584,143.58310427166197,167.85,2693.2455337622364,"North Carolina, US",0.9950339,36884542
2026-09-21T12:18:55.647545+00:00,vast.ai,marketplace,RTX 5090,0.7880555555555555,1,31.84,199.2517277859206,252.83969687321613,60.47,585.9,"Denmark, DK",0.9967097,43092247
2026-09-21T12:18:55.647545+00:00,vast.ai,marketplace,RTX 4090,0.8007407407407406,1,23.99,97.0618037539243,121.21501856410529,125.87,2881.25,"Ohio, US",0.994789,39952498
2026-09-21T12:18:55.647545+00:00,vast.ai,marketplace,L40S,0.8009259259259258,1,44.99,93.61582777626562,116.88450173221605,251.94,53.12499999999966,"Taiwan, TW",0.9975657,38575668
2026-09-21T12:18:55.647545+00:00,vast.ai,marketplace,RTX 4090,0.8009259259259258,1,23.99,61.351511665486676,76.60073132800649,110.03,1621.5,"Virginia, US",0.9933599,13917960
2026-09-21T12:18:55.647545+00:00,vast.ai,marketplace,RTX 4090,0.8013888888888888,1,47.99,125.6687141630312,156.81364678922438,251.76,1091.0,"United Kingdom, GB",0.997486,30055164
2026-09-21T12:18:55.647545+00:00,vast.ai,marketplace,RTX 6000Ada,0.8013888888888888,1,47.99,113.09431825194905,141.12289279272673,125.63,1297.5,"Taiwan, TW",0.9415194,51408119
2026-09-21T12:18:55.647545+00:00,vast.ai,marketplace,RTX 4090,0.8013888888888888,1,23.99,97.03386640801217,121.08212099439994,62.57,3294.5,"Ohio, US",0.9892455,50822402
2026-09-21T12:18:55.647545+00:00,vast.ai,marketplace,RTX 5090,0.8013888888888888,1,31.84,190.30217524534478,237.46545264583753,125.84,2167.8468471354367,"Sweden, SE",0.9932025,51880874
2026-09-21T12:18:55.647545+00:00,vast.ai,marketplace,RTX 5090,0.8013888888888888,1,31.84,199.03376551672807,248.36102456160177,59.02,441.0,"Alberta, CA",0.9971577,45028240
2026-09-21T12:18:55.647545+00:00,vast.ai,marketplace,RTX 5090,0.8013888888888888,1,31.84,192.24264448718864,239.88683540862363,62.96,482.5,"Alberta, CA",0.9984818,45508888
2026-09-21T12:18:55.647545+00:00,vast.ai,marketplace,RTX PRO 5000,0.8013888888888888,1,47.79,165.591512384818,206.63065670202596,83.93,874.1437023041418,"Belgium, BE",0.997122,49974688
2026-09-21T12:18:55.647545+00:00,vast.ai,marketplace,RTX 4090,0.8018518518518518,1,47.99,125.59830864056326,156.6353040783006,125.75,6647.5,"Idaho, US",0.9989569,30155186
2026-09-21T12:18:55.647545+00:00,vast.ai,marketplace,RTX 4090,0.8018518518518518,1,23.99,97.06878715236337,121.05576226853631,125.88,677.9000000000001,"Hungary, HU",0.9935961,50167757
2026-09-21T12:18:55.647545+00:00,vast.ai,marketplace,RTX 5090,0.8018518518518518,1,31.84,190.52396552262394,237.60494545546635,125.76,508.95000000000005,"Norway, NO",0.9987718,51754962
2026-09-21T12:18:55.647545+00:00,vast.ai,marketplace,RTX PRO 5000,0.8018518518518518,1,47.79,165.58117713205385,206.49846570741127,94.26,702.45,"Ohio, US",0.9921607,51838779
2026-09-21T12:18:55.647545+00:00,vast.ai,marketplace,RTX 5090,0.8023148148148147,1,31.84,199.20543945488362,248.2883723153772,62.01,946.0,"Nevada, US",0.9961956,44554361
2026-09-21T12:18:55.647545+00:00,vast.ai,marketplace,RTX 5090,0.8023148148148147,1,31.84,199.25826137140203,248.35420921074925,62.88,1631.35,"Denmark, DK",0.9865638,51905769
2026-09-21T12:18:55.647545+00:00,vast.ai,marketplace,RTX 4090,0.8027777777777777,1,23.99,96.12962117413815,119.74624090896103,62.64,774.0,"Taiwan, TW",0.9912818,47789184
2026-09-21T12:18:55.647545+00:00,vast.ai,marketplace,RTX 5090,0.8032407407407407,1,31.84,196.12787941312803,244.1707317189375,71.89,428.5571428571428,"Minnesota, US",0.9967258,48425196
2026-09-21T12:18:55.647545+00:00,vast.ai,marketplace,RTX 5090,0.8032407407407407,1,31.84,199.08658870853546,247.8541968936234,62.96,234.85000000000008,"Spain, ES",0.998632,26371160
2026-09-21T12:18:55.647545+00:00,vast.ai,marketplace,RTX 5090,0.8064814814814815,1,31.84,198.432465103894,246.04714387164813,62.71,1278.0,"Hungary, HU",0.9945878,51542856
2026-09-21T12:18:55.647545+00:00,vast.ai,marketplace,L40S,0.8155925925925925,1,44.99,93.53773099699654,114.68683242899536,62.94,3461.94591120481,"Romania, RO",0.9703892,50740345
2026-09-21T12:18:55.647545+00:00,vast.ai,marketplace,RTX PRO 5000,0.8264444444444444,1,47.79,165.66384565755752,200.4536986983084,62.71,2842.0,"Texas, US",0.9973672,49279286
2026-09-21T12:18:55.647545+00:00,vast.ai,marketplace,RTX 5090,0.8289814814814814,1,31.84,199.5685271602179,240.73942737968878,125.75,1819.0,"Denmark, DK",0.9968101,50093299
2026-09-21T12:18:55.647545+00:00,vast.ai,marketplace,RTX 3090,0.8382592592592593,1,24.0,44.84703325786723,53.500194316370575,500.0,2700.9,"The Netherlands, NL",0.9798042,51908437
2026-09-21T12:18:55.647545+00:00,vast.ai,marketplace,RTX 5090,0.8389074074074074,1,31.84,198.12250345400284,236.16730726730432,201.5,1180.8,"Poland, PL",0.9956417,49425329
2026-09-21T12:18:55.647545+00:00,vast.ai,marketplace,A100 PCIE,0.8569814814814813,1,40.0,86.5660438406639,101.01273564396679,125.67,603.0,"Japan, JP",0.9929371,48072870
2026-09-21T12:18:55.647545+00:00,vast.ai,marketplace,RTX 5090,0.8660444444444445,1,31.84,81.75958749859787,94.40576407258811,251.52,6564.0,"Texas, US",0.9942449,38001277
2026-09-21T12:18:55.647545+00:00,vast.ai,marketplace,RTX 5090,0.8680555555555556,1,31.84,198.99414786509388,229.24125834058813,30.53,1295.0,"The Netherlands, NL",0.984406,50207660
2026-09-21T12:18:55.647545+00:00,vast.ai,marketplace,RTX PRO 5000,0.8680608888888889,1,47.79,165.50881685627,190.66498557275168,62.69,534.8999999999999,"Bulgaria, BG",0.9936609,51288089
2026-09-21T12:18:55.647545+00:00,vast.ai,marketplace,RTX 5090,0.8687398518518519,1,31.84,198.46201387441957,228.44815217279077,62.67,3231.6,"Florida, US",0.9986018,51586170
2026-09-21T12:18:55.647545+00:00,vast.ai,marketplace,RTX 5090,0.8689814814814815,1,31.84,198.84888125061144,228.8298260529146,83.95,507.2006356391216,"Finland, FI",0.9817357,47357390
2026-09-21T12:18:55.647545+00:00,vast.ai,marketplace,RTX PRO 5000,0.8689814814814815,1,47.79,165.62251525041864,190.59383747517543,93.88,1123.0,"Quebec, CA",0.9985231,51910332
2026-09-21T12:18:55.647545+00:00,vast.ai,marketplace,RTX 5090,0.8694444444444445,1,31.84,199.35069878224763,229.28514875913464,93.19,710.0,"Idaho, US",0.9980765,50550364
2026-09-21T12:18:55.647545+00:00,vast.ai,marketplace,RTX 5090,0.8712962962962963,1,31.84,198.6437504451117,227.98645109534604,41.94,207.88888888888889,"California, US",0.9754335,48885916
2026-09-21T12:18:55.647545+00:00,vast.ai,marketplace,RTX 5090,0.8907222222222223,1,31.84,199.2777650116234,223.72605065859295,31.45,231.75,"Taiwan, TW",0.9905332,34376028
2026-09-21T12:18:55.647545+00:00,vast.ai,marketplace,RTX 5090,0.9280555555555555,1,31.84,199.41021285039437,214.86883156582454,251.76,1073.534180630571,"Quebec, CA",0.9899935,50943585
2026-09-21T12:18:55.647545+00:00,vast.ai,marketplace,RTX 3090,0.9351851851851851,1,24.0,44.650584011387366,47.745178942869664,251.15,3025.5296726914557,"Norway, NO",0.9974199,51754945
2026-09-21T12:18:55.647545+00:00,vast.ai,marketplace,RTX 5090,0.935648148148148,1,31.84,198.624372445784,212.2853263151378,125.76,647.5,"Norway, NO",0.991813,29801200
2026-09-21T12:18:55.647545+00:00,vast.ai,marketplace,RTX 5090,0.935648148148148,1,31.84,198.0960883073097,211.72070793853985,125.86,5253.5,"Maryland, US",0.9995299,50835643
2026-09-21T12:18:55.647545+00:00,vast.ai,marketplace,RTX 5090,0.936111111111111,1,31.84,198.82908360763275,212.39902106453354,73.44,291.3333333333333,"South Africa, ZA",0.9879819,51856483
2026-09-21T12:18:55.647545+00:00,vast.ai,marketplace,RTX 5090,0.9480555555555554,1,31.84,199.32428821586325,210.24536700178956,125.94,370.9375,"Quebec, CA",0.9734317,50430812
2026-09-21T12:18:55.647545+00:00,vast.ai,marketplace,RTX 5090,0.9480555555555554,1,31.84,199.50646887959545,210.43752943643238,71.93,58.14285714285714,"Quebec, CA",0.9823184,51147483
2026-09-21T12:18:55.647545+00:00,vast.ai,marketplace,RTX 4090,0.9480568888888887,1,23.99,100.79926662702078,106.3219600093369,125.72,620.8,"Oklahoma, US",0.9943016,29933348
2026-09-21T12:18:55.647545+00:00,vast.ai,marketplace,RTX 5090,0.9487037037037036,1,31.84,198.3535786570542,209.07853303691056,70.83,498.25,"Hungary, HU",0.9825194,51479547
2026-09-21T12:18:55.647545+00:00,vast.ai,marketplace,RTX 5090,0.9620370370370371,1,31.84,198.74323093471222,206.58584158757378,94.42,1324.875,"Hungary, HU",0.9930584,32292347
2026-09-21T12:18:55.647545+00:00,vast.ai,marketplace,RTX 5090,0.9939074074074075,1,31.84,122.53208847027808,123.28320279843894,94.44,570.0,"Czechia, CZ",0.9961426,28247748
2026-09-21T12:18:55.647545+00:00,vast.ai,marketplace,RTX A2000,1.0006481481481482,1,5.99,8.575741297328419,8.570186546788833,125.41,7755.4000000000015,"British Columbia, CA",0.9830394,50563613
2026-09-21T12:18:55.647545+00:00,vast.ai,marketplace,A100 SXM4,1.000925925925926,1,80.0,128.82417405652222,128.70500275767253,251.94,105.875,"Taiwan, TW",0.9987266,36994171
2026-09-21T12:18:55.647545+00:00,vast.ai,marketplace,A40,1.0013888888888889,1,44.99,44.03716169366207,43.9760837994961,500.96,326.25,"Belgium, BE",0.9481473,51337965
2026-09-21T12:18:55.647545+00:00,vast.ai,marketplace,RTX 5090,1.0013888888888889,1,31.84,198.8884997131652,198.61264881203738,60.44,3305.7,"Spain, ES",0.9993662,27710060
2026-09-21T12:18:55.647545+00:00,vast.ai,marketplace,A100 PCIE,1.0013888888888889,1,80.0,5.388433994584872,5.3809604384203995,125.87,37.5,"United Kingdom, GB",0.9986454,32303769
2026-09-21T12:18:55.647545+00:00,vast.ai,marketplace,A100 SXM4,1.0016666666666667,1,80.0,128.79533971909862,128.58103798911677,125.87,772.0,"Czechia, CZ",0.9923752,29019375
2026-09-21T12:18:55.647545+00:00,vast.ai,marketplace,RTX 5090,1.0023148148148149,1,31.84,198.7828499877411,198.3237671933121,30.46,3077.0,"Spain, ES",0.9994586,28841131
2026-09-21T12:18:55.647545+00:00,vast.ai,marketplace,RTX 5090,1.0023148148148149,1,31.84,198.624372445784,198.16565565029717,125.96,285.125,"Spain, ES",0.9990612,31481788
2026-09-21T12:18:55.647545+00:00,vast.ai,marketplace,RTX 5090,1.0023148148148149,1,31.84,198.730024534466,198.2710637387744,500.98,449.86356706307555,"Spain, ES",0.999333,25507611
2026-09-21T12:18:55.647545+00:00,vast.ai,marketplace,RTX A4000,1.0138518518518516,1,15.99,21.188393779682055,20.898905240425794,125.5,6436.8,"British Columbia, CA",0.993471,48544090
2026-09-21T12:18:55.647545+00:00,vast.ai,marketplace,RTX PRO 5000,1.033388888888889,1,47.79,165.46745750887,160.12118892315792,62.96,261.2926360125758,"Czechia, CZ",0.9865847,48330144
2026-09-21T12:18:55.647545+00:00,vast.ai,marketplace,RTX PRO 6000 Max-Q,1.058314814814815,1,95.59,267.1052592777815,252.3873383786278,125.89,453.25,"Australia, AU",0.9967007,45070631
2026-09-21T12:18:55.647545+00:00,vast.ai,marketplace,RTX 4090,1.062314814814815,1,23.99,97.5612494014192,91.83835906348185,62.94,172.60814820487425,"Hungary, HU",0.9975888,42494300
2026-09-21T12:18:55.647545+00:00,vast.ai,marketplace,RTX A2000,1.0673148148148148,1,5.99,8.574884920896874,8.034072798272424,125.41,12875.4,"British Columbia, CA",0.9937254,50563595
2026-09-21T12:18:55.647545+00:00,vast.ai,marketplace,RTX 5090,1.0675925925925926,1,31.84,199.54877491111344,186.91472411448612,124.71,6567.9,"Texas, US",0.9979441,51801889
2026-09-21T12:18:55.647545+00:00,vast.ai,marketplace,RTX 5060 Ti,1.0675925925925926,1,15.93,38.36231125551517,35.93347454983208,125.65,3351.6,"Quebec, CA",0.9590025,51895681
2026-09-21T12:18:55.647545+00:00,vast.ai,marketplace,RTX 5090,1.0680555555555555,1,31.84,198.60647382894558,185.95144493737428,1007.76,437.9,"Texas, US",0.9954787,47580836
2026-09-21T12:18:55.647545+00:00,vast.ai,marketplace,RTX 5060 Ti,1.0680555555555555,1,15.93,38.375975201203396,35.93069199592516,31.27,744.0,"Connecticut, US",0.9848963,49261793
2026-09-21T12:18:55.647545+00:00,vast.ai,marketplace,RTX 5090,1.082314814814815,1,31.84,198.69659811490015,183.5848455505964,125.96,1506.75,"Hungary, HU",0.9889276,49441335
2026-09-21T12:18:55.647545+00:00,vast.ai,marketplace,A100 SXM4,1.084277777777778,1,80.0,121.7134707003901,112.25303441138605,125.96,588.8863902730527,"Texas, US",0.9959072,49067604
2026-09-21T12:18:55.647545+00:00,vast.ai,marketplace,RTX PRO 6000 WS,1.0993518518518517,1,95.59,282.89807302224625,257.33169280217805,78.6,2628.0,"Beijing, CN",0.9849105,50041230
2026-09-21T12:18:55.647545+00:00,vast.ai,marketplace,RTX 5090,1.1210580740740739,1,31.84,199.5342685802435,177.9874506011178,61.73,1482.5,"New York, US",0.9912453,50728575
2026-09-21T12:18:55.647545+00:00,vast.ai,marketplace,RTX PRO 5000,1.1240555555555556,1,47.79,165.4571164646829,147.19656483785363,62.96,722.75,"Czechia, CZ",0.9914731,44408381
2026-09-21T12:18:55.647545+00:00,vast.ai,marketplace,RTX PRO 6000 Max-Q,1.1347222222222222,1,95.59,5.734952743168364,5.054058721029648,125.76,1874.5,"Ohio, US",0.9879196,47585462
2026-09-21T12:18:55.647545+00:00,vast.ai,marketplace,RTX 6000D,1.1347222222222222,1,83.64,229.0168674096045,201.82637029977386,167.9,832.5666666666666,"Japan, JP",0.9664809,51825926
2026-09-21T12:18:55.647545+00:00,vast.ai,marketplace,RTX PRO 5000,1.1347222222222222,1,47.79,165.10523307116446,145.5027757787496,125.84,723.125,"Arizona, US",0.9786219,51485311
2026-09-21T12:18:55.647545+00:00,vast.ai,marketplace,RTX 4070S Ti,1.135185185185185,1,15.99,51.28380260163685,45.176596092795926,15.32,146.0,"Wisconsin, US",0.9901404,50270804
2026-09-21T12:18:55.647545+00:00,vast.ai,marketplace,RTX 4070S Ti,1.135185185185185,1,15.99,31.711157516487013,27.934788024311565,15.33,294.0,"Wisconsin, US",0.9932073,50271232
2026-09-21T12:18:55.647545+00:00,vast.ai,marketplace,RTX 4070S Ti,1.135185185185185,1,15.99,51.27294013458654,45.167027198493855,15.28,636.0,"Wisconsin, US",0.9919537,50271920
2026-09-21T12:18:55.647545+00:00,vast.ai,marketplace,RTX PRO 5000,1.1379629629629628,1,71.69,190.85164005162125,167.71340216090397,122.93,1553.8,"Colorado, US",0.9363272,51501187
2026-09-21T12:18:55.647545+00:00,vast.ai,marketplace,RTX 5090,1.1382592592592593,1,31.84,181.62134944250724,159.5606167620374,62.94,1051.75,"Czechia, CZ",0.9883566,28733614
2026-09-21T12:18:55.647545+00:00,vast.ai,marketplace,RTX 5090,1.1382592592592593,1,31.84,199.01399354299608,174.84065420430463,31.44,1214.5071913061681,"Czechia, CZ",0.9911564,47627485
2026-09-21T12:18:55.647545+00:00,vast.ai,marketplace,RTX 5090,1.1387222222222222,1,31.84,180.83285177925606,158.80330448488115,62.95,337.9375,"Czechia, CZ",0.9981806,44096408
2026-09-21T12:18:55.647545+00:00,vast.ai,marketplace,RTX 5090,1.1387222222222222,1,31.84,198.51208387454395,174.3288046905299,62.97,698.8812871611215,"Czechia, CZ",0.9918238,49824494
2026-09-21T12:18:55.647545+00:00,vast.ai,marketplace,RTX 5090,1.1507222222222222,1,31.84,199.8524809698977,173.67569436866503,31.04,1192.0,"Czechia, CZ",0.9940389,48062097
2026-09-21T12:18:55.647545+00:00,vast.ai,marketplace,RTX 5090,1.1507222222222222,1,31.84,199.28467218265936,173.18225748505134,31.04,1493.0,"Czechia, CZ",0.9940754,48062085
2026-09-21T12:18:55.647545+00:00,vast.ai,marketplace,RTX 4090,1.175185185185185,1,23.99,97.0548199803455,82.58683074280897,503.51,5130.6470981357525,"Hungary, HU",0.9933323,51121057
2026-09-21T12:18:55.647545+00:00,vast.ai,marketplace,RTX 4090,1.1753703703703704,1,23.99,97.2616404077938,82.74978071562731,125.88,626.25,"Hungary, HU",0.9965154,51230445
2026-09-21T12:18:55.647545+00:00,vast.ai,marketplace,RTX 5090,1.1875925925925928,1,31.84,199.07338294739972,167.62767315078096,121.21,679.0,"Germany, DE",0.9820381,51782800
2026-09-21T12:18:55.647545+00:00,vast.ai,marketplace,RTX 5090,1.2023148148148148,1,31.84,199.15927652880367,165.64652957343702,94.42,1029.75,"Hungary, HU",0.9955413,49155140
2026-09-21T12:18:55.647545+00:00,vast.ai,marketplace,RTX 5090,1.2151851851851854,1,31.84,199.42321316446908,164.10931897106565,125.95,780.875,"Hungary, HU",0.9944886,51102914
2026-09-21T12:18:55.647545+00:00,vast.ai,marketplace,RTX PRO 5000,1.2243222222222223,1,47.79,165.66384565755752,135.31065813447964,68.34,430.5,"California, US",0.9964369,49725348
2026-09-21T12:18:55.647545+00:00,vast.ai,marketplace,RTX 5090,1.2289814814814817,1,31.84,198.6701743299382,161.65432703709274,94.42,2812.5,"Hungary, HU",0.9967117,50716290
2026-09-21T12:18:55.647545+00:00,vast.ai,marketplace,RTX 5090,1.2308333333333334,1,31.84,181.99803070088893,147.86569860600318,94.43,733.125,"Czechia, CZ",0.9903349,49900242
2026-09-21T12:18:55.647545+00:00,vast.ai,marketplace,RTX 6000D,1.2312962962962963,1,83.64,229.63584163985988,186.49925475338296,94.42,717.9242745339379,"Czechia, CZ",0.9002313,51063959
2026-09-21T12:18:55.647545+00:00,vast.ai,marketplace,RTX 5090,1.2675925925925926,1,31.84,198.8356750472405,156.8608685544337,251.69,2622.0,"United Kingdom, GB",0.9978077,50131785
2026-09-21T12:18:55.647545+00:00,vast.ai,marketplace,RTX 4090,1.2680555555555555,1,47.99,125.63351506493366,99.07571834255448,107.97,414.71428571428567,"Washington, US",0.9957837,48484840
2026-09-21T12:18:55.647545+00:00,vast.ai,marketplace,RTX 4090,1.2689814814814815,1,47.99,125.34284242289716,98.77436688561032,125.75,1511.8,"Washington, US",0.9945232,39518987
2026-09-21T12:18:55.647545+00:00,vast.ai,marketplace,RTX 4090,1.269443111111111,1,23.99,97.0548199803455,76.45464308786228,62.82,1600.8,"South Africa, ZA",0.993731,51856407
2026-09-21T12:18:55.647545+00:00,vast.ai,marketplace,RTX 4090,1.2694457777777777,1,23.99,97.37674898053568,76.70808055386036,31.32,1630.35,"South Africa, ZA",0.9912999,51860240
2026-09-21T12:18:55.647545+00:00,vast.ai,marketplace,RTX 5070 Ti,1.2699074074074073,1,15.92,77.17200914681807,60.769792109780184,15.33,287.0,"Wisconsin, US",0.9829376,50307535
2026-09-21T12:18:55.647545+00:00,vast.ai,marketplace,RTX 5070 Ti,1.2699074074074073,1,15.92,76.9993648106606,60.633841775802736,15.33,232.0,"Wisconsin, US",0.9883652,49279622
2026-09-21T12:18:55.647545+00:00,vast.ai,marketplace,RTX 5070 Ti,1.2699074074074073,1,15.92,77.07536405230685,60.69368806160511,15.33,44.0,"Wisconsin, US",0.9930062,50306639
2026-09-21T12:18:55.647545+00:00,vast.ai,marketplace,RTX PRO 6000 Max-Q,1.281388888888889,1,95.59,283.4045320237227,221.16980604496027,125.83,9.0,"Japan, JP",0.9896661,34531895
2026-09-21T12:18:55.647545+00:00,vast.ai,marketplace,RTX 4090,1.281388888888889,1,47.99,125.64231552606806,98.05166613783763,220.06,6556.0,"Washington, US",0.9985236,38637438
2026-09-21T12:18:55.647545+00:00,vast.ai,marketplace,RTX 4090,1.2816666666666667,1,23.99,97.02688113311575,75.70367838734649,167.97,528.8333333333333,"Washington, US",0.997613,41755374
2026-09-21T12:18:55.647545+00:00,vast.ai,marketplace,RTX 4090,1.295648148148148,1,47.99,125.53667975149449,96.89102703609952,125.87,2962.0,"Washington, US",0.9985016,46255397
2026-09-21T12:18:55.647545+00:00,vast.ai,marketplace,RTX 3090,1.3347222222222221,1,24.0,44.36470379958797,33.23890399136664,62.72,454.0,"Washington, US",0.9928717,51860372
2026-09-21T12:18:55.647545+00:00,vast.ai,marketplace,RTX A2000,1.3347222222222221,1,5.99,8.574884920896874,6.4244715328259625,31.16,761.5,"British Columbia, CA",0.9712339,46186923
2026-09-21T12:18:55.647545+00:00,vast.ai,marketplace,RTX 5090,1.3347222222222221,1,31.84,190.36529561560033,142.625403582968,62.25,2003.0,"British Columbia, CA",0.9639978,48515309
2026-09-21T12:18:55.647545+00:00,vast.ai,marketplace,RTX 5090,1.3347235555555554,1,31.84,203.4423806465419,152.4228592503281,123.5,2451.0,"Oklahoma, US",0.9750339,51432163
2026-09-21T12:18:55.647545+00:00,vast.ai,marketplace,RTX PRO 6000 WS,1.336111111111111,1,95.59,282.6643131660647,211.55749010349956,186.45,317.0,"Colorado, US",0.9958203,50938078
2026-09-21T12:18:55.647545+00:00,vast.ai,marketplace,RTX PRO 6000 S,1.336111111111111,1,95.59,279.85547820003444,209.45524355927733,125.94,288.275,"Jiangxi, CN",0.9784889,51262184
2026-09-21T12:18:55.647545+00:00,vast.ai,marketplace,RTX PRO 6000 S,1.337037037037037,1,95.59,279.00391909700403,208.67329129138807,125.94,193.38955108059585,"California, US",0.9926641,51742671
2026-09-21T12:18:55.647545+00:00,vast.ai,marketplace,RTX 5080,1.337037037037037,1,15.92,90.32768512018501,67.5581024444597,15.33,346.9,"Wisconsin, US",0.9922129,50314095
2026-09-21T12:18:55.647545+00:00,vast.ai,marketplace,RTX PRO 6000 Max-Q,1.3379629629629628,1,95.59,283.34609588925207,211.77424467847217,503.06,6556.1,"Japan, JP",0.9887042,50049323
2026-09-21T12:18:55.647545+00:00,vast.ai,marketplace,RTX PRO 6000 WS,1.401388888888889,1,95.59,283.5019247459527,202.30067969978782,125.7,2457.0,"Japan, JP",0.9854864,51202796
2026-09-21T12:18:55.647545+00:00,vast.ai,marketplace,RTX PRO 6000 WS,1.428111111111111,1,95.59,145.33695631989244,101.76866154820135,98.28,54.0,"Switzerland, CH",0.99452,51892977
2026-09-21T12:18:55.647545+00:00,vast.ai,marketplace,RTX PRO 6000 WS,1.441388888888889,1,95.59,283.3850533540039,196.60554867496896,90.29,3241.8,"Greece, GR",0.9874402,51792519
2026-09-21T12:18:55.647545+00:00,vast.ai,marketplace,RTX PRO 6000 WS,1.4435185185185186,1,95.59,282.3721048470722,195.6137737234368,125.96,668.5,"Quebec, CA",0.9563051,51156059
2026-09-21T12:18:55.647545+00:00,vast.ai,marketplace,RTX 5090,1.467314814814815,1,31.84,198.86835028470566,135.53216274845843,503.5,11689.0,"British Columbia, CA",0.9812841,50563157
2026-09-21T12:18:55.647545+00:00,vast.ai,marketplace,RTX PRO 6000 WS,1.4680555555555557,1,95.59,278.1047768417185,189.43750172756603,184.15,654.0,"Spain, ES",0.9974786,51332197
2026-09-21T12:18:55.647545+00:00,vast.ai,marketplace,RTX PRO 6000 WS,1.4680555555555557,1,95.59,283.75514094198843,193.28637793588615,91.96,802.5,"Nevada, US",0.9967824,49795580
2026-09-21T12:18:55.647545+00:00,vast.ai,marketplace,RTX PRO 6000 WS,1.4680555555555557,1,95.59,249.3317941610722,169.83811901227244,503.88,1708.5,"Serbia, RS",0.9913139,48332828
2026-09-21T12:18:55.647545+00:00,vast.ai,marketplace,RTX 5070 Ti,1.534722222222222,1,15.92,77.00154724966737,50.17295386403666,62.85,1639.8,"Washington, US",0.9915308,51845617
2026-09-21T12:18:55.647545+00:00,vast.ai,marketplace,RTX PRO 6000 WS,1.5356555555555556,1,95.59,283.2292224921032,184.43538426795135,94.08,1507.0,"Switzerland, CH",0.9270221,31745059
2026-09-21T12:18:55.647545+00:00,vast.ai,marketplace,RTX PRO 6000 S,1.5613888888888887,1,95.59,280.049005059302,179.3589073498465,125.49,674.6510222277077,"France, FR",0.9727657,51326780
2026-09-21T12:18:55.647545+00:00,vast.ai,marketplace,RTX PRO 6000 WS,1.6009259259259259,1,95.59,282.8201537410476,176.66036208232006,110.2,2299.6,"Texas, US",0.9836481,51640045
2026-09-21T12:18:55.647545+00:00,vast.ai,marketplace,RTX PRO 6000 Max-Q,1.6009259259259259,1,95.59,282.45002798968125,176.4291672810039,110.2,2299.6,"Texas, US",0.9836481,51640039
2026-09-21T12:18:55.647545+00:00,vast.ai,marketplace,A100 SXM4,1.6009259259259259,1,40.0,71.71704237957957,44.797227165960635,31.34,539.5,"New York, US",0.9429221,50943248
2026-09-21T12:18:55.647545+00:00,vast.ai,marketplace,RTX PRO 6000 WS,1.6013888888888888,1,95.59,283.46296778231243,177.01069974264092,186.14,3040.0,"Japan, JP",0.9872057,51850104
2026-09-21T12:18:55.647545+00:00,vast.ai,marketplace,RTX PRO 6000 WS,1.6013888888888888,1,95.59,283.112347589735,176.79175218092735,125.53,1126.5,"Poland, PL",0.9412302,46768323
2026-09-21T12:18:55.647545+00:00,vast.ai,marketplace,RTX PRO 6000 S,1.6013888888888888,1,95.59,229.50654466629624,143.31718313940442,125.8,966.0,"Spain, ES",0.9265494,50992153
2026-09-21T12:18:55.647545+00:00,vast.ai,marketplace,RTX PRO 6000 S,1.6018518518518516,1,95.59,279.37164599475756,174.40542062100474,98.4,1874.3727526563189,"Texas, US",0.9878594,50644431
2026-09-21T12:18:55.647545+00:00,vast.ai,marketplace,RTX PRO 6000 Max-Q,1.6023148148148147,1,95.59,283.5798381724142,176.98134945172342,109.91,1381.0,"Norway, NO",0.9865671,49638702
2026-09-21T12:18:55.647545+00:00,vast.ai,marketplace,RTX PRO 6000 WS,1.604648148148148,1,95.59,282.8201537410476,176.2505718574116,215.93,265.57142857142856,"Bulgaria, BG",0.9992851,51536095
2026-09-21T12:18:55.647545+00:00,vast.ai,marketplace,RTX 5090,1.6055555555555554,1,31.84,199.46284455147767,124.23291356147399,247.81,245.5,"Norway, NO",0.99821,50806300
2026-09-21T12:18:55.647545+00:00,vast.ai,marketplace,RTX 5090,1.610712962962963,1,31.84,199.40061505091992,123.79649238317141,123.44,2702.0,"Denmark, DK",0.975497,51774419
2026-09-21T12:18:55.647545+00:00,vast.ai,marketplace,RTX PRO 6000 S,1.6272222222222223,1,95.59,279.642594682321,171.85273828206817,125.85,64.0,"Switzerland, CH",0.991848,51032798
2026-09-21T12:18:55.647545+00:00,vast.ai,marketplace,RTX PRO 6000 WS,1.6680555555555556,1,95.59,283.52140316516255,169.97119923306997,220.17,2808.659705313262,"Japan, JP",0.9871257,51749889
2026-09-21T12:18:55.647545+00:00,vast.ai,marketplace,RTX PRO 6000 Max-Q,1.680925925925926,1,95.59,283.1513060578409,168.44960369200626,125.96,52.75,"Czechia, CZ",0.9896709,51328226
2026-09-21T12:18:55.647545+00:00,vast.ai,marketplace,RTX PRO 6000 Max-Q,1.7232037037037036,1,95.59,282.91755273778074,164.18114244398527,125.92,445.375,"Czechia, CZ",0.9957905,47792399
2026-09-21T12:18:55.647545+00:00,vast.ai,marketplace,RTX PRO 6000 Max-Q,1.7356481481481483,1,95.59,283.32661709420836,163.23966202280343,188.81,2798.75,"Maryland, US",0.9931973,50836036
2026-09-21T12:18:55.647545+00:00,vast.ai,marketplace,A100 SXM4,1.807314425925926,1,80.0,128.78345371368496,71.25680615740475,122.02,603.0369736241189,"North Carolina, US",0.9791706,51216954
2026-09-21T12:18:55.647545+00:00,vast.ai,marketplace,RTX PRO 6000 WS,1.9887037037037039,1,95.59,282.6643131660647,142.13495587082124,125.92,1083.875,"Hungary, HU",0.9959814,43620829
2026-09-21T12:18:55.647545+00:00,vast.ai,marketplace,RTX 5060 Ti,2.0009259259259258,1,15.93,38.34864365332504,19.16544893363769,755.39,1311.0,"Spain, ES",0.9989169,29062021
2026-09-21T12:18:55.647545+00:00,vast.ai,marketplace,RTX 4090,2.001388888888889,1,23.99,97.17063444771811,48.551600834390726,125.71,1299.0,"Ontario, CA",0.9958748,47472164
2026-09-21T12:18:55.647545+00:00,vast.ai,marketplace,RTX PRO 6000 S,2.0157037037037036,1,95.59,234.57449993734355,116.3735024678134,125.93,1095.625,"Czechia, CZ",0.9980175,44623526
2026-09-21T12:18:55.647545+00:00,vast.ai,marketplace,RTX 4090D,2.0551851851851852,1,47.99,120.3919159602782,58.57959507888829,78.57,659.0,"South Carolina, US",0.9966604,49864598
2026-09-21T12:18:55.647545+00:00,vast.ai,marketplace,H100 SXM,2.081388888888889,1,79.65,343.576631218955,165.07084911093526,184.2,536.0,"Germany, DE",0.9891126,50405431
2026-09-21T12:18:55.647545+00:00,vast.ai,marketplace,RTX PRO 6000 WS,2.135648148148148,1,95.59,283.2876593787593,132.6471589547193,121.18,988.0,"California, US",0.9863845,50460702
2026-09-21T12:18:55.647545+00:00,vast.ai,marketplace,RTX PRO 6000 WS,2.136111111111111,1,95.59,282.29418103177517,132.15332271968668,503.83,812.0,"Florida, US",0.995642,51770860
2026-09-21T12:18:55.647545+00:00,vast.ai,marketplace,RTX PRO 6000 WS,2.2069444444444444,1,95.59,283.2292224921032,128.33545638408702,251.49,1070.755840413287,"New Jersey, US",0.9563763,51371152
2026-09-21T12:18:55.647545+00:00,vast.ai,marketplace,RTX 4090,2.3223148148148147,1,47.99,125.64231552606806,54.10218921420737,881.64,4746.4,"Romania, RO",0.9697063,51505100
2026-09-21T12:18:55.647545+00:00,vast.ai,marketplace,RTX PRO 6000 WS,2.3988888888888886,1,95.59,283.2292224921032,118.06683661088138,124.69,459.75,"Norway, NO",0.9985857,50049473
2026-09-21T12:18:55.647545+00:00,vast.ai,marketplace,RTX PRO 6000 Max-Q,2.402740740740741,1,95.59,282.8591134654696,117.72352658334123,125.94,1204.25,"Czechia, CZ",0.9979604,30989542
2026-09-21T12:18:55.647545+00:00,vast.ai,marketplace,H100 SXM,2.535648148148148,1,79.65,291.47669004256124,114.951552034313,235.95,4237.0,"The Netherlands, NL",0.9793481,51067266
2026-09-21T12:18:55.647545+00:00,vast.ai,marketplace,RTX 4090,2.6680555555555556,1,23.99,97.5612494014192,36.5664235132857,30.97,1199.0,"Italy, IT",0.958788,49957627
2026-09-21T12:18:55.647545+00:00,vast.ai,marketplace,H100 NVL,2.6680555555555556,1,93.58,377.6674729873769,141.55157759027142,181.07,2693.098819964508,"Bulgaria, BG",0.9965196,24548925
2026-09-21T12:18:55.647545+00:00,vast.ai,marketplace,H100 NVL,2.7880555555555535,1,93.58,347.81075698729353,124.75029641867665,314.69,310.0,"Ireland, IE",0.9792537,51909449
2026-09-21T12:18:55.647545+00:00,vast.ai,marketplace,H100 NVL,2.814722222222222,1,93.58,347.83770033268877,123.57798492032761,314.69,310.9,"Germany, DE",0.9528015,51909433
2026-09-21T12:18:55.647545+00:00,vast.ai,marketplace,H100 SXM,3.1366666666666667,1,79.65,61.8802483933203,19.728028180654718,188.87,326.7680572742115,"Taiwan, TW",0.9595224,51178439
2026-09-21T12:18:55.647545+00:00,vast.ai,marketplace,H100 NVL,3.1507407407407406,1,93.58,377.50508080712996,119.81470767359244,188.94,610.75,"Czechia, CZ",0.969967,31183489
2026-09-21T12:18:55.647545+00:00,vast.ai,marketplace,H200 NVL,3.601388888888889,1,140.4,423.19835714340735,117.50976364953847,181.06,136.5,"Bulgaria, BG",0.9828769,44335863
2026-09-21T12:18:55.647545+00:00,vast.ai,marketplace,H200 NVL,3.6069444444444447,1,140.4,432.59003496964726,119.93254723840816,251.73,2700.0,"Washington, US",0.9901799,50451798
2026-09-21T12:18:55.647545+00:00,vast.ai,marketplace,H200 NVL,3.7907222222222225,1,140.4,450.56459161176264,118.85982807456402,188.86,167.0,"Texas, US",0.9981028,28418864
2026-09-21T12:18:55.647545+00:00,vast.ai,marketplace,H200 NVL,4.0280555555555555,1,140.4,395.8229866332112,98.26651623195369,214.36,108.0,"Mississippi, US",0.9913042,50176552
2026-09-21T12:18:55.647545+00:00,vast.ai,marketplace,H200 NVL,4.126944444444444,1,140.4,449.9823979788691,109.03524484915722,188.39,383.625,"Texas, US",0.9915279,50998129
2026-09-21T12:18:55.647545+00:00,vast.ai,marketplace,H200 NVL,4.206944444444445,1,140.4,437.25476061303823,103.93642378388495,125.77,1253.0,"Washington, US",0.9971464,44499509
2026-09-21T12:18:55.647545+00:00,vast.ai,marketplace,H200 NVL,4.530833333333333,1,140.4,452.6664595341606,99.90799180448644,283.35,1468.0,"Czechia, CZ",0.9995095,28875921
2026-09-21T12:18:55.647545+00:00,vast.ai,marketplace,H200,4.7386695906432745,1,140.4,493.6040949414129,104.16512177089902,377.93,2422.6828390510063,"Saudi Arabia, SA",0.997736,39605094
2026-09-21T12:18:55.647545+00:00,vast.ai,marketplace,B200,6.251302083333333,1,179.06,679.5237229708999,108.70114960251014,249.5,2583.8075089443473,"Oregon, US",0.9961914,50255931
2026-09-21T12:18:55.647545+00:00,vast.ai,marketplace,B200,6.251302083333333,1,179.06,679.9228559748625,108.76499758148186,249.5,2417.375,"Oregon, US",0.9946153,51592616
2026-09-21T12:18:55.647545+00:00,vast.ai,marketplace,B200,6.7105902777777775,1,179.06,509.8529617310624,75.97736422970841,354.07,1804.0,"Virginia, US",0.9917827,48796642
2026-09-21T12:18:55.647545+00:00,vast.ai,marketplace,B200,9.381510416666666,1,179.06,681.9363457000936,72.68939812597806,249.5,2475.179904299074,", US",0.9935015,51061898
2026-09-21T12:18:55.647545+00:00,vast.ai,marketplace,RTX 5090,10.667592592592593,1,31.84,200.0946784856247,18.75724787470486,125.85,323.5,"Latvia, LV",0.9489476,51781533
2026-09-21T12:18:55.647545+00:00,vast.ai,marketplace,RTX 5090,53.33435185185186,1,31.84,198.26778499052975,3.7174499756041484,60.44,3281.0,"Ukraine, UA",0.997932,46363452
