collected_at,provider,tier,gpu_model,price_usd_per_hr,num_gpus,gpu_ram_gb,dlperf,dlperf_per_dollar,cpu_ram_gb,disk_space_gb,region,reliability,offer_id
2026-09-28T13:15:24.105128+00:00,vast.ai,marketplace,Quadro P2000,0.02851851851851852,1,5.0,1.0177623801653413,35.68777177203145,6.83,24.685937499999998,"Nevada, US",0.9940956,49574219
2026-09-28T13:15:24.105128+00:00,vast.ai,marketplace,GTX 1650,0.047314814814814816,1,4.0,1.2969773018355621,27.411653346035365,11.75,53.875,"Oregon, US",0.989214,52824445
2026-09-28T13:15:24.105128+00:00,vast.ai,marketplace,GTX 1070,0.04805555555555556,1,8.0,2.6128927489656055,54.37233466055595,8.96,161.84285714285716,"South Korea, KR",0.9790518,48484312
2026-09-28T13:15:24.105128+00:00,vast.ai,marketplace,GTX 1070,0.04805555555555556,1,8.0,2.62988504798339,54.72593163433643,8.96,56.67267219969661,"South Korea, KR",0.9876085,47060246
2026-09-28T13:15:24.105128+00:00,vast.ai,marketplace,Titan Xp,0.04805555555555556,1,12.0,5.757466410549852,119.80854958369633,8.96,70.85501243587628,"South Korea, KR",0.9885234,32784736
2026-09-28T13:15:24.105128+00:00,vast.ai,marketplace,GTX 1660 S,0.04805555555555556,1,6.0,1.724191995348428,35.87913978759734,31.35,123.5,"Vietnam, VN",0.9901541,50512283
2026-09-28T13:15:24.105128+00:00,vast.ai,marketplace,GTX 1660 S,0.04805555555555556,1,6.0,1.7362492820291868,36.1300428630351,15.62,166.2,"South Korea, KR",0.9959436,46609699
2026-09-28T13:15:24.105128+00:00,vast.ai,marketplace,GTX 1070,0.049388888888888885,1,8.0,2.4978679556144425,50.57550416317207,7.82,61.76169252334233,"South Korea, KR",0.9977729,50595366
2026-09-28T13:15:24.105128+00:00,vast.ai,marketplace,GTX 1070,0.049388888888888885,1,8.0,2.6625625460945153,53.910152789315276,15.62,383.0,"South Korea, KR",0.9949923,50016781
2026-09-28T13:15:24.105128+00:00,vast.ai,marketplace,GTX 1070,0.050722222222222224,1,8.0,2.4978679556144425,49.246027602475316,15.62,173.0,"South Korea, KR",0.9873138,50850384
2026-09-28T13:15:24.105128+00:00,vast.ai,marketplace,GTX 1080,0.052055555555555556,1,8.0,3.351404206277043,64.38129745249388,15.52,95.30000000000001,"South Korea, KR",0.9978336,51265279
2026-09-28T13:15:24.105128+00:00,vast.ai,marketplace,GTX 1080 Ti,0.05472222222222223,1,11.0,5.316102491579529,97.14705060754468,18.85,21.6,"Quebec, CA",0.9980015,49328821
2026-09-28T13:15:24.105128+00:00,vast.ai,marketplace,GTX 1080,0.05472222222222223,1,8.0,3.330490607485923,60.86175729415899,10.46,221.66666666666666,"South Korea, KR",0.9963466,50870182
2026-09-28T13:15:24.105128+00:00,vast.ai,marketplace,GTX 1080,0.05472222222222223,1,8.0,3.330490607485923,60.86175729415899,31.18,155.0,"South Korea, KR",0.9979844,51265402
2026-09-28T13:15:24.105128+00:00,vast.ai,marketplace,GTX 1080,0.05472222222222223,1,8.0,3.330490607485923,60.86175729415899,10.46,264.79999999999995,"South Korea, KR",0.9913995,52708520
2026-09-28T13:15:24.105128+00:00,vast.ai,marketplace,GTX 1080,0.05472222222222223,1,8.0,3.330490607485923,60.86175729415899,15.54,165.0,"South Korea, KR",0.9979182,52708889
2026-09-28T13:15:24.105128+00:00,vast.ai,marketplace,GTX 1080,0.05472222222222223,1,8.0,3.351404206277043,61.24393473399672,15.52,161.0,"South Korea, KR",0.9921842,52708846
2026-09-28T13:15:24.105128+00:00,vast.ai,marketplace,Titan Xp,0.05472222222222223,1,12.0,5.757466410549852,105.21258415218003,10.45,233.01188834656173,"South Korea, KR",0.9905599,48369194
2026-09-28T13:15:24.105128+00:00,vast.ai,marketplace,Titan Xp,0.05472222222222223,1,12.0,5.757466410549852,105.21258415218003,10.46,242.55622600679067,"South Korea, KR",0.9895811,48474937
2026-09-28T13:15:24.105128+00:00,vast.ai,marketplace,Titan Xp,0.05472222222222223,1,12.0,5.757466410549852,105.21258415218003,10.45,252.31666666666666,"South Korea, KR",0.9920416,48453495
2026-09-28T13:15:24.105128+00:00,vast.ai,marketplace,GTX TITAN X,0.05472222222222223,1,12.0,3.355057349444435,61.31069268020287,15.51,57.29999999999997,"South Korea, KR",0.9657058,52856994
2026-09-28T13:15:24.105128+00:00,vast.ai,marketplace,GTX TITAN X,0.05472222222222223,1,12.0,3.355057349444435,61.31069268020287,5.8,62.5,"South Korea, KR",0.996392,51832530
2026-09-28T13:15:24.105128+00:00,vast.ai,marketplace,RTX 3060,0.05472222222222223,1,12.0,12.337738291774793,225.46120736238197,25.15,241.29787182111636,"Quebec, CA",0.9922167,51819836
2026-09-28T13:15:24.105128+00:00,vast.ai,marketplace,RTX 3060,0.05472222222222223,1,12.0,11.24625668853526,205.5153506534362,25.18,101.52352720251517,"Quebec, CA",0.8453419,53137652
2026-09-28T13:15:24.105128+00:00,vast.ai,marketplace,RTX 3060,0.05611111111111111,1,12.0,12.26615158836682,218.60468177287405,23.59,346.375,"United States, US",0.9873689,50121276
2026-09-28T13:15:24.105128+00:00,vast.ai,marketplace,GTX 1660 S,0.05738888888888889,1,6.0,1.7121347086676697,29.833905862553777,15.61,177.0,"Vietnam, VN",0.9935511,31603447
2026-09-28T13:15:24.105128+00:00,vast.ai,marketplace,GTX 1660 S,0.05738888888888889,1,6.0,1.688020135306153,29.413710005334707,15.59,179.5,"Vietnam, VN",0.9965938,31603415
2026-09-28T13:15:24.105128+00:00,vast.ai,marketplace,RTX 3060,0.06092592592592593,1,12.0,12.04541429711627,197.70588815935517,15.63,144.89999999999998,"Poland, PL",0.9994378,45600112
2026-09-28T13:15:24.105128+00:00,vast.ai,marketplace,RTX 3060,0.06092592592592593,1,12.0,12.246465852475591,201.00582250263886,15.61,374.0,"Poland, PL",0.9993036,45598147
2026-09-28T13:15:24.105128+00:00,vast.ai,marketplace,RTX 3060,0.06092592592592593,1,12.0,11.482241698439541,188.46232574946356,15.63,313.0,"Poland, PL",0.9991595,45601974
2026-09-28T13:15:24.105128+00:00,vast.ai,marketplace,RTX 2060,0.061388888888888896,1,12.0,4.02611401137736,65.5837576513959,10.46,203.56666666666666,"South Korea, KR",0.9937063,49698958
2026-09-28T13:15:24.105128+00:00,vast.ai,marketplace,RTX 2070,0.061388888888888896,1,8.0,4.104189194763423,66.85557059343132,7.77,130.0,"South Korea, KR",0.9912606,49868123
2026-09-28T13:15:24.105128+00:00,vast.ai,marketplace,GTX 1080 Ti,0.06405555555555556,1,11.0,5.212453494822205,81.3739487483085,15.59,156.0,"South Korea, KR",0.9967153,53136465
2026-09-28T13:15:24.105128+00:00,vast.ai,marketplace,GTX 1080 Ti,0.06405555555555556,1,11.0,5.212453494822205,81.3739487483085,15.52,174.0,"South Korea, KR",0.9925073,50019343
2026-09-28T13:15:24.105128+00:00,vast.ai,marketplace,GTX 1080 Ti,0.06405555555555556,1,11.0,5.212453494822205,81.3739487483085,7.73,182.5,"South Korea, KR",0.9975708,50029605
2026-09-28T13:15:24.105128+00:00,vast.ai,marketplace,GTX 1080 Ti,0.06405555555555556,1,11.0,5.212453494822205,81.3739487483085,7.73,179.15,"South Korea, KR",0.9968425,50029567
2026-09-28T13:15:24.105128+00:00,vast.ai,marketplace,RTX 3060,0.06405555555555556,1,12.0,11.7604270498144,183.5972999971025,10.46,183.0,"South Korea, KR",0.9930996,38773087
2026-09-28T13:15:24.105128+00:00,vast.ai,marketplace,RTX 3060,0.06405555555555556,1,12.0,12.274795696281016,191.62733957767412,10.46,167.16666666666666,"South Korea, KR",0.9967115,38722659
2026-09-28T13:15:24.105128+00:00,vast.ai,marketplace,GTX 1080 Ti,0.06538888888888889,1,11.0,5.316102491579529,81.29978321871837,15.64,368.0,"South Korea, KR",0.9976348,47674539
2026-09-28T13:15:24.105128+00:00,vast.ai,marketplace,RTX 3060,0.06644444444444447,1,12.0,12.26689919347755,184.61888418277243,41.93,453.7566647329279,"Texas, US",0.9910319,51173206
2026-09-28T13:15:24.105128+00:00,vast.ai,marketplace,RTX 3060,0.06805555555555555,1,12.0,12.330585699091085,181.1841163948078,15.52,125.0,"South Korea, KR",0.9960213,50735973
2026-09-28T13:15:24.105128+00:00,vast.ai,marketplace,RTX 3060,0.06805555555555555,1,12.0,12.029450345990615,176.75927039006618,15.54,167.0,"South Korea, KR",0.9975157,50736627
2026-09-28T13:15:24.105128+00:00,vast.ai,marketplace,RTX 3060,0.06805555555555555,1,12.0,12.407072230538473,182.308000122198,31.26,171.0,"France, FR",0.9925621,45783662
2026-09-28T13:15:24.105128+00:00,vast.ai,marketplace,RTX 2070,0.06805555555555555,1,8.0,4.104189194763423,60.30645347407479,7.82,404.6,"South Korea, KR",0.9774734,50701337
2026-09-28T13:15:24.105128+00:00,vast.ai,marketplace,GTX 1660 Ti,0.06851851851851852,1,6.0,2.4740447784639805,36.10768055055539,62.93,331.5,"United Kingdom, GB",0.9974664,46831476
2026-09-28T13:15:24.105128+00:00,vast.ai,marketplace,RTX 3060,0.06883333333333333,1,12.0,12.272867045677101,178.29831059095062,15.65,351.5,"Oregon, US",0.9976375,46479274
2026-09-28T13:15:24.105128+00:00,vast.ai,marketplace,RTX 3060,0.06944444444444445,1,12.0,12.26689919347755,176.64334838607672,23.59,167.275,"California, US",0.9970145,50492815
2026-09-28T13:15:24.105128+00:00,vast.ai,marketplace,RTX 3060,0.07361111111111111,1,12.0,12.26615158836682,166.63451214385114,31.35,50.0,"Norway, NO",0.9943238,45120306
2026-09-28T13:15:24.105128+00:00,vast.ai,marketplace,RTX 3060,0.07472222222222222,1,12.0,12.406307808405456,166.03237215709905,31.18,127.0,"South Korea, KR",0.9872883,50735732
2026-09-28T13:15:24.105128+00:00,vast.ai,marketplace,RTX 3060,0.07472222222222222,1,12.0,12.407836284181814,166.05282759499826,47.19,138.225,"Connecticut, US",0.9938182,47594085
2026-09-28T13:15:24.105128+00:00,vast.ai,marketplace,RTX 3060,0.07472222222222222,1,12.0,12.407836284181814,166.05282759499826,10.46,183.66666666666666,"South Korea, KR",0.979422,50735547
2026-09-28T13:15:24.105128+00:00,vast.ai,marketplace,RTX 3060 laptop,0.07518518518518519,1,12.0,12.780869711099143,169.99186315255017,15.66,166.25,"New Zealand, NZ",0.9991583,52900638
2026-09-28T13:15:24.105128+00:00,vast.ai,marketplace,RTX 3060 laptop,0.07518518518518519,1,12.0,12.782884360734636,170.01865898514046,31.32,244.5,"New Zealand, NZ",0.9728265,52544512
2026-09-28T13:15:24.105128+00:00,vast.ai,marketplace,RTX A2000,0.07692592592592593,1,5.99,8.574028031505451,111.45823632674394,62.85,775.5,"British Columbia, CA",0.9977474,44117223
2026-09-28T13:15:24.105128+00:00,vast.ai,marketplace,RTX 3060,0.08005555555555555,1,12.0,12.275818832171568,153.34124842407235,20.97,197.41666666666666,"Thailand, TH",0.9706793,52389486
2026-09-28T13:15:24.105128+00:00,vast.ai,marketplace,RTX A4000,0.08185185185185186,1,15.99,21.189996229700604,258.88230687869515,19.63,155.60000000000002,"Ohio, US",0.9783482,47976752
2026-09-28T13:15:24.105128+00:00,vast.ai,marketplace,RTX A4000,0.08185185185185186,1,15.99,21.18518707573644,258.82355250899724,19.63,119.80000000000001,"Ohio, US",0.9968309,47976739
2026-09-28T13:15:24.105128+00:00,vast.ai,marketplace,RTX 4060,0.08185185185185186,1,8.0,9.834147077817844,120.14568828103248,15.72,46.73750000000001,"Nevada, US",0.9949658,49481972
2026-09-28T13:15:24.105128+00:00,vast.ai,marketplace,RTX 4060,0.08277777777777778,1,8.0,15.653315498872239,189.10045569107402,15.72,134.0,"Nevada, US",0.9909887,50944069
2026-09-28T13:15:24.105128+00:00,vast.ai,marketplace,RTX 3060 laptop,0.08318518518518518,1,12.0,12.78187728671498,153.65569311723263,15.59,317.00970531326215,"New Zealand, NZ",0.9985621,52665443
2026-09-28T13:15:24.105128+00:00,vast.ai,marketplace,RTX A4000,0.0875925925925926,1,15.99,20.29544005470054,231.70269829890677,23.49,336.5,"Poland, PL",0.9995547,45600038
2026-09-28T13:15:24.105128+00:00,vast.ai,marketplace,RTX A4000,0.0875925925925926,1,15.99,20.29544005470054,231.70269829890677,15.64,335.0,"Poland, PL",0.9995685,45598790
2026-09-28T13:15:24.105128+00:00,vast.ai,marketplace,RTX A4000,0.0875925925925926,1,15.99,20.43783852015389,233.32838902501268,23.49,182.5,"Poland, PL",0.9984859,49383451
2026-09-28T13:15:24.105128+00:00,vast.ai,marketplace,RTX A4000,0.0915925925925926,1,15.99,19.540743035820647,213.34414151522742,41.93,73.0,"Japan, JP",0.9937829,49635431
2026-09-28T13:15:24.105128+00:00,vast.ai,marketplace,RTX A4000,0.0915925925925926,1,15.99,18.03667981336603,196.92290940593725,41.93,76.83333333333333,"Japan, JP",0.9932386,49633888
2026-09-28T13:15:24.105128+00:00,vast.ai,marketplace,RTX 3060,0.09202777777777779,1,12.0,12.399411382807179,134.7355296652757,31.42,284.07500000000016,"Pennsylvania, US",0.9819052,52676776
2026-09-28T13:15:24.105128+00:00,vast.ai,marketplace,GTX 1660 S,0.09407407407407407,1,6.0,1.700077421986912,18.071689131356937,125.9,1109.0500000000002,"Quebec, CA",0.9985856,47927849
2026-09-28T13:15:24.105128+00:00,vast.ai,marketplace,RTX 3070,0.09425925925925926,1,8.0,16.281633360172783,172.73245608041853,15.6,146.3,"Vietnam, VN",0.9868839,52925175
2026-09-28T13:15:24.105128+00:00,vast.ai,marketplace,RTX A4000,0.09472222222222222,1,15.99,21.191598078871984,223.72361608193296,125.83,395.0,"France, FR",0.9972597,53157042
2026-09-28T13:15:24.105128+00:00,vast.ai,marketplace,RTX 3070,0.09472222222222222,1,8.0,16.277128119288,171.84064876667685,31.26,346.45,"Japan, JP",0.9956889,51773111
2026-09-28T13:15:24.105128+00:00,vast.ai,marketplace,RTX 3060 Ti,0.09472222222222222,1,8.0,13.757749054489425,145.243098522469,41.9,265.3333333333333,"Quebec, CA",0.9476105,52514848
2026-09-28T13:15:24.105128+00:00,vast.ai,marketplace,Tesla P100,0.09564814814814815,1,16.0,6.489584450329015,67.84851119414652,23.23,673.2495321224895,"Texas, US",0.9747139,48743421
2026-09-28T13:15:24.105128+00:00,vast.ai,marketplace,Tesla P100,0.09564814814814815,1,16.0,6.489584450329015,67.84851119414652,39.01,522.175,"Texas, US",0.9942364,48981926
2026-09-28T13:15:24.105128+00:00,vast.ai,marketplace,RTX 5060,0.09612962962962963,1,7.96,28.217436930554282,293.53527147947045,31.26,350.0,"Vietnam, VN",0.9934608,53079876
2026-09-28T13:15:24.105128+00:00,vast.ai,marketplace,RTX 4060 Ti,0.09888888888888889,1,16.0,22.522997544622854,227.76064932764683,20.96,515.6666666666666,"Japan, JP",0.9830943,51188704
2026-09-28T13:15:24.105128+00:00,vast.ai,marketplace,RTX 2080 Ti,0.10005555555555555,1,22.0,11.045877624506199,110.39744433154446,31.44,130.25,"Thailand, TH",0.9730771,51470053
2026-09-28T13:15:24.105128+00:00,vast.ai,marketplace,RTX A4000,0.10027777777777779,1,15.99,15.771494341534808,157.27805991558256,31.42,324.4,"Germany, DE",0.9891922,50614342
2026-09-28T13:15:24.105128+00:00,vast.ai,marketplace,RTX 2080 Ti,0.10538888888888888,1,22.0,11.045877624506199,104.81064693785535,17.97,162.0,"Thailand, TH",0.975832,50286290
2026-09-28T13:15:24.105128+00:00,vast.ai,marketplace,Q RTX 5000,0.1075925925925926,1,16.0,6.974717272952806,64.82525520472487,31.34,331.7,"Spain, ES",0.9969629,51030538
2026-09-28T13:15:24.105128+00:00,vast.ai,marketplace,RTX A4000,0.10805555555555556,1,15.99,21.62490015935364,200.12761072923678,39.28,223.33626449624734,"Delaware, US",0.9994684,45415097
2026-09-28T13:15:24.105128+00:00,vast.ai,marketplace,RTX 3080,0.10805555555555556,1,10.0,26.960074480764245,249.50197462918067,15.46,142.0,"South Korea, KR",0.9968188,48452971
2026-09-28T13:15:24.105128+00:00,vast.ai,marketplace,RTX 4060 Ti,0.10827777777777778,1,16.0,22.510935115624875,207.89986253527334,31.35,334.0,"Norway, NO",0.992313,52072353
2026-09-28T13:15:24.105128+00:00,vast.ai,marketplace,RTX 4060 Ti,0.10851851851851853,1,16.0,22.633156987681527,208.56492787283318,20.88,168.93333333333334,"Ohio, US",0.973551,51630299
2026-09-28T13:15:24.105128+00:00,vast.ai,marketplace,RTX A4000,0.10898148148148148,1,15.99,21.18679072847466,194.4072556223673,47.22,352.9625,"Estonia, EE",0.9820224,51587991
2026-09-28T13:15:24.105128+00:00,vast.ai,marketplace,RTX 3060,0.10898148148148148,1,12.0,12.264655292856059,112.53889308652968,31.46,161.37500000000003,"Norway, NO",0.9984331,13388147
2026-09-28T13:15:24.105128+00:00,vast.ai,marketplace,RTX A2000,0.10898148148148148,1,5.99,8.576597161264104,78.69774795382526,62.89,724.0,"Norway, NO",0.9966336,29318077
2026-09-28T13:15:24.105128+00:00,vast.ai,marketplace,RTX 4070S,0.1126851851851852,1,11.99,34.71010035274704,308.02718472446014,11.78,363.125,", US",0.9889936,44275537
2026-09-28T13:15:24.105128+00:00,vast.ai,marketplace,RTX 4070S,0.1126851851851852,1,11.99,19.264052243771584,170.95461317397954,11.78,140.25,"United States, US",0.9896078,39568821
2026-09-28T13:15:24.105128+00:00,vast.ai,marketplace,RTX 4060 Ti,0.11472222222222223,1,16.0,22.498867868639216,196.11603953293263,62.82,1512.5,"Vietnam, VN",0.9709365,45031679
2026-09-28T13:15:24.105128+00:00,vast.ai,marketplace,RTX 4060 Ti,0.1175926085925926,1,16.0,22.50490209483634,191.3802437430916,23.57,148.0,"California, US",0.9506529,52442691
2026-09-28T13:15:24.105128+00:00,vast.ai,marketplace,RTX 3060 laptop,0.11785185185185186,1,12.0,12.78187728671498,108.45716113805922,15.59,313.3,"New Zealand, NZ",0.995719,51286013
2026-09-28T13:15:24.105128+00:00,vast.ai,marketplace,RTX 4060 Ti,0.12013888888888889,1,16.0,22.535055162917324,187.57502563353148,23.57,318.32500000000005,"Jiangsu, CN",0.9938651,49517350
2026-09-28T13:15:24.105128+00:00,vast.ai,marketplace,RTX A4000,0.1213888888888889,1,14.99,19.972681538169432,164.5346762869793,18.17,98.375,"Delaware, US",0.9995144,46653914
2026-09-28T13:15:24.105128+00:00,vast.ai,marketplace,RTX A4000,0.1213888888888889,1,15.99,21.189996229700604,174.56289800211024,15.66,180.0,"Utah, US",0.9873661,50591557
2026-09-28T13:15:24.105128+00:00,vast.ai,marketplace,RTX 3080 Ti,0.1213888888888889,1,12.0,34.92699568112432,287.72811087425066,31.26,608.0,"Oregon, US",0.6908924,38475407
2026-09-28T13:15:24.105128+00:00,vast.ai,marketplace,RTX 3070,0.12166666666666667,1,8.0,16.281633360172783,133.82164405621464,15.64,361.0,"Spain, ES",0.9880436,52230480
2026-09-28T13:15:24.105128+00:00,vast.ai,marketplace,RTX 3070,0.12175925925925928,1,8.0,16.279381572723597,133.70138477978313,31.15,391.0,"Brazil, BR",0.9962359,41360120
2026-09-28T13:15:24.105128+00:00,vast.ai,marketplace,RTX 4060,0.12231481481481482,1,8.0,15.612931283414309,127.64546393707383,251.59,672.0,"Quebec, CA",0.9947556,53178489
2026-09-28T13:15:24.105128+00:00,vast.ai,marketplace,RTX 4060 Ti,0.12231481481481482,1,16.0,22.535055162917324,184.23814970439597,62.68,272.0,"Spain, ES",0.9939063,48225616
2026-09-28T13:15:24.105128+00:00,vast.ai,marketplace,RTX 3090,0.12601851851851853,1,24.0,44.36601777471118,352.0595091600887,31.47,125.21455870856374,"California, US",0.987463,44579230
2026-09-28T13:15:24.105128+00:00,vast.ai,marketplace,RTX 5060 Ti,0.12685185185185185,1,15.93,38.50384941987168,303.53399542672565,29.96,484.0,"India, IN",0.9387614,50282300
2026-09-28T13:15:24.105128+00:00,vast.ai,marketplace,RTX 5060 Ti,0.12685185185185185,1,15.93,38.481124835378345,303.3548527168512,29.96,653.0,"India, IN",0.9908054,51103810
2026-09-28T13:15:24.105128+00:00,vast.ai,marketplace,RTX 5060 Ti,0.12898148148148147,1,7.96,30.124792412529494,233.5590510088432,31.4,228.0,"Virginia, US",0.9969676,52258481
2026-09-28T13:15:24.105128+00:00,vast.ai,marketplace,RTX 3060 Ti,0.13313888888888892,1,8.0,13.98639445145344,105.05115799130476,15.52,435.0,"France, FR",0.9937857,53170012
2026-09-28T13:15:24.105128+00:00,vast.ai,marketplace,Tesla P40,0.13472222222222222,1,22.5,5.747730038070885,42.66356316918595,94.38,142.0,"Mexico, MX",0.9706218,52362841
2026-09-28T13:15:24.105128+00:00,vast.ai,marketplace,RTX 4060,0.13472222222222222,1,8.0,15.942150356978468,118.33348718581956,31.18,650.0,"Mexico, MX",0.9982701,40179084
2026-09-28T13:15:24.105128+00:00,vast.ai,marketplace,RTX 2060S,0.13472222222222222,1,8.0,3.9592396557420164,29.3881706405593,15.54,391.0,"The Netherlands, NL",0.9680042,52793019
2026-09-28T13:15:24.105128+00:00,vast.ai,marketplace,RTX 3070,0.13472222222222222,1,8.0,16.287255552331068,120.89509275957082,31.27,492.0,"Virginia, US",0.9950442,39826844
2026-09-28T13:15:24.105128+00:00,vast.ai,marketplace,RTX 2080 Ti,0.13472222222222222,1,11.0,9.09974092807615,67.54446874448277,62.63,764.1,"Washington, US",0.9977304,53098683
2026-09-28T13:15:24.105128+00:00,vast.ai,marketplace,Q RTX 6000,0.13472222222222222,1,22.5,11.787989876642415,87.49848155858288,61.95,1404.0,"Pennsylvania, US",0.6784058,51998687
2026-09-28T13:15:24.105128+00:00,vast.ai,marketplace,RTX 4060 Ti,0.13477777777777777,1,16.0,22.498867868639216,166.9330674507444,125.96,610.0,"United Kingdom, GB",0.9978422,45635656
2026-09-28T13:15:24.105128+00:00,vast.ai,marketplace,RTX 4070,0.13518518518518519,1,11.99,34.14217839341401,252.55857989648717,31.42,390.25,"Alberta, CA",0.9965097,45498590
2026-09-28T13:15:24.105128+00:00,vast.ai,marketplace,RTX 3070,0.13564814814814816,1,8.0,16.408370041735097,120.96272795272289,62.89,364.17999854969594,"Norway, NO",0.9980328,16581606
2026-09-28T13:15:24.105128+00:00,vast.ai,marketplace,Tesla V100,0.13796296296296295,1,16.0,20.174061839263175,146.22809923761227,62.89,777.5,"Quebec, CA",0.9733328,52317657
2026-09-28T13:15:24.105128+00:00,vast.ai,marketplace,RTX 3090,0.13935185185185184,1,24.0,44.369958247214115,318.40235818598836,31.47,129.75,"California, US",0.9595538,52692613
2026-09-28T13:15:24.105128+00:00,vast.ai,marketplace,RTX 5060 Ti,0.14185185185185187,1,15.93,27.68497621792627,195.16823965639927,15.26,318.0,"Finland, FI",0.9915533,50915212
2026-09-28T13:15:24.105128+00:00,vast.ai,marketplace,RTX 3080,0.14405555555555555,1,10.0,26.959080096969235,187.14363353083158,15.48,236.7,"France, FR",0.9590258,52747220
2026-09-28T13:15:24.105128+00:00,vast.ai,marketplace,RTX A4000,0.14805555555555555,1,15.99,21.194799976038738,143.15437132033668,62.87,368.0,"Massachusetts, US",0.9365396,51648674
2026-09-28T13:15:24.105128+00:00,vast.ai,marketplace,Tesla T4,0.14805555555555555,1,15.0,4.302423311844853,29.05951955467443,15.41,219.0,"Ireland, IE",0.93859,52633602
2026-09-28T13:15:24.105128+00:00,vast.ai,marketplace,RTX 4060 Ti,0.14805555555555555,1,8.0,17.513045841514547,118.28698879822208,62.69,333.0,"Kentucky, US",0.9944762,13544719
2026-09-28T13:15:24.105128+00:00,vast.ai,marketplace,RTX 3080,0.14805555555555555,1,10.0,25.824246267725403,174.42267647994643,15.57,269.0,"Austria, AT",0.9973959,47278881
2026-09-28T13:15:24.105128+00:00,vast.ai,marketplace,RTX 3080,0.14805555555555555,1,10.0,26.930735474709756,181.8961495477582,15.58,389.0,"Austria, AT",0.9755828,52079145
2026-09-28T13:15:24.105128+00:00,vast.ai,marketplace,RTX 3060 Ti,0.14805555555555555,1,8.0,13.860666692126925,93.61801142899986,110.12,119.5,"Massachusetts, US",0.9719095,46460414
2026-09-28T13:15:24.105128+00:00,vast.ai,marketplace,RTX 3060 Ti,0.14805555555555555,1,8.0,13.776522212633388,93.04968098589156,94.31,104.19999999999999,"Massachusetts, US",0.9442554,51361323
2026-09-28T13:15:24.105128+00:00,vast.ai,marketplace,RTX 3060 Ti,0.14805555555555555,1,8.0,13.932156277121331,94.10086791301462,94.31,140.0,"Massachusetts, US",0.9907629,47798929
2026-09-28T13:15:24.105128+00:00,vast.ai,marketplace,RTX 4060 Ti,0.14805555555555555,1,16.0,22.52902695465334,152.1660357162327,19.43,368.0,"Kentucky, US",0.984274,40407013
2026-09-28T13:15:24.105128+00:00,vast.ai,marketplace,RTX 4060 Ti,0.14805555555555555,1,16.0,22.614867773460208,152.74582361061303,31.18,304.0,"Kentucky, US",0.9928259,37529335
2026-09-28T13:15:24.105128+00:00,vast.ai,marketplace,RTX 3090,0.15268518518518517,1,24.0,44.58724277535593,292.020753167886,35.98,142.07857142857142,"California, US",0.9881667,50443929
2026-09-28T13:15:24.105128+00:00,vast.ai,marketplace,RTX 4060 Ti,0.15472222222222223,1,16.0,22.486795796367005,145.3365617000381,15.63,177.5,"Ireland, IE",0.9948846,53176073
2026-09-28T13:15:24.105128+00:00,vast.ai,marketplace,RTX 3060,0.15750000000000003,1,12.0,12.506938192344968,79.40913137996804,62.86,285.0,"New York, US",0.9979965,52140337
2026-09-28T13:15:24.105128+00:00,vast.ai,marketplace,RTX A4000,0.1613888888888889,1,15.99,21.194799976038738,131.3275041544569,125.78,546.5000000000003,"Japan, JP",0.9874347,48607918
2026-09-28T13:15:24.105128+00:00,vast.ai,marketplace,RTX 3070,0.1613888888888889,1,8.0,16.280507674579923,100.87750022114926,20.93,101.66666666666669,"Oklahoma, US",0.9881194,53049417
2026-09-28T13:15:24.105128+00:00,vast.ai,marketplace,Titan V,0.1613888888888889,1,12.0,21.927007550208472,135.86441855550862,15.59,388.5,"South Korea, KR",0.9949657,52709208
2026-09-28T13:15:24.105128+00:00,vast.ai,marketplace,RTX 4060 Ti,0.1613888888888889,1,16.0,22.602745180137415,140.05143312993923,31.27,206.0,"Kentucky, US",0.9921827,30829053
2026-09-28T13:15:24.105128+00:00,vast.ai,marketplace,Tesla V100,0.1613888888888889,1,32.0,23.192176196426026,143.7036735062542,31.45,240.67426746791682,"British Columbia, CA",0.9947967,45783723
2026-09-28T13:15:24.105128+00:00,vast.ai,marketplace,RTX 5060 Ti,0.1613888888888889,1,15.93,29.168695986248462,180.73546566350166,15.59,224.5,"Denmark, DK",0.9856671,52182664
2026-09-28T13:15:24.105128+00:00,vast.ai,marketplace,RTX 3090,0.16231481481481483,1,24.0,44.608251904692125,274.825510878879,28.26,462.8,"Estonia, EE",0.9346185,50893108
2026-09-28T13:15:24.105128+00:00,vast.ai,marketplace,RTX 4070,0.16231481481481483,1,11.99,33.657026942060945,207.35646946620545,125.78,628.45,"Colorado, US",0.9933637,45140321
2026-09-28T13:15:24.105128+00:00,vast.ai,marketplace,RTX 3060 Ti,0.16231481481481483,1,8.0,13.773723322227632,84.85807865376977,62.96,355.7125,"Norway, NO",0.9830907,53038585
2026-09-28T13:15:24.105128+00:00,vast.ai,marketplace,RTX 3090,0.17425925925925925,1,24.0,44.60559630349915,255.9726036545116,31.41,57.5,"Germany, DE",0.9320273,52734991
2026-09-28T13:15:24.105128+00:00,vast.ai,marketplace,RTX 3090,0.17472222222222222,1,24.0,45.12992820157609,258.2952965432018,25.15,210.52562397031343,"Quebec, CA",0.9754604,53080712
2026-09-28T13:15:24.105128+00:00,vast.ai,marketplace,RTX 3070,0.17472222222222222,1,8.0,16.27487299799914,93.14712685659285,10.42,242.0,"France, FR",0.9978309,51557330
2026-09-28T13:15:24.105128+00:00,vast.ai,marketplace,RTX 3070 Ti,0.17472222222222222,1,8.0,18.211237100582657,104.22965590158596,62.57,238.0,"Massachusetts, US",0.9931759,44162569
2026-09-28T13:15:24.105128+00:00,vast.ai,marketplace,RTX 3090,0.17935185185185185,1,24.0,44.35286711381634,247.29528385607458,53.96,311.7142857142857,"United States, US",0.9559017,48317510
2026-09-28T13:15:24.105128+00:00,vast.ai,marketplace,RTX 3090,0.17935185185185185,1,24.0,44.84434922304307,250.03560743875332,47.19,686.75,"United States, US",0.9582534,41028909
2026-09-28T13:15:24.105128+00:00,vast.ai,marketplace,RTX 3090,0.17935185185185185,1,24.0,44.35813028876885,247.3246293849786,23.59,278.077134126151,"United States, US",0.9924577,43751735
2026-09-28T13:15:24.105128+00:00,vast.ai,marketplace,RTX 4060 Ti,0.18078703703703705,1,16.0,22.498867868639216,124.44956362678798,251.88,536.65,"Germany, DE",0.9986931,49407382
2026-09-28T13:15:24.105128+00:00,vast.ai,marketplace,RTX 3090,0.1875925925925926,1,24.0,44.369958247214115,236.52297584892025,26.51,240.65428853264567,"Bulgaria, BG",0.9755976,50092458
2026-09-28T13:15:24.105128+00:00,vast.ai,marketplace,RTX 3090,0.18805555555555556,1,24.0,44.600282167686146,237.16545908961612,15.63,24.5,"Poland, PL",0.9960042,53164565
2026-09-28T13:15:24.105128+00:00,vast.ai,marketplace,RTX 3090,0.18851851851851853,1,24.0,44.35549918675223,235.28457328925543,31.37,604.0,"Utah, US",0.9982768,11087700
2026-09-28T13:15:24.105128+00:00,vast.ai,marketplace,RTX 3060,0.18851851851851853,1,12.0,12.407836284181814,65.81759914988388,15.59,348.5,"Florida, US",0.9920187,52645796
2026-09-28T13:15:24.105128+00:00,vast.ai,marketplace,RTX 4070,0.19883333333333333,1,11.99,33.704658271663014,169.51211201171674,62.86,758.0,"New York, US",0.9973901,52140290
2026-09-28T13:15:24.105128+00:00,vast.ai,marketplace,RTX 5070,0.2009259259259259,1,11.94,50.00694484343633,248.88249046502878,12.4,166.0,"New York, US",0.982101,46719693
2026-09-28T13:15:24.105128+00:00,vast.ai,marketplace,RTX 4000Ada,0.2010185185185185,1,20.0,31.189442869692154,155.157062640569,31.39,214.70000000000002,"Romania, RO",0.9971446,51392043
2026-09-28T13:15:24.105128+00:00,vast.ai,marketplace,RTX 3090,0.20138888888888887,1,24.0,44.600282167686146,221.46347007402778,26.13,494.66666666666663,"British Columbia, CA",0.9261398,53165280
2026-09-28T13:15:24.105128+00:00,vast.ai,marketplace,RTX 3090,0.20138888888888887,1,24.0,44.3476000530206,220.20877267706783,31.46,332.625,", CN",0.9972669,45174323
2026-09-28T13:15:24.105128+00:00,vast.ai,marketplace,RTX A5000,0.20138888888888887,1,23.99,34.91682171916869,173.3800802606997,62.39,430.0,"Quebec, CA",0.9003227,49301745
2026-09-28T13:15:24.105128+00:00,vast.ai,marketplace,RTX 4000Ada,0.20138888888888887,1,20.0,31.280558517703046,155.32415263962892,31.41,436.5,"Hungary, HU",0.9984458,36173719
2026-09-28T13:15:24.105128+00:00,vast.ai,marketplace,Titan RTX,0.20138888888888887,1,24.0,12.057292800000003,59.87069528275864,15.59,346.0,"South Korea, KR",0.9973515,50869877
2026-09-28T13:15:24.105128+00:00,vast.ai,marketplace,Titan RTX,0.20138888888888887,1,24.0,12.057292800000003,59.87069528275864,31.32,360.0,"South Korea, KR",0.9986336,50736362
2026-09-28T13:15:24.105128+00:00,vast.ai,marketplace,RTX 3080,0.20138888888888887,1,10.0,23.615443303715942,117.2628908874171,20.22,111.71428571428571,"Florida, US",0.9948919,51194595
2026-09-28T13:15:24.105128+00:00,vast.ai,marketplace,RTX 3080,0.20138888888888887,1,10.0,26.685235200436985,132.50599547803193,15.66,200.5,"Taiwan, TW",0.9989631,34092774
2026-09-28T13:15:24.105128+00:00,vast.ai,marketplace,RTX 3080,0.20138888888888887,1,10.0,24.208536029430995,120.20790304269185,15.59,307.0,"Taiwan, TW",0.9965616,45563020
2026-09-28T13:15:24.105128+00:00,vast.ai,marketplace,RTX 4070S Ti,0.20185185185185184,1,15.99,50.17300247254154,248.56349848782048,62.72,290.33527202515165,"Spain, ES",0.994224,49440814
2026-09-28T13:15:24.105128+00:00,vast.ai,marketplace,RTX A2000,0.2023148148148148,1,5.99,8.576597161264104,42.392333794806554,125.78,1502.0,"Norway, NO",0.9976591,52457955
2026-09-28T13:15:24.105128+00:00,vast.ai,marketplace,RTX PRO 4000,0.2023148148148148,1,23.89,65.64443519167938,324.46677348747704,94.31,701.0,"Alberta, CA",0.9685756,52604145
2026-09-28T13:15:24.105128+00:00,vast.ai,marketplace,RTX 5070 Ti,0.2060185185185185,1,15.92,75.8256379220704,368.052534632971,31.46,134.425,"United States, US",0.9596579,52688672
2026-09-28T13:15:24.105128+00:00,vast.ai,marketplace,RTX 4070S Ti,0.20451851851851852,1,15.99,51.25664346281319,250.62103830060775,50.34,255.1596256979916,"Bulgaria, BG",0.9494182,50223792
2026-09-28T13:15:24.105128+00:00,vast.ai,marketplace,RTX 3090,0.21072222222222223,1,24.0,36.66859257488747,174.0138851431517,31.44,111.275,"Taiwan, TW",0.9960891,41191658
2026-09-28T13:15:24.105128+00:00,vast.ai,marketplace,Tesla V100,0.21205555555555555,1,32.0,25.71306491342886,121.25626629335066,94.14,902.8753575470059,"Minnesota, US",0.9994799,32302952
2026-09-28T13:15:24.105128+00:00,vast.ai,marketplace,RTX 4060 Ti,0.2253888888888889,1,16.0,22.516966931916716,99.90273718868644,62.94,215.6268120679837,"Quebec, CA",0.9981409,49744615
2026-09-28T13:15:24.105128+00:00,vast.ai,marketplace,RTX 3090,0.2278703703703704,1,24.0,44.60161106848776,195.73238502221366,23.28,205.0,"Kosovo, XK",0.9830324,48581133
2026-09-28T13:15:24.105128+00:00,vast.ai,marketplace,RTX 3090,0.22805555555555557,1,24.0,44.36733150764498,194.5461552101363,62.89,67.75,"Oman, OM",0.9881439,53183878
2026-09-28T13:15:24.105128+00:00,vast.ai,marketplace,RTX 5070 Ti,0.22851851851851854,1,15.92,75.81889046265094,331.7844477295908,41.88,406.87567672790067,"The Netherlands, NL",0.9825263,52593532
2026-09-28T13:15:24.105128+00:00,vast.ai,marketplace,RTX A5000,0.23205555555555557,1,23.99,35.34599457278277,152.31695051713905,100.7,28.64000000000001,"Romania, RO",0.9978892,13273575
2026-09-28T13:15:24.105128+00:00,vast.ai,marketplace,RTX A5000,0.23205555555555557,1,23.99,35.13514473957099,151.40833261007367,125.88,1449.25,"Romania, RO",0.9983419,19951406
2026-09-28T13:15:24.105128+00:00,vast.ai,marketplace,RTX 3090,0.2326851851851852,1,24.0,43.98425462869862,189.02902904494434,29.3,315.9,"Romania, RO",0.9787971,51476877
2026-09-28T13:15:24.105128+00:00,vast.ai,marketplace,RTX PRO 4000,0.23785185185185184,1,23.89,59.05179479276486,248.27132659680026,31.34,1138.0,"Michigan, US",0.9694471,51671368
2026-09-28T13:15:24.105128+00:00,vast.ai,marketplace,RTX 3090,0.2394814814814815,1,24.0,17.64269073514526,73.67037578857439,30.84,158.25,"New Zealand, NZ",0.942764,48399575
2026-09-28T13:15:24.105128+00:00,vast.ai,marketplace,RTX 3090,0.24092592592592593,1,24.0,44.565644664947726,184.97654203744636,78.53,1575.5,"Quebec, CA",0.9932614,49987153
2026-09-28T13:15:24.105128+00:00,vast.ai,marketplace,RTX 3090,0.2413888888888889,1,24.0,44.308415832331804,183.55615304533313,25.43,160.0,"Taiwan, TW",0.9889989,52755888
2026-09-28T13:15:24.105128+00:00,vast.ai,marketplace,A10,0.2416666666666667,1,22.49,29.1161765629528,120.48073060532191,62.83,538.9989472482378,"The Netherlands, NL",0.9996177,44544438
2026-09-28T13:15:24.105128+00:00,vast.ai,marketplace,A10,0.2416666666666667,1,22.49,29.11269408515854,120.46632035238015,62.83,563.8160227098269,"Illinois, US",0.9987261,47574078
2026-09-28T13:15:24.105128+00:00,vast.ai,marketplace,RTX A5000,0.24185185185185187,1,22.49,33.00951710510612,136.48651789247552,30.5,1392.0,"Puerto Rico, PR",0.9939001,51951043
2026-09-28T13:15:24.105128+00:00,vast.ai,marketplace,RTX 5080,0.24185185185185187,1,15.92,41.004021800823836,169.54189718564217,61.82,157.0,"Serbia, RS",0.9887513,51066119
2026-09-28T13:15:24.105128+00:00,vast.ai,marketplace,RTX 3090,0.24231481481481484,1,24.0,44.60426813632625,184.0756957861381,31.41,531.4355840413286,"Estonia, EE",0.9950424,45558037
2026-09-28T13:15:24.105128+00:00,vast.ai,marketplace,RTX 3090,0.24370370370370373,1,24.0,44.88941751837439,184.19669802372468,28.26,504.07244276497005,"Estonia, EE",0.9935207,45557886
2026-09-28T13:15:24.105128+00:00,vast.ai,marketplace,Tesla V100,0.24555555555555558,1,32.0,25.71306491342886,104.71383901396366,125.81,764.75,"Bulgaria, BG",0.9777029,21161541
2026-09-28T13:15:24.105128+00:00,vast.ai,marketplace,Q RTX 8000,0.25425925925925924,1,45.0,11.59033456697642,45.5847098774018,47.22,85.64614563852544,"Indiana, US",0.9979188,24936696
2026-09-28T13:15:24.105128+00:00,vast.ai,marketplace,RTX 3090,0.2547222222222222,1,24.0,44.84837490551634,176.06777498348836,39.05,654.0,"Argentina, AR",0.993888,47504972
2026-09-28T13:15:24.105128+00:00,vast.ai,marketplace,RTX 3090,0.2547222222222222,1,24.0,44.36864499845682,174.18442965588287,31.39,292.0,"Taiwan, TW",0.9909229,52755868
2026-09-28T13:15:24.105128+00:00,vast.ai,marketplace,RTX 3090 Ti,0.2547222222222222,1,23.99,46.19170424109136,181.34147793667276,125.63,3100.0,"Vietnam, VN",0.97696,51111742
2026-09-28T13:15:24.105128+00:00,vast.ai,marketplace,RTX PRO 4000,0.2591851851851852,1,23.89,65.75230423708362,253.68851306105427,31.34,897.0,"Michigan, US",0.969282,51671428
2026-09-28T13:15:24.105128+00:00,vast.ai,marketplace,Tesla V100,0.2613888888888889,1,32.0,25.71306491342886,98.37091784096056,94.32,1303.7793408543428,"Minnesota, US",0.9994708,44175696
2026-09-28T13:15:24.105128+00:00,vast.ai,marketplace,Q RTX 8000,0.26731481481481484,1,48.0,11.85512194923945,44.34891480837757,94.13,440.2942627701491,", US",0.9992177,29525112
2026-09-28T13:15:24.105128+00:00,vast.ai,marketplace,RTX PRO 4000,0.2675925925925926,1,23.89,65.69237766585148,245.49400650214395,32.72,2027.6171645701781,"Australia, AU",0.9973038,49601337
2026-09-28T13:15:24.105128+00:00,vast.ai,marketplace,RTX 3090,0.26805555555555555,1,24.0,44.59895302220554,166.37951386522275,62.89,312.5,"Oman, OM",0.9901037,53183073
2026-09-28T13:15:24.105128+00:00,vast.ai,marketplace,Q RTX 8000,0.26805555555555555,1,45.0,11.59033456697642,43.23855382498976,62.73,803.8159807200158,"New Jersey, US",0.9492435,52438734
2026-09-28T13:15:24.105128+00:00,vast.ai,marketplace,L4,0.26805555555555555,1,22.49,25.32920853949707,94.49238418879736,62.75,590.5,"Czechia, CZ",0.9865979,50594980
2026-09-28T13:15:24.105128+00:00,vast.ai,marketplace,Tesla V100,0.26805555555555555,1,32.0,25.71306491342886,95.92438724180714,125.94,719.0,"Minnesota, US",0.9991199,42722536
2026-09-28T13:15:24.105128+00:00,vast.ai,marketplace,RTX 5070 Ti,0.26805555555555555,1,15.92,37.81712417882742,141.07942698837172,15.59,366.5,"South Korea, KR",0.9968474,50736215
2026-09-28T13:15:24.105128+00:00,vast.ai,marketplace,RTX 3090,0.2685185185185185,1,24.0,44.36601777471118,165.225169643752,31.4,279.0,"Utah, US",0.9950292,50213708
2026-09-28T13:15:24.105128+00:00,vast.ai,marketplace,RTX 4060 Ti,0.2685185185185185,1,16.0,22.522997544622854,83.8787494765265,41.92,450.66666666666663,"Texas, US",0.9993246,51925401
2026-09-28T13:15:24.105128+00:00,vast.ai,marketplace,RTX 4060 Ti,0.2685185185185185,1,16.0,22.52902695465334,83.90120383112279,124.44,693.2096777997731,"Texas, US",0.998187,37119317
2026-09-28T13:15:24.105128+00:00,vast.ai,marketplace,RTX 5060 Ti,0.2689814814814815,1,15.93,38.39646427068305,142.74761243489738,251.76,579.1,"Norway, NO",0.996372,31574004
2026-09-28T13:15:24.105128+00:00,vast.ai,marketplace,RTX PRO 4000,0.2689814814814815,1,23.89,65.75230423708362,244.44918614819383,41.92,453.26666666666665,"France, FR",0.9956822,47658254
2026-09-28T13:15:24.105128+00:00,vast.ai,marketplace,RTX PRO 4000,0.2689814814814815,1,23.89,65.71634849707324,244.31551248481617,41.92,403.0,"Ontario, CA",0.9941184,44205409
2026-09-28T13:15:24.105128+00:00,vast.ai,marketplace,RTX 3060,0.2712555555555555,1,12.0,12.272867045677101,45.24466612505383,15.73,169.0766245994193,"Czechia, CZ",0.999081,46528521
2026-09-28T13:15:24.105128+00:00,vast.ai,marketplace,RTX 3090,0.28042014814814814,1,24.0,44.369958247214115,158.22671281014058,62.64,589.0,"Italy, IT",0.9785232,52654485
2026-09-28T13:15:24.105128+00:00,vast.ai,marketplace,RTX PRO 4000,0.2913901234567901,1,23.89,65.7283338112971,225.56815938562133,62.88,755.25,"Slovakia, SK",0.9972294,45623848
2026-09-28T13:15:24.105128+00:00,vast.ai,marketplace,RTX 4060 Ti,0.2961111111111111,1,16.0,22.522997544622854,76.06265587302278,251.76,1355.0,"United Kingdom, GB",0.9982272,43725433
2026-09-28T13:15:24.105128+00:00,vast.ai,marketplace,RTX PRO 4000,0.3057740740740741,1,23.89,66.89947733631205,218.7872779564221,31.44,490.375,"North Carolina, US",0.9897045,51819919
2026-09-28T13:15:24.105128+00:00,vast.ai,marketplace,RTX 3090,0.30759259259259264,1,24.0,44.343647204730864,144.16357309184022,62.83,1143.0,"Washington, US",0.9959391,51331052
2026-09-28T13:15:24.105128+00:00,vast.ai,marketplace,RTX 4080,0.30944444444444447,1,15.99,53.173518772770116,171.83542870913143,31.32,417.0,"Arizona, US",0.9864048,52628548
2026-09-28T13:15:24.105128+00:00,vast.ai,marketplace,L4,0.30990740740740746,1,22.49,25.33662334610389,81.75546224616731,46.19,466.0,"Utah, US",0.9926568,48000711
2026-09-28T13:15:24.105128+00:00,vast.ai,marketplace,RTX 4080S,0.3227777777777778,1,15.99,55.62968867545352,172.34671190329834,31.28,438.0,"Arizona, US",0.9851308,51987075
2026-09-28T13:15:24.105128+00:00,vast.ai,marketplace,RTX 3080,0.3329166666666667,1,20.0,34.35590957155003,103.19672462042561,62.26,3018.4814892796517,"Italy, IT",0.9511043,48926677
2026-09-28T13:15:24.105128+00:00,vast.ai,marketplace,L4,0.3347222222222222,1,22.49,25.32920853949707,75.67232426737715,62.75,382.5,"Czechia, CZ",0.9984007,45699409
2026-09-28T13:15:24.105128+00:00,vast.ai,marketplace,L4,0.3347222222222222,1,22.49,25.321792081050233,75.65016721309614,47.14,232.5,"Czechia, CZ",0.9978279,49498406
2026-09-28T13:15:24.105128+00:00,vast.ai,marketplace,Tesla V100,0.3347222222222222,1,32.0,25.71306491342886,76.81911509406133,94.32,1529.625,"Minnesota, US",0.9995828,38405402
2026-09-28T13:15:24.105128+00:00,vast.ai,marketplace,RTX 3090,0.33564814814814814,1,24.0,44.84703325786723,133.61323011999065,27.47,695.75,"Quebec, CA",0.9944679,49316119
2026-09-28T13:15:24.105128+00:00,vast.ai,marketplace,RTX 3060 Ti,0.33564814814814814,1,8.0,13.77861855750952,41.05078080582147,62.89,390.5,"Norway, NO",0.9991374,31574348
2026-09-28T13:15:24.105128+00:00,vast.ai,marketplace,RTX PRO 4000,0.33564814814814814,1,23.89,65.66840656411382,195.6465630048081,125.96,584.25,"United Kingdom, GB",0.9874812,51601836
2026-09-28T13:15:24.105128+00:00,vast.ai,marketplace,RTX 3090,0.3361111111111111,1,24.0,44.8430068357311,133.417210420357,41.92,246.0,"France, FR",0.9874002,51087512
2026-09-28T13:15:24.105128+00:00,vast.ai,marketplace,RTX 3090,0.3365740740740741,1,24.0,37.18082815328437,110.46848529724103,31.33,686.5,"Thailand, TH",0.995277,51927638
2026-09-28T13:15:24.105128+00:00,vast.ai,marketplace,RTX 3090,0.33796296296296297,1,24.0,43.5968757825838,128.99897491833016,31.33,234.5,"Thailand, TH",0.9849403,50130170
2026-09-28T13:15:24.105128+00:00,vast.ai,marketplace,RTX 3090,0.34027777777777773,1,24.0,44.84703325786723,131.7953630435282,125.76,632.0,"Michigan, US",0.9983743,51016748
2026-09-28T13:15:24.105128+00:00,vast.ai,marketplace,RTX 5070 Ti,0.34805555555555556,1,15.92,75.65653765573956,217.3691425065143,31.35,606.0,"Japan, JP",0.9829033,50289923
2026-09-28T13:15:24.105128+00:00,vast.ai,marketplace,RTX 3090,0.34990740740740744,1,24.0,44.362075122503484,126.78232636227509,62.96,227.25,"Spain, ES",0.9990823,43543253
2026-09-28T13:15:24.105128+00:00,vast.ai,marketplace,RTX 3090,0.3613888888888889,1,24.0,43.97234920754971,121.6759855089769,31.37,59.8,"Ontario, CA",0.9445254,52513851
2026-09-28T13:15:24.105128+00:00,vast.ai,marketplace,RTX 3090,0.37472222222222223,1,24.0,44.83897819337376,119.65924499343627,78.48,1378.0,"Quebec, CA",0.9824349,52497112
2026-09-28T13:15:24.105128+00:00,vast.ai,marketplace,RTX 4090,0.377962962962963,1,23.99,99.8724087688921,264.238612127397,23.44,351.5,"Romania, RO",0.8679272,52143099
2026-09-28T13:15:24.105128+00:00,vast.ai,marketplace,RTX 4090,0.3793518518518519,1,23.99,96.89408947475563,255.42010405842342,31.46,148.7464162599213,"California, US",0.9790761,46191982
2026-09-28T13:15:24.105128+00:00,vast.ai,marketplace,RTX 4090,0.38805555555555554,1,23.99,51.361419519546025,132.35584128157888,30.84,637.9,"Türkiye, TR",0.9617378,52442442
2026-09-28T13:15:24.105128+00:00,vast.ai,marketplace,RTX 4500Ada,0.3936111111111111,1,23.99,40.439902330983756,102.74075398132783,23.34,70.0,"France, FR",0.9931672,51136774
2026-09-28T13:15:24.105128+00:00,vast.ai,marketplace,RTX A6000,0.40138888888888885,1,47.99,37.635187849824554,93.76240571582589,62.97,258.75,"Kansas, US",0.9780627,21004756
2026-09-28T13:15:24.105128+00:00,vast.ai,marketplace,RTX 4090,0.40138888888888885,1,23.99,96.67503650125504,240.85130201004716,125.48,732.0,"India, IN",0.9972806,45231650
2026-09-28T13:15:24.105128+00:00,vast.ai,marketplace,RTX 3090,0.4023148148148148,1,24.0,44.3607604204072,110.26380035452193,62.85,722.5,"Alberta, CA",0.9989989,47210269
2026-09-28T13:15:24.105128+00:00,vast.ai,marketplace,RTX 5080,0.4023148148148148,1,15.92,83.78795052644864,208.26464112442932,60.53,1588.0,"Norway, NO",0.9986819,18308720
2026-09-28T13:15:24.105128+00:00,vast.ai,marketplace,A100 SXM4,0.40277777777777773,1,40.0,95.38973394857916,236.82968428612762,31.46,559.3500000000001,"California, US",0.9675336,52380865
2026-09-28T13:15:24.105128+00:00,vast.ai,marketplace,RTX 4090,0.40277777777777773,1,23.99,98.82182076240163,245.35072741010063,62.7,652.0,"Pakistan, PK",0.9846671,52154190
2026-09-28T13:15:24.105128+00:00,vast.ai,marketplace,RTX 5070 Ti,0.4041666666666666,1,15.92,75.81889046265094,187.5931310416106,15.48,652.0,"Washington, US",0.9973712,52630575
2026-09-28T13:15:24.105128+00:00,vast.ai,marketplace,RTX 5090,0.4060185185185185,1,31.84,197.099700023935,485.4450992607749,62.96,359.95,"California, US",0.7450234,51858236
2026-09-28T13:15:24.105128+00:00,vast.ai,marketplace,RTX 5090,0.4060185185185185,1,31.84,145.94096633506297,359.4441132083649,62.96,329.475,"United States, US",0.959012,49140892
2026-09-28T13:15:24.105128+00:00,vast.ai,marketplace,RTX 3090,0.40139022222222226,1,24.0,44.82687892645887,111.67905057149423,94.25,1483.0,"Oklahoma, US",0.9880552,47335235
2026-09-28T13:15:24.105128+00:00,vast.ai,marketplace,RTX 3090,0.4064675555555555,1,24.0,44.565644664947726,109.64133312937088,31.18,604.0,"Oklahoma, US",0.9689767,51065387
2026-09-28T13:15:24.105128+00:00,vast.ai,marketplace,RTX PRO 4000,0.4285185185185185,1,23.89,65.78825936944865,153.52489221911094,55.01,1418.6943791854803,"Indiana, US",0.9977626,52365990
2026-09-28T13:15:24.105128+00:00,vast.ai,marketplace,RTX PRO 4000,0.4285185185185185,1,23.89,65.7642893486914,153.46895526488055,62.88,776.425,"Indiana, US",0.9928751,53084989
2026-09-28T13:15:24.105128+00:00,vast.ai,marketplace,RTX 3090,0.42892592592592593,1,24.0,44.362075122503484,103.42595875205889,50.3,85.4,"Czechia, CZ",0.9631972,33877199
2026-09-28T13:15:24.105128+00:00,vast.ai,marketplace,RTX 5070 Ti,0.43787384325925927,1,15.92,75.68384631835511,172.84395376305616,31.41,819.675,"California, US",0.9646188,52442708
2026-09-28T13:15:24.105128+00:00,vast.ai,marketplace,RTX 4090,0.4412037037037037,1,47.99,123.34743176129388,279.57025456914454,94.46,466.02897670996157,"Japan, JP",0.9979385,47635768
2026-09-28T13:15:24.105128+00:00,vast.ai,marketplace,RTX 4090,0.4413888888888889,1,23.99,97.1305906099885,220.0567188143226,62.96,638.375,"Oregon, US",0.9856279,50629588
2026-09-28T13:15:24.105128+00:00,vast.ai,marketplace,RTX 4090,0.4413888888888889,1,23.99,49.73629734195922,112.68135332350737,62.82,149.5,"Quebec, CA",0.988107,51434580
2026-09-28T13:15:24.105128+00:00,vast.ai,marketplace,RTX 3090,0.44185185185185183,1,24.0,44.600282167686146,100.93944832586136,41.88,746.0,"Florida, US",0.99536,50788266
2026-09-28T13:15:24.105128+00:00,vast.ai,marketplace,RTX 4090,0.44462962962962965,1,23.99,48.06078377902087,108.09172528392865,62.81,1583.35,"Japan, JP",0.9796332,51861347
2026-09-28T13:15:24.105128+00:00,vast.ai,marketplace,RTX 4090,0.45472222222222225,1,23.99,96.97797369004923,213.26860432753645,62.81,677.9,"Michigan, US",0.9987181,37843807
2026-09-28T13:15:24.105128+00:00,vast.ai,marketplace,RTX 4090,0.4570370370370371,1,23.99,97.03386640801217,212.3107287695566,108.06,733.6,"California, US",0.9836551,51500671
2026-09-28T13:15:24.105128+00:00,vast.ai,marketplace,RTX 4090,0.4618518518518518,1,23.99,97.25464220890572,210.5754081507983,83.92,140.0,"Oklahoma, US",0.9972869,38597834
2026-09-28T13:15:24.105128+00:00,vast.ai,marketplace,RTX 4090,0.46672222222222226,1,23.99,97.36973184960749,208.62458913140514,94.28,1662.8,"Thailand, TH",0.9871804,52582393
2026-09-28T13:15:24.105128+00:00,vast.ai,marketplace,RTX 4090,0.46712962962962956,1,23.99,98.89754285382871,211.71327310631324,125.96,1322.0625,"Pennsylvania, US",0.9961049,50454646
2026-09-28T13:15:24.105128+00:00,vast.ai,marketplace,RTX 4090,0.46759259259259256,1,23.99,93.79243285938958,200.5857970062193,83.92,587.1444444444444,"Taiwan, TW",0.9939892,40583609
2026-09-28T13:15:24.105128+00:00,vast.ai,marketplace,RTX 4090,0.46759259259259256,1,23.99,97.0548199803455,207.56278332430327,94.41,291.7500000000001,"Taiwan, TW",0.9836889,50987209
2026-09-28T13:15:24.105128+00:00,vast.ai,marketplace,RTX 5090,0.46759259259259256,1,31.84,194.0001234266483,414.89135307085184,62.94,76.875,"Jiangsu, CN",0.9723748,52144849
2026-09-28T13:15:24.105128+00:00,vast.ai,marketplace,RTX 4090,0.4680555555555555,1,23.99,97.0408513074653,207.32763484087545,62.66,548.9,"Nevada, US",0.9959377,52837226
2026-09-28T13:15:24.105128+00:00,vast.ai,marketplace,RTX 4090,0.4680555555555555,1,23.99,97.0548199803455,207.35747888975897,62.71,1480.0,"Nevada, US",0.9984875,52829198
2026-09-28T13:15:24.105128+00:00,vast.ai,marketplace,RTX 4090,0.4680555555555555,1,23.99,97.20564427553269,207.67971477265147,26.17,177.22215655616998,"Australia, AU",0.9957856,51243382
2026-09-28T13:15:24.105128+00:00,vast.ai,marketplace,RTX A6000,0.46898148148148144,1,47.99,42.32822823028612,90.25564953348275,47.23,172.125,"Romania, RO",0.9867382,51222104
2026-09-28T13:15:24.105128+00:00,vast.ai,marketplace,RTX A6000,0.46898148148148144,1,47.99,54.47221465859,116.15003323055716,47.2,95.375,"Romania, RO",0.9879425,51222019
2026-09-28T13:15:24.105128+00:00,vast.ai,marketplace,RTX A6000,0.46898148148148144,1,47.99,54.406097810602795,116.0090535744344,47.19,326.7304501538681,"Romania, RO",0.9944718,51092051
2026-09-28T13:15:24.105128+00:00,vast.ai,marketplace,RTX 4090,0.46898148148148144,1,23.99,48.022990240007225,102.39847869537573,125.92,1482.5,"Norway, NO",0.9894742,13430356
2026-09-28T13:15:24.105128+00:00,vast.ai,marketplace,RTX 4090,0.46898148148148144,1,23.99,97.54718447457876,207.997945177779,31.25,1555.0,"North Macedonia, MK",0.929864,49570424
2026-09-28T13:15:24.105128+00:00,vast.ai,marketplace,RTX 5090,0.46898148148148144,1,31.84,199.01399354299608,424.35362887746453,30.47,486.0,"South Korea, KR",0.9984717,44173882
2026-09-28T13:15:24.105128+00:00,vast.ai,marketplace,RTX 5090,0.46898148148148144,1,31.84,199.0800316335533,424.49444060066645,30.47,566.0,"South Korea, KR",0.9978942,45669460
2026-09-28T13:15:24.105128+00:00,vast.ai,marketplace,RTX 5090,0.46898148148148144,1,31.84,194.34879827275276,414.4061246487127,30.47,464.0,"South Korea, KR",0.9958066,49024380
2026-09-28T13:15:24.105128+00:00,vast.ai,marketplace,RTX 5090,0.46898148148148144,1,31.84,194.06598051838242,413.80307790691614,30.47,563.0,"South Korea, KR",0.9970408,49024444
2026-09-28T13:15:24.105128+00:00,vast.ai,marketplace,RTX 4090,0.4694444444444444,1,23.99,97.0408513074653,206.71423947152374,62.73,692.0,"Chile, CL",0.9981771,52378304
2026-09-28T13:15:24.105128+00:00,vast.ai,marketplace,RTX 5090,0.4694444444444444,1,31.84,190.52568965808203,405.8535401000564,62.96,353.5,"California, US",0.9914068,51325614
2026-09-28T13:15:24.105128+00:00,vast.ai,marketplace,A100 SXM4,0.4699074074074074,1,40.0,91.23761225949453,194.16083003005733,78.71,284.23750000000007,"California, US",0.9703437,52325104
2026-09-28T13:15:24.105128+00:00,vast.ai,marketplace,RTX 4090,0.47013888888888883,1,23.99,56.31237313033376,119.77816441311762,62.71,316.0,"Poland, PL",0.9930649,45843293
2026-09-28T13:15:24.105128+00:00,vast.ai,marketplace,RTX 5090,0.4703703703703703,1,31.84,191.57479568174523,407.28499869347417,67.45,370.58571428571423,"United States, US",0.9628079,52925316
2026-09-28T13:15:24.105128+00:00,vast.ai,marketplace,RTX A5000,0.4720555555555555,1,23.99,21.516495407389634,45.580430426387366,78.53,660.95,"Argentina, AR",0.9050497,52263028
2026-09-28T13:15:24.105128+00:00,vast.ai,marketplace,RTX 5090,0.4720555555555555,1,31.84,199.27146678927824,422.1356245977414,78.53,660.95,"Argentina, AR",0.9050497,52263030
2026-09-28T13:15:24.105128+00:00,vast.ai,marketplace,RTX 5090,0.47268518518518515,1,31.84,94.53742984226629,200.00083100812458,62.87,724.025,"United States, US",0.9952565,44614428
2026-09-28T13:15:24.105128+00:00,vast.ai,marketplace,RTX 4090,0.473980820884478,1,23.99,97.745146537426,206.22173351872635,35.94,837.1428571428571,"Sweden, SE",0.9861706,43266015
2026-09-28T13:15:24.105128+00:00,vast.ai,marketplace,RTX 4090,0.48078247848835687,1,23.99,97.0618037539243,201.8829888707661,93.94,616.0,"Sweden, SE",0.9906413,49028154
2026-09-28T13:15:24.105128+00:00,vast.ai,marketplace,RTX 4090,0.4813888888888889,1,23.99,34.272550034471394,71.19514144494923,30.22,685.0,"Japan, JP",0.9951157,48857504
2026-09-28T13:15:24.105128+00:00,vast.ai,marketplace,RTX 4090,0.48185185185185186,1,23.99,98.42347485706169,204.26086250120412,62.94,262.6911702156315,"Quebec, CA",0.9692086,26435137
2026-09-28T13:15:24.105128+00:00,vast.ai,marketplace,RTX 4090,0.49051851851851846,1,23.99,97.02688113311575,197.80472595848124,35.93,193.34837046987798,"Norway, NO",0.9871876,51901000
2026-09-28T13:15:24.105128+00:00,vast.ai,marketplace,RTX 4090,0.49051851851851846,1,23.99,95.18980180903952,194.05954763244242,78.45,1639.55,"Norway, NO",0.9945527,53131348
2026-09-28T13:15:24.105128+00:00,vast.ai,marketplace,RTX 4090,0.49051851851851846,1,23.99,96.09446327548018,195.90384388688955,31.44,182.75,"Norway, NO",0.9979784,52939927
2026-09-28T13:15:24.105128+00:00,vast.ai,marketplace,RTX 4090,0.49051851851851846,1,23.99,96.9080739434031,197.56251861007883,35.93,192.55714285714285,"Norway, NO",0.9836841,51745988
2026-09-28T13:15:24.105128+00:00,vast.ai,marketplace,RTX 5090,0.497037037037037,1,31.84,198.59417944866044,399.55609874171626,71.96,430.9571428571428,"Estonia, EE",0.9852057,51332096
2026-09-28T13:15:24.105128+00:00,vast.ai,marketplace,RTX 5090,0.497037037037037,1,31.84,198.4923051163576,399.3511354800042,71.96,634.532209672486,"Estonia, EE",0.9691359,40819919
2026-09-28T13:15:24.105128+00:00,vast.ai,marketplace,RTX 4090,0.5075925925925925,1,23.99,96.92904782046631,190.95835761784684,62.94,783.125,"Taiwan, TW",0.9705472,37194512
2026-09-28T13:15:24.105128+00:00,vast.ai,marketplace,RTX 4090,0.507824074074074,1,23.99,97.21264511024168,191.4297688377446,62.86,711.0,"New Jersey, US",0.993674,47635082
2026-09-28T13:15:24.105128+00:00,vast.ai,marketplace,RTX 4090,0.5080555555555555,1,23.99,97.0548199803455,191.0319037338676,83.97,129.41666666666666,"Texas, US",0.9935427,44533588
2026-09-28T13:15:24.105128+00:00,vast.ai,marketplace,RTX 4090,0.5080555555555555,1,23.99,96.25704063603165,189.46164367944996,30.92,1593.0,"United Kingdom, GB",0.9899659,49418051
2026-09-28T13:15:24.105128+00:00,vast.ai,marketplace,RTX 4090,0.5080555555555555,1,23.99,97.20564427553269,191.32876948710648,31.16,2855.0,"Nevada, US",0.9648522,50607409
2026-09-28T13:15:24.105128+00:00,vast.ai,marketplace,RTX 4090,0.5085185185185185,1,23.99,53.351879240931424,104.91629566679887,59.0,637.25,"Quebec, CA",0.9947587,29761284
2026-09-28T13:15:24.105128+00:00,vast.ai,marketplace,RTX 4090,0.5085185185185185,1,23.99,96.96399675156661,190.67938181298607,62.72,630.0,"Germany, DE",0.9960463,49749424
2026-09-28T13:15:24.105128+00:00,vast.ai,marketplace,RTX 4090,0.5089814814814814,1,23.99,96.81015097635472,190.203680288272,31.36,357.5,"Washington, US",0.9860956,51806824
2026-09-28T13:15:24.105128+00:00,vast.ai,marketplace,RTX 5090,0.5103703703703703,1,31.84,188.88073371878718,370.0856175912377,62.96,273.18284385167317,"Delaware, US",0.9951502,52723081
2026-09-28T13:15:24.105128+00:00,vast.ai,marketplace,RTX 4090,0.5213888888888889,1,23.99,97.02688113311575,186.09311245562955,62.68,3003.0,"Nevada, US",0.9963695,53061818
2026-09-28T13:15:24.105128+00:00,vast.ai,marketplace,RTX 5090,0.5227777777777778,1,31.84,184.06475064629743,352.08985245837977,46.99,423.0,"Taiwan, TW",0.9643984,52228326
2026-09-28T13:15:24.105128+00:00,vast.ai,marketplace,RTX 4090,0.5237037037037037,1,23.99,91.29020207912014,174.3165103349536,83.84,690.9722000058656,"United Kingdom, GB",0.9920481,50569797
2026-09-28T13:15:24.105128+00:00,vast.ai,marketplace,RTX 4090,0.5237037037037037,1,23.99,34.74486019987931,66.34449967445131,47.21,151.88284173171266,"Hong Kong, HK",0.9923465,51996794
2026-09-28T13:15:24.105128+00:00,vast.ai,marketplace,RTX 4090,0.5342592592592592,1,23.99,97.20564427553269,181.9447067895586,31.24,692.0,"Georgia, US",0.9923963,52713946
2026-09-28T13:15:24.105128+00:00,vast.ai,marketplace,RTX 5090,0.5342592592592592,1,31.84,199.05361647130263,372.5786928752285,45.97,606.9000000000001,"Thailand, TH",0.9838578,52945776
2026-09-28T13:15:24.105128+00:00,vast.ai,marketplace,RTX 4090,0.5344444444444444,1,23.99,97.7028564629545,182.81199753983174,125.88,1484.25,"Washington, US",0.9984758,52815642
2026-09-28T13:15:24.105128+00:00,vast.ai,marketplace,L40S,0.5347222222222222,1,44.99,93.4986640088238,174.854644380138,125.95,536.75,"Türkiye, TR",0.9993974,52455370
2026-09-28T13:15:24.105128+00:00,vast.ai,marketplace,RTX 4090,0.5347222222222222,1,23.99,97.0618037539243,181.51817844889737,62.66,1393.0,"Nevada, US",0.9944589,53008185
2026-09-28T13:15:24.105128+00:00,vast.ai,marketplace,RTX 4090,0.5347222222222222,1,23.99,97.745146537426,182.7961181998616,125.88,578.75,"Washington, US",0.9990821,53032729
2026-09-28T13:15:24.105128+00:00,vast.ai,marketplace,RTX 5070 Ti,0.5351851851851852,1,15.92,76.80919282444937,143.51890700762166,125.91,604.5,"Texas, US",0.9990553,43421241
2026-09-28T13:15:24.105128+00:00,vast.ai,marketplace,RTX 4090,0.5356481481481481,1,23.99,96.9080739434031,180.91740684334547,75.54,601.1,"Norway, NO",0.9993805,52739834
2026-09-28T13:15:24.105128+00:00,vast.ai,marketplace,RTX 4090,0.5356481481481481,1,23.99,98.43038616683496,183.75940719132544,503.83,2516.0,"Norway, NO",0.9967874,19367646
2026-09-28T13:15:24.105128+00:00,vast.ai,marketplace,RTX 5090,0.5356481481481481,1,31.84,199.22531326412368,371.933169101562,30.47,530.0,"South Korea, KR",0.9988415,50465618
2026-09-28T13:15:24.105128+00:00,vast.ai,marketplace,RTX 5090,0.5356481481481481,1,31.84,199.14606910785832,371.78522841225066,30.47,257.0,"South Korea, KR",0.9988295,50466203
2026-09-28T13:15:24.105128+00:00,vast.ai,marketplace,RTX 5090,0.5356481481481481,1,31.84,193.36776642759887,360.9977316193722,30.47,430.0,"South Korea, KR",0.9986626,40999113
2026-09-28T13:15:24.105128+00:00,vast.ai,marketplace,RTX 4090,0.5361111111111111,1,23.99,96.95001830827,180.8394123884829,62.78,409.0,"Arizona, US",0.9923676,52628521
2026-09-28T13:15:24.105128+00:00,vast.ai,marketplace,RTX 6000Ada,0.537037037037037,1,47.99,113.14194040285908,210.6780959225652,117.9,734.0,"California, US",0.9632385,50926699
2026-09-28T13:15:24.105128+00:00,vast.ai,marketplace,RTX 5090,0.537037037037037,1,31.84,198.9281179544462,370.4178748117275,62.91,618.4000000000001,"Estonia, EE",0.992188,47196650
2026-09-28T13:15:24.105128+00:00,vast.ai,marketplace,RTX 5080,0.537962962962963,1,15.92,83.5979297969244,155.39718447621058,93.92,88.0,"New Jersey, US",0.8829955,52467374
2026-09-28T13:15:24.105128+00:00,vast.ai,marketplace,RTX 4090,0.5413888888888889,1,23.99,97.75924018236378,180.5711978740429,55.0,701.5324851964535,"Sweden, SE",0.9978227,51754535
2026-09-28T13:15:24.105128+00:00,vast.ai,marketplace,RTX 6000Ada,0.5467222222222222,1,47.99,113.1038439011398,206.87625141962366,83.93,58.666666666666664,"Japan, JP",0.9991247,25318167
2026-09-28T13:15:24.105128+00:00,vast.ai,marketplace,RTX 4090,0.5547222222222222,1,23.99,65.9605265319011,118.90730872050273,62.81,105.25000000000001,"Chile, CL",0.9771229,52289591
2026-09-28T13:15:24.105128+00:00,vast.ai,marketplace,RTX 4090,0.5613888888888889,1,23.99,97.73809914391943,174.1005229678921,30.22,482.0,"The Netherlands, NL",0.9955165,51890698
2026-09-28T13:15:24.105128+00:00,vast.ai,marketplace,RTX 4090,0.5613888888888889,1,23.99,96.92904782046631,172.65936276777768,31.44,1545.0,"Taiwan, TW",0.9989332,45087814
2026-09-28T13:15:24.105128+00:00,vast.ai,marketplace,RTX 4090,0.5613888888888889,1,23.99,97.36973184960749,173.44435163710386,47.02,1322.0,"Taiwan, TW",0.9992265,49496471
2026-09-28T13:15:24.105128+00:00,vast.ai,marketplace,RTX 4090,0.5751865185185185,1,23.99,97.24764363369964,169.07149333780617,62.38,2555.7,"India, IN",0.9983107,48116846
2026-09-28T13:15:24.105128+00:00,vast.ai,marketplace,RTX 5090,0.5777777777777778,1,31.84,198.37950609870916,343.34914517084275,61.94,1551.0,"Indiana, US",0.9982892,46902711
2026-09-28T13:15:24.105128+00:00,vast.ai,marketplace,A100 SXM4,0.5793518518518519,1,40.0,95.36880847120622,164.6129345515466,51.15,325.00354818159155,"United States, US",0.9919035,50213972
2026-09-28T13:15:24.105128+00:00,vast.ai,marketplace,RTX 4090,0.5908333333333333,1,23.99,97.01290945668947,164.1967437912939,125.92,483.5,"Spain, ES",0.9989263,36368076
2026-09-28T13:15:24.105128+00:00,vast.ai,marketplace,RTX 5090,0.6009259259259259,1,31.84,198.72341861351575,330.6953653352805,62.63,683.0,"South Korea, KR",0.9898931,48827544
2026-09-28T13:15:24.105128+00:00,vast.ai,marketplace,A100 SXM4,0.6013888888888889,1,40.0,76.61247331009803,127.3925653193316,83.46,39.0,"Japan, JP",0.9969242,52709665
2026-09-28T13:15:24.105128+00:00,vast.ai,marketplace,RTX 4090,0.6013888888888889,1,23.99,97.02688113311575,161.33800096037723,31.28,683.0,"Taiwan, TW",0.9952698,47591298
2026-09-28T13:15:24.105128+00:00,vast.ai,marketplace,RTX 4090,0.6013888888888889,1,23.99,97.7028564629545,162.4620246035271,47.03,897.0,"Taiwan, TW",0.9979999,44901390
2026-09-28T13:15:24.105128+00:00,vast.ai,marketplace,RTX 4090,0.6013888888888889,1,23.99,97.36271434035446,161.89643031190582,31.44,723.25,"Taiwan, TW",0.9948673,49035055
2026-09-28T13:15:24.105128+00:00,vast.ai,marketplace,RTX 5090,0.6013888888888889,1,31.84,198.02282403850322,329.27582750051346,62.63,702.173235469216,"South Korea, KR",0.9864076,52489390
2026-09-28T13:15:24.105128+00:00,vast.ai,marketplace,RTX 5090,0.6013888888888889,1,31.84,167.41013725920132,278.37251461114306,31.34,717.0,"South Korea, KR",0.9894097,50734484
2026-09-28T13:15:24.105128+00:00,vast.ai,marketplace,RTX 5090,0.6013888888888889,1,31.84,197.36283984335532,328.1783941968033,62.93,609.375,"Michigan, US",0.9905373,50849752
2026-09-28T13:15:24.105128+00:00,vast.ai,marketplace,CMP 170HX,0.6013888888888889,1,64.0,84.79857309739293,141.00455572776656,62.71,197.0,"Portugal, PT",0.9600718,52328216
2026-09-28T13:15:24.105128+00:00,vast.ai,marketplace,CMP 170HX,0.6013888888888889,1,64.0,82.36287042021533,136.95442656479224,62.69,307.0,"Portugal, PT",0.955488,52991356
2026-09-28T13:15:24.105128+00:00,vast.ai,marketplace,RTX 4090,0.6018518518518519,1,23.99,97.04783583155114,161.24871184319267,503.51,4648.553334029102,"Hungary, HU",0.994686,51121057
2026-09-28T13:15:24.105128+00:00,vast.ai,marketplace,RTX 5090,0.6019444444444444,1,31.84,199.1986310886011,330.92527545868205,204.67,1461.75,"Hungary, HU",0.868526,43177479
2026-09-28T13:15:24.105128+00:00,vast.ai,marketplace,RTX 5090,0.6020833333333333,1,31.84,199.20543945488362,330.8602454613984,62.78,715.25,"Japan, JP",0.9782871,52480723
2026-09-28T13:15:24.105128+00:00,vast.ai,marketplace,RTX 5090,0.6023148148148147,1,31.84,199.44313499375042,331.1277260465034,94.13,646.0,"South Korea, KR",0.9441378,52603292
2026-09-28T13:15:24.105128+00:00,vast.ai,marketplace,RTX 5090,0.6037037037037036,1,31.84,198.41306353425256,328.65967579293374,62.71,421.0,"Virginia, US",0.996495,51573034
2026-09-28T13:15:24.105128+00:00,vast.ai,marketplace,GTX 1660 Ti,0.6069444444444444,1,6.0,2.4740447784639805,4.076229383281616,7.7,679.4000000000026,"Vietnam, VN",0.9925125,33521707
2026-09-28T13:15:24.105128+00:00,vast.ai,marketplace,RTX 5090,0.6145370370370371,1,31.84,199.29134938405377,324.2950991935785,30.49,427.0,"Ontario, CA",0.9943742,49467147
2026-09-28T13:15:24.105128+00:00,vast.ai,marketplace,RTX PRO 5000,0.6365185185185185,1,47.79,165.66384565755752,260.2655552632406,247.94,525.5591605840592,"India, IN",0.9883769,51816390
2026-09-28T13:15:24.105128+00:00,vast.ai,marketplace,RTX 3070,0.6413888888888889,1,8.0,16.278255054370714,25.37969605705265,251.65,2975.5,"Taiwan, TW",0.9983126,49850323
2026-09-28T13:15:24.105128+00:00,vast.ai,marketplace,RTX 3070,0.6413888888888889,1,8.0,16.272616206987333,25.370904437052577,251.65,5956.4,"Taiwan, TW",0.9970908,47930056
2026-09-28T13:15:24.105128+00:00,vast.ai,marketplace,RTX 4090,0.6413888888888889,1,47.99,125.6599150750256,195.91844706370384,78.47,2235.0,"California, US",0.9899529,46999718
2026-09-28T13:15:24.105128+00:00,vast.ai,marketplace,RTX 5090,0.6427777777777778,1,31.84,197.93107144004887,307.930793943032,125.67,698.5,"Alberta, CA",0.9983137,42405157
2026-09-28T13:15:24.105128+00:00,vast.ai,marketplace,RTX 5090,0.6455555555555555,1,31.84,198.80229225660972,307.9553580567104,125.8,503.0,"Quebec, CA",0.9954044,49868231
2026-09-28T13:15:24.105128+00:00,vast.ai,marketplace,RTX 5090,0.6467777777777778,1,31.84,199.1394115077211,307.89464070941244,500.96,2339.0,"Italy, IT",0.9952078,50894162
2026-09-28T13:15:24.105128+00:00,vast.ai,marketplace,RTX 5090,0.6467777777777778,1,31.84,197.89797154653712,305.97521798983576,250.48,1274.625,"Italy, IT",0.9915678,51191429
2026-09-28T13:15:24.105128+00:00,vast.ai,marketplace,RTX 5090,0.6549740740740742,1,31.84,198.37950609870916,302.88146348258886,62.93,718.75,"North Carolina, US",0.9893826,29436767
2026-09-28T13:15:24.105128+00:00,vast.ai,marketplace,RTX 5090,0.6587777777777778,1,31.84,198.65078561578386,301.5444544682163,250.48,579.25,"Italy, IT",0.9978183,47343842
2026-09-28T13:15:24.105128+00:00,vast.ai,marketplace,RTX 5090,0.6632407407407408,1,31.84,199.0469713514992,300.1127028613976,62.9,535.125,"North Carolina, US",0.9865637,29717005
2026-09-28T13:15:24.105128+00:00,vast.ai,marketplace,RTX 3090,0.6680555555555555,1,24.0,44.3607604204072,66.4028014609006,31.28,166.0,"British Columbia, CA",0.9949141,19448806
2026-09-28T13:15:24.105128+00:00,vast.ai,marketplace,RTX 5090,0.6685185185185185,1,31.84,84.40487589794498,126.25660106617808,125.96,1456.325,"Nevada, US",0.9833166,52827244
2026-09-28T13:15:24.105128+00:00,vast.ai,marketplace,CMP 170HX,0.6685185185185185,1,64.0,73.82154867457159,110.42558527498244,143.95,435.9428571428572,"Hungary, HU",0.9776754,52388438
2026-09-28T13:15:24.105128+00:00,vast.ai,marketplace,RTX 5880Ada,0.6689814814814814,1,47.99,106.91673590073356,159.82017269590622,125.96,627.725,"United Kingdom, GB",0.9981516,44120922
2026-09-28T13:15:24.105128+00:00,vast.ai,marketplace,RTX 5090,0.6689814814814814,1,31.84,198.41914338846678,296.5988579370853,94.42,2769.75,"Hungary, HU",0.9969542,50716290
2026-09-28T13:15:24.105128+00:00,vast.ai,marketplace,RTX 5090,0.6689814814814814,1,31.84,199.0800316335533,297.5867600889101,62.96,92.07938275224579,"Norway, NO",0.9891282,52127984
2026-09-28T13:15:24.105128+00:00,vast.ai,marketplace,A100 SXM4,0.6699074074074074,1,40.0,95.351668827919,142.33559410387355,62.96,177.875,"Mississippi, US",0.9840829,51341855
2026-09-28T13:15:24.105128+00:00,vast.ai,marketplace,RTX 4090,0.6711851851851852,1,23.99,97.39078210772227,145.10269931069976,31.25,327.45,"Spain, ES",0.9921352,52945059
2026-09-28T13:15:24.105128+00:00,vast.ai,marketplace,RTX 4090,0.6712962962962963,1,47.99,125.53667975149449,187.00636431946765,75.57,714.9000000000001,"California, US",0.8990484,47667759
2026-09-28T13:15:24.105128+00:00,vast.ai,marketplace,RTX 4090,0.6712962962962963,1,47.99,125.54548525446397,187.01948148251185,52.47,522.3278635055505,"California, US",0.9958196,40232099
2026-09-28T13:15:24.105128+00:00,vast.ai,marketplace,RTX 4090,0.6712962962962963,1,47.99,123.69502138126602,184.26292840243767,62.97,622.6923076923077,"California, US",0.9912845,50701961
2026-09-28T13:15:24.105128+00:00,vast.ai,marketplace,RTX 4090,0.6712962962962963,1,23.99,97.23364535402986,144.84460273427896,124.88,1618.0,"Washington, US",0.9973926,47654288
2026-09-28T13:15:24.105128+00:00,vast.ai,marketplace,RTX 5090,0.6712962962962963,1,31.84,199.42705396290089,297.07754245507994,62.42,1025.0,"Taiwan, TW",0.9920963,40871605
2026-09-28T13:15:24.105128+00:00,vast.ai,marketplace,GTX 1650 S,0.673611111111111,1,4.0,1.8017123109242785,2.6747069358051148,7.71,16.000000000002956,"Vietnam, VN",0.9909232,32242878
2026-09-28T13:15:24.105128+00:00,vast.ai,marketplace,GTX 1660,0.673611111111111,1,6.0,2.316471688407048,3.4388858054702576,7.71,669.4000000000026,"Vietnam, VN",0.9932387,33521216
2026-09-28T13:15:24.105128+00:00,vast.ai,marketplace,RTX PRO 5000,0.6880555555555555,1,47.79,165.82909026353855,241.01119295467856,93.67,2382.0,"Australia, AU",0.9648412,53119820
2026-09-28T13:15:24.105128+00:00,vast.ai,marketplace,RTX 4090,0.6928962962962965,1,22.49,86.12487865200248,124.29692453598243,62.46,1508.5,"Texas, US",0.7632053,37996177
2026-09-28T13:15:24.105128+00:00,vast.ai,marketplace,RTX 5090,0.6947222222222222,1,31.84,199.17902834957266,286.7031195755544,62.41,1562.0,"Washington, US",0.9971285,53093034
2026-09-28T13:15:24.105128+00:00,vast.ai,marketplace,RTX 4090,0.7061574074074074,1,47.99,125.6687141630312,177.96133389637933,125.88,507.25,"British Columbia, CA",0.997302,46211616
2026-09-28T13:15:24.105128+00:00,vast.ai,marketplace,RTX 5090,0.7075925925925926,1,31.84,199.15261714619382,281.4509637763535,62.89,534.25,"Czechia, CZ",0.9827437,50422218
2026-09-28T13:15:24.105128+00:00,vast.ai,marketplace,RTX 5090,0.720925925925926,1,31.84,100.31038943387027,139.14104879088092,62.79,423.0,"Maryland, US",0.9941592,51969536
2026-09-28T13:15:24.105128+00:00,vast.ai,marketplace,RTX 6000Ada,0.721388888888889,1,47.99,113.1038439011398,156.7862295125542,125.63,1475.0,"Taiwan, TW",0.9828082,51408119
2026-09-28T13:15:24.105128+00:00,vast.ai,marketplace,RTX 4090,0.7223148148148149,1,23.99,96.95700771805811,134.2309554358451,110.21,2893.118566040472,"Maryland, US",0.9992588,52800687
2026-09-28T13:15:24.105128+00:00,vast.ai,marketplace,RTX 4090,0.7223148148148149,1,23.99,97.23364535402986,134.61394306159755,125.77,1148.0,"Maryland, US",0.9994334,50833953
2026-09-28T13:15:24.105128+00:00,vast.ai,marketplace,RTX 5090,0.7269351851851853,1,31.84,184.90996948192995,254.36926599559837,35.17,673.5,"Taiwan, TW",0.9985632,52152132
2026-09-28T13:15:24.105128+00:00,vast.ai,marketplace,A100 PCIE,0.7342592592592593,1,40.0,95.45425338791603,130.00074862414792,62.96,360.1125,"California, US",0.9889999,50954796
2026-09-28T13:15:24.105128+00:00,vast.ai,marketplace,RTX 5090,0.7347222222222223,1,31.84,198.99414786509388,270.8426965271599,62.72,657.0,"Slovakia, SK",0.9960119,51971807
2026-09-28T13:15:24.105128+00:00,vast.ai,marketplace,RTX PRO 5000,0.7347222222222223,1,47.79,165.56050517975865,225.33754958303632,123.21,1470.0,"Slovakia, SK",0.9962116,45645837
2026-09-28T13:15:24.105128+00:00,vast.ai,marketplace,RTX 5090,0.7351851851851853,1,31.84,199.4167247699263,271.246930417532,62.7,784.5,"Texas, US",0.9847336,53166771
2026-09-28T13:15:24.105128+00:00,vast.ai,marketplace,RTX PRO 5000,0.7351851851851853,1,47.79,164.86687624531467,224.25217423795948,62.82,1276.0,"Sweden, SE",0.9989556,46110113
2026-09-28T13:15:24.105128+00:00,vast.ai,marketplace,RTX PRO 5000,0.7351851851851853,1,47.79,165.6948384051189,225.3783696190534,62.5,1555.0,"Texas, US",0.9528713,52656764
2026-09-28T13:15:24.105128+00:00,vast.ai,marketplace,RTX PRO 5000,0.7351851851851853,1,47.79,165.6845079708195,225.3643181467066,94.26,670.0,"Ohio, US",0.9942424,51838779
2026-09-28T13:15:24.105128+00:00,vast.ai,marketplace,RTX 5090,0.735462962962963,1,31.84,198.7564373103381,270.2466980928681,125.96,517.375,"Hungary, HU",0.9940566,50576327
2026-09-28T13:15:24.105128+00:00,vast.ai,marketplace,CMP 170HX,0.7356481481481482,1,40.0,69.26055596586833,94.14902510149503,39.28,170.70000000000002,"Hungary, HU",0.9923947,53172770
2026-09-28T13:15:24.105128+00:00,vast.ai,marketplace,RTX 5090,0.7361111111111112,1,31.84,198.30740670817502,269.39874118846416,500.97,394.75,"Spain, ES",0.9985178,24258047
2026-09-28T13:15:24.105128+00:00,vast.ai,marketplace,RTX PRO 5000,0.737962962962963,1,47.79,165.7568109026851,224.61399720815544,61.46,1561.0,"Illinois, US",0.9918827,51859512
2026-09-28T13:15:24.105128+00:00,vast.ai,marketplace,A100 PCIE,0.7398148148148149,1,40.0,83.60362817990075,113.00615573753792,47.14,3149.1,"Estonia, EE",0.9414513,52618401
2026-09-28T13:15:24.105128+00:00,vast.ai,marketplace,RTX 5090,0.7402777777777778,1,31.84,100.18519271983546,135.33459429321113,50.27,1006.2,"Michigan, US",0.9955955,53034141
2026-09-28T13:15:24.105128+00:00,vast.ai,marketplace,RTX 5090,0.7531481481481482,1,31.84,196.94488443729722,261.4955436344738,62.71,1260.0,"Hungary, HU",0.9956208,52572382
2026-09-28T13:15:24.105128+00:00,vast.ai,marketplace,RTX 5090,0.7613888888888888,1,31.84,199.49595514796883,262.0158476952528,62.42,1566.0,"Slovakia, SK",0.9897922,52286646
2026-09-28T13:15:24.105128+00:00,vast.ai,marketplace,RTX 4090,0.7623148148148147,1,23.99,97.10759298573288,127.38515780953665,125.96,1142.5,"Maryland, US",0.9988986,52800768
2026-09-28T13:15:24.105128+00:00,vast.ai,marketplace,RTX 5090,0.7747222222222222,1,31.84,199.41000265256457,257.3954856755943,46.73,750.0,"Quebec, CA",0.9951531,52845006
2026-09-28T13:15:24.105128+00:00,vast.ai,marketplace,RTX 5090,0.777037037037037,1,31.84,199.11300015719345,256.2464730335664,108.05,1604.0,"California, US",0.995708,52040565
2026-09-28T13:15:24.105128+00:00,vast.ai,marketplace,RTX 5090,0.777037037037037,1,31.84,197.8187232789995,254.58081642197268,108.05,1471.0,"California, US",0.9968507,52676654
2026-09-28T13:15:24.105128+00:00,vast.ai,marketplace,RTX PRO 5000,0.777962962962963,1,47.79,165.7877906564697,213.10499156032762,62.88,1653.75,"Quebec, CA",0.9460583,52840364
2026-09-28T13:15:24.105128+00:00,vast.ai,marketplace,A40,0.7880555555555555,1,44.99,44.03018511667948,55.871930356026134,500.96,37.75,"Belgium, BE",0.9787749,51337966
2026-09-28T13:15:24.105128+00:00,vast.ai,marketplace,RTX PRO 5000,0.7880555555555555,1,47.79,165.46745750887,209.969279884361,62.96,1575.2,"Nebraska, US",0.949515,52507508
2026-09-28T13:15:24.105128+00:00,vast.ai,marketplace,RTX PRO 5000,0.7880555555555555,1,47.79,165.06379818246518,209.45705796858465,71.95,1675.366658651483,"Nebraska, US",0.9483996,52514698
2026-09-28T13:15:24.105128+00:00,vast.ai,marketplace,RTX 6000Ada,0.7885185185185185,1,47.99,113.19906688499466,143.55917359769168,167.85,3597.6666666666665,"North Carolina, US",0.9965696,36503107
2026-09-28T13:15:24.105128+00:00,vast.ai,marketplace,RTX 5090,0.7931481481481482,1,31.84,199.28163869294002,251.25399228154942,62.86,708.5330197494853,"Slovakia, SK",0.9917849,45620121
2026-09-28T13:15:24.105128+00:00,vast.ai,marketplace,RTX 5090,0.7935925925925925,1,31.84,184.72104840964866,232.765590472792,47.05,846.0,"Taiwan, TW",0.9977894,52437387
2026-09-28T13:15:24.105128+00:00,vast.ai,marketplace,RTX 5090,0.7937962962962963,1,31.84,203.3479705498455,256.17147812181634,123.24,6700.0,"United Kingdom, GB",0.9984612,43825976
2026-09-28T13:15:24.105128+00:00,vast.ai,marketplace,RTX PRO 5000,0.7997777777777777,1,47.79,165.66384565755752,207.13734522339786,62.71,2811.0,"Texas, US",0.9978017,49279286
2026-09-28T13:15:24.105128+00:00,vast.ai,marketplace,RTX 6000Ada,0.8002777777777778,1,47.99,113.01809109540646,141.22357790470784,62.49,323.5375481194035,"The Netherlands, NL",0.9985577,39914433
2026-09-28T13:15:24.105128+00:00,vast.ai,marketplace,L40S,0.8009259259259258,1,44.99,93.5572598390619,116.81137644645881,251.94,220.75,"Taiwan, TW",0.9980631,25990410
2026-09-28T13:15:24.105128+00:00,vast.ai,marketplace,L40S,0.8009259259259258,1,44.99,93.50843191936988,116.75041210742137,251.94,80.6249999999996,"Taiwan, TW",0.997648,38575675
2026-09-28T13:15:24.105128+00:00,vast.ai,marketplace,A100 SXM4,0.8009259259259258,1,40.0,95.37642065776468,119.08269862472355,62.97,602.766958015955,"Czechia, CZ",0.9887933,50365140
2026-09-28T13:15:24.105128+00:00,vast.ai,marketplace,A100 SXM4,0.8009259259259258,1,40.0,95.39353586883624,119.10406790559902,62.97,435.5951353671488,"Czechia, CZ",0.9981005,30895672
2026-09-28T13:15:24.105128+00:00,vast.ai,marketplace,RTX 4090,0.8009259259259258,1,23.99,96.96037710098028,121.06035522434534,110.03,1629.0,"Virginia, US",0.9948082,13917962
2026-09-28T13:15:24.105128+00:00,vast.ai,marketplace,A100 PCIE,0.8013888888888888,1,40.0,95.45804117157853,119.11575328169245,125.51,3351.6,"Illinois, US",0.942914,52578452
2026-09-28T13:15:24.105128+00:00,vast.ai,marketplace,RTX 4090,0.8013888888888888,1,23.99,98.57544048698891,123.005748961234,251.56,3433.5,"Japan, JP",0.9987204,53088888
2026-09-28T13:15:24.105128+00:00,vast.ai,marketplace,RTX 5090,0.8013888888888888,1,31.84,198.047102691382,247.12983351437617,125.83,3315.45,"United Kingdom, GB",0.9621004,52451716
2026-09-28T13:15:24.105128+00:00,vast.ai,marketplace,A100 PCIE,0.8013888888888888,1,80.0,125.08604016202298,156.08656657999404,125.87,148.31027760931963,"South Korea, KR",0.9967617,47463263
2026-09-28T13:15:24.105128+00:00,vast.ai,marketplace,RTX PRO 5000,0.8013888888888888,1,47.79,80.01271897227828,99.84256093594517,83.93,997.0166666666667,"Belgium, BE",0.9973369,49974697
2026-09-28T13:15:24.105128+00:00,vast.ai,marketplace,RTX 4090,0.8018518518518518,1,23.99,97.0548199803455,121.03834362444935,110.13,315.4856650396853,"Hungary, HU",0.9865706,50466171
2026-09-28T13:15:24.105128+00:00,vast.ai,marketplace,RTX 4090,0.802037037037037,1,23.99,97.5612494014192,121.64182562171871,125.88,692.0,"Hungary, HU",0.9906861,44336617
2026-09-28T13:15:24.105128+00:00,vast.ai,marketplace,RTX 5090,0.8023148148148147,1,31.84,198.66399216381865,247.61351591104923,125.76,694.0,"Norway, NO",0.9943256,29801200
2026-09-28T13:15:24.105128+00:00,vast.ai,marketplace,RTX 5090,0.8027777777777777,1,31.84,199.20543945488362,248.1451840960488,125.5,3053.0,"Taiwan, TW",0.9911896,50573928
2026-09-28T13:15:24.105128+00:00,vast.ai,marketplace,RTX 5090,0.8027777777777777,1,31.84,199.4234197793093,248.41671668010852,61.47,752.9,"Texas, US",0.9938679,50683555
2026-09-28T13:15:24.105128+00:00,vast.ai,marketplace,RTX 5090,0.8046296296296296,1,31.84,198.7494453853319,247.00736595645395,41.94,248.79999999999995,"California, US",0.9615296,48885916
2026-09-28T13:15:24.105128+00:00,vast.ai,marketplace,RTX 5090,0.8046296296296296,1,31.84,198.56491815363398,246.77803406895825,55.96,979.5555555555555,"California, US",0.9967691,44070351
2026-09-28T13:15:24.105128+00:00,vast.ai,marketplace,L40S,0.8155925925925925,1,44.99,93.58654729160942,114.74668620287247,62.94,3914.109177945965,"Romania, RO",0.8850421,50740346
2026-09-28T13:15:24.105128+00:00,vast.ai,marketplace,RTX 5090,0.8200555555555555,1,31.84,198.2346973984156,241.733253381985,62.97,676.625,"Czechia, CZ",0.9523603,52411638
2026-09-28T13:15:24.105128+00:00,vast.ai,marketplace,RTX 3090,0.8240555555555555,1,24.0,44.85105746163062,54.427225396706746,503.54,2488.0,"The Netherlands, NL",0.987709,52542164
2026-09-28T13:15:24.105128+00:00,vast.ai,marketplace,L40,0.8275925925925925,1,44.99,93.2648082467692,112.69410707821744,70.66,264.73566503968516,"New York, US",0.9916118,51528883
2026-09-28T13:15:24.105128+00:00,vast.ai,marketplace,RTX 4090,0.8383148148148147,1,23.99,97.58234394571772,116.40298157831535,75.49,2120.240000000001,"Hungary, HU",0.9904662,49591160
2026-09-28T13:15:24.105128+00:00,vast.ai,marketplace,RTX 5090,0.8418518518518519,1,31.84,198.9677359745391,236.34530890068436,125.35,914.0,"India, IN",0.9895615,46501335
2026-09-28T13:15:24.105128+00:00,vast.ai,marketplace,RTX 5090,0.8537962962962964,1,31.84,185.49696997250751,217.26138983874645,125.07,3175.0,"Thailand, TH",0.997273,38858395
2026-09-28T13:15:24.105128+00:00,vast.ai,marketplace,RTX 5090,0.8672382222222222,1,31.84,203.48284174311823,234.6331567602166,123.5,2475.2,"Oklahoma, US",0.9885084,51432163
2026-09-28T13:15:24.105128+00:00,vast.ai,marketplace,RTX 5090,0.8673331851851852,1,31.84,198.12322761368912,228.42804933306874,62.18,2880.0,"Florida, US",0.9986812,48514932
2026-09-28T13:15:24.105128+00:00,vast.ai,marketplace,A100 SXM4,0.8675925925925926,1,40.0,69.99783678981005,80.68053760191553,31.34,558.0,"New York, US",0.9870202,50943248
2026-09-28T13:15:24.105128+00:00,vast.ai,marketplace,RTX 4090,0.8680555555555556,1,23.99,96.98843110399405,111.73067263180114,125.56,1425.0,"Mexico, MX",0.9877751,50608092
2026-09-28T13:15:24.105128+00:00,vast.ai,marketplace,A100 PCIE,0.8708333333333333,1,80.0,97.29299451293659,111.72401283782192,94.39,299.5,"Oklahoma, US",0.9977113,36496969
2026-09-28T13:15:24.105128+00:00,vast.ai,marketplace,A100 PCIE,0.8708333333333333,1,80.0,127.2186088201367,146.0883546259943,125.88,811.0,"Oklahoma, US",0.9957877,47546409
2026-09-28T13:15:24.105128+00:00,vast.ai,marketplace,A100 PCIE,0.8736111111111111,1,40.0,95.42202371345542,109.2271177642097,125.76,3012.5,"Michigan, US",0.9987948,53027121
2026-09-28T13:15:24.105128+00:00,vast.ai,marketplace,RTX PRO 5000,0.8787222222222223,1,47.79,165.3536794420451,188.17514256539238,62.96,248.79263601257583,"Czechia, CZ",0.9893881,52441414
2026-09-28T13:15:24.105128+00:00,vast.ai,marketplace,A800 PCIE,0.8813888888888889,1,80.0,126.03402551685821,142.99479730875814,73.34,1356.8338417996524,"Idaho, US",0.9983202,16761515
2026-09-28T13:15:24.105128+00:00,vast.ai,marketplace,RTX 3090,0.8942592592592593,1,24.0,44.608251904692125,49.88290749333971,1486.89,3260.5,"Quebec, CA",0.9947248,50924858
2026-09-28T13:15:24.105128+00:00,vast.ai,marketplace,RTX PRO 5000,0.9218518518518518,1,47.79,165.6845079708195,179.7300809647299,125.88,838.125,"Hungary, HU",0.963974,53001953
2026-09-28T13:15:24.105128+00:00,vast.ai,marketplace,A100 SXM4,0.9237037037037036,1,40.0,95.38593119427756,103.26464082780652,251.96,2441.5,"Virginia, US",0.9984312,42274228
2026-09-28T13:15:24.105128+00:00,vast.ai,marketplace,A100 SXM4,0.9237037037037036,1,40.0,95.38593119427756,103.26464082780652,251.96,2766.467944270822,"California, US",0.9917123,50245534
2026-09-28T13:15:24.105128+00:00,vast.ai,marketplace,L40S,0.9347222222222221,1,44.99,93.4986640088238,100.02828838982636,62.62,452.770299795239,"South Korea, KR",0.9932112,49960121
2026-09-28T13:15:24.105128+00:00,vast.ai,marketplace,RTX 5090,0.9347222222222221,1,31.84,198.56447819119103,212.4315368464451,249.31,1276.0,"Sweden, SE",0.964611,51764376
2026-09-28T13:15:24.105128+00:00,vast.ai,marketplace,RTX PRO 5000,0.9347222222222221,1,47.79,165.64318141761083,177.21113019417507,62.73,1423.0,"Taiwan, TW",0.9962774,47566054
2026-09-28T13:15:24.105128+00:00,vast.ai,marketplace,RTX 3090,0.9351851851851851,1,24.0,44.84837490551634,47.95667811678975,251.15,3283.7,"Norway, NO",0.9964064,52018376
2026-09-28T13:15:24.105128+00:00,vast.ai,marketplace,RTX 5090,0.9365754074074074,1,31.84,199.7060699756554,213.23010234538847,61.73,1569.5,"New York, US",0.9914919,52759650
2026-09-28T13:15:24.105128+00:00,vast.ai,marketplace,RTX 4090,0.9480555555555554,1,23.99,97.04452091248707,102.36163940373675,61.31,667.0,"Qatar, QA",0.9969563,49465154
2026-09-28T13:15:24.105128+00:00,vast.ai,marketplace,A100 SXM4,0.9482777777777777,1,80.0,121.68675389733879,128.323953960519,125.96,624.625,"Texas, US",0.9962023,49067608
2026-09-28T13:15:24.105128+00:00,vast.ai,marketplace,RTX PRO 5000,0.9560555555555555,1,47.79,165.31229109110262,172.91075830320455,62.96,741.125,"Czechia, CZ",0.9656252,52396065
2026-09-28T13:15:24.105128+00:00,vast.ai,marketplace,RTX PRO 5000,0.9646296296296297,1,71.69,190.87546206866236,197.87435115584117,122.93,1477.0,"Colorado, US",0.9655382,51501187
2026-09-28T13:15:24.105128+00:00,vast.ai,marketplace,RTX 5090,0.992314814814815,1,31.84,198.61116582381257,200.14935064823882,110.2,375.625,"Hungary, HU",0.9960237,49846917
2026-09-28T13:15:24.105128+00:00,vast.ai,marketplace,A100 PCIE,1.0013888888888889,1,80.0,5.388433994584872,5.3809604384203995,125.87,46.0,"United Kingdom, GB",0.9985427,32303769
2026-09-28T13:15:24.105128+00:00,vast.ai,marketplace,RTX 5090,1.0022592592592594,1,31.84,198.68379383268083,198.23592747800828,31.44,1327.3042752386093,"Czechia, CZ",0.9932753,47627487
2026-09-28T13:15:24.105128+00:00,vast.ai,marketplace,RTX 5090,1.0023148148148149,1,31.84,198.3139517943668,197.8559519056962,94.42,1089.0,"Hungary, HU",0.987274,51932573
2026-09-28T13:15:24.105128+00:00,vast.ai,marketplace,RTX 5090,1.0027222222222223,1,31.84,180.68991561439245,180.19937287711585,62.95,236.1875,"Czechia, CZ",0.9982831,44096422
2026-09-28T13:15:24.105128+00:00,vast.ai,marketplace,RTX 5090,1.0219074074074073,1,31.84,172.8538192654503,169.14822029129112,94.44,579.25,"Czechia, CZ",0.9957874,28247751
2026-09-28T13:15:24.105128+00:00,vast.ai,marketplace,RTX 5090,1.0242918148148148,1,31.84,198.9215391801651,194.20397224996745,94.42,1023.375,"Hungary, HU",0.9957473,49155140
2026-09-28T13:15:24.105128+00:00,vast.ai,marketplace,RTX 5090,1.0374814814814814,1,31.84,192.65531388192653,185.69518330758305,40.22,564.5,"Taiwan, TW",0.9909859,52965012
2026-09-28T13:15:24.105128+00:00,vast.ai,marketplace,RTX 5090,1.0400555555555557,1,31.84,199.35073322622955,191.67315838214472,251.78,1510.0,"Washington, US",0.9973257,52502967
2026-09-28T13:15:24.105128+00:00,vast.ai,marketplace,RTX PRO 5000,1.0515925925925926,1,47.79,165.4777980700519,157.35922755226292,55.07,657.1394409940962,"Czechia, CZ",0.99839,44193903
2026-09-28T13:15:24.105128+00:00,vast.ai,marketplace,A40,1.0547222222222223,1,44.99,44.0278583810878,41.74355811743905,500.96,333.7,"Belgium, BE",0.9785174,51338026
2026-09-28T13:15:24.105128+00:00,vast.ai,marketplace,A100 SXM4,1.0547222222222223,1,80.0,128.81400235132523,122.13073701995543,125.93,122.25,"France, FR",0.9902503,43131368
2026-09-28T13:15:24.105128+00:00,vast.ai,marketplace,A100 SXM4,1.0550925925925927,1,80.0,119.79482524804986,113.53963252996388,125.97,1023.6817835315384,"Sweden, SE",0.9982407,21050987
2026-09-28T13:15:24.105128+00:00,vast.ai,marketplace,RTX 5090,1.066851851851852,1,31.84,100.40776465589727,94.11593979202313,41.71,843.6333333333334,"Denmark, DK",0.9983876,46826365
2026-09-28T13:15:24.105128+00:00,vast.ai,marketplace,RTX 5090,1.0675925925925926,1,31.84,198.65078561578386,186.07358930186172,251.69,2665.5,"United Kingdom, GB",0.9968543,51953915
2026-09-28T13:15:24.105128+00:00,vast.ai,marketplace,RTX 3090,1.0680555555555555,1,24.0,44.35681485909163,41.530437839461605,125.69,286.0,"Ontario, CA",0.989427,52810281
2026-09-28T13:15:24.105128+00:00,vast.ai,marketplace,RTX 5090,1.0685185185185184,1,31.84,198.7168181095962,185.97414519788902,59.41,791.0,"Texas, US",0.9980039,51284767
2026-09-28T13:15:24.105128+00:00,vast.ai,marketplace,A100 PCIE,1.0708333333333333,1,80.0,127.88045473040077,119.42143632410968,216.53,407.89540611284383,"Virginia, US",0.9881511,51093271
2026-09-28T13:15:24.105128+00:00,vast.ai,marketplace,RTX PRO 6000 Max-Q,1.121388888888889,1,95.59,283.8135744482559,253.09112410545484,91.06,1179.5,"Japan, JP",0.9968322,51293836
2026-09-28T13:15:24.105128+00:00,vast.ai,marketplace,RTX 4090,1.136462962962963,1,23.99,96.98583028088258,85.340071292797,881.76,6551.0,"Quebec, CA",0.990258,20266704
2026-09-28T13:15:24.105128+00:00,vast.ai,marketplace,RTX PRO 6000 WS,1.1393518518518517,1,95.59,281.78765981222114,247.3227733418926,125.92,663.025,"California, US",0.9856691,51010704
2026-09-28T13:15:24.105128+00:00,vast.ai,marketplace,RTX PRO 6000 Max-Q,1.1613888888888888,1,95.59,283.36557464251547,243.98853592754264,181.99,2223.0,"Japan, JP",0.9804595,53109141
2026-09-28T13:15:24.105128+00:00,vast.ai,marketplace,RTX 5090,1.1875925925925928,1,31.84,97.95947335921706,82.4857564540421,121.21,650.2,"Germany, DE",0.97963,51782800
2026-09-28T13:15:24.105128+00:00,vast.ai,marketplace,RTX PRO 6000 S,1.1908333333333334,1,95.59,280.1264148410791,235.2356177811721,249.88,1435.1,"Virginia, US",0.9306956,52730418
2026-09-28T13:15:24.105128+00:00,vast.ai,marketplace,RTX 3090,1.200925925925926,1,24.0,44.60161106848776,37.1393523160885,251.66,2046.0,"Quebec, CA",0.9969947,51920762
2026-09-28T13:15:24.105128+00:00,vast.ai,marketplace,RTX 3090,1.2262592592592594,1,24.0,44.3633895822079,36.177822305705796,62.79,338.8,"Spain, ES",0.9899105,53182243
2026-09-28T13:15:24.105128+00:00,vast.ai,marketplace,RTX PRO 6000 Max-Q,1.2280555555555557,1,95.59,283.1902643586163,230.6005319364439,93.9,1294.9,"California, US",0.8982185,53092259
2026-09-28T13:15:24.105128+00:00,vast.ai,marketplace,RTX PRO 6000 Max-Q,1.2453888888888889,1,95.59,283.48244628500436,227.62564273230487,141.55,203.0,"Texas, US",0.9979408,37942432
2026-09-28T13:15:24.105128+00:00,vast.ai,marketplace,RTX PRO 6000 Max-Q,1.2480555555555557,1,95.59,283.4240106516768,227.0924634645084,125.76,2262.1,"Ohio, US",0.9800225,52123203
2026-09-28T13:15:24.105128+00:00,vast.ai,marketplace,RTX 4090,1.267,1,23.99,96.2174356096099,75.9411488631491,167.97,529.75,"Washington, US",0.9977018,41755368
2026-09-28T13:15:24.105128+00:00,vast.ai,marketplace,RTX 4090,1.2680555555555555,1,47.99,125.64231552606806,99.08265846524536,107.97,303.3991285534202,"Washington, US",0.9963017,48484828
2026-09-28T13:15:24.105128+00:00,vast.ai,marketplace,RTX 4090,1.2689814814814815,1,47.99,125.40454208800212,98.8229882926248,125.75,1519.0,"Washington, US",0.9946861,39518987
2026-09-28T13:15:24.105128+00:00,vast.ai,marketplace,RTX 4090,1.281388888888889,1,47.99,125.6599150750256,98.06540088230915,220.06,6528.0,"Washington, US",0.9985937,38637438
2026-09-28T13:15:24.105128+00:00,vast.ai,marketplace,RTX 4090,1.282314814814815,1,47.99,125.58070267920019,97.93281745507704,125.87,2973.0,"Washington, US",0.9985691,46255397
2026-09-28T13:15:24.105128+00:00,vast.ai,marketplace,RTX PRO 6000 WS,1.3080555555555555,1,95.59,283.7356630232319,216.9140766370004,89.63,893.0,"California, US",0.7164922,49453151
2026-09-28T13:15:24.105128+00:00,vast.ai,marketplace,RTX PRO 6000 WS,1.320925925925926,1,95.59,283.85252991081785,214.88905951470858,125.59,1481.5,"New Jersey, US",0.9657212,43228017
2026-09-28T13:15:24.105128+00:00,vast.ai,marketplace,RTX PRO 6000 Max-Q,1.330898148148148,1,95.59,260.7602392911868,195.9280202275557,62.86,1022.5,"Taiwan, TW",0.9936667,52962348
2026-09-28T13:15:24.105128+00:00,vast.ai,marketplace,RTX PRO 6000 Max-Q,1.3347222222222221,1,95.59,283.3726390216823,212.30832476130203,188.27,606.0,"Romania, RO",0.9942683,51880482
2026-09-28T13:15:24.105128+00:00,vast.ai,marketplace,RTX PRO 6000 WS,1.3347222222222221,1,95.59,120.54526344743718,90.31486959641495,91.96,757.0,"Nevada, US",0.9972159,49795582
2026-09-28T13:15:24.105128+00:00,vast.ai,marketplace,RTX 3090,1.3347222222222221,1,24.0,44.36470379958797,33.23890399136664,62.72,311.0,"Washington, US",0.9936623,51860372
2026-09-28T13:15:24.105128+00:00,vast.ai,marketplace,RTX PRO 5000,1.3347222222222221,1,71.69,191.161153125801,143.2216755989352,125.42,5182.2,"Florida, US",0.9472403,52820424
2026-09-28T13:15:24.105128+00:00,vast.ai,marketplace,RTX A2000,1.3347222222222221,1,5.99,8.574884920896874,6.4244715328259625,31.16,761.5,"British Columbia, CA",0.9713856,46186923
2026-09-28T13:15:24.105128+00:00,vast.ai,marketplace,RTX 5090,1.3347222222222221,1,31.84,190.36529561560033,142.625403582968,62.25,2003.0,"British Columbia, CA",0.9674601,48515309
2026-09-28T13:15:24.105128+00:00,vast.ai,marketplace,RTX 5080,1.3347222222222221,1,15.92,83.75622331347657,62.75180102570565,62.8,780.75,"Oman, OM",0.9973283,52754706
2026-09-28T13:15:24.105128+00:00,vast.ai,marketplace,RTX PRO 5000,1.3347222222222221,1,47.79,165.13630413994824,123.72334961577808,125.84,755.75,"Arizona, US",0.9874076,51485309
2026-09-28T13:15:24.105128+00:00,vast.ai,marketplace,RTX 5080,1.335185185185185,1,15.92,84.08002584614175,62.97255749919078,31.26,1540.0,"Florida, US",0.997404,51664155
2026-09-28T13:15:24.105128+00:00,vast.ai,marketplace,RTX PRO 6000 WS,1.3352211851851852,1,95.59,174.81583927100925,130.92650207370968,186.5,1377.0,"Bulgaria, BG",0.9728314,52589157
2026-09-28T13:15:24.105128+00:00,vast.ai,marketplace,RTX PRO 6000 WS,1.336574074074074,1,95.59,283.3850533540039,212.02345522848927,125.7,2811.5,"Bulgaria, BG",0.9935222,49400940
2026-09-28T13:15:24.105128+00:00,vast.ai,marketplace,RTX PRO 6000 WS,1.3627777777777779,1,95.59,283.3071382573792,207.8894614200092,123.5,1484.0,"Illinois, US",0.9937196,51820314
2026-09-28T13:15:24.105128+00:00,vast.ai,marketplace,RTX PRO 6000 WS,1.3880555555555556,1,95.59,283.36557464251547,204.14570116330913,125.56,1047.7303937408938,"Texas, US",0.9864293,32511626
2026-09-28T13:15:24.105128+00:00,vast.ai,marketplace,RTX PRO 6000 WS,1.4011111111111112,1,95.59,283.0928682929201,202.0488354192134,125.14,2427.0,"Washington, US",0.9981085,53091776
2026-09-28T13:15:24.105128+00:00,vast.ai,marketplace,RTX PRO 6000 WS,1.4107548148148148,1,95.59,283.44348923787163,200.91619483508788,94.33,1602.0,"Texas, US",0.9666667,52523167
2026-09-28T13:15:24.105128+00:00,vast.ai,marketplace,A100 SXM4,1.4342311388888889,1,80.0,128.7936421845302,89.79978100622452,122.02,585.35,"North Carolina, US",0.9893994,51216963
2026-09-28T13:15:24.105128+00:00,vast.ai,marketplace,RTX PRO 6000 S,1.4469444444444446,1,95.59,279.5651814610527,193.21072245340557,188.93,181.875,"Maryland, US",0.9991607,53168568
2026-09-28T13:15:24.105128+00:00,vast.ai,marketplace,RTX PRO 6000 WS,1.4543148148148148,1,95.59,282.7032735614888,194.38932388066667,188.92,177.5,"Poland, PL",0.9950836,37051758
2026-09-28T13:15:24.105128+00:00,vast.ai,marketplace,RTX PRO 6000 S,1.4680555555555557,1,95.59,272.38128164240914,185.5388105795029,104.25,348.75,"Taiwan, TW",0.9725043,52330427
2026-09-28T13:15:24.105128+00:00,vast.ai,marketplace,RTX PRO 6000 S,1.4680555555555557,1,95.59,279.8748310406494,190.64321508918405,283.09,1509.0,"France, FR",0.9489564,52442958
2026-09-28T13:15:24.105128+00:00,vast.ai,marketplace,RTX 6000D,1.4680555555555557,1,83.64,229.28937039736311,156.18575845421137,94.39,1585.140744639826,"Czechia, CZ",0.8658643,52400798
2026-09-28T13:15:24.105128+00:00,vast.ai,marketplace,RTX PRO 6000 WS,1.4703703703703705,1,95.59,281.9240337123319,191.73674836858842,123.47,236.60000000000002,"Pennsylvania, US",0.9983856,52591556
2026-09-28T13:15:24.105128+00:00,vast.ai,marketplace,RTX PRO 6000 S,1.4703703703703705,1,95.59,279.2555230587443,189.9218922565767,125.94,241.38955108059585,"California, US",0.9935774,51742667
2026-09-28T13:15:24.105128+00:00,vast.ai,marketplace,RTX PRO 6000 WS,1.5080555555555555,1,95.59,283.36557464251547,187.9012836089622,125.55,1382.0,"Massachusetts, US",0.9931028,39351028
2026-09-28T13:15:24.105128+00:00,vast.ai,marketplace,RTX PRO 6000 Max-Q,1.5232037037037036,1,95.59,282.9954711810154,185.78964224739318,125.92,465.375,"Czechia, CZ",0.9964722,47792410
2026-09-28T13:15:24.105128+00:00,vast.ai,marketplace,RTX PRO 6000 S,1.534722222222222,1,95.59,279.4877676883653,182.10967668382173,226.67,345.20000000000005,"Australia, AU",0.9980484,47849040
2026-09-28T13:15:24.105128+00:00,vast.ai,marketplace,RTX PRO 6000 WS,1.5374999999999999,1,95.59,283.5603598783882,184.4295023599273,60.47,2510.0,"Washington, US",0.9962198,52514293
2026-09-28T13:15:24.105128+00:00,vast.ai,marketplace,RTX PRO 6000 WS,1.573388888888889,1,95.59,283.9109627923403,180.44551146718425,125.55,2710.0,"Massachusetts, US",0.9985121,36072512
2026-09-28T13:15:24.105128+00:00,vast.ai,marketplace,RTX PRO 6000 S,1.573888888888889,1,95.59,279.9135366187207,177.84834659855179,125.85,147.5,"Switzerland, CH",0.9936475,51032796
2026-09-28T13:15:24.105128+00:00,vast.ai,marketplace,RTX PRO 6000 S,1.5877777777777777,1,95.59,279.58453481805344,176.08543130598187,94.42,592.5,"Bulgaria, BG",0.9874818,51056495
2026-09-28T13:15:24.105128+00:00,vast.ai,marketplace,RTX PRO 6000 WS,1.6009259259259259,1,95.59,283.46296778231243,177.06188849328944,251.76,2075.5,"Japan, JP",0.9971374,51177034
2026-09-28T13:15:24.105128+00:00,vast.ai,marketplace,RTX PRO 6000 S,1.6009259259259259,1,95.59,278.7329544443031,174.10733996520958,188.92,813.1487644962474,", CA",0.9959247,48926605
2026-09-28T13:15:24.105128+00:00,vast.ai,marketplace,RTX PRO 6000 WS,1.6013888888888888,1,95.59,283.0733889542568,176.7674241518343,125.53,1079.5,"Poland, PL",0.9867837,46768323
2026-09-28T13:15:24.105128+00:00,vast.ai,marketplace,RTX PRO 6000 WS,1.6013888888888888,1,95.59,282.6253526027849,176.487644296622,110.2,1883.4068666206667,"Texas, US",0.9886142,52611622
2026-09-28T13:15:24.105128+00:00,vast.ai,marketplace,RTX PRO 6000 WS,1.6013888888888888,1,95.59,250.11411460543533,156.1857437258573,503.88,1588.0,"Serbia, RS",0.9920358,48332828
2026-09-28T13:15:24.105128+00:00,vast.ai,marketplace,RTX PRO 6000 S,1.6018518518518516,1,95.59,278.98456470402147,174.16377449730822,110.15,3431.1,"Texas, US",0.978234,52528363
2026-09-28T13:15:24.105128+00:00,vast.ai,marketplace,RTX PRO 6000 S,1.6018518518518516,1,95.59,279.31358468211596,174.36917425241924,98.4,2069.775,"Texas, US",0.9921678,50644428
2026-09-28T13:15:24.105128+00:00,vast.ai,marketplace,RTX 4090,1.6046296296296294,1,47.99,125.56309488407751,78.25051498834607,93.95,6411.2,"California, US",0.9247285,51071482
2026-09-28T13:15:24.105128+00:00,vast.ai,marketplace,RTX 5090,1.6055555555555554,1,31.84,199.62136787044665,124.3316478085827,247.81,188.5,"Norway, NO",0.998351,50806300
2026-09-28T13:15:24.105128+00:00,vast.ai,marketplace,A100 SXM4,1.6069999722222224,1,80.0,128.80891440504294,80.15489522810691,125.96,728.1,"North Carolina, US",0.9821194,52353347
2026-09-28T13:15:24.105128+00:00,vast.ai,marketplace,RTX PRO 6000 WS,1.7046388888888888,1,95.59,282.41106650244154,165.67207773050492,215.93,210.0,"Bulgaria, BG",0.9993068,53109915
2026-09-28T13:15:24.105128+00:00,vast.ai,marketplace,RTX PRO 6000 S,1.7347222222222223,1,95.59,279.72000735247394,161.24772241295534,283.09,1576.25,"France, FR",0.9424499,52625517
2026-09-28T13:15:24.105128+00:00,vast.ai,marketplace,RTX PRO 6000 Max-Q,1.7356481481481483,1,95.59,283.5798381724142,163.3855562689823,188.81,2709.0,"Maryland, US",0.9940018,52509891
2026-09-28T13:15:24.105128+00:00,vast.ai,marketplace,RTX PRO 6000 WS,1.7402777777777778,1,95.59,283.36557464251547,162.82778431174074,121.18,930.0,"California, US",0.9868626,50460702
2026-09-28T13:15:24.105128+00:00,vast.ai,marketplace,RTX PRO 6000 WS,1.8058417777777778,1,95.59,283.36557464251547,156.91605883169777,188.39,3034.0,"Idaho, US",0.992749,51720139
2026-09-28T13:15:24.105128+00:00,vast.ai,marketplace,H100 SXM,1.8680555555555554,1,79.65,343.5825591815156,183.92523614177787,122.77,438.0,"Germany, DE",0.9901902,50654627
2026-09-28T13:15:24.105128+00:00,vast.ai,marketplace,H100 SXM,1.9347222222222225,1,79.65,343.5924371884736,177.59264520868697,92.01,808.0,"Germany, DE",0.9933599,50262229
2026-09-28T13:15:24.105128+00:00,vast.ai,marketplace,RTX PRO 6000 WS,1.988703703703704,1,95.59,283.0928682929201,142.35045058029317,125.92,1075.875,"Hungary, HU",0.9960462,43620826
2026-09-28T13:15:24.105128+00:00,vast.ai,marketplace,RTX 4090,2.001388888888889,1,23.99,97.10759298573288,48.520101977604206,125.71,1349.0,"Ontario, CA",0.9962486,52814544
2026-09-28T13:15:24.105128+00:00,vast.ai,marketplace,RTX PRO 6000 WS,2.0055555555555555,1,95.59,283.2097434462682,141.21261446074314,110.1,360.5,"Switzerland, CH",0.5830074,53180055
2026-09-28T13:15:24.105128+00:00,vast.ai,marketplace,RTX 3090,2.0055555555555555,1,24.0,44.608251904692125,22.24234166992959,31.34,178.0,"Switzerland, CH",0.9576481,53180089
2026-09-28T13:15:24.105128+00:00,vast.ai,marketplace,H100 NVL,2.1347222222222224,1,93.58,378.0308578079284,177.08667379421496,314.69,3126.0,"Arizona, US",0.9975068,46075456
2026-09-28T13:15:24.105128+00:00,vast.ai,marketplace,RTX PRO 6000 WS,2.140277777777778,1,95.59,283.52140316516255,132.46944210182804,251.49,1419.8,"New Jersey, US",0.9611556,51371152
2026-09-28T13:15:24.105128+00:00,vast.ai,marketplace,RTX PRO 6000 WS,2.159311111111111,1,95.59,283.4045320237227,131.2476606846579,124.7,393.25,"Norway, NO",0.9964261,51866535
2026-09-28T13:15:24.105128+00:00,vast.ai,marketplace,RTX 4090,2.3223148148148147,1,47.99,125.65111552940162,54.105978538237615,881.64,5726.4,"Romania, RO",0.9829957,51505100
2026-09-28T13:15:24.105128+00:00,vast.ai,marketplace,RTX PRO 6000 Max-Q,2.456074074074074,1,95.59,283.3071382573792,115.34959032706878,125.94,1183.375,"Czechia, CZ",0.998168,30989534
2026-09-28T13:15:24.105128+00:00,vast.ai,marketplace,RTX 4090,2.673148148148148,1,23.99,97.5260842368299,36.48360615717918,30.94,646.0,"The Netherlands, NL",0.9957854,42544505
2026-09-28T13:15:24.105128+00:00,vast.ai,marketplace,RTX 5090,2.673148148148148,1,31.84,199.11936511338686,74.48871296240313,62.39,1356.0,"The Netherlands, NL",0.9938695,45401054
2026-09-28T13:15:24.105128+00:00,vast.ai,marketplace,RTX 5090,2.673148148148148,1,31.84,199.97120408899704,74.80737804506991,30.94,929.0,"The Netherlands, NL",0.9980434,48097876
2026-09-28T13:15:24.105128+00:00,vast.ai,marketplace,RTX 5090,2.673148148148148,1,31.84,188.3795863136683,70.4710610387121,62.35,746.0,"The Netherlands, NL",0.9929005,49946861
2026-09-28T13:15:24.105128+00:00,vast.ai,marketplace,RTX 5080,2.673148148148148,1,15.92,83.81564881104599,31.354659063363243,30.94,746.0,"The Netherlands, NL",0.9912737,49691112
2026-09-28T13:15:24.105128+00:00,vast.ai,marketplace,RTX PRO 6000 WS,2.684611111111119,1,95.59,156.5984755059789,58.33190321601747,226.72,273.1268127866143,"Kansas, US",0.9980506,33065170
2026-09-28T13:15:24.105128+00:00,vast.ai,marketplace,RTX 4090,2.7080555555555557,1,23.99,58.32863791815805,21.538936968444865,24.95,283.46,"United Kingdom, GB",0.9482545,53154221
2026-09-28T13:15:24.105128+00:00,vast.ai,marketplace,H100 NVL,2.9213888888888837,1,93.58,347.8036628341912,119.0542156701617,314.69,310.9,"Ireland, IE",0.9888998,53183191
2026-09-28T13:15:24.105128+00:00,vast.ai,marketplace,H100 NVL,3.028055555555548,1,93.58,347.8868594483556,114.88787212311561,314.69,303.3,"Virginia, US",0.9932183,53183795
2026-09-28T13:15:24.105128+00:00,vast.ai,marketplace,H100 NVL,3.0413888888888883,1,93.58,345.90091807331555,113.73123619179252,314.69,302.4,"Iowa, US",0.9740038,53173397
2026-09-28T13:15:24.105128+00:00,vast.ai,marketplace,H100 SXM,3.1366666666666667,1,79.65,100.8378920620381,32.148105864624256,188.87,421.25,"Taiwan, TW",0.9816666,51293648
2026-09-28T13:15:24.105128+00:00,vast.ai,marketplace,H100 SXM,3.1500555555555554,1,79.65,363.73738075332744,115.4701478555915,110.19,1064.0,"Czechia, CZ",0.9937538,41555522
2026-09-28T13:15:24.105128+00:00,vast.ai,marketplace,H100 SXM,3.203333333333333,1,79.65,127.91544618860547,39.93198112027226,188.87,140.32925299663964,"Taiwan, TW",0.9821446,51178484
2026-09-28T13:15:24.105128+00:00,vast.ai,marketplace,H100 SXM,3.4136111111111114,1,79.65,259.91896406770246,76.14193755746837,221.33,728.5,", US",0.998837,36551372
2026-09-28T13:15:24.105128+00:00,vast.ai,marketplace,H100 SXM,3.4547222222222222,1,79.65,307.01122717091636,88.86712372881715,221.46,1886.026373173752,", US",0.9981632,36346695
2026-09-28T13:15:24.105128+00:00,vast.ai,marketplace,H100 NVL,3.454740740740741,1,93.58,377.4021764875358,109.24182299324028,188.94,618.5,"Czechia, CZ",0.9906511,31183489
2026-09-28T13:15:24.105128+00:00,vast.ai,marketplace,H200 NVL,3.464055555555556,1,140.4,452.02857636328554,130.49114516605678,188.86,50.5,"Texas, US",0.9982243,28418864
2026-09-28T13:15:24.105128+00:00,vast.ai,marketplace,H200,3.5544590643274856,1,140.4,381.67169079520403,107.37827722526254,235.95,29.471330079370205,"Georgia, US",0.9911782,49998292
2026-09-28T13:15:24.105128+00:00,vast.ai,marketplace,RTX 5090,3.5880555555555556,1,31.84,106.7927970716713,29.763417934351374,31.07,284.5,"United Kingdom, GB",0.9931624,52933687
2026-09-28T13:15:24.105128+00:00,vast.ai,marketplace,H200 NVL,3.601388888888889,1,140.4,397.51070430088396,110.37705634270591,181.06,151.5,"Bulgaria, BG",0.9905994,44335863
2026-09-28T13:15:24.105128+00:00,vast.ai,marketplace,H200 NVL,3.7828555555555554,1,140.4,452.88013212101686,119.71911839348734,188.03,2978.7000000000003,"New York, US",0.9747369,50210286
2026-09-28T13:15:24.105128+00:00,vast.ai,marketplace,H200 NVL,4.014722222222222,1,140.4,396.24019092783806,98.69678871792826,214.36,99.42857142857142,"Mississippi, US",0.9916081,50176561
2026-09-28T13:15:24.105128+00:00,vast.ai,marketplace,H200,4.804459064327485,1,140.4,493.50446899563383,102.71800891381166,377.93,2291.830268794607,"Saudi Arabia, SA",0.9965989,39605001
2026-09-28T13:15:24.105128+00:00,vast.ai,marketplace,H200,4.804459064327485,1,140.4,492.79736010130824,102.57083128468463,377.93,2288.970695146881,"Saudi Arabia, SA",0.9987627,39353732
2026-09-28T13:15:24.105128+00:00,vast.ai,marketplace,B200,6.251302083333333,1,179.06,680.6105623959404,108.8750076900817,249.5,2150.625,"Oregon, US",0.9958229,51592616
2026-09-28T13:15:24.105128+00:00,vast.ai,marketplace,RTX 5090,7.402314814814814,1,31.84,199.03376551672807,26.8880438749223,83.94,921.25,"Romania, RO",0.9924984,52796432
2026-09-28T13:15:24.105128+00:00,vast.ai,marketplace,B200,8.556076388888888,1,179.06,662.3687140408935,77.41500705873317,283.43,429.2679608543612,"Maryland, US",0.9828894,53119623
2026-09-28T13:15:24.105128+00:00,vast.ai,marketplace,RTX 5090,9.334898148148149,1,31.84,186.23931012098046,19.950866861672882,31.36,843.5,"Taiwan, TW",0.9892263,52962530
2026-09-28T13:15:24.105128+00:00,vast.ai,marketplace,B300,9.938802083333334,1,268.59,747.3815457142477,75.1983528243865,251.92,919.375,"Croatia, HR",0.9942009,51949532
2026-09-28T13:15:24.105128+00:00,vast.ai,marketplace,B200,10.631510416666666,1,179.06,697.3900240644342,65.59651420471347,249.5,324.0,"Ohio, US",0.9897005,51062343
2026-09-28T13:15:24.105128+00:00,vast.ai,marketplace,RTX 5090,53.33435185185186,1,31.84,199.15261714619382,3.7340402616944695,60.44,3349.0,"Ukraine, UA",0.9979588,46363452
