collected_at,provider,tier,gpu_model,price_usd_per_hr,num_gpus,gpu_ram_gb,dlperf,dlperf_per_dollar,cpu_ram_gb,disk_space_gb,region,reliability,offer_id
2026-10-07T12:53:58.159253+00:00,vast.ai,marketplace,GTX 1060,0.028055555555555556,1,6.0,1.312492073,46.792492073,11.64,7.0,"Spain, ES",0.9703184,51712786
2026-10-07T12:53:58.159253+00:00,vast.ai,marketplace,GTX 1080,0.046481481481481485,1,8.0,3.3304920730000003,71.651492073,62.66,700.0,"Germany, DE",0.9958528,43833801
2026-10-07T12:53:58.159253+00:00,vast.ai,marketplace,GTX 1070,0.04805555555555556,1,8.0,2.513492073,52.305492072999996,15.62,144.0,"South Korea, KR",0.9889611,50850386
2026-10-07T12:53:58.159253+00:00,vast.ai,marketplace,GTX 1070,0.049388888888888885,1,8.0,2.662492073,53.91049207299999,7.82,80.5,"South Korea, KR",0.9981225,50595371
2026-10-07T12:53:58.159253+00:00,vast.ai,marketplace,GTX 1080,0.052055555555555556,1,8.0,3.3304920730000003,63.979492072999996,10.46,269.66666666666663,"South Korea, KR",0.9921546,52708528
2026-10-07T12:53:58.159253+00:00,vast.ai,marketplace,GTX 1080,0.05472222222222223,1,8.0,3.351492073,61.243492073,10.46,221.5,"South Korea, KR",0.9965768,50870175
2026-10-07T12:53:58.159253+00:00,vast.ai,marketplace,GTX 1080,0.05472222222222223,1,8.0,3.351492073,61.243492073,31.18,145.0,"South Korea, KR",0.998667,51671437
2026-10-07T12:53:58.159253+00:00,vast.ai,marketplace,Titan Xp,0.05472222222222223,1,12.0,5.757492073,105.212492073,10.45,236.1785550132284,"South Korea, KR",0.995314,48369194
2026-10-07T12:53:58.159253+00:00,vast.ai,marketplace,RTX 3060,0.05472222222222223,1,12.0,12.326492073,225.260492073,13.09,14.666666666666666,"Quebec, CA",0.998733,39173941
2026-10-07T12:53:58.159253+00:00,vast.ai,marketplace,RTX 3060,0.05472222222222223,1,12.0,12.477492073,228.010492073,18.33,229.29929816549182,"Quebec, CA",0.87677,28852199
2026-10-07T12:53:58.159253+00:00,vast.ai,marketplace,Q RTX 4000,0.05472222222222223,1,8.0,4.104492073,75.000492073,7.67,92.5,"Spain, ES",0.9718294,48583410
2026-10-07T12:53:58.159253+00:00,vast.ai,marketplace,RTX 3060,0.05605555555555556,1,12.0,9.985492073,178.136492073,25.18,102.58475142247349,"Quebec, CA",0.9579391,54568783
2026-10-07T12:53:58.159253+00:00,vast.ai,marketplace,RTX 3060,0.05611111111111111,1,12.0,12.273492073,218.737492073,23.59,336.575,"United States, US",0.9900402,50121245
2026-10-07T12:53:58.159253+00:00,vast.ai,marketplace,GTX 1660 S,0.05738888888888889,1,6.0,1.712492073,29.833492073,15.61,174.5,"Vietnam, VN",0.9953035,31603447
2026-10-07T12:53:58.159253+00:00,vast.ai,marketplace,RTX 3060,0.058777777777777776,1,12.0,12.407492073,211.084492073,25.14,253.10820539489123,"New Brunswick, CA",0.9978729,50637020
2026-10-07T12:53:58.159253+00:00,vast.ai,marketplace,RTX 3060,0.06092592592592593,1,12.0,12.296492073,201.833492073,15.63,354.0,"Poland, PL",0.9991454,45602423
2026-10-07T12:53:58.159253+00:00,vast.ai,marketplace,RTX 3060,0.06092592592592593,1,12.0,11.034492073000001,181.108492073,15.63,323.5,"Poland, PL",0.9982689,45598496
2026-10-07T12:53:58.159253+00:00,vast.ai,marketplace,Quadro P4000,0.061388888888888896,1,8.0,2.0834920730000004,33.942492073,15.46,102.5,"Romania, RO",0.998568,43521342
2026-10-07T12:53:58.159253+00:00,vast.ai,marketplace,Titan Xp,0.061388888888888896,1,12.0,5.757492073,93.786492073,10.46,259.05622600679067,"South Korea, KR",0.9952136,48474941
2026-10-07T12:53:58.159253+00:00,vast.ai,marketplace,GTX 1660 S,0.061388888888888896,1,6.0,1.688492073,27.497492073,15.67,386.0,"South Korea, KR",0.996741,53989929
2026-10-07T12:53:58.159253+00:00,vast.ai,marketplace,GTX 1080 Ti,0.06405555555555556,1,11.0,5.316492073,82.99249207300001,15.59,192.5,"South Korea, KR",0.9979952,54610809
2026-10-07T12:53:58.159253+00:00,vast.ai,marketplace,GTX 1080 Ti,0.06405555555555556,1,11.0,5.212492073,81.37349207300001,15.52,155.0,"South Korea, KR",0.9880819,50029682
2026-10-07T12:53:58.159253+00:00,vast.ai,marketplace,GTX 1080 Ti,0.06405555555555556,1,11.0,5.212492073,81.37349207300001,7.73,169.0,"South Korea, KR",0.9964884,50029618
2026-10-07T12:53:58.159253+00:00,vast.ai,marketplace,GTX 1080 Ti,0.06405555555555556,1,11.0,5.212492073,81.37349207300001,7.73,181.5,"South Korea, KR",0.9974762,50029569
2026-10-07T12:53:58.159253+00:00,vast.ai,marketplace,GTX 1080 Ti,0.06405555555555556,1,11.0,5.212492073,81.37349207300001,31.29,501.0,"South Korea, KR",0.9978158,54409050
2026-10-07T12:53:58.159253+00:00,vast.ai,marketplace,GTX 1080 Ti,0.06405555555555557,1,11.0,5.212492073,81.37349207300001,31.28,73.0,"South Korea, KR",0.9980124,40234662
2026-10-07T12:53:58.159253+00:00,vast.ai,marketplace,GTX 1080 Ti,0.06405555555555557,1,11.0,5.212492073,81.37349207300001,31.28,36.0,"South Korea, KR",0.9980191,52706152
2026-10-07T12:53:58.159253+00:00,vast.ai,marketplace,GTX 1080 Ti,0.06405555555555557,1,11.0,5.3844920730000005,84.056492073,31.29,67.0,"South Korea, KR",0.9985669,37709426
2026-10-07T12:53:58.159253+00:00,vast.ai,marketplace,RTX 3060,0.06677777777777778,1,12.0,12.256492073,183.53849207300001,23.59,158.15,"Utah, US",0.994407,50492819
2026-10-07T12:53:58.159253+00:00,vast.ai,marketplace,Titan Xp,0.06805555555555555,1,12.0,5.265492073,77.36449207300001,8.96,108.14285714285714,"South Korea, KR",0.9956835,32787365
2026-10-07T12:53:58.159253+00:00,vast.ai,marketplace,RTX 2070,0.06805555555555555,1,8.0,4.104492073,60.306492072999994,7.77,174.0,"South Korea, KR",0.984116,54624258
2026-10-07T12:53:58.159253+00:00,vast.ai,marketplace,RTX 2070,0.06805555555555555,1,8.0,4.104492073,60.306492072999994,7.82,389.6,"South Korea, KR",0.9814159,50701342
2026-10-07T12:53:58.159253+00:00,vast.ai,marketplace,RTX 3060,0.06944444444444445,1,12.0,12.266492073,176.632492073,15.49,19.0,"Indonesia, ID",0.997641,50680598
2026-10-07T12:53:58.159253+00:00,vast.ai,marketplace,GTX 1660 Ti,0.06944444444444445,1,6.0,2.4744920730000004,35.626492072999994,31.35,222.0,"United Kingdom, GB",0.9978418,50291703
2026-10-07T12:53:58.159253+00:00,vast.ai,marketplace,RTX 3060 laptop,0.07518518518518519,1,12.0,12.781492073,170.005492073,15.66,157.325,"New Zealand, NZ",0.9978865,54607587
2026-10-07T12:53:58.159253+00:00,vast.ai,marketplace,RTX A4000,0.0757037037037037,1,15.99,20.981492073000002,277.153492073,20.96,1567.2,"Quebec, CA",0.9837831,53258753
2026-10-07T12:53:58.159253+00:00,vast.ai,marketplace,RTX 3060 laptop,0.07785185185185185,1,12.0,12.782492073,164.194492073,31.32,111.25,"New Zealand, NZ",0.997781,51288810
2026-10-07T12:53:58.159253+00:00,vast.ai,marketplace,RTX 3060,0.08005555555555555,1,12.0,12.207492073000001,152.487492073,20.97,202.25833333333333,"Thailand, TH",0.9897081,52389483
2026-10-07T12:53:58.159253+00:00,vast.ai,marketplace,RTX 4060,0.08092592592592593,1,8.0,15.576492073,192.478492073,31.13,522.0,"Spain, ES",0.9970693,50361655
2026-10-07T12:53:58.159253+00:00,vast.ai,marketplace,Tesla P100,0.08138888888888889,1,16.0,5.823492073000001,71.54649207300001,20.88,123.66666666666666,"Missouri, US",0.9878293,52971262
2026-10-07T12:53:58.159253+00:00,vast.ai,marketplace,Tesla V100,0.08138888888888889,1,16.0,18.196492073,223.571492073,31.43,363.95000000000005,"California, US",0.9777171,51994894
2026-10-07T12:53:58.159253+00:00,vast.ai,marketplace,RTX 4060,0.08185185185185186,1,8.0,15.641492073,191.091492073,15.72,29.86250000000001,"Nevada, US",0.9961512,49481979
2026-10-07T12:53:58.159253+00:00,vast.ai,marketplace,RTX 3070,0.08277777777777778,1,8.0,16.279492073,196.66349207300001,23.59,173.9,"Utah, US",0.9977512,50148854
2026-10-07T12:53:58.159253+00:00,vast.ai,marketplace,RTX A4000,0.0875925925925926,1,15.99,19.589492073,223.641492073,41.93,82.0,"Japan, JP",0.9925463,49619751
2026-10-07T12:53:58.159253+00:00,vast.ai,marketplace,RTX A4000,0.0875925925925926,1,15.99,16.904492073,192.987492073,23.49,304.0,"Poland, PL",0.9968882,45601701
2026-10-07T12:53:58.159253+00:00,vast.ai,marketplace,RTX A4000,0.0875925925925926,1,15.99,20.437492073,233.328492073,15.64,294.5,"Poland, PL",0.9993175,45598788
2026-10-07T12:53:58.159253+00:00,vast.ai,marketplace,RTX 3070,0.0875925925925926,1,8.0,14.976492073000001,170.975492073,31.32,127.5,"Vietnam, VN",0.9916017,54597392
2026-10-07T12:53:58.159253+00:00,vast.ai,marketplace,RTX 3070,0.08777777777777779,1,8.0,16.277492073,185.435492073,15.63,721.5,"Missouri, US",0.9578068,52906968
2026-10-07T12:53:58.159253+00:00,vast.ai,marketplace,Q RTX 4000,0.08805555555555555,1,8.0,4.104492073,46.609492073,31.26,252.0,"Argentina, AR",0.9931744,37282264
2026-10-07T12:53:58.159253+00:00,vast.ai,marketplace,RTX 5060,0.08898148148148148,1,7.96,28.300492073,318.052492073,20.96,206.82833333333332,"United States, US",0.9950541,50138879
2026-10-07T12:53:58.159253+00:00,vast.ai,marketplace,RTX 3060,0.09058888888888889,1,12.0,10.039492073,110.821492073,19.5,468.0,"Spain, ES",0.9877441,48105707
2026-10-07T12:53:58.159253+00:00,vast.ai,marketplace,RTX 3060,0.09285555555555554,1,12.0,10.604492073,114.199492073,15.6,297.0,"Spain, ES",0.9954218,49418523
2026-10-07T12:53:58.159253+00:00,vast.ai,marketplace,RTX 3070,0.09425925925925926,1,8.0,16.312492073,173.065492073,54.92,3321.5,"Utah, US",0.9987148,50422428
2026-10-07T12:53:58.159253+00:00,vast.ai,marketplace,RTX 3070,0.09425925925925926,1,8.0,16.280492073,172.720492073,15.6,84.80000000000001,"Vietnam, VN",0.9917203,52925175
2026-10-07T12:53:58.159253+00:00,vast.ai,marketplace,RTX 3070,0.09425925925925926,1,8.0,16.279492073,172.708492073,31.18,269.0,"Vietnam, VN",0.9962426,54585358
2026-10-07T12:53:58.159253+00:00,vast.ai,marketplace,RTX 3060 Ti,0.09425925925925926,1,8.0,13.932492073,147.815492073,7.75,88.0,"Israel, IL",0.9848954,50916083
2026-10-07T12:53:58.159253+00:00,vast.ai,marketplace,Quadro P4000,0.09472222222222222,1,8.0,2.0834920730000004,21.997492073,62.73,280.0,"United Kingdom, GB",0.9951316,53524843
2026-10-07T12:53:58.159253+00:00,vast.ai,marketplace,RTX A4000,0.09472222222222222,1,14.99,19.865492073,209.72349207300002,75.5,588.6,"Australia, AU",0.9954192,32096985
2026-10-07T12:53:58.159253+00:00,vast.ai,marketplace,RTX 3070,0.09472222222222222,1,8.0,16.273492073,171.804492073,31.26,403.45,"Japan, JP",0.9966124,51773111
2026-10-07T12:53:58.159253+00:00,vast.ai,marketplace,RTX 2060,0.09472222222222222,1,12.0,3.969492073,41.909492072999996,15.62,173.0,"South Korea, KR",0.9978479,54594416
2026-10-07T12:53:58.159253+00:00,vast.ai,marketplace,RTX 2060,0.09472222222222222,1,12.0,3.969492073,41.909492072999996,15.59,166.0,"South Korea, KR",0.9968419,54610084
2026-10-07T12:53:58.159253+00:00,vast.ai,marketplace,RTX 2080 Ti,0.09472222222222222,1,11.0,8.975492073,94.76049207300001,31.18,38.0,"British Columbia, CA",0.9955071,39401236
2026-10-07T12:53:58.159253+00:00,vast.ai,marketplace,Tesla P100,0.09564814814814815,1,16.0,6.489492073,67.848492073,23.23,706.9995321224895,"Texas, US",0.9801533,48743421
2026-10-07T12:53:58.159253+00:00,vast.ai,marketplace,Tesla P100,0.09564814814814815,1,16.0,6.4294920730000005,67.21849207300001,39.01,542.925,"Texas, US",0.9951536,48981930
2026-10-07T12:53:58.159253+00:00,vast.ai,marketplace,RTX 4060 Ti,0.09564814814814815,1,16.0,22.529492073,235.540492073,23.54,341.285256743614,"United States, US",0.9928737,47543124
2026-10-07T12:53:58.159253+00:00,vast.ai,marketplace,RTX 2080 Ti,0.09611111111111112,1,22.0,11.045492073,114.928492073,31.47,131.85120294087872,"United States, US",0.992907,43529666
2026-10-07T12:53:58.159253+00:00,vast.ai,marketplace,RTX 5060,0.09612962962962963,1,7.96,28.310492073,294.50349207299996,31.26,252.0,"Vietnam, VN",0.9942557,53079876
2026-10-07T12:53:58.159253+00:00,vast.ai,marketplace,RTX 5060,0.09612962962962963,1,7.96,28.246492073,293.841492073,31.28,235.0,"Vietnam, VN",0.9937071,49766751
2026-10-07T12:53:58.159253+00:00,vast.ai,marketplace,Tesla V100,0.09796296296296297,1,16.0,20.174492073,205.935492073,62.89,752.9,"Quebec, CA",0.9573145,54529179
2026-10-07T12:53:58.159253+00:00,vast.ai,marketplace,RTX 2080 Ti,0.10005555555555555,1,22.0,11.045492073,110.39749207300001,31.44,136.3761865258802,"Thailand, TH",0.9760429,51470059
2026-10-07T12:53:58.159253+00:00,vast.ai,marketplace,RTX 2080 Ti,0.10005555555555555,1,22.0,11.045492073,110.39749207300001,17.97,133.8958875282513,"Thailand, TH",0.9863651,50286308
2026-10-07T12:53:58.159253+00:00,vast.ai,marketplace,RTX 5060,0.10018518518518518,1,7.96,28.222492073,281.701492073,30.45,468.0,"India, IN",0.9566838,48558059
2026-10-07T12:53:58.159253+00:00,vast.ai,marketplace,RTX 3070,0.10138888888888888,1,8.0,16.281492073,160.585492073,31.26,91.0,"Ontario, CA",0.9970767,45611421
2026-10-07T12:53:58.159253+00:00,vast.ai,marketplace,RTX 4060 Ti,0.10138888888888888,1,8.0,9.759492073,96.262492073,15.64,333.4,"Ontario, CA",0.9969775,20389047
2026-10-07T12:53:58.159253+00:00,vast.ai,marketplace,RTX A4000,0.1063148148148148,1,15.99,21.189492073,199.313492073,35.33,320.61332416167977,"Estonia, EE",0.9932695,53990293
2026-10-07T12:53:58.159253+00:00,vast.ai,marketplace,Tesla P40,0.10672222222222222,1,24.0,5.879492073,55.087492073,62.81,707.0,"Thailand, TH",0.9835886,47185200
2026-10-07T12:53:58.159253+00:00,vast.ai,marketplace,RTX 4060 Ti,0.10680555555555556,1,16.0,22.541492073,211.047492073,23.57,262.8202457398704,"Jiangsu, CN",0.9954242,49517347
2026-10-07T12:53:58.159253+00:00,vast.ai,marketplace,RTX 2060,0.10694444444444445,1,12.0,3.969492073,37.120492072999994,8.96,155.28571428571428,"South Korea, KR",0.9961498,35050682
2026-10-07T12:53:58.159253+00:00,vast.ai,marketplace,RTX 3070 Ti,0.10712962962962963,1,8.0,17.332492073,161.791492073,15.65,754.0,"New Jersey, US",0.9966344,54425112
2026-10-07T12:53:58.159253+00:00,vast.ai,marketplace,RTX 3060 Ti,0.10712962962962963,1,8.0,12.761492073,119.124492073,15.54,123.0,"Argentina, AR",0.9926454,53606754
2026-10-07T12:53:58.159253+00:00,vast.ai,marketplace,RTX 3060,0.10731481481481482,1,12.0,12.685492073,118.212492073,62.91,1381.5,"Quebec, CA",0.9954482,53879548
2026-10-07T12:53:58.159253+00:00,vast.ai,marketplace,RTX A4000,0.10805555555555556,1,15.99,21.173492073,195.954492073,17.95,360.1565412847073,"Michigan, US",0.9833661,46301468
2026-10-07T12:53:58.159253+00:00,vast.ai,marketplace,RTX 2060,0.10805555555555556,1,12.0,3.941492073,36.47749207299999,10.46,233.9,"South Korea, KR",0.9959328,49698947
2026-10-07T12:53:58.159253+00:00,vast.ai,marketplace,RTX 3080,0.10805555555555556,1,10.0,25.467492073,235.691492073,15.67,330.6,"South Korea, KR",0.9965175,45173971
2026-10-07T12:53:58.159253+00:00,vast.ai,marketplace,RTX 3080,0.10805555555555556,1,10.0,24.926492073,230.686492073,15.58,201.33333333333331,"Utah, US",0.9961881,50102832
2026-10-07T12:53:58.159253+00:00,vast.ai,marketplace,RTX 3080,0.10805555555555556,1,10.0,26.961492073,249.511492073,7.59,137.3,"South Korea, KR",0.9980529,48452986
2026-10-07T12:53:58.159253+00:00,vast.ai,marketplace,RTX 3080,0.10805555555555556,1,10.0,27.106492073000002,250.86049207300002,15.51,129.0,"South Korea, KR",0.9848379,53447819
2026-10-07T12:53:58.159253+00:00,vast.ai,marketplace,RTX 3080,0.10805555555555556,1,10.0,26.953492073,249.436492073,15.45,152.0,"South Korea, KR",0.9851352,52607064
2026-10-07T12:53:58.159253+00:00,vast.ai,marketplace,RTX 3080,0.10851851851851853,1,10.0,26.961492073,248.446492073,125.89,325.0,"Washington, US",0.9980561,34190996
2026-10-07T12:53:58.159253+00:00,vast.ai,marketplace,RTX 4060 Ti,0.10851851851851853,1,16.0,22.651492073,208.733492073,20.88,202.0,"Ohio, US",0.9755002,51630298
2026-10-07T12:53:58.159253+00:00,vast.ai,marketplace,RTX A4000,0.10898148148148148,1,15.99,21.181492073,194.363492073,47.22,361.7125,"Estonia, EE",0.9912504,51587987
2026-10-07T12:53:58.159253+00:00,vast.ai,marketplace,RTX A4000,0.10898148148148148,1,15.99,21.189492073,194.436492073,62.89,521.0,"Michigan, US",0.9958527,50186808
2026-10-07T12:53:58.159253+00:00,vast.ai,marketplace,Tesla V100,0.10898148148148148,1,16.0,20.174492073,185.114492073,43.19,699.0,"Texas, US",0.9752734,30970801
2026-10-07T12:53:58.159253+00:00,vast.ai,marketplace,RTX 3070,0.10898148148148148,1,8.0,16.280492073,149.387492073,125.88,264.725,"Norway, NO",0.9967069,50375418
2026-10-07T12:53:58.159253+00:00,vast.ai,marketplace,RTX 3060,0.10898148148148148,1,12.0,12.475492073,114.475492073,31.46,158.25,"Norway, NO",0.9932391,51941434
2026-10-07T12:53:58.159253+00:00,vast.ai,marketplace,RTX A2000,0.10898148148148148,1,5.99,8.576492073,78.697492073,62.89,720.0,"Norway, NO",0.997275,29318075
2026-10-07T12:53:58.159253+00:00,vast.ai,marketplace,RTX 3060 Ti,0.10898148148148148,1,8.0,13.777492073,126.42449207300001,31.28,271.0,"Colorado, US",0.9875917,53733018
2026-10-07T12:53:58.159253+00:00,vast.ai,marketplace,RTX A4000,0.10944444444444446,1,15.99,21.188492073,193.599492073,31.29,790.0,"Spain, ES",0.9976891,44716854
2026-10-07T12:53:58.159253+00:00,vast.ai,marketplace,RTX 5060 Ti,0.11129629629629631,1,15.93,38.341492073,344.502492073,31.28,285.0,"Ontario, CA",0.9532867,53903141
2026-10-07T12:53:58.159253+00:00,vast.ai,marketplace,RTX 4060 Ti,0.1126851851851852,1,16.0,22.541492073,200.035492073,31.47,180.0375,", US",0.9944216,42171803
2026-10-07T12:53:58.159253+00:00,vast.ai,marketplace,RTX 4060 Ti,0.11424444444444444,1,16.0,22.890492073,200.368492073,15.63,322.0,"Romania, RO",0.946772,53307221
2026-10-07T12:53:58.159253+00:00,vast.ai,marketplace,RTX 5060 Ti,0.11611111111111112,1,15.93,38.873492072999994,334.797492073,125.77,738.5,"Florida, US",0.9688151,54326514
2026-10-07T12:53:58.159253+00:00,vast.ai,marketplace,RTX 3060 laptop,0.11785185185185186,1,12.0,12.781492073,108.457492073,15.59,313.35,"New Zealand, NZ",0.99614,51286013
2026-10-07T12:53:58.159253+00:00,vast.ai,marketplace,RTX A4000,0.1213888888888889,1,15.99,20.777492073,171.162492073,15.67,126.90612244897959,"Utah, US",0.9795458,50588422
2026-10-07T12:53:58.159253+00:00,vast.ai,marketplace,RTX A4000,0.1213888888888889,1,15.99,21.193492073,174.589492073,15.66,163.58801997526115,"Utah, US",0.9928596,50591544
2026-10-07T12:53:58.159253+00:00,vast.ai,marketplace,Tesla V100,0.1213888888888889,1,16.0,16.502492073,135.94949207300002,62.86,3360.1,"Quebec, CA",0.9788205,53747993
2026-10-07T12:53:58.159253+00:00,vast.ai,marketplace,RTX 3080 Ti,0.1213888888888889,1,12.0,34.925492072999994,287.71949207299997,31.26,624.0,"Oregon, US",0.9790973,38475407
2026-10-07T12:53:58.159253+00:00,vast.ai,marketplace,RTX 3080 Ti,0.1213888888888889,1,12.0,26.720492073,220.123492073,15.67,201.0,"Taiwan, TW",0.9948217,50375374
2026-10-07T12:53:58.159253+00:00,vast.ai,marketplace,RTX 3070,0.12161688888888889,1,8.0,16.280492073,133.867492073,20.93,95.00000000000001,"Oklahoma, US",0.9912473,53049417
2026-10-07T12:53:58.159253+00:00,vast.ai,marketplace,RTX 5060 Ti,0.12185185185185186,1,15.93,38.818492072999994,318.571492073,38.22,231.0,"Serbia, RS",0.9926774,54022241
2026-10-07T12:53:58.159253+00:00,vast.ai,marketplace,RTX 3070 Ti,0.12231481481481482,1,8.0,18.312492073,149.720492073,31.41,347.25,"Norway, NO",0.9974459,36538839
2026-10-07T12:53:58.159253+00:00,vast.ai,marketplace,RTX 4070S,0.12231481481481482,1,11.99,34.699492072999995,283.689492073,31.44,394.0,"Delaware, US",0.9548827,52238093
2026-10-07T12:53:58.159253+00:00,vast.ai,marketplace,Tesla V100,0.12231481481481482,1,32.0,23.192492073,189.61049207300002,47.02,140.0,"Washington, US",0.9899093,53550289
2026-10-07T12:53:58.159253+00:00,vast.ai,marketplace,RTX 4070 laptop,0.12277777777777779,1,8.0,15.767492073,128.426492073,30.64,122.0,"Romania, RO",0.9712608,53477141
2026-10-07T12:53:58.159253+00:00,vast.ai,marketplace,Tesla V100,0.12277777777777779,1,32.0,23.192492073,188.895492073,39.31,297.32500000000005,"Nevada, US",0.995467,49757630
2026-10-07T12:53:58.159253+00:00,vast.ai,marketplace,RTX A4500,0.12405555555555553,1,19.99,28.337492073,228.426492073,41.88,160.66666666666666,"Czechia, CZ",0.9029212,54552005
2026-10-07T12:53:58.159253+00:00,vast.ai,marketplace,RTX 3080 Ti,0.12538888888888888,1,12.0,27.596492073,220.087492073,50.35,109.98000000000002,"Quebec, CA",0.9993427,52809952
2026-10-07T12:53:58.159253+00:00,vast.ai,marketplace,RTX 4070S,0.12601851851851853,1,11.99,19.491492073,154.670492073,11.78,151.25,"United States, US",0.9937908,47671302
2026-10-07T12:53:58.159253+00:00,vast.ai,marketplace,RTX 4060 Ti,0.12662962962962965,1,16.0,12.703492073,100.316492073,31.45,108.60000000000001,"Quebec, CA",0.9990941,54049433
2026-10-07T12:53:58.159253+00:00,vast.ai,marketplace,RTX 3080 Ti,0.12672222222222224,1,12.0,33.928492072999994,267.737492073,31.44,30.724999999999994,"Quebec, CA",0.9949693,53646366
2026-10-07T12:53:58.159253+00:00,vast.ai,marketplace,RTX 5060 Ti,0.12685185185185185,1,7.96,30.135492073,237.564492073,29.96,579.0,"India, IN",0.9485276,48558068
2026-10-07T12:53:58.159253+00:00,vast.ai,marketplace,RTX 5060 Ti,0.12685185185185185,1,15.93,38.440492072999994,303.031492073,29.96,597.0,"India, IN",0.993579,51103810
2026-10-07T12:53:58.159253+00:00,vast.ai,marketplace,RTX 3080 Ti,0.1273148148148148,1,12.0,34.430492072999996,270.434492073,15.68,147.5,"Germany, DE",0.9721702,54200298
2026-10-07T12:53:58.159253+00:00,vast.ai,marketplace,RTX 3080 Ti,0.1273148148148148,1,12.0,32.673492073,256.634492073,11.7,84.0,"Poland, PL",0.9947516,51796616
2026-10-07T12:53:58.159253+00:00,vast.ai,marketplace,RTX 3080 Ti,0.12805555555555553,1,12.0,27.500492073,214.757492073,37.72,247.4,"Quebec, CA",0.999281,54119497
2026-10-07T12:53:58.159253+00:00,vast.ai,marketplace,RTX 4060 Ti,0.12937962962962962,1,16.0,22.444492073,173.477492073,62.86,343.95,"Pennsylvania, US",0.9903765,52678380
2026-10-07T12:53:58.159253+00:00,vast.ai,marketplace,RTX 5060 Ti,0.13025925925925924,1,15.93,38.859492073,298.326492073,15.7,309.25351498144596,"British Columbia, CA",0.9913781,46481729
2026-10-07T12:53:58.159253+00:00,vast.ai,marketplace,RTX 5060 Ti,0.1333888888888889,1,15.93,38.382492072999995,287.75149207299995,26.79,601.0,"Florida, US",0.9936665,50126147
2026-10-07T12:53:58.159253+00:00,vast.ai,marketplace,RTX 3060,0.13425925925925924,1,12.0,12.266492073,91.36149207300001,251.98,1078.6193191511277,"Norway, NO",0.9941104,54533024
2026-10-07T12:53:58.159253+00:00,vast.ai,marketplace,RTX 4060,0.13472222222222222,1,8.0,15.942492073,118.333492073,31.18,636.0,"Mexico, MX",0.994771,40179084
2026-10-07T12:53:58.159253+00:00,vast.ai,marketplace,Tesla T4,0.13472222222222222,1,15.0,4.302492073,31.935492073,125.82,531.5,"Pennsylvania, US",0.9883905,50006709
2026-10-07T12:53:58.159253+00:00,vast.ai,marketplace,RTX 3080,0.13472222222222222,1,20.0,34.34949207299999,254.965492073,50.37,223.37104479094796,"Henan, CN",0.9952139,50005208
2026-10-07T12:53:58.159253+00:00,vast.ai,marketplace,RTX 4060 Ti,0.13472222222222222,1,8.0,17.527492073,130.099492073,62.69,296.0,"Kentucky, US",0.9965358,13544719
2026-10-07T12:53:58.159253+00:00,vast.ai,marketplace,RTX 4060 Ti,0.13472222222222222,1,16.0,22.529492073,167.225492073,19.43,286.0,"Kentucky, US",0.9781561,40407013
2026-10-07T12:53:58.159253+00:00,vast.ai,marketplace,RTX 4060 Ti,0.13472222222222222,1,16.0,22.522492073,167.18149207300002,31.18,287.0,"Kentucky, US",0.9949089,53613031
2026-10-07T12:53:58.159253+00:00,vast.ai,marketplace,RTX A2000,0.13564814814814816,1,5.99,8.576492073,63.226492072999996,125.78,1507.0,"Norway, NO",0.997747,52457955
2026-10-07T12:53:58.159253+00:00,vast.ai,marketplace,RTX 3080,0.13564814814814816,1,10.0,27.112492073,199.876492073,15.53,120.0,"Austria, AT",0.9894298,54003341
2026-10-07T12:53:58.159253+00:00,vast.ai,marketplace,RTX 3080,0.13564814814814816,1,10.0,25.829492073,190.416492073,15.57,312.0,"Austria, AT",0.997121,52953027
2026-10-07T12:53:58.159253+00:00,vast.ai,marketplace,RTX 4070,0.1361111111111111,1,11.99,33.737492073,247.869492073,20.96,94.65,"Washington, US",0.999316,16213981
2026-10-07T12:53:58.159253+00:00,vast.ai,marketplace,RTX 5060 Ti,0.13796296296296295,1,15.93,38.403492072999995,278.35949207299996,31.4,769.0,"Illinois, US",0.9991014,51078118
2026-10-07T12:53:58.159253+00:00,vast.ai,marketplace,RTX 5060 Ti,0.13796296296296295,1,15.93,38.517492073,279.187492073,31.3,320.0,"Texas, US",0.9952812,52793773
2026-10-07T12:53:58.159253+00:00,vast.ai,marketplace,RTX 5060 Ti,0.13796296296296295,1,15.93,38.382492072999995,278.21049207299995,31.32,637.0,"Texas, US",0.9962977,52793692
2026-10-07T12:53:58.159253+00:00,vast.ai,marketplace,RTX 5060 Ti,0.13796296296296295,1,15.93,38.382492072999995,278.21049207299995,31.31,694.0,"Illinois, US",0.9920294,50807227
2026-10-07T12:53:58.159253+00:00,vast.ai,marketplace,RTX 4060 Ti,0.13907848992592592,1,16.0,22.636492073,162.759492073,23.57,153.25,"California, US",0.9679858,52442694
2026-10-07T12:53:58.159253+00:00,vast.ai,marketplace,RTX 3090,0.13935185185185184,1,24.0,44.364492072999994,318.36449207299995,31.47,115.0375,"United States, US",0.9824542,52692616
2026-10-07T12:53:58.159253+00:00,vast.ai,marketplace,RTX 3090,0.13935185185185184,1,24.0,44.366492072999996,318.374492073,53.96,268.85714285714283,"United States, US",0.9812434,48317511
2026-10-07T12:53:58.159253+00:00,vast.ai,marketplace,RTX 3090,0.13935185185185184,1,24.0,44.366492072999996,318.374492073,47.19,632.25,"United States, US",0.9887451,41028912
2026-10-07T12:53:58.159253+00:00,vast.ai,marketplace,RTX 3090,0.13935185185185184,1,24.0,43.335492073,310.982492073,23.59,300.00000000000006,"United States, US",0.9791482,43751730
2026-10-07T12:53:58.159253+00:00,vast.ai,marketplace,RTX 3080,0.14585185185185184,1,10.0,20.156492073,138.201492073,10.4,155.66666666666666,"Spain, ES",0.992141,50715181
2026-10-07T12:53:58.159253+00:00,vast.ai,marketplace,RTX 3080,0.14759259259259258,1,10.0,27.138492073000002,183.873492073,31.25,795.0,"Argentina, AR",0.9981515,29430929
2026-10-07T12:53:58.159253+00:00,vast.ai,marketplace,RTX 5060 Ti,0.14759259259259258,1,15.93,38.430492072999996,260.382492073,23.53,76.5,"Bulgaria, BG",0.9928659,46881312
2026-10-07T12:53:58.159253+00:00,vast.ai,marketplace,RTX 5060 Ti,0.14782407407407408,1,15.93,38.369492072999996,259.559492073,23.38,489.0,"New Jersey, US",0.9959742,53274772
2026-10-07T12:53:58.159253+00:00,vast.ai,marketplace,RTX 5060 Ti,0.14782407407407408,1,15.93,38.382492072999995,259.651492073,31.25,591.0,"New Jersey, US",0.9979008,45234936
2026-10-07T12:53:58.159253+00:00,vast.ai,marketplace,RTX 3090,0.14805555555555555,1,24.0,44.608492072999994,301.29449207299996,47.19,291.30000000000007,"California, US",0.9900961,50388499
2026-10-07T12:53:58.159253+00:00,vast.ai,marketplace,RTX A4000,0.14805555555555555,1,15.99,21.194492073,143.154492073,62.87,283.4,"Massachusetts, US",0.9817247,51648677
2026-10-07T12:53:58.159253+00:00,vast.ai,marketplace,Titan V,0.14805555555555555,1,12.0,21.928492073,148.11049207300002,15.59,377.5,"South Korea, KR",0.9970192,52709206
2026-10-07T12:53:58.159253+00:00,vast.ai,marketplace,RTX 3080,0.14805555555555555,1,10.0,26.961492073,182.101492073,15.5,332.0,"Austria, AT",0.9935734,50662269
2026-10-07T12:53:58.159253+00:00,vast.ai,marketplace,RTX 3080,0.14805555555555555,1,10.0,26.974492073,182.191492073,15.52,726.0,"Austria, AT",0.9978801,50569051
2026-10-07T12:53:58.159253+00:00,vast.ai,marketplace,RTX 3060 Ti,0.14805555555555555,1,8.0,13.860492073,93.618492073,110.12,65.0,"Massachusetts, US",0.9901402,46460414
2026-10-07T12:53:58.159253+00:00,vast.ai,marketplace,RTX 3060 Ti,0.14805555555555555,1,8.0,13.932492073,94.106492073,94.31,148.5,"Massachusetts, US",0.9917793,47798927
2026-10-07T12:53:58.159253+00:00,vast.ai,marketplace,RTX 3080,0.14805555555555555,1,10.0,28.111492073,189.871492073,27.52,355.24534173171264,"Norway, NO",0.9936117,44685299
2026-10-07T12:53:58.159253+00:00,vast.ai,marketplace,RTX 5070 Ti,0.14805555555555555,1,15.92,51.526492073,348.02249207299997,15.66,76.75,"South Korea, KR",0.9925884,38751996
2026-10-07T12:53:58.159253+00:00,vast.ai,marketplace,RTX 5070 Ti,0.14805555555555555,1,15.92,55.207492073,372.88349207299996,15.66,215.0,"South Korea, KR",0.9933849,38752089
2026-10-07T12:53:58.159253+00:00,vast.ai,marketplace,RTX 5070 Ti,0.14805555555555555,1,15.92,48.679492073,328.79249207299995,15.67,47.25,"South Korea, KR",0.9964813,38752050
2026-10-07T12:53:58.159253+00:00,vast.ai,marketplace,RTX 5060 Ti,0.14805555555555555,1,15.93,38.403492072999995,259.384492073,30.38,373.75,"Switzerland, CH",0.9963828,53186327
2026-10-07T12:53:58.159253+00:00,vast.ai,marketplace,RTX 5060 Ti,0.14805555555555555,1,15.93,38.334492073,258.922492073,31.45,312.45,"Switzerland, CH",0.9918119,53186465
2026-10-07T12:53:58.159253+00:00,vast.ai,marketplace,RTX 5060 Ti,0.14805555555555555,1,15.93,38.85249207299999,262.420492073,31.46,328.8518478560869,"Connecticut, US",0.9949698,49816738
2026-10-07T12:53:58.159253+00:00,vast.ai,marketplace,RTX 3080 Ti,0.14851851851851852,1,12.0,33.953492073,228.612492073,31.32,270.5,"Quebec, CA",0.9967578,50115909
2026-10-07T12:53:58.159253+00:00,vast.ai,marketplace,RTX 5060 Ti,0.14851851851851852,1,15.93,38.425492072999994,258.72749207299995,31.24,385.75,"Ontario, CA",0.9919641,53762171
2026-10-07T12:53:58.159253+00:00,vast.ai,marketplace,RTX 3080 Ti,0.14905925925925925,1,12.0,33.965492073,227.865492073,31.34,290.8,"Spain, ES",0.9947884,54292670
2026-10-07T12:53:58.159253+00:00,vast.ai,marketplace,RTX 3080,0.15047222222222223,1,10.0,24.550492073,163.158492073,15.66,34.5,"France, FR",0.9901041,54447451
2026-10-07T12:53:58.159253+00:00,vast.ai,marketplace,RTX 5060 Ti,0.1512962962962963,1,15.93,38.382492072999995,253.692492073,31.26,694.0,"Illinois, US",0.981526,51526997
2026-10-07T12:53:58.159253+00:00,vast.ai,marketplace,RTX 3090,0.15268518518518517,1,24.0,44.368492073,290.589492073,31.47,145.4125,"California, US",0.9966167,44579224
2026-10-07T12:53:58.159253+00:00,vast.ai,marketplace,RTX 3090,0.15268518518518517,1,24.0,44.366492072999996,290.571492073,31.47,124.1625,"United States, US",0.9773961,42492585
2026-10-07T12:53:58.159253+00:00,vast.ai,marketplace,RTX 3090,0.15268518518518517,1,24.0,44.350492073,290.468492073,31.26,1467.0,"California, US",0.9848937,52883234
2026-10-07T12:53:58.159253+00:00,vast.ai,marketplace,RTX 3090,0.15268518518518517,1,24.0,44.318492072999994,290.261492073,31.46,385.0,"United States, US",0.9851633,44375066
2026-10-07T12:53:58.159253+00:00,vast.ai,marketplace,RTX 4070 Ti,0.15472222222222223,1,11.99,35.764492073,231.15149207300001,62.72,725.0,"Montana, US",0.9976577,47126439
2026-10-07T12:53:58.159253+00:00,vast.ai,marketplace,RTX 5060 Ti,0.1587222222222222,1,15.93,38.41649207299999,242.03849207300001,31.12,587.0,"Spain, ES",0.9960339,49924893
2026-10-07T12:53:58.159253+00:00,vast.ai,marketplace,RTX 3090,0.16092592592592592,1,24.0,42.610492072999996,264.786492073,30.3,449.0,"Spain, ES",0.940541,47865397
2026-10-07T12:53:58.159253+00:00,vast.ai,marketplace,RTX 3080 Ti,0.16092592592592592,1,12.0,34.709492073,215.685492073,62.5,3251.6,"Texas, US",0.990314,54490392
2026-10-07T12:53:58.159253+00:00,vast.ai,marketplace,RTX 3080 Ti,0.16092592592592592,1,12.0,33.970492072999996,211.094492073,125.51,1675.8,"Texas, US",0.9848647,54556507
2026-10-07T12:53:58.159253+00:00,vast.ai,marketplace,RTX 5060 Ti,0.16092592592592592,1,15.93,38.382492072999995,238.512492073,62.69,3397.5,"Maryland, US",0.9072258,54581412
2026-10-07T12:53:58.159253+00:00,vast.ai,marketplace,RTX 3080,0.16111111111111112,1,10.0,26.961492073,167.344492073,15.5,328.0,"Bulgaria, BG",0.9936558,47726937
2026-10-07T12:53:58.159253+00:00,vast.ai,marketplace,RTX A4000,0.1613888888888889,1,15.99,21.196492073,131.337492073,125.78,751.5,"Japan, JP",0.9882049,48607918
2026-10-07T12:53:58.159253+00:00,vast.ai,marketplace,Titan V,0.1613888888888889,1,12.0,21.927492073,135.869492073,15.59,372.5,"South Korea, KR",0.9979736,50869995
2026-10-07T12:53:58.159253+00:00,vast.ai,marketplace,RTX 4060 Ti,0.1613888888888889,1,8.0,18.002492073,111.547492073,31.18,659.0,"Mexico, MX",0.9971142,54254159
2026-10-07T12:53:58.159253+00:00,vast.ai,marketplace,RTX 4060 Ti,0.1613888888888889,1,16.0,22.608492073,140.088492073,31.27,331.0,"Kentucky, US",0.9936421,30829053
2026-10-07T12:53:58.159253+00:00,vast.ai,marketplace,RTX 5060 Ti,0.1613888888888889,1,15.93,38.545492073,238.833492073,30.81,207.0,"France, FR",0.9976784,45637386
2026-10-07T12:53:58.159253+00:00,vast.ai,marketplace,RTX 5060 Ti,0.1613888888888889,1,15.93,38.369492072999996,237.743492073,62.82,650.5,"Ukraine, UA",0.9974918,47065425
2026-10-07T12:53:58.159253+00:00,vast.ai,marketplace,RTX 5060 Ti,0.1613888888888889,1,15.93,38.423492073,238.081492073,62.72,174.0,"South Africa, ZA",0.9927443,53576983
2026-10-07T12:53:58.159253+00:00,vast.ai,marketplace,RTX 3080,0.16185185185185186,1,10.0,27.110492073,167.504492073,15.55,335.0,"Austria, AT",0.9824261,52468283
2026-10-07T12:53:58.159253+00:00,vast.ai,marketplace,RTX 5060 Ti,0.16185185185185186,1,15.93,38.375492073,237.105492073,125.96,492.0,"United Kingdom, GB",0.9958897,49733338
2026-10-07T12:53:58.159253+00:00,vast.ai,marketplace,RTX 3090,0.16231481481481483,1,24.0,44.604492072999996,274.800492073,28.26,459.6,"Estonia, EE",0.9855579,50893102
2026-10-07T12:53:58.159253+00:00,vast.ai,marketplace,RTX 4070 Ti,0.16231481481481483,1,11.99,35.594492073,219.292492073,31.44,734.375,"Delaware, US",0.9934593,50258855
2026-10-07T12:53:58.159253+00:00,vast.ai,marketplace,RTX 3060 Ti,0.16231481481481483,1,8.0,13.774492073,84.862492073,62.96,355.8373830306224,"Norway, NO",0.9928588,53038583
2026-10-07T12:53:58.159253+00:00,vast.ai,marketplace,RTX 4060 Ti,0.16231481481481483,1,16.0,22.522492073,138.761492073,31.35,1589.85,"Texas, US",0.9965399,54228368
2026-10-07T12:53:58.159253+00:00,vast.ai,marketplace,RTX 5060 Ti,0.16231481481481483,1,15.93,38.362492073,236.345492073,41.89,545.3333333333333,"France, FR",0.9803663,52554316
2026-10-07T12:53:58.159253+00:00,vast.ai,marketplace,RTX 3090,0.16277777777777777,1,24.0,47.184492072999994,289.870492073,46.79,491.0,"Pakistan, PK",0.9962174,54580915
2026-10-07T12:53:58.159253+00:00,vast.ai,marketplace,GTX 1660 Ti,0.16277777777777777,1,6.0,2.5274920730000003,15.524492073,31.23,143.0,"Florida, US",0.9905195,54643409
2026-10-07T12:53:58.159253+00:00,vast.ai,marketplace,RTX 3090,0.1660185185185185,1,24.0,43.386492073,261.334492073,19.66,311.671865926223,"California, US",0.9935691,44527587
2026-10-07T12:53:58.159253+00:00,vast.ai,marketplace,RTX 3090,0.16672222222222222,1,24.0,34.78549207299999,208.646492073,50.35,167.3346554166154,"Quebec, CA",0.9771155,53493694
2026-10-07T12:53:58.159253+00:00,vast.ai,marketplace,Tesla T4,0.16749999999999998,1,16.0,4.400492073000001,26.272492073,125.93,3039.5,"Norway, NO",0.9978254,41364915
2026-10-07T12:53:58.159253+00:00,vast.ai,marketplace,RTX 3080 Ti,0.16759259259259257,1,12.0,33.883492073,202.177492073,15.54,1069.0,"Japan, JP",0.9979214,46117025
2026-10-07T12:53:58.159253+00:00,vast.ai,marketplace,RTX 5060 Ti,0.16759259259259257,1,15.93,38.375492073,228.983492073,31.44,146.875,"Australia, AU",0.9977222,54073763
2026-10-07T12:53:58.159253+00:00,vast.ai,marketplace,RTX 3090,0.16805555555555554,1,24.0,44.805492072999996,266.610492073,25.15,75.4,"Quebec, CA",0.9701691,49607479
2026-10-07T12:53:58.159253+00:00,vast.ai,marketplace,RTX 3080,0.16805555555555554,1,10.0,26.960492073,160.423492073,31.14,85.0,"Argentina, AR",0.9881403,45863091
2026-10-07T12:53:58.159253+00:00,vast.ai,marketplace,RTX 5060 Ti,0.16805555555555554,1,15.93,38.894492072999995,231.438492073,62.72,728.0,"Ontario, CA",0.9988548,51229108
2026-10-07T12:53:58.159253+00:00,vast.ai,marketplace,RTX 4000Ada,0.17435185185185187,1,20.0,31.364492073,179.891492073,31.39,308.5,"Romania, RO",0.9938281,54428202
2026-10-07T12:53:58.159253+00:00,vast.ai,marketplace,RTX 3070,0.17472222222222222,1,8.0,16.280492073,93.179492073,10.42,241.66666666666666,"France, FR",0.9982601,51557329
2026-10-07T12:53:58.159253+00:00,vast.ai,marketplace,RTX 3070 Ti,0.17472222222222222,1,8.0,18.209492073,104.217492073,62.57,247.0,"Massachusetts, US",0.9943569,44162569
2026-10-07T12:53:58.159253+00:00,vast.ai,marketplace,RTX 4000Ada,0.17472222222222222,1,20.0,31.392492073,179.670492073,62.85,320.0,"Norway, NO",0.9935225,54522803
2026-10-07T12:53:58.159253+00:00,vast.ai,marketplace,RTX 3080,0.17472222222222222,1,10.0,27.142492073,155.344492073,15.54,376.4,"Switzerland, CH",0.9750928,51928957
2026-10-07T12:53:58.159253+00:00,vast.ai,marketplace,RTX 3080 Ti,0.17472222222222222,1,12.0,33.967492072999995,194.408492073,36.64,530.0,"Quebec, CA",0.9980066,44116402
2026-10-07T12:53:58.159253+00:00,vast.ai,marketplace,RTX 5060 Ti,0.17472222222222222,1,15.93,38.510492072999995,220.411492073,15.55,38.0,"Spain, ES",0.995906,43384717
2026-10-07T12:53:58.159253+00:00,vast.ai,marketplace,RTX 4070 Ti,0.1751851851851852,1,11.99,35.545492073,202.899492073,31.26,636.0,"Ireland, IE",0.9977278,50049136
2026-10-07T12:53:58.159253+00:00,vast.ai,marketplace,RTX 3080 Ti,0.17529629629629628,1,12.0,34.523492073,196.94349207300002,62.66,680.0,"Pennsylvania, US",0.9872818,54508769
2026-10-07T12:53:58.159253+00:00,vast.ai,marketplace,RTX 3090,0.17587962962962964,1,24.0,44.576492073,253.447492073,31.33,244.5,"Quebec, CA",0.9920192,47131221
2026-10-07T12:53:58.159253+00:00,vast.ai,marketplace,RTX 3090,0.17587962962962964,1,24.0,41.186492073,234.17549207300002,31.34,315.0,"Quebec, CA",0.9924576,49745114
2026-10-07T12:53:58.159253+00:00,vast.ai,marketplace,RTX 3080 Ti,0.1761111111111111,1,12.0,33.970492072999996,192.893492073,62.84,849.15,"Thailand, TH",0.9925128,54225171
2026-10-07T12:53:58.159253+00:00,vast.ai,marketplace,RTX 5060 Ti,0.1773888888888889,1,15.93,38.517492073,217.136492073,55.07,225.75,"Germany, DE",0.9833071,44053836
2026-10-07T12:53:58.159253+00:00,vast.ai,marketplace,RTX 5060 Ti,0.1773888888888889,1,15.93,38.880492073,219.183492073,62.94,265.4451832593483,"Germany, DE",0.9976857,44053744
2026-10-07T12:53:58.159253+00:00,vast.ai,marketplace,RTX 5060 Ti,0.1773888888888889,1,15.93,38.943492072999994,219.535492073,62.94,330.88190299434245,"Germany, DE",0.9934123,48190497
2026-10-07T12:53:58.159253+00:00,vast.ai,marketplace,RTX 3070,0.18672222222222223,1,8.0,16.281492073,87.197492073,188.63,1830.3,"Quebec, CA",0.9984825,54534174
2026-10-07T12:53:58.159253+00:00,vast.ai,marketplace,RTX 4000Ada,0.1877777777777778,1,20.0,31.308492073,166.731492073,41.88,558.5999999999999,"Romania, RO",0.9685429,53673198
2026-10-07T12:53:58.159253+00:00,vast.ai,marketplace,RTX 3090,0.18805555555555556,1,24.0,44.844492073,238.463492073,50.31,237.8,"Croatia, HR",0.997086,53689312
2026-10-07T12:53:58.159253+00:00,vast.ai,marketplace,RTX 3090,0.18805555555555556,1,24.0,44.363492072999996,235.905492073,125.88,104.5,"Thailand, TH",0.9716633,51567301
2026-10-07T12:53:58.159253+00:00,vast.ai,marketplace,RTX 3090,0.18805555555555556,1,24.0,44.356492073,235.870492073,62.75,718.0,"Ontario, CA",0.9856475,54537980
2026-10-07T12:53:58.159253+00:00,vast.ai,marketplace,RTX 4000Ada,0.18805555555555556,1,20.0,31.392492073,166.93149207300002,62.39,467.0,"Switzerland, CH",0.9944597,54640011
2026-10-07T12:53:58.159253+00:00,vast.ai,marketplace,RTX 4060 Ti,0.18805555555555556,1,16.0,22.930492073,121.93349207300001,62.87,1595.025,"Utah, US",0.9966125,49992673
2026-10-07T12:53:58.159253+00:00,vast.ai,marketplace,RTX 3080,0.18811111111111112,1,10.0,26.960492073,143.319492073,31.26,777.0,"Argentina, AR",0.997579,29430973
2026-10-07T12:53:58.159253+00:00,vast.ai,marketplace,RTX 3090,0.18851851851851853,1,24.0,44.334492073,235.172492073,31.37,614.25,"Utah, US",0.9983318,11087702
2026-10-07T12:53:58.159253+00:00,vast.ai,marketplace,RTX 3090,0.18938888888888886,1,24.0,44.600492073,235.495492073,31.22,1005.0,"Poland, PL",0.9961963,54628836
2026-10-07T12:53:58.159253+00:00,vast.ai,marketplace,RTX 5060 Ti,0.18938888888888886,1,15.93,38.403492072999995,202.774492073,31.2,1635.0,"Maryland, US",0.9962622,42458622
2026-10-07T12:53:58.159253+00:00,vast.ai,marketplace,RTX 4070S Ti,0.19268518518518518,1,15.99,51.490492073,267.22449207299996,19.6,285.5,"United States, US",0.9936582,50022960
2026-10-07T12:53:58.159253+00:00,vast.ai,marketplace,RTX 5070,0.1938888888888889,1,11.94,50.191492073,258.865492073,62.97,1313.625,"Quebec, CA",0.9755606,49696717
2026-10-07T12:53:58.159253+00:00,vast.ai,marketplace,RTX 3070,0.19455155555555556,1,8.0,16.714492073,85.91249207300001,15.61,318.0,"Oklahoma, US",0.9679469,52610192
2026-10-07T12:53:58.159253+00:00,vast.ai,marketplace,RTX 3090,0.1947222222222222,1,24.0,44.60549207299999,229.072492073,25.13,245.20000000000002,"Poland, PL",0.9330604,54621656
2026-10-07T12:53:58.159253+00:00,vast.ai,marketplace,RTX 4080S,0.19489814814814813,1,15.99,55.658492073,285.57849207299995,30.5,1018.0,"Pennsylvania, US",0.9964251,51496085
2026-10-07T12:53:58.159253+00:00,vast.ai,marketplace,RTX 3090 Ti,0.19518518518518518,1,23.99,46.194492073,236.668492073,62.81,496.0,"Vietnam, VN",0.9922537,53518048
2026-10-07T12:53:58.159253+00:00,vast.ai,marketplace,RTX 3090,0.1965185185185185,1,24.0,44.250492073,225.171492073,31.36,301.5,"Norway, NO",0.9990067,54519435
2026-10-07T12:53:58.159253+00:00,vast.ai,marketplace,RTX 4060 Ti,0.1969259259259259,1,16.0,22.529492073,114.40349207300001,46.99,751.5,"Japan, JP",0.9957464,50710714
2026-10-07T12:53:58.159253+00:00,vast.ai,marketplace,RTX 4000Ada,0.20046296296296295,1,20.0,31.371492073,156.495492073,187.61,636.0,"Finland, FI",0.9762207,52802442
2026-10-07T12:53:58.159253+00:00,vast.ai,marketplace,RTX 3060,0.20055555555555554,1,12.0,10.955492073,54.625492073,125.88,4469.685875944516,"Quebec, CA",0.9938819,54435093
2026-10-07T12:53:58.159253+00:00,vast.ai,marketplace,RTX 3060,0.20055555555555554,1,12.0,12.478492073,62.217492072999995,251.87,1785.0,"Quebec, CA",0.9946784,54502206
2026-10-07T12:53:58.159253+00:00,vast.ai,marketplace,RTX 3080,0.2009259259259259,1,10.0,26.536492073,132.069492073,15.66,198.5,"Taiwan, TW",0.9993805,36729000
2026-10-07T12:53:58.159253+00:00,vast.ai,marketplace,RTX 4060 Ti,0.2012037037037037,1,16.0,22.535492073,112.00149207300001,125.88,739.0,"Norway, NO",0.9824507,47588727
2026-10-07T12:53:58.159253+00:00,vast.ai,marketplace,RTX 3090,0.20138888888888887,1,24.0,43.422492072999994,215.613492073,23.57,168.75,"Chile, CL",0.8982291,54311339
2026-10-07T12:53:58.159253+00:00,vast.ai,marketplace,RTX 3090,0.20138888888888887,1,24.0,44.330492072999995,220.123492073,31.46,320.625,", CN",0.9977025,45174332
2026-10-07T12:53:58.159253+00:00,vast.ai,marketplace,RTX A5000,0.20138888888888887,1,23.99,34.919492072999994,173.392492073,62.39,273.0,"Quebec, CA",0.9595522,54032121
2026-10-07T12:53:58.159253+00:00,vast.ai,marketplace,RTX 3070,0.20138888888888887,1,8.0,16.279492073,80.835492073,251.87,1397.5,"Quebec, CA",0.9985132,54557438
2026-10-07T12:53:58.159253+00:00,vast.ai,marketplace,RTX 4000Ada,0.20138888888888887,1,20.0,26.894492073,133.543492073,62.73,1622.0,"Arizona, US",0.9975134,51454432
2026-10-07T12:53:58.159253+00:00,vast.ai,marketplace,RTX 4000Ada,0.20138888888888887,1,20.0,31.301492073,155.428492073,62.88,268.75,"France, FR",0.9689109,54111172
2026-10-07T12:53:58.159253+00:00,vast.ai,marketplace,RTX 3090 Ti,0.20138888888888887,1,23.99,46.183492073,229.322492073,26.16,136.31651481511182,"United Kingdom, GB",0.9911499,42882255
2026-10-07T12:53:58.159253+00:00,vast.ai,marketplace,RTX 3080,0.20138888888888887,1,10.0,27.111492073,134.624492073,31.32,415.0,"Taiwan, TW",0.9992702,35966568
2026-10-07T12:53:58.159253+00:00,vast.ai,marketplace,RTX 3080,0.20138888888888887,1,10.0,27.005492073,134.097492073,15.59,387.0,"Taiwan, TW",0.9914094,50519288
2026-10-07T12:53:58.159253+00:00,vast.ai,marketplace,RTX 5060 Ti,0.20138888888888887,1,15.93,38.382492072999995,190.590492073,15.59,306.5,"South Korea, KR",0.9985249,51204021
2026-10-07T12:53:58.159253+00:00,vast.ai,marketplace,RTX 5070 Ti,0.20185185185185184,1,15.92,75.90649207300001,376.050492073,62.63,608.0,"South Korea, KR",0.9822508,54462632
2026-10-07T12:53:58.159253+00:00,vast.ai,marketplace,RTX 5060 Ti,0.2023148148148148,1,15.93,38.389492073,189.751492073,47.04,1670.85,"Texas, US",0.9966789,54228208
2026-10-07T12:53:58.159253+00:00,vast.ai,marketplace,RTX PRO 4000,0.2023148148148148,1,23.89,65.692492073,324.70349207299995,62.91,237.75,"Utah, US",0.9907787,47510354
2026-10-07T12:53:58.159253+00:00,vast.ai,marketplace,RTX 5080,0.2060185185185185,1,15.92,83.711492073,406.33049207299996,31.46,148.78750000000002,"United States, US",0.9899529,53525973
2026-10-07T12:53:58.159253+00:00,vast.ai,marketplace,Tesla V100,0.20694444444444443,1,32.0,25.713492073,124.25149207300001,125.81,751.75,"Bulgaria, BG",0.9783006,21161536
2026-10-07T12:53:58.159253+00:00,vast.ai,marketplace,RTX 3090,0.2089814814814815,1,24.0,44.364492072999994,212.290492073,62.7,571.4,"Colorado, US",0.9528888,44674804
2026-10-07T12:53:58.159253+00:00,vast.ai,marketplace,Tesla V100,0.20938888888888887,1,32.0,25.713492073,122.800492073,94.14,1153.5,"Minnesota, US",0.998334,46400814
2026-10-07T12:53:58.159253+00:00,vast.ai,marketplace,RTX 5060 Ti,0.21159259259259258,1,15.93,38.880492073,183.752492073,47.09,797.9,"Japan, JP",0.9886883,52971299
2026-10-07T12:53:58.159253+00:00,vast.ai,marketplace,Tesla V100,0.21205555555555555,1,32.0,25.713492073,121.256492073,94.14,957.8753575470059,"Minnesota, US",0.9994696,32302949
2026-10-07T12:53:58.159253+00:00,vast.ai,marketplace,RTX 5060 Ti,0.21212592592592594,1,15.93,38.873492072999994,183.257492073,31.36,837.9,"Japan, JP",0.9633211,52992625
2026-10-07T12:53:58.159253+00:00,vast.ai,marketplace,RTX 5060 Ti,0.21379629629629632,1,15.93,38.41649207299999,179.689492073,125.94,9822.40853629818,"Denmark, DK",0.9953976,54491068
2026-10-07T12:53:58.159253+00:00,vast.ai,marketplace,RTX 3090,0.21472222222222223,1,24.0,44.350492073,206.547492073,22.46,289.1428571428571,"Quebec, CA",0.9472331,51156486
2026-10-07T12:53:58.159253+00:00,vast.ai,marketplace,RTX 3080 Ti,0.21472222222222223,1,12.0,31.765492073,147.93749207300002,15.66,211.5,"Taiwan, TW",0.9995095,49746673
2026-10-07T12:53:58.159253+00:00,vast.ai,marketplace,RTX 3080 Ti,0.21472222222222223,1,12.0,34.522492072999995,160.77649207300001,15.59,367.0,"Taiwan, TW",0.9986167,40734395
2026-10-07T12:53:58.159253+00:00,vast.ai,marketplace,RTX 3080 Ti,0.21472222222222223,1,12.0,34.521492073,160.771492073,15.59,294.0,"Taiwan, TW",0.998232,42962386
2026-10-07T12:53:58.159253+00:00,vast.ai,marketplace,RTX 5070 Ti,0.21472222222222223,1,15.92,61.257492072999995,285.286492073,19.47,51.0,"Singapore, SG",0.9567147,54141430
2026-10-07T12:53:58.159253+00:00,vast.ai,marketplace,RTX 3090,0.2151851851851852,1,24.0,44.649492073,207.492492073,31.46,744.75,"Quebec, CA",0.9979331,29850346
2026-10-07T12:53:58.159253+00:00,vast.ai,marketplace,RTX 3090,0.2151851851851852,1,24.0,44.650492072999995,207.498492073,62.96,317.9,"Quebec, CA",0.971646,30580307
2026-10-07T12:53:58.159253+00:00,vast.ai,marketplace,RTX 4070S Ti,0.2151851851851852,1,15.99,51.010492072999995,237.052492073,62.94,373.6875,"Arizona, US",0.9931345,54598994
2026-10-07T12:53:58.159253+00:00,vast.ai,marketplace,RTX 5070 Ti,0.21564814814814817,1,15.92,75.764492073,351.33549207299995,15.62,262.0,"Ontario, CA",0.9869155,53532029
2026-10-07T12:53:58.159253+00:00,vast.ai,marketplace,RTX 4070S Ti,0.21583333333333335,1,15.99,51.026492073,236.415492073,31.35,1670.85,"Texas, US",0.9922454,54228161
2026-10-07T12:53:58.159253+00:00,vast.ai,marketplace,RTX 3080 Ti,0.21605555555555556,1,12.0,34.522492072999995,159.784492073,62.72,517.0,"Switzerland, CH",0.9806486,54460822
2026-10-07T12:53:58.159253+00:00,vast.ai,marketplace,RTX 3080 Ti,0.21605555555555556,1,12.0,34.522492072999995,159.784492073,30.47,606.0,"Switzerland, CH",0.9321816,54610574
2026-10-07T12:53:58.159253+00:00,vast.ai,marketplace,RTX 3090,0.21611111111111111,1,24.0,44.553492072999994,206.160492073,62.73,364.0,"Arizona, US",0.9843525,53403779
2026-10-07T12:53:58.159253+00:00,vast.ai,marketplace,Tesla V100,0.2188888888888889,1,32.0,25.713492073,117.470492073,94.27,754.0,"Bulgaria, BG",0.9877855,44696064
2026-10-07T12:53:58.159253+00:00,vast.ai,marketplace,RTX 4070S,0.21968219392592592,1,11.99,34.715492073,158.025492073,23.56,400.725,"California, US",0.9421548,54153930
2026-10-07T12:53:58.159253+00:00,vast.ai,marketplace,RTX 4070S,0.21990840325925926,1,11.99,19.283492073,87.690492073,15.68,383.0,"California, US",0.9895766,51485190
2026-10-07T12:53:58.159253+00:00,vast.ai,marketplace,RTX 4080S,0.22138888888888889,1,31.99,71.78749207300001,324.261492073,62.96,235.875,"Japan, JP",0.9961685,46468366
2026-10-07T12:53:58.159253+00:00,vast.ai,marketplace,RTX 4060 Ti,0.2253888888888889,1,16.0,22.529492073,99.956492073,62.89,726.15,"Quebec, CA",0.9981748,49645018
2026-10-07T12:53:58.159253+00:00,vast.ai,marketplace,RTX 3090,0.22672222222222227,1,24.0,44.347492073,195.603492073,31.44,266.875,"Thailand, TH",0.9813347,49290342
2026-10-07T12:53:58.159253+00:00,vast.ai,marketplace,RTX 5070,0.2275925925925926,1,11.94,50.056492072999994,219.93749207300002,62.67,695.0,"Nevada, US",0.9958622,51172652
2026-10-07T12:53:58.159253+00:00,vast.ai,marketplace,RTX 5070 Ti,0.22805555555555557,1,15.92,75.839492073,332.54649207299997,30.81,348.5,"France, FR",0.997982,45298130
2026-10-07T12:53:58.159253+00:00,vast.ai,marketplace,RTX 4080,0.22944444444444445,1,15.99,53.196492072999995,231.849492073,31.21,749.0,"Florida, US",0.9956703,54308059
2026-10-07T12:53:58.159253+00:00,vast.ai,marketplace,RTX A5000,0.23170370370370372,1,23.99,34.915492072999996,150.690492073,100.7,36.800000000000004,"Ireland, IE",0.9983944,9817750
2026-10-07T12:53:58.159253+00:00,vast.ai,marketplace,RTX A5000,0.23205555555555557,1,23.99,35.34949207299999,152.331492073,100.7,27.592,"Romania, RO",0.9984065,13273575
2026-10-07T12:53:58.159253+00:00,vast.ai,marketplace,RTX A5000,0.23205555555555557,1,23.99,34.914492073,150.456492073,100.71,59.64,"Romania, RO",0.9950876,13273598
2026-10-07T12:53:58.159253+00:00,vast.ai,marketplace,RTX A5000,0.23205555555555557,1,23.99,35.137492073,151.418492073,125.88,1465.25,"Romania, RO",0.9986846,19951401
2026-10-07T12:53:58.159253+00:00,vast.ai,marketplace,RTX 3090,0.23385185185185187,1,24.0,44.582492073,190.646492073,31.34,326.0,"Spain, ES",0.9899894,53669939
2026-10-07T12:53:58.159253+00:00,vast.ai,marketplace,RTX 3090,0.23518518518518516,1,24.0,43.824492072999995,186.341492073,31.24,245.0,"Spain, ES",0.9939324,54122362
2026-10-07T12:53:58.159253+00:00,vast.ai,marketplace,RTX 5060 Ti,0.24074074074074076,1,15.93,38.375492073,159.40749207300001,30.2,1525.8,"Minnesota, US",0.9960214,51358361
2026-10-07T12:53:58.159253+00:00,vast.ai,marketplace,RTX 4080,0.24092592592592593,1,15.99,53.167492073,220.680492073,31.21,747.0,"Minnesota, US",0.9064568,54420892
2026-10-07T12:53:58.159253+00:00,vast.ai,marketplace,RTX 4070S,0.24131263925925922,1,11.99,34.731492073,143.926492073,15.7,180.125,"California, US",0.983825,52442787
2026-10-07T12:53:58.159253+00:00,vast.ai,marketplace,RTX 3090,0.2413888888888889,1,24.0,44.371492073,183.816492073,31.4,751.0,"Nevada, US",0.9902568,53433773
2026-10-07T12:53:58.159253+00:00,vast.ai,marketplace,RTX 3090,0.2413888888888889,1,24.0,44.363492072999996,183.783492073,31.41,97.00000000000016,"Nevada, US",0.9755905,53472557
2026-10-07T12:53:58.159253+00:00,vast.ai,marketplace,RTX 3090,0.2413888888888889,1,24.0,44.606492073,184.792492073,27.38,314.0,"Taiwan, TW",0.9989223,47957856
2026-10-07T12:53:58.159253+00:00,vast.ai,marketplace,Titan RTX,0.2413888888888889,1,24.0,12.057492073,49.949492072999995,15.59,352.5,"South Korea, KR",0.9976076,50869877
2026-10-07T12:53:58.159253+00:00,vast.ai,marketplace,Titan RTX,0.2413888888888889,1,24.0,12.057492073,49.949492072999995,31.32,349.0,"South Korea, KR",0.9986549,50736360
2026-10-07T12:53:58.159253+00:00,vast.ai,marketplace,RTX 3090 Ti,0.2413888888888889,1,23.99,46.194492073,191.368492073,46.98,457.0,"Florida, US",0.9970585,48604147
2026-10-07T12:53:58.159253+00:00,vast.ai,marketplace,RTX 3090 Ti,0.2413888888888889,1,23.99,45.461492072999995,188.333492073,31.35,258.40000000000003,"Florida, US",0.9952424,48610462
2026-10-07T12:53:58.159253+00:00,vast.ai,marketplace,RTX 4080,0.2413888888888889,1,15.99,53.179492073,220.305492073,31.23,658.0,"Taiwan, TW",0.9992611,54584463
2026-10-07T12:53:58.159253+00:00,vast.ai,marketplace,RTX 4080,0.2413888888888889,1,15.99,53.109492073,220.017492073,31.33,312.2107425559742,"Nevada, US",0.9950721,51350827
2026-10-07T12:53:58.159253+00:00,vast.ai,marketplace,RTX 5080,0.24185185185185187,1,15.92,83.753492073,346.30149207299996,61.82,129.25,"Serbia, RS",0.992815,51066119
2026-10-07T12:53:58.159253+00:00,vast.ai,marketplace,RTX 4070S Ti,0.24225925925925926,1,15.99,51.212492073,211.396492073,31.18,764.0,"Spain, ES",0.9982505,52090522
2026-10-07T12:53:58.159253+00:00,vast.ai,marketplace,RTX 5080,0.2427777777777778,1,15.92,83.743492073,344.93849207299996,27.5,340.3313777784635,"Utah, US",0.997246,47549798
2026-10-07T12:53:58.159253+00:00,vast.ai,marketplace,RTX 5080,0.24462962962962964,1,15.92,83.86749207300001,342.833492073,61.7,603.5,"France, FR",0.9529433,53677293
2026-10-07T12:53:58.159253+00:00,vast.ai,marketplace,RTX 5070 Ti,0.24462962962962964,1,15.92,75.966492073,310.53749207299995,62.57,1541.0,"Illinois, US",0.9931279,49939692
2026-10-07T12:53:58.159253+00:00,vast.ai,marketplace,RTX 4080,0.24805555555555553,1,15.99,53.144492072999995,214.244492073,31.05,753.0,"Utah, US",0.9947845,54419888
2026-10-07T12:53:58.159253+00:00,vast.ai,marketplace,RTX 4080,0.2539814814814815,1,15.99,53.179492073,209.382492073,62.88,655.9,"Pennsylvania, US",0.9951517,49416072
2026-10-07T12:53:58.159253+00:00,vast.ai,marketplace,RTX 3090,0.25425925925925924,1,24.0,44.356492073,174.45549207300002,31.24,316.8000000000003,"United Arab Emirates, AE",0.9873996,53293154
2026-10-07T12:53:58.159253+00:00,vast.ai,marketplace,RTX PRO 4000,0.25425925925925924,1,23.89,65.728492073,258.509492073,31.01,580.0,"Spain, ES",0.9944677,48741809
2026-10-07T12:53:58.159253+00:00,vast.ai,marketplace,RTX 3090 Ti,0.2547222222222222,1,23.99,46.451492073,182.362492073,62.83,453.5,"Norway, NO",0.9991617,36026151
2026-10-07T12:53:58.159253+00:00,vast.ai,marketplace,RTX PRO 4000,0.2547222222222222,1,23.89,65.776492073,258.22749207299995,62.88,59.25,"South Korea, KR",0.9974395,53534354
2026-10-07T12:53:58.159253+00:00,vast.ai,marketplace,RTX 5080,0.2549444444444444,1,15.92,83.694492073,328.286492073,62.07,558.0,"Portugal, PT",0.9979582,54520425
2026-10-07T12:53:58.159253+00:00,vast.ai,marketplace,RTX 3090,0.25914546807407407,1,24.0,44.60249207299999,172.115492073,31.41,332.225,"California, US",0.9285813,52591888
2026-10-07T12:53:58.159253+00:00,vast.ai,marketplace,RTX 3060,0.2674074074074074,1,12.0,12.548492073,46.924492072999996,251.73,7542.9,"Norway, NO",0.9986157,54477579
2026-10-07T12:53:58.159253+00:00,vast.ai,marketplace,RTX 5060 Ti,0.2677777777777778,1,15.93,38.810492073,144.93749207300002,503.88,669.4674144078094,"Texas, US",0.9931731,53710921
2026-10-07T12:53:58.159253+00:00,vast.ai,marketplace,RTX 3090,0.26805555555555555,1,24.0,31.932492073,119.12649207300001,31.36,35.0,"Quebec, CA",0.9947434,53187189
2026-10-07T12:53:58.159253+00:00,vast.ai,marketplace,RTX 3090,0.26805555555555555,1,24.0,44.356492073,165.476492073,31.36,350.5,"Colorado, US",0.9944802,54486445
2026-10-07T12:53:58.159253+00:00,vast.ai,marketplace,RTX 2060S,0.26805555555555555,1,8.0,3.876492073,14.460492073000001,23.4,2416.0,"California, US",0.9669731,50950849
2026-10-07T12:53:58.159253+00:00,vast.ai,marketplace,RTX 4070S Ti,0.26805555555555555,1,15.99,51.010492072999995,190.296492073,62.82,1569.5,"Minnesota, US",0.9997436,53490815
2026-10-07T12:53:58.159253+00:00,vast.ai,marketplace,RTX 4080,0.26805555555555555,1,15.99,53.051492073,197.91349207300001,31.25,1382.0,"Norway, NO",0.9917622,51095354
2026-10-07T12:53:58.159253+00:00,vast.ai,marketplace,RTX 4080,0.26805555555555555,1,15.99,53.214492072999995,198.518492073,23.45,1501.0,"North Carolina, US",0.9917337,39750748
2026-10-07T12:53:58.159253+00:00,vast.ai,marketplace,RTX 5080,0.26805555555555555,1,15.92,83.676492073,312.161492073,62.61,3267.0,"Quebec, CA",0.9063275,54420833
2026-10-07T12:53:58.159253+00:00,vast.ai,marketplace,RTX 5070 Ti,0.26805555555555555,1,15.92,75.90649207300001,283.17449207299995,15.59,368.0,"South Korea, KR",0.9976049,51511971
2026-10-07T12:53:58.159253+00:00,vast.ai,marketplace,RTX PRO 4000,0.26805555555555555,1,23.89,66.850492073,249.391492073,30.92,664.0,"Switzerland, CH",0.9928962,54639945
2026-10-07T12:53:58.159253+00:00,vast.ai,marketplace,RTX 5060 Ti,0.26805555555555555,1,15.93,38.382492072999995,143.189492073,62.94,874.6194299638013,"Texas, US",0.9978715,50417796
2026-10-07T12:53:58.159253+00:00,vast.ai,marketplace,RTX PRO 4000,0.2683333333333333,1,23.89,65.740492073,244.994492073,61.45,1502.5,"Puerto Rico, PR",0.9882264,51950547
2026-10-07T12:53:58.159253+00:00,vast.ai,marketplace,RTX 3090,0.2689814814814815,1,24.0,42.676492073,158.65749207300001,83.84,863.0,"Ontario, CA",0.9979234,54640432
2026-10-07T12:53:58.159253+00:00,vast.ai,marketplace,RTX 5060 Ti,0.2689814814814815,1,15.93,38.375492073,142.671492073,251.76,601.5,"Norway, NO",0.9966742,31574004
2026-10-07T12:53:58.159253+00:00,vast.ai,marketplace,RTX PRO 4000,0.2689814814814815,1,23.89,65.752492073,244.44949207300002,41.92,388.0,"Ontario, CA",0.9958945,44205409
2026-10-07T12:53:58.159253+00:00,vast.ai,marketplace,RTX 3090,0.26944444444444443,1,24.0,45.078492073,167.30049207300002,62.71,1535.4,"Texas, US",0.9599711,54228083
2026-10-07T12:53:58.159253+00:00,vast.ai,marketplace,RTX 4080,0.26944444444444443,1,15.99,53.132492072999995,197.194492073,31.32,369.0,"Arizona, US",0.9897602,54551253
2026-10-07T12:53:58.159253+00:00,vast.ai,marketplace,RTX 5070 Ti,0.26990740740740743,1,15.92,65.47449207300001,242.582492073,23.46,369.0,"Romania, RO",0.9848038,54519798
2026-10-07T12:53:58.159253+00:00,vast.ai,marketplace,RTX 5080,0.27037037037037037,1,15.92,40.240492073,148.833492073,31.46,175.625,"Beijing, CN",0.9906937,51998052
2026-10-07T12:53:58.159253+00:00,vast.ai,marketplace,RTX 3060,0.2712555555555555,1,12.0,12.272492073,45.244492072999996,15.73,155.7016245994193,"Czechia, CZ",0.9991171,46528530
2026-10-07T12:53:58.159253+00:00,vast.ai,marketplace,RTX 5070 Ti,0.2712962962962963,1,15.92,75.967492073,280.01549207299996,29.96,693.0,"Colorado, US",0.9954025,48756090
2026-10-07T12:53:58.159253+00:00,vast.ai,marketplace,RTX 4080,0.2783,1,15.99,53.185492073,191.107492073,62.88,120.75,"Ontario, CA",0.9983008,49852981
2026-10-07T12:53:58.159253+00:00,vast.ai,marketplace,RTX 5070 Ti,0.28092592592592597,1,15.92,75.812492073,269.865492073,29.08,1572.0,"Nevada, US",0.9670886,53617600
2026-10-07T12:53:58.159253+00:00,vast.ai,marketplace,RTX 3090,0.2813888888888889,1,24.0,44.363492072999996,157.658492073,35.96,831.5999999999999,"Utah, US",0.9024361,50807814
2026-10-07T12:53:58.159253+00:00,vast.ai,marketplace,RTX 5080,0.2813888888888889,1,15.92,83.756492073,297.65249207299996,31.25,639.0,"Argentina, AR",0.9379521,33413202
2026-10-07T12:53:58.159253+00:00,vast.ai,marketplace,RTX PRO 4000,0.2827777777777778,1,23.89,65.740492073,232.480492073,62.88,529.25,"Slovakia, SK",0.9975788,45623849
2026-10-07T12:53:58.159253+00:00,vast.ai,marketplace,RTX 3080,0.2885185185185185,1,10.0,27.111492073,93.969492073,15.59,355.5,"Florida, US",0.9962131,54409805
2026-10-07T12:53:58.159253+00:00,vast.ai,marketplace,RTX 5070,0.28944444444444445,1,11.94,50.185492073,173.384492073,15.26,1484.0,"Ukraine, UA",0.9463931,54615573
2026-10-07T12:53:58.159253+00:00,vast.ai,marketplace,RTX 4080S,0.2902813419259259,1,15.99,55.682492073,191.820492073,23.57,366.10891625992133,"California, US",0.9923538,47959570
2026-10-07T12:53:58.159253+00:00,vast.ai,marketplace,RTX 3090,0.2942592592592593,1,24.0,44.360492072999996,150.754492073,31.45,324.625,"Czechia, CZ",0.9118216,30293573
2026-10-07T12:53:58.159253+00:00,vast.ai,marketplace,RTX 3090,0.2942592592592593,1,24.0,44.363492072999996,150.762492073,50.3,79.2,"Czechia, CZ",0.9757933,33877201
2026-10-07T12:53:58.159253+00:00,vast.ai,marketplace,RTX 3090,0.2947222222222222,1,24.0,44.34649207299999,150.468492073,62.68,1697.4,"Washington, US",0.9705733,54262297
2026-10-07T12:53:58.159253+00:00,vast.ai,marketplace,RTX 3090,0.2947222222222222,1,24.0,44.35249207299999,150.490492073,62.88,341.25,"Czechia, CZ",0.9751564,53194859
2026-10-07T12:53:58.159253+00:00,vast.ai,marketplace,RTX 5080,0.3001259259259259,1,15.92,83.780492073,279.15249207299996,30.51,1431.0,"Germany, DE",0.9969639,52796090
2026-10-07T12:53:58.159253+00:00,vast.ai,marketplace,RTX 5080,0.3085185185185185,1,15.92,83.426492073,270.411492073,62.93,418.95,"California, US",0.9316636,54303646
2026-10-07T12:53:58.159253+00:00,vast.ai,marketplace,RTX PRO 4500,0.3089814814814815,1,31.86,96.487492073,312.27749207299996,62.79,45.0,"Spain, ES",0.9262875,54305289
2026-10-07T12:53:58.159253+00:00,vast.ai,marketplace,RTX PRO 4000,0.30990740740740746,1,23.89,66.838492073,215.672492073,31.44,484.564824043682,"North Carolina, US",0.986338,53419835
2026-10-07T12:53:58.159253+00:00,vast.ai,marketplace,RTX PRO 4500,0.32092592592592595,1,31.86,96.369492073,300.28449207299997,93.36,7.0,"France, FR",0.9947202,53895006
2026-10-07T12:53:58.159253+00:00,vast.ai,marketplace,RTX 4090,0.3213888888888889,1,23.99,97.390492073,303.03049207299995,31.41,788.9,"Jiangsu, CN",0.9867688,54008129
2026-10-07T12:53:58.159253+00:00,vast.ai,marketplace,RTX 5070 Ti,0.3213888888888889,1,15.92,77.973492073,242.615492073,29.08,338.0,"Latvia, LV",0.9883543,53471395
2026-10-07T12:53:58.159253+00:00,vast.ai,marketplace,RTX 3090,0.32185185185185183,1,24.0,44.366492072999996,137.846492073,31.35,277.5,"Michigan, US",0.9978645,54603501
2026-10-07T12:53:58.159253+00:00,vast.ai,marketplace,RTX 4090,0.3329814814814815,1,23.99,49.345492072999996,148.19349207300002,62.88,1548.475,"Vietnam, VN",0.9979571,53673102
2026-10-07T12:53:58.159253+00:00,vast.ai,marketplace,RTX 3090,0.3340740740740741,1,24.0,44.367492072999994,132.80649207300002,31.4,1273.7640362919487,"Quebec, CA",0.9484503,54640906
2026-10-07T12:53:58.159253+00:00,vast.ai,marketplace,RTX 5080,0.3340740740740741,1,15.92,40.076492073,119.962492073,30.2,3224.5,"Minnesota, US",0.997498,50441921
2026-10-07T12:53:58.159253+00:00,vast.ai,marketplace,L4,0.3347222222222222,1,22.49,25.314492073,75.628492073,62.75,548.5,"Czechia, CZ",0.9897255,54285092
2026-10-07T12:53:58.159253+00:00,vast.ai,marketplace,L4,0.3347222222222222,1,22.49,25.351492073,75.738492073,47.14,226.5,"Czechia, CZ",0.997207,49498409
2026-10-07T12:53:58.159253+00:00,vast.ai,marketplace,Tesla V100,0.3347222222222222,1,32.0,25.713492073,76.819492073,94.32,1514.625,"Minnesota, US",0.9994295,38405402
2026-10-07T12:53:58.159253+00:00,vast.ai,marketplace,RTX 5080,0.3347222222222222,1,15.92,83.643492073,249.888492073,62.81,1652.85,"Quebec, CA",0.6530452,54588928
2026-10-07T12:53:58.159253+00:00,vast.ai,marketplace,RTX 5080,0.3347222222222222,1,15.92,83.801492073,250.361492073,62.45,785.946654433652,"Ontario, CA",0.9955755,45426375
2026-10-07T12:53:58.159253+00:00,vast.ai,marketplace,RTX 5080,0.3347222222222222,1,15.92,83.712492073,250.094492073,31.28,717.0,"Taiwan, TW",0.9979354,43993925
2026-10-07T12:53:58.159253+00:00,vast.ai,marketplace,RTX 5070 Ti,0.3347222222222222,1,15.92,76.441492073,228.371492073,30.71,484.0,"Colombia, CO",0.9879252,54610458
2026-10-07T12:53:58.159253+00:00,vast.ai,marketplace,RTX 3090,0.3348148148148148,1,24.0,44.840492073,133.92549207300002,167.84,950.5333333333334,"Slovakia, SK",0.9945252,52249106
2026-10-07T12:53:58.159253+00:00,vast.ai,marketplace,RTX 5080,0.33518518518518514,1,15.92,41.527492073,123.895492073,30.95,728.5,"Ontario, CA",0.9921972,51362963
2026-10-07T12:53:58.159253+00:00,vast.ai,marketplace,RTX 5080,0.33518518518518514,1,15.92,83.825492073,250.088492073,62.72,740.0,"Ontario, CA",0.9986793,51328808
2026-10-07T12:53:58.159253+00:00,vast.ai,marketplace,RTX 5080,0.33518518518518514,1,15.92,83.86749207300001,250.21149207300002,31.08,760.0,"Ontario, CA",0.994635,51233990
2026-10-07T12:53:58.159253+00:00,vast.ai,marketplace,RTX 5070 Ti,0.33518518518518514,1,15.92,78.716492073,234.844492073,15.23,484.0,"Brazil, BR",0.9955856,51786197
2026-10-07T12:53:58.159253+00:00,vast.ai,marketplace,RTX 5070 Ti,0.33564814814814814,1,15.92,76.188492073,226.989492073,125.66,3164.0,"Norway, NO",0.9978812,54504840
2026-10-07T12:53:58.159253+00:00,vast.ai,marketplace,RTX PRO 4000,0.33564814814814814,1,23.89,65.64449207300001,195.575492073,125.96,252.375,"United Kingdom, GB",0.9854889,51601836
2026-10-07T12:53:58.159253+00:00,vast.ai,marketplace,RTX PRO 4000,0.33564814814814814,1,23.89,65.740492073,195.86049207300002,62.88,714.3795330620309,"Norway, NO",0.9967327,50472000
2026-10-07T12:53:58.159253+00:00,vast.ai,marketplace,RTX 5060 Ti,0.33564814814814814,1,15.93,38.396492073,114.39449207300001,41.92,185.0,"Texas, US",0.9965663,50294993
2026-10-07T12:53:58.159253+00:00,vast.ai,marketplace,RTX 3090,0.3365740740740741,1,24.0,43.680492072999996,129.778492073,31.33,267.0,"Thailand, TH",0.9894656,50130170
2026-10-07T12:53:58.159253+00:00,vast.ai,marketplace,RTX 3090,0.3365740740740741,1,24.0,36.73049207299999,109.12949207300001,31.33,711.0,"Thailand, TH",0.9954925,51927638
2026-10-07T12:53:58.159253+00:00,vast.ai,marketplace,RTX 4080S,0.33749999999999997,1,31.99,70.976492073,210.299492073,62.85,381.66666666666663,"Ontario, CA",0.9978578,50555695
2026-10-07T12:53:58.159253+00:00,vast.ai,marketplace,RTX 4090,0.33935185185185185,1,23.99,96.782492073,285.197492073,35.96,391.282132487112,"United States, US",0.9966022,41890594
2026-10-07T12:53:58.159253+00:00,vast.ai,marketplace,RTX 4500Ada,0.34018518518518515,1,23.99,40.633492073,119.445492073,23.38,131.0,"France, FR",0.9920731,54621790
2026-10-07T12:53:58.159253+00:00,vast.ai,marketplace,RTX 4090,0.34805555555555556,1,23.99,52.167492073,149.883492073,62.96,613.375,"Hong Kong, HK",0.9989078,39184686
2026-10-07T12:53:58.159253+00:00,vast.ai,marketplace,RTX 5080,0.34805555555555556,1,15.92,84.017492073,241.392492073,62.83,384.5,"Latvia, LV",0.9614573,53683117
2026-10-07T12:53:58.159253+00:00,vast.ai,marketplace,RTX 5070 Ti,0.34805555555555556,1,15.92,76.27849207300001,219.154492073,31.35,569.0,"Japan, JP",0.9915167,50289923
2026-10-07T12:53:58.159253+00:00,vast.ai,marketplace,RTX 5070 Ti,0.3506518518518518,1,15.92,38.78849207299999,110.618492073,31.0,735.0,"Spain, ES",0.9954903,51724767
2026-10-07T12:53:58.159253+00:00,vast.ai,marketplace,RTX 3090,0.3613888888888889,1,24.0,44.372492073,122.783492073,125.87,322.425,"Nevada, US",0.9938361,51607946
2026-10-07T12:53:58.159253+00:00,vast.ai,marketplace,RTX 4090,0.3613888888888889,1,23.99,98.451492073,272.42449207299995,62.38,724.0,"Quebec, CA",0.9920529,54449294
2026-10-07T12:53:58.159253+00:00,vast.ai,marketplace,RTX PRO 4000,0.36185185185185187,1,23.89,65.68049207300001,181.511492073,62.88,1669.5,"Indiana, US",0.9947483,53804951
2026-10-07T12:53:58.159253+00:00,vast.ai,marketplace,RTX 3090,0.3701185185185185,1,24.0,44.60249207299999,120.509492073,62.83,1163.9097631432544,"The Netherlands, NL",0.9897908,54131146
2026-10-07T12:53:58.159253+00:00,vast.ai,marketplace,RTX 3090,0.3701185185185185,1,24.0,44.997492073,121.575492073,31.13,1404.0,"The Netherlands, NL",0.9975119,50356202
2026-10-07T12:53:58.159253+00:00,vast.ai,marketplace,RTX 4090,0.3756494814814815,1,23.99,97.054492073,258.365492073,62.88,800.4,"Italy, IT",0.9668651,53654409
2026-10-07T12:53:58.159253+00:00,vast.ai,marketplace,RTX 5080,0.37785185185185177,1,15.92,83.86749207300001,221.958492073,30.21,713.0,"Spain, ES",0.9855063,52934371
2026-10-07T12:53:58.159253+00:00,vast.ai,marketplace,RTX 4090,0.38027777777777777,1,23.99,97.198492073,255.599492073,62.89,308.75,"Japan, JP",0.9965278,46415628
2026-10-07T12:53:58.159253+00:00,vast.ai,marketplace,RTX 4090,0.3875925925925926,1,23.99,96.970492073,250.18749207300002,62.51,272.0,"Saskatchewan, CA",0.9432136,54198407
2026-10-07T12:53:58.159253+00:00,vast.ai,marketplace,RTX 3070,0.38805555555555554,1,8.0,16.279492073,41.951492073,125.63,2936.921485111948,"Taiwan, TW",0.9992448,54128213
2026-10-07T12:53:58.159253+00:00,vast.ai,marketplace,RTX 4090,0.38805555555555554,1,23.99,97.04049207300001,250.069492073,71.98,137.5,"Malaysia, MY",0.9391925,54464705
2026-10-07T12:53:58.159253+00:00,vast.ai,marketplace,RTX 4090,0.38805555555555554,1,23.99,98.589492073,254.059492073,31.34,1340.5,"Brazil, BR",0.9947793,53860967
2026-10-07T12:53:58.159253+00:00,vast.ai,marketplace,RTX 5080,0.38805555555555554,1,15.92,83.732492073,215.775492073,47.14,729.75,"Czechia, CZ",0.9746621,53060400
2026-10-07T12:53:58.159253+00:00,vast.ai,marketplace,RTX A6000,0.3894444444444444,1,47.99,54.436492073,139.780492073,94.28,543.0,"Arizona, US",0.9939276,53643248
2026-10-07T12:53:58.159253+00:00,vast.ai,marketplace,RTX 4090,0.401037037037037,1,23.99,96.859492073,241.521492073,100.72,39.0,"Ireland, IE",0.9963401,7527477
2026-10-07T12:53:58.159253+00:00,vast.ai,marketplace,RTX 3090,0.40138888888888885,1,24.0,44.364492072999994,110.527492073,46.97,2331.0,"California, US",0.9905584,50545293
2026-10-07T12:53:58.159253+00:00,vast.ai,marketplace,RTX A6000,0.40138888888888885,1,47.99,24.354492073,60.676492073,62.97,131.7884064049323,"Kansas, US",0.9935145,21004760
2026-10-07T12:53:58.159253+00:00,vast.ai,marketplace,A40,0.40138888888888885,1,44.99,44.037492072999996,109.711492073,500.96,15.75,"Belgium, BE",0.9863884,51337965
2026-10-07T12:53:58.159253+00:00,vast.ai,marketplace,RTX 4090,0.40138888888888885,1,23.99,34.272492072999995,85.384492073,30.22,670.0,"Japan, JP",0.9950023,48857504
2026-10-07T12:53:58.159253+00:00,vast.ai,marketplace,RTX 4090,0.40138888888888885,1,23.99,9.998492073,24.909492073,62.55,1074.7878249202463,"Switzerland, CH",0.9874982,47815246
2026-10-07T12:53:58.159253+00:00,vast.ai,marketplace,RTX 4090,0.40138888888888885,1,23.99,97.369492073,242.582492073,31.4,664.875,"Denmark, DK",0.9506485,54135760
2026-10-07T12:53:58.159253+00:00,vast.ai,marketplace,RTX 4090,0.40138888888888885,1,22.49,85.749492073,213.633492073,31.35,1402.05,"British Columbia, CA",0.994347,53478255
2026-10-07T12:53:58.159253+00:00,vast.ai,marketplace,RTX 4090,0.40138888888888885,1,23.99,92.23049207300001,229.777492073,30.99,415.45000000000005,"Türkiye, TR",0.998237,32241259
2026-10-07T12:53:58.159253+00:00,vast.ai,marketplace,CMP 170HX,0.40138888888888885,1,64.0,84.798492073,211.262492073,62.92,289.875,"Bulgaria, BG",0.9902743,52623828
2026-10-07T12:53:58.159253+00:00,vast.ai,marketplace,RTX 3080 Ti,0.4018518518518518,1,12.0,34.697492073,86.344492073,31.41,688.0,"Florida, US",0.9944826,49921403
2026-10-07T12:53:58.159253+00:00,vast.ai,marketplace,RTX A6000,0.4023148148148148,1,47.99,54.465492073,135.379492073,47.2,95.875,"Romania, RO",0.9914112,51222178
2026-10-07T12:53:58.159253+00:00,vast.ai,marketplace,RTX A6000,0.4023148148148148,1,47.99,54.469492073,135.391492073,53.97,351.44785482749074,"Romania, RO",0.9647015,52702103
2026-10-07T12:53:58.159253+00:00,vast.ai,marketplace,RTX 5080,0.4023148148148148,1,15.92,83.746492073,208.161492073,60.53,1541.0,"Norway, NO",0.9730929,18308720
2026-10-07T12:53:58.159253+00:00,vast.ai,marketplace,RTX A6000,0.40277777777777773,1,47.99,55.240492073,137.147492073,46.89,525.5,"Delaware, US",0.9989061,45242190
2026-10-07T12:53:58.159253+00:00,vast.ai,marketplace,RTX A6000,0.40277777777777773,1,44.99,51.257492072999995,127.26049207300001,70.7,552.9428325198428,"Delaware, US",0.9986217,45241992
2026-10-07T12:53:58.159253+00:00,vast.ai,marketplace,RTX 4090,0.40277777777777773,1,23.99,96.946492073,240.694492073,78.42,1528.3,"Wisconsin, US",0.9926231,51419381
2026-10-07T12:53:58.159253+00:00,vast.ai,marketplace,RTX 4090,0.4037037037037037,1,22.49,86.383492073,213.976492073,86.58,723.1800749488098,"Estonia, EE",0.9829791,51008170
2026-10-07T12:53:58.159253+00:00,vast.ai,marketplace,CMP 170HX,0.4041666666666666,1,64.0,84.798492073,209.810492073,83.82,654.3333333333333,"Ontario, CA",0.9938109,51134030
2026-10-07T12:53:58.159253+00:00,vast.ai,marketplace,RTX 5090,0.4060185185185185,1,31.84,198.333492073,488.48449207299996,62.96,379.37581229970965,"United States, US",0.9969152,51858229
2026-10-07T12:53:58.159253+00:00,vast.ai,marketplace,RTX 2060,0.4069444444444444,1,6.0,3.2254920730000003,7.925492073,7.71,8.000000000002728,"Vietnam, VN",0.9915927,21712215
2026-10-07T12:53:58.159253+00:00,vast.ai,marketplace,RTX 4090,0.4029111111111111,1,23.99,92.30849207300001,229.103492073,23.43,211.5,"Romania, RO",0.9859377,53477899
2026-10-07T12:53:58.159253+00:00,vast.ai,marketplace,RTX 3090,0.40983688888888886,1,24.0,44.877492073,109.500492073,31.18,673.5,"Oklahoma, US",0.9767219,51065387
2026-10-07T12:53:58.159253+00:00,vast.ai,marketplace,RTX 4090,0.41456481481481483,1,47.99,125.325492073,302.305492073,94.46,533.8121058741165,"Japan, JP",0.9972997,45473521
2026-10-07T12:53:58.159253+00:00,vast.ai,marketplace,RTX 4090,0.4147222222222222,1,23.99,97.49849207300001,235.09249207300002,62.96,658.6647665310155,"Oregon, US",0.9967842,53960898
2026-10-07T12:53:58.159253+00:00,vast.ai,marketplace,RTX 4090,0.4147222222222222,1,23.99,97.04049207300001,233.989492073,62.8,1549.0,"Bulgaria, BG",0.9990177,34369607
2026-10-07T12:53:58.159253+00:00,vast.ai,marketplace,RTX 4090,0.41584444444444446,1,23.99,66.73349207300001,160.476492073,23.44,375.0,"Romania, RO",0.9745693,54608196
2026-10-07T12:53:58.159253+00:00,vast.ai,marketplace,RTX 4090,0.4161111111111111,1,23.99,96.97749207300001,233.057492073,62.78,366.0,"Arizona, US",0.9819499,54551227
2026-10-07T12:53:58.159253+00:00,vast.ai,marketplace,RTX 4090,0.4280555555555556,1,23.99,97.01949207300001,226.652492073,31.27,696.8,"United Kingdom, GB",0.9748069,52969850
2026-10-07T12:53:58.159253+00:00,vast.ai,marketplace,RTX 4090,0.4280555555555556,1,23.99,97.18049207300001,227.027492073,71.93,409.4285714285714,"Italy, IT",0.9973021,52477221
2026-10-07T12:53:58.159253+00:00,vast.ai,marketplace,RTX 4090,0.4280555555555556,1,23.99,93.38849207300001,218.16949207300001,62.89,119.5,"North Carolina, US",0.9951432,50026582
2026-10-07T12:53:58.159253+00:00,vast.ai,marketplace,RTX 4090,0.4280555555555556,1,23.99,98.834492073,230.892492073,41.95,194.94233474113423,"The Netherlands, NL",0.98935,30714849
2026-10-07T12:53:58.159253+00:00,vast.ai,marketplace,RTX 4090,0.4303703703703704,1,23.99,97.068492073,225.547492073,108.06,857.0,"California, US",0.9915705,54540792
2026-10-07T12:53:58.159253+00:00,vast.ai,marketplace,RTX 4090,0.4303703703703704,1,23.99,97.06149207300001,225.530492073,108.06,759.0,"California, US",0.9914638,51243576
2026-10-07T12:53:58.159253+00:00,vast.ai,marketplace,RTX 3090,0.43472222222222223,1,24.0,44.366492072999996,102.056492073,125.88,1357.5,"Quebec, CA",0.9983508,54586215
2026-10-07T12:53:58.159253+00:00,vast.ai,marketplace,RTX 4090,0.4369801481481481,1,23.99,97.25449207300001,222.560492073,62.38,2336.6,"India, IN",0.9978119,48116846
2026-10-07T12:53:58.159253+00:00,vast.ai,marketplace,RTX 5070 Ti,0.43787384325925927,1,15.92,75.866492073,173.260492073,31.41,819.675,"California, US",0.9783927,52442706
2026-10-07T12:53:58.159253+00:00,vast.ai,marketplace,RTX 3090,0.4412037037037037,1,24.0,44.843492073,101.637492073,62.83,687.5,"Sweden, SE",0.9938001,53242275
2026-10-07T12:53:58.159253+00:00,vast.ai,marketplace,RTX 4090,0.4413888888888889,1,23.99,96.27849207300001,218.125492073,30.92,1643.8,"United Kingdom, GB",0.9935317,49418051
2026-10-07T12:53:58.159253+00:00,vast.ai,marketplace,RTX 4090,0.44185185185185183,1,23.99,94.562492073,214.014492073,62.94,103.875,"Quebec, CA",0.998067,51737458
2026-10-07T12:53:58.159253+00:00,vast.ai,marketplace,CMP 170HX,0.44185185185185183,1,64.0,73.821492073,167.073492073,143.95,363.9448596668711,"Hungary, HU",0.9817133,52388439
2026-10-07T12:53:58.159253+00:00,vast.ai,marketplace,A100 SXM4,0.44324074074074077,1,40.0,73.151492073,165.03849207300001,78.71,299.0995547146461,"California, US",0.9820309,53071386
2026-10-07T12:53:58.159253+00:00,vast.ai,marketplace,RTX 5090,0.44601851851851854,1,31.84,40.367492072999994,90.505492073,62.88,264.75,"California, US",0.998471,46579458
2026-10-07T12:53:58.159253+00:00,vast.ai,marketplace,RTX 4090,0.45462962962962966,1,23.99,97.219492073,213.843492073,62.51,557.0,"Denmark, DK",0.9952451,40764560
2026-10-07T12:53:58.159253+00:00,vast.ai,marketplace,RTX 4090,0.45472222222222225,1,23.99,92.314492073,203.012492073,83.97,81.33333333333333,"Texas, US",0.9914837,44533590
2026-10-07T12:53:58.159253+00:00,vast.ai,marketplace,RTX 4090,0.45472222222222225,1,23.99,97.047492073,213.422492073,31.28,654.0,"Taiwan, TW",0.9956054,53492622
2026-10-07T12:53:58.159253+00:00,vast.ai,marketplace,RTX 5090,0.45611111111111113,1,31.84,173.640492073,380.697492073,58.98,697.45,"California, US",0.9691388,54598652
2026-10-07T12:53:58.159253+00:00,vast.ai,marketplace,RTX 4090,0.4591851851851852,1,23.99,98.139492073,213.725492073,31.4,340.0,"Norway, NO",0.9977758,54519523
2026-10-07T12:53:58.159253+00:00,vast.ai,marketplace,RTX 4090,0.4591851851851852,1,23.99,96.26349207300001,209.639492073,31.44,184.0,"Norway, NO",0.9981435,54519219
2026-10-07T12:53:58.159253+00:00,vast.ai,marketplace,RTX 4090,0.4591851851851852,1,23.99,97.068492073,211.393492073,35.93,214.28571428571428,"Norway, NO",0.997364,54519552
2026-10-07T12:53:58.159253+00:00,vast.ai,marketplace,RTX 4090,0.4591851851851852,1,23.99,97.29949207300001,211.894492073,31.44,193.125,"Norway, NO",0.9974112,54519193
2026-10-07T12:53:58.159253+00:00,vast.ai,marketplace,RTX 5090,0.46672222222222226,1,31.84,191.423492073,410.144492073,94.38,292.625,"British Columbia, CA",0.9967821,32984221
2026-10-07T12:53:58.159253+00:00,vast.ai,marketplace,CMP 170HX,0.46851851851851845,1,40.0,69.26049207300001,147.828492073,39.28,157.20000000000002,"Hungary, HU",0.9914892,54016878
2026-10-07T12:53:58.159253+00:00,vast.ai,marketplace,RTX 4090,0.46898148148148144,1,23.99,96.99849207300001,206.828492073,75.54,580.4747163684877,"Norway, NO",0.9993096,53588584
2026-10-07T12:53:58.159253+00:00,vast.ai,marketplace,RTX 4090,0.46898148148148144,1,23.99,96.950492073,206.724492073,125.92,1469.5,"Norway, NO",0.9935485,13430356
2026-10-07T12:53:58.159253+00:00,vast.ai,marketplace,RTX 4090,0.46898148148148144,1,23.99,97.047492073,206.933492073,62.89,577.9000000000001,"Slovakia, SK",0.9963266,50305471
2026-10-07T12:53:58.159253+00:00,vast.ai,marketplace,RTX 5090,0.46898148148148144,1,31.84,199.000492073,424.32549207299996,30.46,388.0,"South Korea, KR",0.9975537,48989642
2026-10-07T12:53:58.159253+00:00,vast.ai,marketplace,RTX 5090,0.46898148148148144,1,31.84,199.093492073,424.52249207299997,30.47,447.0,"South Korea, KR",0.9588698,50135020
2026-10-07T12:53:58.159253+00:00,vast.ai,marketplace,RTX 5090,0.46898148148148144,1,31.84,199.040492073,424.40949207299997,30.47,204.0,"South Korea, KR",0.9981938,43982842
2026-10-07T12:53:58.159253+00:00,vast.ai,marketplace,RTX 5090,0.46898148148148144,1,31.84,194.250492073,414.196492073,30.47,5.0,"South Korea, KR",0.9980791,43982799
2026-10-07T12:53:58.159253+00:00,vast.ai,marketplace,RTX 5090,0.46898148148148144,1,31.84,194.048492073,413.766492073,30.47,420.0,"South Korea, KR",0.9972133,48916515
2026-10-07T12:53:58.159253+00:00,vast.ai,marketplace,RTX 5090,0.4694444444444444,1,31.84,195.041492073,415.471492073,62.94,314.74868898665324,"Taiwan, TW",0.9935765,53108553
2026-10-07T12:53:58.159253+00:00,vast.ai,marketplace,RTX 5090,0.4694444444444444,1,31.84,192.466492073,409.98649207299997,46.99,390.0,"Taiwan, TW",0.9809477,52228326
2026-10-07T12:53:58.159253+00:00,vast.ai,marketplace,RTX 4090,0.4703703703703703,1,23.99,97.033492073,206.292492073,62.88,518.0,"United Kingdom, GB",0.7838832,36643055
2026-10-07T12:53:58.159253+00:00,vast.ai,marketplace,L40S,0.47129629629629627,1,44.99,93.469492073,198.323492073,61.94,11.0,"Virginia, US",0.9972964,45594082
2026-10-07T12:53:58.159253+00:00,vast.ai,marketplace,RTX 4090,0.47129629629629627,1,23.99,97.15649207300001,206.147492073,47.13,712.75,"Japan, JP",0.9809708,36332794
2026-10-07T12:53:58.159253+00:00,vast.ai,marketplace,RTX 5090,0.47268518518518515,1,31.84,94.871492073,200.707492073,62.87,734.525,"United States, US",0.9957371,44614428
2026-10-07T12:53:58.159253+00:00,vast.ai,marketplace,RTX 4090,0.4813888888888889,1,23.99,97.76649207300001,203.09249207300002,30.22,477.0,"The Netherlands, NL",0.9962856,51890698
2026-10-07T12:53:58.159253+00:00,vast.ai,marketplace,RTX 4090,0.4813888888888889,1,23.99,97.491492073,202.520492073,31.32,2443.0,"Taiwan, TW",0.9990243,53492597
2026-10-07T12:53:58.159253+00:00,vast.ai,marketplace,RTX A6000,0.481712962962963,1,47.99,54.47449207299999,113.085492073,188.97,325.62141625992166,"Virginia, US",0.9991235,54618802
2026-10-07T12:53:58.159253+00:00,vast.ai,marketplace,RTX 5090,0.48185185185185186,1,31.84,94.583492073,196.291492073,62.63,852.0,"California, US",0.9310107,54303322
2026-10-07T12:53:58.159253+00:00,vast.ai,marketplace,RTX 5090,0.48370370370370375,1,31.84,185.207492073,382.89549207299996,71.96,361.4285714285714,"Estonia, EE",0.9910521,51620925
2026-10-07T12:53:58.159253+00:00,vast.ai,marketplace,RTX 5090,0.48601851851851857,1,31.84,79.750492073,164.089492073,31.46,96.75,"United States, US",0.9965809,46753302
2026-10-07T12:53:58.159253+00:00,vast.ai,marketplace,RTX 5090,0.48601851851851857,1,31.84,125.797492073,258.83249207299997,31.46,311.5,"United States, US",0.9963579,43165158
2026-10-07T12:53:58.159253+00:00,vast.ai,marketplace,RTX 4090,0.486925925925926,1,23.99,95.81149207300001,196.767492073,31.34,134.0,"Taiwan, TW",0.9976764,53334700
2026-10-07T12:53:58.159253+00:00,vast.ai,marketplace,RTX 4090,0.4947222222222222,1,23.99,97.054492073,196.180492073,62.66,1453.0,"Nevada, US",0.9957578,53014776
2026-10-07T12:53:58.159253+00:00,vast.ai,marketplace,RTX 5090,0.497037037037037,1,31.84,185.739492073,373.692492073,71.96,688.8571428571428,"Estonia, EE",0.9871534,40700925
2026-10-07T12:53:58.159253+00:00,vast.ai,marketplace,RTX 5090,0.5002777777777777,1,31.84,174.225492073,348.25849207299996,62.2,1585.8,"New Jersey, US",0.9687235,53939842
2026-10-07T12:53:58.159253+00:00,vast.ai,marketplace,A100 PCIE,0.5074074074074073,1,40.0,94.414492073,186.072492073,251.69,3430.0,"Japan, JP",0.9986218,40796927
2026-10-07T12:53:58.159253+00:00,vast.ai,marketplace,RTX 4090,0.5080555555555555,1,23.99,97.026492073,190.976492073,62.71,1421.0,"Nevada, US",0.9912238,53070139
2026-10-07T12:53:58.159253+00:00,vast.ai,marketplace,RTX 4090,0.5080555555555555,1,23.99,97.198492073,191.314492073,31.16,3189.9,"Nevada, US",0.9966126,54075859
2026-10-07T12:53:58.159253+00:00,vast.ai,marketplace,RTX 4090,0.5103703703703703,1,23.99,96.984492073,190.028492073,62.88,447.0,"United Kingdom, GB",0.9749647,45980512
2026-10-07T12:53:58.159253+00:00,vast.ai,marketplace,RTX 5090,0.5103703703703703,1,31.84,186.805492073,366.019492073,62.96,298.1125,"California, US",0.9963257,54103122
2026-10-07T12:53:58.159253+00:00,vast.ai,marketplace,RTX 5090,0.5103703703703703,1,31.84,185.345492073,363.158492073,62.96,296.6558462616712,"California, US",0.9958659,52723074
2026-10-07T12:53:58.159253+00:00,vast.ai,marketplace,RTX 5090,0.5112962962962962,1,31.84,199.400492073,389.990492073,62.42,870.0,"Taiwan, TW",0.9942936,40871605
2026-10-07T12:53:58.159253+00:00,vast.ai,marketplace,RTX 5090,0.5117592592592592,1,31.84,199.073492073,388.99849207299997,62.83,5442.65,"Virginia, US",0.9953485,48598255
2026-10-07T12:53:58.159253+00:00,vast.ai,marketplace,RTX 4090,0.5152777777777777,1,23.99,97.589492073,189.391492073,61.9,501.0,"Israel, IL",0.9977436,46180334
2026-10-07T12:53:58.159253+00:00,vast.ai,marketplace,RTX 4090,0.5213888888888889,1,23.99,97.04049207300001,186.119492073,62.67,3209.1,"Nevada, US",0.9982481,53080136
2026-10-07T12:53:58.159253+00:00,vast.ai,marketplace,RTX 5090,0.5213888888888889,1,31.84,199.304492073,382.257492073,31.41,656.0,"British Columbia, CA",0.9950917,54241557
2026-10-07T12:53:58.159253+00:00,vast.ai,marketplace,RTX 4090,0.5342592592592592,1,23.99,100.46849207300001,188.051492073,31.24,690.0,"Georgia, US",0.992601,54334201
2026-10-07T12:53:58.159253+00:00,vast.ai,marketplace,RTX 4090,0.5343703703703704,1,23.99,97.06149207300001,181.637492073,100.71,272.98000000000013,"Ireland, IE",0.9985417,8993656
2026-10-07T12:53:58.159253+00:00,vast.ai,marketplace,RTX 4090,0.5343703703703704,1,23.99,97.033492073,181.585492073,100.71,112.60000000000001,"Ireland, IE",0.9990455,8936321
2026-10-07T12:53:58.159253+00:00,vast.ai,marketplace,RTX 4090,0.5347222222222222,1,23.99,98.271492073,183.780492073,55.97,646.6666666666666,"Bulgaria, BG",0.9753029,26537137
2026-10-07T12:53:58.159253+00:00,vast.ai,marketplace,RTX 4090,0.5347222222222222,1,23.99,97.390492073,182.133492073,62.67,605.0,"British Columbia, CA",0.995555,46680253
2026-10-07T12:53:58.159253+00:00,vast.ai,marketplace,RTX 5090,0.5347222222222222,1,31.84,197.58049207300002,369.502492073,62.94,637.125,"Taiwan, TW",0.9960253,48851735
2026-10-07T12:53:58.159253+00:00,vast.ai,marketplace,RTX 5090,0.5347222222222222,1,31.84,181.450492073,339.336492073,62.82,126.5,"South Korea, KR",0.9959052,49958041
2026-10-07T12:53:58.159253+00:00,vast.ai,marketplace,RTX 5090,0.5347222222222222,1,31.84,167.865492073,313.92949207299995,62.75,1245.0,"South Korea, KR",0.9354727,54020273
2026-10-07T12:53:58.159253+00:00,vast.ai,marketplace,RTX 5070 Ti,0.5351851851851852,1,15.92,75.866492073,141.756492073,62.89,644.25,"Texas, US",0.9940041,53558647
2026-10-07T12:53:58.159253+00:00,vast.ai,marketplace,RTX 4090,0.5356481481481481,1,23.99,5.9454920730000005,11.098492073000001,125.78,1297.5,"Spain, ES",0.996311,31829238
2026-10-07T12:53:58.159253+00:00,vast.ai,marketplace,RTX 4090,0.5356481481481481,1,23.99,97.047492073,181.178492073,62.89,443.75,"Spain, ES",0.9988592,22694028
2026-10-07T12:53:58.159253+00:00,vast.ai,marketplace,RTX 5090,0.5356481481481481,1,31.84,199.32449207300002,372.117492073,62.63,738.0,"South Korea, KR",0.9809939,53372877
2026-10-07T12:53:58.159253+00:00,vast.ai,marketplace,RTX 5090,0.5356481481481481,1,31.84,199.027492073,371.56349207299996,30.47,509.0,"South Korea, KR",0.9989158,50466017
2026-10-07T12:53:58.159253+00:00,vast.ai,marketplace,RTX 5090,0.5356481481481481,1,31.84,199.040492073,371.58749207299996,30.47,387.60000000000036,"South Korea, KR",0.9988919,50465618
2026-10-07T12:53:58.159253+00:00,vast.ai,marketplace,RTX 5090,0.5356481481481481,1,31.84,193.410492073,361.077492073,30.47,419.0,"South Korea, KR",0.9987237,40999113
2026-10-07T12:53:58.159253+00:00,vast.ai,marketplace,RTX 5090,0.5356481481481481,1,31.84,194.014492073,362.20549207299996,30.47,416.0,"South Korea, KR",0.9987947,52159510
2026-10-07T12:53:58.159253+00:00,vast.ai,marketplace,RTX 5090,0.537037037037037,1,31.84,199.20549207300002,370.934492073,62.91,701.4000000000001,"Estonia, EE",0.9912609,45113322
2026-10-07T12:53:58.159253+00:00,vast.ai,marketplace,RTX 4090,0.5375,1,23.99,97.11449207300001,180.678492073,125.92,464.0,"Spain, ES",0.9952032,36368079
2026-10-07T12:53:58.159253+00:00,vast.ai,marketplace,RTX 4090,0.537962962962963,1,47.99,123.54349207300001,229.650492073,62.97,594.7692307692308,"California, US",0.9512469,54491673
2026-10-07T12:53:58.159253+00:00,vast.ai,marketplace,A100 PCIE,0.5398148148148149,1,40.0,83.619492073,154.904492073,47.14,3081.1,"Estonia, EE",0.9794368,53415047
2026-10-07T12:53:58.159253+00:00,vast.ai,marketplace,A100 PCIE,0.5480555555555555,1,40.0,89.96549207300001,164.154492073,251.84,1623.1000000000001,"Japan, JP",0.9993283,24622079
2026-10-07T12:53:58.159253+00:00,vast.ai,marketplace,RTX 5090,0.5609259259259259,1,31.84,198.24749207300002,353.42949207299995,55.96,477.88888888888886,"Bulgaria, BG",0.9781943,45089961
2026-10-07T12:53:58.159253+00:00,vast.ai,marketplace,RTX 5090,0.5613888888888889,1,31.84,198.28849207300001,353.209492073,62.82,559.0,"South Korea, KR",0.9631247,53438650
2026-10-07T12:53:58.159253+00:00,vast.ai,marketplace,RTX 4090,0.5875,1,23.99,97.41849207300001,165.819492073,192.53,2943.45,"Italy, IT",0.9371039,54477338
2026-10-07T12:53:58.159253+00:00,vast.ai,marketplace,RTX 5090,0.5885185185185186,1,31.84,199.466492073,338.930492073,62.5,1727.0,"Australia, AU",0.9977448,54223458
2026-10-07T12:53:58.159253+00:00,vast.ai,marketplace,RTX 5090,0.6009259259259259,1,31.84,198.644492073,330.56349207299996,62.63,652.0,"South Korea, KR",0.9938592,48827544
2026-10-07T12:53:58.159253+00:00,vast.ai,marketplace,RTX 4090,0.6013888888888889,1,23.99,96.991492073,161.279492073,31.28,672.0,"Taiwan, TW",0.9965445,47554699
2026-10-07T12:53:58.159253+00:00,vast.ai,marketplace,RTX 4090,0.6013888888888889,1,23.99,51.625492073,85.844492073,61.31,582.0,"Qatar, QA",0.9970543,54315063
2026-10-07T12:53:58.159253+00:00,vast.ai,marketplace,RTX 5090,0.6013888888888889,1,31.84,167.203492073,278.029492073,31.34,717.0,"South Korea, KR",0.9906537,50734484
2026-10-07T12:53:58.159253+00:00,vast.ai,marketplace,RTX 5090,0.6013888888888889,1,31.84,197.761492073,328.84049207299995,251.84,1445.0,"Texas, US",0.9737963,53910978
2026-10-07T12:53:58.159253+00:00,vast.ai,marketplace,RTX 5090,0.6013888888888889,1,31.84,143.331492073,238.334492073,62.93,566.875,"Michigan, US",0.9920033,50849755
2026-10-07T12:53:58.159253+00:00,vast.ai,marketplace,RTX PRO 5000,0.6013888888888889,1,47.79,165.891492073,275.846492073,91.97,602.0,"Singapore, SG",0.9589807,52762454
2026-10-07T12:53:58.159253+00:00,vast.ai,marketplace,RTX PRO 5000,0.6013888888888889,1,47.79,165.911492073,275.88049207299997,91.97,649.0,"Jiangsu, CN",0.9528016,53881180
2026-10-07T12:53:58.159253+00:00,vast.ai,marketplace,RTX 3090,0.6018518518518519,1,24.0,44.359492073,73.704492073,62.83,1670.4,"Florida, US",0.9935637,54537575
2026-10-07T12:53:58.159253+00:00,vast.ai,marketplace,RTX 5090,0.6018518518518519,1,31.84,185.216492073,307.745492073,125.96,1225.075,"Nevada, US",0.9901595,52827188
2026-10-07T12:53:58.159253+00:00,vast.ai,marketplace,RTX 3090,0.6022592592592593,1,24.0,44.367492072999994,73.66849207300001,503.55,2571.0,"The Netherlands, NL",0.9785039,54642088
2026-10-07T12:53:58.159253+00:00,vast.ai,marketplace,RTX 5090,0.6023148148148147,1,31.84,203.063492073,337.13849207299995,62.96,1403.520372319913,"Denmark, DK",0.8137126,54641925
2026-10-07T12:53:58.159253+00:00,vast.ai,marketplace,RTX 5090,0.6023148148148147,1,31.84,198.72349207300002,329.932492073,62.96,105.125,"Norway, NO",0.9687653,54278085
2026-10-07T12:53:58.159253+00:00,vast.ai,marketplace,RTX PRO 5000,0.6058518518518519,1,47.79,165.477492073,273.132492073,247.94,370.9891605840593,"India, IN",0.9929233,54635234
2026-10-07T12:53:58.159253+00:00,vast.ai,marketplace,RTX 3090,0.6069444444444444,1,24.0,44.60549207299999,73.49249207300001,62.83,1281.0,"Florida, US",0.9965136,54581365
2026-10-07T12:53:58.159253+00:00,vast.ai,marketplace,GTX 1660 Ti,0.6069444444444444,1,6.0,2.4744920730000004,4.076492073,7.7,629.4000000000021,"Vietnam, VN",0.9920804,33521707
2026-10-07T12:53:58.159253+00:00,vast.ai,marketplace,RTX 4090,0.6079808888888889,1,23.99,100.777492073,165.757492073,125.72,713.0,"Oklahoma, US",0.9947001,29933348
2026-10-07T12:53:58.159253+00:00,vast.ai,marketplace,RTX 5090,0.6151851851851853,1,31.84,199.502492073,324.29649207299997,123.46,648.0,"Chile, CL",0.9463256,54559478
2026-10-07T12:53:58.159253+00:00,vast.ai,marketplace,RTX PRO 5000,0.6151851851851853,1,47.79,165.66349207300001,269.291492073,62.47,667.0,"Japan, JP",0.9956216,53624594
2026-10-07T12:53:58.159253+00:00,vast.ai,marketplace,RTX 4090,0.6241665092592593,1,23.99,96.817492073,155.114492073,62.89,745.425,"South Africa, ZA",0.9945516,54445144
2026-10-07T12:53:58.159253+00:00,vast.ai,marketplace,RTX 5090,0.6275925925925925,1,31.84,97.87649207300001,155.954492073,62.79,33.0,"California, US",0.9942363,51969545
2026-10-07T12:53:58.159253+00:00,vast.ai,marketplace,RTX 5090,0.6289814814814814,1,31.84,203.085492073,322.88049207299997,62.96,894.9721895927402,"Denmark, DK",0.9865691,54641979
2026-10-07T12:53:58.159253+00:00,vast.ai,marketplace,RTX 5090,0.6307777777777778,1,31.84,200.04449207300001,317.13849207299995,503.53,5036.0,"Italy, IT",0.991132,37776980
2026-10-07T12:53:58.159253+00:00,vast.ai,marketplace,RTX 5090,0.6320555555555555,1,31.84,164.280492073,259.91449207299996,62.89,176.25,"Texas, US",0.998878,35408140
2026-10-07T12:53:58.159253+00:00,vast.ai,marketplace,RTX 5090,0.6409259259259259,1,31.84,98.112492073,153.079492073,62.79,169.0,"California, US",0.9854475,52002277
2026-10-07T12:53:58.159253+00:00,vast.ai,marketplace,RTX 5090,0.6412037037037037,1,31.84,196.142492073,305.896492073,62.53,733.0,"Thailand, TH",0.9864713,54439034
2026-10-07T12:53:58.159253+00:00,vast.ai,marketplace,RTX PRO 5000,0.6413902222222222,1,47.79,165.643492073,258.25649207299995,62.69,548.0,"Bulgaria, BG",0.9966018,51288089
2026-10-07T12:53:58.159253+00:00,vast.ai,marketplace,RTX PRO 5000,0.6480555555555555,1,47.79,165.746492073,255.759492073,60.47,1260.5214851119483,"Australia, AU",0.9810425,54331454
2026-10-07T12:53:58.159253+00:00,vast.ai,marketplace,RTX PRO 5000,0.6480555555555555,1,47.79,165.488492073,255.361492073,93.67,2491.0,"Australia, AU",0.9889415,54242497
2026-10-07T12:53:58.159253+00:00,vast.ai,marketplace,RTX PRO 5000,0.6565740740740741,1,47.79,165.715492073,252.394492073,55.01,983.25,"Czechia, CZ",0.998751,39270910
2026-10-07T12:53:58.159253+00:00,vast.ai,marketplace,RTX 4090,0.6674074074074073,1,47.99,125.580492073,188.161492073,62.71,1716.3,"Minnesota, US",0.940149,54174301
2026-10-07T12:53:58.159253+00:00,vast.ai,marketplace,RTX 3090,0.6680555555555555,1,24.0,44.366492072999996,66.410492073,31.28,128.0,"British Columbia, CA",0.9949165,19448806
2026-10-07T12:53:58.159253+00:00,vast.ai,marketplace,RTX 3090,0.6685185185185185,1,24.0,44.356492073,66.350492073,125.72,1598.0,"Italy, IT",0.8291195,50732956
2026-10-07T12:53:58.159253+00:00,vast.ai,marketplace,RTX 4090,0.6685185185185185,1,47.99,67.604492073,101.125492073,125.81,1918.5235933367694,"Texas, US",0.9977563,29451946
2026-10-07T12:53:58.159253+00:00,vast.ai,marketplace,RTX PRO 5000,0.6685185185185185,1,47.79,165.808492073,248.023492073,94.26,556.5,"Ohio, US",0.994666,51838776
2026-10-07T12:53:58.159253+00:00,vast.ai,marketplace,RTX 4090,0.6689814814814814,1,47.99,125.527492073,187.640492073,125.92,1486.75,"Texas, US",0.999164,46613770
2026-10-07T12:53:58.159253+00:00,vast.ai,marketplace,RTX 5090,0.6694444444444444,1,31.84,199.099492073,297.410492073,92.92,1585.8,"Texas, US",0.8703233,54227888
2026-10-07T12:53:58.159253+00:00,vast.ai,marketplace,RTX 5090,0.6694444444444444,1,31.84,199.377492073,297.824492073,93.51,1585.8,"Texas, US",0.9475878,54227914
2026-10-07T12:53:58.159253+00:00,vast.ai,marketplace,A100 SXM4,0.6699074074074074,1,40.0,95.37649207300001,142.37249207300002,62.96,217.06013649368873,"Mississippi, US",0.9765363,51341865
2026-10-07T12:53:58.159253+00:00,vast.ai,marketplace,RTX PRO 5000,0.6699074074074074,1,47.79,165.612492073,247.216492073,62.88,1436.875,"Czechia, CZ",0.9986643,40114414
2026-10-07T12:53:58.159253+00:00,vast.ai,marketplace,RTX 4090,0.6711851851851852,1,23.99,97.383492073,145.09249207300002,31.25,362.5,"Spain, ES",0.994808,52945059
2026-10-07T12:53:58.159253+00:00,vast.ai,marketplace,RTX 5090,0.6712962962962963,1,31.84,199.08049207300002,296.560492073,125.65,1299.0,"Washington, US",0.9991671,31275126
2026-10-07T12:53:58.159253+00:00,vast.ai,marketplace,GTX 1660,0.673611111111111,1,6.0,2.316492073,3.4384920730000004,7.71,619.4000000000021,"Vietnam, VN",0.9919965,33521216
2026-10-07T12:53:58.159253+00:00,vast.ai,marketplace,RTX 5090,0.6765185185185185,1,31.84,140.368492073,207.48549207300002,62.71,746.9000000000001,"Norway, NO",0.9950768,54519379
2026-10-07T12:53:58.159253+00:00,vast.ai,marketplace,RTX 5090,0.6809259259259259,1,31.84,192.245492073,282.329492073,30.71,316.0,"Georgia, US",0.9852334,52803262
2026-10-07T12:53:58.159253+00:00,vast.ai,marketplace,RTX PRO 5000,0.6947222222222222,1,47.79,153.008492073,220.244492073,68.34,356.0,"California, US",0.9974462,49725348
2026-10-07T12:53:58.159253+00:00,vast.ai,marketplace,RTX PRO 5000,0.6947222222222222,1,47.79,165.653492073,238.445492073,68.33,1182.0,"California, US",0.9948272,49725392
2026-10-07T12:53:58.159253+00:00,vast.ai,marketplace,A100 SXM4,0.6956481481481481,1,40.0,87.619492073,125.954492073,125.89,582.0,"Croatia, HR",0.9832104,41566566
2026-10-07T12:53:58.159253+00:00,vast.ai,marketplace,RTX PRO 5000,0.697962962962963,1,47.79,167.121492073,239.442492073,62.88,1628.75,"Quebec, CA",0.9699679,52840364
2026-10-07T12:53:58.159253+00:00,vast.ai,marketplace,RTX 6000Ada,0.7226524907407408,1,44.99,100.389492073,138.918492073,62.88,700.425,"South Africa, ZA",0.9900369,54444923
2026-10-07T12:53:58.159253+00:00,vast.ai,marketplace,RTX 5090,0.7232407407407409,1,31.84,181.900492073,251.506492073,125.93,725.125,"Czechia, CZ",0.5844956,30374784
2026-10-07T12:53:58.159253+00:00,vast.ai,marketplace,A100 SXM4,0.7342592592592593,1,40.0,95.380492073,129.899492073,62.97,542.3350743159111,"Czechia, CZ",0.9904134,50365133
2026-10-07T12:53:58.159253+00:00,vast.ai,marketplace,RTX PRO 5000,0.7342592592592593,1,47.79,165.105492073,224.859492073,55.07,662.375,"Czechia, CZ",0.9984434,44193899
2026-10-07T12:53:58.159253+00:00,vast.ai,marketplace,RTX 5090,0.7346296296296297,1,31.84,199.083492073,270.99849207299997,251.91,639.7000000000003,"Norway, NO",0.9986818,54013404
2026-10-07T12:53:58.159253+00:00,vast.ai,marketplace,RTX 5090,0.7347222222222223,1,31.84,198.947492073,270.779492073,251.91,1574.575,"Norway, NO",0.9908004,53264486
2026-10-07T12:53:58.159253+00:00,vast.ai,marketplace,RTX 5090,0.7347222222222223,1,31.84,198.406492073,270.04249207299995,62.97,679.625,"Czechia, CZ",0.9900225,52411630
2026-10-07T12:53:58.159253+00:00,vast.ai,marketplace,RTX PRO 5000,0.7347222222222223,1,47.79,165.570492073,225.351492073,62.96,1361.7499999999998,"Nebraska, US",0.9861885,52507507
2026-10-07T12:53:58.159253+00:00,vast.ai,marketplace,RTX PRO 5000,0.7347222222222223,1,47.79,165.446492073,225.182492073,62.96,215.10000000000014,"Czechia, CZ",0.9851727,53969993
2026-10-07T12:53:58.159253+00:00,vast.ai,marketplace,RTX 4090,0.7356481481481482,1,47.99,125.571492073,170.695492073,125.95,313.25,"Romania, RO",0.9978107,48289323
2026-10-07T12:53:58.159253+00:00,vast.ai,marketplace,RTX 4090,0.7356481481481482,1,23.99,96.957492073,131.798492073,125.96,1100.125,"Maryland, US",0.8161259,54578361
2026-10-07T12:53:58.159253+00:00,vast.ai,marketplace,RTX PRO 5000,0.7356481481481482,1,47.79,165.746492073,225.30649207300002,125.6,1228.0,"Slovakia, SK",0.9992661,31641013
2026-10-07T12:53:58.159253+00:00,vast.ai,marketplace,A100 PCIE,0.7402777777777778,1,40.0,95.459492073,128.951492073,125.76,2922.5,"Michigan, US",0.9988736,53027123
2026-10-07T12:53:58.159253+00:00,vast.ai,marketplace,RTX 5090,0.7475925925925926,1,31.84,97.65349207300001,130.623492073,62.79,350.0,"California, US",0.985263,52002501
2026-10-07T12:53:58.159253+00:00,vast.ai,marketplace,RTX 5090,0.7609259259259258,1,31.84,96.916492073,127.366492073,62.79,44.0,"Maryland, US",0.9966024,53809924
2026-10-07T12:53:58.159253+00:00,vast.ai,marketplace,RTX 5090,0.7609259259259258,1,31.84,179.715492073,236.179492073,62.79,81.0,"California, US",0.9924813,51969530
2026-10-07T12:53:58.159253+00:00,vast.ai,marketplace,RTX 5090,0.763611111111111,1,31.84,190.86049207300002,249.944492073,125.93,560.25,"Czechia, CZ",0.5754847,30374673
2026-10-07T12:53:58.159253+00:00,vast.ai,marketplace,RTX 5090,0.7742592592592592,1,31.84,179.389492073,231.691492073,62.79,401.0,"California, US",0.9847475,52002273
2026-10-07T12:53:58.159253+00:00,vast.ai,marketplace,RTX 5090,0.7747222222222222,1,31.84,198.987492073,256.850492073,62.96,1053.0,"Czechia, CZ",0.9868211,53194851
2026-10-07T12:53:58.159253+00:00,vast.ai,marketplace,RTX 5090,0.7747222222222222,1,31.84,180.762492073,233.325492073,62.95,227.46340603399187,"Czechia, CZ",0.9984383,44096408
2026-10-07T12:53:58.159253+00:00,vast.ai,marketplace,RTX 5090,0.7875925925925925,1,31.84,73.17149207300001,92.905492073,62.79,356.0,"Maryland, US",0.9857393,51969541
2026-10-07T12:53:58.159253+00:00,vast.ai,marketplace,RTX 4090D,0.7885185185185185,1,47.99,120.40049207300001,152.691492073,78.57,337.5,"South Carolina, US",0.99754,54272628
2026-10-07T12:53:58.159253+00:00,vast.ai,marketplace,RTX 5090,0.7931481481481482,1,31.84,199.162492073,251.103492073,62.86,753.9856650396852,"Slovakia, SK",0.9933937,45620119
2026-10-07T12:53:58.159253+00:00,vast.ai,marketplace,RTX 5090,0.8004629629629629,1,31.84,199.357492073,249.052492073,61.72,2413.4994192782724,"Ohio, US",0.986613,52172893
2026-10-07T12:53:58.159253+00:00,vast.ai,marketplace,RTX 5090,0.8005185185185185,1,31.84,198.945492073,248.520492073,62.18,2870.0,"Florida, US",0.9963102,54209753
2026-10-07T12:53:58.159253+00:00,vast.ai,marketplace,RTX 5090,0.8005185185185185,1,31.84,199.097492073,248.710492073,61.95,714.6390362919492,"Florida, US",0.9945749,42585583
2026-10-07T12:53:58.159253+00:00,vast.ai,marketplace,RTX 4090,0.8009259259259258,1,23.99,61.295492073,76.530492073,110.03,1639.0,"Virginia, US",0.9951026,13917962
2026-10-07T12:53:58.159253+00:00,vast.ai,marketplace,A100 SXM4,0.8013888888888888,1,80.0,128.730492073,160.634492073,125.93,1032.9795761224125,"Poland, PL",0.9824428,53645767
2026-10-07T12:53:58.159253+00:00,vast.ai,marketplace,RTX 5090,0.8013888888888888,1,31.84,199.112492073,248.459492073,110.1,1019.0,"Finland, FI",0.996812,53406148
2026-10-07T12:53:58.159253+00:00,vast.ai,marketplace,RTX 5090,0.8013888888888888,1,31.84,185.719492073,231.74749207300002,125.83,3352.95,"United Kingdom, GB",0.981541,52451720
2026-10-07T12:53:58.159253+00:00,vast.ai,marketplace,RTX 4090,0.8018518518518518,1,47.99,125.651492073,156.701492073,125.75,6522.0,"Idaho, US",0.9989886,30155186
2026-10-07T12:53:58.159253+00:00,vast.ai,marketplace,RTX 5880Ada,0.8023148148148147,1,47.99,106.810492073,133.127492073,125.96,646.25,"United Kingdom, GB",0.9950074,44120922
2026-10-07T12:53:58.159253+00:00,vast.ai,marketplace,RTX 5090,0.8023148148148147,1,31.84,198.492492073,247.399492073,167.84,996.3333333333333,"Virginia, US",0.9956068,54581350
2026-10-07T12:53:58.159253+00:00,vast.ai,marketplace,RTX 5090,0.8053888888888888,1,31.84,126.935492073,157.608492073,62.97,683.125,"Czechia, CZ",0.9315878,49824503
2026-10-07T12:53:58.159253+00:00,vast.ai,marketplace,RTX 5090,0.8142592592592592,1,31.84,179.457492073,220.393492073,62.79,213.0,"Maryland, US",0.9943813,53809009
2026-10-07T12:53:58.159253+00:00,vast.ai,marketplace,RTX 5090,0.8267222222222222,1,31.84,199.390492073,241.18149207300002,251.78,1498.5,"Washington, US",0.9973777,52502967
2026-10-07T12:53:58.159253+00:00,vast.ai,marketplace,RTX 4090,0.8383148148148147,1,23.99,97.568492073,116.386492073,75.49,2446.4,"Hungary, HU",0.9915943,49591160
2026-10-07T12:53:58.159253+00:00,vast.ai,marketplace,RTX 5090,0.8537962962962964,1,31.84,199.070492073,233.158492073,125.07,2435.0,"Thailand, TH",0.9890439,38858395
2026-10-07T12:53:58.159253+00:00,vast.ai,marketplace,RTX 5090,0.8680555555555556,1,31.84,159.528492073,183.777492073,62.96,466.25,"Alberta, CA",0.9962701,45508884
2026-10-07T12:53:58.159253+00:00,vast.ai,marketplace,RTX 4090,0.8685185185185186,1,23.99,97.04049207300001,111.731492073,110.13,249.98566503968516,"Hungary, HU",0.993216,50466171
2026-10-07T12:53:58.159253+00:00,vast.ai,marketplace,RTX 4090,0.8687037037037038,1,23.99,97.23349207300001,111.929492073,125.88,506.3499999999997,"Hungary, HU",0.9927581,53828124
2026-10-07T12:53:58.159253+00:00,vast.ai,marketplace,RTX 5090,0.8689814814814815,1,31.84,199.139492073,229.164492073,30.46,2996.0,"Spain, ES",0.9994654,28841131
2026-10-07T12:53:58.159253+00:00,vast.ai,marketplace,RTX 5090,0.8689814814814815,1,31.84,198.90149207300001,228.890492073,60.44,2887.0,"Spain, ES",0.9990132,27710020
2026-10-07T12:53:58.159253+00:00,vast.ai,marketplace,RTX 5090,0.8689814814814815,1,31.84,198.650492073,228.601492073,83.95,479.2006356391216,"Finland, FI",0.9787547,47357390
2026-10-07T12:53:58.159253+00:00,vast.ai,marketplace,RTX 5090,0.8699074074074075,1,31.84,199.20549207300002,228.996492073,94.4,760.475,"Spain, ES",0.9941017,31191988
2026-10-07T12:53:58.159253+00:00,vast.ai,marketplace,RTX 5090,0.8773982222222222,1,31.84,203.482492073,231.916492073,123.5,2429.0,"Oklahoma, US",0.9927072,51432163
2026-10-07T12:53:58.159253+00:00,vast.ai,marketplace,A100 SXM4,0.9237037037037036,1,40.0,95.286492073,103.157492073,251.96,2435.875,"Virginia, US",0.9985565,42274228
2026-10-07T12:53:58.159253+00:00,vast.ai,marketplace,A100 SXM4,0.9237037037037036,1,40.0,95.323492073,103.196492073,251.96,2418.892830439474,"California, US",0.9987196,39460476
2026-10-07T12:53:58.159253+00:00,vast.ai,marketplace,RTX 3060,0.9345370370370369,1,12.0,12.274492073,13.134492073,503.51,6361.2,"Norway, NO",0.9198132,54365108
2026-10-07T12:53:58.159253+00:00,vast.ai,marketplace,RTX PRO 5000,0.9379629629629629,1,71.69,190.875492073,203.499492073,122.93,1483.0,"Colorado, US",0.9873868,51501187
2026-10-07T12:53:58.159253+00:00,vast.ai,marketplace,RTX PRO 5000,0.9520629629629631,1,47.79,165.581492073,173.918492073,58.91,1209.2362644962473,"Texas, US",0.9707421,42735320
2026-10-07T12:53:58.159253+00:00,vast.ai,marketplace,A100 SXM4,0.974259259259259,1,80.0,128.834492073,132.238492073,251.94,101.75,"Taiwan, TW",0.9988218,36994167
2026-10-07T12:53:58.159253+00:00,vast.ai,marketplace,RTX 5090,0.9765740740740739,1,31.84,203.243492073,208.118492073,94.43,573.0,"Czechia, CZ",0.9658195,33038308
2026-10-07T12:53:58.159253+00:00,vast.ai,marketplace,RTX 3090,1.0013888888888889,1,24.0,44.360492072999996,44.299492072999996,125.63,335.0,"Ontario, CA",0.99125,52810281
2026-10-07T12:53:58.159253+00:00,vast.ai,marketplace,A100 SXM4,1.0013888888888889,1,80.0,128.769492073,128.591492073,125.93,73.0,"France, FR",0.9908123,43131371
2026-10-07T12:53:58.159253+00:00,vast.ai,marketplace,RTX 5090,1.0013888888888889,1,31.84,87.609492073,87.488492073,125.66,1317.8,"Florida, US",0.9922182,38597207
2026-10-07T12:53:58.159253+00:00,vast.ai,marketplace,RTX PRO 6000 Max-Q,1.0018518518518518,1,95.59,283.190492073,282.666492073,998.03,1495.25,"India, IN",0.9427638,54625297
2026-10-07T12:53:58.159253+00:00,vast.ai,marketplace,RTX 5090,1.0023148148148149,1,31.84,198.835492073,198.376492073,125.85,1437.0,"Norway, NO",0.9987608,54539455
2026-10-07T12:53:58.159253+00:00,vast.ai,marketplace,RTX 5090,1.0107222222222223,1,31.84,199.44349207300002,197.327492073,167.84,2100.333333333333,"Germany, DE",0.979317,53334404
2026-10-07T12:53:58.159253+00:00,vast.ai,marketplace,RTX A2000,1.0111851851851852,1,5.99,8.575492073,8.480492073,125.5,6404.8,"British Columbia, CA",0.9757997,53741562
2026-10-07T12:53:58.159253+00:00,vast.ai,marketplace,RTX 5090,1.0374814814814814,1,31.84,192.761492073,185.797492073,40.22,564.5,"Taiwan, TW",0.9942839,52965009
2026-10-07T12:53:58.159253+00:00,vast.ai,marketplace,A100 SXM4,1.0550000000000002,1,80.0,128.701492073,121.99249207300001,125.87,989.75,"Czechia, CZ",0.9947187,36602054
2026-10-07T12:53:58.159253+00:00,vast.ai,marketplace,A100 SXM4,1.0550925925925927,1,80.0,119.807492073,113.551492073,125.97,1038.0,"Sweden, SE",0.9975042,21050982
2026-10-07T12:53:58.159253+00:00,vast.ai,marketplace,RTX PRO 6000 WS,1.072685185185185,1,95.59,72.76049207300001,67.830492073,125.92,658.25,"California, US",0.9865641,51010704
2026-10-07T12:53:58.159253+00:00,vast.ai,marketplace,RTX 5090,1.1747222222222222,1,31.84,100.407492073,85.473492073,30.07,294.5,"Delaware, US",0.9915777,53337127
2026-10-07T12:53:58.159253+00:00,vast.ai,marketplace,RTX 5090,1.1875925925925928,1,31.84,99.809492073,84.04349207300001,121.21,661.9,"Germany, DE",0.9829636,51782800
2026-10-07T12:53:58.159253+00:00,vast.ai,marketplace,RTX 5060 Ti,1.2013888888888888,1,15.93,38.396492073,31.960492073,15.49,156.0,"Quebec, CA",0.9847205,52847910
2026-10-07T12:53:58.159253+00:00,vast.ai,marketplace,RTX 4090,1.2533888888888889,1,47.99,125.210492073,99.89749207300001,125.75,1634.0,"Washington, US",0.9949647,54003173
2026-10-07T12:53:58.159253+00:00,vast.ai,marketplace,RTX 6000D,1.2579629629629627,1,83.64,229.635492073,182.545492073,94.42,497.875,"Czechia, CZ",0.991877,51063966
2026-10-07T12:53:58.159253+00:00,vast.ai,marketplace,RTX PRO 6000 Max-Q,1.262722222222222,1,95.59,283.482492073,224.501492073,141.55,107.25,"Texas, US",0.9979706,37942440
2026-10-07T12:53:58.159253+00:00,vast.ai,marketplace,RTX 4090,1.267648148148148,1,47.99,125.598492073,99.079492073,125.87,2955.0,"Washington, US",0.9986427,46255397
2026-10-07T12:53:58.159253+00:00,vast.ai,marketplace,RTX PRO 6000 Max-Q,1.2680555555555555,1,95.59,282.898492073,223.095492073,215.93,1881.1708851017916,"North Carolina, US",0.9949337,38606070
2026-10-07T12:53:58.159253+00:00,vast.ai,marketplace,RTX 4090,1.2680555555555555,1,47.99,125.536492073,98.999492073,107.97,439.07142857142856,"Washington, US",0.9864349,48484823
2026-10-07T12:53:58.159253+00:00,vast.ai,marketplace,RTX 4090,1.2683333333333333,1,23.99,97.362492073,76.764492073,167.97,526.75,"Washington, US",0.9974119,54232941
2026-10-07T12:53:58.159253+00:00,vast.ai,marketplace,RTX PRO 6000 WS,1.294722222222222,1,95.59,283.735492073,219.147492073,121.21,416.0,"Jiangsu, CN",0.9500319,44490724
2026-10-07T12:53:58.159253+00:00,vast.ai,marketplace,RTX 5090,1.2949537037037036,1,31.84,197.996492073,152.898492073,94.42,1107.5,"Hungary, HU",0.9913437,51932566
2026-10-07T12:53:58.159253+00:00,vast.ai,marketplace,RTX PRO 6000 Max-Q,1.3041666666666667,1,95.59,283.560492073,217.426492073,94.37,774.5,"The Netherlands, NL",0.9880354,53732977
2026-10-07T12:53:58.159253+00:00,vast.ai,marketplace,RTX PRO 6000 WS,1.3347222222222221,1,95.59,283.973492073,212.758492073,125.84,1189.0,"Spain, ES",0.9993347,29519533
2026-10-07T12:53:58.159253+00:00,vast.ai,marketplace,RTX 3090,1.3347222222222221,1,24.0,44.364492072999994,33.238492072999996,62.72,470.0,"Washington, US",0.99606,51860372
2026-10-07T12:53:58.159253+00:00,vast.ai,marketplace,RTX PRO 5000,1.3347222222222221,1,71.69,190.970492073,143.079492073,62.71,2575.1,"Florida, US",0.9688587,53704978
2026-10-07T12:53:58.159253+00:00,vast.ai,marketplace,RTX A2000,1.3347222222222221,1,5.99,8.574492073,6.424492073000001,31.16,761.5,"British Columbia, CA",0.971539,46186923
2026-10-07T12:53:58.159253+00:00,vast.ai,marketplace,RTX PRO 6000 WS,1.335185185185185,1,95.59,283.540492073,212.36049207300002,62.82,2542.0,"Virginia, US",0.976631,52094526
2026-10-07T12:53:58.159253+00:00,vast.ai,marketplace,RTX PRO 6000 S,1.335185185185185,1,95.59,278.90749207299996,208.890492073,188.92,51.625,"Bulgaria, BG",0.9987064,53665711
2026-10-07T12:53:58.159253+00:00,vast.ai,marketplace,RTX PRO 6000 Max-Q,1.3352777777777778,1,95.59,283.560492073,212.36049207300002,124.85,1103.0,"Switzerland, CH",0.9971504,46501555
2026-10-07T12:53:58.159253+00:00,vast.ai,marketplace,RTX 5090,1.3356481481481481,1,31.84,197.772492073,148.072492073,125.96,1475.375,"Hungary, HU",0.9935864,52070431
2026-10-07T12:53:58.159253+00:00,vast.ai,marketplace,RTX 5090,1.3356481481481481,1,31.84,198.763492073,148.813492073,110.2,376.75,"Hungary, HU",0.9961989,49846912
2026-10-07T12:53:58.159253+00:00,vast.ai,marketplace,RTX PRO 6000 S,1.336111111111111,1,95.59,279.797492073,209.411492073,125.94,251.4071313082524,"California, US",0.992609,54261928
2026-10-07T12:53:58.159253+00:00,vast.ai,marketplace,RTX PRO 6000 S,1.336111111111111,1,95.59,279.894492073,209.484492073,283.09,1438.0,"France, FR",0.9849555,52594278
2026-10-07T12:53:58.159253+00:00,vast.ai,marketplace,RTX 5090,1.336111111111111,1,31.84,199.053492073,148.97949207300002,125.64,420.0,"Illinois, US",0.9990473,53294830
2026-10-07T12:53:58.159253+00:00,vast.ai,marketplace,RTX PRO 6000 Max-Q,1.3361666666666667,1,95.59,237.570492073,177.799492073,125.92,1465.125,"Czechia, CZ",0.999008,36131363
2026-10-07T12:53:58.159253+00:00,vast.ai,marketplace,RTX PRO 6000 S,1.337037037037037,1,95.59,279.023492073,208.68749207300002,125.94,194.362212081488,"California, US",0.9955204,54224884
2026-10-07T12:53:58.159253+00:00,vast.ai,marketplace,RTX PRO 6000 Max-Q,1.3788981481481482,1,95.59,260.740492073,189.093492073,62.86,973.5,"Taiwan, TW",0.9959736,52962348
2026-10-07T12:53:58.159253+00:00,vast.ai,marketplace,RTX PRO 6000 WS,1.3880555555555556,1,95.59,283.59949207299996,204.314492073,249.01,6276.0,"Nevada, US",0.5968673,54564427
2026-10-07T12:53:58.159253+00:00,vast.ai,marketplace,RTX PRO 6000 WS,1.3908148148148147,1,95.59,283.65749207299996,203.950492073,93.17,1348.0,"Taiwan, TW",0.9968759,52761166
2026-10-07T12:53:58.159253+00:00,vast.ai,marketplace,RTX PRO 6000 WS,1.401388888888889,1,95.59,283.365492073,202.203492073,124.92,1196.0,"British Columbia, CA",0.9910451,51488023
2026-10-07T12:53:58.159253+00:00,vast.ai,marketplace,RTX PRO 6000 WS,1.4017592592592594,1,95.59,283.46249207299996,202.219492073,125.69,774.0,"Indiana, US",0.996461,48072595
2026-10-07T12:53:58.159253+00:00,vast.ai,marketplace,RTX PRO 6000 S,1.402314814814815,1,95.59,279.62349207299997,199.40149207300001,188.92,134.75,"Bulgaria, BG",0.9982414,44647847
2026-10-07T12:53:58.159253+00:00,vast.ai,marketplace,RTX PRO 6000 S,1.4115925925925927,1,95.59,234.007492073,165.775492073,94.42,529.25,"New York, US",0.9970064,48845080
2026-10-07T12:53:58.159253+00:00,vast.ai,marketplace,RTX PRO 6000 WS,1.4120555555555556,1,95.59,283.24849207299997,200.593492073,123.44,158.0,"South Korea, KR",0.9986556,46182075
2026-10-07T12:53:58.159253+00:00,vast.ai,marketplace,RTX PRO 6000 S,1.4387222222222222,1,95.59,276.661492073,192.296492073,283.39,2468.5,"New York, US",0.9994839,41925532
2026-10-07T12:53:58.159253+00:00,vast.ai,marketplace,RTX PRO 6000 S,1.4464814814814817,1,95.59,278.132492073,192.28249207300001,188.93,139.375,"Maryland, US",0.9991997,54163793
2026-10-07T12:53:58.159253+00:00,vast.ai,marketplace,RTX PRO 6000 WS,1.4680555555555557,1,95.59,230.640492073,157.106492073,125.53,4232.3,"Virginia, US",0.994283,53871957
2026-10-07T12:53:58.159253+00:00,vast.ai,marketplace,RTX PRO 6000 Max-Q,1.4680555555555557,1,95.59,282.66449207299996,192.543492073,94.42,1874.8333333333333,"Czechia, CZ",0.9616749,54270164
2026-10-07T12:53:58.159253+00:00,vast.ai,marketplace,RTX PRO 6000 S,1.4685185185185186,1,95.59,278.810492073,189.858492073,110.15,3235.454646086698,"Texas, US",0.990859,52528361
2026-10-07T12:53:58.159253+00:00,vast.ai,marketplace,RTX PRO 6000 S,1.4685185185185186,1,95.59,278.500492073,189.647492073,98.4,1682.988706322284,"Texas, US",0.9945229,50644421
2026-10-07T12:53:58.159253+00:00,vast.ai,marketplace,RTX PRO 6000 S,1.4942592592592594,1,95.59,128.924492073,86.280492073,94.42,681.8375,"Bulgaria, BG",0.9804638,48905159
2026-10-07T12:53:58.159253+00:00,vast.ai,marketplace,RTX PRO 6000 WS,1.6013888888888888,1,95.59,282.85949207299996,176.633492073,110.2,1792.4,"Texas, US",0.993153,52611622
2026-10-07T12:53:58.159253+00:00,vast.ai,marketplace,RTX PRO 6000 S,1.6013888888888888,1,95.59,278.307492073,173.791492073,283.4,204.0,"The Netherlands, NL",0.9986919,44103712
2026-10-07T12:53:58.159253+00:00,vast.ai,marketplace,RTX PRO 6000 WS,1.6023148148148147,1,95.59,283.209492073,176.750492073,167.78,4118.0,"Hungary, HU",0.9926496,51122668
2026-10-07T12:53:58.159253+00:00,vast.ai,marketplace,RTX 5090,1.6023148148148147,1,31.84,200.05049207300002,124.850492073,62.78,1600.4,"Denmark, DK",0.9489405,54488362
2026-10-07T12:53:58.159253+00:00,vast.ai,marketplace,RTX 5090,1.6023148148148147,1,31.84,199.535492073,124.529492073,94.26,1600.4,"Denmark, DK",0.9534474,54488350
2026-10-07T12:53:58.159253+00:00,vast.ai,marketplace,RTX 5090,1.6055555555555554,1,31.84,199.44949207300002,124.22449207300001,247.81,366.0,"Norway, NO",0.9984488,50806298
2026-10-07T12:53:58.159253+00:00,vast.ai,marketplace,RTX PRO 6000 Max-Q,1.616537037037037,1,95.59,282.839492073,174.966492073,125.92,462.625,"Czechia, CZ",0.9970794,47792413
2026-10-07T12:53:58.159253+00:00,vast.ai,marketplace,RTX PRO 6000 WS,1.6187222222222224,1,95.59,283.774492073,175.307492073,125.71,1654.0,"Bulgaria, BG",0.9892215,51299966
2026-10-07T12:53:58.159253+00:00,vast.ai,marketplace,RTX PRO 6000 WS,1.6272555555555557,1,95.59,283.677492073,174.328492073,125.44,3063.0,"Massachusetts, US",0.9891522,38936192
2026-10-07T12:53:58.159253+00:00,vast.ai,marketplace,RTX PRO 6000 WS,1.6285185185185185,1,95.59,283.28749207299995,173.954492073,108.05,3633.000000000004,"North Carolina, US",0.9928536,47875613
2026-10-07T12:53:58.159253+00:00,vast.ai,marketplace,RTX PRO 6000 Max-Q,1.6685185185185185,1,95.59,283.579492073,169.959492073,125.57,1613.85,"Norway, NO",0.9927663,54519237
2026-10-07T12:53:58.159253+00:00,vast.ai,marketplace,RTX PRO 5000,1.6685185185185185,1,47.79,165.70549207300002,99.312492073,503.52,2193.5,"Texas, US",0.9987942,53430598
2026-10-07T12:53:58.159253+00:00,vast.ai,marketplace,RTX PRO 6000 WS,1.6736111111111112,1,95.59,283.44349207299996,169.36049207300002,121.18,990.0,"California, US",0.9872122,50460702
2026-10-07T12:53:58.159253+00:00,vast.ai,marketplace,RTX PRO 6000 WS,1.6823148148148148,1,95.59,282.937492073,168.183492073,94.2,3144.5,"Texas, US",0.983022,54250814
2026-10-07T12:53:58.159253+00:00,vast.ai,marketplace,RTX PRO 6000 WS,1.7270555555555556,1,95.59,282.50849207299996,163.578492073,1007.69,5194.0,"Italy, IT",0.9649718,53723217
2026-10-07T12:53:58.159253+00:00,vast.ai,marketplace,RTX PRO 6000 WS,1.734074074074074,1,95.59,283.151492073,163.286492073,125.49,2433.05,"Minnesota, US",0.9945279,53578042
2026-10-07T12:53:58.159253+00:00,vast.ai,marketplace,H100 SXM,1.7347222222222223,1,79.65,299.71749207299996,172.775492073,125.88,61.25,"Washington, US",0.9988065,40179475
2026-10-07T12:53:58.159253+00:00,vast.ai,marketplace,H100 SXM,1.7347222222222223,1,79.65,295.13549207299997,170.134492073,125.88,53.75,"Washington, US",0.9990559,40291938
2026-10-07T12:53:58.159253+00:00,vast.ai,marketplace,RTX PRO 6000 S,1.7351851851851852,1,95.59,279.932492073,161.327492073,125.93,1057.875,"Texas, US",0.9992105,33665874
2026-10-07T12:53:58.159253+00:00,vast.ai,marketplace,RTX PRO 6000 S,1.7351851851851852,1,95.59,278.810492073,160.680492073,125.93,835.0,"Texas, US",0.999298,33655233
2026-10-07T12:53:58.159253+00:00,vast.ai,marketplace,RTX PRO 6000 Max-Q,1.7356481481481483,1,95.59,283.696492073,163.452492073,188.81,2702.75,"Maryland, US",0.9946659,52509886
2026-10-07T12:53:58.159253+00:00,vast.ai,marketplace,RTX PRO 6000 WS,1.7627777777777778,1,95.59,283.677492073,160.926492073,125.58,2552.0,"Texas, US",0.9937736,51489157
2026-10-07T12:53:58.159253+00:00,vast.ai,marketplace,RTX PRO 6000 WS,1.801388888888889,1,95.59,283.79449207299996,157.541492073,220.17,3118.5,"Japan, JP",0.9806033,54446101
2026-10-07T12:53:58.159253+00:00,vast.ai,marketplace,RTX PRO 6000 WS,1.8680555555555554,1,95.59,283.521492073,151.773492073,94.34,186.0,"Germany, DE",0.9845916,54633835
2026-10-07T12:53:58.159253+00:00,vast.ai,marketplace,RTX 4090,2.001388888888889,1,23.99,97.13549207300001,48.534492072999996,125.71,1349.0,"Ontario, CA",0.9965419,52814544
2026-10-07T12:53:58.159253+00:00,vast.ai,marketplace,RTX PRO 6000 WS,2.002314814814815,1,95.59,282.11849207299997,140.896492073,94.44,403.875,"Alberta, CA",0.9961486,53217065
2026-10-07T12:53:58.159253+00:00,vast.ai,marketplace,A100 SXM4,2.0494210462962963,1,80.0,128.846492073,62.869492072999996,125.96,650.5557708389458,"North Carolina, US",0.9914495,53572331
2026-10-07T12:53:58.159253+00:00,vast.ai,marketplace,RTX PRO 6000 WS,2.122037037037037,1,95.59,282.781492073,133.259492073,125.92,1034.375,"Hungary, HU",0.9961586,43620826
2026-10-07T12:53:58.159253+00:00,vast.ai,marketplace,RTX PRO 6000 S,2.377037037037037,1,95.59,234.120492073,98.49249207300001,125.93,1129.375,"Czechia, CZ",0.998361,44623528
2026-10-07T12:53:58.159253+00:00,vast.ai,marketplace,H100 SXM,2.406388888888889,1,79.65,362.949492073,150.827492073,377.84,380.25,"Montana, US",0.9937509,54223887
2026-10-07T12:53:58.159253+00:00,vast.ai,marketplace,H100 NVL,2.5347222222222223,1,93.58,377.59449207299997,148.968492073,188.94,3131.35,"Bulgaria, BG",0.8364818,54537994
2026-10-07T12:53:58.159253+00:00,vast.ai,marketplace,H100 PCIE,2.5359030277777777,1,79.65,255.56849207300002,100.780492073,250.48,827.0125,"South Africa, ZA",0.9923098,54467129
2026-10-07T12:53:58.159253+00:00,vast.ai,marketplace,H100 NVL,2.934722222222217,1,93.58,343.449492073,117.029492073,314.69,305.1,"Ireland, IE",0.9882079,54643158
2026-10-07T12:53:58.159253+00:00,vast.ai,marketplace,H100 NVL,3.0147222222222223,1,93.58,349.22249207299996,115.839492073,314.69,309.20000000000005,"Malaysia, MY",0.9871742,54643865
2026-10-07T12:53:58.159253+00:00,vast.ai,marketplace,H100 NVL,3.028055555555548,1,93.58,347.824492073,114.86749207300001,314.69,809.7,"Virginia, US",0.9914177,54643108
2026-10-07T12:53:58.159253+00:00,vast.ai,marketplace,H200 NVL,3.206018518518518,1,140.4,452.738492073,141.215492073,362.07,1279.729574370637,"Montana, US",0.9743269,53411506
2026-10-07T12:53:58.159253+00:00,vast.ai,marketplace,RTX 4090,3.339814814814815,1,23.99,96.740492073,28.965492073,62.53,686.0,"Alberta, CA",0.9949757,53752192
2026-10-07T12:53:58.159253+00:00,vast.ai,marketplace,H200 NVL,4.0018518518518515,1,140.4,453.17149207299997,113.240492073,335.82,2204.7,"New Mexico, US",0.9647072,53278597
2026-10-07T12:53:58.159253+00:00,vast.ai,marketplace,H200 NVL,4.003240740740741,1,140.4,452.88349207299996,113.12949207300001,251.91,1491.025,"Spain, ES",0.9956006,51589345
2026-10-07T12:53:58.159253+00:00,vast.ai,marketplace,H200 NVL,4.268055555555556,1,140.4,388.17149207299997,90.948492073,181.06,192.25,"Bulgaria, BG",0.9786264,44335860
2026-10-07T12:53:58.159253+00:00,vast.ai,marketplace,H200 NVL,4.353611111111111,1,140.4,432.32849207299995,99.303492073,251.73,1925.0,"Washington, US",0.9610233,54530736
2026-10-07T12:53:58.159253+00:00,vast.ai,marketplace,H200 NVL,4.388055555555556,1,140.4,396.442492073,90.345492073,214.36,9.714285714285714,"Mississippi, US",0.9943598,50176560
2026-10-07T12:53:58.159253+00:00,vast.ai,marketplace,H200 NVL,4.668055555555556,1,140.4,452.96749207299996,97.035492073,251.4,842.4464453693265,"South Korea, KR",0.9657171,52223717
2026-10-07T12:53:58.159253+00:00,vast.ai,marketplace,H200 NVL,4.698833333333333,1,140.4,452.80149207299996,96.36449207300001,283.35,1583.375,"Czechia, CZ",0.999532,28875919
2026-10-07T12:53:58.159253+00:00,vast.ai,marketplace,H200 NVL,5.097314814814815,1,140.4,451.47249207299996,88.570492073,236.15,1067.0,"Czechia, CZ",0.9989864,31183516
2026-10-07T12:53:58.159253+00:00,vast.ai,marketplace,H200,5.120248538011696,1,140.4,491.350492073,95.962492073,377.93,439.21062241079426,"Saudi Arabia, SA",0.9988459,39353737
2026-10-07T12:53:58.159253+00:00,vast.ai,marketplace,H200,5.120248538011696,1,140.4,493.72449207299996,96.425492073,377.93,2587.4764589548995,"Saudi Arabia, SA",0.9977337,39605038
2026-10-07T12:53:58.159253+00:00,vast.ai,marketplace,H100 SXM,5.434722222222223,1,79.65,300.73449207299996,55.335492073,221.46,2091.4829233166006,", US",0.998365,36346706
2026-10-07T12:53:58.159253+00:00,vast.ai,marketplace,B200,6.251302083333333,1,179.06,679.935492073,108.767492073,249.5,1368.6561419755863,"Oregon, US",0.9928485,51577276
2026-10-07T12:53:58.159253+00:00,vast.ai,marketplace,B200,6.251302083333333,1,179.06,679.189492073,108.64749207300001,249.5,2236.875,"Oregon, US",0.9961028,51592620
2026-10-07T12:53:58.159253+00:00,vast.ai,marketplace,B200,6.251302083333333,1,179.06,680.577492073,108.869492073,249.5,2703.0,"Oregon, US",0.9974254,51575931
2026-10-07T12:53:58.159253+00:00,vast.ai,marketplace,RTX 5090,9.334898148148149,1,31.84,195.132492073,20.903492073,31.36,843.5,"Taiwan, TW",0.9908723,53630594
2026-10-07T12:53:58.159253+00:00,vast.ai,marketplace,B200,9.381510416666666,1,179.06,696.329492073,74.223492073,249.5,2184.0820144460417,", US",0.9961292,51061890
2026-10-07T12:53:58.159253+00:00,vast.ai,marketplace,B300,9.938802083333334,1,268.59,359.920492073,36.213492073,251.94,743.75,"Croatia, HR",0.9078708,54483093
