collected_at,provider,tier,gpu_model,price_usd_per_hr,num_gpus,gpu_ram_gb,dlperf,dlperf_per_dollar,cpu_ram_gb,disk_space_gb,region,reliability,offer_id
2026-09-27T11:39:52.278593+00:00,vast.ai,marketplace,Quadro P2000,0.02851851851851852,1,5.0,1.0177623801653413,35.68777177203145,6.83,11.625,"Nevada, US",0.993836,49574216
2026-09-27T11:39:52.278593+00:00,vast.ai,marketplace,GTX 1660 Ti,0.02901851851851852,1,6.0,2.5093882752991803,86.47540961464948,31.08,714.0,"Quebec, CA",0.9471867,52297018
2026-09-27T11:39:52.278593+00:00,vast.ai,marketplace,GTX 1660 S,0.03918518518518519,1,6.0,1.688020135306153,43.078018575865904,31.18,809.7,"California, US",0.9421278,52619475
2026-09-27T11:39:52.278593+00:00,vast.ai,marketplace,GTX 1650,0.047314814814814816,1,4.0,1.2880326307884207,27.2226074608903,11.75,153.0,"Oregon, US",0.9861922,52824308
2026-09-27T11:39:52.278593+00:00,vast.ai,marketplace,GTX 1650,0.047314814814814816,1,4.0,1.314866643929846,27.78974511632551,11.75,68.125,"Oregon, US",0.9892784,52824440
2026-09-27T11:39:52.278593+00:00,vast.ai,marketplace,GTX 1070,0.04805555555555556,1,8.0,2.6128927489656055,54.37233466055595,8.96,157.70000000000002,"South Korea, KR",0.9679107,48484313
2026-09-27T11:39:52.278593+00:00,vast.ai,marketplace,GTX 1070,0.04805555555555556,1,8.0,2.563222951836694,53.33874350642831,8.96,61.57142857142857,"South Korea, KR",0.982011,47060244
2026-09-27T11:39:52.278593+00:00,vast.ai,marketplace,Titan Xp,0.04805555555555556,1,12.0,5.757466410549852,119.80854958369633,8.96,85.00204081632653,"South Korea, KR",0.9876852,48455478
2026-09-27T11:39:52.278593+00:00,vast.ai,marketplace,GTX 1070,0.050722222222222224,1,8.0,2.4978679556144425,49.246027602475316,15.62,178.5,"South Korea, KR",0.9868005,50850384
2026-09-27T11:39:52.278593+00:00,vast.ai,marketplace,GTX 1080 Ti,0.05472222222222223,1,11.0,5.316102491579529,97.14705060754468,18.85,20.0,"Quebec, CA",0.9978578,49328821
2026-09-27T11:39:52.278593+00:00,vast.ai,marketplace,Titan Xp,0.05472222222222223,1,12.0,5.757466410549852,105.21258415218003,10.45,174.25105255534078,"South Korea, KR",0.9876295,48369192
2026-09-27T11:39:52.278593+00:00,vast.ai,marketplace,Titan Xp,0.05472222222222223,1,12.0,5.757466410549852,105.21258415218003,10.46,248.38955934012398,"South Korea, KR",0.9861119,48474935
2026-09-27T11:39:52.278593+00:00,vast.ai,marketplace,Titan Xp,0.05472222222222223,1,12.0,5.757466410549852,105.21258415218003,18.85,20.0,"Quebec, CA",0.9978578,49328820
2026-09-27T11:39:52.278593+00:00,vast.ai,marketplace,Titan Xp,0.05472222222222223,1,12.0,5.757466410549852,105.21258415218003,10.45,253.98333333333335,"South Korea, KR",0.9913213,48453493
2026-09-27T11:39:52.278593+00:00,vast.ai,marketplace,GTX TITAN X,0.05472222222222223,1,12.0,3.355057349444435,61.31069268020287,15.51,162.0,"South Korea, KR",0.9289462,52856971
2026-09-27T11:39:52.278593+00:00,vast.ai,marketplace,GTX TITAN X,0.05472222222222223,1,12.0,3.355057349444435,61.31069268020287,15.51,82.29999999999997,"South Korea, KR",0.9551234,52856994
2026-09-27T11:39:52.278593+00:00,vast.ai,marketplace,Quadro P4000,0.055648148148148155,1,8.0,2.0836915595552954,37.44404133643459,23.56,240.325,"United States, US",0.9773024,52494640
2026-09-27T11:39:52.278593+00:00,vast.ai,marketplace,Quadro P4000,0.05611111111111111,1,8.0,2.0836915595552954,37.13509710098546,31.44,223.775,"Nevada, US",0.9955464,48453750
2026-09-27T11:39:52.278593+00:00,vast.ai,marketplace,GTX 1660 S,0.05738888888888889,1,6.0,1.688020135306153,29.413710005334707,15.59,140.5,"Vietnam, VN",0.9940131,34815247
2026-09-27T11:39:52.278593+00:00,vast.ai,marketplace,RTX 3060,0.05761111111111111,1,12.0,12.666653099877916,219.86475968929844,31.32,302.5,"Norway, NO",0.9847192,52072380
2026-09-27T11:39:52.278593+00:00,vast.ai,marketplace,RTX 3060,0.058777777777777776,1,12.0,12.47802773029457,212.29158709385848,31.42,336.25,"New Brunswick, CA",0.9987495,48529480
2026-09-27T11:39:52.278593+00:00,vast.ai,marketplace,RTX 2060,0.060277777777777784,1,12.0,3.969804724504951,65.85851155860747,8.96,153.42857142857142,"South Korea, KR",0.9945226,35050682
2026-09-27T11:39:52.278593+00:00,vast.ai,marketplace,RTX 3060,0.06092592592592593,1,12.0,12.04541429711627,197.70588815935517,15.63,337.5,"Poland, PL",0.9994322,45600112
2026-09-27T11:39:52.278593+00:00,vast.ai,marketplace,Quadro P4000,0.061388888888888896,1,8.0,2.0836915595552954,33.942486942982185,15.46,105.5,"Romania, RO",0.998411,43521342
2026-09-27T11:39:52.278593+00:00,vast.ai,marketplace,GTX 1080,0.061388888888888896,1,8.0,3.330490607485923,54.25233568755349,10.46,221.16666666666666,"South Korea, KR",0.9962813,50870177
2026-09-27T11:39:52.278593+00:00,vast.ai,marketplace,GTX 1080,0.061388888888888896,1,8.0,3.330490607485923,54.25233568755349,10.46,268.0,"South Korea, KR",0.9911996,52708530
2026-09-27T11:39:52.278593+00:00,vast.ai,marketplace,GTX 1080,0.061388888888888896,1,8.0,3.330490607485923,54.25233568755349,15.54,177.3,"South Korea, KR",0.9978043,52708889
2026-09-27T11:39:52.278593+00:00,vast.ai,marketplace,GTX 1080,0.061388888888888896,1,8.0,3.351404206277043,54.59300969501065,15.52,163.8,"South Korea, KR",0.9916791,52708846
2026-09-27T11:39:52.278593+00:00,vast.ai,marketplace,GTX TITAN X,0.061388888888888896,1,12.0,3.355057349444435,54.6525179095021,5.8,67.5,"South Korea, KR",0.9963533,51832530
2026-09-27T11:39:52.278593+00:00,vast.ai,marketplace,GTX TITAN X,0.061388888888888896,1,12.0,3.355057349444435,54.6525179095021,7.76,126.5,"South Korea, KR",0.9816731,45748277
2026-09-27T11:39:52.278593+00:00,vast.ai,marketplace,RTX 2070,0.061388888888888896,1,8.0,4.104189194763423,66.85557059343132,7.77,139.5,"South Korea, KR",0.9908051,49868125
2026-09-27T11:39:52.278593+00:00,vast.ai,marketplace,RTX 3060 Ti,0.061388888888888896,1,8.0,13.775822893619656,224.40254487344234,7.76,184.2,"South Korea, KR",0.9953131,46591555
2026-09-27T11:39:52.278593+00:00,vast.ai,marketplace,GTX 1080 Ti,0.06405555555555556,1,11.0,5.212453494822205,81.3739487483085,15.52,146.0,"South Korea, KR",0.9856332,50029682
2026-09-27T11:39:52.278593+00:00,vast.ai,marketplace,GTX 1080 Ti,0.06405555555555556,1,11.0,5.212453494822205,81.3739487483085,7.73,167.0,"South Korea, KR",0.9973788,50029603
2026-09-27T11:39:52.278593+00:00,vast.ai,marketplace,GTX 1080 Ti,0.06405555555555556,1,11.0,5.212453494822205,81.3739487483085,7.73,190.0,"South Korea, KR",0.9961546,50029620
2026-09-27T11:39:52.278593+00:00,vast.ai,marketplace,RTX 3060,0.06405555555555556,1,12.0,12.248919327530944,191.2233719822697,10.46,181.5,"South Korea, KR",0.9871394,41437598
2026-09-27T11:39:52.278593+00:00,vast.ai,marketplace,RTX 2060S,0.06538888888888889,1,8.0,3.98692664634161,60.97254004600593,15.61,101.20000000000005,"Vietnam, VN",0.9927818,47528461
2026-09-27T11:39:52.278593+00:00,vast.ai,marketplace,RTX 3060,0.06692592592592593,1,12.0,12.548035631767766,187.49140124943534,20.22,342.85714285714283,"Finland, FI",0.9570431,52309005
2026-09-27T11:39:52.278593+00:00,vast.ai,marketplace,GTX 1660 Ti,0.0675,1,6.0,2.4740447784639805,36.65251523650341,125.96,458.0735490678759,"Quebec, CA",0.9966649,48161395
2026-09-27T11:39:52.278593+00:00,vast.ai,marketplace,GTX 1080 Ti,0.06805555555555555,1,11.0,5.34883375371342,78.59510821782985,15.64,265.40000000000015,"South Korea, KR",0.995256,40404576
2026-09-27T11:39:52.278593+00:00,vast.ai,marketplace,RTX 3060,0.06805555555555555,1,12.0,12.472928192580342,183.27567956444585,31.18,90.0,"South Korea, KR",0.9984154,51265167
2026-09-27T11:39:52.278593+00:00,vast.ai,marketplace,RTX 3060,0.06805555555555555,1,12.0,11.745409693355045,172.5856118207272,15.53,169.3,"South Korea, KR",0.9976334,51557547
2026-09-27T11:39:52.278593+00:00,vast.ai,marketplace,RTX 3060,0.06805555555555555,1,12.0,11.977360267183252,175.99386515044782,15.54,143.0,"South Korea, KR",0.99916,50870246
2026-09-27T11:39:52.278593+00:00,vast.ai,marketplace,RTX 2070,0.06805555555555555,1,8.0,4.104189194763423,60.30645347407479,7.82,413.35,"South Korea, KR",0.9802226,50701337
2026-09-27T11:39:52.278593+00:00,vast.ai,marketplace,GTX 1080 Ti,0.06833333333333333,1,11.0,5.452482750470743,79.7924304946938,15.57,167.4970698716672,"Spain, ES",0.9907924,50865915
2026-09-27T11:39:52.278593+00:00,vast.ai,marketplace,GTX 1660,0.06851851851851852,1,6.0,2.2840734829747817,33.335126508280595,62.93,301.45,"United Kingdom, GB",0.9970679,43339013
2026-09-27T11:39:52.278593+00:00,vast.ai,marketplace,GTX 1080 Ti,0.06898148148148148,1,11.0,5.212453494822205,75.56308422024138,31.28,43.0,"South Korea, KR",0.9977145,40234662
2026-09-27T11:39:52.278593+00:00,vast.ai,marketplace,GTX 1080 Ti,0.06898148148148148,1,11.0,5.384292621025136,78.05417490882077,31.29,72.0,"South Korea, KR",0.9985052,37709426
2026-09-27T11:39:52.278593+00:00,vast.ai,marketplace,RTX A4000,0.07496296296296295,1,15.99,21.181977964298408,282.56591157907957,15.69,2130.833333333333,"Quebec, CA",0.9983022,19031535
2026-09-27T11:39:52.278593+00:00,vast.ai,marketplace,RTX 3060 laptop,0.07518518518518519,1,12.0,12.779861633509627,169.97845522401965,15.66,148.55,"New Zealand, NZ",0.999149,52900638
2026-09-27T11:39:52.278593+00:00,vast.ai,marketplace,RTX A4000,0.07703703703703704,1,15.99,17.424393844242466,226.18203547814738,20.96,1566.8333333333333,"Quebec, CA",0.9964111,18976382
2026-09-27T11:39:52.278593+00:00,vast.ai,marketplace,RTX 3060 laptop,0.07785185185185185,1,12.0,12.772791003330974,164.06534590387074,31.32,205.45,"New Zealand, NZ",0.9601892,52544510
2026-09-27T11:39:52.278593+00:00,vast.ai,marketplace,RTX 4060,0.07977777777777778,1,8.0,15.64928008252893,196.1608923993877,31.44,349.7,"British Columbia, CA",0.9956022,47299638
2026-09-27T11:39:52.278593+00:00,vast.ai,marketplace,RTX 3060,0.07977777777777778,1,12.0,12.26689919347755,153.76336036392473,31.44,539.8608272168261,"Texas, US",0.9852774,49591761
2026-09-27T11:39:52.278593+00:00,vast.ai,marketplace,RTX 3060,0.08005555555555555,1,12.0,12.278174182059452,153.37066986611393,20.97,193.34166666666664,"Thailand, TH",0.9593073,52389495
2026-09-27T11:39:52.278593+00:00,vast.ai,marketplace,GTX 1080 Ti,0.08138888888888889,1,11.0,5.212453494822205,64.04379720600662,8.96,105.82857142857142,"South Korea, KR",0.9894638,52603637
2026-09-27T11:39:52.278593+00:00,vast.ai,marketplace,Titan Xp,0.08138888888888889,1,12.0,5.012797323053279,61.59068383273654,8.96,97.28571428571428,"South Korea, KR",0.9958339,32787365
2026-09-27T11:39:52.278593+00:00,vast.ai,marketplace,RTX 3060 Ti,0.08138888888888889,1,8.0,13.773022926458784,169.22485506911818,11.58,324.0,"Argentina, AR",0.9980581,47418499
2026-09-27T11:39:52.278593+00:00,vast.ai,marketplace,RTX 3060,0.08157407407407408,1,12.0,12.472195199263032,152.89410686951277,31.47,326.58429198923375,"Texas, US",0.9971972,41247427
2026-09-27T11:39:52.278593+00:00,vast.ai,marketplace,RTX 4060,0.08185185185185186,1,8.0,15.653315498872239,191.23960111744364,15.72,50.86250000000001,"Nevada, US",0.9947576,49481975
2026-09-27T11:39:52.278593+00:00,vast.ai,marketplace,RTX 3060 laptop,0.08185185185185186,1,12.0,12.78187728671498,156.15868178339568,15.59,315.85,"New Zealand, NZ",0.9983895,52665445
2026-09-27T11:39:52.278593+00:00,vast.ai,marketplace,RTX 3060,0.08185185185185186,1,12.0,12.33702455294655,150.72382937988996,62.88,1211.0,"Utah, US",0.9980809,49992712
2026-09-27T11:39:52.278593+00:00,vast.ai,marketplace,RTX 4060,0.08277777777777778,1,8.0,15.653315498872239,189.10045569107402,15.72,135.0,"Nevada, US",0.9908039,50944077
2026-09-27T11:39:52.278593+00:00,vast.ai,marketplace,RTX 3060 Ti,0.0835925925925926,1,8.0,14.80792099528434,177.1439374712792,31.33,228.0,"Ontario, CA",0.998242,18012464
2026-09-27T11:39:52.278593+00:00,vast.ai,marketplace,RTX 3070,0.08777777777777779,1,8.0,16.281633360172783,185.4869623310823,15.63,734.0,"Missouri, US",0.9702528,52906970
2026-09-27T11:39:52.278593+00:00,vast.ai,marketplace,Q RTX 4000,0.08805555555555555,1,8.0,4.104189194763423,46.609088647155595,31.26,288.0,"Argentina, AR",0.9927285,37282264
2026-09-27T11:39:52.278593+00:00,vast.ai,marketplace,RTX A4000,0.0915925925925926,1,15.99,19.568353094252174,213.6455857439582,41.93,55.0,"Japan, JP",0.9934699,49635428
2026-09-27T11:39:52.278593+00:00,vast.ai,marketplace,RTX 3060,0.09202777777777779,1,12.0,12.400946513188277,134.75221082848714,31.42,352.325,"Pennsylvania, US",0.9925389,52676778
2026-09-27T11:39:52.278593+00:00,vast.ai,marketplace,RTX A4000,0.09472222222222222,1,15.99,21.614784319843533,228.1912714118379,31.32,760.0,"Quebec, CA",0.9982225,49320809
2026-09-27T11:39:52.278593+00:00,vast.ai,marketplace,RTX 3070,0.09472222222222222,1,8.0,16.277128119288,171.84064876667685,31.27,1486.9,"Virginia, US",0.9351908,52519156
2026-09-27T11:39:52.278593+00:00,vast.ai,marketplace,RTX 3080,0.09472222222222222,1,10.0,25.325014212381287,267.3608538550517,15.45,95.0,"South Korea, KR",0.9896767,51267685
2026-09-27T11:39:52.278593+00:00,vast.ai,marketplace,RTX 3060 Ti,0.09472222222222222,1,8.0,13.757749054489425,145.243098522469,41.9,273.66666666666663,"Quebec, CA",0.9371702,52514845
2026-09-27T11:39:52.278593+00:00,vast.ai,marketplace,RTX 3070,0.09541666666666668,1,8.0,16.281633360172783,170.63720552146145,83.85,1034.0,"British Columbia, CA",0.9988021,27970172
2026-09-27T11:39:52.278593+00:00,vast.ai,marketplace,Tesla P100,0.09564814814814815,1,16.0,6.489584450329015,67.84851119414652,23.23,682.2245321224896,"Texas, US",0.9839222,48743421
2026-09-27T11:39:52.278593+00:00,vast.ai,marketplace,Tesla P100,0.09564814814814815,1,16.0,6.429372443260594,67.2189955345735,39.01,559.925,"Texas, US",0.9939658,48981930
2026-09-27T11:39:52.278593+00:00,vast.ai,marketplace,RTX 5060,0.09564814814814815,1,7.96,28.2272467005676,295.11545437185873,20.96,218.16666666666666,"United States, US",0.9950003,50138879
2026-09-27T11:39:52.278593+00:00,vast.ai,marketplace,RTX 3070,0.09611111111111112,1,8.0,16.278255054370714,169.36912773333688,23.59,179.15,"California, US",0.99864,50148854
2026-09-27T11:39:52.278593+00:00,vast.ai,marketplace,RTX 3060 Ti,0.09611111111111112,1,8.0,13.773723322227632,143.31041606942043,15.54,152.0,"Argentina, AR",0.9877784,50126692
2026-09-27T11:39:52.278593+00:00,vast.ai,marketplace,RTX 4060 Ti,0.09888888888888889,1,16.0,12.604650179743304,127.46275462661768,20.96,509.94999999999993,"Japan, JP",0.9807548,51188710
2026-09-27T11:39:52.278593+00:00,vast.ai,marketplace,RTX 2080 Ti,0.10005555555555555,1,22.0,11.045877624506199,110.39744433154446,17.97,138.58379018291018,"Thailand, TH",0.9713379,50286308
2026-09-27T11:39:52.278593+00:00,vast.ai,marketplace,RTX 5060,0.10018518518518518,1,7.96,28.2272467005676,281.7507064381979,30.45,436.0,"India, IN",0.9535865,48558059
2026-09-27T11:39:52.278593+00:00,vast.ai,marketplace,RTX A4000,0.10027777777777779,1,15.99,15.783855902716425,157.40133310188125,31.42,342.4,"Germany, DE",0.9890736,50614342
2026-09-27T11:39:52.278593+00:00,vast.ai,marketplace,RTX 3070,0.10092592592592592,1,8.0,16.282758629735092,161.33375523040274,15.6,142.0,"Vietnam, VN",0.9857551,52925175
2026-09-27T11:39:52.278593+00:00,vast.ai,marketplace,RTX A4000,0.1063148148148148,1,15.99,21.189996229700604,199.3136729496312,39.26,331.0,"Estonia, EE",0.9968872,46119330
2026-09-27T11:39:52.278593+00:00,vast.ai,marketplace,Tesla P40,0.10672222222222222,1,24.0,5.87904,55.08730869338886,62.81,686.5,"Thailand, TH",0.990644,47185200
2026-09-27T11:39:52.278593+00:00,vast.ai,marketplace,A16,0.1075925925925926,1,15.0,13.91267551542046,129.3088602121695,31.47,426.575,"Vietnam, VN",0.9969669,46601059
2026-09-27T11:39:52.278593+00:00,vast.ai,marketplace,RTX A4000,0.10805555555555556,1,15.99,21.18679072847466,196.0731275642899,23.57,126.75,"Delaware, US",0.9986563,48328454
2026-09-27T11:39:52.278593+00:00,vast.ai,marketplace,RTX 3060,0.10805555555555556,1,12.0,12.265403621581047,113.51016205062152,15.62,175.05,"South Korea, KR",0.9894712,51258910
2026-09-27T11:39:52.278593+00:00,vast.ai,marketplace,RTX 4060 Ti,0.10851851851851853,1,16.0,12.637446320714014,116.45428350146018,20.88,176.26666666666665,"Ohio, US",0.9732136,51630301
2026-09-27T11:39:52.278593+00:00,vast.ai,marketplace,RTX A4000,0.10898148148148148,1,15.99,21.188393779682055,194.4219650132253,47.22,345.0875,"Estonia, EE",0.979361,51587987
2026-09-27T11:39:52.278593+00:00,vast.ai,marketplace,RTX 3060,0.10898148148148148,1,12.0,12.407836284181814,113.85270337227152,62.82,748.0,"Norway, NO",0.9983128,34538917
2026-09-27T11:39:52.278593+00:00,vast.ai,marketplace,RTX A2000,0.10898148148148148,1,5.99,8.575741297328419,78.68989465687929,62.89,724.0,"Norway, NO",0.9965296,29318077
2026-09-27T11:39:52.278593+00:00,vast.ai,marketplace,RTX 3090,0.1126851851851852,1,24.0,34.43283615347306,305.5666643036229,31.47,153.25,"Jiangsu, CN",0.9634882,45465070
2026-09-27T11:39:52.278593+00:00,vast.ai,marketplace,RTX 4070S,0.1126851851851852,1,11.99,19.461733641860572,172.70889345283004,11.78,361.375,", US",0.98784,44275548
2026-09-27T11:39:52.278593+00:00,vast.ai,marketplace,RTX 4070S,0.1126851851851852,1,11.99,19.372777012720526,171.9194673273473,11.78,151.0,"United States, US",0.99238,47671295
2026-09-27T11:39:52.278593+00:00,vast.ai,marketplace,RTX 4060 Ti,0.1126851851851852,1,16.0,12.342281051977617,109.52887046948089,31.47,164.375,", US",0.9944219,42171798
2026-09-27T11:39:52.278593+00:00,vast.ai,marketplace,RTX A4000,0.11564814814814815,1,15.99,21.188393779682055,183.21429369140608,71.95,918.8714285714286,"Estonia, EE",0.9423333,52396042
2026-09-27T11:39:52.278593+00:00,vast.ai,marketplace,RTX 3060 laptop,0.11785185185185186,1,12.0,12.783890933535213,108.47424739329061,15.59,313.3,"New Zealand, NZ",0.9956556,51286013
2026-09-27T11:39:52.278593+00:00,vast.ai,marketplace,RTX 3080,0.12064814814814816,1,10.0,28.070920374279208,232.66764393109395,15.68,154.75,"Germany, DE",0.9875198,51292523
2026-09-27T11:39:52.278593+00:00,vast.ai,marketplace,RTX 5060 Ti,0.12092592592592594,1,15.93,38.51757485197853,318.52205850028184,30.01,18.0,"Brazil, BR",0.9886022,48585933
2026-09-27T11:39:52.278593+00:00,vast.ai,marketplace,RTX 3060 Ti,0.12101851851851853,1,8.0,11.059903403232873,91.39017349266643,7.61,310.0,"Spain, ES",0.9947639,46485962
2026-09-27T11:39:52.278593+00:00,vast.ai,marketplace,RTX A4000,0.1213888888888889,1,15.99,21.189996229700604,174.56289800211024,18.17,91.125,"Delaware, US",0.9995128,46653919
2026-09-27T11:39:52.278593+00:00,vast.ai,marketplace,RTX A4000,0.1213888888888889,1,15.99,21.189996229700604,174.56289800211024,15.66,179.83333333333331,"Utah, US",0.9858547,50591544
2026-09-27T11:39:52.278593+00:00,vast.ai,marketplace,RTX 3070,0.12166666666666667,1,8.0,15.943630354844473,131.04353716310524,15.64,361.0,"Spain, ES",0.9875223,52230483
2026-09-27T11:39:52.278593+00:00,vast.ai,marketplace,RTX 4060 Ti,0.12439251125925926,1,16.0,22.50490209483634,180.9184641986329,23.57,152.125,"California, US",0.945942,52442691
2026-09-27T11:39:52.278593+00:00,vast.ai,marketplace,RTX 3090,0.12601851851851853,1,24.0,44.36601777471118,352.0595091600887,31.47,112.62523886999327,"California, US",0.9947397,44579218
2026-09-27T11:39:52.278593+00:00,vast.ai,marketplace,RTX 5060 Ti,0.12685185185185185,1,15.93,38.531296613273845,303.7503674623048,29.96,488.0,"India, IN",0.9382012,50282300
2026-09-27T11:39:52.278593+00:00,vast.ai,marketplace,RTX 3060,0.12694444444444444,1,12.0,12.476482747851104,98.28301508154043,31.35,81.1,"Norway, NO",0.9941893,45120304
2026-09-27T11:39:52.278593+00:00,vast.ai,marketplace,RTX 3080,0.13159259259259262,1,10.0,27.140257657112414,206.24456986829017,31.25,795.0,"Argentina, AR",0.9980881,29430929
2026-09-27T11:39:52.278593+00:00,vast.ai,marketplace,RTX 4060 Ti,0.1332962962962963,1,16.0,22.70935448802476,170.3674829610082,31.45,99.60000000000001,"Quebec, CA",0.9990764,50694751
2026-09-27T11:39:52.278593+00:00,vast.ai,marketplace,RTX 4060 Ti,0.13347222222222221,1,16.0,22.52902695465334,168.79187728772536,23.57,303.32500000000005,"Jiangsu, CN",0.9936203,49517345
2026-09-27T11:39:52.278593+00:00,vast.ai,marketplace,Tesla P40,0.13472222222222222,1,22.5,5.747730038070885,42.66356316918595,94.38,141.55,"Mexico, MX",0.9705146,52362837
2026-09-27T11:39:52.278593+00:00,vast.ai,marketplace,RTX 2060S,0.13472222222222222,1,8.0,3.9592396557420164,29.3881706405593,15.54,408.0,"The Netherlands, NL",0.9677282,52793019
2026-09-27T11:39:52.278593+00:00,vast.ai,marketplace,RTX 3070,0.13472222222222222,1,8.0,16.280507674579923,120.84500541956231,31.27,494.0,"Virginia, US",0.9968236,39826844
2026-09-27T11:39:52.278593+00:00,vast.ai,marketplace,RTX 3060,0.13472222222222222,1,12.0,12.54491107980646,93.11686574701702,110.06,140.0,"Massachusetts, US",0.9607537,50113629
2026-09-27T11:39:52.278593+00:00,vast.ai,marketplace,RTX 4060 Ti,0.13477777777777777,1,16.0,22.498867868639216,166.9330674507444,125.96,645.5,"United Kingdom, GB",0.9974911,45635656
2026-09-27T11:39:52.278593+00:00,vast.ai,marketplace,RTX 5060 Ti,0.13537037037037036,1,15.93,38.38963549353913,283.5896466006995,31.47,320.625,"Denmark, DK",0.9951965,51938816
2026-09-27T11:39:52.278593+00:00,vast.ai,marketplace,RTX 5060 Ti,0.13537037037037036,1,15.93,38.430594481871786,283.8922164187519,21.98,212.60000000000002,"Denmark, DK",0.998573,51938787
2026-09-27T11:39:52.278593+00:00,vast.ai,marketplace,RTX 3070,0.13564814814814816,1,8.0,16.41052752193981,120.97863292624568,62.89,362.4549985496959,"Norway, NO",0.9980228,16581606
2026-09-27T11:39:52.278593+00:00,vast.ai,marketplace,RTX 5060 Ti,0.1361111111111111,1,15.93,36.932796389912134,271.3429938850688,31.19,683.0,"Spain, ES",0.9897953,52901657
2026-09-27T11:39:52.278593+00:00,vast.ai,marketplace,RTX 5060 Ti,0.14262962962962963,1,15.93,38.42377026159708,269.39542899587667,31.41,689.25,"British Columbia, CA",0.9980783,43619154
2026-09-27T11:39:52.278593+00:00,vast.ai,marketplace,RTX 3080,0.1431851851851852,1,10.0,21.632536694494974,151.0808305099235,10.4,187.66666666666666,"Spain, ES",0.9784865,50715179
2026-09-27T11:39:52.278593+00:00,vast.ai,marketplace,RTX 3080 Ti,0.14672222222222223,1,12.0,34.182499196518535,232.9742467009972,37.72,257.0,"Quebec, CA",0.9992642,52546540
2026-09-27T11:39:52.278593+00:00,vast.ai,marketplace,RTX A4000,0.14805555555555555,1,15.99,21.189996229700604,143.1219257540754,62.87,356.0,"Massachusetts, US",0.9483884,51648677
2026-09-27T11:39:52.278593+00:00,vast.ai,marketplace,Tesla T4,0.14805555555555555,1,15.0,4.165803893857594,28.13676175963853,15.41,218.0,"Ireland, IE",0.8069343,52633602
2026-09-27T11:39:52.278593+00:00,vast.ai,marketplace,RTX 4060 Ti,0.14805555555555555,1,8.0,17.527328017944008,118.3834537797344,62.69,326.0,"Kentucky, US",0.9886444,13544719
2026-09-27T11:39:52.278593+00:00,vast.ai,marketplace,RTX 3080,0.14805555555555555,1,10.0,25.801487575726604,174.26895923567687,15.57,269.0,"Austria, AT",0.9973416,47278881
2026-09-27T11:39:52.278593+00:00,vast.ai,marketplace,RTX 3080,0.14805555555555555,1,10.0,27.112868686745884,183.12631758402475,15.55,352.0,"Austria, AT",0.9389433,52468283
2026-09-27T11:39:52.278593+00:00,vast.ai,marketplace,RTX 3080,0.14805555555555555,1,10.0,26.936644690668242,181.9360617005735,15.52,713.0,"Austria, AT",0.99754,50569051
2026-09-27T11:39:52.278593+00:00,vast.ai,marketplace,RTX 3060 Ti,0.14805555555555555,1,8.0,13.853623525639742,93.5704403232703,110.12,136.5,"Massachusetts, US",0.9614395,46460412
2026-09-27T11:39:52.278593+00:00,vast.ai,marketplace,RTX 3060 Ti,0.14805555555555555,1,8.0,13.776522212633388,93.04968098589156,94.31,104.19999999999999,"Massachusetts, US",0.9308965,51361323
2026-09-27T11:39:52.278593+00:00,vast.ai,marketplace,RTX 3060 Ti,0.14805555555555555,1,8.0,13.93294757671982,94.10621252568735,94.31,140.0,"Massachusetts, US",0.9906931,47798929
2026-09-27T11:39:52.278593+00:00,vast.ai,marketplace,RTX 4060 Ti,0.14805555555555555,1,16.0,22.62096540783493,152.78700838312523,31.18,318.0,"Kentucky, US",0.9925832,37529335
2026-09-27T11:39:52.278593+00:00,vast.ai,marketplace,Tesla V100,0.14805555555555555,1,32.0,25.71306491342886,173.67173299876904,31.48,120.875,"Ukraine, UA",0.9674261,51159025
2026-09-27T11:39:52.278593+00:00,vast.ai,marketplace,RTX 5060 Ti,0.14805555555555555,1,15.93,38.3691436852251,259.153690932102,31.44,68.85,"Poland, PL",0.9946242,51539905
2026-09-27T11:39:52.278593+00:00,vast.ai,marketplace,RTX 5060 Ti,0.14805555555555555,1,15.93,38.39646427068305,259.3382202147448,59.02,182.92577948666886,"Malaysia, MY",0.9951273,48647145
2026-09-27T11:39:52.278593+00:00,vast.ai,marketplace,RTX 3060,0.14851851851851852,1,12.0,12.407836284181814,83.54403483114936,15.59,351.5,"Florida, US",0.9911648,52645796
2026-09-27T11:39:52.278593+00:00,vast.ai,marketplace,RTX 5060 Ti,0.1489814814814815,1,15.93,36.709277803820186,246.4016160853064,15.64,206.5,"Washington, US",0.9829873,52069511
2026-09-27T11:39:52.278593+00:00,vast.ai,marketplace,Tesla T4,0.14938888888888888,1,15.0,4.147743499284286,27.764738931616645,31.42,155.33333333333331,"Czechia, CZ",0.9992468,13080903
2026-09-27T11:39:52.278593+00:00,vast.ai,marketplace,RTX 3080,0.14938888888888888,1,10.0,26.962056706817087,180.4823431471579,31.35,672.0,"The Netherlands, NL",0.9606209,52399066
2026-09-27T11:39:52.278593+00:00,vast.ai,marketplace,RTX 5060 Ti,0.1499074074074074,1,15.93,38.34864365332504,255.81553517968527,125.96,590.25,"United Kingdom, GB",0.9934497,49733338
2026-09-27T11:39:52.278593+00:00,vast.ai,marketplace,RTX 5060 Ti,0.15037037037037038,1,15.93,38.26656107681462,254.48205642216618,31.17,729.95,"Spain, ES",0.9980997,50053531
2026-09-27T11:39:52.278593+00:00,vast.ai,marketplace,RTX 3090,0.15268518518518517,1,24.0,38.521947188550605,252.29656133192637,35.98,151.43571428571428,"California, US",0.9872039,50443928
2026-09-27T11:39:52.278593+00:00,vast.ai,marketplace,RTX 3090,0.15268518518518517,1,24.0,42.73295280089446,279.87622210409955,35.98,164.7142857142857,"California, US",0.9928376,49828273
2026-09-27T11:39:52.278593+00:00,vast.ai,marketplace,RTX 4060 Ti,0.15361111111111111,1,16.0,22.522997544622854,146.62349215306017,31.35,345.0,"Norway, NO",0.9919946,52072351
2026-09-27T11:39:52.278593+00:00,vast.ai,marketplace,RTX 5070,0.15435185185185188,1,11.94,50.144626623791524,324.8722060809528,15.58,636.5,"Missouri, US",0.9944084,44455690
2026-09-27T11:39:52.278593+00:00,vast.ai,marketplace,RTX 3070,0.15505422222222223,1,8.0,16.7143610560886,107.79687786981857,15.61,333.0,"Oklahoma, US",0.9628503,52610192
2026-09-27T11:39:52.278593+00:00,vast.ai,marketplace,RTX 5060 Ti,0.15537777777777778,1,15.93,38.38963549353913,247.07288289606134,125.78,1420.2933088673042,"Texas, US",0.9976775,32097992
2026-09-27T11:39:52.278593+00:00,vast.ai,marketplace,RTX 4060 Ti,0.16046296296296297,1,16.0,22.244329668537024,138.6259436931332,62.82,1351.8000000000002,"Thailand, TH",0.99823,43084154
2026-09-27T11:39:52.278593+00:00,vast.ai,marketplace,RTX 5060 Ti,0.16046296296296297,1,15.93,38.414544417290976,239.39819948456002,62.6,1541.5,"Thailand, TH",0.9990721,45887066
2026-09-27T11:39:52.278593+00:00,vast.ai,marketplace,RTX 3090,0.1605185185185185,1,24.0,44.36470379958797,276.3837107957719,41.93,173.01873762207572,"Czechia, CZ",0.9232913,25325629
2026-09-27T11:39:52.278593+00:00,vast.ai,marketplace,Titan V,0.1613888888888889,1,12.0,21.927007550208472,135.86441855550862,15.59,383.0,"South Korea, KR",0.9932978,52709208
2026-09-27T11:39:52.278593+00:00,vast.ai,marketplace,RTX 5060 Ti,0.1613888888888889,1,15.93,38.38963549353913,237.8703748308793,23.47,367.0,"Denmark, DK",0.9914586,49841370
2026-09-27T11:39:52.278593+00:00,vast.ai,marketplace,RTX 5060 Ti,0.1613888888888889,1,15.93,38.94323749445901,241.3006109811574,31.24,393.4,"Ontario, CA",0.9876584,51057768
2026-09-27T11:39:52.278593+00:00,vast.ai,marketplace,RTX 4070,0.16185185185185186,1,11.99,34.20498319921441,211.33513647111877,31.42,386.25,"Alberta, CA",0.9964866,45498586
2026-09-27T11:39:52.278593+00:00,vast.ai,marketplace,RTX 4060 Ti,0.16185185185185186,1,16.0,22.602745180137415,139.65082834409844,15.63,200.0,"Ireland, IE",0.9947406,50371104
2026-09-27T11:39:52.278593+00:00,vast.ai,marketplace,RTX 4070,0.16231481481481483,1,11.99,33.657026942060945,207.35646946620545,125.78,647.45,"Colorado, US",0.994382,45140321
2026-09-27T11:39:52.278593+00:00,vast.ai,marketplace,Tesla V100,0.16231481481481483,1,16.0,18.499348174183947,113.97202526023194,62.86,3374.1,"Quebec, CA",0.9312409,52664153
2026-09-27T11:39:52.278593+00:00,vast.ai,marketplace,RTX 4060 Ti,0.16462962962962963,1,8.0,17.669675232839857,107.32986080690128,14.77,1464.0,"France, FR",0.9910365,49431993
2026-09-27T11:39:52.278593+00:00,vast.ai,marketplace,RTX 5060 Ti,0.16462962962962963,1,15.93,38.48325438204931,233.7565508020993,31.3,351.5,"Texas, US",0.9935525,52793773
2026-09-27T11:39:52.278593+00:00,vast.ai,marketplace,RTX 5060 Ti,0.16462962962962963,1,15.93,38.382805803843624,233.14640195810526,31.19,695.0,"Illinois, US",0.9737162,51526997
2026-09-27T11:39:52.278593+00:00,vast.ai,marketplace,RTX 3090,0.16694444444444445,1,24.0,44.840321320964975,268.59427080777687,47.02,357.0,"Romania, RO",0.8766877,36202392
2026-09-27T11:39:52.278593+00:00,vast.ai,marketplace,Tesla T4,0.16759259259259257,1,16.0,4.40071446983927,26.258406781361394,125.93,3035.0,"Norway, NO",0.9974114,41364912
2026-09-27T11:39:52.278593+00:00,vast.ai,marketplace,RTX 3080 Ti,0.16759259259259257,1,12.0,33.894703537644105,202.24463989312508,15.54,944.0,"Japan, JP",0.9975963,46117025
2026-09-27T11:39:52.278593+00:00,vast.ai,marketplace,RTX 3080,0.16805555555555554,1,10.0,26.961068640394856,160.42949934780412,31.14,77.0,"Argentina, AR",0.9863054,45863091
2026-09-27T11:39:52.278593+00:00,vast.ai,marketplace,RTX 3090,0.17205555555555554,1,24.0,44.84434922304307,260.63877494826454,35.93,89.28571428571428,"Taiwan, TW",0.8999155,43291720
2026-09-27T11:39:52.278593+00:00,vast.ai,marketplace,RTX 5060 Ti,0.17449074074074075,1,15.93,38.51757485197853,220.7428009558865,31.36,1173.5,"New Jersey, US",0.9950261,47405019
2026-09-27T11:39:52.278593+00:00,vast.ai,marketplace,RTX 5060 Ti,0.17449074074074075,1,15.93,38.382805803843624,219.9704445112821,23.38,487.0,"New Jersey, US",0.9953394,51153246
2026-09-27T11:39:52.278593+00:00,vast.ai,marketplace,RTX A5000,0.17472222222222222,1,23.99,35.347142584820624,202.3047906285441,47.14,690.195372319913,"Australia, AU",0.9990274,23307647
2026-09-27T11:39:52.278593+00:00,vast.ai,marketplace,RTX 3090,0.17472222222222222,1,24.0,6.855681818181818,39.23760659054776,26.16,141.83333333333331,"Australia, AU",0.9624516,52586392
2026-09-27T11:39:52.278593+00:00,vast.ai,marketplace,RTX A5000,0.17472222222222222,1,22.49,33.126055082261175,189.59268409561244,94.38,528.4772301896492,"Australia, AU",0.9944198,11925444
2026-09-27T11:39:52.278593+00:00,vast.ai,marketplace,RTX 3070,0.17472222222222222,1,8.0,12.258294511617162,70.15876032086135,10.42,242.0,"France, FR",0.9937718,51557332
2026-09-27T11:39:52.278593+00:00,vast.ai,marketplace,RTX 3070,0.17472222222222222,1,8.0,16.278255054370714,93.16648361801998,7.79,231.66666666666666,"France, FR",0.9965923,51557376
2026-09-27T11:39:52.278593+00:00,vast.ai,marketplace,RTX 3080 Ti,0.1751851851851852,1,12.0,30.56441909736418,174.46919992152914,31.3,364.0,"Ukraine, UA",0.990458,50044294
2026-09-27T11:39:52.278593+00:00,vast.ai,marketplace,RTX 5060 Ti,0.17564814814814816,1,15.93,38.76308937276297,220.68601224345812,41.89,522.6666666666666,"France, FR",0.9295924,52554318
2026-09-27T11:39:52.278593+00:00,vast.ai,marketplace,RTX 5060 Ti,0.17564814814814816,1,15.93,38.36231125551517,218.40430235085074,31.44,663.875,"Norway, NO",0.9939833,29204630
2026-09-27T11:39:52.278593+00:00,vast.ai,marketplace,RTX 5060 Ti,0.17564814814814816,1,15.93,38.334972391479866,218.24865673588957,30.45,747.9,"Pennsylvania, US",0.9727294,51155350
2026-09-27T11:39:52.278593+00:00,vast.ai,marketplace,RTX 3090,0.17587962962962964,1,24.0,43.468380945357964,247.14846760192998,31.42,114.25,"Quebec, CA",0.983219,52514395
2026-09-27T11:39:52.278593+00:00,vast.ai,marketplace,RTX 5060 Ti,0.1773888888888889,1,15.93,38.88063014190477,219.18300737685115,62.94,334.8813777784635,"Germany, DE",0.9966372,44053699
2026-09-27T11:39:52.278593+00:00,vast.ai,marketplace,RTX 5060 Ti,0.1773888888888889,1,15.93,38.873669107392224,219.14376571658627,62.94,337.10351498144587,"Germany, DE",0.9955375,48190498
2026-09-27T11:39:52.278593+00:00,vast.ai,marketplace,RTX 3090,0.17935185185185185,1,24.0,44.840321320964975,250.01314933733698,53.96,318.57142857142856,"United States, US",0.9241811,48317503
2026-09-27T11:39:52.278593+00:00,vast.ai,marketplace,RTX 3090,0.17935185185185185,1,24.0,44.84569136373229,250.04309072189406,47.19,710.25,"United States, US",0.9275285,41028909
2026-09-27T11:39:52.278593+00:00,vast.ai,marketplace,RTX 5060 Ti,0.1813888888888889,1,15.93,38.38963549353913,211.64270716193087,31.45,352.2,"Switzerland, CH",0.9941631,52214068
2026-09-27T11:39:52.278593+00:00,vast.ai,marketplace,RTX 5070,0.1875925925925926,1,11.94,50.165157047983364,267.41544724492616,12.4,225.0,"New York, US",0.9815757,46719693
2026-09-27T11:39:52.278593+00:00,vast.ai,marketplace,RTX 3090,0.18805555555555556,1,24.0,44.8430068357311,238.4561663347592,62.89,307.25,"Croatia, HR",0.996938,52047088
2026-09-27T11:39:52.278593+00:00,vast.ai,marketplace,RTX 3090,0.18805555555555556,1,24.0,44.60293972467846,237.17959085501099,15.63,20.0,"Poland, PL",0.9959285,52908303
2026-09-27T11:39:52.278593+00:00,vast.ai,marketplace,RTX 3090,0.18805555555555556,1,24.0,44.3607604204072,235.8917836240265,31.29,5.0,"France, FR",0.9616203,51587882
2026-09-27T11:39:52.278593+00:00,vast.ai,marketplace,RTX 3080 Ti,0.18805555555555556,1,12.0,29.959863803626465,159.31389910347897,15.67,201.925,"Taiwan, TW",0.9931837,50375372
2026-09-27T11:39:52.278593+00:00,vast.ai,marketplace,RTX 4060 Ti,0.18805555555555556,1,16.0,22.912448583403084,121.83872215694402,62.87,1663.025,"Utah, US",0.9958034,49992667
2026-09-27T11:39:52.278593+00:00,vast.ai,marketplace,RTX 5070,0.18805555555555556,1,11.94,50.162061064944815,266.74064968065187,31.41,179.475,"Connecticut, US",0.9788851,51996963
2026-09-27T11:39:52.278593+00:00,vast.ai,marketplace,RTX 5070,0.18805555555555556,1,11.94,50.20853068745782,266.98775550199133,62.72,171.0,"South Africa, ZA",0.9953891,47823099
2026-09-27T11:39:52.278593+00:00,vast.ai,marketplace,RTX 3080 Ti,0.1889814814814815,1,12.0,34.521308690230704,182.67032525942753,41.88,517.6666666666666,"Norway, NO",0.9965375,30003867
2026-09-27T11:39:52.278593+00:00,vast.ai,marketplace,RTX 5060 Ti,0.18938888888888886,1,15.93,38.38963549353913,202.70268081070827,31.2,1645.0,"Maryland, US",0.9959001,42458622
2026-09-27T11:39:52.278593+00:00,vast.ai,marketplace,RTX 5060 Ti,0.19872222222222222,1,15.93,38.382805803843624,193.14803032406633,62.85,807.2,"Quebec, CA",0.978646,52785086
2026-09-27T11:39:52.278593+00:00,vast.ai,marketplace,RTX 3090,0.20138888888888887,1,24.0,44.84569136373229,222.68205366818796,31.42,706.25,"Argentina, AR",0.9805101,48046980
2026-09-27T11:39:52.278593+00:00,vast.ai,marketplace,RTX 4070,0.20138888888888887,1,11.99,33.71888527180562,167.43170617724172,62.73,118.0,"United Kingdom, GB",0.991914,50598073
2026-09-27T11:39:52.278593+00:00,vast.ai,marketplace,RTX 3070,0.20138888888888887,1,8.0,16.278255054370714,80.8299561320477,62.57,2876.0,"Japan, JP",0.9963419,50685113
2026-09-27T11:39:52.278593+00:00,vast.ai,marketplace,Titan RTX,0.20138888888888887,1,24.0,12.057292800000003,59.87069528275864,15.59,361.5,"South Korea, KR",0.9973179,50869877
2026-09-27T11:39:52.278593+00:00,vast.ai,marketplace,Titan RTX,0.20138888888888887,1,24.0,12.057292800000003,59.87069528275864,31.32,350.5,"South Korea, KR",0.9986325,50736362
2026-09-27T11:39:52.278593+00:00,vast.ai,marketplace,RTX 3080,0.20138888888888887,1,10.0,24.909805137694125,123.69006689061912,20.22,112.57142857142857,"Florida, US",0.9947948,51194597
2026-09-27T11:39:52.278593+00:00,vast.ai,marketplace,RTX 3080,0.20138888888888887,1,10.0,27.10885409467945,134.60948240116696,31.32,412.0,"Taiwan, TW",0.9992508,35966568
2026-09-27T11:39:52.278593+00:00,vast.ai,marketplace,RTX 3080,0.20138888888888887,1,10.0,26.675964949784095,132.4599638885831,15.66,201.0,"Taiwan, TW",0.9989579,34092774
2026-09-27T11:39:52.278593+00:00,vast.ai,marketplace,RTX 3080,0.20138888888888887,1,10.0,27.258219703725107,135.35115990815228,15.59,357.0,"Taiwan, TW",0.9983958,37206301
2026-09-27T11:39:52.278593+00:00,vast.ai,marketplace,RTX 5070,0.20138888888888887,1,11.94,49.9000646564789,247.77963139768835,31.36,316.5,"Texas, US",0.9929283,49068011
2026-09-27T11:39:52.278593+00:00,vast.ai,marketplace,RTX 5070,0.20138888888888887,1,11.94,49.95837521761415,248.06917349435994,62.72,829.0,"Texas, US",0.994923,52504853
2026-09-27T11:39:52.278593+00:00,vast.ai,marketplace,RTX 5070,0.20185185185185184,1,11.94,49.888396402982934,247.15352346431914,30.46,1505.0,"Utah, US",0.9921802,50234335
2026-09-27T11:39:52.278593+00:00,vast.ai,marketplace,RTX A2000,0.2023148148148148,1,5.99,8.576597161264104,42.392333794806554,125.78,1521.0,"Norway, NO",0.9976436,52457955
2026-09-27T11:39:52.278593+00:00,vast.ai,marketplace,RTX PRO 4000,0.2023148148148148,1,23.89,65.7403190579597,324.9407074718374,62.91,171.25,"Utah, US",0.9898616,47510358
2026-09-27T11:39:52.278593+00:00,vast.ai,marketplace,RTX PRO 4000,0.2023148148148148,1,23.89,65.7403190579597,324.9407074718374,94.31,680.5,"Alberta, CA",0.9580919,52604147
2026-09-27T11:39:52.278593+00:00,vast.ai,marketplace,RTX 5070 Ti,0.20805555555555555,1,15.92,75.85936844944787,364.6111167129671,31.19,545.5,"Poland, PL",0.9908147,52802035
2026-09-27T11:39:52.278593+00:00,vast.ai,marketplace,Tesla V100,0.20938888888888887,1,32.0,25.71306491342886,122.80052227161568,94.14,1118.75,"Minnesota, US",0.9981794,46400814
2026-09-27T11:39:52.278593+00:00,vast.ai,marketplace,RTX 4070S Ti,0.2111851851851852,1,15.99,50.977736698617605,241.38879180334536,50.34,272.40000000000003,"Bulgaria, BG",0.9906528,50223787
2026-09-27T11:39:52.278593+00:00,vast.ai,marketplace,RTX 4070S Ti,0.2111851851851852,1,15.99,51.05478302861524,241.75362009340782,46.84,754.0,"Bulgaria, BG",0.9446223,52617171
2026-09-27T11:39:52.278593+00:00,vast.ai,marketplace,Tesla V100,0.21205555555555555,1,32.0,25.71306491342886,121.25626629335066,94.14,1022.1003575470058,"Minnesota, US",0.999479,32302949
2026-09-27T11:39:52.278593+00:00,vast.ai,marketplace,RTX 3090,0.21425925925925926,1,24.0,44.36601777471118,207.06698010669004,31.18,472.0,"Thailand, TH",0.9771298,50021769
2026-09-27T11:39:52.278593+00:00,vast.ai,marketplace,RTX A5000,0.21425925925925926,1,23.99,34.90061562451174,162.88964941431578,62.63,157.0,"California, US",0.9941121,49707053
2026-09-27T11:39:52.278593+00:00,vast.ai,marketplace,RTX 3070,0.21472088888888888,1,8.0,16.280507674579923,75.82172260382436,31.4,152.50000000000003,"Oklahoma, US",0.9861017,51372572
2026-09-27T11:39:52.278593+00:00,vast.ai,marketplace,RTX 3080 Ti,0.21472222222222223,1,12.0,32.329047332904246,150.56218680265883,15.66,221.5,"Taiwan, TW",0.9995059,49746675
2026-09-27T11:39:52.278593+00:00,vast.ai,marketplace,RTX 3080 Ti,0.21472222222222223,1,12.0,34.522370412086474,160.7768867833264,15.59,387.0,"Taiwan, TW",0.9986367,37609801
2026-09-27T11:39:52.278593+00:00,vast.ai,marketplace,RTX 5070 Ti,0.2151851851851852,1,15.92,76.14781381152888,353.87107967491903,62.7,356.0,"Vietnam, VN",0.9922265,45254237
2026-09-27T11:39:52.278593+00:00,vast.ai,marketplace,RTX 3090,0.21611111111111111,1,24.0,44.833603213354465,207.45626165562476,62.73,1162.0,"Finland, FI",0.9885626,51633473
2026-09-27T11:39:52.278593+00:00,vast.ai,marketplace,RTX 4070S,0.21990840325925926,1,11.99,34.72072986113998,157.88723553326997,15.68,386.75,"California, US",0.9749325,51485190
2026-09-27T11:39:52.278593+00:00,vast.ai,marketplace,RTX 4060 Ti,0.2253888888888889,1,16.0,22.486795796367005,99.76887462031208,62.94,244.5,"Quebec, CA",0.9981178,49744624
2026-09-27T11:39:52.278593+00:00,vast.ai,marketplace,RTX 5060 Ti,0.2275925925925926,1,15.93,38.430594481871786,168.8569651766539,23.53,66.0,"Bulgaria, BG",0.9921603,46881314
2026-09-27T11:39:52.278593+00:00,vast.ai,marketplace,RTX A5000,0.22805555555555557,1,23.99,34.84219523362923,152.77941880763123,31.37,712.4,"Lithuania, LT",0.9712057,49579001
2026-09-27T11:39:52.278593+00:00,vast.ai,marketplace,RTX 4070S Ti,0.22805555555555557,1,15.99,51.00472990722599,223.65046000732468,62.94,339.75,"Arizona, US",0.9918849,51147280
2026-09-27T11:39:52.278593+00:00,vast.ai,marketplace,RTX 4070S Ti,0.22805555555555557,1,15.99,51.20734667824677,224.538913570875,62.83,150.0,"Texas, US",0.9935033,50764746
2026-09-27T11:39:52.278593+00:00,vast.ai,marketplace,RTX 3090,0.22811111111111115,1,24.0,44.60161106848776,195.5258156923477,125.77,678.0,"United Kingdom, GB",0.9933818,47476584
2026-09-27T11:39:52.278593+00:00,vast.ai,marketplace,RTX 3080,0.22851851851851854,1,10.0,27.111865377322275,118.64187442264203,15.59,357.5,"Florida, US",0.9956554,52652360
2026-09-27T11:39:52.278593+00:00,vast.ai,marketplace,RTX A5000,0.23170370370370372,1,23.99,35.339101181098115,152.5184993429746,100.72,23.0,"Ireland, IE",0.9956787,9817744
2026-09-27T11:39:52.278593+00:00,vast.ai,marketplace,Tesla V100,0.23222222222222225,1,32.0,25.71306491342886,110.72611685208598,94.27,741.5,"Bulgaria, BG",0.992882,44696067
2026-09-27T11:39:52.278593+00:00,vast.ai,marketplace,RTX 3090,0.2326851851851852,1,24.0,44.362075122503484,190.6527701245673,46.98,233.0,"Romania, RO",0.9789171,50151821
2026-09-27T11:39:52.278593+00:00,vast.ai,marketplace,RTX 3090,0.2394814814814815,1,24.0,17.64269073514526,73.67037578857439,30.84,163.0,"New Zealand, NZ",0.8409414,48399577
2026-09-27T11:39:52.278593+00:00,vast.ai,marketplace,RTX 4070 Ti,0.2413888888888889,1,11.99,35.605437593639685,147.5023881899918,47.19,1651.8,"North Carolina, US",0.9929976,39047405
2026-09-27T11:39:52.278593+00:00,vast.ai,marketplace,RTX 5070,0.2413888888888889,1,11.94,50.59674757602706,209.6067793713434,15.22,533.5,"Florida, US",0.9800468,52902032
2026-09-27T11:39:52.278593+00:00,vast.ai,marketplace,Q RTX 8000,0.2427777777777778,1,48.0,11.85512194923945,48.831165923640754,125.75,1270.1000000000001,"Nevada, US",0.9699869,51890919
2026-09-27T11:39:52.278593+00:00,vast.ai,marketplace,Tesla V100,0.24555555555555558,1,32.0,25.71306491342886,104.71383901396366,62.87,1630.75,"Bulgaria, BG",0.9914713,35822231
2026-09-27T11:39:52.278593+00:00,vast.ai,marketplace,RTX 3080 Ti,0.2463925925925926,1,12.0,33.40335109737706,135.56962385070207,31.34,282.8,"Spain, ES",0.9955643,47215726
2026-09-27T11:39:52.278593+00:00,vast.ai,marketplace,RTX 4070S,0.2518730592592593,1,11.99,34.731356977760385,137.89230606839345,15.7,174.125,"California, US",0.9696085,52442789
2026-09-27T11:39:52.278593+00:00,vast.ai,marketplace,RTX 3090 Ti,0.25361111111111106,1,23.99,46.18798775710818,182.1213098856402,31.36,129.0,"Romania, RO",0.9950624,47263667
2026-09-27T11:39:52.278593+00:00,vast.ai,marketplace,Q RTX 8000,0.25425925925925924,1,45.0,11.59033456697642,45.5847098774018,47.22,74.78153096078896,"Indiana, US",0.9978535,24936696
2026-09-27T11:39:52.278593+00:00,vast.ai,marketplace,RTX PRO 4000,0.25425925925925924,1,23.89,65.75230423708362,258.60338155881396,62.88,190.625,"South Korea, KR",0.997115,45704065
2026-09-27T11:39:52.278593+00:00,vast.ai,marketplace,RTX 3090,0.25914546807407407,1,24.0,44.60957933884808,172.14107454928322,31.41,363.225,"California, US",0.8832523,52591888
2026-09-27T11:39:52.278593+00:00,vast.ai,marketplace,Tesla V100,0.2613888888888889,1,32.0,25.71306491342886,98.37091784096056,94.32,1253.1160188003075,"Minnesota, US",0.9994697,44175696
2026-09-27T11:39:52.278593+00:00,vast.ai,marketplace,RTX 5070,0.2627777777777778,1,11.94,50.19110836356703,191.0021037091346,15.26,1502.0,"Ukraine, UA",0.9490075,52655574
2026-09-27T11:39:52.278593+00:00,vast.ai,marketplace,RTX 3090,0.2656111111111111,1,24.0,42.89647857168908,161.50106971144186,62.7,777.7,"Norway, NO",0.9932475,45636823
2026-09-27T11:39:52.278593+00:00,vast.ai,marketplace,RTX 3090,0.2675925925925926,1,24.0,44.3476000530206,165.72805556146105,31.24,659.454268252302,"United Arab Emirates, AE",0.9751501,48405153
2026-09-27T11:39:52.278593+00:00,vast.ai,marketplace,RTX 5080,0.2675925925925926,1,15.92,83.82545613739987,313.2577599598334,62.56,1450.0,"Bulgaria, BG",0.9897493,51053930
2026-09-27T11:39:52.278593+00:00,vast.ai,marketplace,RTX PRO 4000,0.2675925925925926,1,23.89,65.68039214880842,245.4492163346474,32.72,2027.6171645701781,"Australia, AU",0.9972372,49601337
2026-09-27T11:39:52.278593+00:00,vast.ai,marketplace,RTX 3060,0.2677777777777778,1,12.0,12.407836284181814,46.336318073708014,251.73,3092.8,"Norway, NO",0.9984933,42225869
2026-09-27T11:39:52.278593+00:00,vast.ai,marketplace,RTX 3090,0.26805555555555555,1,24.0,44.60161106848776,166.3894298928041,62.89,332.75,"Oman, OM",0.9786645,52941462
2026-09-27T11:39:52.278593+00:00,vast.ai,marketplace,RTX 3090,0.26805555555555555,1,24.0,44.33705425654779,165.4024822005928,31.36,335.0,"Colorado, US",0.987719,50546030
2026-09-27T11:39:52.278593+00:00,vast.ai,marketplace,RTX 4080,0.26805555555555555,1,15.99,53.2633558350881,198.70267461794523,62.71,1362.0,"Quebec, CA",0.994737,47784808
2026-09-27T11:39:52.278593+00:00,vast.ai,marketplace,RTX 4080,0.26805555555555555,1,15.99,53.17930959751601,198.38913424980066,23.45,1444.0,"North Carolina, US",0.9962066,39750748
2026-09-27T11:39:52.278593+00:00,vast.ai,marketplace,RTX 5070 Ti,0.26805555555555555,1,15.92,75.96723043755253,283.40106691729443,61.91,1265.0,"South Korea, KR",0.6487245,46849270
2026-09-27T11:39:52.278593+00:00,vast.ai,marketplace,RTX 5070 Ti,0.26805555555555555,1,15.92,75.89983020192955,283.1496256237786,15.59,279.0,"South Korea, KR",0.9972897,50736270
2026-09-27T11:39:52.278593+00:00,vast.ai,marketplace,RTX 5070 Ti,0.26805555555555555,1,15.92,75.96723043755253,283.40106691729443,15.59,370.5,"South Korea, KR",0.996981,51511971
2026-09-27T11:39:52.278593+00:00,vast.ai,marketplace,RTX 5060 Ti,0.26805555555555555,1,15.93,38.88063014190477,145.04691037394525,46.71,3260.5,"Ohio, US",0.9986549,49213096
2026-09-27T11:39:52.278593+00:00,vast.ai,marketplace,RTX PRO 4000,0.26805555555555555,1,23.89,65.69237766585148,245.07000994514544,31.32,1082.0,"France, FR",0.9947392,48295132
2026-09-27T11:39:52.278593+00:00,vast.ai,marketplace,RTX 3090,0.2685185185185185,1,24.0,39.62862612918667,147.5824697224883,31.37,322.0,"Norway, NO",0.9993186,52593638
2026-09-27T11:39:52.278593+00:00,vast.ai,marketplace,RTX 3090,0.2685185185185185,1,24.0,44.596293996935074,166.08275005755132,31.26,679.5,"Norway, NO",0.9980344,52214454
2026-09-27T11:39:52.278593+00:00,vast.ai,marketplace,RTX 4060 Ti,0.2685185185185185,1,16.0,22.510935115624875,83.83382732715472,41.92,454.0,"Texas, US",0.9993232,51925396
2026-09-27T11:39:52.278593+00:00,vast.ai,marketplace,RTX 4060 Ti,0.2685185185185185,1,16.0,22.52902695465334,83.90120383112279,124.44,655.6412166259684,"Texas, US",0.9981573,37119317
2026-09-27T11:39:52.278593+00:00,vast.ai,marketplace,RTX PRO 4000,0.2689814814814815,1,23.89,65.71634849707324,244.31551248481617,41.92,453.26666666666665,"France, FR",0.9955435,47658254
2026-09-27T11:39:52.278593+00:00,vast.ai,marketplace,RTX PRO 4000,0.2689814814814815,1,23.89,65.71634849707324,244.31551248481617,41.92,408.3333333333333,"Ontario, CA",0.9937759,44205409
2026-09-27T11:39:52.278593+00:00,vast.ai,marketplace,RTX 5070,0.26944444444444443,1,11.94,50.1969163091667,186.29783372474242,31.21,768.0,"Florida, US",0.9955341,52796135
2026-09-27T11:39:52.278593+00:00,vast.ai,marketplace,RTX 5060 Ti,0.2708333333333333,1,15.93,38.382805803843624,141.72112912188416,15.54,266.0,"Washington, US",0.9946547,52078772
2026-09-27T11:39:52.278593+00:00,vast.ai,marketplace,RTX 3060,0.2712555555555555,1,12.0,12.273611407557551,45.247410260114684,15.73,161.5766245994193,"Czechia, CZ",0.9990825,46528530
2026-09-27T11:39:52.278593+00:00,vast.ai,marketplace,RTX 5070 Ti,0.2712962962962963,1,15.92,75.96049243782045,279.99089362746105,29.96,728.0,"Colorado, US",0.9935526,48756092
2026-09-27T11:39:52.278593+00:00,vast.ai,marketplace,RTX 5080,0.2736111111111111,1,15.92,83.59854657465404,305.53783519670515,54.89,459.0,"Romania, RO",0.9705152,49026351
2026-09-27T11:39:52.278593+00:00,vast.ai,marketplace,RTX 4080,0.2759,1,15.99,50.53682169760589,183.17079266982927,62.88,141.29758300203048,"Ontario, CA",0.9981765,49852981
2026-09-27T11:39:52.278593+00:00,vast.ai,marketplace,RTX 5070 Ti,0.276762962962963,1,15.92,75.98693579783424,274.5560135082199,62.57,1493.0,"Illinois, US",0.9883639,49939692
2026-09-27T11:39:52.278593+00:00,vast.ai,marketplace,RTX 3090 Ti,0.2813888888888889,1,23.99,46.44672081543472,165.06238394428922,62.83,552.5,"Norway, NO",0.9991127,36026151
2026-09-27T11:39:52.278593+00:00,vast.ai,marketplace,RTX 5080,0.2813888888888889,1,15.92,83.4477393414453,296.5566254977325,15.55,299.3,"Vietnam, VN",0.9844972,52546523
2026-09-27T11:39:52.278593+00:00,vast.ai,marketplace,RTX 5080,0.28185185185185185,1,15.92,83.82140068518245,297.3952455321848,15.54,703.0,"Puerto Rico, PR",0.9936246,51952933
2026-09-27T11:39:52.278593+00:00,vast.ai,marketplace,RTX PRO 4000,0.2849942222222222,1,23.89,66.76537428529424,234.26922049400153,62.92,611.029852656631,"Quebec, CA",0.9967791,52493301
2026-09-27T11:39:52.278593+00:00,vast.ai,marketplace,RTX 4500Ada,0.28694444444444445,1,23.99,40.63364089361319,141.60804183640607,23.34,96.5,"France, FR",0.9927652,51136776
2026-09-27T11:39:52.278593+00:00,vast.ai,marketplace,RTX PRO 4000,0.28805555555555556,1,23.89,65.75230423708362,228.26257980086888,62.57,440.4454516175547,"Thailand, TH",0.9939778,52696036
2026-09-27T11:39:52.278593+00:00,vast.ai,marketplace,RTX PRO 4000,0.2907222222222222,1,23.89,65.75230423708362,226.16882787454713,125.71,607.0,"Bulgaria, BG",0.9974921,52747512
2026-09-27T11:39:52.278593+00:00,vast.ai,marketplace,RTX 4080S,0.29083333333333333,1,15.99,55.65876830167704,191.376853759348,31.26,703.0,"Ontario, CA",0.9871015,51351541
2026-09-27T11:39:52.278593+00:00,vast.ai,marketplace,RTX 4080,0.2940740740740741,1,15.99,53.10399300276885,180.5803288507253,31.06,1496.0,"United Kingdom, GB",0.9637197,52091009
2026-09-27T11:39:52.278593+00:00,vast.ai,marketplace,RTX 3090,0.29448148148148146,1,24.0,36.73023243417562,124.7284965064447,31.33,690.5,"Thailand, TH",0.995215,51927638
2026-09-27T11:39:52.278593+00:00,vast.ai,marketplace,RTX 3090,0.29448148148148146,1,24.0,43.59536328897539,148.04110285528054,31.33,235.0,"Thailand, TH",0.9838166,50130170
2026-09-27T11:39:52.278593+00:00,vast.ai,marketplace,RTX 4080,0.2947222222222222,1,15.99,53.23140637290087,180.61551643962596,62.66,1458.0,"North Carolina, US",0.9978775,42608333
2026-09-27T11:39:52.278593+00:00,vast.ai,marketplace,RTX 3080 Ti,0.29518518518518516,1,12.0,33.96962160262383,115.07901923097158,31.19,728.0,"Florida, US",0.995912,52643437
2026-09-27T11:39:52.278593+00:00,vast.ai,marketplace,RTX PRO 4000,0.29518518518518516,1,23.89,65.75230423708362,222.74933681320675,30.2,89.5,"Puerto Rico, PR",0.9900151,44170201
2026-09-27T11:39:52.278593+00:00,vast.ai,marketplace,RTX 3090,0.2965185185185185,1,24.0,3.1878,10.750761928553585,31.24,277.5,"Spain, ES",0.9946292,51708799
2026-09-27T11:39:52.278593+00:00,vast.ai,marketplace,RTX 3090,0.30759259259259264,1,24.0,44.36601777471118,144.23630101351014,62.83,1181.5,"Washington, US",0.9965689,51331054
2026-09-27T11:39:52.278593+00:00,vast.ai,marketplace,RTX 4080S,0.3080555555555556,1,15.99,56.13734862480038,182.23124891729609,31.43,411.075,"California, US",0.9647974,51999233
2026-09-27T11:39:52.278593+00:00,vast.ai,marketplace,RTX 5070 Ti,0.31877777777777777,1,15.92,75.85936844944787,237.96943745034187,251.55,5089.8,"Italy, IT",0.9904447,52827619
2026-09-27T11:39:52.278593+00:00,vast.ai,marketplace,RTX 3090,0.32092592592592595,1,24.0,44.35681485909163,138.21511842994505,188.76,1401.3,"Japan, JP",0.9555395,52924030
2026-09-27T11:39:52.278593+00:00,vast.ai,marketplace,RTX 4080,0.32092592592592595,1,15.99,53.10978934969707,165.48924552127187,62.71,613.0,"Nevada, US",0.9957905,48333485
2026-09-27T11:39:52.278593+00:00,vast.ai,marketplace,L4,0.3213888888888889,1,22.49,25.32920853949707,78.81171196386296,31.32,258.7225000000002,"South Korea, KR",0.9901542,50457500
2026-09-27T11:39:52.278593+00:00,vast.ai,marketplace,L4,0.3232407407407408,1,22.49,25.29210970409092,78.2454267557095,25.12,221.57606995795015,"Utah, US",0.9945137,49883396
2026-09-27T11:39:52.278593+00:00,vast.ai,marketplace,RTX PRO 4000,0.3299074074074074,1,23.89,66.85071354042947,202.63477581718726,31.44,493.875,"North Carolina, US",0.9888262,51819934
2026-09-27T11:39:52.278593+00:00,vast.ai,marketplace,RTX 4080S,0.33425925925925926,1,15.99,55.95175035626881,167.390278074156,62.71,204.0,"France, FR",0.9741336,51729455
2026-09-27T11:39:52.278593+00:00,vast.ai,marketplace,L4,0.33425925925925926,1,22.49,25.321792081050233,75.75494583804502,62.75,554.5,"Czechia, CZ",0.998808,36579964
2026-09-27T11:39:52.278593+00:00,vast.ai,marketplace,RTX 5080,0.33425925925925926,1,15.92,83.736253872351,250.51289247129938,46.69,462.5,"California, US",0.9771485,50652375
2026-09-27T11:39:52.278593+00:00,vast.ai,marketplace,RTX 5080,0.33425925925925926,1,15.92,59.890249843957896,179.17304662458318,62.51,2559.0,"Washington, US",0.9930802,51857741
2026-09-27T11:39:52.278593+00:00,vast.ai,marketplace,RTX 3080,0.3347222222222222,1,10.0,26.96702889499995,80.56539752863056,125.6,806.0,"Norway, NO",0.9706855,51995082
2026-09-27T11:39:52.278593+00:00,vast.ai,marketplace,RTX 4080,0.3347222222222222,1,15.99,53.10978934969707,158.66825033934396,31.33,370.35,"Nevada, US",0.9932444,51350827
2026-09-27T11:39:52.278593+00:00,vast.ai,marketplace,L4,0.3347222222222222,1,22.49,25.34403650210712,75.71662357475986,47.14,270.0,"Czechia, CZ",0.9977989,49498406
2026-09-27T11:39:52.278593+00:00,vast.ai,marketplace,L4,0.3347222222222222,1,22.49,25.299532782286814,75.58366640351248,62.75,388.5,"Czechia, CZ",0.9983847,45699409
2026-09-27T11:39:52.278593+00:00,vast.ai,marketplace,Tesla V100,0.3347222222222222,1,32.0,25.71306491342886,76.81911509406133,94.32,1366.0,"Minnesota, US",0.9995781,38405402
2026-09-27T11:39:52.278593+00:00,vast.ai,marketplace,RTX 5080,0.3347222222222222,1,15.92,83.80531094157901,250.37271318646012,31.28,828.0,"Taiwan, TW",0.9724595,51185900
2026-09-27T11:39:52.278593+00:00,vast.ai,marketplace,RTX 3090,0.3349074074074074,1,24.0,44.33705425654779,132.38600662723698,125.92,623.5983640390162,"Slovakia, SK",0.9955093,51240124
2026-09-27T11:39:52.278593+00:00,vast.ai,marketplace,RTX 3090 Ti,0.3349074074074074,1,23.99,45.94330963342156,137.1821244238189,125.76,1606.7,"Slovakia, SK",0.9930781,51187269
2026-09-27T11:39:52.278593+00:00,vast.ai,marketplace,RTX 5080,0.33518518518518514,1,15.92,83.81564881104599,250.05773678433613,30.95,780.5,"Ontario, CA",0.9840274,51362963
2026-09-27T11:39:52.278593+00:00,vast.ai,marketplace,RTX 3060 Ti,0.33564814814814814,1,8.0,13.77861855750952,41.05078080582147,62.89,383.25,"Norway, NO",0.9991321,31574345
2026-09-27T11:39:52.278593+00:00,vast.ai,marketplace,RTX 5070 Ti,0.33564814814814814,1,15.92,76.05970316984526,226.60546047843556,125.66,2958.1,"Norway, NO",0.9974234,32128319
2026-09-27T11:39:52.278593+00:00,vast.ai,marketplace,RTX PRO 4000,0.33564814814814814,1,23.89,65.81222912041162,196.07505503460564,62.88,726.75,"Norway, NO",0.9963644,50471998
2026-09-27T11:39:52.278593+00:00,vast.ai,marketplace,RTX 5060 Ti,0.33564814814814814,1,15.93,38.375975201203396,114.33393990979219,62.94,991.344160548287,"Texas, US",0.9975463,50417796
2026-09-27T11:39:52.278593+00:00,vast.ai,marketplace,RTX 5060 Ti,0.33564814814814814,1,15.93,38.8667071390311,115.79598264869955,124.44,278.29724445390275,"Texas, US",0.9956607,49701017
2026-09-27T11:39:52.278593+00:00,vast.ai,marketplace,RTX 5060 Ti,0.33564814814814814,1,15.93,38.41011908888741,114.43566514758182,41.92,176.80012831840918,"Texas, US",0.9956932,50294995
2026-09-27T11:39:52.278593+00:00,vast.ai,marketplace,RTX 4070S Ti,0.33796296296296297,1,15.99,51.11969715525226,151.25828199362311,60.38,695.0,"Texas, US",0.9983416,49914416
2026-09-27T11:39:52.278593+00:00,vast.ai,marketplace,RTX 5070 Ti,0.33796296296296297,1,15.92,75.75814299650284,224.16108064718648,62.69,1566.9,"California, US",0.9318359,52677056
2026-09-27T11:39:52.278593+00:00,vast.ai,marketplace,RTX 3090,0.3399991111111111,1,24.0,44.32649286458205,130.3723786798261,30.27,693.0,"Indonesia, ID",0.9792334,51150627
2026-09-27T11:39:52.278593+00:00,vast.ai,marketplace,RTX 4090,0.34805555555555556,1,23.99,96.7611617315266,278.0049339453278,31.46,143.0,"California, US",0.9952386,48448040
2026-09-27T11:39:52.278593+00:00,vast.ai,marketplace,CMP 170HX,0.34805555555555556,1,64.0,83.21196200801198,239.07666658327463,62.73,2821.0,"South Korea, KR",0.9972949,52199103
2026-09-27T11:39:52.278593+00:00,vast.ai,marketplace,RTX 5070 Ti,0.34805555555555556,1,15.92,76.0143838585228,218.39727205960264,30.81,395.0,"France, FR",0.9976808,45298132
2026-09-27T11:39:52.278593+00:00,vast.ai,marketplace,RTX 3090,0.34944444444444445,1,24.0,44.84434922304307,128.33041113112483,41.92,255.0,"France, FR",0.9865816,51087512
2026-09-27T11:39:52.278593+00:00,vast.ai,marketplace,RTX 4080,0.34944444444444445,1,15.99,53.10978934969707,151.98349893395027,31.32,417.0,"Arizona, US",0.9858202,52628548
2026-09-27T11:39:52.278593+00:00,vast.ai,marketplace,RTX 3090,0.34990740740740744,1,24.0,44.362075122503484,126.78232636227509,41.97,116.33333333333333,"Spain, ES",0.9980491,37930677
2026-09-27T11:39:52.278593+00:00,vast.ai,marketplace,RTX 3090,0.34990740740740744,1,24.0,44.35418327168303,126.75977225037752,62.96,258.25,"Spain, ES",0.9990804,43543253
2026-09-27T11:39:52.278593+00:00,vast.ai,marketplace,RTX 4090,0.3613888888888889,1,23.99,97.01290945668947,268.4446380046749,78.72,191.354251852309,"Malaysia, MY",0.9918337,47256382
2026-09-27T11:39:52.278593+00:00,vast.ai,marketplace,RTX 5080,0.36231481481481487,1,15.92,83.80531094157901,231.30522825684977,125.78,722.5,"Spain, ES",0.9973976,51286236
2026-09-27T11:39:52.278593+00:00,vast.ai,marketplace,RTX 4080S,0.3627777777777778,1,15.99,55.59477845901785,153.24747507845655,31.28,417.0,"Arizona, US",0.984388,51987075
2026-09-27T11:39:52.278593+00:00,vast.ai,marketplace,RTX 5080,0.3733796296296297,1,15.92,83.8668228115441,224.6154212931621,31.08,1659.0,"Italy, IT",0.9705865,52747209
2026-09-27T11:39:52.278593+00:00,vast.ai,marketplace,RTX 5080,0.3742592592592593,1,15.92,84.08475067229443,224.66979397842152,30.2,1654.8,"Minnesota, US",0.996021,51246753
2026-09-27T11:39:52.278593+00:00,vast.ai,marketplace,RTX 5070 Ti,0.37439814814814815,1,15.92,38.36282582642954,102.46531938306889,15.56,335.0,"Spain, ES",0.9931483,51782003
2026-09-27T11:39:52.278593+00:00,vast.ai,marketplace,RTX 5080,0.3751851851851852,1,15.92,83.8466622204774,223.48073839613917,62.72,778.8,"Ontario, CA",0.9986131,51328808
2026-09-27T11:39:52.278593+00:00,vast.ai,marketplace,RTX 5080,0.3751851851851852,1,15.92,83.77429713409488,223.28786008100315,31.08,696.0,"Ontario, CA",0.9907922,51233990
2026-09-27T11:39:52.278593+00:00,vast.ai,marketplace,RTX PRO 4000,0.3756481481481482,1,23.89,65.63244940389433,174.7178835499282,125.96,582.5,"United Kingdom, GB",0.9867013,51601838
2026-09-27T11:39:52.278593+00:00,vast.ai,marketplace,RTX 5070 Ti,0.3761111111111111,1,15.92,75.93757700474077,201.90197726518966,31.28,378.0,"Arizona, US",0.9784476,51987082
2026-09-27T11:39:52.278593+00:00,vast.ai,marketplace,RTX 4090,0.3761124444444444,1,23.99,97.17763716743731,258.3738948360998,62.83,1555.8,"South Africa, ZA",0.9746914,52481377
2026-09-27T11:39:52.278593+00:00,vast.ai,marketplace,RTX 5080,0.3765740740740741,1,15.92,83.6295620782163,222.07997798001867,62.61,1510.0,"Thailand, TH",0.9951261,52902797
2026-09-27T11:39:52.278593+00:00,vast.ai,marketplace,RTX 4090,0.3793518518518519,1,23.99,96.88010349824503,255.3832359729183,35.96,393.9285714285714,"California, US",0.9954582,41890585
2026-09-27T11:39:52.278593+00:00,vast.ai,marketplace,RTX 3090,0.3875925925925926,1,24.0,44.36601777471118,114.46559769872928,251.77,3333.5,"Germany, DE",0.9977195,40384849
2026-09-27T11:39:52.278593+00:00,vast.ai,marketplace,RTX 3090,0.3875925925925926,1,24.0,44.36601777471118,114.46559769872928,41.92,130.33333333333331,"Czechia, CZ",0.9895751,18811400
2026-09-27T11:39:52.278593+00:00,vast.ai,marketplace,RTX 3090,0.3875925925925926,1,24.0,42.23372911816908,108.96423183856332,20.94,138.66666666666666,"Czechia, CZ",0.968815,31013675
2026-09-27T11:39:52.278593+00:00,vast.ai,marketplace,RTX 5080,0.3875925925925926,1,15.92,84.18699215061196,217.20485313583592,30.2,3271.5,"Minnesota, US",0.9968398,50441923
2026-09-27T11:39:52.278593+00:00,vast.ai,marketplace,RTX 4090,0.3883333333333333,1,23.99,92.74570478187115,238.83014106919612,62.66,3135.0,"Texas, US",0.9990567,41247191
2026-09-27T11:39:52.278593+00:00,vast.ai,marketplace,RTX 4090,0.3885185185185185,1,23.99,98.56853673447355,253.7035740544124,31.41,321.25,"United States, US",0.9972634,49080480
2026-09-27T11:39:52.278593+00:00,vast.ai,marketplace,RTX 3090,0.39094888888888885,1,24.0,44.8295693832809,114.66861949829422,94.25,1425.0,"Oklahoma, US",0.987953,47335235
2026-09-27T11:39:52.278593+00:00,vast.ai,marketplace,RTX 4090,0.39964814814814814,1,23.99,47.96000100831781,120.00556296970306,50.37,280.87,"Vietnam, VN",0.9796588,52604729
2026-09-27T11:39:52.278593+00:00,vast.ai,marketplace,RTX 4090,0.39964814814814814,1,23.99,97.54718447457876,244.08266352936624,125.89,1469.5,"Vietnam, VN",0.9975428,52604622
2026-09-27T11:39:52.278593+00:00,vast.ai,marketplace,RTX 4090,0.40064814814814814,1,23.99,96.62715607489146,241.17709397014738,167.92,715.0651437803563,"Denmark, DK",0.9932926,13605351
2026-09-27T11:39:52.278593+00:00,vast.ai,marketplace,RTX 4090,0.4009259259259259,1,23.99,97.05976505696441,242.0890213891953,125.78,1234.5,"Czechia, CZ",0.988377,41644202
2026-09-27T11:39:52.278593+00:00,vast.ai,marketplace,RTX 3090,0.40138888888888885,1,24.0,44.83897819337376,111.70956504923568,31.37,75.5,"Ontario, CA",0.9451342,52513853
2026-09-27T11:39:52.278593+00:00,vast.ai,marketplace,RTX A6000,0.40138888888888885,1,47.99,38.22308949832408,95.22707418267592,62.97,219.45217190943637,"Kansas, US",0.9884996,21004763
2026-09-27T11:39:52.278593+00:00,vast.ai,marketplace,Q RTX 8000,0.40138888888888885,1,45.0,11.59033456697642,28.875574007692123,62.73,763.8159807200158,"New Jersey, US",0.9403513,52438734
2026-09-27T11:39:52.278593+00:00,vast.ai,marketplace,RTX 4090,0.40138888888888885,1,23.99,96.61468769492647,240.70095204272343,125.48,532.0,"India, IN",0.9972792,46026411
2026-09-27T11:39:52.278593+00:00,vast.ai,marketplace,RTX 4090,0.4018518518518518,1,23.99,82.56918229310381,205.47169787223993,23.37,307.5,"Indiana, US",0.9866337,52489138
2026-09-27T11:39:52.278593+00:00,vast.ai,marketplace,RTX 3090,0.4023148148148148,1,24.0,44.36470379958797,110.27360207952822,62.85,721.5,"Alberta, CA",0.9989944,47210269
2026-09-27T11:39:52.278593+00:00,vast.ai,marketplace,RTX 4080S,0.4023148148148148,1,15.99,55.65295326430979,138.33185161209337,83.84,393.66666666666663,"Norway, NO",0.9961106,10764195
2026-09-27T11:39:52.278593+00:00,vast.ai,marketplace,A100 PCIE,0.40277777777777773,1,40.0,94.63986246530119,234.96793439660988,94.29,494.875,"California, US",0.9907146,51163383
2026-09-27T11:39:52.278593+00:00,vast.ai,marketplace,CMP 170HX,0.40277777777777773,1,40.0,61.4764098273585,152.63108646792458,41.93,533.9783333333332,"Florida, US",0.9903114,52868982
2026-09-27T11:39:52.278593+00:00,vast.ai,marketplace,RTX 4090,0.4037037037037037,1,23.99,97.44164907701148,241.36922248434038,86.58,690.9835899302557,"Estonia, EE",0.971536,51008158
2026-09-27T11:39:52.278593+00:00,vast.ai,marketplace,RTX 5080,0.4037037037037037,1,15.92,39.847134307907325,98.70391067096311,31.46,161.05,"Hong Kong, HK",0.9813071,51998050
2026-09-27T11:39:52.278593+00:00,vast.ai,marketplace,RTX 5070 Ti,0.4041666666666666,1,15.92,75.88634475360166,187.76002825633404,15.48,667.0,"Washington, US",0.9973593,52630575
2026-09-27T11:39:52.278593+00:00,vast.ai,marketplace,RTX 4090,0.4046296296296296,1,23.99,97.53311802917972,241.04294615907116,62.81,1599.35,"Japan, JP",0.9762073,51861347
2026-09-27T11:39:52.278593+00:00,vast.ai,marketplace,RTX 5080,0.40648148148148144,1,15.92,40.99310776787179,100.84864781162082,30.94,1139.0,"The Netherlands, NL",0.9974329,37008251
2026-09-27T11:39:52.278593+00:00,vast.ai,marketplace,RTX 4090,0.4010416666666667,1,23.99,96.87310994435018,241.55372869240563,100.72,167.97621838990207,"Ireland, IE",0.9906103,7517081
2026-09-27T11:39:52.278593+00:00,vast.ai,marketplace,RTX 3090,0.4123102222222222,1,24.0,44.890300995646804,108.87506197081952,31.18,590.0,"Oklahoma, US",0.9688626,51065387
2026-09-27T11:39:52.278593+00:00,vast.ai,marketplace,RTX 3090,0.41518518518518516,1,24.0,44.35286711381634,106.82670937315265,62.71,605.0,"Malaysia, MY",0.993832,45104403
2026-09-27T11:39:52.278593+00:00,vast.ai,marketplace,RTX 3090,0.42359259259259263,1,24.0,44.36470379958797,104.7343711278198,31.45,256.3603016434382,"Czechia, CZ",0.9391849,48782867
2026-09-27T11:39:52.278593+00:00,vast.ai,marketplace,RTX 5000Ada,0.42759259259259264,1,31.99,64.23369624759437,150.22172357601107,62.85,1361.7110707138336,"Minnesota, US",0.9784299,51357844
2026-09-27T11:39:52.278593+00:00,vast.ai,marketplace,RTX 4090,0.42770370370370375,1,23.99,90.61099079355326,211.8545853330393,31.26,1551.0,"South Korea, KR",0.9989849,17253925
2026-09-27T11:39:52.278593+00:00,vast.ai,marketplace,RTX 5070 Ti,0.4277222222222222,1,15.92,40.36009385665333,94.36052596697752,31.0,772.0,"Spain, ES",0.9932193,51724767
2026-09-27T11:39:52.278593+00:00,vast.ai,marketplace,RTX 4090,0.4280555555555556,1,23.99,96.87310994435018,226.30966632035083,46.96,234.0,"Texas, US",0.9920946,50685738
2026-09-27T11:39:52.278593+00:00,vast.ai,marketplace,RTX 4090,0.4280555555555556,1,23.99,96.96399675156661,226.52199111332888,31.23,282.0,"Texas, US",0.9932997,52691628
2026-09-27T11:39:52.278593+00:00,vast.ai,marketplace,RTX 4090,0.4280555555555556,1,23.99,97.17309830473383,227.0104827365618,62.63,1548.0,"South Korea, KR",0.9990936,39036059
2026-09-27T11:39:52.278593+00:00,vast.ai,marketplace,RTX 3090,0.42892592592592593,1,24.0,44.36601777471118,103.4351506706849,31.45,293.875,"Czechia, CZ",0.9368867,30293569
2026-09-27T11:39:52.278593+00:00,vast.ai,marketplace,RTX 3090,0.42892592592592593,1,24.0,44.3633895822079,103.42902328983796,25.15,855.4000000000001,"Czechia, CZ",0.9894611,30717203
2026-09-27T11:39:52.278593+00:00,vast.ai,marketplace,RTX 3090,0.42892592592592593,1,24.0,44.3607604204072,103.42289364916626,50.3,75.0,"Czechia, CZ",0.9578067,33877195
2026-09-27T11:39:52.278593+00:00,vast.ai,marketplace,RTX A6000,0.4325185185185185,1,47.99,54.474568636689504,125.94736711685363,62.88,688.5700874474377,"India, IN",0.9797797,52431898
2026-09-27T11:39:52.278593+00:00,vast.ai,marketplace,RTX 4080S,0.4361111111111111,1,15.99,55.62387141771165,127.54518286863818,31.25,600.3,"Florida, US",0.9962916,52796020
2026-09-27T11:39:52.278593+00:00,vast.ai,marketplace,RTX 5070 Ti,0.43787384325925927,1,15.92,75.60949476365276,172.67415244734175,31.41,819.675,"California, US",0.9614601,52442708
2026-09-27T11:39:52.278593+00:00,vast.ai,marketplace,RTX 4090,0.43877777777777777,1,23.99,97.47683704977845,222.15536425626897,125.96,1245.6304386969973,"Italy, IT",0.9956789,49274466
2026-09-27T11:39:52.278593+00:00,vast.ai,marketplace,RTX 4090,0.44092592592592594,1,23.99,48.53950193986041,110.08538869182956,62.89,744.0,"Norway, NO",0.9870652,51305084
2026-09-27T11:39:52.278593+00:00,vast.ai,marketplace,RTX 4090,0.4412037037037037,1,47.99,123.32958692912725,279.5298087795539,94.46,562.9250000000001,"Japan, JP",0.9979285,47635764
2026-09-27T11:39:52.278593+00:00,vast.ai,marketplace,RTX 4090,0.4412037037037037,1,47.99,123.08849249281037,278.9833617885314,94.46,372.4771720990626,"Japan, JP",0.9979524,39099116
2026-09-27T11:39:52.278593+00:00,vast.ai,marketplace,RTX A6000,0.4413888888888889,1,47.99,54.45572267440619,123.3735693063954,62.83,1489.5,"Vietnam, VN",0.9695857,52740906
2026-09-27T11:39:52.278593+00:00,vast.ai,marketplace,RTX 4090,0.4469444444444444,1,23.99,97.24064468209968,217.56763260134176,62.82,3135.9,"Romania, RO",0.9981644,52376628
2026-09-27T11:39:52.278593+00:00,vast.ai,marketplace,RTX 3090 Ti,0.4504814814814815,1,23.99,46.19418082333483,102.5440172843904,62.89,639.75,"Thailand, TH",0.9929913,52902676
2026-09-27T11:39:52.278593+00:00,vast.ai,marketplace,RTX 4090,0.45472222222222225,1,23.99,97.02688113311575,213.37615887551416,62.56,731.0,"Spain, ES",0.9964003,51632016
2026-09-27T11:39:52.278593+00:00,vast.ai,marketplace,RTX 4090,0.4551851851851852,1,23.99,96.82414450134992,212.71374300540666,125.96,1381.125,"Utah, US",0.993552,12239072
2026-09-27T11:39:52.278593+00:00,vast.ai,marketplace,RTX 4090,0.4570370370370371,1,23.99,97.02688113311575,212.29544494279781,108.06,779.0,"California, US",0.9921181,51243730
2026-09-27T11:39:52.278593+00:00,vast.ai,marketplace,RTX 4090,0.4570370370370371,1,23.99,97.0408513074653,212.32601177484304,108.06,897.6,"California, US",0.9808033,51500473
2026-09-27T11:39:52.278593+00:00,vast.ai,marketplace,RTX 4090,0.4609810528580277,1,23.99,97.04783583155114,210.52456544551256,100.71,1136.2,"Sweden, SE",0.9975838,52308525
2026-09-27T11:39:52.278593+00:00,vast.ai,marketplace,RTX 4090,0.46712962962962956,1,23.99,98.37508558615166,210.5948313836349,125.96,1299.2472590729872,"Pennsylvania, US",0.9983641,50454643
2026-09-27T11:39:52.278593+00:00,vast.ai,marketplace,RTX 4090,0.46759259259259256,1,23.99,51.10946259278838,109.30340514893358,62.85,516.1174926263371,"France, FR",0.9912857,48227966
2026-09-27T11:39:52.278593+00:00,vast.ai,marketplace,RTX 5090,0.46759259259259256,1,31.84,194.90002590911033,416.8158969937409,62.94,79.375,"Jiangsu, CN",0.9680718,52144847
2026-09-27T11:39:52.278593+00:00,vast.ai,marketplace,RTX 3090,0.4680555555555555,1,24.0,44.84166420172791,95.80414903633263,78.48,1377.0,"Quebec, CA",0.9796206,52497112
2026-09-27T11:39:52.278593+00:00,vast.ai,marketplace,RTX 5000Ada,0.4680555555555555,1,31.99,64.26156336093389,137.29473477706946,125.88,1352.4750000000001,"Japan, JP",0.9989182,50008902
2026-09-27T11:39:52.278593+00:00,vast.ai,marketplace,RTX 4070,0.4680555555555555,1,11.99,33.65229434678948,71.89807694269564,62.85,813.5,"California, US",0.9985595,52886833
2026-09-27T11:39:52.278593+00:00,vast.ai,marketplace,RTX 5080,0.4680555555555555,1,15.92,83.87767533162472,179.2045288984267,47.1,697.0,"Slovakia, SK",0.994347,46862983
2026-09-27T11:39:52.278593+00:00,vast.ai,marketplace,RTX 5070 Ti,0.4680555555555555,1,15.92,75.65653765573956,161.64008045143171,31.35,617.0,"Japan, JP",0.9800475,50289923
2026-09-27T11:39:52.278593+00:00,vast.ai,marketplace,RTX 4090,0.46851851851851845,1,23.99,97.17763716743731,207.41471964591366,31.06,605.0,"Denmark, DK",0.9979253,50740122
2026-09-27T11:39:52.278593+00:00,vast.ai,marketplace,RTX 4090,0.46888888888888886,1,23.99,25.687008682941958,54.78271993992361,62.5,1229.0,"The Netherlands, NL",0.9855076,40113383
2026-09-27T11:39:52.278593+00:00,vast.ai,marketplace,RTX 4090,0.4689788390934676,1,23.99,97.02688113311575,206.88967826494675,35.94,790.6857142857144,"Sweden, SE",0.9860763,43266010
2026-09-27T11:39:52.278593+00:00,vast.ai,marketplace,RTX 4090,0.46898148148148144,1,23.99,48.40092563014369,103.20434290336661,125.92,1456.5,"Norway, NO",0.9884376,13430356
2026-09-27T11:39:52.278593+00:00,vast.ai,marketplace,RTX 5090,0.46898148148148144,1,31.84,199.06682406475457,424.46627836117466,30.47,326.1000000000002,"South Korea, KR",0.998072,45669249
2026-09-27T11:39:52.278593+00:00,vast.ai,marketplace,RTX 5090,0.46898148148148144,1,31.84,199.19889864386437,424.74789839165555,30.47,325.0,"South Korea, KR",0.9980023,43982842
2026-09-27T11:39:52.278593+00:00,vast.ai,marketplace,RTX 5090,0.46898148148148144,1,31.84,194.08778339691318,413.849567756498,30.47,412.0,"South Korea, KR",0.9966828,45520227
2026-09-27T11:39:52.278593+00:00,vast.ai,marketplace,RTX 5090,0.46898148148148144,1,31.84,193.11914842201054,411.7841664279791,30.47,507.20000000000005,"South Korea, KR",0.9936225,49024410
2026-09-27T11:39:52.278593+00:00,vast.ai,marketplace,RTX PRO 4000,0.46901234567901223,1,23.89,65.7403190579597,140.16756629888752,62.88,755.25,"Slovakia, SK",0.9971881,45623846
2026-09-27T11:39:52.278593+00:00,vast.ai,marketplace,RTX 4090,0.47013888888888883,1,23.99,97.01989548270018,206.36432717147457,62.71,297.1,"Poland, PL",0.9928155,45843293
2026-09-27T11:39:52.278593+00:00,vast.ai,marketplace,RTX 4090,0.47129629629629627,1,23.99,97.19864306397382,206.23680650116253,47.13,700.6406834634253,"Japan, JP",0.9915863,36332794
2026-09-27T11:39:52.278593+00:00,vast.ai,marketplace,RTX A5000,0.4720555555555555,1,23.99,21.170833764875667,44.84818262536919,78.53,718.45,"Argentina, AR",0.8963109,52263028
2026-09-27T11:39:52.278593+00:00,vast.ai,marketplace,RTX 5090,0.4720555555555555,1,31.84,199.27146678927824,422.1356245977414,78.53,718.45,"Argentina, AR",0.8963109,52263030
2026-09-27T11:39:52.278593+00:00,vast.ai,marketplace,RTX 5090,0.47268518518518515,1,31.84,140.20581534460734,296.6156328544093,62.96,290.09709400741866,"United States, US",0.9667152,51214054
2026-09-27T11:39:52.278593+00:00,vast.ai,marketplace,RTX 5090,0.47268518518518515,1,31.84,187.82050348129,397.347979940829,62.96,339.5884498044029,"United States, US",0.9768007,52869932
2026-09-27T11:39:52.278593+00:00,vast.ai,marketplace,RTX 5090,0.47268518518518515,1,31.84,196.0747587327746,414.8104592191902,62.96,360.575,"California, US",0.9965058,51858238
2026-09-27T11:39:52.278593+00:00,vast.ai,marketplace,RTX 5090,0.47268518518518515,1,31.84,140.20581534460734,296.6156328544093,62.96,318.425,"United States, US",0.9294944,49140890
2026-09-27T11:39:52.278593+00:00,vast.ai,marketplace,RTX 4090,0.48078247848835687,1,23.99,97.71695467833261,203.24566524463938,93.94,674.0,"Sweden, SE",0.9906285,49028152
2026-09-27T11:39:52.278593+00:00,vast.ai,marketplace,RTX 4090,0.4813888888888889,1,23.99,97.39078210772227,202.31206900623206,30.22,492.45000000000005,"Japan, JP",0.9949308,48857502
2026-09-27T11:39:52.278593+00:00,vast.ai,marketplace,RTX 4090,0.4813888888888889,1,23.99,97.03386640801217,201.57063997048112,62.66,635.0,"Nevada, US",0.9974724,52859851
2026-09-27T11:39:52.278593+00:00,vast.ai,marketplace,RTX 4090,0.4813888888888889,1,23.99,97.47318498270695,202.48324635761398,71.93,461.2857142857143,"Italy, IT",0.9966944,52477221
2026-09-27T11:39:52.278593+00:00,vast.ai,marketplace,RTX 5090,0.4813888888888889,1,31.84,179.29490268809073,372.4533466111521,31.4,370.0,"Poland, PL",0.97402,45090673
2026-09-27T11:39:52.278593+00:00,vast.ai,marketplace,RTX 5090,0.4813888888888889,1,31.84,199.2862115494499,413.98174355338693,83.92,782.3333333333333,"Romania, RO",0.9749573,52633153
2026-09-27T11:39:52.278593+00:00,vast.ai,marketplace,RTX 4090,0.48185185185185186,1,23.99,97.20564427553269,201.73346621363433,83.92,163.0,"Oklahoma, US",0.9972715,38597842
2026-09-27T11:39:52.278593+00:00,vast.ai,marketplace,RTX 5090,0.4827777777777778,1,31.84,199.15261714619382,412.5140516261782,93.38,1142.0,"Japan, JP",0.9774594,52773347
2026-09-27T11:39:52.278593+00:00,vast.ai,marketplace,RTX 5090,0.48370370370370375,1,31.84,193.9459336884763,400.9601998153797,71.96,373.0,"Estonia, EE",0.9942425,47558703
2026-09-27T11:39:52.278593+00:00,vast.ai,marketplace,RTX 4090,0.4846296296296297,1,23.99,52.64639984601002,108.63223506627973,62.96,606.875,"Hong Kong, HK",0.9992044,39184690
2026-09-27T11:39:52.278593+00:00,vast.ai,marketplace,RTX 5090,0.4933888888888888,1,31.84,189.97479012907425,385.04067360920357,62.83,1354.85,"Romania, RO",0.9902805,52766385
2026-09-27T11:39:52.278593+00:00,vast.ai,marketplace,RTX 4090,0.4951851851851851,1,23.99,97.57531281031149,197.04812609412195,61.92,703.0,"Australia, AU",0.997964,52925680
2026-09-27T11:39:52.278593+00:00,vast.ai,marketplace,RTX 5090,0.497037037037037,1,31.84,198.66399216381865,399.6965565143893,71.96,647.5464953867718,"Estonia, EE",0.956524,40819916
2026-09-27T11:39:52.278593+00:00,vast.ai,marketplace,RTX 5090,0.5126851851851851,1,31.84,189.96992259494502,370.5391302195063,31.46,168.5375,"United States, US",0.9943549,46753301
2026-09-27T11:39:52.278593+00:00,vast.ai,marketplace,RTX 5090,0.5126851851851851,1,31.84,196.72736634157027,383.7196237112081,31.46,337.2375,"United States, US",0.9907368,43165155
2026-09-27T11:39:52.278593+00:00,vast.ai,marketplace,RTX 5090,0.5151851851851852,1,31.84,199.1394115077211,386.53947596753915,62.83,546.5,"Vietnam, VN",0.9929676,49352825
2026-09-27T11:39:52.278593+00:00,vast.ai,marketplace,RTX 6000Ada,0.5200555555555557,1,47.99,113.13241719141861,217.53909939595496,83.93,54.666666666666664,"Japan, JP",0.9991166,25318165
2026-09-27T11:39:52.278593+00:00,vast.ai,marketplace,RTX 4090,0.5212962962962964,1,23.99,97.21964556817686,186.49594531728417,62.51,714.0,"Denmark, DK",0.9954305,40764560
2026-09-27T11:39:52.278593+00:00,vast.ai,marketplace,RTX 4090,0.5213888888888889,1,23.99,96.82414450134992,185.704272884848,83.97,107.25,"Texas, US",0.9931928,44533582
2026-09-27T11:39:52.278593+00:00,vast.ai,marketplace,RTX 4090,0.5213888888888889,1,23.99,65.96223431598507,126.51254317397243,62.81,115.7,"Chile, CL",0.9726758,52289591
2026-09-27T11:39:52.278593+00:00,vast.ai,marketplace,RTX 4090,0.5218518518518519,1,23.99,97.24064468209968,186.33764417435708,62.38,2555.7,"India, IN",0.9983002,48116846
2026-09-27T11:39:52.278593+00:00,vast.ai,marketplace,RTX 3090,0.5235925925925927,1,24.0,44.35944547585151,84.72130068953741,31.43,307.25,"Czechia, CZ",0.9934033,20375219
2026-09-27T11:39:52.278593+00:00,vast.ai,marketplace,A100 PCIE,0.5342592592592592,1,40.0,95.34213948336895,178.45669088741505,62.96,296.2763059886849,"California, US",0.9880619,50954796
2026-09-27T11:39:52.278593+00:00,vast.ai,marketplace,RTX 6000Ada,0.5342592592592592,1,47.99,113.09431825194905,211.68433918909008,117.9,488.0,"California, US",0.9981784,51572668
2026-09-27T11:39:52.278593+00:00,vast.ai,marketplace,RTX 4070S Ti,0.5347222222222222,1,15.99,51.25664346281319,95.85657998240389,62.85,808.65,"California, US",0.9350578,52886868
2026-09-27T11:39:52.278593+00:00,vast.ai,marketplace,RTX 4090,0.5347222222222222,1,23.99,97.57531281031149,182.4785070738293,62.81,288.1,"Oman, OM",0.9425202,52942153
2026-09-27T11:39:52.278593+00:00,vast.ai,marketplace,RTX 4090,0.5347222222222222,1,23.99,97.0548199803455,181.50511788532145,125.88,1526.7,"Arizona, US",0.9941272,50859184
2026-09-27T11:39:52.278593+00:00,vast.ai,marketplace,RTX 4090,0.5351851851851852,1,23.99,98.49257173698322,184.03456310716587,62.94,313.875,"Quebec, CA",0.9637152,26435143
2026-09-27T11:39:52.278593+00:00,vast.ai,marketplace,RTX 4090,0.5351851851851852,1,23.99,54.24632633092107,101.35991771175563,59.0,635.5,"Quebec, CA",0.9947315,29761284
2026-09-27T11:39:52.278593+00:00,vast.ai,marketplace,RTX 4090,0.5351851851851852,1,23.99,48.12377301071029,89.91985268437216,62.88,1641.025,"Quebec, CA",0.9950301,26546130
2026-09-27T11:39:52.278593+00:00,vast.ai,marketplace,RTX 5070 Ti,0.5351851851851852,1,15.92,75.77839622023527,141.5928510689517,125.91,614.75,"Texas, US",0.9990443,43421245
2026-09-27T11:39:52.278593+00:00,vast.ai,marketplace,RTX A6000,0.5356481481481481,1,47.99,54.474568636689504,101.6984168152544,47.23,134.25,"Romania, RO",0.9794236,31805859
2026-09-27T11:39:52.278593+00:00,vast.ai,marketplace,RTX A6000,0.5356481481481481,1,47.99,54.42029919009341,101.59710134019168,47.23,114.5,"Romania, RO",0.9943467,51100878
2026-09-27T11:39:52.278593+00:00,vast.ai,marketplace,RTX A6000,0.5356481481481481,1,47.99,54.41793356499307,101.5926849614391,47.19,275.0637834872014,"Romania, RO",0.9943551,51092051
2026-09-27T11:39:52.278593+00:00,vast.ai,marketplace,RTX 4090,0.5356481481481481,1,23.99,97.01989548270018,181.12616615612134,75.54,615.1,"Norway, NO",0.9993746,52739821
2026-09-27T11:39:52.278593+00:00,vast.ai,marketplace,A100 SXM4,0.5365740740740741,1,40.0,91.92859823078462,171.3250838468462,78.71,305.625,"California, US",0.9625296,52325108
2026-09-27T11:39:52.278593+00:00,vast.ai,marketplace,RTX 6000Ada,0.537037037037037,1,47.99,113.15146300519584,210.69582766484743,117.9,621.6000000000006,"California, US",0.9863214,51325344
2026-09-27T11:39:52.278593+00:00,vast.ai,marketplace,RTX 5090,0.537037037037037,1,31.84,198.93440768983595,370.42958673279804,62.84,525.3820082373982,"United States, US",0.9907449,51079084
2026-09-27T11:39:52.278593+00:00,vast.ai,marketplace,RTX 4090,0.5379537037037037,1,23.99,45.96954128693242,85.4525974455447,50.34,1245.08,"California, US",0.9954581,51857333
2026-09-27T11:39:52.278593+00:00,vast.ai,marketplace,RTX 5090,0.5480555555555555,1,31.84,198.97404183405501,363.05451120253326,47.17,231.25000000000006,"Slovenia, SI",0.9552601,45702815
2026-09-27T11:39:52.278593+00:00,vast.ai,marketplace,RTX 4090,0.5481481481481482,1,23.99,96.20766294665137,175.51397969997208,30.92,1587.0,"United Kingdom, GB",0.9892122,49418051
2026-09-27T11:39:52.278593+00:00,vast.ai,marketplace,RTX 5090,0.5503703703703703,1,31.84,180.19488015635028,327.40657901894065,71.96,388.1428571428571,"Estonia, EE",0.9951649,50420389
2026-09-27T11:39:52.278593+00:00,vast.ai,marketplace,A100 SXM4,0.5526851851851852,1,40.0,70.31664950097039,127.22731020446979,51.15,350.00354818159155,"United States, US",0.99136,50213970
2026-09-27T11:39:52.278593+00:00,vast.ai,marketplace,RTX 5090,0.5547222222222222,1,31.84,199.6144910472601,359.84585266406424,47.06,590.5,"Australia, AU",0.9569344,52600183
2026-09-27T11:39:52.278593+00:00,vast.ai,marketplace,RTX 4090,0.5612962962962964,1,23.99,97.04783583155114,172.89947657221248,31.14,509.5,"Massachusetts, US",0.9957826,47334602
2026-09-27T11:39:52.278593+00:00,vast.ai,marketplace,RTX 4090,0.5613888888888889,1,23.99,97.0408513074653,172.8585179153266,31.44,1545.0,"Taiwan, TW",0.9989296,45087816
2026-09-27T11:39:52.278593+00:00,vast.ai,marketplace,RTX 5090,0.5613888888888889,1,31.84,199.07338294739972,354.6086979765655,188.08,2885.1,"Slovenia, SI",0.9728747,51363468
2026-09-27T11:39:52.278593+00:00,vast.ai,marketplace,RTX 5090,0.5733888888888888,1,31.84,169.76855284393704,296.07925115694866,31.46,193.30757708074623,"Thailand, TH",0.9717276,45330020
2026-09-27T11:39:52.278593+00:00,vast.ai,marketplace,RTX 5090,0.5775,1,31.84,199.22505288158797,344.97844654820426,163.73,966.8003735263558,"Estonia, EE",0.9536978,50584162
2026-09-27T11:39:52.278593+00:00,vast.ai,marketplace,RTX 4090,0.5889814814814814,1,23.99,5.945019245524038,10.093728635695584,125.78,1378.0,"Spain, ES",0.9977341,31829238
2026-09-27T11:39:52.278593+00:00,vast.ai,marketplace,RTX 4090,0.5908333333333333,1,23.99,97.01989548270018,164.20856781275066,125.92,500.25,"Spain, ES",0.9989252,36368076
2026-09-27T11:39:52.278593+00:00,vast.ai,marketplace,L40S,0.6009259259259259,1,44.99,93.6451012983909,155.8346832084163,125.87,916.6658626821379,"Japan, JP",0.998858,24964770
2026-09-27T11:39:52.278593+00:00,vast.ai,marketplace,RTX 5090,0.6009259259259259,1,31.84,199.38379891884597,331.79430328559886,62.62,900.362336250376,"South Korea, KR",0.9991848,46295493
2026-09-27T11:39:52.278593+00:00,vast.ai,marketplace,A100 PCIE,0.6013888888888889,1,40.0,94.40832540062917,156.98382052760508,251.84,1733.0,"Japan, JP",0.9992851,24622077
2026-09-27T11:39:52.278593+00:00,vast.ai,marketplace,RTX 4090,0.6013888888888889,1,23.99,97.0618037539243,161.39607090721825,31.28,601.0,"Taiwan, TW",0.9952331,47591298
2026-09-27T11:39:52.278593+00:00,vast.ai,marketplace,RTX 4090,0.6013888888888889,1,23.99,97.69580678354002,162.45030227286102,47.03,891.0,"Taiwan, TW",0.9979777,44901390
2026-09-27T11:39:52.278593+00:00,vast.ai,marketplace,RTX 4090,0.6013888888888889,1,23.99,97.56828129557074,162.23825065314304,55.0,734.0324851964534,"Sweden, SE",0.9977868,51754534
2026-09-27T11:39:52.278593+00:00,vast.ai,marketplace,RTX 4090,0.6013888888888889,1,23.99,97.01989548270018,161.32638509825435,125.88,467.5,"Washington, US",0.999129,51804520
2026-09-27T11:39:52.278593+00:00,vast.ai,marketplace,RTX 5090,0.6013888888888889,1,31.84,74.06081172457706,123.14961764825748,62.82,164.39575889150018,"South Korea, KR",0.998531,28986862
2026-09-27T11:39:52.278593+00:00,vast.ai,marketplace,RTX 5090,0.6013888888888889,1,31.84,198.86208742938717,330.6713693975953,35.89,432.5,"Bulgaria, BG",0.9927979,52043020
2026-09-27T11:39:52.278593+00:00,vast.ai,marketplace,RTX 5090,0.6013888888888889,1,31.84,167.122544033714,277.89429954797714,31.34,723.5,"South Korea, KR",0.9892011,50734486
2026-09-27T11:39:52.278593+00:00,vast.ai,marketplace,RTX 5090,0.6013888888888889,1,31.84,173.32541326137266,288.2085393722594,62.93,616.875,"Michigan, US",0.990267,50849755
2026-09-27T11:39:52.278593+00:00,vast.ai,marketplace,CMP 170HX,0.6013888888888889,1,64.0,84.79857309739293,141.00455572776656,62.71,111.19999999999999,"Portugal, PT",0.9578493,52328216
2026-09-27T11:39:52.278593+00:00,vast.ai,marketplace,RTX 5090,0.6017592592592592,1,31.84,183.352406645155,304.6939516491267,62.72,198.0,"Poland, PL",0.9887496,37026556
2026-09-27T11:39:52.278593+00:00,vast.ai,marketplace,RTX 5090,0.6027777777777777,1,31.84,96.83270293290398,160.6441154647255,61.38,664.0,"Germany, DE",0.9794134,52627319
2026-09-27T11:39:52.278593+00:00,vast.ai,marketplace,GTX 1660 Ti,0.6069444444444444,1,6.0,2.4740447784639805,4.076229383281616,7.7,679.4000000000026,"Vietnam, VN",0.9934628,33521707
2026-09-27T11:39:52.278593+00:00,vast.ai,marketplace,RTX 5090,0.6145370370370371,1,31.84,196.1605539866239,319.2005398607109,30.49,520.0,"Ontario, CA",0.994155,49467147
2026-09-27T11:39:52.278593+00:00,vast.ai,marketplace,RTX 5090,0.6147222222222223,1,31.84,199.29787755154845,324.208024936997,62.8,742.45,"Australia, AU",0.9938184,52859481
2026-09-27T11:39:52.278593+00:00,vast.ai,marketplace,A100 SXM4,0.6161111111111112,1,39.0,87.91634698122084,142.6956037567155,125.78,1391.0,"Alberta, CA",0.9956745,51091380
2026-09-27T11:39:52.278593+00:00,vast.ai,marketplace,RTX PRO 5000,0.6287962962962962,1,47.79,165.67417705498906,263.47829659753825,125.88,655.25,"Maryland, US",0.9979639,51792683
2026-09-27T11:39:52.278593+00:00,vast.ai,marketplace,RTX PRO 5000,0.6312962962962962,1,47.79,165.7568109026851,262.56579022425916,61.46,1560.35,"Illinois, US",0.991671,51859512
2026-09-27T11:39:52.278593+00:00,vast.ai,marketplace,RTX 5090,0.633611111111111,1,31.84,198.56491815363398,313.3861049333987,62.84,1279.25,"Michigan, US",0.9954675,48426440
2026-09-27T11:39:52.278593+00:00,vast.ai,marketplace,RTX 5090,0.6347222222222222,1,31.84,199.09979444513232,313.680201313994,30.93,810.7149130158949,"Poland, PL",0.990173,52917522
2026-09-27T11:39:52.278593+00:00,vast.ai,marketplace,RTX PRO 5000,0.6365185185185185,1,47.79,81.16721110975402,127.51743861069235,247.94,518.0591605840592,"India, IN",0.9870867,51816390
2026-09-27T11:39:52.278593+00:00,vast.ai,marketplace,RTX 4090,0.6413888888888889,1,47.99,125.64231552606806,195.89100731652013,78.47,2231.0,"California, US",0.9870325,46999718
2026-09-27T11:39:52.278593+00:00,vast.ai,marketplace,RTX PRO 5000,0.6413888888888889,1,47.79,165.87038218178074,258.61124982867506,62.88,1419.75,"India, IN",0.990377,51739772
2026-09-27T11:39:52.278593+00:00,vast.ai,marketplace,RTX 5090,0.6418518518518519,1,31.84,199.42321316446908,310.6997550744757,61.46,712.9,"Colorado, US",0.9922382,50023622
2026-09-27T11:39:52.278593+00:00,vast.ai,marketplace,RTX 5090,0.6467777777777778,1,31.84,198.5055119603093,306.91455207744093,500.96,2328.0,"Italy, IT",0.9950134,50894161
2026-09-27T11:39:52.278593+00:00,vast.ai,marketplace,RTX 5090,0.6587777777777778,1,31.84,199.02055965740558,302.1057576179204,500.96,2034.25,"Italy, IT",0.957693,52602256
2026-09-27T11:39:52.278593+00:00,vast.ai,marketplace,RTX 5090,0.6587777777777778,1,31.84,197.09223906716207,299.17863916418594,250.48,614.625,"Italy, IT",0.9977752,47343842
2026-09-27T11:39:52.278593+00:00,vast.ai,marketplace,RTX 5090,0.6591851851851852,1,31.84,199.09979444513232,302.0392431744338,45.98,1231.0,"Kansas, US",0.9882295,50425365
2026-09-27T11:39:52.278593+00:00,vast.ai,marketplace,RTX 5090,0.6591851851851852,1,31.84,199.00735377352854,301.89900842146704,45.98,435.0,"Kansas, US",0.9868056,49968734
2026-09-27T11:39:52.278593+00:00,vast.ai,marketplace,RTX 3090,0.6680555555555555,1,24.0,44.36470379958797,66.40870423223149,31.28,139.0,"British Columbia, CA",0.9949126,19448806
2026-09-27T11:39:52.278593+00:00,vast.ai,marketplace,RTX PRO 5000,0.6680555555555555,1,47.79,165.61218144393024,247.90181006160037,62.86,275.5,"Slovakia, SK",0.9944055,49063563
2026-09-27T11:39:52.278593+00:00,vast.ai,marketplace,RTX 4090,0.6685185185185185,1,23.99,98.0012002211739,146.59459312862577,26.93,373.57142857142856,"Norway, NO",0.9931197,52593669
2026-09-27T11:39:52.278593+00:00,vast.ai,marketplace,RTX 4090,0.6685185185185185,1,23.99,98.03586378378563,146.64644444111977,35.93,389.1428571428571,"Norway, NO",0.9952201,51754898
2026-09-27T11:39:52.278593+00:00,vast.ai,marketplace,RTX 4090,0.6685185185185185,1,23.99,98.54091813217106,147.40192739992347,31.4,344.5,"Norway, NO",0.9990985,51754733
2026-09-27T11:39:52.278593+00:00,vast.ai,marketplace,RTX 4090,0.6685185185185185,1,23.99,98.29900953855801,147.04006966986518,31.4,839.5,"Norway, NO",0.9951952,51754926
2026-09-27T11:39:52.278593+00:00,vast.ai,marketplace,RTX 4090,0.6685185185185185,1,23.99,96.86611601326047,144.896683233132,35.93,209.57142857142856,"Norway, NO",0.9972452,52396960
2026-09-27T11:39:52.278593+00:00,vast.ai,marketplace,CMP 170HX,0.6685185185185185,1,64.0,73.82154867457159,110.42558527498244,143.95,418.71428571428567,"Hungary, HU",0.9714213,52388429
2026-09-27T11:39:52.278593+00:00,vast.ai,marketplace,RTX PRO 5000,0.6685185185185185,1,47.79,165.7568109026851,247.94647614252062,93.67,2834.0,"Australia, AU",0.983475,52585060
2026-09-27T11:39:52.278593+00:00,vast.ai,marketplace,RTX 5880Ada,0.6689814814814814,1,47.99,106.85466826344613,159.72739339034163,125.96,633.7785481815916,"United Kingdom, GB",0.9981118,44120926
2026-09-27T11:39:52.278593+00:00,vast.ai,marketplace,RTX 4090,0.6689814814814814,1,23.99,98.59614959033527,147.3824796644458,62.88,637.425,"Texas, US",0.9973069,46126404
2026-09-27T11:39:52.278593+00:00,vast.ai,marketplace,RTX 5090,0.6694444444444444,1,31.84,198.4328317122801,296.414188449879,94.44,1397.891036947779,"Texas, US",0.998362,37523067
2026-09-27T11:39:52.278593+00:00,vast.ai,marketplace,A100 SXM4,0.6699074074074074,1,40.0,95.36309713804769,142.35265364076227,62.96,187.0,"Mississippi, US",0.9824128,51341862
2026-09-27T11:39:52.278593+00:00,vast.ai,marketplace,RTX 5090,0.6699074074074074,1,31.84,198.21495568737987,295.88410800604044,62.96,324.75,"Spain, ES",0.9986132,26371154
2026-09-27T11:39:52.278593+00:00,vast.ai,marketplace,RTX 4090,0.6712962962962963,1,47.99,123.71282682368849,184.28945237183942,75.57,696.8000000000001,"California, US",0.9890541,47667762
2026-09-27T11:39:52.278593+00:00,vast.ai,marketplace,RTX 4090,0.6712962962962963,1,47.99,125.60711093381336,187.11128249450817,52.47,516.3333333333333,"California, US",0.9960441,40232099
2026-09-27T11:39:52.278593+00:00,vast.ai,marketplace,RTX 4090,0.6712962962962963,1,47.99,123.49903502818506,183.97097631784808,62.97,628.8461538461539,"California, US",0.9908651,50701958
2026-09-27T11:39:52.278593+00:00,vast.ai,marketplace,RTX 5090,0.6712962962962963,1,31.84,199.51958935739395,297.2153882841179,62.42,1030.0,"Taiwan, TW",0.9916375,40871605
2026-09-27T11:39:52.278593+00:00,vast.ai,marketplace,GTX 1660,0.673611111111111,1,6.0,2.316471688407048,3.4388858054702576,7.71,669.4000000000026,"Vietnam, VN",0.9926941,33521216
2026-09-27T11:39:52.278593+00:00,vast.ai,marketplace,A100 SXM4,0.6956481481481481,1,40.0,87.62205722230853,125.95743617741677,125.89,613.0,"Croatia, HR",0.985509,41566566
2026-09-27T11:39:52.278593+00:00,vast.ai,marketplace,RTX 5090,0.6956481481481481,1,31.84,202.1483987322758,290.590004832767,250.48,1412.25,"Hungary, HU",0.98977,48688102
2026-09-27T11:39:52.278593+00:00,vast.ai,marketplace,RTX 4090,0.7061574074074074,1,47.99,125.6599150750256,177.94887337707684,125.88,530.75,"British Columbia, CA",0.9972069,46211615
2026-09-27T11:39:52.278593+00:00,vast.ai,marketplace,RTX PRO 5000,0.7080555555555555,1,47.79,79.24305754729444,111.91644063172224,68.33,1106.0,"California, US",0.994184,49725392
2026-09-27T11:39:52.278593+00:00,vast.ai,marketplace,RTX 5090,0.720925925925926,1,31.84,82.56027753293856,114.51977875105784,62.89,606.25,"Czechia, CZ",0.9801697,50422215
2026-09-27T11:39:52.278593+00:00,vast.ai,marketplace,RTX 5090,0.7211574074074075,1,31.84,199.0932391777019,276.0745949950799,125.9,502.75,"New Jersey, US",0.993395,45907550
2026-09-27T11:39:52.278593+00:00,vast.ai,marketplace,A100 SXM4,0.721388888888889,1,40.0,95.50909521533288,132.39612736819342,125.92,398.25,"Massachusetts, US",0.9963014,46709200
2026-09-27T11:39:52.278593+00:00,vast.ai,marketplace,RTX 5090,0.721388888888889,1,31.84,180.69530125143973,250.48251232390564,62.89,646.5,"Czechia, CZ",0.9906577,50910045
2026-09-27T11:39:52.278593+00:00,vast.ai,marketplace,RTX 4090,0.7223148148148149,1,23.99,96.83813651542455,134.0663856385829,110.21,2927.243566040472,"Maryland, US",0.9992494,52800677
2026-09-27T11:39:52.278593+00:00,vast.ai,marketplace,RTX 5090,0.7269351851851853,1,31.84,184.82423264833645,254.25132310971142,35.17,673.5,"Taiwan, TW",0.9985555,52152132
2026-09-27T11:39:52.278593+00:00,vast.ai,marketplace,L40S,0.7342592592592593,1,44.99,93.5572598390619,127.41720129405655,377.71,100.90799036000789,"Czechia, CZ",0.9890752,50582903
2026-09-27T11:39:52.278593+00:00,vast.ai,marketplace,RTX 5090,0.7347222222222223,1,31.84,180.09922530734315,245.12559966216836,78.46,311.0,"New York, US",0.9926292,49759783
2026-09-27T11:39:52.278593+00:00,vast.ai,marketplace,CMP 170HX,0.7351851851851853,1,40.0,69.26055596586833,94.20831290067731,39.28,168.20000000000002,"Hungary, HU",0.9956136,51919993
2026-09-27T11:39:52.278593+00:00,vast.ai,marketplace,RTX 4090,0.7356481481481482,1,47.99,125.60711093381336,170.74346105540394,125.95,403.125,"Romania, RO",0.9975262,48289324
2026-09-27T11:39:52.278593+00:00,vast.ai,marketplace,RTX 5090,0.7356481481481482,1,31.84,198.84888125061144,270.3043319706235,83.94,967.9166666666666,"Romania, RO",0.9914934,52796440
2026-09-27T11:39:52.278593+00:00,vast.ai,marketplace,RTX PRO 5000,0.7356481481481482,1,47.79,165.55016848008717,225.0398765997409,94.36,1222.25,"France, FR",0.9884848,38260159
2026-09-27T11:39:52.278593+00:00,vast.ai,marketplace,RTX 5070 Ti,0.7402777777777778,1,15.92,38.64659068318265,52.20552587596906,15.23,657.8713300793703,"Brazil, BR",0.9939784,51786197
2026-09-27T11:39:52.278593+00:00,vast.ai,marketplace,RTX 5090,0.7613888888888888,1,31.84,199.1922339144851,261.61694348491295,62.42,1571.0,"Slovakia, SK",0.9893797,52286646
2026-09-27T11:39:52.278593+00:00,vast.ai,marketplace,A100 PCIE,0.7623148148148147,1,40.0,95.4049366281017,125.15162341594784,125.96,1500.5625,"Japan, JP",0.996635,46773564
2026-09-27T11:39:52.278593+00:00,vast.ai,marketplace,RTX 4090,0.7623148148148147,1,23.99,96.97797369004923,127.2151239952061,125.96,1161.0,"Maryland, US",0.9988735,52800773
2026-09-27T11:39:52.278593+00:00,vast.ai,marketplace,RTX PRO 5000,0.7739814814814815,1,47.79,165.6845079708195,214.06779352612162,125.77,1253.0,"Czechia, CZ",0.9464489,52938991
2026-09-27T11:39:52.278593+00:00,vast.ai,marketplace,RTX 5090,0.7746296296296297,1,31.84,196.25342035056053,253.35129569520126,62.53,8.5,"Thailand, TH",0.9891417,50555599
2026-09-27T11:39:52.278593+00:00,vast.ai,marketplace,RTX 5090,0.7747222222222222,1,31.84,198.57812666146643,256.321712435023,62.95,214.0375,"United Kingdom, GB",0.9913239,52215280
2026-09-27T11:39:52.278593+00:00,vast.ai,marketplace,RTX 5090,0.7798148148148148,1,31.84,195.71015031571525,250.97003365111905,62.71,1245.0,"Hungary, HU",0.9954871,52572382
2026-09-27T11:39:52.278593+00:00,vast.ai,marketplace,RTX 5060 Ti,0.7875925925925925,1,15.93,38.41011908888741,48.76902023982884,1486.89,1386.4114827447572,"Quebec, CA",0.9888097,52592826
2026-09-27T11:39:52.278593+00:00,vast.ai,marketplace,RTX 5090,0.7877777777777777,1,31.84,199.41000265256457,253.12976359281825,62.58,1315.5,"South Dakota, US",0.9899679,50839362
2026-09-27T11:39:52.278593+00:00,vast.ai,marketplace,A40,0.7880555555555555,1,44.99,44.03018511667948,55.871930356026134,500.96,29.5,"Belgium, BE",0.9777656,51337961
2026-09-27T11:39:52.278593+00:00,vast.ai,marketplace,RTX PRO 5000,0.7880555555555555,1,47.79,165.6845079708195,210.24470521499833,62.96,1581.45,"Nebraska, US",0.9370245,52507506
2026-09-27T11:39:52.278593+00:00,vast.ai,marketplace,RTX PRO 5000,0.7880555555555555,1,47.79,165.62251525041864,210.16603979608993,71.95,1812.3666586514828,"Nebraska, US",0.9365173,52514694
2026-09-27T11:39:52.278593+00:00,vast.ai,marketplace,RTX 6000Ada,0.7885185185185185,1,47.99,113.11336894069257,143.45049137617187,167.85,3627.6666666666665,"North Carolina, US",0.9965122,36503108
2026-09-27T11:39:52.278593+00:00,vast.ai,marketplace,RTX 5090,0.7935925925925925,1,31.84,184.64388045432307,232.66835171823976,47.05,729.1,"Taiwan, TW",0.9976988,52437387
2026-09-27T11:39:52.278593+00:00,vast.ai,marketplace,RTX PRO 5000,0.7997777777777777,1,47.79,165.7568109026851,207.25358406837537,62.71,2806.0,"Texas, US",0.9977768,49279286
2026-09-27T11:39:52.278593+00:00,vast.ai,marketplace,RTX 5090,0.8000462962962963,1,31.84,199.51958935739395,249.3850546912626,123.44,2676.0,"Denmark, DK",0.985982,51915257
2026-09-27T11:39:52.278593+00:00,vast.ai,marketplace,L40S,0.8009259259259258,1,44.99,93.5572598390619,116.81137644645881,251.94,250.0000000000001,"Taiwan, TW",0.9987795,38575011
2026-09-27T11:39:52.278593+00:00,vast.ai,marketplace,L40S,0.8009259259259258,1,44.99,93.57678558190193,116.83575540861746,251.94,228.125,"Taiwan, TW",0.9980694,38574939
2026-09-27T11:39:52.278593+00:00,vast.ai,marketplace,L40S,0.8009259259259258,1,44.99,93.5572598390619,116.81137644645881,251.94,90.6249999999996,"Taiwan, TW",0.9976366,38575675
2026-09-27T11:39:52.278593+00:00,vast.ai,marketplace,A100 SXM4,0.8009259259259258,1,40.0,95.42202371345542,119.13963654396747,62.97,419.600838043936,"Czechia, CZ",0.9980697,30895670
2026-09-27T11:39:52.278593+00:00,vast.ai,marketplace,RTX 4090,0.8009259259259258,1,23.99,61.28152363027622,76.51334742277263,110.03,1629.0,"Virginia, US",0.9948012,13917962
2026-09-27T11:39:52.278593+00:00,vast.ai,marketplace,RTX 5090,0.8009259259259258,1,31.84,203.4019193259418,253.95846574799674,83.83,1075.0,"Oklahoma, US",0.9584457,52842756
2026-09-27T11:39:52.278593+00:00,vast.ai,marketplace,RTX 4090,0.8013888888888888,1,23.99,95.82610849112605,119.57504005825089,125.56,1466.0,"Mexico, MX",0.9872845,50608092
2026-09-27T11:39:52.278593+00:00,vast.ai,marketplace,RTX 5090,0.8013888888888888,1,31.84,199.3573848889853,248.76484769509435,251.76,3101.5,"Estonia, EE",0.9787135,52395190
2026-09-27T11:39:52.278593+00:00,vast.ai,marketplace,RTX 5090,0.8013888888888888,1,31.84,190.61064707750856,237.85037416950811,125.83,183.0,"Sweden, SE",0.9922486,52807166
2026-09-27T11:39:52.278593+00:00,vast.ai,marketplace,RTX 5090,0.8013888888888888,1,31.84,198.74323093471222,247.9984857417553,125.83,3327.95,"United Kingdom, GB",0.9605894,52451718
2026-09-27T11:39:52.278593+00:00,vast.ai,marketplace,RTX PRO 5000,0.8013888888888888,1,47.79,165.38471562531794,206.37260875256314,83.93,951.6833333333334,"Belgium, BE",0.9973084,49974692
2026-09-27T11:39:52.278593+00:00,vast.ai,marketplace,RTX 4090,0.8018518518518518,1,47.99,125.62471414590725,156.66823473161642,125.75,6562.5,"Idaho, US",0.9989778,30155186
2026-09-27T11:39:52.278593+00:00,vast.ai,marketplace,RTX 5090,0.8018518518518518,1,31.84,193.50874044388823,241.3272975512694,62.71,809.5,"Norway, NO",0.9904477,52214445
2026-09-27T11:39:52.278593+00:00,vast.ai,marketplace,RTX 5090,0.8018518518518518,1,31.84,170.46869236596837,212.59375029474117,94.03,3210.0,"Norway, NO",0.9942526,52015002
2026-09-27T11:39:52.278593+00:00,vast.ai,marketplace,RTX 5090,0.8018518518518518,1,31.84,191.04982662462334,238.2607537581908,125.96,1357.825,"Nevada, US",0.9852463,52827180
2026-09-27T11:39:52.278593+00:00,vast.ai,marketplace,RTX PRO 5000,0.8018518518518518,1,47.79,165.43643292701185,206.31795330389468,62.5,1566.0,"Texas, US",0.9468688,52656764
2026-09-27T11:39:52.278593+00:00,vast.ai,marketplace,RTX 5090,0.8023148148148147,1,31.84,198.66399216381865,247.61351591104923,125.76,676.0,"Norway, NO",0.9940604,29801200
2026-09-27T11:39:52.278593+00:00,vast.ai,marketplace,RTX PRO 5000,0.8032407407407407,1,47.79,165.72582681953128,206.32149044967585,62.88,1191.0,"Czechia, CZ",0.9985493,40114414
2026-09-27T11:39:52.278593+00:00,vast.ai,marketplace,RTX 5090,0.8046296296296296,1,31.84,197.96990756154082,246.03855024909564,41.94,248.79999999999995,"California, US",0.9463211,48885916
2026-09-27T11:39:52.278593+00:00,vast.ai,marketplace,RTX 5090,0.8046296296296296,1,31.84,198.53850106364737,246.74520270280686,41.94,673.7777777777777,"California, US",0.9577586,45618801
2026-09-27T11:39:52.278593+00:00,vast.ai,marketplace,RTX PRO 5000,0.8046296296296296,1,47.79,165.62251525041864,205.83695796369636,62.88,1653.75,"Quebec, CA",0.933977,52840369
2026-09-27T11:39:52.278593+00:00,vast.ai,marketplace,L40S,0.8155925925925925,1,44.99,93.51819905411463,114.66288426779415,62.94,3743.859344677192,"Romania, RO",0.9871678,50740338
2026-09-27T11:39:52.278593+00:00,vast.ai,marketplace,RTX 5090,0.8200555555555555,1,31.84,198.30074279047597,241.8137910865502,62.97,722.125,"Czechia, CZ",0.8984005,52411641
2026-09-27T11:39:52.278593+00:00,vast.ai,marketplace,L40,0.8275925925925925,1,44.99,93.12895846077731,112.52995652007105,70.66,300.35,"New York, US",0.9915698,51528883
2026-09-27T11:39:52.278593+00:00,vast.ai,marketplace,RTX 5090,0.8280555555555555,1,31.84,199.33073906045107,240.72145609447296,46.73,677.0,"Quebec, CA",0.9951035,52845008
2026-09-27T11:39:52.278593+00:00,vast.ai,marketplace,RTX 5090,0.8336111111111111,1,31.84,199.34417783718007,239.13330230384815,251.53,6328.0,"Michigan, US",0.9987866,38881023
2026-09-27T11:39:52.278593+00:00,vast.ai,marketplace,RTX 5090,0.8409259259259259,1,31.84,105.97206305744326,126.01830885492043,62.79,336.0,"California, US",0.9908563,51969530
2026-09-27T11:39:52.278593+00:00,vast.ai,marketplace,RTX 5090,0.8409259259259259,1,31.84,96.33191607676486,114.55457978738829,62.79,350.0,"Maryland, US",0.9963422,51969558
2026-09-27T11:39:52.278593+00:00,vast.ai,marketplace,RTX 5090,0.8409259259259259,1,31.84,179.57780441791778,213.547708402721,62.79,50.0,"Maryland, US",0.9944751,51969538
2026-09-27T11:39:52.278593+00:00,vast.ai,marketplace,RTX 5090,0.8409259259259259,1,31.84,97.55606172510497,116.01029141501142,62.79,92.0,"California, US",0.9885522,51969543
2026-09-27T11:39:52.278593+00:00,vast.ai,marketplace,RTX 5090,0.8409259259259259,1,31.84,179.41480767129985,213.3538783142522,62.79,42.0,"California, US",0.9935582,51969545
2026-09-27T11:39:52.278593+00:00,vast.ai,marketplace,RTX 5090,0.8660444444444445,1,31.84,81.75958749859787,94.40576407258811,251.52,6556.0,"Texas, US",0.9770516,38001277
2026-09-27T11:39:52.278593+00:00,vast.ai,marketplace,A100 PCIE,0.8680555555555556,1,40.0,95.46561425190396,109.97638761819336,125.51,3351.6,"Illinois, US",0.9269929,52578452
2026-09-27T11:39:52.278593+00:00,vast.ai,marketplace,RTX 5090,0.8680555555555556,1,31.84,198.9413239857161,229.18040523154494,94.44,259.70000000000005,"Quebec, CA",0.9932156,49760566
2026-09-27T11:39:52.278593+00:00,vast.ai,marketplace,RTX 5090,0.8680555555555556,1,31.84,199.3110828959487,229.6063674961329,59.02,484.125,"Alberta, CA",0.9972874,45028237
2026-09-27T11:39:52.278593+00:00,vast.ai,marketplace,RTX 4090,0.8685185185185186,1,23.99,97.0408513074653,111.7314705885528,110.13,415.4856650396853,"Hungary, HU",0.9842617,50466171
2026-09-27T11:39:52.278593+00:00,vast.ai,marketplace,RTX 4090,0.8687037037037038,1,23.99,97.56828129557074,112.3147983364063,125.88,694.25,"Hungary, HU",0.9902012,44336615
2026-09-27T11:39:52.278593+00:00,vast.ai,marketplace,RTX 5090,0.8689814814814815,1,31.84,198.86208742938717,228.84502336040293,30.46,3016.0,"Spain, ES",0.9994051,28841131
2026-09-27T11:39:52.278593+00:00,vast.ai,marketplace,RTX 5090,0.8689814814814815,1,31.84,198.70361166009968,228.66265380171302,60.44,2949.0,"Spain, ES",0.999463,26918731
2026-09-27T11:39:52.278593+00:00,vast.ai,marketplace,RTX 5090,0.8689814814814815,1,31.84,197.7790988099099,227.5987498291984,125.96,261.75,"Spain, ES",0.999071,31481791
2026-09-27T11:39:52.278593+00:00,vast.ai,marketplace,RTX PRO 5000,0.8689814814814815,1,47.79,165.60184715542005,190.57005319963096,93.88,1099.0,"Quebec, CA",0.9959037,52942616
2026-09-27T11:39:52.278593+00:00,vast.ai,marketplace,RTX PRO 5000,0.8787222222222223,1,47.79,165.39506005251164,188.22223436462093,62.96,248.79263601257583,"Czechia, CZ",0.9890974,52441404
2026-09-27T11:39:52.278593+00:00,vast.ai,marketplace,A800 PCIE,0.8813888888888889,1,80.0,126.04382167211459,143.00591176161757,73.34,1460.8338417996524,"Idaho, US",0.9983491,16761515
2026-09-27T11:39:52.278593+00:00,vast.ai,marketplace,A100 SXM4,0.8856602629629632,1,40.0,89.136109701338,100.64368181444031,87.53,453.0,"Germany, DE",0.9940841,52940549
2026-09-27T11:39:52.278593+00:00,vast.ai,marketplace,RTX 4090,0.8912398148148147,1,23.99,97.57531281031149,109.48266806346176,75.49,2226.640000000001,"Hungary, HU",0.9897216,49591162
2026-09-27T11:39:52.278593+00:00,vast.ai,marketplace,RTX 5090,0.9027222222222224,1,31.84,199.01399354299608,220.45983652987437,62.97,675.1312871611215,"Czechia, CZ",0.9292242,49824496
2026-09-27T11:39:52.278593+00:00,vast.ai,marketplace,RTX 5090,0.9107222222222223,1,31.84,199.28467218265936,218.82047820947162,31.04,1193.0,"Czechia, CZ",0.9948664,48062097
2026-09-27T11:39:52.278593+00:00,vast.ai,marketplace,RTX 5090,0.9107222222222223,1,31.84,199.6147990654003,219.18296731392698,31.04,1345.7119761636036,"Czechia, CZ",0.9950787,48062085
2026-09-27T11:39:52.278593+00:00,vast.ai,marketplace,A100 SXM4,0.9237037037037036,1,40.0,95.38022549838703,103.25846385150162,251.96,2457.75,"Virginia, US",0.9984136,42274233
2026-09-27T11:39:52.278593+00:00,vast.ai,marketplace,A100 SXM4,0.9237037037037036,1,40.0,95.39353586883624,103.27287363506731,251.96,2761.467944270822,"California, US",0.9915038,50245541
2026-09-27T11:39:52.278593+00:00,vast.ai,marketplace,RTX PRO 5000,0.9347222222222221,1,47.79,165.61218144393024,177.17796528919732,62.73,1475.7,"Taiwan, TW",0.9962317,47566054
2026-09-27T11:39:52.278593+00:00,vast.ai,marketplace,RTX 5090,0.935648148148148,1,31.84,198.76964366134663,212.4405889700687,377.71,2202.325422702036,"Norway, NO",0.9985666,30220756
2026-09-27T11:39:52.278593+00:00,vast.ai,marketplace,A100 SXM4,0.9492592592592591,1,80.0,114.54234027903178,120.66497025102842,98.33,439.66666666666663,"Czechia, CZ",0.9970271,46878741
2026-09-27T11:39:52.278593+00:00,vast.ai,marketplace,RTX PRO 5000,0.9560555555555555,1,47.79,165.43643292701185,173.0406062343084,62.96,750.0,"Czechia, CZ",0.9508008,52396062
2026-09-27T11:39:52.278593+00:00,vast.ai,marketplace,RTX PRO 5000,0.9619444444444445,1,47.79,165.60184715542005,172.15323412056372,125.88,838.125,"Hungary, HU",0.9581697,52925449
2026-09-27T11:39:52.278593+00:00,vast.ai,marketplace,RTX PRO 5000,0.9646296296296297,1,71.69,191.030251042027,198.03481582394812,122.93,1566.0,"Colorado, US",0.9608407,51501187
2026-09-27T11:39:52.278593+00:00,vast.ai,marketplace,RTX 4080S,0.9675925925925927,1,31.99,70.96136173655852,73.33805806266334,503.52,3105.6,"Quebec, CA",0.9951482,50335283
2026-09-27T11:39:52.278593+00:00,vast.ai,marketplace,RTX 5090,0.9899074074074073,1,31.84,170.29736076944874,172.0336260695956,94.43,647.1000000000001,"Czechia, CZ",0.9986433,33038318
2026-09-27T11:39:52.278593+00:00,vast.ai,marketplace,A100 SXM4,0.9922777777777777,1,80.0,117.38767044703971,118.3012187473666,125.96,504.0,"Texas, US",0.9967673,47239990
2026-09-27T11:39:52.278593+00:00,vast.ai,marketplace,RTX 5090,0.992314814814815,1,31.84,203.67214185830926,205.249522447489,110.2,376.125,"Hungary, HU",0.9959606,49846905
2026-09-27T11:39:52.278593+00:00,vast.ai,marketplace,A100 PCIE,1.0013888888888889,1,80.0,5.388433994584872,5.3809604384203995,125.87,46.25,"United Kingdom, GB",0.9986544,32303769
2026-09-27T11:39:52.278593+00:00,vast.ai,marketplace,RTX 5090,1.0022592592592594,1,31.84,198.89512342578482,198.44678069902034,31.44,1340.0875000000003,"Czechia, CZ",0.99305,47627478
2026-09-27T11:39:52.278593+00:00,vast.ai,marketplace,RTX 5090,1.0022592592592594,1,31.84,199.0404088531943,198.59173862888457,62.94,1113.5,"Czechia, CZ",0.9913628,28733614
2026-09-27T11:39:52.278593+00:00,vast.ai,marketplace,RTX 5090,1.0027222222222223,1,31.84,176.43027586809575,175.9512973364576,62.95,239.1875,"Czechia, CZ",0.9982784,44096422
2026-09-27T11:39:52.278593+00:00,vast.ai,marketplace,RTX 5090,1.0179629629629627,1,31.84,199.58806713912819,196.0661383575209,61.93,392.0,"Florida, US",0.9951305,47876876
2026-09-27T11:39:52.278593+00:00,vast.ai,marketplace,RTX 5090,1.024014037037037,1,31.84,202.8496295917023,198.09262593571805,94.42,1262.375,"Hungary, HU",0.9935337,32292348
2026-09-27T11:39:52.278593+00:00,vast.ai,marketplace,RTX 5090,1.024014037037037,1,31.84,202.68706562993287,197.9338742429778,70.83,502.375,"Hungary, HU",0.9851674,51479554
2026-09-27T11:39:52.278593+00:00,vast.ai,marketplace,RTX PRO 5000,1.0515925925925926,1,47.79,165.36402532015512,157.2510366514348,55.07,684.1394409940962,"Czechia, CZ",0.9983768,44193901
2026-09-27T11:39:52.278593+00:00,vast.ai,marketplace,A40,1.0547222222222223,1,44.99,44.032511247146736,41.74796957854312,500.96,321.0,"Belgium, BE",0.9775092,51338026
2026-09-27T11:39:52.278593+00:00,vast.ai,marketplace,A100 SXM4,1.0550925925925927,1,80.0,119.80197675418283,113.54641061388104,125.97,1048.625,"Sweden, SE",0.9980308,21050987
2026-09-27T11:39:52.278593+00:00,vast.ai,marketplace,RTX 5090,1.057962962962963,1,31.84,199.21210596630343,188.2978071447643,30.94,661.0,"Florida, US",0.9653524,51071081
2026-09-27T11:39:52.278593+00:00,vast.ai,marketplace,RTX 3090,1.0680555555555555,1,24.0,44.35681485909163,41.530437839461605,125.69,285.0,"Ontario, CA",0.9887269,52810281
2026-09-27T11:39:52.278593+00:00,vast.ai,marketplace,RTX 5090,1.0685185185185184,1,31.84,199.07338294739972,186.3078453927138,251.56,6635.1,"Italy, IT",0.9391233,52446682
2026-09-27T11:39:52.278593+00:00,vast.ai,marketplace,RTX 5090,1.0685185185185184,1,31.84,198.7828499877411,186.03594279615285,59.41,791.0,"Texas, US",0.9979928,51284767
2026-09-27T11:39:52.278593+00:00,vast.ai,marketplace,RTX PRO 6000 WS,1.0993518518518517,1,95.59,283.9304403362498,258.27076186570355,78.6,2611.0,"Beijing, CN",0.9882344,50041230
2026-09-27T11:39:52.278593+00:00,vast.ai,marketplace,RTX 6000D,1.1347222222222222,1,83.64,228.93011093171086,201.74991416258484,167.9,670.9000000000001,"Japan, JP",0.9843082,51825926
2026-09-27T11:39:52.278593+00:00,vast.ai,marketplace,RTX 4090,1.136462962962963,1,23.99,96.92613564992469,85.28754460877532,881.76,6553.0,"Quebec, CA",0.9902536,20266704
2026-09-27T11:39:52.278593+00:00,vast.ai,marketplace,RTX 5090,1.1875925925925928,1,31.84,99.79569183172721,84.03192513508917,121.21,650.2,"Germany, DE",0.9788571,51782800
2026-09-27T11:39:52.278593+00:00,vast.ai,marketplace,RTX 3090,1.200925925925926,1,24.0,44.57765336254552,37.11940295416281,251.66,2063.0,"Quebec, CA",0.9966708,51920762
2026-09-27T11:39:52.278593+00:00,vast.ai,marketplace,RTX 3070,1.2017592592592592,1,8.0,16.279381572723597,13.54629177790391,31.15,405.3,"Brazil, BR",0.9963109,41360120
2026-09-27T11:39:52.278593+00:00,vast.ai,marketplace,RTX PRO 6000 WS,1.2060185185185184,1,95.59,282.74223378909926,234.44269673107658,125.92,689.65,"California, US",0.9888024,52868518
2026-09-27T11:39:52.278593+00:00,vast.ai,marketplace,RTX 6000D,1.2579629629629627,1,83.64,229.7471241802094,182.63425151967186,94.42,506.1518847619403,"Czechia, CZ",0.9819216,51063970
2026-09-27T11:39:52.278593+00:00,vast.ai,marketplace,RTX 4090,1.267,1,23.99,97.0548199803455,76.60206786136189,167.97,529.75,"Washington, US",0.9977067,41755380
2026-09-27T11:39:52.278593+00:00,vast.ai,marketplace,RTX PRO 6000 Max-Q,1.2680555555555555,1,95.59,283.0928682929201,223.24957850044083,124.94,1407.0,"The Netherlands, NL",0.9695743,52050419
2026-09-27T11:39:52.278593+00:00,vast.ai,marketplace,RTX 4090,1.2680555555555555,1,47.99,125.43097789569295,98.91599571182796,107.97,303.4634142677059,"Washington, US",0.9962666,48484821
2026-09-27T11:39:52.278593+00:00,vast.ai,marketplace,RTX 4090,1.2689814814814815,1,47.99,125.51906736877262,98.91323805784344,125.75,1520.0,"Washington, US",0.994721,39518987
2026-09-27T11:39:52.278593+00:00,vast.ai,marketplace,RTX PRO 6000 Max-Q,1.274722222222222,1,95.59,237.9459424988764,186.664936368698,251.67,368.5,"Japan, JP",0.9035539,52687954
2026-09-27T11:39:52.278593+00:00,vast.ai,marketplace,RTX 4090,1.2809814814814815,1,47.99,125.52787378962786,97.99351169733717,125.87,2973.0,"Washington, US",0.9985596,46255395
2026-09-27T11:39:52.278593+00:00,vast.ai,marketplace,RTX 4090,1.281388888888889,1,47.99,125.6599150750256,98.06540088230915,220.06,6547.0,"Washington, US",0.9985794,38637438
2026-09-27T11:39:52.278593+00:00,vast.ai,marketplace,RTX PRO 6000 WS,1.294722222222222,1,95.59,283.34609588925207,218.84701677779609,89.63,1268.0,"California, US",0.7134047,48603985
2026-09-27T11:39:52.278593+00:00,vast.ai,marketplace,RTX PRO 6000 WS,1.3080555555555555,1,95.59,283.7356630232319,216.9140766370004,89.63,893.0,"California, US",0.7069347,49453151
2026-09-27T11:39:52.278593+00:00,vast.ai,marketplace,RTX PRO 6000 Max-Q,1.321388888888889,1,95.59,283.5408815426393,214.57792170559205,125.76,2294.6,"Ohio, US",0.9781835,52123205
2026-09-27T11:39:52.278593+00:00,vast.ai,marketplace,RTX 3080,1.321388888888889,1,10.0,26.96404977506378,20.405839644782343,62.79,343.0,"Spain, ES",0.952359,52393120
2026-09-27T11:39:52.278593+00:00,vast.ai,marketplace,RTX 3090,1.3347222222222221,1,24.0,44.36470379958797,33.23890399136664,62.72,365.0,"Washington, US",0.9947042,51860372
2026-09-27T11:39:52.278593+00:00,vast.ai,marketplace,RTX A2000,1.3347222222222221,1,5.99,8.574884920896874,6.4244715328259625,31.16,761.5,"British Columbia, CA",0.9713643,46186923
2026-09-27T11:39:52.278593+00:00,vast.ai,marketplace,RTX 4090,1.3347222222222221,1,23.99,97.01989548270018,72.68920369151314,45.71,722.0,"Texas, US",0.9923352,50785833
2026-09-27T11:39:52.278593+00:00,vast.ai,marketplace,RTX 5090,1.3347222222222221,1,31.84,199.37059191620625,149.37234774159054,61.47,748.5,"Texas, US",0.9934801,50683555
2026-09-27T11:39:52.278593+00:00,vast.ai,marketplace,RTX 5090,1.3347222222222221,1,31.84,190.36529561560033,142.625403582968,62.25,2003.0,"British Columbia, CA",0.9671161,48515309
2026-09-27T11:39:52.278593+00:00,vast.ai,marketplace,RTX 5080,1.3347222222222221,1,15.92,83.76656656282337,62.7595503904608,62.8,780.3,"Oman, OM",0.9972919,52754706
2026-09-27T11:39:52.278593+00:00,vast.ai,marketplace,RTX PRO 6000 Max-Q,1.3669444444444445,1,95.59,157.0481187402691,114.88990600791887,100.7,502.20000000000005,"France, FR",0.9950442,49804189
2026-09-27T11:39:52.278593+00:00,vast.ai,marketplace,RTX PRO 6000 S,1.372188888888889,1,95.59,279.3909996966093,203.6097230920171,188.8,1104.75,"New York, US",0.9907671,42702277
2026-09-27T11:39:52.278593+00:00,vast.ai,marketplace,RTX PRO 6000 WS,1.401388888888889,1,95.59,283.5408815426393,202.32847840505477,249.01,2380.0,"Nevada, US",0.8825419,50232759
2026-09-27T11:39:52.278593+00:00,vast.ai,marketplace,RTX PRO 6000 WS,1.402777777777778,1,95.59,280.3876698956982,199.880319133567,251.67,1716.3,"Alberta, CA",0.9334528,52503523
2026-09-27T11:39:52.278593+00:00,vast.ai,marketplace,RTX PRO 6000 S,1.4063888888888891,1,95.59,54.93745113187362,39.062773864259334,377.39,10042.5,"Montana, US",0.9931441,44176946
2026-09-27T11:39:52.278593+00:00,vast.ai,marketplace,RTX PRO 6000 WS,1.4203222222222223,1,95.59,282.17729404680057,198.67132234635372,94.08,195.5,"New York, US",0.99814,42515615
2026-09-27T11:39:52.278593+00:00,vast.ai,marketplace,RTX PRO 6000 WS,1.4213148148148147,1,95.59,283.32661709420836,199.34121149023795,94.33,1574.75,"Texas, US",0.9622956,52523164
2026-09-27T11:39:52.278593+00:00,vast.ai,marketplace,RTX PRO 6000 WS,1.4213148148148147,1,95.59,283.3071382573792,199.32750668914383,123.46,6468.3,"Texas, US",0.9964467,46205793
2026-09-27T11:39:52.278593+00:00,vast.ai,marketplace,RTX PRO 6000 WS,1.4285185185185185,1,95.59,283.3071382573792,198.32234205209332,110.14,846.25,"Czechia, CZ",0.998245,44578482
2026-09-27T11:39:52.278593+00:00,vast.ai,marketplace,RTX PRO 6000 WS,1.441388888888889,1,95.59,283.5408815426393,196.71365842233595,90.29,3110.0,"Greece, GR",0.9625055,51792519
2026-09-27T11:39:52.278593+00:00,vast.ai,marketplace,RTX PRO 6000 WS,1.4543148148148148,1,95.59,281.65128384422644,193.6659662509802,188.92,204.25,"Poland, PL",0.9945777,37051756
2026-09-27T11:39:52.278593+00:00,vast.ai,marketplace,RTX PRO 6000 S,1.4582592592592591,1,95.59,278.88779221991354,191.24705737275966,94.42,525.875,"New York, US",0.9962715,48845080
2026-09-27T11:39:52.278593+00:00,vast.ai,marketplace,RTX PRO 6000 WS,1.4680555555555557,1,95.59,283.1513060578409,192.87506183693984,125.53,1117.5,"Poland, PL",0.9848127,46768323
2026-09-27T11:39:52.278593+00:00,vast.ai,marketplace,RTX PRO 6000 S,1.4680555555555557,1,95.59,272.3562004464982,185.52172594274236,104.25,356.0,"Taiwan, TW",0.9703554,52330424
2026-09-27T11:39:52.278593+00:00,vast.ai,marketplace,RTX 6000D,1.4680555555555557,1,83.64,229.63584163985988,156.42176535543908,94.39,1676.25,"Czechia, CZ",0.936508,52400798
2026-09-27T11:39:52.278593+00:00,vast.ai,marketplace,RTX PRO 6000 S,1.468240740740741,1,95.59,279.46841415899854,190.34236443950203,188.92,227.0,"Bulgaria, BG",0.9980122,44647847
2026-09-27T11:39:52.278593+00:00,vast.ai,marketplace,RTX PRO 6000 WS,1.4703703703703705,1,95.59,281.9240337123319,191.73674836858842,123.47,236.60000000000002,"Pennsylvania, US",0.9983696,52591556
2026-09-27T11:39:52.278593+00:00,vast.ai,marketplace,RTX PRO 6000 S,1.4703703703703705,1,95.59,279.5651814610527,190.13249116998543,125.94,262.7645510805959,"California, US",0.9932179,51742667
2026-09-27T11:39:52.278593+00:00,vast.ai,marketplace,RTX PRO 6000 S,1.4889999999999999,1,95.59,279.836125325027,187.9356113667072,124.77,1310.4,"Virginia, US",0.9968549,47084317
2026-09-27T11:39:52.278593+00:00,vast.ai,marketplace,RTX PRO 6000 S,1.490988888888889,1,95.59,278.65553472459897,186.89309947323483,283.39,2655.0,"New York, US",0.9994655,41925529
2026-09-27T11:39:52.278593+00:00,vast.ai,marketplace,A100 SXM4,1.4973782222222223,1,80.0,128.87832903492182,86.06932244790943,122.02,525.2195181459742,"North Carolina, US",0.9884942,51216966
2026-09-27T11:39:52.278593+00:00,vast.ai,marketplace,RTX PRO 6000 S,1.5002777777777778,1,95.59,278.2103605562371,185.43923310543482,188.93,226.5,"Maryland, US",0.9991556,51093066
2026-09-27T11:39:52.278593+00:00,vast.ai,marketplace,RTX PRO 6000 WS,1.5013888888888889,1,95.59,283.17078522914227,188.60588840423907,124.92,1385.0,"British Columbia, CA",0.9811097,51488023
2026-09-27T11:39:52.278593+00:00,vast.ai,marketplace,RTX PRO 6000 WS,1.5162222222222221,1,95.59,237.22752720108699,156.45960316647978,108.95,385.25,"Norway, NO",0.9843346,51745363
2026-09-27T11:39:52.278593+00:00,vast.ai,marketplace,RTX PRO 6000 WS,1.5162222222222226,1,95.59,283.59931642472293,187.0433715244398,124.7,573.75,"Norway, NO",0.9979487,50049492
2026-09-27T11:39:52.278593+00:00,vast.ai,marketplace,RTX PRO 6000 WS,1.5162222222222226,1,95.59,283.59931642472293,187.0433715244398,124.69,510.5,"Norway, NO",0.998621,50049475
2026-09-27T11:39:52.278593+00:00,vast.ai,marketplace,RTX PRO 6000 WS,1.5213888888888887,1,95.59,283.7746188190745,186.52339378284978,251.21,1165.8000000000002,"Florida, US",0.9821084,51162878
2026-09-27T11:39:52.278593+00:00,vast.ai,marketplace,RTX PRO 6000 WS,1.533388888888889,1,95.59,283.67722901688677,185.00018558399918,125.55,3143.0,"Massachusetts, US",0.9866564,52224010
2026-09-27T11:39:52.278593+00:00,vast.ai,marketplace,RTX PRO 6000 S,1.534722222222222,1,95.59,279.29423084219064,181.98357122749076,94.47,5.875,"Australia, AU",0.998084,50133442
2026-09-27T11:39:52.278593+00:00,vast.ai,marketplace,RTX PRO 6000 S,1.534722222222222,1,95.59,279.3909996966093,182.04662423670473,226.67,341.264926156991,"Australia, AU",0.9980259,47849047
2026-09-27T11:39:52.278593+00:00,vast.ai,marketplace,RTX PRO 6000 S,1.5475925925925926,1,95.59,279.68130108626787,180.72023762903513,94.42,681.625,"Bulgaria, BG",0.9893268,48905156
2026-09-27T11:39:52.278593+00:00,vast.ai,marketplace,RTX PRO 6000 S,1.573888888888889,1,95.59,279.62324142868283,177.6639020725835,125.85,69.0,"Switzerland, CH",0.993513,51032796
2026-09-27T11:39:52.278593+00:00,vast.ai,marketplace,RTX PRO 6000 S,1.5877777777777777,1,95.59,279.5264746436554,176.04886436619304,94.42,604.75,"Bulgaria, BG",0.9859238,51056495
2026-09-27T11:39:52.278593+00:00,vast.ai,marketplace,RTX PRO 6000 S,1.6009259259259259,1,95.59,278.7329544443031,174.10733996520958,188.92,895.1487644962474,", CA",0.9958278,48926606
2026-09-27T11:39:52.278593+00:00,vast.ai,marketplace,RTX PRO 6000 WS,1.6013888888888888,1,95.59,282.5863918716072,176.46331495885272,110.2,1866.5511636430565,"Texas, US",0.987644,52611622
2026-09-27T11:39:52.278593+00:00,vast.ai,marketplace,RTX PRO 6000 S,1.6016666666666666,1,95.59,279.66194790151434,174.60683531832322,102.08,809.5,"The Netherlands, NL",0.9984475,46385240
2026-09-27T11:39:52.278593+00:00,vast.ai,marketplace,RTX PRO 6000 S,1.6018518518518516,1,95.59,279.23616911521384,174.32084545920867,110.15,3430.5,"Texas, US",0.9740794,52528363
2026-09-27T11:39:52.278593+00:00,vast.ai,marketplace,RTX PRO 6000 S,1.6018518518518516,1,95.59,279.17810707733554,174.28459863787424,98.4,2087.1063777784634,"Texas, US",0.9917477,50644423
2026-09-27T11:39:52.278593+00:00,vast.ai,marketplace,RTX 4090,1.6046296296296294,1,47.99,125.589505889056,78.26697424130438,93.95,6411.2,"California, US",0.9813019,51071482
2026-09-27T11:39:52.278593+00:00,vast.ai,marketplace,RTX PRO 6000 WS,1.604648148148148,1,95.59,283.03443015136423,176.3841066828273,215.93,267.2857142857143,"Bulgaria, BG",0.9992942,52888602
2026-09-27T11:39:52.278593+00:00,vast.ai,marketplace,RTX 5090,1.6055555555555554,1,31.84,199.62136787044665,124.3316478085827,247.81,188.5,"Norway, NO",0.9983309,50806300
2026-09-27T11:39:52.278593+00:00,vast.ai,marketplace,A100 SXM4,1.6069999722222224,1,80.0,128.71197741922668,80.09457351840445,125.96,802.6,"North Carolina, US",0.9791758,52353350
2026-09-27T11:39:52.278593+00:00,vast.ai,marketplace,RTX PRO 6000 WS,1.645388888888889,1,95.59,282.74223378909926,171.8391534660427,1007.7,4464.0,"Italy, IT",0.9979131,46924259
2026-09-27T11:39:52.278593+00:00,vast.ai,marketplace,RTX PRO 6000 WS,1.6689814814814816,1,95.59,283.5603598783882,169.90024336680125,251.54,2959.0,"Colorado, US",0.9947466,46745582
2026-09-27T11:39:52.278593+00:00,vast.ai,marketplace,RTX PRO 6000 WS,1.6705124444444446,1,95.59,284.08625918951293,170.05934923399528,125.58,2577.0,"Texas, US",0.9917804,51489157
2026-09-27T11:39:52.278593+00:00,vast.ai,marketplace,RTX PRO 6000 Max-Q,1.7027407407407409,1,95.59,283.6187946353192,166.56604722568446,125.94,1169.125,"Czechia, CZ",0.9981384,30989538
2026-09-27T11:39:52.278593+00:00,vast.ai,marketplace,RTX PRO 6000 S,1.7347222222222223,1,95.59,279.836125325027,161.31465991514767,283.09,1509.5,"France, FR",0.9398205,52442958
2026-09-27T11:39:52.278593+00:00,vast.ai,marketplace,RTX PRO 6000 Max-Q,1.7356481481481483,1,95.59,283.75514094198843,163.48655759794477,188.81,2689.5,"Maryland, US",0.9938949,52509891
2026-09-27T11:39:52.278593+00:00,vast.ai,marketplace,RTX PRO 6000 WS,1.7402777777777778,1,95.59,283.3850533540039,162.83897718665827,121.18,904.0,"California, US",0.9867776,50460702
2026-09-27T11:39:52.278593+00:00,vast.ai,marketplace,RTX PRO 6000 Max-Q,1.7632037037037036,1,95.59,283.2876593787593,160.66643847429452,125.92,414.625,"Czechia, CZ",0.9963809,47792401
2026-09-27T11:39:52.278593+00:00,vast.ai,marketplace,RTX PRO 6000 S,1.7757037037037038,1,95.59,234.46105138621422,132.03838618863224,125.93,1150.375,"Czechia, CZ",0.998162,44623532
2026-09-27T11:39:52.278593+00:00,vast.ai,marketplace,RTX PRO 6000 WS,1.804638888888889,1,95.59,282.9565120431682,156.79397899786127,461.83,921.5333333333333,"Bulgaria, BG",0.9981826,52647126
2026-09-27T11:39:52.278593+00:00,vast.ai,marketplace,RTX PRO 6000 WS,1.9338888888888892,1,95.59,283.5408815426393,146.61694535384964,188.19,5492.211441504189,"Texas, US",0.9988399,52771186
2026-09-27T11:39:52.278593+00:00,vast.ai,marketplace,RTX 5090,1.973255555555556,1,31.84,199.2846886964625,100.9928430888696,125.25,3070.5,"Massachusetts, US",0.9540746,38769886
2026-09-27T11:39:52.278593+00:00,vast.ai,marketplace,H100 SXM,1.974722222222222,1,79.65,343.5884862752444,173.99332544533408,184.2,444.0,"Germany, DE",0.9923447,50405431
2026-09-27T11:39:52.278593+00:00,vast.ai,marketplace,H100 SXM,1.9880555555555557,1,79.65,343.54302301061836,172.8035326027981,92.01,440.0,"Germany, DE",0.9923311,50993801
2026-09-27T11:39:52.278593+00:00,vast.ai,marketplace,RTX PRO 6000 WS,1.988703703703704,1,95.59,282.89807302224625,142.2524997038951,125.92,1085.875,"Hungary, HU",0.9959548,43620829
2026-09-27T11:39:52.278593+00:00,vast.ai,marketplace,RTX 5060 Ti,2.0009259259259258,1,15.93,38.39646427068305,19.18934817785178,755.39,573.9000000000001,"Spain, ES",0.9988985,29062021
2026-09-27T11:39:52.278593+00:00,vast.ai,marketplace,RTX PRO 6000 S,2.001388888888889,1,95.59,279.70065423658616,139.75327623202082,283.09,1474.5,"France, FR",0.9704663,52933361
2026-09-27T11:39:52.278593+00:00,vast.ai,marketplace,RTX 4090,2.001388888888889,1,23.99,97.10759298573288,48.520101977604206,125.71,1349.0,"Ontario, CA",0.9962059,52814544
2026-09-27T11:39:52.278593+00:00,vast.ai,marketplace,RTX PRO 6000 WS,2.140277777777778,1,95.59,283.48244628500436,132.4512403148625,251.49,1419.8,"New Jersey, US",0.9607363,51371154
2026-09-27T11:39:52.278593+00:00,vast.ai,marketplace,RTX PRO 6000 WS,2.267777777777778,1,95.59,283.7356630232319,125.11616693822081,503.53,4657.0,"Japan, JP",0.9987597,49751924
2026-09-27T11:39:52.278593+00:00,vast.ai,marketplace,RTX PRO 6000 WS,2.2684555555555557,1,95.59,109.24286760368798,48.15737620961848,251.17,1847.0,"Nevada, US",0.9808748,50326117
2026-09-27T11:39:52.278593+00:00,vast.ai,marketplace,RTX 4090,2.3223148148148147,1,47.99,125.62471414590725,54.09460997471386,881.64,5726.4,"Romania, RO",0.9818358,51505100
2026-09-27T11:39:52.278593+00:00,vast.ai,marketplace,RTX PRO 6000 WS,2.461944444444465,1,95.59,154.88165588414358,62.91029687271942,226.72,435.20000000000005,"Kansas, US",0.9972605,33065171
2026-09-27T11:39:52.278593+00:00,vast.ai,marketplace,H100 PCIE,2.4689814814814817,1,79.65,255.67320459185095,103.55411999219913,251.71,11719.401333849819,"Maryland, US",0.9987946,47985978
2026-09-27T11:39:52.278593+00:00,vast.ai,marketplace,H100 PCIE,2.5881259259259255,1,79.65,256.07900774734054,98.94379758810459,62.84,574.0,"Czechia, CZ",0.9486614,50491375
2026-09-27T11:39:52.278593+00:00,vast.ai,marketplace,RTX 4090,2.6680555555555556,1,23.99,96.92904782046631,36.32947133302225,125.91,779.4,"Florida, US",0.9528516,52458974
2026-09-27T11:39:52.278593+00:00,vast.ai,marketplace,RTX 5090,2.6685185185185185,1,31.84,197.51400296706868,74.01635086899174,62.67,3245.0,"Florida, US",0.9978827,51586170
2026-09-27T11:39:52.278593+00:00,vast.ai,marketplace,RTX 5090,2.6685185185185185,1,31.84,198.10998420567444,74.23968873772671,62.18,2890.0,"Florida, US",0.9984867,48514932
2026-09-27T11:39:52.278593+00:00,vast.ai,marketplace,RTX 5090,2.6685185185185185,1,31.84,199.06344106719635,74.5969869370479,61.95,794.6390362919492,"Florida, US",0.9979684,42585583
2026-09-27T11:39:52.278593+00:00,vast.ai,marketplace,RTX 5080,2.6685185185185185,1,15.92,83.99712103039593,31.477061316040114,31.21,743.0,"Florida, US",0.9972587,51473535
2026-09-27T11:39:52.278593+00:00,vast.ai,marketplace,H100 SXM,2.6685185185185185,1,79.65,292.6477436771494,109.66674641614203,235.95,322.0,"New Jersey, US",0.9766943,51448230
2026-09-27T11:39:52.278593+00:00,vast.ai,marketplace,H100 SXM,2.6685185185185185,1,79.65,292.489304754539,109.60737305166624,235.95,228.0,"New Jersey, US",0.9778459,51448486
2026-09-27T11:39:52.278593+00:00,vast.ai,marketplace,RTX 4090,2.673148148148148,1,23.99,97.56828129557074,36.49939168660077,30.94,659.0,"The Netherlands, NL",0.9956452,42544505
2026-09-27T11:39:52.278593+00:00,vast.ai,marketplace,RTX 5090,2.673148148148148,1,31.84,199.88556548819625,74.77534143652649,62.39,1326.0,"The Netherlands, NL",0.9935057,45401054
2026-09-27T11:39:52.278593+00:00,vast.ai,marketplace,RTX 5090,2.673148148148148,1,31.84,199.46915832184794,74.61956736667676,30.94,929.0,"The Netherlands, NL",0.9980252,48097876
2026-09-27T11:39:52.278593+00:00,vast.ai,marketplace,RTX 5090,2.673148148148148,1,31.84,189.40186989754918,70.85348787300074,62.35,736.0,"The Netherlands, NL",0.9926867,49946861
2026-09-27T11:39:52.278593+00:00,vast.ai,marketplace,RTX 5080,2.673148148148148,1,15.92,83.76395913187872,31.335322432431255,30.94,746.0,"The Netherlands, NL",0.9908986,49691112
2026-09-27T11:39:52.278593+00:00,vast.ai,marketplace,H100 NVL,2.6907222222222225,1,93.58,377.978102070677,140.4745904088573,125.79,128.5,"Japan, JP",0.9996284,13527066
2026-09-27T11:39:52.278593+00:00,vast.ai,marketplace,H100 SXM,2.8013888888888894,1,79.65,296.66642835434146,105.8997661949062,221.46,1729.276373173752,", US",0.9981184,36346702
2026-09-27T11:39:52.278593+00:00,vast.ai,marketplace,H100 NVL,2.8015740740740744,1,93.58,377.5448800872081,134.7616982827725,188.94,2561.848819964508,"Bulgaria, BG",0.9957973,24548928
2026-09-27T11:39:52.278593+00:00,vast.ai,marketplace,H100 NVL,2.817444444444445,1,93.58,377.2425856552138,133.89530586808075,188.62,2332.0,"Romania, RO",0.9927144,48393944
2026-09-27T11:39:52.278593+00:00,vast.ai,marketplace,H100 NVL,2.9213888888888837,1,93.58,294.6932983686488,100.87438187003305,314.69,313.0,"Ireland, IE",0.9427529,52943149
2026-09-27T11:39:52.278593+00:00,vast.ai,marketplace,H100 NVL,3.028055555555548,1,93.58,348.47660072206503,115.08263118974747,314.69,319.0,"Virginia, US",0.9932065,52943272
2026-09-27T11:39:52.278593+00:00,vast.ai,marketplace,H100 NVL,3.0413888888888883,1,93.58,345.67555519170725,113.65713751850821,314.69,299.0,"Iowa, US",0.9749607,52942865
2026-09-27T11:39:52.278593+00:00,vast.ai,marketplace,H100 SXM,3.1366666666666667,1,79.65,105.76749635444787,33.71971190896319,188.87,412.25,"Taiwan, TW",0.9797686,51293649
2026-09-27T11:39:52.278593+00:00,vast.ai,marketplace,H100 SXM,3.203333333333333,1,79.65,74.33545729439437,23.205657844243824,188.87,108.05425299663966,"Taiwan, TW",0.9797674,51178484
2026-09-27T11:39:52.278593+00:00,vast.ai,marketplace,H100 SXM,3.300277777777778,1,79.65,334.599047813407,101.38511675181088,221.33,808.5,", US",0.9988289,36551369
2026-09-27T11:39:52.278593+00:00,vast.ai,marketplace,H200,3.5544590643274856,1,140.4,381.67169079520403,107.37827722526254,235.95,7.0,"Georgia, US",0.9907861,49998292
2026-09-27T11:39:52.278593+00:00,vast.ai,marketplace,RTX 5090,3.5880555555555556,1,31.84,93.86971403408073,26.16172257665794,31.07,284.5,"United Kingdom, GB",0.9862565,52933689
2026-09-27T11:39:52.278593+00:00,vast.ai,marketplace,H200 NVL,3.601388888888889,1,140.4,325.2892761225842,90.32328530978042,181.06,166.875,"Bulgaria, BG",0.9901487,44335863
2026-09-27T11:39:52.278593+00:00,vast.ai,marketplace,RTX 5090,3.6413888888888892,1,31.84,95.77548623661023,26.3019109353724,60.49,2722.0,"United Kingdom, GB",0.9937408,52933642
2026-09-27T11:39:52.278593+00:00,vast.ai,marketplace,H100 SXM,3.8712777777777783,1,79.65,261.21718834677694,67.47570268561894,125.94,1424.8273183970823,"Czechia, CZ",0.993414,49793513
2026-09-27T11:39:52.278593+00:00,vast.ai,marketplace,H100 SXM,3.871388888888889,1,79.65,323.07296382803077,83.45143644836843,110.19,1045.125,"Czechia, CZ",0.9935642,41555531
2026-09-27T11:39:52.278593+00:00,vast.ai,marketplace,H100 NVL,3.9374074074074077,1,93.58,242.77749779765767,61.65922717088474,188.94,591.0,"Czechia, CZ",0.9892525,31183486
2026-09-27T11:39:52.278593+00:00,vast.ai,marketplace,H200 NVL,4.001388888888889,1,140.4,451.48168262254205,112.83124314065611,503.75,689.5,"Japan, JP",0.9966167,47379025
2026-09-27T11:39:52.278593+00:00,vast.ai,marketplace,H200 NVL,4.014722222222222,1,140.4,396.19487701334504,98.68550178150157,214.36,146.42857142857142,"Mississippi, US",0.9910732,50176557
2026-09-27T11:39:52.278593+00:00,vast.ai,marketplace,H200 NVL,4.140277777777778,1,140.4,452.6853343997431,109.3369475906793,188.39,295.5,"Texas, US",0.992898,50998120
2026-09-27T11:39:52.278593+00:00,vast.ai,marketplace,H200 NVL,4.388148148148148,1,140.4,452.9554191449164,103.22245372141073,188.81,442.4606650396852,"Washington, US",0.9978373,46122994
2026-09-27T11:39:52.278593+00:00,vast.ai,marketplace,H200 NVL,4.420277777777778,1,140.4,438.898167177683,99.29198779863374,125.77,1239.0,"Washington, US",0.9973319,44499509
2026-09-27T11:39:52.278593+00:00,vast.ai,marketplace,H100 SXM,4.420462962962963,1,79.65,334.5870942591725,75.6905095829384,221.33,1641.5,", US",0.9989256,36346574
2026-09-27T11:39:52.278593+00:00,vast.ai,marketplace,H200,4.804459064327485,1,140.4,493.5663175343142,102.73088206724105,377.93,2529.5,"Saudi Arabia, SA",0.9958314,39605010
2026-09-27T11:39:52.278593+00:00,vast.ai,marketplace,H200,4.804459064327485,1,140.4,494.0255399578787,102.82646461200123,377.93,2051.4912565851455,"Saudi Arabia, SA",0.9932259,39605094
2026-09-27T11:39:52.278593+00:00,vast.ai,marketplace,H200 NVL,4.833499999999999,1,140.4,452.82990404457405,93.68571512249387,283.35,1568.125,"Czechia, CZ",0.9995182,28875917
2026-09-27T11:39:52.278593+00:00,vast.ai,marketplace,B200,6.251302083333333,1,179.06,678.8992222675937,108.60125030233534,249.5,2405.9187563433075,"Oregon, US",0.9967431,50255940
2026-09-27T11:39:52.278593+00:00,vast.ai,marketplace,B200,6.251302083333333,1,179.06,679.247069075035,108.65689419904747,249.5,2683.900063655749,"Oregon, US",0.9971889,51575925
2026-09-27T11:39:52.278593+00:00,vast.ai,marketplace,B300,9.938802083333334,1,268.59,629.1252747368095,63.29990973377043,251.92,843.5,"Croatia, HR",0.9939585,51949538
2026-09-27T11:39:52.278593+00:00,vast.ai,marketplace,B200,10.631510416666666,1,179.06,694.2233588299606,65.29865763397548,249.5,402.375,"Ohio, US",0.9895321,51062343
