collected_at,provider,tier,gpu_model,price_usd_per_hr,num_gpus,gpu_ram_gb,dlperf,dlperf_per_dollar,cpu_ram_gb,disk_space_gb,region,reliability,offer_id
2026-10-03T11:17:34.216521+00:00,vast.ai,marketplace,Quadro P2000,0.02851851851851852,1,5.0,1.017361714,35.687361714,6.83,29.0,"Nevada, US",0.9950267,49574219
2026-10-03T11:17:34.216521+00:00,vast.ai,marketplace,GTX 1070,0.04805555555555556,1,8.0,2.563361714,53.338361714,8.96,69.85714285714285,"South Korea, KR",0.9946739,47060244
2026-10-03T11:17:34.216521+00:00,vast.ai,marketplace,Titan Xp,0.04805555555555556,1,12.0,5.757361714,119.808361714,8.96,96.14285714285714,"South Korea, KR",0.9953821,48455473
2026-10-03T11:17:34.216521+00:00,vast.ai,marketplace,GTX TITAN X,0.04805555555555556,1,12.0,3.355361714,69.816361714,7.73,47.5,"South Korea, KR",0.9972619,51832514
2026-10-03T11:17:34.216521+00:00,vast.ai,marketplace,GTX 1070,0.049388888888888885,1,8.0,2.4973617139999997,50.575361714,15.62,166.0,"South Korea, KR",0.9848764,50850384
2026-10-03T11:17:34.216521+00:00,vast.ai,marketplace,GTX 1070,0.049388888888888885,1,8.0,2.6623617139999998,53.910361714,7.82,86.0,"South Korea, KR",0.9976628,50595371
2026-10-03T11:17:34.216521+00:00,vast.ai,marketplace,GTX 1070,0.049388888888888885,1,8.0,2.4973617139999997,50.575361714,7.78,166.0,"South Korea, KR",0.9973582,50037971
2026-10-03T11:17:34.216521+00:00,vast.ai,marketplace,RTX 3060,0.05159259259259259,1,12.0,12.264361714,237.715361714,15.63,296.0,"Poland, PL",0.9965695,45602170
2026-10-03T11:17:34.216521+00:00,vast.ai,marketplace,GTX 1080,0.052055555555555556,1,8.0,3.330361714,63.979361714,10.46,266.48333333333335,"South Korea, KR",0.9921277,52708528
2026-10-03T11:17:34.216521+00:00,vast.ai,marketplace,GTX 1080,0.052055555555555556,1,8.0,3.330361714,63.979361714,15.54,163.0,"South Korea, KR",0.9981176,52708889
2026-10-03T11:17:34.216521+00:00,vast.ai,marketplace,GTX 1080,0.052055555555555556,1,8.0,3.351361714,64.381361714,15.52,151.0,"South Korea, KR",0.9931157,52708846
2026-10-03T11:17:34.216521+00:00,vast.ai,marketplace,Quadro P4000,0.054259259259259264,1,8.0,2.083361714,38.402361714,15.6,352.0,"Missouri, US",0.9967587,45958967
2026-10-03T11:17:34.216521+00:00,vast.ai,marketplace,GTX 1080 Ti,0.05472222222222223,1,11.0,5.348361714,97.745361714,15.64,348.5,"United Kingdom, GB",0.95332,53744002
2026-10-03T11:17:34.216521+00:00,vast.ai,marketplace,GTX 1080,0.05472222222222223,1,8.0,3.330361714,60.861361714,10.46,224.33333333333331,"South Korea, KR",0.9953853,50870185
2026-10-03T11:17:34.216521+00:00,vast.ai,marketplace,Titan Xp,0.05472222222222223,1,12.0,5.757361714,105.212361714,10.45,244.1785550132284,"South Korea, KR",0.994374,48369184
2026-10-03T11:17:34.216521+00:00,vast.ai,marketplace,Titan Xp,0.05472222222222223,1,12.0,5.757361714,105.212361714,10.45,252.98333333333335,"South Korea, KR",0.9955831,48453495
2026-10-03T11:17:34.216521+00:00,vast.ai,marketplace,GTX TITAN X,0.05472222222222223,1,12.0,3.355361714,61.310361714,15.51,127.30000000000001,"South Korea, KR",0.9891422,52856994
2026-10-03T11:17:34.216521+00:00,vast.ai,marketplace,GTX TITAN X,0.05472222222222223,1,12.0,3.355361714,61.310361714,15.51,127.30000000000001,"South Korea, KR",0.9705614,52856971
2026-10-03T11:17:34.216521+00:00,vast.ai,marketplace,GTX TITAN X,0.05472222222222223,1,12.0,3.355361714,61.310361714,7.76,122.25,"South Korea, KR",0.9927616,45748277
2026-10-03T11:17:34.216521+00:00,vast.ai,marketplace,GTX 1660 S,0.05472222222222223,1,6.0,1.712361714,31.287361714,31.3,545.0,"Connecticut, US",0.9905757,49261694
2026-10-03T11:17:34.216521+00:00,vast.ai,marketplace,RTX 2060,0.05472222222222223,1,6.0,3.180361714,58.128361714,7.76,149.2,"South Korea, KR",0.9933342,46609727
2026-10-03T11:17:34.216521+00:00,vast.ai,marketplace,RTX 3060,0.06046296296296297,1,12.0,12.265361714,202.858361714,15.54,232.0,"Thailand, TH",0.9940595,53983964
2026-10-03T11:17:34.216521+00:00,vast.ai,marketplace,RTX 3060 laptop,0.06051851851851851,1,12.0,12.781361714,211.206361714,15.59,365.0,"New Zealand, NZ",0.9964591,52026372
2026-10-03T11:17:34.216521+00:00,vast.ai,marketplace,RTX 3060,0.06092592592592593,1,12.0,12.296361714,201.833361714,15.63,319.0,"Poland, PL",0.9992961,45602423
2026-10-03T11:17:34.216521+00:00,vast.ai,marketplace,RTX 3060,0.06092592592592593,1,12.0,11.246361714,184.589361714,15.63,381.5,"Poland, PL",0.9990151,45600081
2026-10-03T11:17:34.216521+00:00,vast.ai,marketplace,Quadro P4000,0.061388888888888896,1,8.0,2.083361714,33.942361714,15.46,101.5,"Romania, RO",0.9985083,43521342
2026-10-03T11:17:34.216521+00:00,vast.ai,marketplace,Titan Xp,0.061388888888888896,1,12.0,5.757361714,93.786361714,10.46,249.16666666666666,"South Korea, KR",0.9951821,48474940
2026-10-03T11:17:34.216521+00:00,vast.ai,marketplace,RTX 3060,0.061388888888888896,1,12.0,12.554361714,204.503361714,15.52,96.0,"South Korea, KR",0.9966178,51829251
2026-10-03T11:17:34.216521+00:00,vast.ai,marketplace,RTX 2070,0.061388888888888896,1,8.0,4.104361714,66.855361714,7.77,144.0,"South Korea, KR",0.9956504,49864036
2026-10-03T11:17:34.216521+00:00,vast.ai,marketplace,RTX 3060 Ti,0.061388888888888896,1,8.0,13.775361714,224.402361714,7.76,71.5,"South Korea, KR",0.9966159,46591555
2026-10-03T11:17:34.216521+00:00,vast.ai,marketplace,GTX 1080 Ti,0.06166666666666667,1,11.0,5.452361714,88.418361714,15.57,204.0,"Spain, ES",0.9917708,50865915
2026-10-03T11:17:34.216521+00:00,vast.ai,marketplace,GTX 1080 Ti,0.06405555555555556,1,11.0,5.316361714,82.992361714,15.62,169.5,"South Korea, KR",0.9975881,48302207
2026-10-03T11:17:34.216521+00:00,vast.ai,marketplace,GTX 1080 Ti,0.06405555555555556,1,11.0,5.212361714,81.373361714,15.52,158.0,"South Korea, KR",0.9868628,50029682
2026-10-03T11:17:34.216521+00:00,vast.ai,marketplace,GTX 1080 Ti,0.06405555555555556,1,11.0,5.212361714,81.373361714,7.73,190.5,"South Korea, KR",0.9963012,50029618
2026-10-03T11:17:34.216521+00:00,vast.ai,marketplace,GTX 1080 Ti,0.06405555555555556,1,11.0,5.212361714,81.373361714,7.73,179.5,"South Korea, KR",0.9972091,50029569
2026-10-03T11:17:34.216521+00:00,vast.ai,marketplace,RTX 3060,0.06405555555555556,1,8.0,9.738361714,152.025361714,10.46,195.5,"South Korea, KR",0.9829455,38750416
2026-10-03T11:17:34.216521+00:00,vast.ai,marketplace,RTX 3060,0.06405555555555556,1,12.0,12.264361714,191.469361714,10.46,208.66666666666666,"South Korea, KR",0.9948381,41678961
2026-10-03T11:17:34.216521+00:00,vast.ai,marketplace,RTX 3060,0.06616666666666669,1,12.0,12.266361714,185.382361714,20.91,435.66666666666663,"Oregon, US",0.9948476,52824748
2026-10-03T11:17:34.216521+00:00,vast.ai,marketplace,RTX 3060,0.06677777777777778,1,12.0,12.266361714,183.68636171400001,23.59,167.15,"Utah, US",0.9973718,50492816
2026-10-03T11:17:34.216521+00:00,vast.ai,marketplace,GTX 1660 S,0.06708333333333333,1,6.0,1.712361714,25.522361714,41.9,892.3333333333333,"Quebec, CA",0.9901144,53849622
2026-10-03T11:17:34.216521+00:00,vast.ai,marketplace,RTX 3060 laptop,0.06718518518518521,1,12.0,12.767361714,190.040361714,15.63,345.0,"New Zealand, NZ",0.9977992,51669657
2026-10-03T11:17:34.216521+00:00,vast.ai,marketplace,GTX 1080 Ti,0.06805555555555555,1,11.0,5.316361714,78.114361714,15.64,380.4,"South Korea, KR",0.9929466,47674539
2026-10-03T11:17:34.216521+00:00,vast.ai,marketplace,Titan Xp,0.06805555555555555,1,12.0,5.433361714,79.83536171399999,8.96,105.57142857142857,"South Korea, KR",0.9966039,32787365
2026-10-03T11:17:34.216521+00:00,vast.ai,marketplace,GTX 1660 S,0.06805555555555555,1,6.0,1.688361714,24.803361714,15.67,397.25,"South Korea, KR",0.9872649,53989926
2026-10-03T11:17:34.216521+00:00,vast.ai,marketplace,RTX 3060,0.06805555555555555,1,12.0,12.387361714,182.018361714,15.52,145.0,"South Korea, KR",0.9342144,53764907
2026-10-03T11:17:34.216521+00:00,vast.ai,marketplace,RTX 3060,0.06805555555555555,1,12.0,12.477361714,183.339361714,18.33,242.0,"Quebec, CA",0.9965971,28852189
2026-10-03T11:17:34.216521+00:00,vast.ai,marketplace,RTX 3060,0.06805555555555555,1,12.0,12.444361714000001,182.855361714,15.52,136.0,"South Korea, KR",0.9938071,53519211
2026-10-03T11:17:34.216521+00:00,vast.ai,marketplace,RTX 2070,0.06805555555555555,1,8.0,4.104361714,60.306361714,7.82,330.5483640390163,"South Korea, KR",0.9771885,50701337
2026-10-03T11:17:34.216521+00:00,vast.ai,marketplace,GTX 1660,0.06851851851851852,1,6.0,2.3163617139999997,33.807361714,62.93,290.6779288520951,"United Kingdom, GB",0.997584,43339009
2026-10-03T11:17:34.216521+00:00,vast.ai,marketplace,GTX 1080 Ti,0.06898148148148148,1,11.0,5.212361714,75.563361714,31.28,63.0,"South Korea, KR",0.9979449,52706152
2026-10-03T11:17:34.216521+00:00,vast.ai,marketplace,GTX 1080 Ti,0.06898148148148148,1,11.0,5.384361714000001,78.054361714,31.29,71.0,"South Korea, KR",0.9986419,37709426
2026-10-03T11:17:34.216521+00:00,vast.ai,marketplace,RTX 3060,0.06898148148148148,1,12.0,12.548361714,181.904361714,31.31,92.0,"South Korea, KR",0.9987349,53310544
2026-10-03T11:17:34.216521+00:00,vast.ai,marketplace,RTX 3060,0.06944444444444445,1,12.0,12.465361714,179.506361714,62.89,145.75,"Wisconsin, US",0.9994358,47491621
2026-10-03T11:17:34.216521+00:00,vast.ai,marketplace,GTX 1660 Ti,0.06944444444444445,1,6.0,2.474361714,35.626361714,31.35,286.7641838065561,"United Kingdom, GB",0.9974775,50291703
2026-10-03T11:17:34.216521+00:00,vast.ai,marketplace,RTX 3060 laptop,0.07118518518518518,1,12.0,12.781361714,179.558361714,15.62,234.4333333333333,"New Zealand, NZ",0.9946647,53982245
2026-10-03T11:17:34.216521+00:00,vast.ai,marketplace,RTX 3060,0.07375925925925926,1,12.0,12.266361714,166.309361714,62.72,635.0,"Vietnam, VN",0.9936515,51072719
2026-10-03T11:17:34.216521+00:00,vast.ai,marketplace,RTX 3060,0.07425925925925926,1,12.0,12.263361714,165.14536171400002,20.22,323.58571428571423,"Finland, FI",0.9838856,52309007
2026-10-03T11:17:34.216521+00:00,vast.ai,marketplace,RTX 3060,0.07472222222222222,1,12.0,12.406361714,166.03236171400002,31.18,167.0,"South Korea, KR",0.9877186,50735732
2026-10-03T11:17:34.216521+00:00,vast.ai,marketplace,RTX 3060,0.07472222222222222,1,12.0,11.949361714,159.916361714,15.55,121.30000000000001,"South Korea, KR",0.9958653,53984179
2026-10-03T11:17:34.216521+00:00,vast.ai,marketplace,RTX 3060 Ti,0.07518518518518519,1,8.0,13.777361714,183.243361714,15.62,344.15,"New Zealand, NZ",0.9889769,53917829
2026-10-03T11:17:34.216521+00:00,vast.ai,marketplace,RTX 4060,0.07611111111111112,1,8.0,15.657361714,205.71736171400002,15.72,128.75,"Nevada, US",0.9912896,50944078
2026-10-03T11:17:34.216521+00:00,vast.ai,marketplace,RTX 4060,0.07977777777777778,1,8.0,15.649361714,196.160361714,31.44,341.9140599257836,"British Columbia, CA",0.9957437,47299634
2026-10-03T11:17:34.216521+00:00,vast.ai,marketplace,RTX 3060,0.08005555555555555,1,12.0,12.634361714,157.819361714,20.97,209.46642248930561,"Thailand, TH",0.9850073,52389478
2026-10-03T11:17:34.216521+00:00,vast.ai,marketplace,RTX 3060 Ti,0.08092592592592593,1,8.0,13.932361714,172.16936171400002,7.75,44.0,"Israel, IL",0.9835539,50916083
2026-10-03T11:17:34.216521+00:00,vast.ai,marketplace,RTX 3070,0.08138888888888889,1,8.0,16.277361714,199.992361714,62.83,299.5,"Texas, US",0.9135554,53915661
2026-10-03T11:17:34.216521+00:00,vast.ai,marketplace,RTX 3070,0.08138888888888889,1,8.0,16.277361714,199.992361714,31.32,45.5,"Vietnam, VN",0.9939391,49499650
2026-10-03T11:17:34.216521+00:00,vast.ai,marketplace,RTX 2080 Ti,0.08138888888888889,1,11.0,8.666361714,106.48136171399999,15.63,649.5,"Florida, US",0.995042,39588997
2026-10-03T11:17:34.216521+00:00,vast.ai,marketplace,RTX 3060,0.08157407407407408,1,12.0,12.475361714,152.938361714,31.47,334.3334635429928,"Texas, US",0.9970904,41247444
2026-10-03T11:17:34.216521+00:00,vast.ai,marketplace,Tesla V100,0.08185185185185186,1,16.0,18.738361714,228.932361714,31.26,374.6875,"California, US",0.9434166,53561983
2026-10-03T11:17:34.216521+00:00,vast.ai,marketplace,RTX 3060,0.08185185185185186,1,12.0,12.337361714,150.72336171400002,62.88,1010.4500000000004,"Utah, US",0.9981147,49992717
2026-10-03T11:17:34.216521+00:00,vast.ai,marketplace,RTX 3060 Ti,0.08405555555555555,1,8.0,13.774361714,163.87236171400002,62.94,584.2635150918511,"Sweden, SE",0.9949473,51184871
2026-10-03T11:17:34.216521+00:00,vast.ai,marketplace,RTX A4000,0.0875925925925926,1,15.99,19.587361714,223.623361714,41.93,29.0,"Japan, JP",0.9910342,49619751
2026-10-03T11:17:34.216521+00:00,vast.ai,marketplace,RTX A4000,0.0875925925925926,1,15.99,20.441361714,233.36636171400002,23.49,344.5,"Poland, PL",0.9993812,45600036
2026-10-03T11:17:34.216521+00:00,vast.ai,marketplace,Q RTX 4000,0.08805555555555555,1,8.0,4.104361714,46.609361714,31.26,260.0,"Argentina, AR",0.9930078,37282264
2026-10-03T11:17:34.216521+00:00,vast.ai,marketplace,RTX 5060,0.08898148148148148,1,7.96,28.522361714,320.542361714,20.96,212.23919760649892,"United States, US",0.9947153,50138881
2026-10-03T11:17:34.216521+00:00,vast.ai,marketplace,RTX 3070,0.08944444444444445,1,8.0,16.280361714,182.018361714,23.59,178.75,"Utah, US",0.9979296,50148846
2026-10-03T11:17:34.216521+00:00,vast.ai,marketplace,RTX A4000,0.0915925925925926,1,15.99,18.034361714,196.90136171400002,41.93,56.666666666666686,"Japan, JP",0.9890388,49633885
2026-10-03T11:17:34.216521+00:00,vast.ai,marketplace,RTX 2080 Ti,0.09205555555555556,1,22.0,11.045361714,119.99136171399999,17.97,155.14285714285714,"Thailand, TH",0.9815898,50286308
2026-10-03T11:17:34.216521+00:00,vast.ai,marketplace,RTX 3070,0.09425925925925926,1,8.0,16.281361714,172.732361714,15.6,104.0,"Vietnam, VN",0.9901044,52925175
2026-10-03T11:17:34.216521+00:00,vast.ai,marketplace,RTX 3060 Ti,0.09425925925925926,1,8.0,12.761361714,135.38936171400002,15.54,129.0,"Argentina, AR",0.9914325,53606754
2026-10-03T11:17:34.216521+00:00,vast.ai,marketplace,RTX 3060 Ti,0.09466666666666668,1,8.0,11.020361714,116.41636171399999,7.61,287.0,"Spain, ES",0.9952707,46485962
2026-10-03T11:17:34.216521+00:00,vast.ai,marketplace,RTX A4000,0.09472222222222222,1,15.99,21.619361714,228.237361714,31.32,767.0,"Quebec, CA",0.9982662,49320806
2026-10-03T11:17:34.216521+00:00,vast.ai,marketplace,RTX 3070,0.09472222222222222,1,8.0,16.277361714,171.840361714,31.27,1480.0,"Virginia, US",0.9728057,53930723
2026-10-03T11:17:34.216521+00:00,vast.ai,marketplace,RTX 3060 Ti,0.09472222222222222,1,8.0,13.757361714,145.243361714,41.9,255.96666666666664,"Quebec, CA",0.9653645,53728558
2026-10-03T11:17:34.216521+00:00,vast.ai,marketplace,Q RTX 5000,0.09518518518518519,1,16.0,6.9743617140000005,73.275361714,31.44,147.5,"New York, US",0.9696312,50606628
2026-10-03T11:17:34.216521+00:00,vast.ai,marketplace,RTX 4060 Ti,0.09564814814814815,1,16.0,22.510361714000002,235.351361714,23.54,321.25,"United States, US",0.9917922,47543119
2026-10-03T11:17:34.216521+00:00,vast.ai,marketplace,RTX 3070,0.09611111111111112,1,8.0,16.282361714,169.415361714,31.23,312.0,"Spain, ES",0.9877689,51710062
2026-10-03T11:17:34.216521+00:00,vast.ai,marketplace,RTX 2080 Ti,0.09611111111111112,1,22.0,11.045361714,114.92836171399999,31.47,131.84922211172864,"United States, US",0.9941452,43529654
2026-10-03T11:17:34.216521+00:00,vast.ai,marketplace,RTX 5060,0.09612962962962963,1,7.96,28.251361714,293.892361714,31.28,317.0,"Vietnam, VN",0.9929949,49766751
2026-10-03T11:17:34.216521+00:00,vast.ai,marketplace,RTX 4060 Ti,0.09935185185185186,1,16.0,22.541361714,226.881361714,31.47,170.125,", US",0.9948469,42171805
2026-10-03T11:17:34.216521+00:00,vast.ai,marketplace,RTX 2080 Ti,0.10005555555555555,1,22.0,11.282361714,112.763361714,31.44,128.8761865258802,"Thailand, TH",0.9748847,51470061
2026-10-03T11:17:34.216521+00:00,vast.ai,marketplace,RTX 5060,0.10018518518518518,1,7.96,28.232361714,281.799361714,29.81,498.0,"India, IN",0.960001,48558053
2026-10-03T11:17:34.216521+00:00,vast.ai,marketplace,Tesla V100,0.10138888888888888,1,16.0,18.375361714,181.233361714,62.86,3309.1,"Quebec, CA",0.9649458,53747995
2026-10-03T11:17:34.216521+00:00,vast.ai,marketplace,RTX 4060 Ti,0.10138888888888888,1,8.0,17.686361714,174.445361714,15.64,380.4,"Ontario, CA",0.996709,20389045
2026-10-03T11:17:34.216521+00:00,vast.ai,marketplace,RTX 5060,0.10185185185185185,1,7.96,28.237361714,277.236361714,62.88,672.7229951955909,"United Kingdom, GB",0.9976023,48742491
2026-10-03T11:17:34.216521+00:00,vast.ai,marketplace,Tesla P40,0.10672222222222222,1,24.0,5.879361714,55.087361714000004,62.81,677.5,"Thailand, TH",0.9918412,47185196
2026-10-03T11:17:34.216521+00:00,vast.ai,marketplace,RTX 4060 Ti,0.10680555555555556,1,16.0,22.535361714,210.99136171400002,23.57,271.04524573987044,"Jiangsu, CN",0.9947805,49517347
2026-10-03T11:17:34.216521+00:00,vast.ai,marketplace,RTX 2060,0.10694444444444445,1,12.0,3.9693617139999997,37.120361714,8.96,149.85714285714286,"South Korea, KR",0.9961345,35050682
2026-10-03T11:17:34.216521+00:00,vast.ai,marketplace,RTX 3060,0.10712962962962963,1,12.0,12.695361714,118.50536171399999,31.18,575.9000000000001,"Thailand, TH",0.9918035,50460350
2026-10-03T11:17:34.216521+00:00,vast.ai,marketplace,Quadro P4000,0.10805555555555556,1,8.0,2.083361714,19.283361714,62.73,280.0,"United Kingdom, GB",0.9943137,53524843
2026-10-03T11:17:34.216521+00:00,vast.ai,marketplace,RTX A4000,0.10805555555555556,1,15.99,21.177361714,195.983361714,17.95,359.87082699899304,"Michigan, US",0.9829257,46301468
2026-10-03T11:17:34.216521+00:00,vast.ai,marketplace,Q RTX 4000,0.10805555555555556,1,8.0,4.104361714,37.982361714,62.73,168.0,"United Kingdom, GB",0.9976974,53525058
2026-10-03T11:17:34.216521+00:00,vast.ai,marketplace,RTX 2060,0.10805555555555556,1,12.0,4.026361714,37.259361714,10.46,236.4,"South Korea, KR",0.9956614,49698958
2026-10-03T11:17:34.216521+00:00,vast.ai,marketplace,RTX 3080,0.10805555555555556,1,10.0,27.252361714,252.20436171400002,15.52,136.0,"South Korea, KR",0.9956965,53868485
2026-10-03T11:17:34.216521+00:00,vast.ai,marketplace,RTX 3080,0.10805555555555556,1,10.0,26.960361714,249.501361714,15.45,68.0,"South Korea, KR",0.9955282,51267694
2026-10-03T11:17:34.216521+00:00,vast.ai,marketplace,Tesla V100,0.10898148148148148,1,16.0,20.174361714,185.114361714,43.19,728.0,"Texas, US",0.9846749,30970801
2026-10-03T11:17:34.216521+00:00,vast.ai,marketplace,RTX 3060,0.10898148148148148,1,12.0,12.265361714,112.545361714,31.46,165.12500000000003,"Norway, NO",0.9983854,13388143
2026-10-03T11:17:34.216521+00:00,vast.ai,marketplace,RTX A2000,0.10898148148148148,1,5.99,8.575361714,78.68936171399999,62.89,692.5,"Norway, NO",0.9970237,29318077
2026-10-03T11:17:34.216521+00:00,vast.ai,marketplace,RTX A4000,0.10944444444444446,1,15.99,21.186361714,193.584361714,31.29,779.5,"Spain, ES",0.9975426,44716854
2026-10-03T11:17:34.216521+00:00,vast.ai,marketplace,RTX 4070S,0.1126851851851852,1,11.99,34.814361714,308.956361714,11.78,164.0,"United States, US",0.9849301,42643524
2026-10-03T11:17:34.216521+00:00,vast.ai,marketplace,RTX 4060 Ti,0.11425926325925927,1,16.0,22.535361714,197.227361714,23.57,148.625,"California, US",0.9638423,52442687
2026-10-03T11:17:34.216521+00:00,vast.ai,marketplace,RTX 3070,0.115,1,8.0,16.277361714,141.540361714,15.64,353.0,"Spain, ES",0.9899138,52230480
2026-10-03T11:17:34.216521+00:00,vast.ai,marketplace,RTX 3060 laptop,0.11785185185185186,1,12.0,12.781361714,108.45736171399999,15.59,320.85,"New Zealand, NZ",0.9959682,51286013
2026-10-03T11:17:34.216521+00:00,vast.ai,marketplace,RTX 5060 Ti,0.12092592592592594,1,15.93,38.428361714,317.783361714,30.01,172.4,"Brazil, BR",0.9889136,53088092
2026-10-03T11:17:34.216521+00:00,vast.ai,marketplace,RTX 3080,0.12111111111111111,1,10.0,27.254361714,225.034361714,15.43,1263.0,"Malaysia, MY",0.9913086,54001108
2026-10-03T11:17:34.216521+00:00,vast.ai,marketplace,RTX A4000,0.1213888888888889,1,15.99,21.191361714,174.576361714,18.17,109.375,"Delaware, US",0.9995162,46653902
2026-10-03T11:17:34.216521+00:00,vast.ai,marketplace,RTX A4000,0.1213888888888889,1,15.99,21.193361714,174.589361714,15.66,172.25468664192783,"Utah, US",0.9913106,50591544
2026-10-03T11:17:34.216521+00:00,vast.ai,marketplace,RTX 4060 Ti,0.1213888888888889,1,16.0,22.948361714,189.046361714,25.13,233.4,"Poland, PL",0.9935429,53970365
2026-10-03T11:17:34.216521+00:00,vast.ai,marketplace,RTX 5060 Ti,0.1213888888888889,1,15.93,38.382361714,316.197361714,23.45,74.15000000000009,"Vietnam, VN",0.994803,31603462
2026-10-03T11:17:34.216521+00:00,vast.ai,marketplace,RTX 3070,0.12175925925925928,1,8.0,16.280361714,133.71036171400002,31.15,368.0,"Brazil, BR",0.9962592,41360120
2026-10-03T11:17:34.216521+00:00,vast.ai,marketplace,RTX 4070,0.12185185185185186,1,11.99,34.200361714,280.671361714,31.42,390.25,"Alberta, CA",0.9962526,45498586
2026-10-03T11:17:34.216521+00:00,vast.ai,marketplace,RTX 5060 Ti,0.12185185185185186,1,15.93,38.510361714,316.045361714,38.22,291.0,"Serbia, RS",0.9909916,50517734
2026-10-03T11:17:34.216521+00:00,vast.ai,marketplace,Tesla V100,0.12277777777777779,1,32.0,23.192361714,188.89536171400002,39.31,309.82500000000005,"Nevada, US",0.9947599,49757630
2026-10-03T11:17:34.216521+00:00,vast.ai,marketplace,RTX 4060 Ti,0.12937962962962962,1,16.0,22.474361714,173.71136171400002,62.86,343.95,"Pennsylvania, US",0.9854633,52678380
2026-10-03T11:17:34.216521+00:00,vast.ai,marketplace,RTX 3080,0.1293888888888889,1,20.0,34.352361714,265.495361714,31.44,406.075,"California, US",0.9735468,52405418
2026-10-03T11:17:34.216521+00:00,vast.ai,marketplace,RTX 4060 Ti,0.1332962962962963,1,16.0,12.637361714,94.807361714,31.45,108.60000000000001,"Quebec, CA",0.9990621,53968492
2026-10-03T11:17:34.216521+00:00,vast.ai,marketplace,RTX 3060,0.13398148148148148,1,12.0,12.478361714,93.132361714,62.91,1069.2229207053167,"Quebec, CA",0.9848441,53879546
2026-10-03T11:17:34.216521+00:00,vast.ai,marketplace,RTX 3080 Ti,0.13398148148148148,1,12.0,34.625361714,258.435361714,15.68,151.5,"Germany, DE",0.962108,53947542
2026-10-03T11:17:34.216521+00:00,vast.ai,marketplace,RTX 2080 Ti,0.13425925925925924,1,11.0,8.666361714,64.549361714,62.89,1362.343159123422,"Maryland, US",0.9989018,53776171
2026-10-03T11:17:34.216521+00:00,vast.ai,marketplace,RTX 5060 Ti,0.13425925925925924,1,15.93,38.355361714,285.682361714,31.27,577.0,"Ohio, US",0.9970445,47507674
2026-10-03T11:17:34.216521+00:00,vast.ai,marketplace,RTX 4060,0.13472222222222222,1,8.0,15.942361714,118.33336171399999,31.18,657.0,"Mexico, MX",0.9967022,40179084
2026-10-03T11:17:34.216521+00:00,vast.ai,marketplace,Tesla T4,0.13472222222222222,1,15.0,4.302361714,31.935361714,125.82,610.5,"Pennsylvania, US",0.9819264,50006709
2026-10-03T11:17:34.216521+00:00,vast.ai,marketplace,Titan V,0.13472222222222222,1,12.0,21.928361714,162.768361714,15.59,376.0,"South Korea, KR",0.9966791,52709206
2026-10-03T11:17:34.216521+00:00,vast.ai,marketplace,RTX 3080,0.13472222222222222,1,20.0,34.340361714000004,254.899361714,50.37,239.64000000000007,"Henan, CN",0.9945467,50005212
2026-10-03T11:17:34.216521+00:00,vast.ai,marketplace,RTX 4070S,0.13472222222222222,1,11.99,34.726361714,257.760361714,31.35,352.4,"Ontario, CA",0.9851765,44231989
2026-10-03T11:17:34.216521+00:00,vast.ai,marketplace,RTX 4060 Ti,0.13472222222222222,1,16.0,22.529361714,167.225361714,19.43,341.0,"Kentucky, US",0.9844004,40407013
2026-10-03T11:17:34.216521+00:00,vast.ai,marketplace,RTX 4060 Ti,0.13472222222222222,1,16.0,22.620361714,167.908361714,31.18,329.0,"Kentucky, US",0.9931641,37529335
2026-10-03T11:17:34.216521+00:00,vast.ai,marketplace,Q RTX 6000,0.13472222222222222,1,22.5,11.787361714000001,87.498361714,61.95,1381.0,"Pennsylvania, US",0.9290972,51998687
2026-10-03T11:17:34.216521+00:00,vast.ai,marketplace,RTX A4000,0.13564814814814816,1,15.99,21.191361714,156.224361714,61.92,1307.0,"Norway, NO",0.9991154,35088669
2026-10-03T11:17:34.216521+00:00,vast.ai,marketplace,RTX 3070,0.13564814814814816,1,8.0,16.410361714,120.97836171399999,62.89,366.67999854969594,"Norway, NO",0.998076,16581606
2026-10-03T11:17:34.216521+00:00,vast.ai,marketplace,RTX 4070,0.1361111111111111,1,11.99,33.742361714,247.904361714,20.96,98.32500000000005,"Washington, US",0.999311,16213981
2026-10-03T11:17:34.216521+00:00,vast.ai,marketplace,Tesla V100,0.13796296296296295,1,16.0,20.174361714,146.22836171400002,62.89,765.0,"Quebec, CA",0.9846551,53726434
2026-10-03T11:17:34.216521+00:00,vast.ai,marketplace,RTX 5060 Ti,0.13822962962962962,1,15.93,38.375361714,277.62436171400003,83.85,415.0,"Texas, US",0.9967722,32665031
2026-10-03T11:17:34.216521+00:00,vast.ai,marketplace,RTX 5060 Ti,0.1401851851851852,1,7.96,30.108361714,214.778361714,29.96,576.0,"India, IN",0.9481054,48558068
2026-10-03T11:17:34.216521+00:00,vast.ai,marketplace,RTX 5060 Ti,0.1401851851851852,1,15.93,38.517361714,274.762361714,29.96,490.0,"India, IN",0.9413947,50282300
2026-10-03T11:17:34.216521+00:00,vast.ai,marketplace,RTX 3090,0.1431851851851852,1,24.0,44.347361714,309.721361714,41.92,166.50449430268247,"Czechia, CZ",0.9839444,27187357
2026-10-03T11:17:34.216521+00:00,vast.ai,marketplace,RTX 3060,0.14550000000000002,1,12.0,12.548361714,86.24036171399999,62.86,306.5,"New York, US",0.9980149,52140339
2026-10-03T11:17:34.216521+00:00,vast.ai,marketplace,Tesla V100,0.14712962962962964,1,32.0,23.192361714,157.630361714,46.98,718.0,"Sri Lanka, LK",0.9965536,47359116
2026-10-03T11:17:34.216521+00:00,vast.ai,marketplace,RTX 3080,0.14759259259259258,1,10.0,27.139361714,183.879361714,31.25,791.0,"Argentina, AR",0.9981311,29430929
2026-10-03T11:17:34.216521+00:00,vast.ai,marketplace,RTX 4060 Ti,0.14759259259259258,1,16.0,22.510361714000002,152.52036171400002,125.7,469.1,"Norway, NO",0.9970609,46084498
2026-10-03T11:17:34.216521+00:00,vast.ai,marketplace,RTX A4000,0.14805555555555555,1,15.99,21.191361714,143.132361714,62.87,356.0,"Massachusetts, US",0.9723151,51648677
2026-10-03T11:17:34.216521+00:00,vast.ai,marketplace,Titan RTX,0.14805555555555555,1,24.0,12.057361714,81.43736171399999,15.46,115.0,"South Korea, KR",0.9936992,48452921
2026-10-03T11:17:34.216521+00:00,vast.ai,marketplace,RTX 4060 Ti,0.14805555555555555,1,8.0,18.007361714,121.62436171399999,31.18,662.0,"Mexico, MX",0.9980467,40180147
2026-10-03T11:17:34.216521+00:00,vast.ai,marketplace,RTX 3080,0.14805555555555555,1,10.0,27.110361714,183.11036171400002,31.35,610.5,"The Netherlands, NL",0.9880766,52399064
2026-10-03T11:17:34.216521+00:00,vast.ai,marketplace,RTX 3080,0.14805555555555555,1,10.0,27.110361714,183.112361714,15.55,361.0,"Austria, AT",0.9731572,52468283
2026-10-03T11:17:34.216521+00:00,vast.ai,marketplace,RTX 3060 Ti,0.14805555555555555,1,8.0,13.860361714,93.61836171399999,110.12,124.0,"Massachusetts, US",0.9865193,46460414
2026-10-03T11:17:34.216521+00:00,vast.ai,marketplace,RTX 3060 Ti,0.14805555555555555,1,8.0,13.782361714,93.09236171399999,94.31,126.0,"Massachusetts, US",0.9779537,51361323
2026-10-03T11:17:34.216521+00:00,vast.ai,marketplace,RTX 3060 Ti,0.14805555555555555,1,8.0,13.932361714,94.10036171399999,94.31,159.5,"Massachusetts, US",0.9912702,47798927
2026-10-03T11:17:34.216521+00:00,vast.ai,marketplace,RTX 3080,0.14805555555555555,1,10.0,26.939361714,181.952361714,27.52,370.49534173171264,"Norway, NO",0.9937303,44685307
2026-10-03T11:17:34.216521+00:00,vast.ai,marketplace,RTX 4060 Ti,0.14805555555555555,1,16.0,22.510361714000002,152.043361714,125.96,595.5,"United Kingdom, GB",0.9965546,45635650
2026-10-03T11:17:34.216521+00:00,vast.ai,marketplace,RTX 5060 Ti,0.14805555555555555,1,15.93,38.887361714,262.655361714,15.59,235.0,"Denmark, DK",0.9903195,53830014
2026-10-03T11:17:34.216521+00:00,vast.ai,marketplace,RTX 5060 Ti,0.14851851851851852,1,15.93,38.845361714,261.555361714,31.24,385.4,"Ontario, CA",0.9908561,53762165
2026-10-03T11:17:34.216521+00:00,vast.ai,marketplace,Tesla T4,0.14938888888888888,1,15.0,4.302361714,28.800361714,31.42,131.23333333333335,"Czechia, CZ",0.9991378,13080905
2026-10-03T11:17:34.216521+00:00,vast.ai,marketplace,RTX 3080,0.14944444444444444,1,20.0,34.473361714,230.68036171400001,62.89,721.0,"United States, US",0.8726508,53259696
2026-10-03T11:17:34.216521+00:00,vast.ai,marketplace,RTX 3090,0.15268518518518517,1,24.0,44.602361714,292.123361714,31.47,153.25,"California, US",0.9888746,52714990
2026-10-03T11:17:34.216521+00:00,vast.ai,marketplace,RTX 3090,0.15268518518518517,1,24.0,43.727361714,286.38636171400003,35.98,172.5,"Jiangsu, CN",0.9903821,53871137
2026-10-03T11:17:34.216521+00:00,vast.ai,marketplace,RTX 3090,0.15268518518518517,1,24.0,44.608361714,292.158361714,31.44,130.0,"United States, US",0.9738705,53644729
2026-10-03T11:17:34.216521+00:00,vast.ai,marketplace,RTX 3090,0.15268518518518517,1,24.0,44.531361714,291.657361714,31.46,307.875,"United States, US",0.9928422,51737580
2026-10-03T11:17:34.216521+00:00,vast.ai,marketplace,RTX 3090,0.15472222222222223,1,24.0,39.814361714,257.330361714,15.6,81.0,"France, FR",0.9933094,53591815
2026-10-03T11:17:34.216521+00:00,vast.ai,marketplace,Tesla V100,0.16046296296296297,1,32.0,23.192361714,144.53236171400002,62.85,246.281168125188,"Sri Lanka, LK",0.9980451,46568460
2026-10-03T11:17:34.216521+00:00,vast.ai,marketplace,RTX 4070S Ti,0.1613888888888889,1,15.99,51.294361714,317.832361714,31.42,770.4,"Ukraine, UA",0.9860052,50922005
2026-10-03T11:17:34.216521+00:00,vast.ai,marketplace,Titan V,0.1613888888888889,1,12.0,21.927361714,135.869361714,15.59,362.5,"South Korea, KR",0.9979586,50869995
2026-10-03T11:17:34.216521+00:00,vast.ai,marketplace,Titan RTX,0.1613888888888889,1,24.0,12.057361714,74.709361714,46.72,685.6999999999999,"France, FR",0.9948337,49694855
2026-10-03T11:17:34.216521+00:00,vast.ai,marketplace,RTX 3080,0.1613888888888889,1,10.0,27.107361714,167.96636171400002,46.96,10.0,"Ontario, CA",0.9884118,53030399
2026-10-03T11:17:34.216521+00:00,vast.ai,marketplace,RTX 3080 Ti,0.1613888888888889,1,12.0,26.520361714,164.328361714,15.67,199.75,"Taiwan, TW",0.9943173,50375377
2026-10-03T11:17:34.216521+00:00,vast.ai,marketplace,RTX 4060 Ti,0.1613888888888889,1,16.0,22.596361714,140.013361714,31.27,201.0,"Kentucky, US",0.9933839,30829053
2026-10-03T11:17:34.216521+00:00,vast.ai,marketplace,Tesla V100,0.1613888888888889,1,32.0,23.192361714,143.703361714,31.45,206.17426746791688,"British Columbia, CA",0.9953567,45783723
2026-10-03T11:17:34.216521+00:00,vast.ai,marketplace,RTX 5070 Ti,0.1613888888888889,1,15.92,55.185361714,341.940361714,15.67,38.75,"South Korea, KR",0.9927099,38692155
2026-10-03T11:17:34.216521+00:00,vast.ai,marketplace,RTX 5070 Ti,0.1613888888888889,1,15.92,49.776361714000004,308.428361714,15.67,229.0,"South Korea, KR",0.9902772,38751877
2026-10-03T11:17:34.216521+00:00,vast.ai,marketplace,RTX 5070 Ti,0.1613888888888889,1,15.92,55.160361714,341.784361714,15.66,218.0,"South Korea, KR",0.9932447,38752089
2026-10-03T11:17:34.216521+00:00,vast.ai,marketplace,RTX 5070 Ti,0.1613888888888889,1,15.92,52.612361714,325.996361714,15.66,48.75,"South Korea, KR",0.9953989,38752231
2026-10-03T11:17:34.216521+00:00,vast.ai,marketplace,RTX 5060 Ti,0.1613888888888889,1,15.93,38.389361714,237.870361714,30.38,366.0,"Switzerland, CH",0.9959891,53186326
2026-10-03T11:17:34.216521+00:00,vast.ai,marketplace,RTX 5060 Ti,0.1613888888888889,1,15.93,19.626361714,121.611361714,47.2,348.75,"Switzerland, CH",0.9879267,53186411
2026-10-03T11:17:34.216521+00:00,vast.ai,marketplace,RTX 5060 Ti,0.1613888888888889,1,15.93,38.382361714,237.828361714,31.45,357.0,"Switzerland, CH",0.9892191,53186469
2026-10-03T11:17:34.216521+00:00,vast.ai,marketplace,RTX 4070S Ti,0.16185185185185186,1,15.99,51.020361714,315.23236171400004,62.7,608.0,"Portugal, PT",0.9956826,49130709
2026-10-03T11:17:34.216521+00:00,vast.ai,marketplace,RTX 3060 Ti,0.16231481481481483,1,8.0,13.777361714,84.879361714,62.96,319.3373830306224,"Norway, NO",0.9904661,53038583
2026-10-03T11:17:34.216521+00:00,vast.ai,marketplace,RTX 4060 Ti,0.16231481481481483,1,16.0,22.492361714,138.575361714,62.96,94.125,"Norway, NO",0.9970693,31010992
2026-10-03T11:17:34.216521+00:00,vast.ai,marketplace,RTX 5060 Ti,0.16231481481481483,1,15.93,38.811361714,239.112361714,41.89,569.3333333333333,"France, FR",0.969577,52554318
2026-10-03T11:17:34.216521+00:00,vast.ai,marketplace,RTX 5060 Ti,0.16405555555555554,1,15.93,33.486361714,204.11536171400002,27.47,213.25,"Taiwan, TW",0.9945323,41702074
2026-10-03T11:17:34.216521+00:00,vast.ai,marketplace,RTX 5060 Ti,0.1653888888888889,1,15.93,38.328361714,231.745361714,26.79,654.0,"Florida, US",0.9929001,50126147
2026-10-03T11:17:34.216521+00:00,vast.ai,marketplace,RTX 3090,0.1660185185185185,1,24.0,44.347361714,267.12436171400003,31.46,388.95,"United States, US",0.9872346,44375073
2026-10-03T11:17:34.216521+00:00,vast.ai,marketplace,Tesla T4,0.16749999999999998,1,16.0,4.400361714000001,26.272361714,125.93,3010.725,"Norway, NO",0.9976735,41364912
2026-10-03T11:17:34.216521+00:00,vast.ai,marketplace,RTX 3080 Ti,0.16759259259259257,1,12.0,33.891361714,202.226361714,15.54,1092.0,"Japan, JP",0.9978496,46117025
2026-10-03T11:17:34.216521+00:00,vast.ai,marketplace,RTX 3080,0.16805555555555554,1,10.0,26.960361714,160.423361714,31.14,106.0,"Argentina, AR",0.9865037,45863091
2026-10-03T11:17:34.216521+00:00,vast.ai,marketplace,RTX 5060 Ti,0.16805555555555554,1,15.93,38.957361714,231.81136171400001,62.72,601.0,"Ontario, CA",0.9987003,51229108
2026-10-03T11:17:34.216521+00:00,vast.ai,marketplace,RTX 3070,0.16938755555555554,1,8.0,16.279361714,96.10736171399999,15.61,332.0,"Oklahoma, US",0.9666807,52610192
2026-10-03T11:17:34.216521+00:00,vast.ai,marketplace,RTX 3090,0.17385185185185184,1,24.0,44.362361714,255.171361714,41.93,166.0,"Czechia, CZ",0.9948785,30243097
2026-10-03T11:17:34.216521+00:00,vast.ai,marketplace,RTX 3070,0.17472222222222222,1,8.0,16.278361714,93.16636171399999,15.53,805.9,"Japan, JP",0.9914573,53422687
2026-10-03T11:17:34.216521+00:00,vast.ai,marketplace,RTX 3070,0.17472222222222222,1,8.0,12.185361714,69.74336171399999,10.42,244.29999999999998,"France, FR",0.9982164,51557332
2026-10-03T11:17:34.216521+00:00,vast.ai,marketplace,RTX 3070 Ti,0.17472222222222222,1,8.0,18.209361714,104.221361714,62.57,298.5,"Massachusetts, US",0.9939008,44162569
2026-10-03T11:17:34.216521+00:00,vast.ai,marketplace,RTX 4070S Ti,0.17472222222222222,1,15.99,51.031361714,292.073361714,60.48,689.0,"Saskatchewan, CA",0.9905019,50084549
2026-10-03T11:17:34.216521+00:00,vast.ai,marketplace,RTX 3080 Ti,0.17472222222222222,1,12.0,33.970361714,194.426361714,36.64,394.3333333333333,"Quebec, CA",0.9979117,44116402
2026-10-03T11:17:34.216521+00:00,vast.ai,marketplace,RTX 5060 Ti,0.17472222222222222,1,15.93,38.503361714,220.37136171400002,15.55,78.0,"Spain, ES",0.9957346,43384717
2026-10-03T11:17:34.216521+00:00,vast.ai,marketplace,RTX 4060 Ti,0.1751851851851852,1,8.0,17.715361714,101.122361714,62.51,736.0,"Texas, US",0.9980713,35855967
2026-10-03T11:17:34.216521+00:00,vast.ai,marketplace,RTX 5070,0.1751851851851852,1,11.94,49.958361714,285.174361714,62.86,773.9,"Idaho, US",0.9942168,50405769
2026-10-03T11:17:34.216521+00:00,vast.ai,marketplace,RTX 5060 Ti,0.17564814814814816,1,15.93,38.382361714,218.52036171400002,31.44,683.5,"Norway, NO",0.9952725,29204623
2026-10-03T11:17:34.216521+00:00,vast.ai,marketplace,RTX 5060 Ti,0.17564814814814816,1,15.93,38.328361714,218.209361714,30.45,739.0,"Pennsylvania, US",0.9827943,51155350
2026-10-03T11:17:34.216521+00:00,vast.ai,marketplace,RTX 3090,0.17587962962962964,1,24.0,44.569361714,253.409361714,31.32,49.5,"Quebec, CA",0.9969312,17580329
2026-10-03T11:17:34.216521+00:00,vast.ai,marketplace,RTX 3090,0.17587962962962964,1,24.0,38.038361714,216.273361714,29.37,143.0,"Quebec, CA",0.9845474,49745142
2026-10-03T11:17:34.216521+00:00,vast.ai,marketplace,RTX 3090,0.17587962962962964,1,24.0,39.204361714,222.903361714,31.34,308.5,"Quebec, CA",0.9777789,49745114
2026-10-03T11:17:34.216521+00:00,vast.ai,marketplace,RTX 5060 Ti,0.1773888888888889,1,15.93,38.901361714000004,219.30036171400002,62.94,322.625,"Germany, DE",0.9969781,44053703
2026-10-03T11:17:34.216521+00:00,vast.ai,marketplace,RTX 5060 Ti,0.1773888888888889,1,15.93,38.524361714,217.17536171400002,62.94,366.425,"Germany, DE",0.9917949,48190493
2026-10-03T11:17:34.216521+00:00,vast.ai,marketplace,RTX 3090,0.17893819350414994,1,24.0,44.364361714,247.933361714,31.44,733.8191620808399,"Sweden, SE",0.9665889,53250098
2026-10-03T11:17:34.216521+00:00,vast.ai,marketplace,RTX 3090,0.17935185185185185,1,24.0,44.359361714,247.331361714,47.19,688.75,"United States, US",0.9841545,41028912
2026-10-03T11:17:34.216521+00:00,vast.ai,marketplace,RTX 3090,0.17935185185185185,1,24.0,44.364361714,247.361361714,23.59,283.0,"United States, US",0.993672,43751722
2026-10-03T11:17:34.216521+00:00,vast.ai,marketplace,RTX 3090,0.18005555555555555,1,24.0,43.903361714,243.834361714,31.44,143.0,"Quebec, CA",0.9521865,53971999
2026-10-03T11:17:34.216521+00:00,vast.ai,marketplace,RTX 3080 Ti,0.18062962962962964,1,12.0,34.519361714,191.10436171400002,62.66,705.0,"Pennsylvania, US",0.9937702,53271755
2026-10-03T11:17:34.216521+00:00,vast.ai,marketplace,RTX 3090,0.18805555555555556,1,24.0,44.355361714,235.863361714,125.88,119.0,"Thailand, TH",0.7770182,51567297
2026-10-03T11:17:34.216521+00:00,vast.ai,marketplace,RTX 4060 Ti,0.18805555555555556,1,16.0,21.198361714,112.72236171399999,62.58,2490.0,"Utah, US",0.9969393,49984008
2026-10-03T11:17:34.216521+00:00,vast.ai,marketplace,RTX 3080,0.18811111111111112,1,10.0,21.326361714,113.370361714,31.26,801.0,"Argentina, AR",0.9975498,29430973
2026-10-03T11:17:34.216521+00:00,vast.ai,marketplace,RTX 3090,0.18851851851851853,1,24.0,44.355361714,235.284361714,31.37,650.75,"Utah, US",0.9983078,11087700
2026-10-03T11:17:34.216521+00:00,vast.ai,marketplace,RTX 3080 Ti,0.1889814814814815,1,12.0,34.517361714,182.647361714,41.88,517.0,"Norway, NO",0.9967305,30003867
2026-10-03T11:17:34.216521+00:00,vast.ai,marketplace,RTX 5060 Ti,0.18938888888888886,1,15.93,38.410361714,202.810361714,31.2,1642.0,"Maryland, US",0.9961252,42458622
2026-10-03T11:17:34.216521+00:00,vast.ai,marketplace,RTX 4070,0.18950000000000003,1,11.99,33.723361714,177.96136171400002,62.86,745.0,"New York, US",0.9974531,52140290
2026-10-03T11:17:34.216521+00:00,vast.ai,marketplace,RTX 4070S Ti,0.19118518518518518,1,15.99,52.698361714,275.639361714,50.34,286.5396256979916,"Bulgaria, BG",0.9819034,53719523
2026-10-03T11:17:34.216521+00:00,vast.ai,marketplace,RTX 4070S Ti,0.19385185185185183,1,15.99,46.291361714,238.80036171400002,46.11,810.187314432435,"Bulgaria, BG",0.9876456,53678282
2026-10-03T11:17:34.216521+00:00,vast.ai,marketplace,RTX 3090,0.1947222222222222,1,24.0,44.597361714,229.03236171400002,15.63,61.5,"Poland, PL",0.9864525,54003881
2026-10-03T11:17:34.216521+00:00,vast.ai,marketplace,RTX 3090,0.19605555555555554,1,24.0,41.749361714,212.947361714,23.48,78.0,"Japan, JP",0.9829109,50847293
2026-10-03T11:17:34.216521+00:00,vast.ai,marketplace,RTX 5070 Ti,0.19665925925925926,1,15.92,41.888361714,212.998361714,31.0,754.0,"Spain, ES",0.9947955,51724767
2026-10-03T11:17:34.216521+00:00,vast.ai,marketplace,RTX 3090,0.2008333333333333,1,24.0,44.363361714,220.896361714,31.41,340.25,"Bulgaria, BG",0.9935129,50270054
2026-10-03T11:17:34.216521+00:00,vast.ai,marketplace,RTX 3090,0.2009259259259259,1,24.0,44.366361714,220.807361714,31.18,664.0,"Thailand, TH",0.8981179,52608555
2026-10-03T11:17:34.216521+00:00,vast.ai,marketplace,RTX 3080,0.2009259259259259,1,10.0,26.545361714000002,132.11636171400002,15.66,196.0,"Taiwan, TW",0.9993752,36729002
2026-10-03T11:17:34.216521+00:00,vast.ai,marketplace,RTX 4000Ada,0.2011111111111111,1,20.0,31.308361714,155.677361714,31.39,283.0,"Romania, RO",0.9974984,53975997
2026-10-03T11:17:34.216521+00:00,vast.ai,marketplace,RTX 4000Ada,0.2012037037037037,1,20.0,31.399361714,156.057361714,41.88,391.9333333333333,"Romania, RO",0.9504493,53673195
2026-10-03T11:17:34.216521+00:00,vast.ai,marketplace,Tesla P100,0.20138888888888887,1,16.0,5.823361714000001,28.914361714,20.88,106.0,"Missouri, US",0.9829057,52971260
2026-10-03T11:17:34.216521+00:00,vast.ai,marketplace,RTX 3090,0.20138888888888887,1,24.0,44.350361714,220.221361714,31.46,291.375,", CN",0.99752,45174333
2026-10-03T11:17:34.216521+00:00,vast.ai,marketplace,RTX A5000,0.20138888888888887,1,23.99,34.919361714,173.392361714,62.39,429.0,"Quebec, CA",0.8463056,53273481
2026-10-03T11:17:34.216521+00:00,vast.ai,marketplace,RTX 4070S Ti,0.20138888888888887,1,15.99,51.218361714000004,254.32436171400002,30.98,1576.5,"Ontario, CA",0.9959556,39160559
2026-10-03T11:17:34.216521+00:00,vast.ai,marketplace,RTX 4000Ada,0.20138888888888887,1,20.0,31.252361714,155.185361714,31.41,462.5,"Hungary, HU",0.9985236,36173713
2026-10-03T11:17:34.216521+00:00,vast.ai,marketplace,RTX 3080,0.20138888888888887,1,10.0,24.165361714,119.992361714,17.69,156.875,"Florida, US",0.994351,53650815
2026-10-03T11:17:34.216521+00:00,vast.ai,marketplace,RTX 3080,0.20138888888888887,1,10.0,27.111361714,134.624361714,31.32,435.0,"Taiwan, TW",0.999264,35966568
2026-10-03T11:17:34.216521+00:00,vast.ai,marketplace,RTX 3080,0.20138888888888887,1,10.0,27.108361714,134.60936171400002,15.59,301.0,"Taiwan, TW",0.9967078,45563020
2026-10-03T11:17:34.216521+00:00,vast.ai,marketplace,Tesla V100,0.20138888888888887,1,32.0,25.713361714,127.67836171399999,62.82,782.0,"Colorado, US",0.9885591,53648588
2026-10-03T11:17:34.216521+00:00,vast.ai,marketplace,RTX 5070 Ti,0.20138888888888887,1,15.92,37.260361714,185.017361714,62.63,1537.0,"South Korea, KR",0.976155,52686140
2026-10-03T11:17:34.216521+00:00,vast.ai,marketplace,RTX 5070 Ti,0.20138888888888887,1,15.92,75.739361714,376.084361714,23.53,331.525,"Vietnam, VN",0.9957257,36104547
2026-10-03T11:17:34.216521+00:00,vast.ai,marketplace,RTX 5070 Ti,0.20138888888888887,1,15.92,75.899361714,376.881361714,62.63,1488.0,"South Korea, KR",0.9995943,48376982
2026-10-03T11:17:34.216521+00:00,vast.ai,marketplace,RTX 5060 Ti,0.20138888888888887,1,15.93,38.396361714,190.658361714,15.59,310.5,"South Korea, KR",0.9985083,51204021
2026-10-03T11:17:34.216521+00:00,vast.ai,marketplace,RTX 5070,0.20138888888888887,1,11.94,50.121361714,248.878361714,62.71,244.0,"South Africa, ZA",0.9959547,47823099
2026-10-03T11:17:34.216521+00:00,vast.ai,marketplace,RTX 5060 Ti,0.20143518518518516,1,15.93,38.375361714,190.512361714,31.0,675.0,"Japan, JP",0.9699363,53422793
2026-10-03T11:17:34.216521+00:00,vast.ai,marketplace,Tesla P100,0.20166666666666666,1,16.0,5.823361714000001,28.874361714,251.88,90.19999999999999,"United Kingdom, GB",0.9958465,35888791
2026-10-03T11:17:34.216521+00:00,vast.ai,marketplace,RTX 3090 Ti,0.20185185185185184,1,23.99,46.191361714,228.839361714,62.81,508.0,"Vietnam, VN",0.989576,53518046
2026-10-03T11:17:34.216521+00:00,vast.ai,marketplace,RTX 5070,0.20185185185185184,1,11.94,49.929361714,247.355361714,30.46,1404.0,"Utah, US",0.9940114,50234335
2026-10-03T11:17:34.216521+00:00,vast.ai,marketplace,RTX 4070 Ti,0.2023148148148148,1,11.99,35.599361714,175.963361714,31.44,726.375,"Delaware, US",0.9935888,50258855
2026-10-03T11:17:34.216521+00:00,vast.ai,marketplace,RTX 5070 Ti,0.2023148148148148,1,15.92,75.879361714,375.057361714,62.63,802.0,"South Korea, KR",0.922362,53720018
2026-10-03T11:17:34.216521+00:00,vast.ai,marketplace,RTX PRO 4000,0.2023148148148148,1,23.89,65.74036171399999,324.940361714,125.78,1504.35,"Hungary, HU",0.9852512,53833333
2026-10-03T11:17:34.216521+00:00,vast.ai,marketplace,RTX PRO 4000,0.2023148148148148,1,23.89,65.72836171399999,324.881361714,62.91,270.540584062594,"Utah, US",0.9904658,47510354
2026-10-03T11:17:34.216521+00:00,vast.ai,marketplace,RTX PRO 4000,0.2023148148148148,1,23.89,65.74036171399999,324.940361714,62.86,666.5,"Alberta, CA",0.9827469,53630776
2026-10-03T11:17:34.216521+00:00,vast.ai,marketplace,RTX 3080 Ti,0.20277777777777775,1,12.0,33.971361714,167.531361714,62.84,853.15,"Thailand, TH",0.9911539,51269024
2026-10-03T11:17:34.216521+00:00,vast.ai,marketplace,RTX 5070 Ti,0.2046296296296296,1,15.92,76.19536171399999,372.356361714,30.94,654.0,"France, FR",0.982277,51477796
2026-10-03T11:17:34.216521+00:00,vast.ai,marketplace,Tesla V100,0.21205555555555555,1,32.0,25.713361714,121.256361714,94.14,951.4753575470058,"Minnesota, US",0.9993549,32302951
2026-10-03T11:17:34.216521+00:00,vast.ai,marketplace,RTX 5070 Ti,0.21205555555555555,1,15.92,76.188361714,359.28536171400003,31.31,1602.5,"Vietnam, VN",0.9980371,52843292
2026-10-03T11:17:34.216521+00:00,vast.ai,marketplace,RTX 5060 Ti,0.21379629629629632,1,15.93,38.382361714,179.529361714,125.94,10281.531763232575,"Denmark, DK",0.9948687,49967737
2026-10-03T11:17:34.216521+00:00,vast.ai,marketplace,RTX 3090,0.21425925925925926,1,24.0,44.366361714,207.066361714,31.18,1353.0,"Thailand, TH",0.9298154,50351397
2026-10-03T11:17:34.216521+00:00,vast.ai,marketplace,RTX 5060 Ti,0.21425925925925926,1,15.93,38.423361714,179.333361714,30.2,1561.5,"Minnesota, US",0.9956331,51358361
2026-10-03T11:17:34.216521+00:00,vast.ai,marketplace,RTX 3090,0.21472222222222223,1,24.0,44.588361714,207.655361714,167.95,407.66666666666663,"Oman, OM",0.987853,54002931
2026-10-03T11:17:34.216521+00:00,vast.ai,marketplace,RTX 3090,0.21472222222222223,1,24.0,35.480361714,165.239361714,26.96,246.58326281155337,"Quebec, CA",0.993653,51156486
2026-10-03T11:17:34.216521+00:00,vast.ai,marketplace,RTX 3090,0.21472222222222223,1,24.0,44.856361714,208.904361714,31.44,140.0,"Chile, CL",0.9756386,52320271
2026-10-03T11:17:34.216521+00:00,vast.ai,marketplace,RTX 4070S Ti,0.21472222222222223,1,15.99,51.207361714,238.481361714,23.46,397.0,"Romania, RO",0.9790061,53815204
2026-10-03T11:17:34.216521+00:00,vast.ai,marketplace,RTX 3090 Ti,0.21472222222222223,1,23.99,45.953361714,214.012361714,31.3,601.3,"South Korea, KR",0.9990583,46775634
2026-10-03T11:17:34.216521+00:00,vast.ai,marketplace,RTX 3080,0.21472222222222223,1,10.0,27.257361714,126.941361714,15.38,1216.4,"Switzerland, CH",0.9845957,53323515
2026-10-03T11:17:34.216521+00:00,vast.ai,marketplace,RTX 3080,0.21472222222222223,1,10.0,27.257361714,126.941361714,30.47,628.0,"Switzerland, CH",0.9461038,53928126
2026-10-03T11:17:34.216521+00:00,vast.ai,marketplace,RTX 3080 Ti,0.21472222222222223,1,12.0,31.765361714,147.938361714,15.66,215.0,"Taiwan, TW",0.9995073,49746673
2026-10-03T11:17:34.216521+00:00,vast.ai,marketplace,RTX 3080 Ti,0.21472222222222223,1,12.0,34.520361714,160.766361714,15.59,387.0,"Taiwan, TW",0.9986773,37609801
2026-10-03T11:17:34.216521+00:00,vast.ai,marketplace,RTX 3080 Ti,0.21472222222222223,1,12.0,34.521361714,160.771361714,15.59,313.0,"Taiwan, TW",0.9982196,42962386
2026-10-03T11:17:34.216521+00:00,vast.ai,marketplace,RTX 5070,0.21472222222222223,1,11.94,49.958361714,232.665361714,31.41,174.475,"Connecticut, US",0.9888511,51996964
2026-10-03T11:17:34.216521+00:00,vast.ai,marketplace,RTX 3090 Ti,0.2151851851851852,1,23.99,46.189361714,214.648361714,125.69,1439.0,"Vietnam, VN",0.9853319,49081925
2026-10-03T11:17:34.216521+00:00,vast.ai,marketplace,RTX 3080,0.2151851851851852,1,10.0,27.110361714,125.98836171399999,15.59,366.5,"Florida, US",0.9961176,52652360
2026-10-03T11:17:34.216521+00:00,vast.ai,marketplace,RTX 3090,0.21564814814814817,1,24.0,44.608361714,206.856361714,31.41,521.1516539992789,"Estonia, EE",0.9954645,45558037
2026-10-03T11:17:34.216521+00:00,vast.ai,marketplace,RTX 5070 Ti,0.21564814814814817,1,15.92,75.88636171399999,351.89836171400003,15.62,304.0,"Ontario, CA",0.9862984,53532029
2026-10-03T11:17:34.216521+00:00,vast.ai,marketplace,RTX PRO 4000,0.21657407407407409,1,23.89,66.83836171399999,308.617361714,31.44,525.15,"North Carolina, US",0.9712718,53419820
2026-10-03T11:17:34.216521+00:00,vast.ai,marketplace,RTX 5070 Ti,0.21761111111111112,1,15.92,78.644361714,361.397361714,15.23,657.8713300793703,"Brazil, BR",0.9950889,51786197
2026-10-03T11:17:34.216521+00:00,vast.ai,marketplace,Tesla V100,0.2188888888888889,1,32.0,25.713361714,117.47036171399999,94.27,750.0,"Bulgaria, BG",0.9902405,44696066
2026-10-03T11:17:34.216521+00:00,vast.ai,marketplace,RTX 4070S,0.21990840325925926,1,11.99,34.731361714,157.935361714,15.68,385.75,"California, US",0.9862985,51485190
2026-10-03T11:17:34.216521+00:00,vast.ai,marketplace,RTX 3090,0.2202777777777778,1,24.0,44.363361714,201.397361714,31.03,1405.0,"Illinois, US",0.9953031,47118064
2026-10-03T11:17:34.216521+00:00,vast.ai,marketplace,RTX 3090,0.22138888888888889,1,24.0,44.366361714,200.398361714,47.1,283.0,"France, FR",0.960804,47289630
2026-10-03T11:17:34.216521+00:00,vast.ai,marketplace,RTX 5070 Ti,0.22231481481481483,1,15.92,77.17836171399999,347.16036171400003,15.21,221.5,"Romania, RO",0.9755895,53551211
2026-10-03T11:17:34.216521+00:00,vast.ai,marketplace,RTX 4060 Ti,0.2253888888888889,1,16.0,22.504361714,99.849361714,62.94,198.7518120679837,"Quebec, CA",0.9982374,49744615
2026-10-03T11:17:34.216521+00:00,vast.ai,marketplace,RTX 4060 Ti,0.2253888888888889,1,16.0,22.486361714,99.768361714,62.89,668.5,"Quebec, CA",0.9980587,49645021
2026-10-03T11:17:34.216521+00:00,vast.ai,marketplace,RTX 3090,0.22805555555555557,1,24.0,44.833361714,196.590361714,35.93,178.9,"Taiwan, TW",0.9975251,53942781
2026-10-03T11:17:34.216521+00:00,vast.ai,marketplace,RTX A5000,0.22805555555555557,1,23.99,34.863361714,152.873361714,31.37,801.9,"Lithuania, LT",0.9232759,49578996
2026-10-03T11:17:34.216521+00:00,vast.ai,marketplace,RTX 3090 Ti,0.22805555555555557,1,23.99,46.185361714,202.518361714,31.36,218.0,"Romania, RO",0.9797782,51152292
2026-10-03T11:17:34.216521+00:00,vast.ai,marketplace,RTX 5070 Ti,0.22805555555555557,1,15.92,75.81236171399999,332.428361714,47.07,542.5,"Vietnam, VN",0.8700671,53730796
2026-10-03T11:17:34.216521+00:00,vast.ai,marketplace,RTX 5060 Ti,0.22805555555555557,1,15.93,38.348361714,168.154361714,30.98,687.0,"Japan, JP",0.9941386,53607565
2026-10-03T11:17:34.216521+00:00,vast.ai,marketplace,RTX 5070 Ti,0.22851851851851854,1,15.92,75.94036171399999,332.315361714,31.36,643.0,"Quebec, CA",0.9895086,51364857
2026-10-03T11:17:34.216521+00:00,vast.ai,marketplace,RTX 3090,0.22944444444444445,1,24.0,44.564361714,194.227361714,62.73,400.0,"Arizona, US",0.9793533,53403779
2026-10-03T11:17:34.216521+00:00,vast.ai,marketplace,RTX A5000,0.23205555555555557,1,23.99,35.347361714,152.321361714,100.7,32.992,"Romania, RO",0.998353,13273577
2026-10-03T11:17:34.216521+00:00,vast.ai,marketplace,RTX 5070,0.23425925925925922,1,11.94,50.044361714,213.628361714,62.67,447.0,"Nevada, US",0.994494,51172652
2026-10-03T11:17:34.216521+00:00,vast.ai,marketplace,RTX 4060 Ti,0.23611111111111108,1,16.0,22.492361714,95.263361714,62.62,1535.4,"Texas, US",0.9533848,53636304
2026-10-03T11:17:34.216521+00:00,vast.ai,marketplace,RTX 4060 Ti,0.23611111111111108,1,16.0,22.535361714,95.44236171399999,31.33,1670.85,"Texas, US",0.8706895,53636297
2026-10-03T11:17:34.216521+00:00,vast.ai,marketplace,RTX 3090,0.2394814814814815,1,24.0,17.642361714,73.670361714,30.84,168.0,"New Zealand, NZ",0.9843707,48399575
2026-10-03T11:17:34.216521+00:00,vast.ai,marketplace,RTX 4070S Ti,0.24092592592592593,1,15.99,51.015361714,211.74736171400002,62.94,349.95045301699594,"Arizona, US",0.9859915,53977358
2026-10-03T11:17:34.216521+00:00,vast.ai,marketplace,RTX 5070 Ti,0.24092592592592593,1,15.92,75.96036171399999,315.28536171400003,29.08,1544.9,"Nevada, US",0.9338957,53617600
2026-10-03T11:17:34.216521+00:00,vast.ai,marketplace,RTX 4070S,0.24131263925925922,1,11.99,34.710361714,143.838361714,15.7,170.25,"California, US",0.9808505,52442789
2026-10-03T11:17:34.216521+00:00,vast.ai,marketplace,Titan RTX,0.2413888888888889,1,24.0,12.057361714,49.949361714,15.59,352.5,"South Korea, KR",0.9975183,50869879
2026-10-03T11:17:34.216521+00:00,vast.ai,marketplace,Titan RTX,0.2413888888888889,1,24.0,12.057361714,49.949361714,31.32,337.5,"South Korea, KR",0.9986476,50736362
2026-10-03T11:17:34.216521+00:00,vast.ai,marketplace,RTX 3090 Ti,0.2413888888888889,1,23.99,46.196361714,191.378361714,62.82,632.0,"Vietnam, VN",0.995774,35612014
2026-10-03T11:17:34.216521+00:00,vast.ai,marketplace,RTX 3090 Ti,0.2413888888888889,1,23.99,46.194361714,191.368361714,62.81,1572.0,"Vietnam, VN",0.9945237,43359414
2026-10-03T11:17:34.216521+00:00,vast.ai,marketplace,RTX 3090 Ti,0.2413888888888889,1,23.99,45.458361714,188.321361714,31.35,257.5,"Florida, US",0.9944998,48610460
2026-10-03T11:17:34.216521+00:00,vast.ai,marketplace,RTX 4080S,0.2413888888888889,1,15.99,56.149361714,232.608361714,31.43,376.825,"Hong Kong, HK",0.9824065,51999235
2026-10-03T11:17:34.216521+00:00,vast.ai,marketplace,RTX PRO 4000,0.2413888888888889,1,23.89,65.75236171399999,272.391361714,30.92,727.7,"Switzerland, CH",0.9916024,53482310
2026-10-03T11:17:34.216521+00:00,vast.ai,marketplace,RTX PRO 4000,0.2413888888888889,1,23.89,65.70436171399999,272.192361714,29.97,147.5,"Slovakia, SK",0.9983928,45680120
2026-10-03T11:17:34.216521+00:00,vast.ai,marketplace,RTX 5070,0.2427777777777778,1,11.94,50.156361714,206.593361714,15.26,1499.0,"Ukraine, UA",0.9709752,53492114
2026-10-03T11:17:34.216521+00:00,vast.ai,marketplace,RTX 4080,0.2441666666666667,1,15.99,54.377361714,222.708361714,62.88,138.75,"Ontario, CA",0.9982581,49852985
2026-10-03T11:17:34.216521+00:00,vast.ai,marketplace,RTX 3090,0.24462962962962964,1,24.0,44.363361714,181.349361714,70.73,337.5,"Bulgaria, BG",0.9812277,51020103
2026-10-03T11:17:34.216521+00:00,vast.ai,marketplace,RTX 5060 Ti,0.24759259259259256,1,15.93,38.873361714,157.006361714,31.36,837.9,"Japan, JP",0.9567941,52992625
2026-10-03T11:17:34.216521+00:00,vast.ai,marketplace,RTX 3090,0.2512962962962963,1,24.0,44.847361714,178.462361714,62.7,3158.0,"Pennsylvania, US",0.9964232,53240026
2026-10-03T11:17:34.216521+00:00,vast.ai,marketplace,RTX 3090,0.25170370370370376,1,24.0,44.598361714,177.188361714,100.72,110.4,"Ireland, IE",0.9991639,7545103
2026-10-03T11:17:34.216521+00:00,vast.ai,marketplace,RTX 3090,0.2533888888888889,1,24.0,44.348361714,175.023361714,31.44,255.75,"Thailand, TH",0.979837,49290341
2026-10-03T11:17:34.216521+00:00,vast.ai,marketplace,RTX 4080,0.2539814814814815,1,15.99,54.571361714,214.86536171400002,62.88,572.4,"Pennsylvania, US",0.9948132,49416067
2026-10-03T11:17:34.216521+00:00,vast.ai,marketplace,Q RTX 8000,0.25425925925925924,1,45.0,11.590361714,45.584361714,47.22,76.25628400257858,"Indiana, US",0.998527,24936697
2026-10-03T11:17:34.216521+00:00,vast.ai,marketplace,RTX 5070 Ti,0.25425925925925924,1,15.92,75.947361714,298.699361714,62.26,530.0,"Colorado, US",0.9904964,42723052
2026-10-03T11:17:34.216521+00:00,vast.ai,marketplace,RTX 5080,0.2547222222222222,1,15.92,83.774361714,328.884361714,62.81,325.5,"Australia, AU",0.8810249,52488101
2026-10-03T11:17:34.216521+00:00,vast.ai,marketplace,RTX PRO 4000,0.2547222222222222,1,23.89,65.76436171399999,258.180361714,62.88,70.75,"South Korea, KR",0.9973081,53534348
2026-10-03T11:17:34.216521+00:00,vast.ai,marketplace,RTX 5070 Ti,0.25509259259259254,1,15.92,76.00536171399999,297.952361714,47.14,777.9,"Iowa, US",0.998313,44634212
2026-10-03T11:17:34.216521+00:00,vast.ai,marketplace,RTX 3090,0.2551851851851851,1,24.0,44.834361714,175.695361714,62.67,176.0,"Poland, PL",0.9773165,46516927
2026-10-03T11:17:34.216521+00:00,vast.ai,marketplace,RTX 3080 Ti,0.2551851851851851,1,12.0,33.971361714,133.125361714,31.41,692.5,"Florida, US",0.9936814,49921400
2026-10-03T11:17:34.216521+00:00,vast.ai,marketplace,RTX 4070S Ti,0.2610277777777778,1,15.99,51.212361714000004,196.196361714,31.18,837.9,"Spain, ES",0.9982112,52090522
2026-10-03T11:17:34.216521+00:00,vast.ai,marketplace,Tesla V100,0.2613888888888889,1,32.0,25.713361714,98.370361714,94.32,1266.831706607767,"Minnesota, US",0.9993476,44175684
2026-10-03T11:17:34.216521+00:00,vast.ai,marketplace,RTX 4080,0.2675925925925926,1,15.99,53.109361714,198.47236171400002,31.06,1459.0,"United Kingdom, GB",0.980025,53525965
2026-10-03T11:17:34.216521+00:00,vast.ai,marketplace,RTX PRO 4000,0.2675925925925926,1,23.89,65.77636171399999,245.807361714,32.72,2027.6171645701781,"Australia, AU",0.9975173,49601337
2026-10-03T11:17:34.216521+00:00,vast.ai,marketplace,RTX 3060,0.2677777777777778,1,12.0,12.407361714,46.336361714,251.73,3052.8,"Norway, NO",0.9985705,42225869
2026-10-03T11:17:34.216521+00:00,vast.ai,marketplace,RTX 5060 Ti,0.2677777777777778,1,15.93,38.810361714,144.93736171400002,503.88,658.15,"Texas, US",0.9947629,53710921
2026-10-03T11:17:34.216521+00:00,vast.ai,marketplace,RTX PRO 4000,0.2680048888888889,1,23.89,66.875361714,249.529361714,62.92,577.25,"Quebec, CA",0.9970648,52493306
2026-10-03T11:17:34.216521+00:00,vast.ai,marketplace,RTX 3090,0.26805555555555555,1,24.0,44.646361714,166.557361714,94.31,1478.7796935149254,"Utah, US",0.9933852,49980276
2026-10-03T11:17:34.216521+00:00,vast.ai,marketplace,RTX 3090,0.26805555555555555,1,24.0,44.333361714,165.387361714,31.36,345.4,"Colorado, US",0.9929587,50546030
2026-10-03T11:17:34.216521+00:00,vast.ai,marketplace,RTX 4070,0.26805555555555555,1,11.99,33.718361714000004,125.790361714,62.68,1550.0,"Kentucky, US",0.9943064,53613016
2026-10-03T11:17:34.216521+00:00,vast.ai,marketplace,RTX 4070S Ti,0.26805555555555555,1,15.99,51.004361714,190.27636171400002,62.82,1057.8957636993584,"Minnesota, US",0.9997476,53490815
2026-10-03T11:17:34.216521+00:00,vast.ai,marketplace,RTX 3090 Ti,0.26805555555555555,1,23.99,46.195361714,172.33536171400002,62.82,157.5,"Oman, OM",0.9914088,54003308
2026-10-03T11:17:34.216521+00:00,vast.ai,marketplace,RTX 3090 Ti,0.26805555555555555,1,23.99,46.447361714,173.277361714,62.83,457.5,"Norway, NO",0.9991427,36026151
2026-10-03T11:17:34.216521+00:00,vast.ai,marketplace,RTX 4080,0.26805555555555555,1,15.99,52.993361714,197.696361714,31.25,1436.0,"Norway, NO",0.9904745,51095354
2026-10-03T11:17:34.216521+00:00,vast.ai,marketplace,RTX 4080,0.26805555555555555,1,15.99,53.185361714,198.410361714,23.45,1509.0,"North Carolina, US",0.9957839,39750750
2026-10-03T11:17:34.216521+00:00,vast.ai,marketplace,Tesla V100,0.26805555555555555,1,32.0,25.713361714,95.924361714,125.94,700.0,"Minnesota, US",0.9991017,42722539
2026-10-03T11:17:34.216521+00:00,vast.ai,marketplace,RTX 5070 Ti,0.26805555555555555,1,15.92,75.78536171399999,282.721361714,15.59,368.0,"South Korea, KR",0.9969036,50736215
2026-10-03T11:17:34.216521+00:00,vast.ai,marketplace,RTX 3070,0.2685185185185185,1,8.0,9.316361714000001,34.696361714,30.12,709.3,"Chile, CL",0.9537672,53687890
2026-10-03T11:17:34.216521+00:00,vast.ai,marketplace,RTX 5070,0.2685185185185185,1,11.94,49.882361714,185.769361714,31.26,665.0,"California, US",0.9677641,51346121
2026-10-03T11:17:34.216521+00:00,vast.ai,marketplace,RTX 3090,0.2689814814814815,1,24.0,44.321361714,164.774361714,83.84,916.6666666666666,"Ontario, CA",0.9978053,54003191
2026-10-03T11:17:34.216521+00:00,vast.ai,marketplace,RTX PRO 4000,0.2689814814814815,1,23.89,65.69236171399999,244.226361714,41.92,436.9333333333333,"France, FR",0.9961792,47658246
2026-10-03T11:17:34.216521+00:00,vast.ai,marketplace,RTX PRO 4000,0.2689814814814815,1,23.89,65.72836171399999,244.36036171400002,61.48,542.0,"Slovakia, SK",0.9806482,50296580
2026-10-03T11:17:34.216521+00:00,vast.ai,marketplace,RTX PRO 4000,0.2689814814814815,1,23.89,65.74036171399999,244.404361714,125.96,562.8375,"United Kingdom, GB",0.9905165,51601836
2026-10-03T11:17:34.216521+00:00,vast.ai,marketplace,RTX 5060 Ti,0.2689814814814815,1,15.93,38.369361714,142.646361714,62.88,689.375,"Texas, US",0.9872246,51499194
2026-10-03T11:17:34.216521+00:00,vast.ai,marketplace,Q RTX 8000,0.26944444444444443,1,45.0,11.590361714,43.015361714,62.89,605.75,"Delaware, US",0.9989895,45242103
2026-10-03T11:17:34.216521+00:00,vast.ai,marketplace,RTX 5060 Ti,0.26944444444444443,1,15.93,38.444361714,142.679361714,47.04,1670.85,"Texas, US",0.9965554,53636148
2026-10-03T11:17:34.216521+00:00,vast.ai,marketplace,RTX 3060,0.2712555555555555,1,12.0,12.272361714,45.241361714,15.73,155.7016245994193,"Czechia, CZ",0.999111,46528530
2026-10-03T11:17:34.216521+00:00,vast.ai,marketplace,RTX 5080,0.2712962962962963,1,15.92,83.72236171399999,308.602361714,61.7,665.5,"France, FR",0.9318857,53677293
2026-10-03T11:17:34.216521+00:00,vast.ai,marketplace,RTX 3090,0.2738518518518518,1,24.0,44.596361714,162.84836171400002,31.24,290.0,"Spain, ES",0.9914985,53110641
2026-10-03T11:17:34.216521+00:00,vast.ai,marketplace,RTX PRO 4000,0.27877777777777774,1,23.89,65.70436171399999,235.68736171400002,125.88,974.5,"Italy, IT",0.9992477,34432514
2026-10-03T11:17:34.216521+00:00,vast.ai,marketplace,RTX 5080,0.28092592592592597,1,15.92,83.73536171399999,298.069361714,31.17,1502.1,"California, US",0.9689251,52852264
2026-10-03T11:17:34.216521+00:00,vast.ai,marketplace,RTX 5070 Ti,0.2811574074074074,1,15.92,75.933361714,270.074361714,31.0,1408.0,"New Jersey, US",0.9988931,50488949
2026-10-03T11:17:34.216521+00:00,vast.ai,marketplace,RTX 5080,0.2813888888888889,1,15.92,83.608361714,297.129361714,31.28,341.75,"New York, US",0.9759068,52889495
2026-10-03T11:17:34.216521+00:00,vast.ai,marketplace,Q RTX 6000,0.2814814814814815,1,24.0,12.057361714,42.835361714,31.19,1585.0,"Spain, ES",0.9973185,53754739
2026-10-03T11:17:34.216521+00:00,vast.ai,marketplace,RTX 5080,0.28185185185185185,1,15.92,83.753361714,297.154361714,62.89,410.95,"Maryland, US",0.9723831,53995746
2026-10-03T11:17:34.216521+00:00,vast.ai,marketplace,RTX PRO 4000,0.28231481481481485,1,23.89,65.668361714,232.607361714,30.28,508.9915779859019,"Norway, NO",0.9681488,53689673
2026-10-03T11:17:34.216521+00:00,vast.ai,marketplace,RTX 4080,0.2827777777777778,1,15.99,53.161361714,187.998361714,31.32,412.0,"Arizona, US",0.9886916,53299939
2026-10-03T11:17:34.216521+00:00,vast.ai,marketplace,RTX 4080S,0.2902813419259259,1,15.99,55.664361714,191.760361714,23.57,381.1089162599213,"California, US",0.9919664,47959563
2026-10-03T11:17:34.216521+00:00,vast.ai,marketplace,RTX PRO 4000,0.2940740740740741,1,23.89,65.69236171399999,223.387361714,125.68,3070.0,"Germany, DE",0.9965507,52258420
2026-10-03T11:17:34.216521+00:00,vast.ai,marketplace,RTX 3090,0.2942592592592593,1,24.0,44.364361714,150.767361714,31.45,306.75,"Czechia, CZ",0.9830427,30293570
2026-10-03T11:17:34.216521+00:00,vast.ai,marketplace,RTX 3090,0.2942592592592593,1,24.0,44.362361714,150.75836171400002,25.15,854.8000000000001,"Czechia, CZ",0.9917381,30717203
2026-10-03T11:17:34.216521+00:00,vast.ai,marketplace,RTX 3090,0.2942592592592593,1,24.0,44.364361714,150.767361714,31.45,265.6692175996983,"Czechia, CZ",0.9681223,48782874
2026-10-03T11:17:34.216521+00:00,vast.ai,marketplace,RTX 3090,0.2942592592592593,1,24.0,44.369361714,150.785361714,41.92,51.5,"Czechia, CZ",0.9929757,18811408
2026-10-03T11:17:34.216521+00:00,vast.ai,marketplace,RTX 5080,0.2947222222222222,1,15.92,83.70136171399999,284.002361714,31.28,736.0,"Taiwan, TW",0.9968996,47178769
2026-10-03T11:17:34.216521+00:00,vast.ai,marketplace,RTX 3090 Ti,0.295,1,23.99,41.990361714,142.340361714,31.3,597.0,"Spain, ES",0.9799257,52056954
2026-10-03T11:17:34.216521+00:00,vast.ai,marketplace,RTX 5080,0.29518518518518516,1,15.92,83.855361714,284.077361714,31.22,287.0,"Missouri, US",0.9902922,47717606
2026-10-03T11:17:34.216521+00:00,vast.ai,marketplace,RTX 5080,0.29518518518518516,1,15.92,83.71136171399999,283.590361714,31.26,353.9,"Missouri, US",0.9970792,45950960
2026-10-03T11:17:34.216521+00:00,vast.ai,marketplace,RTX 3090,0.2961111111111111,1,24.0,44.366361714,149.828361714,30.27,677.0,"Indonesia, ID",0.9194116,53501408
2026-10-03T11:17:34.216521+00:00,vast.ai,marketplace,RTX 4080S,0.2961111111111111,1,15.99,55.647361714,187.926361714,31.28,416.0,"Arizona, US",0.9875199,53299942
2026-10-03T11:17:34.216521+00:00,vast.ai,marketplace,RTX 3090,0.297962962962963,1,24.0,44.844361714,150.503361714,41.92,226.0,"France, FR",0.9905245,51087512
2026-10-03T11:17:34.216521+00:00,vast.ai,marketplace,RTX 5070 Ti,0.297962962962963,1,15.92,75.97336171399999,254.976361714,62.57,1548.0,"Illinois, US",0.9917934,49939692
2026-10-03T11:17:34.216521+00:00,vast.ai,marketplace,RTX 5070 Ti,0.297962962962963,1,15.92,75.79136171399999,254.36636171400002,62.69,1566.9,"California, US",0.9615183,52677056
2026-10-03T11:17:34.216521+00:00,vast.ai,marketplace,RTX 3060,0.30069444444444443,1,12.0,12.415361714,41.289361714,743.44,2149.45,"Quebec, CA",0.99517,53264052
2026-10-03T11:17:34.216521+00:00,vast.ai,marketplace,RTX 3090,0.3080555555555556,1,24.0,44.372361714,144.040361714,31.4,753.925,"Nevada, US",0.9882105,53433773
2026-10-03T11:17:34.216521+00:00,vast.ai,marketplace,RTX 2060S,0.3080555555555556,1,8.0,3.8763617139999997,12.582361714000001,23.4,2429.1,"California, US",0.9556694,50950849
2026-10-03T11:17:34.216521+00:00,vast.ai,marketplace,RTX 3090 Ti,0.3080555555555556,1,23.99,46.194361714,149.95436171400002,62.68,857.7,"Greece, GR",0.9382421,53606662
2026-10-03T11:17:34.216521+00:00,vast.ai,marketplace,RTX 5080,0.3080555555555556,1,15.92,83.911361714,272.390361714,31.25,670.0,"Argentina, AR",0.9660038,33413202
2026-10-03T11:17:34.216521+00:00,vast.ai,marketplace,RTX 3090,0.31425925925925924,1,24.0,44.606361714,141.94336171400002,125.48,1634.0,"Quebec, CA",0.9984869,53584291
2026-10-03T11:17:34.216521+00:00,vast.ai,marketplace,RTX 3090,0.3147222222222222,1,24.0,44.355361714,140.935361714,35.96,799.4285714285713,"Utah, US",0.989819,50807805
2026-10-03T11:17:34.216521+00:00,vast.ai,marketplace,RTX 5070 Ti,0.3147685185185185,1,15.92,75.94636171399999,241.27636171400002,62.5,1579.0,"Japan, JP",0.9963074,53522507
2026-10-03T11:17:34.216521+00:00,vast.ai,marketplace,RTX 5070 Ti,0.31477777777777777,1,15.92,75.75836171399999,240.671361714,251.55,5148.9,"Italy, IT",0.9927432,53578607
2026-10-03T11:17:34.216521+00:00,vast.ai,marketplace,RTX 3090,0.31505925925925926,1,24.0,43.208361714,137.143361714,62.79,99.0,"Spain, ES",0.9951681,53205798
2026-10-03T11:17:34.216521+00:00,vast.ai,marketplace,RTX 5080,0.3199074074074074,1,15.92,83.79436171399999,261.933361714,62.88,945.75,"North Carolina, US",0.9820323,46903149
2026-10-03T11:17:34.216521+00:00,vast.ai,marketplace,RTX 5080,0.32092592592592595,1,15.92,45.882361714,142.969361714,30.2,3211.5,"Minnesota, US",0.997281,50441921
2026-10-03T11:17:34.216521+00:00,vast.ai,marketplace,RTX 5070 Ti,0.3213888888888889,1,15.92,77.917361714,242.440361714,29.08,360.0,"Latvia, LV",0.9869847,53471395
2026-10-03T11:17:34.216521+00:00,vast.ai,marketplace,L4,0.3232407407407408,1,22.49,25.306361714,78.29136171399999,25.12,125.57606995795014,"Utah, US",0.9950848,49883396
2026-10-03T11:17:34.216521+00:00,vast.ai,marketplace,L4,0.33425925925925926,1,22.49,25.299361714,75.688361714,62.75,469.0,"Czechia, CZ",0.9965938,35835963
2026-10-03T11:17:34.216521+00:00,vast.ai,marketplace,L4,0.3347222222222222,1,22.49,25.807361714,77.102361714,100.75,495.40000000000003,"Ireland, IE",0.9976761,24134627
2026-10-03T11:17:34.216521+00:00,vast.ai,marketplace,L4,0.3347222222222222,1,22.49,25.314361714,75.628361714,47.14,253.0,"Czechia, CZ",0.9977232,49498409
2026-10-03T11:17:34.216521+00:00,vast.ai,marketplace,Tesla V100,0.3347222222222222,1,32.0,25.713361714,76.819361714,94.32,1542.75,"Minnesota, US",0.9990161,38405402
2026-10-03T11:17:34.216521+00:00,vast.ai,marketplace,RTX 5080,0.3347222222222222,1,15.92,83.739361714,250.176361714,62.45,774.5,"Ontario, CA",0.9944553,45426378
2026-10-03T11:17:34.216521+00:00,vast.ai,marketplace,RTX 5080,0.3347222222222222,1,15.92,83.896361714,250.646361714,30.17,612.5,"Czechia, CZ",0.9773858,53568659
2026-10-03T11:17:34.216521+00:00,vast.ai,marketplace,RTX 5080,0.3347222222222222,1,15.92,83.763361714,250.249361714,31.28,738.0,"Taiwan, TW",0.9978999,43993925
2026-10-03T11:17:34.216521+00:00,vast.ai,marketplace,RTX 5060,0.3347222222222222,1,7.96,28.241361714,84.37436171399999,125.68,3167.0,"Minnesota, US",0.995637,53750493
2026-10-03T11:17:34.216521+00:00,vast.ai,marketplace,RTX 3090,0.3348148148148148,1,24.0,44.841361714,133.929361714,167.84,850.5333333333335,"Slovakia, SK",0.9938549,52249106
2026-10-03T11:17:34.216521+00:00,vast.ai,marketplace,RTX 3090,0.33564814814814814,1,24.0,44.371361714,132.195361714,27.47,690.25,"Quebec, CA",0.9953039,49316121
2026-10-03T11:17:34.216521+00:00,vast.ai,marketplace,RTX PRO 4000,0.33564814814814814,1,23.89,65.70436171399999,195.753361714,62.88,626.3795330620309,"Norway, NO",0.9965983,50472000
2026-10-03T11:17:34.216521+00:00,vast.ai,marketplace,RTX 5060 Ti,0.33564814814814814,1,15.93,38.410361714,114.435361714,41.92,184.81679498507583,"Texas, US",0.996274,50294995
2026-10-03T11:17:34.216521+00:00,vast.ai,marketplace,RTX 4070S Ti,0.3361111111111111,1,15.99,51.484361714,153.177361714,31.35,1670.85,"Texas, US",0.9915702,53636055
2026-10-03T11:17:34.216521+00:00,vast.ai,marketplace,RTX 3090,0.3365740740740741,1,24.0,37.180361714,110.468361714,31.33,686.0,"Thailand, TH",0.9952544,51927638
2026-10-03T11:17:34.216521+00:00,vast.ai,marketplace,RTX 3090,0.3365740740740741,1,24.0,43.676361714,129.767361714,31.33,211.5,"Thailand, TH",0.9880759,50130170
2026-10-03T11:17:34.216521+00:00,vast.ai,marketplace,RTX 4090,0.34027777777777773,1,23.99,65.96336171399999,193.851361714,23.51,129.5,"Japan, JP",0.9632477,54002058
2026-10-03T11:17:34.216521+00:00,vast.ai,marketplace,RTX 4090,0.34027777777777773,1,23.99,92.75536171399999,272.587361714,31.32,257.0,"Japan, JP",0.9791714,53964655
2026-10-03T11:17:34.216521+00:00,vast.ai,marketplace,RTX 5080,0.34027777777777773,1,15.92,83.884361714,246.517361714,30.17,571.0,"Florida, US",0.9965054,45305432
2026-10-03T11:17:34.216521+00:00,vast.ai,marketplace,RTX 4090,0.3413888888888889,1,23.99,97.31436171399999,285.055361714,46.99,1435.8,"Romania, RO",0.996451,53375478
2026-10-03T11:17:34.216521+00:00,vast.ai,marketplace,RTX 5070 Ti,0.3427222222222222,1,15.92,73.908361714,215.65136171400002,31.35,549.0,"Japan, JP",0.9892463,50289923
2026-10-03T11:17:34.216521+00:00,vast.ai,marketplace,RTX 5080,0.34441481481481484,1,15.92,83.784361714,243.266361714,62.38,1378.0,"India, IN",0.9949279,53875718
2026-10-03T11:17:34.216521+00:00,vast.ai,marketplace,RTX 3090,0.34685185185185186,1,24.0,44.597361714,128.578361714,62.72,719.9,"Sweden, SE",0.9907345,53583496
2026-10-03T11:17:34.216521+00:00,vast.ai,marketplace,RTX 5080,0.34805555555555556,1,15.92,83.96636171399999,241.243361714,62.83,399.0,"Latvia, LV",0.9505613,53683119
2026-10-03T11:17:34.216521+00:00,vast.ai,marketplace,RTX 4090,0.34805688888888886,1,23.99,97.247361714,279.401361714,27.38,1600.0,"South Africa, ZA",0.9915324,52481324
2026-10-03T11:17:34.216521+00:00,vast.ai,marketplace,RTX 5080,0.3485185185185185,1,15.92,83.81536171399999,240.49136171400002,62.65,682.8,"Ontario, CA",0.990613,51232338
2026-10-03T11:17:34.216521+00:00,vast.ai,marketplace,RTX 3090,0.34990740740740744,1,24.0,44.841361714,128.152361714,41.97,121.75,"Spain, ES",0.9980637,37930669
2026-10-03T11:17:34.216521+00:00,vast.ai,marketplace,RTX 3090,0.34990740740740744,1,24.0,44.344361714,126.733361714,62.96,262.0,"Spain, ES",0.9990554,43543261
2026-10-03T11:17:34.216521+00:00,vast.ai,marketplace,RTX 4090,0.3613888888888889,1,23.99,96.95736171399999,268.289361714,31.23,6.0,"Texas, US",0.9946004,53919837
2026-10-03T11:17:34.216521+00:00,vast.ai,marketplace,RTX 4090,0.3617592592592593,1,23.99,97.75236171399999,270.21336171400003,62.88,542.3452457398705,"The Netherlands, NL",0.9698574,48593992
2026-10-03T11:17:34.216521+00:00,vast.ai,marketplace,RTX 3090 Ti,0.3632407407407408,1,23.99,46.191361714,127.165361714,62.89,639.75,"Thailand, TH",0.9943367,53963210
2026-10-03T11:17:34.216521+00:00,vast.ai,marketplace,RTX 4090,0.3660185185185186,1,23.99,98.48536171399999,269.072361714,31.46,178.0,"United States, US",0.9985845,41130302
2026-10-03T11:17:34.216521+00:00,vast.ai,marketplace,RTX 4090,0.3742592592592593,1,23.99,97.19836171399999,259.709361714,31.41,349.075,"Japan, JP",0.996104,53581250
2026-10-03T11:17:34.216521+00:00,vast.ai,marketplace,RTX 5080,0.37785185185185177,1,15.92,83.74336171399999,221.629361714,30.21,724.5,"Spain, ES",0.9653529,52934371
2026-10-03T11:17:34.216521+00:00,vast.ai,marketplace,RTX PRO 4000,0.37885185185185183,1,23.89,65.70436171399999,173.43036171400001,62.88,738.5,"Slovakia, SK",0.9974348,45623849
2026-10-03T11:17:34.216521+00:00,vast.ai,marketplace,RTX 4500Ada,0.38805555555555554,1,23.99,40.580361714,104.57336171399999,23.34,115.69999999999999,"France, FR",0.990556,51136776
2026-10-03T11:17:34.216521+00:00,vast.ai,marketplace,RTX 4090,0.38805555555555554,1,23.99,97.04736171399999,250.087361714,71.98,118.42857142857142,"Malaysia, MY",0.9947339,43681489
2026-10-03T11:17:34.216521+00:00,vast.ai,marketplace,RTX 4090,0.38805555555555554,1,23.99,97.191361714,250.458361714,31.34,753.0,"Romania, RO",0.9856461,45413958
2026-10-03T11:17:34.216521+00:00,vast.ai,marketplace,RTX 5080,0.38805555555555554,1,15.92,83.74336171399999,215.802361714,47.14,772.0,"Czechia, CZ",0.9281743,53060400
2026-10-03T11:17:34.216521+00:00,vast.ai,marketplace,RTX PRO 4000,0.3885185185185185,1,23.89,65.71636171399999,169.14536171400002,62.88,1418.4693791854804,"Indiana, US",0.9924288,53804950
2026-10-03T11:17:34.216521+00:00,vast.ai,marketplace,RTX 4090,0.3889814814814815,1,23.99,97.554361714,250.793361714,125.88,2365.225,"Sweden, SE",0.993026,53647388
2026-10-03T11:17:34.216521+00:00,vast.ai,marketplace,RTX 4090,0.3912962962962963,1,23.99,48.778361714,124.659361714,62.89,712.654998549696,"Michigan, US",0.9947473,34176459
2026-10-03T11:17:34.216521+00:00,vast.ai,marketplace,RTX A6000,0.39518518518518514,1,47.99,54.467361714,137.827361714,62.83,1496.5,"Vietnam, VN",0.9620835,53627382
2026-10-03T11:17:34.216521+00:00,vast.ai,marketplace,RTX 3090,0.3987222222222222,1,24.0,44.609361714,111.881361714,125.65,1602.0,"Quebec, CA",0.9952492,53295594
2026-10-03T11:17:34.216521+00:00,vast.ai,marketplace,RTX A2000,0.40064814814814814,1,5.99,8.572361714,21.396361714,251.52,6449.0,"British Columbia, CA",0.9852452,53955824
2026-10-03T11:17:34.216521+00:00,vast.ai,marketplace,RTX 4090,0.40064814814814814,1,23.99,45.201361714,112.819361714,167.92,815.3333333333333,"Denmark, DK",0.995027,13605349
2026-10-03T11:17:34.216521+00:00,vast.ai,marketplace,RTX 3090,0.40074074074074073,1,24.0,44.368361714,110.71636171399999,62.88,1876.525,"Ohio, US",0.9952806,53860073
2026-10-03T11:17:34.216521+00:00,vast.ai,marketplace,RTX 4090,0.4009258485925926,1,23.99,97.56836171399999,243.357361714,62.88,746.5,"California, US",0.9919157,49264961
2026-10-03T11:17:34.216521+00:00,vast.ai,marketplace,RTX A6000,0.40138888888888885,1,47.99,24.922361714,62.091361714,62.97,130.37358870693998,"Kansas, US",0.9901798,21004761
2026-10-03T11:17:34.216521+00:00,vast.ai,marketplace,RTX 4090,0.40138888888888885,1,23.99,92.11636171399999,229.494361714,30.97,696.9,"Türkiye, TR",0.9980933,25277878
2026-10-03T11:17:34.216521+00:00,vast.ai,marketplace,RTX 4090,0.40138888888888885,1,23.99,97.399361714,242.655361714,47.14,336.5,"France, FR",0.9745614,43574920
2026-10-03T11:17:34.216521+00:00,vast.ai,marketplace,RTX 4090,0.40138888888888885,1,23.99,96.775361714,241.100361714,31.26,227.0,"Indiana, US",0.9973708,48301711
2026-10-03T11:17:34.216521+00:00,vast.ai,marketplace,RTX 3090,0.4018518518518518,1,24.0,44.362361714,110.394361714,41.88,806.0,"Florida, US",0.9960868,50788267
2026-10-03T11:17:34.216521+00:00,vast.ai,marketplace,RTX A6000,0.4018518518518518,1,47.99,54.469361714,135.547361714,62.88,742.425,"India, IN",0.9893021,53374935
2026-10-03T11:17:34.216521+00:00,vast.ai,marketplace,A100 SXM4,0.4018518518518518,1,40.0,95.34736171399999,237.271361714,39.34,682.0,"California, US",0.9737659,53396356
2026-10-03T11:17:34.216521+00:00,vast.ai,marketplace,A100 SXM4,0.4018518518518518,1,40.0,95.554361714,237.785361714,31.46,539.8032491988388,"California, US",0.9848571,52380872
2026-10-03T11:17:34.216521+00:00,vast.ai,marketplace,RTX A6000,0.4023148148148148,1,47.99,54.467361714,135.385361714,47.23,84.59074344764215,"Romania, RO",0.9947076,51100871
2026-10-03T11:17:34.216521+00:00,vast.ai,marketplace,RTX A6000,0.4023148148148148,1,47.99,54.462361714000004,135.373361714,47.23,56.875,"Romania, RO",0.981048,31805856
2026-10-03T11:17:34.216521+00:00,vast.ai,marketplace,RTX 4080S,0.4023148148148148,1,15.99,55.641361714,138.302361714,83.84,405.0,"Norway, NO",0.9962665,10764193
2026-10-03T11:17:34.216521+00:00,vast.ai,marketplace,RTX 3090,0.40277777777777773,1,24.0,45.086361714,111.938361714,62.71,1535.4,"Texas, US",0.9480848,53635966
2026-10-03T11:17:34.216521+00:00,vast.ai,marketplace,RTX 3090,0.40277777777777773,1,24.0,44.845361714,111.34136171399999,30.46,1364.0,"Texas, US",0.9967342,53387560
2026-10-03T11:17:34.216521+00:00,vast.ai,marketplace,RTX 3090,0.40277777777777773,1,24.0,44.369361714,110.159361714,62.62,1535.4,"Texas, US",0.947541,53635946
2026-10-03T11:17:34.216521+00:00,vast.ai,marketplace,A100 PCIE,0.40277777777777773,1,40.0,95.24036171399999,236.458361714,94.29,496.125,"California, US",0.9912265,51163394
2026-10-03T11:17:34.216521+00:00,vast.ai,marketplace,RTX 4090,0.4031481481481481,1,23.99,97.054361714,240.742361714,39.26,752.25,"Estonia, EE",0.9952639,34926590
2026-10-03T11:17:34.216521+00:00,vast.ai,marketplace,RTX 5090,0.4060185185185185,1,31.84,199.027361714,490.192361714,62.88,704.5,"California, US",0.990464,52224285
2026-10-03T11:17:34.216521+00:00,vast.ai,marketplace,RTX 5090,0.4060185185185185,1,31.84,174.56836171400002,429.953361714,31.46,127.375,"United States, US",0.9963925,46753302
2026-10-03T11:17:34.216521+00:00,vast.ai,marketplace,RTX 5090,0.40805555555555556,1,31.84,197.632361714,484.32636171400003,83.92,798.6666666666666,"Romania, RO",0.9779442,53356764
2026-10-03T11:17:34.216521+00:00,vast.ai,marketplace,RTX 4090,0.41456481481481483,1,47.99,125.281361714,302.199361714,94.46,423.8985826902095,"Japan, JP",0.9971695,45473509
2026-10-03T11:17:34.216521+00:00,vast.ai,marketplace,RTX 4090,0.4147222222222222,1,23.99,50.189361714,121.02036171399999,62.96,699.1647665310154,"Oregon, US",0.9965748,53960902
2026-10-03T11:17:34.216521+00:00,vast.ai,marketplace,RTX 4090,0.4147222222222222,1,23.99,98.39536171399999,237.257361714,31.32,745.5,"South Korea, KR",0.9975801,45660816
2026-10-03T11:17:34.216521+00:00,vast.ai,marketplace,RTX 5000Ada,0.42759259259259264,1,31.99,64.191361714,150.123361714,62.85,1625.8,"Minnesota, US",0.9869431,51357842
2026-10-03T11:17:34.216521+00:00,vast.ai,marketplace,RTX 4090,0.4280555555555556,1,23.99,87.70536171399999,204.893361714,47.06,623.5,"Australia, AU",0.960645,53761549
2026-10-03T11:17:34.216521+00:00,vast.ai,marketplace,RTX 4090,0.42924814814814816,1,23.99,59.691361714,139.060361714,23.44,332.5,"Romania, RO",0.8715529,53548144
2026-10-03T11:17:34.216521+00:00,vast.ai,marketplace,RTX 4090,0.42944444444444446,1,23.99,97.019361714,225.91936171400002,62.78,411.0,"Arizona, US",0.99314,53299201
2026-10-03T11:17:34.216521+00:00,vast.ai,marketplace,RTX 5070 Ti,0.43787384325925927,1,15.92,75.778361714,173.059361714,31.41,799.675,"California, US",0.9737608,52442706
2026-10-03T11:17:34.216521+00:00,vast.ai,marketplace,RTX 3080,0.43872222222222224,1,10.0,27.102361714,61.776361714000004,251.65,704.0,"Thailand, TH",0.990523,35971321
2026-10-03T11:17:34.216521+00:00,vast.ai,marketplace,RTX 4090,0.43877777777777777,1,23.99,97.45536171399999,222.107361714,125.96,1219.6304386969973,"Italy, IT",0.9961827,49274455
2026-10-03T11:17:34.216521+00:00,vast.ai,marketplace,RTX 4090,0.44092592592592594,1,23.99,98.52036171399999,223.439361714,75.52,308.1,"Taiwan, TW",0.937576,50113446
2026-10-03T11:17:34.216521+00:00,vast.ai,marketplace,RTX 4090,0.4413888888888889,1,23.99,97.418361714,220.709361714,30.22,645.5,"Japan, JP",0.9951239,48857502
2026-10-03T11:17:34.216521+00:00,vast.ai,marketplace,RTX 4090,0.4413888888888889,1,23.99,97.051361714,219.87736171400002,62.82,635.5,"Texas, US",0.9932629,52246889
2026-10-03T11:17:34.216521+00:00,vast.ai,marketplace,RTX 4090,0.4413888888888889,1,23.99,96.893361714,219.519361714,31.34,800.5,"Brazil, BR",0.9738643,53860863
2026-10-03T11:17:34.216521+00:00,vast.ai,marketplace,RTX 4090,0.4423148148148148,1,23.99,97.04736171399999,219.408361714,62.67,1555.8,"Pennsylvania, US",0.9765317,52532475
2026-10-03T11:17:34.216521+00:00,vast.ai,marketplace,RTX 4090,0.44543290474709596,1,23.99,97.759361714,219.470361714,93.94,722.0,"Sweden, SE",0.9909344,49028152
2026-10-03T11:17:34.216521+00:00,vast.ai,marketplace,RTX 4090,0.44855162252252356,1,23.99,97.745361714,217.912361714,41.93,1047.2865684377539,"Sweden, SE",0.9537473,53581243
2026-10-03T11:17:34.216521+00:00,vast.ai,marketplace,RTX 4090,0.4542592592592593,1,23.99,98.430361714,216.683361714,125.96,1313.5625,"Pennsylvania, US",0.9983644,53620642
2026-10-03T11:17:34.216521+00:00,vast.ai,marketplace,RTX 4090,0.45449074074074075,1,23.99,97.012361714,213.45436171400002,62.71,3325.0,"New Jersey, US",0.9951504,47733837
2026-10-03T11:17:34.216521+00:00,vast.ai,marketplace,RTX 4090,0.45472222222222225,1,23.99,96.936361714,213.176361714,62.81,657.45,"Michigan, US",0.998757,37843807
2026-10-03T11:17:34.216521+00:00,vast.ai,marketplace,RTX 4090,0.4551851851851852,1,23.99,98.46436171399999,216.31836171400002,62.94,275.25,"Quebec, CA",0.9643535,26435142
2026-10-03T11:17:34.216521+00:00,vast.ai,marketplace,RTX 4090,0.4551851851851852,1,23.99,98.250361714,215.84736171400002,59.0,622.625,"Quebec, CA",0.9947421,29761284
2026-10-03T11:17:34.216521+00:00,vast.ai,marketplace,RTX 4090,0.4551851851851852,1,23.99,97.549361714,214.307361714,31.4,341.5,"Norway, NO",0.9991034,53475841
2026-10-03T11:17:34.216521+00:00,vast.ai,marketplace,RTX 4090,0.4551851851851852,1,23.99,96.908361714,212.898361714,62.88,376.0,"Norway, NO",0.9979855,53476230
2026-10-03T11:17:34.216521+00:00,vast.ai,marketplace,RTX 4090,0.4551851851851852,1,23.99,96.86636171399999,212.80536171400001,35.93,207.85714285714283,"Norway, NO",0.991857,53844996
2026-10-03T11:17:34.216521+00:00,vast.ai,marketplace,RTX 4090,0.4551851851851852,1,23.99,95.45736171399999,209.71136171400002,78.45,1639.1,"Norway, NO",0.9970325,53476129
2026-10-03T11:17:34.216521+00:00,vast.ai,marketplace,RTX 4090,0.4551851851851852,1,23.99,96.69836171399999,212.43636171400001,35.93,192.55714285714285,"Norway, NO",0.9906743,53844982
2026-10-03T11:17:34.216521+00:00,vast.ai,marketplace,RTX 4090,0.45611111111111113,1,23.99,97.040361714,212.757361714,62.73,602.0,"Chile, CL",0.9980493,53903642
2026-10-03T11:17:34.216521+00:00,vast.ai,marketplace,RTX 4090,0.4570370370370371,1,23.99,30.637361714,67.036361714,47.21,174.625,"Beijing, CN",0.9936641,51996799
2026-10-03T11:17:34.216521+00:00,vast.ai,marketplace,L40,0.46759259259259256,1,44.99,93.21636171399999,199.35336171400002,70.66,49.597894496475504,"New York, US",0.9919722,51528885
2026-10-03T11:17:34.216521+00:00,vast.ai,marketplace,RTX 3090,0.4678703703703703,1,24.0,44.348361714,94.78836171399999,62.83,658.0,"Sweden, SE",0.9937832,53242280
2026-10-03T11:17:34.216521+00:00,vast.ai,marketplace,RTX A6000,0.4680555555555555,1,47.99,54.469361714,116.37436171399999,54.95,328.5,"Texas, US",0.9974821,47317467
2026-10-03T11:17:34.216521+00:00,vast.ai,marketplace,RTX 4090,0.4680555555555555,1,23.99,97.019361714,207.28236171400002,83.97,148.91666666666666,"Texas, US",0.9947101,44533579
2026-10-03T11:17:34.216521+00:00,vast.ai,marketplace,RTX 5090,0.4680555555555555,1,31.84,198.855361714,424.854361714,60.42,1145.0,"Illinois, US",0.9672381,53701309
2026-10-03T11:17:34.216521+00:00,vast.ai,marketplace,RTX 5090,0.46851851851851845,1,31.84,171.613361714,366.289361714,103.81,789.0,"United Arab Emirates, AE",0.9847216,52575225
2026-10-03T11:17:34.216521+00:00,vast.ai,marketplace,CMP 170HX,0.46851851851851845,1,64.0,73.52036171399999,156.920361714,143.95,398.71428571428567,"Hungary, HU",0.9852607,52388437
2026-10-03T11:17:34.216521+00:00,vast.ai,marketplace,CMP 170HX,0.46851851851851845,1,64.0,82.36236171399999,175.79436171400002,62.69,272.0,"Portugal, PT",0.9604394,52991400
2026-10-03T11:17:34.216521+00:00,vast.ai,marketplace,RTX 4090,0.46898148148148144,1,23.99,97.00536171399999,206.843361714,23.48,709.0,"Denmark, DK",0.9931425,50300637
2026-10-03T11:17:34.216521+00:00,vast.ai,marketplace,RTX 5090,0.46898148148148144,1,31.84,198.921361714,424.156361714,30.47,540.0,"South Korea, KR",0.9987334,44173745
2026-10-03T11:17:34.216521+00:00,vast.ai,marketplace,RTX 5090,0.46898148148148144,1,31.84,199.476361714,425.339361714,30.47,319.0,"South Korea, KR",0.9973476,48961293
2026-10-03T11:17:34.216521+00:00,vast.ai,marketplace,RTX 5090,0.46898148148148144,1,31.84,199.344361714,425.057361714,30.47,230.0,"South Korea, KR",0.9985942,44173782
2026-10-03T11:17:34.216521+00:00,vast.ai,marketplace,RTX 5090,0.46898148148148144,1,31.84,194.293361714,414.288361714,30.47,16.0,"South Korea, KR",0.9980582,43982799
2026-10-03T11:17:34.216521+00:00,vast.ai,marketplace,RTX 5090,0.46898148148148144,1,31.84,194.242361714,414.178361714,30.47,621.0,"South Korea, KR",0.9944953,49024410
2026-10-03T11:17:34.216521+00:00,vast.ai,marketplace,RTX 5090,0.46898148148148144,1,31.84,193.988361714,413.638361714,30.47,432.0,"South Korea, KR",0.9964973,48989539
2026-10-03T11:17:34.216521+00:00,vast.ai,marketplace,RTX 5090,0.4694444444444444,1,31.84,181.162361714,385.907361714,62.96,328.625,"California, US",0.9932727,51325614
2026-10-03T11:17:34.216521+00:00,vast.ai,marketplace,RTX 5090,0.4694444444444444,1,31.84,199.08636171400002,424.089361714,31.29,138.0,"Taiwan, TW",0.9750108,53502758
2026-10-03T11:17:34.216521+00:00,vast.ai,marketplace,A100 SXM4,0.4699074074074074,1,40.0,90.983361714,193.620361714,78.71,214.28391625992134,"California, US",0.980643,53118164
2026-10-03T11:17:34.216521+00:00,vast.ai,marketplace,A100 SXM4,0.4699074074074074,1,40.0,90.777361714,193.182361714,78.71,262.625,"California, US",0.9844745,52325106
2026-10-03T11:17:34.216521+00:00,vast.ai,marketplace,RTX 4090,0.47013888888888883,1,23.99,97.033361714,206.394361714,62.71,316.0,"Poland, PL",0.9940432,45843293
2026-10-03T11:17:34.216521+00:00,vast.ai,marketplace,RTX 4090,0.4703703703703703,1,47.99,125.65136171399999,267.132361714,62.94,234.36250000000004,"California, US",0.9955524,48882881
2026-10-03T11:17:34.216521+00:00,vast.ai,marketplace,RTX 4090,0.47083333333333327,1,23.99,97.19836171399999,206.439361714,125.92,426.0,"Spain, ES",0.9989343,36368079
2026-10-03T11:17:34.216521+00:00,vast.ai,marketplace,RTX 5090,0.4769259259259259,1,31.84,65.99636171399999,138.379361714,125.66,87.0,"Texas, US",0.9682184,52183062
2026-10-03T11:17:34.216521+00:00,vast.ai,marketplace,RTX 5090,0.47738888888888886,1,31.84,65.98436171399999,138.219361714,125.59,246.0,"Texas, US",0.9610067,53625733
2026-10-03T11:17:34.216521+00:00,vast.ai,marketplace,A100 SXM4,0.480925925925926,1,40.0,69.70836171399999,144.946361714,31.34,620.0,"New York, US",0.9911175,50943246
2026-10-03T11:17:34.216521+00:00,vast.ai,marketplace,RTX 5090,0.480925925925926,1,31.84,89.70736171399999,186.531361714,62.96,260.275,"Taiwan, TW",0.9944883,53624654
2026-10-03T11:17:34.216521+00:00,vast.ai,marketplace,RTX 5090,0.4813888888888889,1,31.84,199.916361714,415.290361714,47.07,1492.0,"Vietnam, VN",0.9714269,53307682
2026-10-03T11:17:34.216521+00:00,vast.ai,marketplace,RTX 5090,0.4813888888888889,1,31.84,199.046361714,413.484361714,62.83,447.0,"Vietnam, VN",0.9525545,49352825
2026-10-03T11:17:34.216521+00:00,vast.ai,marketplace,RTX A6000,0.481712962962963,1,47.99,54.467361714,113.07036171399999,188.97,329.6311681251883,"Virginia, US",0.9990146,54004288
2026-10-03T11:17:34.216521+00:00,vast.ai,marketplace,RTX 5090,0.48185185185185186,1,31.84,199.165361714,413.334361714,62.82,1436.5,"Vietnam, VN",0.9962568,38432119
2026-10-03T11:17:34.216521+00:00,vast.ai,marketplace,RTX 5080,0.4822592592592593,1,15.92,80.74036171399999,167.420361714,125.0,2724.3,"The Netherlands, NL",0.9523727,53540868
2026-10-03T11:17:34.216521+00:00,vast.ai,marketplace,RTX 3090,0.48885688888888884,1,24.0,44.891361714,91.82936171399999,31.18,572.0,"Oklahoma, US",0.9735915,51065387
2026-10-03T11:17:34.216521+00:00,vast.ai,marketplace,RTX 4090,0.4947222222222222,1,23.99,96.28536171399999,194.624361714,30.92,1613.8,"United Kingdom, GB",0.9906181,49418051
2026-10-03T11:17:34.216521+00:00,vast.ai,marketplace,RTX 4090,0.4947222222222222,1,23.99,97.02636171399999,196.123361714,62.66,529.0,"Nevada, US",0.9977052,53251387
2026-10-03T11:17:34.216521+00:00,vast.ai,marketplace,RTX 4090,0.4947222222222222,1,23.99,97.054361714,196.18036171400001,62.66,1402.0,"Nevada, US",0.9952562,53014776
2026-10-03T11:17:34.216521+00:00,vast.ai,marketplace,RTX 5090,0.497037037037037,1,31.84,198.06136171400001,398.485361714,71.96,423.73757938121827,"Estonia, EE",0.9767335,50793288
2026-10-03T11:17:34.216521+00:00,vast.ai,marketplace,RTX 5090,0.497037037037037,1,31.84,198.10936171400002,398.580361714,71.96,660.9750668153432,"Estonia, EE",0.97386,40819919
2026-10-03T11:17:34.216521+00:00,vast.ai,marketplace,RTX 6000Ada,0.49872222222222223,1,47.99,113.132361714,226.844361714,83.93,35.5,"Japan, JP",0.9991393,25318165
2026-10-03T11:17:34.216521+00:00,vast.ai,marketplace,RTX 5080,0.5046296296296297,1,15.92,83.515361714,165.49736171400002,93.92,172.0,"New Jersey, US",0.9772369,52467374
2026-10-03T11:17:34.216521+00:00,vast.ai,marketplace,RTX 4090,0.5080555555555555,1,23.99,97.040361714,191.004361714,62.71,1377.0,"Nevada, US",0.9912138,53070139
2026-10-03T11:17:34.216521+00:00,vast.ai,marketplace,RTX 4090,0.5080555555555555,1,23.99,97.18436171399999,191.287361714,31.16,3249.9,"Nevada, US",0.9699504,50607409
2026-10-03T11:17:34.216521+00:00,vast.ai,marketplace,RTX 4090,0.5080555555555555,1,23.99,97.355361714,191.624361714,47.02,1428.0,"Taiwan, TW",0.9992344,53492552
2026-10-03T11:17:34.216521+00:00,vast.ai,marketplace,RTX 5090,0.5094444444444444,1,31.84,193.530361714,379.88636171400003,46.99,255.0,"Taiwan, TW",0.9791163,52228326
2026-10-03T11:17:34.216521+00:00,vast.ai,marketplace,RTX 5090,0.5103703703703703,1,31.84,199.215361714,390.335361714,71.96,359.79999999999995,"Estonia, EE",0.9814029,45454829
2026-10-03T11:17:34.216521+00:00,vast.ai,marketplace,RTX 4090,0.5135925925925925,1,23.99,95.816361714,186.56236171400002,31.34,188.0,"Taiwan, TW",0.9975518,53334700
2026-10-03T11:17:34.216521+00:00,vast.ai,marketplace,RTX 4090,0.5213888888888889,1,23.99,97.012361714,186.066361714,62.68,2944.0,"Nevada, US",0.9969285,53061818
2026-10-03T11:17:34.216521+00:00,vast.ai,marketplace,RTX 4090,0.5241111111111111,1,23.99,98.575361714,188.081361714,62.88,750.925,"Texas, US",0.9974273,46126404
2026-10-03T11:17:34.216521+00:00,vast.ai,marketplace,A100 SXM4,0.5249259259259258,1,40.0,95.21136171399999,181.380361714,125.75,88.75708595882253,"United Kingdom, GB",0.9762043,38565866
2026-10-03T11:17:34.216521+00:00,vast.ai,marketplace,A100 PCIE,0.5342592592592592,1,40.0,95.397361714,178.560361714,62.96,228.8440770132783,"California, US",0.991817,50954798
2026-10-03T11:17:34.216521+00:00,vast.ai,marketplace,RTX 4090,0.5344444444444444,1,23.99,97.40436171399999,182.254361714,125.59,1254.0,"Virginia, US",0.9968529,49588631
2026-10-03T11:17:34.216521+00:00,vast.ai,marketplace,RTX 5080,0.5344444444444444,1,15.92,83.79736171399999,156.793361714,62.35,3297.4,"Washington, US",0.9708618,53656665
2026-10-03T11:17:34.216521+00:00,vast.ai,marketplace,RTX 4090,0.5347222222222222,1,23.99,97.033361714,181.465361714,31.28,615.0,"Taiwan, TW",0.9954481,53492622
2026-10-03T11:17:34.216521+00:00,vast.ai,marketplace,RTX 4090,0.5347222222222222,1,23.99,97.397361714,182.146361714,50.3,995.8000000000001,"Ukraine, UA",0.9960714,48192781
2026-10-03T11:17:34.216521+00:00,vast.ai,marketplace,RTX 5090,0.5347222222222222,1,31.84,198.439361714,371.10736171400004,62.94,580.125,"Taiwan, TW",0.9961423,48851731
2026-10-03T11:17:34.216521+00:00,vast.ai,marketplace,CMP 170HX,0.5351851851851852,1,40.0,69.260361714,129.414361714,39.28,172.10000000000002,"Hungary, HU",0.9886164,53907680
2026-10-03T11:17:34.216521+00:00,vast.ai,marketplace,RTX 4090,0.5351851851851852,1,23.99,50.429361714,94.227361714,62.94,113.26249999999999,"Quebec, CA",0.969767,51840653
2026-10-03T11:17:34.216521+00:00,vast.ai,marketplace,RTX 5070 Ti,0.5351851851851852,1,15.92,75.96636171399999,141.944361714,251.91,686.375,"Texas, US",0.9991971,53317843
2026-10-03T11:17:34.216521+00:00,vast.ai,marketplace,RTX 5070 Ti,0.5351851851851852,1,15.92,75.629361714,141.315361714,251.91,1497.0,"Texas, US",0.9957347,53320341
2026-10-03T11:17:34.216521+00:00,vast.ai,marketplace,RTX 4090,0.5356481481481481,1,23.99,97.019361714,181.126361714,75.54,554.4747163684877,"Norway, NO",0.9993917,53588576
2026-10-03T11:17:34.216521+00:00,vast.ai,marketplace,RTX 4090,0.5356481481481481,1,23.99,98.52036171399999,183.927361714,503.83,2450.5,"Norway, NO",0.9968561,19367646
2026-10-03T11:17:34.216521+00:00,vast.ai,marketplace,RTX 4090,0.5356481481481481,1,23.99,97.212361714,181.486361714,45.71,706.5,"Texas, US",0.9939436,53387269
2026-10-03T11:17:34.216521+00:00,vast.ai,marketplace,RTX 5090,0.5356481481481481,1,31.84,199.08036171400002,371.661361714,30.47,641.0,"South Korea, KR",0.9973487,50466059
2026-10-03T11:17:34.216521+00:00,vast.ai,marketplace,RTX 5090,0.5356481481481481,1,31.84,199.040361714,371.587361714,30.47,372.0,"South Korea, KR",0.9988626,50466203
2026-10-03T11:17:34.216521+00:00,vast.ai,marketplace,RTX 5090,0.5356481481481481,1,31.84,194.057361714,362.28536171400003,30.47,542.0,"South Korea, KR",0.998981,50465588
2026-10-03T11:17:34.216521+00:00,vast.ai,marketplace,RTX 5090,0.5356481481481481,1,31.84,194.065361714,362.301361714,30.47,441.0,"South Korea, KR",0.9987692,52159510
2026-10-03T11:17:34.216521+00:00,vast.ai,marketplace,RTX 4090,0.5365740740740741,1,23.99,96.929361714,180.644361714,62.96,193.875,"Spain, ES",0.9990304,29301933
2026-10-03T11:17:34.216521+00:00,vast.ai,marketplace,RTX 6000Ada,0.537037037037037,1,47.99,113.180361714,210.749361714,117.9,501.0,"California, US",0.9979926,50163305
2026-10-03T11:17:34.216521+00:00,vast.ai,marketplace,RTX 4090,0.537962962962963,1,47.99,125.519361714,233.322361714,75.57,697.3000000000001,"California, US",0.9823345,47667756
2026-10-03T11:17:34.216521+00:00,vast.ai,marketplace,RTX 4090,0.537962962962963,1,47.99,125.64236171399999,233.551361714,62.97,615.8461538461539,"California, US",0.9925753,50701954
2026-10-03T11:17:34.216521+00:00,vast.ai,marketplace,RTX 5090,0.5398148148148149,1,31.84,154.82436171400002,286.810361714,46.0,604.0,"Sweden, SE",0.9902553,52293797
2026-10-03T11:17:34.216521+00:00,vast.ai,marketplace,RTX 4090,0.5480555555555555,1,23.99,98.561361714,179.838361714,62.63,318.5013338498193,"Switzerland, CH",0.9800946,53869506
2026-10-03T11:17:34.216521+00:00,vast.ai,marketplace,RTX 5090,0.5480555555555555,1,31.84,123.58336171399999,225.493361714,50.27,2422.1994139743338,"Denmark, DK",0.9868492,51929832
2026-10-03T11:17:34.216521+00:00,vast.ai,marketplace,RTX 5090,0.5499074074074074,1,31.84,199.245361714,362.324361714,62.9,520.75,"North Carolina, US",0.9877194,29717012
2026-10-03T11:17:34.216521+00:00,vast.ai,marketplace,A100 SXM4,0.5526851851851852,1,40.0,90.536361714,163.81236171400002,51.15,351.875,"United States, US",0.9935437,50213970
2026-10-03T11:17:34.216521+00:00,vast.ai,marketplace,RTX 5090,0.553611111111111,1,31.84,198.52636171400002,358.603361714,62.71,700.0,"Poland, PL",0.9892007,51466240
2026-10-03T11:17:34.216521+00:00,vast.ai,marketplace,RTX 5090,0.5600555555555555,1,31.84,198.881361714,355.111361714,62.57,1373.0,"Vietnam, VN",0.9854002,52391516
2026-10-03T11:17:34.216521+00:00,vast.ai,marketplace,RTX 4090,0.5613888888888889,1,23.99,96.998361714,172.783361714,55.97,700.1111111111111,"Bulgaria, BG",0.9953196,53362439
2026-10-03T11:17:34.216521+00:00,vast.ai,marketplace,RTX 4090,0.5613888888888889,1,23.99,97.02636171399999,172.833361714,31.44,1550.9,"Taiwan, TW",0.998929,45087816
2026-10-03T11:17:34.216521+00:00,vast.ai,marketplace,RTX 5090,0.5618518518518519,1,31.84,199.08536171400002,354.33836171400003,41.92,175.83333333333331,"Latvia, LV",0.9598753,51054445
2026-10-03T11:17:34.216521+00:00,vast.ai,marketplace,RTX 5090,0.5623148148148148,1,31.84,199.060361714,354.001361714,94.13,762.0,"South Korea, KR",0.9799703,52603292
2026-10-03T11:17:34.216521+00:00,vast.ai,marketplace,RTX 4090,0.5623161481481481,1,23.99,97.24036171399999,172.928361714,62.38,2555.7,"India, IN",0.9983553,48116846
2026-10-03T11:17:34.216521+00:00,vast.ai,marketplace,RTX 5090,0.5653888888888888,1,31.84,199.125361714,352.192361714,62.86,642.0,"Texas, US",0.9919785,51088701
2026-10-03T11:17:34.216521+00:00,vast.ai,marketplace,RTX 5090,0.5742592592592592,1,31.84,199.357361714,347.155361714,62.63,1333.2,"South Korea, KR",0.9975987,46055492
2026-10-03T11:17:34.216521+00:00,vast.ai,marketplace,RTX 5090,0.5765185185185185,1,31.84,190.471361714,330.381361714,78.28,3120.5,"Norway, NO",0.9968379,53475925
2026-10-03T11:17:34.216521+00:00,vast.ai,marketplace,RTX 5090,0.5773148148148148,1,31.84,102.090361714,176.837361714,71.91,827.8571428571428,"Sweden, SE",0.9977333,50259919
2026-10-03T11:17:34.216521+00:00,vast.ai,marketplace,RTX 5090,0.5775,1,31.84,198.11536171400002,343.056361714,163.73,998.8000000000001,"Estonia, EE",0.977754,50584162
2026-10-03T11:17:34.216521+00:00,vast.ai,marketplace,RTX 5090,0.5793888888888888,1,31.84,198.90136171400002,343.295361714,62.65,1509.8,"United Kingdom, GB",0.9874399,52634339
2026-10-03T11:17:34.216521+00:00,vast.ai,marketplace,A100 PCIE,0.5798703703703704,1,40.0,95.256361714,164.271361714,62.61,1478.0,"Missouri, US",0.9839592,52052335
2026-10-03T11:17:34.216521+00:00,vast.ai,marketplace,RTX 4080S,0.5813888888888888,1,31.99,70.96136171399999,122.054361714,125.77,1425.8,"Minnesota, US",0.9997584,53490446
2026-10-03T11:17:34.216521+00:00,vast.ai,marketplace,RTX 5090,0.6009259259259259,1,31.84,199.33036171400002,331.706361714,62.47,1375.0,"South Korea, KR",0.9873569,43791848
2026-10-03T11:17:34.216521+00:00,vast.ai,marketplace,RTX 5090,0.6009259259259259,1,31.84,199.238361714,331.552361714,62.63,1509.0,"South Korea, KR",0.9944079,46006894
2026-10-03T11:17:34.216521+00:00,vast.ai,marketplace,RTX PRO 5000,0.6009259259259259,1,47.79,165.653361714,275.663361714,91.97,676.0,"Singapore, SG",0.9585295,52753217
2026-10-03T11:17:34.216521+00:00,vast.ai,marketplace,A40,0.6013888888888889,1,44.99,44.048361714,73.245361714,125.55,3040.4,"United Kingdom, GB",0.9760283,52628046
2026-10-03T11:17:34.216521+00:00,vast.ai,marketplace,RTX 4090,0.6013888888888889,1,47.99,125.668361714,208.964361714,251.76,974.5,"United Kingdom, GB",0.997938,30055164
2026-10-03T11:17:34.216521+00:00,vast.ai,marketplace,RTX 4090,0.6013888888888889,1,23.99,96.98436171399999,161.268361714,251.91,759.475,"Norway, NO",0.9965216,53748557
2026-10-03T11:17:34.216521+00:00,vast.ai,marketplace,RTX 4090,0.6013888888888889,1,23.99,97.38336171399999,161.93136171400002,31.44,721.75,"Taiwan, TW",0.9951201,49035057
2026-10-03T11:17:34.216521+00:00,vast.ai,marketplace,RTX 5090,0.6013888888888889,1,31.84,199.793361714,332.219361714,31.27,558.0,"Ontario, CA",0.9801959,50023595
2026-10-03T11:17:34.216521+00:00,vast.ai,marketplace,RTX 5090,0.6013888888888889,1,31.84,167.19936171400002,278.022361714,31.34,725.5,"South Korea, KR",0.9901938,50734484
2026-10-03T11:17:34.216521+00:00,vast.ai,marketplace,RTX 5090,0.6013888888888889,1,31.84,198.379361714,329.86936171400004,62.93,573.75,"Michigan, US",0.9913996,50849759
2026-10-03T11:17:34.216521+00:00,vast.ai,marketplace,RTX 5090,0.6018518518518519,1,31.84,184.890361714,307.202361714,125.96,1416.575,"Nevada, US",0.9886315,52827180
2026-10-03T11:17:34.216521+00:00,vast.ai,marketplace,RTX 5090,0.6023148148148147,1,31.84,166.95536171400002,277.190361714,46.97,344.0,"Washington, US",0.989668,53637085
2026-10-03T11:17:34.216521+00:00,vast.ai,marketplace,RTX 5090,0.6023148148148147,1,31.84,199.218361714,330.755361714,62.17,1590.2,"Norway, NO",0.9830577,28231835
2026-10-03T11:17:34.216521+00:00,vast.ai,marketplace,RTX 4090,0.6046296296296296,1,47.99,125.44836171399999,207.480361714,52.47,512.9166666666666,"California, US",0.9964092,40232100
2026-10-03T11:17:34.216521+00:00,vast.ai,marketplace,A100 PCIE,0.6064814814814815,1,40.0,83.623361714,137.88336171400002,47.14,2932.3332000351934,"Estonia, EE",0.9392656,52618401
2026-10-03T11:17:34.216521+00:00,vast.ai,marketplace,GTX 1660 Ti,0.6069444444444444,1,6.0,2.458361714,4.050361714,7.7,679.4000000000026,"Vietnam, VN",0.9945853,33521707
2026-10-03T11:17:34.216521+00:00,vast.ai,marketplace,RTX 5090,0.6147222222222223,1,31.84,199.641361714,324.766361714,62.41,1240.0,"Argentina, AR",0.9977363,45397698
2026-10-03T11:17:34.216521+00:00,vast.ai,marketplace,RTX PRO 5000,0.6151851851851853,1,47.79,165.62236171400002,269.223361714,247.94,537.8091605840592,"India, IN",0.9907395,53758162
2026-10-03T11:17:34.216521+00:00,vast.ai,marketplace,RTX 6000Ada,0.6280555555555555,1,47.99,113.05636171399999,180.009361714,62.96,583.7592471353233,"Germany, DE",0.9975073,44922350
2026-10-03T11:17:34.216521+00:00,vast.ai,marketplace,RTX 5090,0.6285185185185185,1,31.84,198.677361714,316.103361714,125.96,497.875,"Utah, US",0.9730633,48248627
2026-10-03T11:17:34.216521+00:00,vast.ai,marketplace,RTX PRO 5000,0.6307222222222222,1,47.79,165.674361714,262.673361714,125.89,1574.625,"Alberta, CA",0.9667545,53473435
2026-10-03T11:17:34.216521+00:00,vast.ai,marketplace,RTX 5090,0.6307777777777778,1,31.84,198.148361714,314.134361714,500.96,2335.5,"Italy, IT",0.9958552,50894161
2026-10-03T11:17:34.216521+00:00,vast.ai,marketplace,RTX 5090,0.6409259259259259,1,31.84,199.844361714,311.806361714,125.88,812.0,"Latvia, LV",0.9544851,53646997
2026-10-03T11:17:34.216521+00:00,vast.ai,marketplace,RTX 5090,0.6413888888888889,1,31.84,199.93136171400002,311.716361714,503.53,3177.0,"France, FR",0.9956063,53904441
2026-10-03T11:17:34.216521+00:00,vast.ai,marketplace,RTX 5090,0.6413888888888889,1,31.84,198.111361714,308.879361714,251.84,1524.0,"Texas, US",0.9239853,53910980
2026-10-03T11:17:34.216521+00:00,vast.ai,marketplace,RTX 4090,0.6528240740740741,1,47.99,125.62436171399999,192.432361714,125.88,489.25,"British Columbia, CA",0.9974451,46211613
2026-10-03T11:17:34.216521+00:00,vast.ai,marketplace,RTX 5090,0.6547222222222222,1,31.84,199.37736171400002,304.521361714,60.41,1643.4,"Texas, US",0.9522435,53265549
2026-10-03T11:17:34.216521+00:00,vast.ai,marketplace,RTX 5090,0.6587777777777778,1,31.84,198.650361714,301.544361714,250.48,614.125,"Italy, IT",0.9979835,47343847
2026-10-03T11:17:34.216521+00:00,vast.ai,marketplace,RTX 5090,0.666537037037037,1,31.84,69.48236171399999,104.24336171399999,62.62,3105.0,"Texas, US",0.9954831,51178170
2026-10-03T11:17:34.216521+00:00,vast.ai,marketplace,A100 SXM4,0.6671296296296296,1,40.0,95.492361714,143.138361714,125.92,512.462481197442,"Quebec, CA",0.9988944,51838053
2026-10-03T11:17:34.216521+00:00,vast.ai,marketplace,RTX PRO 5000,0.6673148148148148,1,47.79,165.653361714,248.238361714,125.77,2799.1,"Czechia, CZ",0.9809637,53567986
2026-10-03T11:17:34.216521+00:00,vast.ai,marketplace,RTX 4090,0.6673611111111111,1,23.99,31.987361714,47.931361714,503.74,1350.107248271935,"Spain, ES",0.9995479,14143355
2026-10-03T11:17:34.216521+00:00,vast.ai,marketplace,RTX 4090,0.6677777777777777,1,23.99,97.561361714,146.09836171400002,167.85,1566.5153674513049,"Japan, JP",0.9986514,53456780
2026-10-03T11:17:34.216521+00:00,vast.ai,marketplace,RTX 3090,0.6680555555555555,1,24.0,44.366361714,66.41036171399999,31.28,163.0,"British Columbia, CA",0.9949155,19448806
2026-10-03T11:17:34.216521+00:00,vast.ai,marketplace,RTX 3080,0.6680555555555555,1,10.0,26.953361714,40.345361714,125.6,797.9,"Norway, NO",0.9840182,53931648
2026-10-03T11:17:34.216521+00:00,vast.ai,marketplace,RTX 6000Ada,0.6680555555555555,1,47.99,113.11336171399999,169.31736171400001,93.18,369.5,"Australia, AU",0.9993975,24311378
2026-10-03T11:17:34.216521+00:00,vast.ai,marketplace,RTX 5090,0.6680555555555555,1,31.84,198.18136171400002,296.654361714,62.89,478.5,"Pennsylvania, US",0.9972419,46831488
2026-10-03T11:17:34.216521+00:00,vast.ai,marketplace,RTX 5090,0.6680555555555555,1,31.84,198.47236171400002,297.089361714,251.91,1302.0,"United Kingdom, GB",0.9975245,48425032
2026-10-03T11:17:34.216521+00:00,vast.ai,marketplace,RTX PRO 5000,0.6680555555555555,1,47.79,165.767361714,248.13336171400002,68.33,1173.0,"California, US",0.9945864,49725392
2026-10-03T11:17:34.216521+00:00,vast.ai,marketplace,RTX 6000Ada,0.6683333333333333,1,47.99,113.09436171399999,169.218361714,62.77,282.0,"Japan, JP",0.9953346,40396208
2026-10-03T11:17:34.216521+00:00,vast.ai,marketplace,RTX 4090,0.6685185185185185,1,47.99,125.63336171399999,187.928361714,125.81,1953.0475533862468,"Texas, US",0.9976032,29451946
2026-10-03T11:17:34.216521+00:00,vast.ai,marketplace,RTX 4090,0.6685185185185185,1,47.99,125.64236171399999,187.941361714,94.39,1382.7803107071486,"Texas, US",0.9974418,42741674
2026-10-03T11:17:34.216521+00:00,vast.ai,marketplace,RTX PRO 5000,0.6685185185185185,1,47.79,165.777361714,247.977361714,188.42,1419.0,"Alberta, CA",0.9910446,50537119
2026-10-03T11:17:34.216521+00:00,vast.ai,marketplace,RTX 5880Ada,0.6689814814814814,1,47.99,106.872361714,159.753361714,125.96,592.518855675509,"United Kingdom, GB",0.9981184,44120926
2026-10-03T11:17:34.216521+00:00,vast.ai,marketplace,RTX 4090,0.6694444444444444,1,47.99,125.501361714,187.471361714,251.91,515.3170802920298,"Texas, US",0.9925162,46640478
2026-10-03T11:17:34.216521+00:00,vast.ai,marketplace,RTX 5090,0.6697527777777778,1,31.84,195.88336171400002,292.47036171400003,83.94,984.5833333333333,"Romania, RO",0.9938518,53709026
2026-10-03T11:17:34.216521+00:00,vast.ai,marketplace,A100 SXM4,0.6699074074074074,1,40.0,95.370361714,142.364361714,62.96,204.5,"Mississippi, US",0.9882216,51341862
2026-10-03T11:17:34.216521+00:00,vast.ai,marketplace,RTX 4090,0.6711851851851852,1,23.99,90.98836171399999,135.564361714,31.25,324.45,"Spain, ES",0.9939106,52945057
2026-10-03T11:17:34.216521+00:00,vast.ai,marketplace,RTX 5090,0.6712962962962963,1,31.84,199.027361714,296.481361714,55.96,1016.0,"California, US",0.996826,44070351
2026-10-03T11:17:34.216521+00:00,vast.ai,marketplace,GTX 1660,0.673611111111111,1,6.0,2.3163617139999997,3.438361714,7.71,669.4000000000026,"Vietnam, VN",0.9944155,33521216
2026-10-03T11:17:34.216521+00:00,vast.ai,marketplace,RTX 5090,0.6809259259259259,1,31.84,192.339361714,282.467361714,30.71,354.0,"Georgia, US",0.9790285,52803262
2026-10-03T11:17:34.216521+00:00,vast.ai,marketplace,RTX 4090,0.6813888888888889,1,47.99,125.63336171399999,184.378361714,94.22,2069.0,"California, US",0.9961834,33497496
2026-10-03T11:17:34.216521+00:00,vast.ai,marketplace,RTX 4090,0.6947222222222222,1,23.99,97.75236171399999,140.706361714,62.7,1503.0,"Quebec, CA",0.9955503,52856650
2026-10-03T11:17:34.216521+00:00,vast.ai,marketplace,RTX 5090,0.7002592592592592,1,31.84,184.558361714,263.557361714,47.05,805.1,"Taiwan, TW",0.9981339,53325761
2026-10-03T11:17:34.216521+00:00,vast.ai,marketplace,RTX 5090,0.7078703703703704,1,31.84,196.030361714,276.930361714,62.53,29.0,"Thailand, TH",0.9914814,50555599
2026-10-03T11:17:34.216521+00:00,vast.ai,marketplace,RTX 6000Ada,0.7080555555555555,1,47.99,113.10336171399999,159.738361714,94.22,1622.599709639136,"California, US",0.9961414,46256351
2026-10-03T11:17:34.216521+00:00,vast.ai,marketplace,A100 SXM4,0.7080555555555555,1,40.0,95.516361714,134.899361714,125.92,290.0226364936887,"Massachusetts, US",0.9945758,46709200
2026-10-03T11:17:34.216521+00:00,vast.ai,marketplace,RTX 3090,0.7262592592592593,1,24.0,44.055361714,60.661361714,503.55,2571.0,"The Netherlands, NL",0.9923631,54004233
2026-10-03T11:17:34.216521+00:00,vast.ai,marketplace,RTX 3060,0.7275925925925926,1,12.0,12.407361714,17.053361714,1486.89,1616.4114827447572,"Quebec, CA",0.9885948,53839880
2026-10-03T11:17:34.216521+00:00,vast.ai,marketplace,RTX 5090,0.7337962962962964,1,31.84,199.92536171400002,272.453361714,61.72,2842.5000000000005,"Ohio, US",0.9803367,52172891
2026-10-03T11:17:34.216521+00:00,vast.ai,marketplace,A100 SXM4,0.7342592592592593,1,40.0,95.382361714,129.902361714,62.97,540.240711110561,"Czechia, CZ",0.9975418,30895672
2026-10-03T11:17:34.216521+00:00,vast.ai,marketplace,A100 SXM4,0.7342592592592593,1,40.0,95.378361714,129.897361714,62.96,2251.5242989798944,"Slovenia, SI",0.9991381,36878329
2026-10-03T11:17:34.216521+00:00,vast.ai,marketplace,RTX PRO 5000,0.7342592592592593,1,47.79,165.498361714,225.39536171400002,55.07,754.125,"Czechia, CZ",0.9979257,44193896
2026-10-03T11:17:34.216521+00:00,vast.ai,marketplace,RTX 5090,0.7347222222222223,1,31.84,199.149361714,271.054361714,251.91,1582.575,"Norway, NO",0.9869876,53264488
2026-10-03T11:17:34.216521+00:00,vast.ai,marketplace,RTX PRO 5000,0.7347222222222223,1,47.79,165.715361714,225.548361714,93.91,938.7088781987741,"Washington, US",0.9987449,47651207
2026-10-03T11:17:34.216521+00:00,vast.ai,marketplace,RTX PRO 5000,0.7347222222222223,1,47.79,165.55036171400002,225.32336171400001,62.96,755.25,"Czechia, CZ",0.9678246,53720472
2026-10-03T11:17:34.216521+00:00,vast.ai,marketplace,RTX PRO 5000,0.7347222222222223,1,47.79,165.46736171400002,225.21036171400002,62.96,193.35000000000014,"Czechia, CZ",0.9763975,53969984
2026-10-03T11:17:34.216521+00:00,vast.ai,marketplace,RTX 5090,0.735462962962963,1,31.84,198.822361714,270.336361714,125.96,458.375,"Hungary, HU",0.9948477,50576336
2026-10-03T11:17:34.216521+00:00,vast.ai,marketplace,RTX 4090,0.7356481481481482,1,47.99,125.58036171399999,170.707361714,125.95,342.875,"Romania, RO",0.9976988,48289323
2026-10-03T11:17:34.216521+00:00,vast.ai,marketplace,RTX PRO 5000,0.7356481481481482,1,47.79,165.570361714,225.06736171400001,94.36,1185.75,"France, FR",0.9930238,38260156
2026-10-03T11:17:34.216521+00:00,vast.ai,marketplace,RTX PRO 5000,0.7356481481481482,1,47.79,165.560361714,225.053361714,125.6,1225.0,"Slovakia, SK",0.9993064,31641013
2026-10-03T11:17:34.216521+00:00,vast.ai,marketplace,RTX 5090,0.737962962962963,1,31.84,193.509361714,262.221361714,41.94,576.911111111111,"California, US",0.9976425,53830103
2026-10-03T11:17:34.216521+00:00,vast.ai,marketplace,RTX PRO 5000,0.7512962962962964,1,47.79,165.849361714,220.751361714,62.88,1653.75,"Quebec, CA",0.9616855,52840367
2026-10-03T11:17:34.216521+00:00,vast.ai,marketplace,RTX 5090,0.7609259259259258,1,31.84,97.98736171399999,128.773361714,62.79,370.0,"California, US",0.9919424,51969530
2026-10-03T11:17:34.216521+00:00,vast.ai,marketplace,RTX 5090,0.7609259259259258,1,31.84,84.194361714,110.647361714,62.79,402.0,"Maryland, US",0.985361,51969541
2026-10-03T11:17:34.216521+00:00,vast.ai,marketplace,RTX 5090,0.7609259259259258,1,31.84,102.730361714,135.007361714,62.79,253.0,"Maryland, US",0.9918493,53809919
2026-10-03T11:17:34.216521+00:00,vast.ai,marketplace,RTX 5090,0.7609259259259258,1,31.84,179.32936171400002,235.672361714,62.79,44.0,"California, US",0.9896704,51969543
2026-10-03T11:17:34.216521+00:00,vast.ai,marketplace,RTX 4090,0.7623148148148147,1,23.99,96.950361714,127.17836171399999,125.96,1103.125,"Maryland, US",0.9989111,52800776
2026-10-03T11:17:34.216521+00:00,vast.ai,marketplace,RTX 5090,0.7632407407407407,1,31.84,199.185361714,260.973361714,94.43,590.375,"Czechia, CZ",0.6184194,33038312
2026-10-03T11:17:34.216521+00:00,vast.ai,marketplace,A40,0.7880555555555555,1,44.99,44.039361714,55.883361714,500.96,31.5,"Belgium, BE",0.9827919,51337963
2026-10-03T11:17:34.216521+00:00,vast.ai,marketplace,RTX PRO 5000,0.7880555555555555,1,47.79,165.053361714,209.44336171400002,62.96,1569.95,"Nebraska, US",0.9793003,52507499
2026-10-03T11:17:34.216521+00:00,vast.ai,marketplace,RTX PRO 5000,0.7880555555555555,1,47.79,165.59136171400002,210.126361714,71.95,1793.8399966850193,"Nebraska, US",0.9791906,52514685
2026-10-03T11:17:34.216521+00:00,vast.ai,marketplace,RTX PRO 6000 Max-Q,0.7885185185185185,1,95.59,283.794361714,359.907361714,125.43,1335.35,"Czechia, CZ",0.9213696,53727286
2026-10-03T11:17:34.216521+00:00,vast.ai,marketplace,RTX 6000Ada,0.7885185185185185,1,47.99,113.15136171399999,143.498361714,167.84,3405.0,"North Carolina, US",0.9962437,36503108
2026-10-03T11:17:34.216521+00:00,vast.ai,marketplace,L40S,0.8009259259259258,1,44.99,93.64536171399999,116.921361714,251.94,266.625,"Taiwan, TW",0.9987946,38575013
2026-10-03T11:17:34.216521+00:00,vast.ai,marketplace,L40S,0.8009259259259258,1,44.99,93.68436171399999,116.96936171399999,251.94,219.62500000000003,"Taiwan, TW",0.9981307,38574931
2026-10-03T11:17:34.216521+00:00,vast.ai,marketplace,L40S,0.8009259259259258,1,44.99,93.61536171399999,116.884361714,251.94,113.8749999999996,"Taiwan, TW",0.9976895,38575675
2026-10-03T11:17:34.216521+00:00,vast.ai,marketplace,RTX 4090,0.8009259259259258,1,23.99,97.016361714,121.13036171399999,110.03,1625.0,"Virginia, US",0.99508,13917962
2026-10-03T11:17:34.216521+00:00,vast.ai,marketplace,RTX 5090,0.8009259259259258,1,31.84,198.53236171400002,247.878361714,41.95,69.8824074074074,"The Netherlands, NL",0.9401879,53545902
2026-10-03T11:17:34.216521+00:00,vast.ai,marketplace,RTX 5060 Ti,0.8009259259259258,1,15.93,38.517361714,48.091361714,503.83,1405.7641078978234,"Quebec, CA",0.984549,53770088
2026-10-03T11:17:34.216521+00:00,vast.ai,marketplace,L40S,0.8013888888888888,1,44.99,93.625361714,116.82936171399999,188.94,2981.5125,"Slovenia, SI",0.9985102,29679185
2026-10-03T11:17:34.216521+00:00,vast.ai,marketplace,L40S,0.8013888888888888,1,44.99,93.58636171399999,116.780361714,62.62,640.05,"South Korea, KR",0.9943189,49960121
2026-10-03T11:17:34.216521+00:00,vast.ai,marketplace,RTX 6000Ada,0.8013888888888888,1,47.99,113.31436171399999,141.397361714,251.74,2367.1622138248513,"Texas, US",0.9984515,40465232
2026-10-03T11:17:34.216521+00:00,vast.ai,marketplace,A100 SXM4,0.8013888888888888,1,80.0,128.674361714,160.564361714,125.93,1272.5000000000005,"Poland, PL",0.9613571,53645776
2026-10-03T11:17:34.216521+00:00,vast.ai,marketplace,RTX 5090,0.8013888888888888,1,31.84,199.519361714,248.96736171400002,125.58,2315.0,"Texas, US",0.9951042,48229908
2026-10-03T11:17:34.216521+00:00,vast.ai,marketplace,RTX 5090,0.8013888888888888,1,31.84,199.664361714,249.148361714,110.0,3332.5,"Japan, JP",0.9726286,53821181
2026-10-03T11:17:34.216521+00:00,vast.ai,marketplace,RTX 5090,0.8013888888888888,1,31.84,175.946361714,219.552361714,125.83,3352.95,"United Kingdom, GB",0.9739848,52451721
2026-10-03T11:17:34.216521+00:00,vast.ai,marketplace,A100 PCIE,0.8013888888888888,1,80.0,125.07736171399999,156.075361714,125.87,91.63094325731561,"South Korea, KR",0.9970667,47463261
2026-10-03T11:17:34.216521+00:00,vast.ai,marketplace,RTX PRO 5000,0.8013888888888888,1,47.79,165.415361714,206.411361714,83.93,989.0166666666667,"Belgium, BE",0.9974577,49974697
2026-10-03T11:17:34.216521+00:00,vast.ai,marketplace,RTX PRO 5000,0.8013888888888888,1,47.79,165.82936171400002,206.927361714,62.73,1229.0,"Taiwan, TW",0.9966185,51984963
2026-10-03T11:17:34.216521+00:00,vast.ai,marketplace,RTX 5090,0.8018518518518518,1,31.84,199.13936171400002,248.349361714,251.55,3159.0,"Utah, US",0.9960145,51814430
2026-10-03T11:17:34.216521+00:00,vast.ai,marketplace,RTX 5090,0.8018518518518518,1,31.84,199.099361714,248.299361714,251.56,6685.1,"Italy, IT",0.9620568,52446682
2026-10-03T11:17:34.216521+00:00,vast.ai,marketplace,RTX 4090,0.802037037037037,1,23.99,97.21936171399999,121.215361714,125.88,499.3499999999997,"Hungary, HU",0.9921288,53828124
2026-10-03T11:17:34.216521+00:00,vast.ai,marketplace,RTX 5090,0.8023148148148147,1,31.84,198.84836171400002,247.843361714,125.76,652.5,"Norway, NO",0.995243,29801200
2026-10-03T11:17:34.216521+00:00,vast.ai,marketplace,RTX 5060 Ti,0.8037037037037036,1,15.93,38.266361714,47.612361714,31.27,287.0,"Chile, CL",0.9966385,32922874
2026-10-03T11:17:34.216521+00:00,vast.ai,marketplace,RTX 3090,0.8040555555555555,1,24.0,44.845361714,55.774361714,503.54,2488.0,"The Netherlands, NL",0.9878087,52542164
2026-10-03T11:17:34.216521+00:00,vast.ai,marketplace,RTX 5090,0.8046296296296296,1,31.84,198.564361714,246.777361714,41.94,259.9111111111111,"California, US",0.9842843,48885916
2026-10-03T11:17:34.216521+00:00,vast.ai,marketplace,L40S,0.8155925925925925,1,44.99,93.71336171399999,114.902361714,62.94,3775.0925749488097,"Romania, RO",0.9797416,50740340
2026-10-03T11:17:34.216521+00:00,vast.ai,marketplace,RTX 4090,0.8289814814814814,1,23.99,97.24036171399999,117.301361714,125.88,612.0,"Hungary, HU",0.9906679,53016492
2026-10-03T11:17:34.216521+00:00,vast.ai,marketplace,RTX 4090,0.8383148148148147,1,23.99,97.56836171399999,116.38636171399999,75.49,2512.7293540186743,"Hungary, HU",0.9912758,49591162
2026-10-03T11:17:34.216521+00:00,vast.ai,marketplace,RTX 5090,0.8660444444444445,1,31.84,81.759361714,94.405361714,251.52,6456.0,"Texas, US",0.9875995,38001277
2026-10-03T11:17:34.216521+00:00,vast.ai,marketplace,RTX 5090,0.8680555555555556,1,31.84,198.83536171400002,229.058361714,60.44,3190.0,"Spain, ES",0.9993741,26186869
2026-10-03T11:17:34.216521+00:00,vast.ai,marketplace,RTX 5090,0.8680555555555556,1,31.84,199.522361714,229.849361714,93.99,1997.0,"Washington, US",0.9930433,47419019
2026-10-03T11:17:34.216521+00:00,vast.ai,marketplace,RTX 5090,0.8680555555555556,1,31.84,198.36636171400002,228.518361714,62.96,1147.125,"Czechia, CZ",0.9789388,53194853
2026-10-03T11:17:34.216521+00:00,vast.ai,marketplace,RTX 5090,0.8680555555555556,1,31.84,176.18136171400002,202.96136171400002,62.95,198.96340603399187,"Czechia, CZ",0.9983797,44096422
2026-10-03T11:17:34.216521+00:00,vast.ai,marketplace,RTX 5090,0.8680555555555556,1,31.84,114.304361714,131.678361714,62.96,446.0,"Alberta, CA",0.9984755,45508888
2026-10-03T11:17:34.216521+00:00,vast.ai,marketplace,RTX 3090,0.8685185185185186,1,24.0,44.363361714,51.079361714,251.49,1347.0,"Norway, NO",0.9982346,53476074
2026-10-03T11:17:34.216521+00:00,vast.ai,marketplace,RTX 5090,0.8689814814814815,1,31.84,198.531361714,228.465361714,83.95,460.7047070098146,"Finland, FI",0.9830705,47357387
2026-10-03T11:17:34.216521+00:00,vast.ai,marketplace,RTX 5090,0.8699074074074075,1,31.84,199.027361714,228.791361714,60.44,550.0,"Spain, ES",0.9995381,25713902
2026-10-03T11:17:34.216521+00:00,vast.ai,marketplace,RTX 5090,0.8800555555555556,1,31.84,199.218361714,226.370361714,251.78,1576.5,"Washington, US",0.9973518,52502969
2026-10-03T11:17:34.216521+00:00,vast.ai,marketplace,RTX 3090,0.8809259259259259,1,24.0,40.126361714,45.550361714,62.83,401.4,"Latvia, LV",0.9215921,53684216
2026-10-03T11:17:34.216521+00:00,vast.ai,marketplace,A800 PCIE,0.8813888888888889,1,80.0,126.04736171399999,143.010361714,73.34,1316.4448215786592,"Idaho, US",0.9983636,16761518
2026-10-03T11:17:34.216521+00:00,vast.ai,marketplace,RTX PRO 5000,0.9085185185185186,1,47.79,165.74636171400002,182.435361714,125.88,805.4,"Hungary, HU",0.9860597,53001953
2026-10-03T11:17:34.216521+00:00,vast.ai,marketplace,RTX PRO 5000,0.920574074074074,1,47.79,165.684361714,179.97936171400002,125.88,841.5,"Czechia, CZ",0.9986664,39309139
2026-10-03T11:17:34.216521+00:00,vast.ai,marketplace,RTX 4080S,0.9342592592592591,1,31.99,70.93136171399999,75.92236171399999,503.52,3015.6,"Quebec, CA",0.9955472,53603670
2026-10-03T11:17:34.216521+00:00,vast.ai,marketplace,RTX 4090,0.9347222222222221,1,47.99,125.668361714,134.444361714,251.34,6369.0,"Japan, JP",0.9976231,53998662
2026-10-03T11:17:34.216521+00:00,vast.ai,marketplace,RTX PRO 5000,0.9347222222222221,1,47.79,165.27036171400002,176.81236171400002,125.84,774.375,"Arizona, US",0.9904343,53922857
2026-10-03T11:17:34.216521+00:00,vast.ai,marketplace,RTX 5090,0.935648148148148,1,31.84,199.350361714,213.06136171400001,251.76,334.0,"Norway, NO",0.99556,30458178
2026-10-03T11:17:34.216521+00:00,vast.ai,marketplace,RTX 5090,0.935648148148148,1,31.84,198.868361714,212.546361714,377.71,2241.325422702036,"Norway, NO",0.9986187,30220754
2026-10-03T11:17:34.216521+00:00,vast.ai,marketplace,RTX 5090,0.935648148148148,1,31.84,198.66336171400002,212.327361714,94.42,2775.625,"Hungary, HU",0.9971398,50716297
2026-10-03T11:17:34.216521+00:00,vast.ai,marketplace,RTX 4090,0.9387182222222221,1,23.99,100.792361714,107.37136171399999,125.72,720.8,"Oklahoma, US",0.994543,29933348
2026-10-03T11:17:34.216521+00:00,vast.ai,marketplace,RTX PRO 5000,0.9520629629629631,1,47.79,165.849361714,174.200361714,58.91,1177.2362644962473,"Texas, US",0.9695533,42735320
2026-10-03T11:17:34.216521+00:00,vast.ai,marketplace,A100 SXM4,0.961388888888889,1,80.0,128.759361714,133.93036171400001,125.93,111.25,"France, FR",0.9905511,43131371
2026-10-03T11:17:34.216521+00:00,vast.ai,marketplace,RTX 3060 Ti,1.000925925925926,1,8.0,13.780361714,13.767361714,251.66,6235.9,"United Kingdom, GB",0.9887752,51482834
2026-10-03T11:17:34.216521+00:00,vast.ai,marketplace,RTX 5060 Ti,1.000925925925926,1,15.93,38.558361714,38.523361714,251.65,3311.6,"Quebec, CA",0.9883744,52592860
2026-10-03T11:17:34.216521+00:00,vast.ai,marketplace,RTX 3090,1.0013888888888889,1,24.0,34.531361714,34.483361714,125.69,350.0,"Ontario, CA",0.9905887,52810281
2026-10-03T11:17:34.216521+00:00,vast.ai,marketplace,A100 PCIE,1.0013888888888889,1,80.0,5.388361714,5.380361714,125.87,26.25,"United Kingdom, GB",0.9986587,32303769
2026-10-03T11:17:34.216521+00:00,vast.ai,marketplace,RTX 5090,1.0027777777777778,1,31.84,199.245361714,198.69336171400002,92.92,1585.8,"Texas, US",0.9451694,53635617
2026-10-03T11:17:34.216521+00:00,vast.ai,marketplace,RTX 5090,1.0027777777777778,1,31.84,199.179361714,198.62736171400002,93.51,1585.8,"Texas, US",0.9979606,53635575
2026-10-03T11:17:34.216521+00:00,vast.ai,marketplace,RTX 5090,1.0107222222222223,1,31.84,199.760361714,197.640361714,167.84,2232.333333333333,"Germany, DE",0.95781,53334402
2026-10-03T11:17:34.216521+00:00,vast.ai,marketplace,RTX A4000,1.0111851851851852,1,15.99,21.186361714,20.952361714000002,125.5,6266.728215795647,"British Columbia, CA",0.9765075,48544090
2026-10-03T11:17:34.216521+00:00,vast.ai,marketplace,RTX A2000,1.0111851851851852,1,5.99,8.575361714,8.480361714,125.5,6404.8,"British Columbia, CA",0.9511877,53741562
2026-10-03T11:17:34.216521+00:00,vast.ai,marketplace,RTX 5090,1.0374814814814814,1,31.84,192.761361714,185.797361714,40.22,564.5,"Taiwan, TW",0.993229,52965009
2026-10-03T11:17:34.216521+00:00,vast.ai,marketplace,A40,1.0547222222222223,1,44.99,44.032361714,41.747361714,500.96,323.75,"Belgium, BE",0.9842608,51338031
2026-10-03T11:17:34.216521+00:00,vast.ai,marketplace,A100 SXM4,1.0550925925925927,1,80.0,119.73436171399999,113.48236171399999,125.97,1062.375,"Sweden, SE",0.9976192,21050984
2026-10-03T11:17:34.216521+00:00,vast.ai,marketplace,RTX 5090,1.0556481481481483,1,31.84,198.89536171400002,188.410361714,125.96,1471.8125000000002,"Hungary, HU",0.9937717,52070431
2026-10-03T11:17:34.216521+00:00,vast.ai,marketplace,RTX A2000,1.0673148148148148,1,5.99,8.574361714,8.034361714000001,125.41,12875.4,"British Columbia, CA",0.9929118,53937623
2026-10-03T11:17:34.216521+00:00,vast.ai,marketplace,A100 PCIE,1.0708333333333333,1,80.0,127.418361714,118.99036171399999,216.53,623.7476364936888,"Virginia, US",0.9916975,50723369
2026-10-03T11:17:34.216521+00:00,vast.ai,marketplace,RTX PRO 6000 WS,1.072685185185185,1,95.59,282.742361714,263.58336171400003,125.92,677.75,"California, US",0.9856417,51010704
2026-10-03T11:17:34.216521+00:00,vast.ai,marketplace,A100 SXM4,1.095,1,80.0,128.849361714,117.670361714,125.87,710.25,"Czechia, CZ",0.9949251,29019379
2026-10-03T11:17:34.216521+00:00,vast.ai,marketplace,RTX PRO 6000 WS,1.0993518518518517,1,95.59,282.859361714,257.296361714,47.1,2558.5,"Beijing, CN",0.9667913,50041230
2026-10-03T11:17:34.216521+00:00,vast.ai,marketplace,RTX PRO 6000 Max-Q,1.1347222222222222,1,95.59,283.151361714,249.533361714,124.94,1395.0,"The Netherlands, NL",0.98612,52050419
2026-10-03T11:17:34.216521+00:00,vast.ai,marketplace,RTX 4090,1.136462962962963,1,23.99,97.025361714,85.375361714,881.76,6559.0,"Quebec, CA",0.9902748,20266704
2026-10-03T11:17:34.216521+00:00,vast.ai,marketplace,RTX PRO 5000,1.1499074074074074,1,47.79,164.86636171400002,143.374361714,55.01,942.25,"Czechia, CZ",0.9987084,39270910
2026-10-03T11:17:34.216521+00:00,vast.ai,marketplace,A100 SXM4,1.1616666666666666,1,80.0,128.74036171400002,110.82436171399999,125.87,1095.25,"Czechia, CZ",0.9895836,32744972
2026-10-03T11:17:34.216521+00:00,vast.ai,marketplace,RTX 5090,1.1747222222222222,1,31.84,100.46336171399999,85.52036171399999,30.07,294.5,"Delaware, US",0.9883419,53337127
2026-10-03T11:17:34.216521+00:00,vast.ai,marketplace,RTX PRO 6000 Max-Q,1.176111111111111,1,95.59,283.774361714,241.28236171400002,125.77,1435.0,"Finland, FI",0.995693,47398751
2026-10-03T11:17:34.216521+00:00,vast.ai,marketplace,A100 SXM4,1.1883333333333335,1,80.0,118.69236171399999,99.881361714,125.87,1331.75,"Czechia, CZ",0.9769122,34475474
2026-10-03T11:17:34.216521+00:00,vast.ai,marketplace,RTX 3090,1.200925925925926,1,24.0,44.593361714000004,37.132361714,251.66,2065.0,"Quebec, CA",0.9974676,51920762
2026-10-03T11:17:34.216521+00:00,vast.ai,marketplace,RTX 5090,1.2018518518518517,1,31.84,198.72336171400002,165.34736171400002,70.83,497.75,"Hungary, HU",0.9866408,54003596
2026-10-03T11:17:34.216521+00:00,vast.ai,marketplace,RTX PRO 6000 WS,1.2406444444444444,1,95.59,283.69636171400003,228.668361714,125.54,511.5,"Colorado, US",0.9944663,49799369
2026-10-03T11:17:34.216521+00:00,vast.ai,marketplace,RTX 4090,1.2536666666666667,1,23.99,97.054361714,77.41636171399999,167.97,526.5833333333333,"Washington, US",0.9977995,41755374
2026-10-03T11:17:34.216521+00:00,vast.ai,marketplace,RTX PRO 6000 Max-Q,1.2542592592592592,1,95.59,283.268361714,225.844361714,123.44,260.0,"India, IN",0.9939321,50054713
2026-10-03T11:17:34.216521+00:00,vast.ai,marketplace,RTX 6000D,1.2579629629629627,1,83.64,229.499361714,182.43736171400002,94.42,579.875,"Czechia, CZ",0.9892169,51063966
2026-10-03T11:17:34.216521+00:00,vast.ai,marketplace,RTX 4090,1.2680555555555555,1,47.99,125.659361714,99.096361714,107.97,438.7857142857143,"Washington, US",0.9729757,48484836
2026-10-03T11:17:34.216521+00:00,vast.ai,marketplace,RTX 5090,1.2687037037037037,1,31.84,198.822361714,156.713361714,94.42,1255.875,"Hungary, HU",0.9844287,32292347
2026-10-03T11:17:34.216521+00:00,vast.ai,marketplace,RTX 4090,1.2800555555555555,1,47.99,125.430361714,97.98836171399999,125.75,1651.0,"Washington, US",0.9948778,54003173
2026-10-03T11:17:34.216521+00:00,vast.ai,marketplace,RTX 4090,1.281388888888889,1,47.99,125.659361714,98.06536171399999,220.06,6532.0,"Washington, US",0.9986322,38637438
2026-10-03T11:17:34.216521+00:00,vast.ai,marketplace,RTX 4090,1.282314814814815,1,47.99,125.563361714,97.91936171399999,125.87,3003.0,"Washington, US",0.9986114,46255397
2026-10-03T11:17:34.216521+00:00,vast.ai,marketplace,RTX PRO 6000 Max-Q,1.3344444444444443,1,95.59,264.665361714,198.334361714,251.54,663.0,"The Netherlands, NL",0.9317215,53022080
2026-10-03T11:17:34.216521+00:00,vast.ai,marketplace,RTX 3090,1.3347222222222221,1,24.0,44.364361714,33.238361714,62.72,349.0,"Washington, US",0.9955932,51860372
2026-10-03T11:17:34.216521+00:00,vast.ai,marketplace,RTX PRO 5000,1.3347222222222221,1,71.69,191.018361714,143.114361714,62.71,2575.1,"Florida, US",0.9618406,53704978
2026-10-03T11:17:34.216521+00:00,vast.ai,marketplace,RTX A2000,1.3347222222222221,1,5.99,8.574361714,6.424361714000001,31.16,761.5,"British Columbia, CA",0.9714744,46186923
2026-10-03T11:17:34.216521+00:00,vast.ai,marketplace,RTX 5090,1.3347222222222221,1,31.84,199.559361714,149.513361714,60.38,1725.0,"Sweden, SE",0.9964174,47387335
2026-10-03T11:17:34.216521+00:00,vast.ai,marketplace,RTX 5080,1.3347222222222221,1,15.92,83.766361714,62.759361714,62.8,780.3,"Oman, OM",0.9974428,53892727
2026-10-03T11:17:34.216521+00:00,vast.ai,marketplace,RTX 5080,1.335185185185185,1,15.92,83.730361714,62.710361714,31.21,743.0,"Florida, US",0.9973024,51473535
2026-10-03T11:17:34.216521+00:00,vast.ai,marketplace,RTX 5090,1.336111111111111,1,31.84,199.066361714,148.989361714,125.64,420.0,"Illinois, US",0.9990289,53294830
2026-10-03T11:17:34.216521+00:00,vast.ai,marketplace,RTX PRO 6000 Max-Q,1.3560740740740742,1,95.59,282.742361714,208.500361714,125.94,1172.75,"Czechia, CZ",0.9982882,30989534
2026-10-03T11:17:34.216521+00:00,vast.ai,marketplace,RTX PRO 6000 WS,1.3627777777777779,1,95.59,282.625361714,207.38936171400002,186.45,121.0,"Colorado, US",0.9970714,50938080
2026-10-03T11:17:34.216521+00:00,vast.ai,marketplace,RTX PRO 6000 WS,1.3767222222222224,1,95.59,283.014361714,205.571361714,94.01,1107.0,"New York, US",0.9982448,42515648
2026-10-03T11:17:34.216521+00:00,vast.ai,marketplace,RTX PRO 6000 Max-Q,1.3788981481481482,1,95.59,260.99436171400004,189.277361714,62.86,1044.5,"Taiwan, TW",0.9954137,52962348
2026-10-03T11:17:34.216521+00:00,vast.ai,marketplace,RTX PRO 6000 WS,1.3880555555555556,1,95.59,283.443361714,204.201361714,125.56,1027.7303937408938,"Texas, US",0.9900592,32511628
2026-10-03T11:17:34.216521+00:00,vast.ai,marketplace,RTX PRO 6000 Max-Q,1.3973888888888888,1,95.59,283.716361714,203.033361714,124.5,709.290744639826,"Japan, JP",0.9982005,43317266
2026-10-03T11:17:34.216521+00:00,vast.ai,marketplace,RTX PRO 6000 S,1.4005555555555558,1,95.59,279.816361714,199.789361714,125.85,226.97510757531597,"Switzerland, CH",0.9945958,51032798
2026-10-03T11:17:34.216521+00:00,vast.ai,marketplace,RTX PRO 6000 WS,1.4006481481481483,1,95.59,106.805361714,76.254361714,188.93,1692.25,"South Korea, KR",0.9973007,46000988
2026-10-03T11:17:34.216521+00:00,vast.ai,marketplace,RTX PRO 6000 WS,1.4011111111111112,1,95.59,283.151361714,202.090361714,125.14,2277.0,"Washington, US",0.9985381,53091776
2026-10-03T11:17:34.216521+00:00,vast.ai,marketplace,RTX PRO 6000 WS,1.401388888888889,1,95.59,283.677361714,202.42536171400002,249.01,2277.0,"Nevada, US",0.7283766,50232759
2026-10-03T11:17:34.216521+00:00,vast.ai,marketplace,RTX PRO 6000 S,1.401388888888889,1,95.59,278.965361714,199.063361714,98.34,253.5,"South Korea, KR",0.9978309,46877438
2026-10-03T11:17:34.216521+00:00,vast.ai,marketplace,RTX PRO 6000 WS,1.401851851851852,1,95.59,283.813361714,202.456361714,186.11,1278.0,"Quebec, CA",0.9914314,45841026
2026-10-03T11:17:34.216521+00:00,vast.ai,marketplace,RTX PRO 6000 S,1.402314814814815,1,95.59,279.158361714,199.069361714,188.92,215.375,"Bulgaria, BG",0.9981561,44647850
2026-10-03T11:17:34.216521+00:00,vast.ai,marketplace,RTX PRO 6000 S,1.4063888888888891,1,95.59,36.667361714,26.072361714,377.39,9964.5,"Montana, US",0.9947373,44176944
2026-10-03T11:17:34.216521+00:00,vast.ai,marketplace,RTX PRO 6000 WS,1.4147222222222222,1,95.59,277.909361714,196.441361714,124.92,1329.0,"British Columbia, CA",0.9887911,51488023
2026-10-03T11:17:34.216521+00:00,vast.ai,marketplace,RTX PRO 6000 WS,1.4280555555555556,1,95.59,283.32636171400003,198.400361714,124.68,965.0,"The Netherlands, NL",0.9971547,52961581
2026-10-03T11:17:34.216521+00:00,vast.ai,marketplace,RTX PRO 6000 WS,1.4369888888888889,1,95.59,283.579361714,197.343361714,125.55,3198.0,"Massachusetts, US",0.9918312,53758475
2026-10-03T11:17:34.216521+00:00,vast.ai,marketplace,RTX PRO 6000 S,1.441388888888889,1,95.59,280.474361714,194.58636171400002,125.75,423.5,"Australia, AU",0.9986103,52244941
2026-10-03T11:17:34.216521+00:00,vast.ai,marketplace,RTX PRO 6000 WS,1.441851851851852,1,95.59,282.430361714,195.880361714,125.29,1207.0,"Utah, US",0.9931882,47744581
2026-10-03T11:17:34.216521+00:00,vast.ai,marketplace,RTX PRO 6000 WS,1.442777777777778,1,95.59,283.32636171400003,196.375361714,251.75,832.5,"Alberta, CA",0.9983371,43983626
2026-10-03T11:17:34.216521+00:00,vast.ai,marketplace,RTX PRO 6000 WS,1.4543148148148148,1,95.59,282.566361714,194.295361714,188.92,145.75,"Poland, PL",0.9953238,37051751
2026-10-03T11:17:34.216521+00:00,vast.ai,marketplace,RTX PRO 6000 S,1.459814814814815,1,95.59,278.520361714,190.791361714,188.93,161.75,"Maryland, US",0.9991826,53694973
2026-10-03T11:17:34.216521+00:00,vast.ai,marketplace,RTX A2000,1.467314814814815,1,5.99,8.575361714,5.844361714000001,503.5,11896.0,"British Columbia, CA",0.9811971,50563157
2026-10-03T11:17:34.216521+00:00,vast.ai,marketplace,RTX PRO 6000 S,1.4675925925925928,1,95.59,278.965361714,190.083361714,188.92,928.8987644962474,", CA",0.9963884,48926601
2026-10-03T11:17:34.216521+00:00,vast.ai,marketplace,RTX PRO 6000 S,1.4680555555555557,1,95.59,270.114361714,183.994361714,94.47,72.125,"Australia, AU",0.9982133,50133452
2026-10-03T11:17:34.216521+00:00,vast.ai,marketplace,RTX 6000D,1.4680555555555557,1,83.64,229.74736171400002,156.49736171400002,94.39,1161.25,"Czechia, CZ",0.9666296,52400799
2026-10-03T11:17:34.216521+00:00,vast.ai,marketplace,RTX PRO 6000 S,1.4685185185185186,1,95.59,279.158361714,190.095361714,110.15,3424.1,"Texas, US",0.9877413,52528363
2026-10-03T11:17:34.216521+00:00,vast.ai,marketplace,RTX PRO 6000 WS,1.4712962962962963,1,95.59,282.683361714,192.132361714,251.91,409.5,"Florida, US",0.9967001,52869188
2026-10-03T11:17:34.216521+00:00,vast.ai,marketplace,RTX PRO 6000 S,1.4712962962962963,1,95.59,279.836361714,190.196361714,283.09,1524.0,"France, FR",0.9625063,52635331
2026-10-03T11:17:34.216521+00:00,vast.ai,marketplace,RTX PRO 6000 S,1.4853888888888889,1,95.59,280.281361714,188.69236171400001,503.51,6048.8,"Wisconsin, US",0.9971717,50757074
2026-10-03T11:17:34.216521+00:00,vast.ai,marketplace,RTX PRO 6000 WS,1.534722222222222,1,95.59,283.735361714,184.87736171400002,125.55,2193.0,"Massachusetts, US",0.9985651,36072512
2026-10-03T11:17:34.216521+00:00,vast.ai,marketplace,RTX PRO 6000 S,1.534722222222222,1,95.59,279.87436171400003,182.361361714,239.84,208.0,"Czechia, CZ",0.9912021,53691436
2026-10-03T11:17:34.216521+00:00,vast.ai,marketplace,RTX PRO 6000 S,1.5475925925925926,1,95.59,279.72036171400003,180.745361714,94.42,619.4366820195081,"Bulgaria, BG",0.9570729,48905159
2026-10-03T11:17:34.216521+00:00,vast.ai,marketplace,A100 SXM4,1.5850620833333333,1,80.0,128.825361714,81.274361714,122.02,521.85,"North Carolina, US",0.9921674,51216962
2026-10-03T11:17:34.216521+00:00,vast.ai,marketplace,RTX PRO 6000 S,1.5877777777777777,1,95.59,279.526361714,176.048361714,94.42,469.375,"Bulgaria, BG",0.9915973,51056501
2026-10-03T11:17:34.216521+00:00,vast.ai,marketplace,RTX PRO 6000 WS,1.6013888888888888,1,95.59,282.839361714,176.62136171400002,110.2,1899.4068666206667,"Texas, US",0.9917617,52611622
2026-10-03T11:17:34.216521+00:00,vast.ai,marketplace,RTX PRO 6000 WS,1.6013888888888888,1,95.59,283.443361714,176.998361714,92.01,2572.0,"Alberta, CA",0.9808964,51993288
2026-10-03T11:17:34.216521+00:00,vast.ai,marketplace,RTX 5090,1.6013888888888888,1,31.84,198.84836171400002,124.17236171399999,251.49,6219.3,"Taiwan, TW",0.9681567,53365924
2026-10-03T11:17:34.216521+00:00,vast.ai,marketplace,RTX PRO 6000 S,1.6016666666666666,1,95.59,279.507361714,174.510361714,102.08,789.5,"The Netherlands, NL",0.9985309,46385240
2026-10-03T11:17:34.216521+00:00,vast.ai,marketplace,RTX PRO 6000 WS,1.6023148148148147,1,95.59,283.424361714,176.884361714,167.78,4159.0,"Hungary, HU",0.9919009,51122669
2026-10-03T11:17:34.216521+00:00,vast.ai,marketplace,RTX 3060 Ti,1.6023148148148147,1,8.0,13.756361714,8.585361714000001,755.43,3073.0,"Norway, NO",0.9945866,35537659
2026-10-03T11:17:34.216521+00:00,vast.ai,marketplace,RTX 4090,1.6046296296296294,1,47.99,125.554361714,78.245361714,93.95,6365.572636493688,"California, US",0.9788238,51071482
2026-10-03T11:17:34.216521+00:00,vast.ai,marketplace,RTX PRO 6000 Max-Q,1.6055555555555554,1,95.59,280.415361714,174.653361714,123.9,329.5,"Norway, NO",0.9969427,54000271
2026-10-03T11:17:34.216521+00:00,vast.ai,marketplace,RTX 5090,1.6055555555555554,1,31.84,199.43636171400001,124.21636171399999,247.81,328.5,"Norway, NO",0.9984246,50806304
2026-10-03T11:17:34.216521+00:00,vast.ai,marketplace,RTX PRO 6000 WS,1.6675925925925927,1,95.59,283.307361714,169.88936171400002,125.49,2433.05,"Minnesota, US",0.9940238,53578040
2026-10-03T11:17:34.216521+00:00,vast.ai,marketplace,RTX PRO 6000 Max-Q,1.6685185185185185,1,95.59,283.540361714,169.935361714,125.57,1648.0,"Norway, NO",0.9906502,53476221
2026-10-03T11:17:34.216521+00:00,vast.ai,marketplace,RTX PRO 6000 WS,1.6922348148148147,1,95.59,237.374361714,140.272361714,94.2,3221.5,"Texas, US",0.9699307,53968670
2026-10-03T11:17:34.216521+00:00,vast.ai,marketplace,RTX PRO 6000 WS,1.720925925925926,1,95.59,267.807361714,155.618361714,188.49,6642.0,"Minnesota, US",0.9866224,50275349
2026-10-03T11:17:34.216521+00:00,vast.ai,marketplace,RTX PRO 6000 Max-Q,1.7356481481481483,1,95.59,283.365361714,163.262361714,188.81,2791.5,"Maryland, US",0.9944021,52509886
2026-10-03T11:17:34.216521+00:00,vast.ai,marketplace,RTX PRO 6000 WS,1.7402777777777778,1,95.59,283.424361714,162.861361714,121.18,836.0,"California, US",0.9870439,50460702
2026-10-03T11:17:34.216521+00:00,vast.ai,marketplace,RTX PRO 6000 WS,1.7742592592592594,1,95.59,283.424361714,159.742361714,251.5,2452.5,"Minnesota, US",0.9907108,50275370
2026-10-03T11:17:34.216521+00:00,vast.ai,marketplace,RTX PRO 6000 Max-Q,1.8032037037037036,1,95.59,281.670361714,156.20536171400002,125.92,444.5,"Czechia, CZ",0.9968348,47792410
2026-10-03T11:17:34.216521+00:00,vast.ai,marketplace,RTX PRO 6000 WS,1.8694457777777778,1,95.59,283.69636171400003,151.754361714,125.58,2540.0,"Texas, US",0.9924379,51489157
2026-10-03T11:17:34.216521+00:00,vast.ai,marketplace,H100 SXM,1.8951851851851849,1,79.65,343.521361714,181.259361714,92.01,478.0,"Germany, DE",0.9940131,50993801
2026-10-03T11:17:34.216521+00:00,vast.ai,marketplace,H100 SXM,1.8951851851851849,1,79.65,343.562361714,181.281361714,122.77,526.0,"Germany, DE",0.9918573,50749286
2026-10-03T11:17:34.216521+00:00,vast.ai,marketplace,RTX PRO 6000 Max-Q,1.9437037037037037,1,95.59,283.307361714,145.756361714,125.94,1169.5,"Czechia, CZ",0.983759,30474084
2026-10-03T11:17:34.216521+00:00,vast.ai,marketplace,H100 SXM,1.948518518518518,1,79.65,343.655361714,176.367361714,184.2,436.0,"Germany, DE",0.9939511,50405431
2026-10-03T11:17:34.216521+00:00,vast.ai,marketplace,RTX 5060 Ti,2.0009259259259258,1,15.93,38.341361714,19.162361714,723.89,1468.0,"Spain, ES",0.9994025,31119271
2026-10-03T11:17:34.216521+00:00,vast.ai,marketplace,RTX 4090,2.001388888888889,1,23.99,97.10736171399999,48.520361714,125.71,1349.0,"Ontario, CA",0.9964212,52814544
2026-10-03T11:17:34.216521+00:00,vast.ai,marketplace,RTX 5060 Ti,2.001388888888889,1,15.93,38.382361714,19.178361714,629.39,3103.0,"Spain, ES",0.9992833,28164421
2026-10-03T11:17:34.216521+00:00,vast.ai,marketplace,RTX PRO 6000 WS,2.002314814814815,1,95.59,283.014361714,141.343361714,94.44,402.125,"Alberta, CA",0.9959504,53217071
2026-10-03T11:17:34.216521+00:00,vast.ai,marketplace,RTX PRO 6000 S,2.217037037037037,1,95.59,234.428361714,105.739361714,125.93,1118.125,"Czechia, CZ",0.9982862,44623535
2026-10-03T11:17:34.216521+00:00,vast.ai,marketplace,RTX PRO 6000 WS,2.3347222222222226,1,95.59,283.209361714,121.30336171399999,503.54,12312.0,"Maryland, US",0.9864146,52800874
2026-10-03T11:17:34.216521+00:00,vast.ai,marketplace,RTX A2000,2.400648148148148,1,5.99,8.574361714,3.571361714,502.94,26825.4,"British Columbia, CA",0.984292,53937062
2026-10-03T11:17:34.216521+00:00,vast.ai,marketplace,RTX PRO 6000 WS,2.4736111111111114,1,95.59,283.638361714,114.665361714,251.49,1401.5,"New Jersey, US",0.9605955,51371152
2026-10-03T11:17:34.216521+00:00,vast.ai,marketplace,H100 NVL,2.586722222222223,1,93.58,378.070361714,146.158361714,125.79,53.0,"Japan, JP",0.9996315,13527066
2026-10-03T11:17:34.216521+00:00,vast.ai,marketplace,H100 PCIE,2.5881259259259255,1,79.65,256.131361714,98.96336171399999,62.84,466.03374631316854,"Czechia, CZ",0.9758357,50491378
2026-10-03T11:17:34.216521+00:00,vast.ai,marketplace,H100 NVL,2.601388888888889,1,93.58,377.62436171400003,145.162361714,188.94,2572.625,"Bulgaria, BG",0.9950965,24548925
2026-10-03T11:17:34.216521+00:00,vast.ai,marketplace,RTX PRO 6000 Max-Q,2.6069444444444447,1,95.59,283.471361714,108.736361714,754.51,1063.0,"Texas, US",0.9977484,47655702
2026-10-03T11:17:34.216521+00:00,vast.ai,marketplace,H100 NVL,2.640055555555556,1,93.58,357.536361714,135.427361714,94.21,836.0,"Texas, US",0.9982201,35408170
2026-10-03T11:17:34.216521+00:00,vast.ai,marketplace,RTX PRO 6000 WS,2.6694444444444443,1,95.59,282.97536171400003,106.00536171399999,94.27,1681.5,"Sweden, SE",0.987675,54000948
2026-10-03T11:17:34.216521+00:00,vast.ai,marketplace,RTX 4090,2.7080555555555557,1,23.99,53.943361714,19.919361714,24.95,283.46,"United Kingdom, GB",0.9501962,53154221
2026-10-03T11:17:34.216521+00:00,vast.ai,marketplace,H100 NVL,2.9213888888888837,1,93.58,347.837361714,119.06536171399999,314.69,607.8000000000002,"Ireland, IE",0.9833836,54003507
2026-10-03T11:17:34.216521+00:00,vast.ai,marketplace,H100 NVL,2.9347407407407413,1,93.58,377.468361714,128.620361714,188.94,620.875,"Czechia, CZ",0.9936516,31183493
2026-10-03T11:17:34.216521+00:00,vast.ai,marketplace,H100 NVL,3.0147222222222223,1,93.58,347.546361714,115.283361714,314.69,309.5,"Iowa, US",0.977752,54003481
2026-10-03T11:17:34.216521+00:00,vast.ai,marketplace,H100 SXM,3.0869444444444443,1,79.65,334.603361714,108.39236171399999,221.33,730.0,", US",0.9988686,36551372
2026-10-03T11:17:34.216521+00:00,vast.ai,marketplace,H100 SXM,3.0979444444444444,1,79.65,277.445361714,89.557361714,125.94,1292.647852891184,"Czechia, CZ",0.9960051,48704110
2026-10-03T11:17:34.216521+00:00,vast.ai,marketplace,RTX 4090,3.339814814814815,1,23.99,96.74036171399999,28.965361714,62.53,708.0,"Alberta, CA",0.9940166,53752192
2026-10-03T11:17:34.216521+00:00,vast.ai,marketplace,H100 SXM,3.350055555555555,1,79.65,322.856361714,96.373361714,110.19,1031.75,"Czechia, CZ",0.9944686,41555522
2026-10-03T11:17:34.216521+00:00,vast.ai,marketplace,H200,3.5544590643274856,1,140.4,381.671361714,107.378361714,235.95,45.0,"Georgia, US",0.9928119,49998292
2026-10-03T11:17:34.216521+00:00,vast.ai,marketplace,RTX 5090,3.589444444444444,1,31.84,178.911361714,49.843361714000004,62.58,625.05,"Florida, US",0.8973661,53867736
2026-10-03T11:17:34.216521+00:00,vast.ai,marketplace,H200 NVL,4.003240740740741,1,140.4,437.140361714,109.19636171399999,167.94,631.6833333333338,"Spain, ES",0.9929628,51909403
2026-10-03T11:17:34.216521+00:00,vast.ai,marketplace,RTX 4090,4.006481481481481,1,23.99,97.504361714,24.336361714,30.94,757.0,"The Netherlands, NL",0.9962828,42544505
2026-10-03T11:17:34.216521+00:00,vast.ai,marketplace,RTX 5080,4.006481481481481,1,15.92,83.997361714,20.965361714,30.94,750.8,"The Netherlands, NL",0.992665,49691112
2026-10-03T11:17:34.216521+00:00,vast.ai,marketplace,RTX 5080,4.006481481481481,1,15.92,84.03836171399999,20.975361714,30.94,1606.7,"The Netherlands, NL",0.9975746,53189390
2026-10-03T11:17:34.216521+00:00,vast.ai,marketplace,H200 NVL,4.134722222222223,1,140.4,452.961361714,109.55036171399999,188.03,2908.7,"New York, US",0.994565,48842896
2026-10-03T11:17:34.216521+00:00,vast.ai,marketplace,H200 NVL,4.134722222222223,1,140.4,452.594361714,109.46136171399999,503.75,690.0,"Japan, JP",0.9963782,48217153
2026-10-03T11:17:34.216521+00:00,vast.ai,marketplace,H200 NVL,4.241851851851852,1,140.4,452.908361714,106.771361714,188.81,432.625,"Washington, US",0.9980064,46122989
2026-10-03T11:17:34.216521+00:00,vast.ai,marketplace,H200 NVL,4.420277777777778,1,140.4,396.014361714,89.590361714,125.76,639.9,"Washington, US",0.9973255,48497455
2026-10-03T11:17:34.216521+00:00,vast.ai,marketplace,H200 NVL,4.668055555555556,1,140.4,424.704361714,90.98136171399999,181.06,165.625,"Bulgaria, BG",0.9149192,44335851
2026-10-03T11:17:34.216521+00:00,vast.ai,marketplace,H200 NVL,4.668055555555556,1,140.4,452.423361714,96.91936171399999,251.4,832.7601498976197,"South Korea, KR",0.9811316,52223710
2026-10-03T11:17:34.216521+00:00,vast.ai,marketplace,H200 NVL,4.964537037037037,1,140.4,452.682361714,91.183361714,251.93,1412.5,"Czechia, CZ",0.9978399,21829064
2026-10-03T11:17:34.216521+00:00,vast.ai,marketplace,H200,5.0027412280701755,1,140.4,253.832361714,50.738361714,188.93,514.225,"Germany, DE",0.9371934,53594634
2026-10-03T11:17:34.216521+00:00,vast.ai,marketplace,H200,5.120248538011696,1,140.4,493.659361714,96.41336171399999,377.93,2036.7412565851453,"Saudi Arabia, SA",0.9963497,39605091
2026-10-03T11:17:34.216521+00:00,vast.ai,marketplace,H200,5.120248538011696,1,140.4,492.956361714,96.275361714,377.93,2840.278835364553,"Saudi Arabia, SA",0.9988099,39353731
2026-10-03T11:17:34.216521+00:00,vast.ai,marketplace,H100 SXM,5.174722222222222,1,79.65,303.810361714,58.710361714,221.46,2287.1079233166006,", US",0.998284,36346704
2026-10-03T11:17:34.216521+00:00,vast.ai,marketplace,B200,7.506510416666668,1,179.06,509.852361714,67.921361714,354.07,370.21999999999775,"Virginia, US",0.9943246,53976631
2026-10-03T11:17:34.216521+00:00,vast.ai,marketplace,B200,7.813802083333332,1,179.06,427.627361714,54.727361714,220.48,89.75,", US",0.9961228,53384348
2026-10-03T11:17:34.216521+00:00,vast.ai,marketplace,B200,8.618576388888888,1,179.06,658.2513617139999,76.375361714,283.43,276.88046085436133,"Maryland, US",0.9927359,53943893
2026-10-03T11:17:34.216521+00:00,vast.ai,marketplace,RTX 5090,9.334898148148149,1,31.84,194.91336171400002,20.880361714,31.36,843.5,"Taiwan, TW",0.9902845,53630594
2026-10-03T11:17:34.216521+00:00,vast.ai,marketplace,B200,9.381510416666666,1,179.06,698.9193617139999,74.49936171399999,249.5,2356.625,", US",0.9957211,51061894
2026-10-03T11:17:34.216521+00:00,vast.ai,marketplace,B300,9.938802083333334,1,268.59,846.398361714,85.161361714,251.92,797.625,"Croatia, HR",0.9945808,53579017
2026-10-03T11:17:34.216521+00:00,vast.ai,marketplace,RTX 5090,53.33435185185186,1,31.84,199.113361714,3.733361714,60.44,3349.0,"Ukraine, UA",0.9979711,46363452
