collected_at,provider,tier,gpu_model,price_usd_per_hr,num_gpus,gpu_ram_gb,dlperf,dlperf_per_dollar,cpu_ram_gb,disk_space_gb,region,reliability,offer_id
2026-10-02T12:06:07.336611+00:00,vast.ai,marketplace,Quadro P2000,0.02851851851851852,1,5.0,1.0175165609999999,35.687516560999995,6.83,29.25,"Nevada, US",0.9948544,49574214
2026-10-02T12:06:07.336611+00:00,vast.ai,marketplace,GTX 1660 S,0.03651851851851852,1,6.0,1.688516561,46.223516561,31.18,825.7,"California, US",0.9644408,52619475
2026-10-02T12:06:07.336611+00:00,vast.ai,marketplace,Quadro P4000,0.04092592592592593,1,8.0,2.083516561,50.913516560999994,15.6,338.3,"Missouri, US",0.996687,45958967
2026-10-02T12:06:07.336611+00:00,vast.ai,marketplace,GTX 1650,0.04740740740740741,1,4.0,1.296516561,27.358516561000002,11.75,90.625,"Oregon, US",0.9703815,52824445
2026-10-02T12:06:07.336611+00:00,vast.ai,marketplace,GTX 1080 Ti,0.04805555555555556,1,11.0,3.553516561,73.943516561,15.64,353.5,"United Kingdom, GB",0.9357417,53744004
2026-10-02T12:06:07.336611+00:00,vast.ai,marketplace,GTX 1070,0.04805555555555556,1,8.0,2.612516561,54.372516561,8.96,151.21147854139295,"South Korea, KR",0.992945,48484312
2026-10-02T12:06:07.336611+00:00,vast.ai,marketplace,GTX 1070,0.04805555555555556,1,8.0,2.497516561,51.978516561,8.96,58.98410159987037,"South Korea, KR",0.9943273,47060240
2026-10-02T12:06:07.336611+00:00,vast.ai,marketplace,Titan Xp,0.04805555555555556,1,12.0,5.757516561,119.808516561,8.96,96.68775510204081,"South Korea, KR",0.9950554,48455482
2026-10-02T12:06:07.336611+00:00,vast.ai,marketplace,Titan Xp,0.04805555555555556,1,12.0,5.757516561,119.808516561,8.96,74.2835838644477,"South Korea, KR",0.9956142,32784730
2026-10-02T12:06:07.336611+00:00,vast.ai,marketplace,GTX TITAN X,0.04805555555555556,1,12.0,3.355516561,69.816516561,7.73,69.5,"South Korea, KR",0.9972389,51832512
2026-10-02T12:06:07.336611+00:00,vast.ai,marketplace,GTX 1660 S,0.048629629629629634,1,6.0,1.724516561,35.455516560999996,15.56,284.0,"Oregon, US",0.9941692,53103417
2026-10-02T12:06:07.336611+00:00,vast.ai,marketplace,GTX 1070,0.049388888888888885,1,8.0,2.662516561,53.910516560999994,7.82,76.25,"South Korea, KR",0.9976347,50595371
2026-10-02T12:06:07.336611+00:00,vast.ai,marketplace,GTX 1070,0.049388888888888885,1,8.0,2.497516561,50.575516561,7.78,122.5,"South Korea, KR",0.9980851,50037971
2026-10-02T12:06:07.336611+00:00,vast.ai,marketplace,GTX 1070,0.050722222222222224,1,8.0,2.497516561,49.246516561,15.62,170.5,"South Korea, KR",0.9878769,50850384
2026-10-02T12:06:07.336611+00:00,vast.ai,marketplace,Quadro P4000,0.05344444444444444,1,8.0,2.083516561,38.987516561,31.44,236.5,"Nevada, US",0.9964681,48453748
2026-10-02T12:06:07.336611+00:00,vast.ai,marketplace,GTX 1080,0.05472222222222223,1,8.0,3.351516561,61.243516561,10.46,222.5,"South Korea, KR",0.9965262,50870183
2026-10-02T12:06:07.336611+00:00,vast.ai,marketplace,GTX 1080,0.05472222222222223,1,8.0,3.330516561,60.861516560999995,10.46,257.15,"South Korea, KR",0.992025,52708530
2026-10-02T12:06:07.336611+00:00,vast.ai,marketplace,GTX 1080,0.05472222222222223,1,8.0,3.351516561,61.243516561,15.52,151.0,"South Korea, KR",0.9930896,52708846
2026-10-02T12:06:07.336611+00:00,vast.ai,marketplace,Titan Xp,0.05472222222222223,1,12.0,5.757516561,105.212516561,10.45,233.51188834656173,"South Korea, KR",0.9938405,48369192
2026-10-02T12:06:07.336611+00:00,vast.ai,marketplace,Titan Xp,0.05472222222222223,1,12.0,5.757516561,105.212516561,10.46,248.66666666666666,"South Korea, KR",0.9948473,48474935
2026-10-02T12:06:07.336611+00:00,vast.ai,marketplace,Titan Xp,0.05472222222222223,1,12.0,5.757516561,105.212516561,10.45,258.15,"South Korea, KR",0.9952793,48453497
2026-10-02T12:06:07.336611+00:00,vast.ai,marketplace,GTX TITAN X,0.05472222222222223,1,12.0,3.355516561,61.310516561,15.51,82.0,"South Korea, KR",0.9875368,52856994
2026-10-02T12:06:07.336611+00:00,vast.ai,marketplace,GTX TITAN X,0.05472222222222223,1,12.0,3.355516561,61.310516561,7.76,134.75,"South Korea, KR",0.9920531,45748277
2026-10-02T12:06:07.336611+00:00,vast.ai,marketplace,Quadro P4000,0.055648148148148155,1,8.0,2.083516561,37.444516561,23.56,262.825,"United States, US",0.9870662,52494640
2026-10-02T12:06:07.336611+00:00,vast.ai,marketplace,RTX 3060,0.06046296296296297,1,12.0,12.266516561,202.88251656100002,15.54,234.0,"Thailand, TH",0.9944451,50243050
2026-10-02T12:06:07.336611+00:00,vast.ai,marketplace,RTX 3060,0.06092592592592593,1,12.0,12.045516561,197.70551656100002,15.63,100.0,"Poland, PL",0.9988807,45600112
2026-10-02T12:06:07.336611+00:00,vast.ai,marketplace,RTX 3060,0.06092592592592593,1,12.0,12.265516561,201.31651656100001,15.61,357.5,"Poland, PL",0.9990064,45598145
2026-10-02T12:06:07.336611+00:00,vast.ai,marketplace,RTX 3060,0.06092592592592593,1,12.0,12.317516561,202.172516561,15.63,380.5,"Poland, PL",0.9984508,45602039
2026-10-02T12:06:07.336611+00:00,vast.ai,marketplace,GTX 1660 Ti,0.06092592592592593,1,6.0,2.486516561,40.812516560999995,15.61,61.0,"Florida, US",0.9911804,53704099
2026-10-02T12:06:07.336611+00:00,vast.ai,marketplace,RTX 3060,0.061388888888888896,1,12.0,9.936516561,161.85951656100002,22.03,117.27000000000001,"Quebec, CA",0.9874333,53776850
2026-10-02T12:06:07.336611+00:00,vast.ai,marketplace,RTX 3060 Ti,0.061388888888888896,1,8.0,13.774516560999999,224.379516561,7.76,133.5,"South Korea, KR",0.9965292,46591553
2026-10-02T12:06:07.336611+00:00,vast.ai,marketplace,GTX 1080 Ti,0.06166666666666667,1,11.0,5.452516561,88.418516561,15.57,127.0,"Spain, ES",0.9913999,50865915
2026-10-02T12:06:07.336611+00:00,vast.ai,marketplace,RTX 3060,0.0637037037037037,1,12.0,10.773516561,169.12151656100002,31.42,23.5,"Wisconsin, US",0.9994078,45640327
2026-10-02T12:06:07.336611+00:00,vast.ai,marketplace,GTX 1080 Ti,0.06405555555555556,1,11.0,5.316516561,82.992516561,15.59,178.0,"South Korea, KR",0.9976111,47351762
2026-10-02T12:06:07.336611+00:00,vast.ai,marketplace,GTX 1080 Ti,0.06405555555555556,1,11.0,5.212516561,81.373516561,7.73,187.5,"South Korea, KR",0.9962818,50029620
2026-10-02T12:06:07.336611+00:00,vast.ai,marketplace,GTX 1080 Ti,0.06405555555555556,1,11.0,5.212516561,81.373516561,7.73,179.5,"South Korea, KR",0.9971652,50029567
2026-10-02T12:06:07.336611+00:00,vast.ai,marketplace,RTX 3060,0.06405555555555556,1,12.0,12.254516560999999,191.304516561,10.46,192.33333333333331,"South Korea, KR",0.992816,38722460
2026-10-02T12:06:07.336611+00:00,vast.ai,marketplace,RTX 3060,0.06677777777777778,1,12.0,12.256516561,183.548516561,23.59,164.5,"Utah, US",0.9973119,50492819
2026-10-02T12:06:07.336611+00:00,vast.ai,marketplace,GTX 1660 S,0.06708333333333333,1,6.0,1.712516561,25.522516561,41.9,942.3333333333333,"Quebec, CA",0.9521085,53849623
2026-10-02T12:06:07.336611+00:00,vast.ai,marketplace,Quadro P4000,0.06805555555555555,1,8.0,2.083516561,30.617516561000002,30.91,410.0,"Romania, RO",0.9974339,44056938
2026-10-02T12:06:07.336611+00:00,vast.ai,marketplace,GTX 1080 Ti,0.06805555555555555,1,11.0,5.212516561,76.59151656099999,15.64,294.5,"South Korea, KR",0.9969485,51203225
2026-10-02T12:06:07.336611+00:00,vast.ai,marketplace,GTX 1080,0.06805555555555555,1,8.0,3.483516561,51.191516561,46.98,152.0,"United Kingdom, GB",0.9959775,48420856
2026-10-02T12:06:07.336611+00:00,vast.ai,marketplace,Titan Xp,0.06805555555555555,1,12.0,5.183516561,76.171516561,8.96,104.42857142857142,"South Korea, KR",0.9965622,32787365
2026-10-02T12:06:07.336611+00:00,vast.ai,marketplace,RTX 3060,0.06805555555555555,1,12.0,12.337516561,181.285516561,47.22,128.375,"Vietnam, VN",0.9942164,23739096
2026-10-02T12:06:07.336611+00:00,vast.ai,marketplace,RTX 3060,0.06805555555555555,1,12.0,12.477516561,183.339516561,18.33,243.83333333333331,"Quebec, CA",0.9965339,28852196
2026-10-02T12:06:07.336611+00:00,vast.ai,marketplace,RTX 2070,0.06805555555555555,1,8.0,4.1045165610000005,60.306516560999995,7.77,178.0,"South Korea, KR",0.9949279,49864038
2026-10-02T12:06:07.336611+00:00,vast.ai,marketplace,RTX 3060,0.06851851851851852,1,12.0,12.311516561,179.68651656100002,94.32,333.925,"Ohio, US",0.9756291,53025339
2026-10-02T12:06:07.336611+00:00,vast.ai,marketplace,GTX 1080 Ti,0.06898148148148148,1,11.0,5.212516561,75.563516561,31.28,73.0,"South Korea, KR",0.9978878,40234662
2026-10-02T12:06:07.336611+00:00,vast.ai,marketplace,GTX 1080 Ti,0.06898148148148148,1,11.0,5.212516561,75.563516561,31.28,66.0,"South Korea, KR",0.9979197,52706152
2026-10-02T12:06:07.336611+00:00,vast.ai,marketplace,RTX 3060,0.07425925925925926,1,12.0,12.332516561,166.071516561,20.9,196.33333333333331,"Sweden, SE",0.9977594,45168673
2026-10-02T12:06:07.336611+00:00,vast.ai,marketplace,RTX 3060,0.07425925925925926,1,12.0,12.266516561,165.18051656100002,20.22,342.4428571428571,"Finland, FI",0.9820114,52309010
2026-10-02T12:06:07.336611+00:00,vast.ai,marketplace,RTX 2070S,0.07425925925925926,1,8.0,4.635516561,62.427516561,31.3,673.0,"Ontario, CA",0.9980173,44217462
2026-10-02T12:06:07.336611+00:00,vast.ai,marketplace,RTX 3060 Ti,0.07425925925925926,1,8.0,14.807516561,199.408516561,31.33,309.5,"Ontario, CA",0.9982885,18012464
2026-10-02T12:06:07.336611+00:00,vast.ai,marketplace,RTX 3060,0.07472222222222222,1,12.0,12.406516561,166.03251656100002,31.18,160.0,"South Korea, KR",0.9875969,50735732
2026-10-02T12:06:07.336611+00:00,vast.ai,marketplace,RTX 3060,0.07472222222222222,1,12.0,11.745516560999999,157.18751656100002,15.53,155.0,"South Korea, KR",0.9977266,51557547
2026-10-02T12:06:07.336611+00:00,vast.ai,marketplace,RTX 3060 Ti,0.07472222222222222,1,8.0,13.309516560999999,178.118516561,15.64,69.5,"Romania, RO",0.9596627,53850195
2026-10-02T12:06:07.336611+00:00,vast.ai,marketplace,RTX 3060 laptop,0.07918518518518519,1,12.0,12.780516560999999,161.404516561,15.66,157.55,"New Zealand, NZ",0.9990809,53788915
2026-10-02T12:06:07.336611+00:00,vast.ai,marketplace,RTX 3060,0.08002777777777778,1,12.0,12.366516561,154.521516561,20.95,179.17350449574275,"Pennsylvania, US",0.9330341,53252583
2026-10-02T12:06:07.336611+00:00,vast.ai,marketplace,RTX 3060,0.08005555555555555,1,12.0,12.264516560999999,153.20351656100001,20.97,227.04975582263893,"Thailand, TH",0.9846373,52389471
2026-10-02T12:06:07.336611+00:00,vast.ai,marketplace,RTX 2080 Ti,0.08005555555555555,1,11.0,9.099516561,113.667516561,25.15,186.39883732179328,"Quebec, CA",0.9983368,47984766
2026-10-02T12:06:07.336611+00:00,vast.ai,marketplace,GTX 1080 Ti,0.08138888888888889,1,11.0,5.212516561,64.043516561,8.96,105.82857142857142,"South Korea, KR",0.9970638,52603640
2026-10-02T12:06:07.336611+00:00,vast.ai,marketplace,Tesla V100,0.08138888888888889,1,16.0,18.196516561000003,223.571516561,31.43,353.25,"California, US",0.9822875,51994892
2026-10-02T12:06:07.336611+00:00,vast.ai,marketplace,RTX 3070,0.08138888888888889,1,8.0,16.276516561,199.97851656100002,31.32,51.5,"Vietnam, VN",0.9938147,49499650
2026-10-02T12:06:07.336611+00:00,vast.ai,marketplace,RTX 3060,0.08138888888888889,1,12.0,12.555516561,154.26951656100002,15.52,123.0,"South Korea, KR",0.9969894,53519033
2026-10-02T12:06:07.336611+00:00,vast.ai,marketplace,RTX 2080 Ti,0.08138888888888889,1,11.0,8.666516561,106.48151656099999,15.63,664.0,"Florida, US",0.9948816,39588997
2026-10-02T12:06:07.336611+00:00,vast.ai,marketplace,RTX 3060,0.08157407407407408,1,12.0,12.477516561,152.956516561,31.47,348.11582753041694,"Texas, US",0.99496,41247441
2026-10-02T12:06:07.336611+00:00,vast.ai,marketplace,Tesla V100,0.08185185185185186,1,16.0,20.174516561,246.470516561,31.26,195.81587874536146,"California, US",0.9385647,53827737
2026-10-02T12:06:07.336611+00:00,vast.ai,marketplace,Tesla V100,0.08185185185185186,1,16.0,18.697516561,228.433516561,31.26,369.9375,"California, US",0.9260662,53561990
2026-10-02T12:06:07.336611+00:00,vast.ai,marketplace,RTX 4060,0.08185185185185186,1,8.0,15.641516561,191.09151656100002,15.72,31.11250000000001,"Nevada, US",0.9955619,49481979
2026-10-02T12:06:07.336611+00:00,vast.ai,marketplace,RTX 3060 laptop,0.08185185185185186,1,12.0,12.781516561,156.158516561,31.32,772.0,"New Zealand, NZ",0.9975427,53854358
2026-10-02T12:06:07.336611+00:00,vast.ai,marketplace,RTX 3060,0.08370370370370371,1,12.0,12.685516561,151.557516561,31.4,677.65,"Nebraska, US",0.9991951,10692455
2026-10-02T12:06:07.336611+00:00,vast.ai,marketplace,RTX 3060 Ti,0.08405555555555555,1,8.0,13.778516561,163.922516561,62.94,599.2635150918511,"Sweden, SE",0.9944654,51184870
2026-10-02T12:06:07.336611+00:00,vast.ai,marketplace,RTX A4000,0.0875925925925926,1,15.99,16.838516561000002,192.232516561,23.49,320.0,"Poland, PL",0.9965398,45601701
2026-10-02T12:06:07.336611+00:00,vast.ai,marketplace,RTX 3070,0.08805555555555555,1,8.0,12.081516560999999,137.202516561,31.26,388.0,"Japan, JP",0.9961355,51773111
2026-10-02T12:06:07.336611+00:00,vast.ai,marketplace,Q RTX 4000,0.08805555555555555,1,8.0,4.1045165610000005,46.609516561,31.26,285.0,"Argentina, AR",0.9929751,37282264
2026-10-02T12:06:07.336611+00:00,vast.ai,marketplace,RTX 3060 laptop,0.08851851851851852,1,12.0,12.782516561,144.409516561,15.59,357.65,"New Zealand, NZ",0.9960606,50497807
2026-10-02T12:06:07.336611+00:00,vast.ai,marketplace,RTX 5060,0.08898148148148148,1,7.96,28.571516561000003,321.095516561,20.96,215.23919760649892,"United States, US",0.9947297,50138871
2026-10-02T12:06:07.336611+00:00,vast.ai,marketplace,RTX 3070,0.08944444444444445,1,8.0,16.279516561,182.005516561,23.59,179.625,"Utah, US",0.9986556,50148854
2026-10-02T12:06:07.336611+00:00,vast.ai,marketplace,RTX A4000,0.0915925925925926,1,15.99,19.615516561,214.155516561,41.93,59.33333333333333,"Japan, JP",0.9902568,49634066
2026-10-02T12:06:07.336611+00:00,vast.ai,marketplace,RTX A4000,0.0915925925925926,1,15.99,19.704516561000002,215.131516561,41.93,29.5,"Japan, JP",0.9904144,49619742
2026-10-02T12:06:07.336611+00:00,vast.ai,marketplace,RTX A4000,0.0915925925925926,1,15.99,19.416516561,211.99151656100003,41.93,55.666666666666664,"Japan, JP",0.9938003,49635431
2026-10-02T12:06:07.336611+00:00,vast.ai,marketplace,RTX 2080 Ti,0.09205555555555556,1,22.0,11.045516561,119.991516561,31.44,132.8761865258802,"Thailand, TH",0.9749134,51470063
2026-10-02T12:06:07.336611+00:00,vast.ai,marketplace,RTX 2080 Ti,0.09205555555555556,1,22.0,11.282516561,122.562516561,17.97,154.7142857142857,"Thailand, TH",0.983322,50286304
2026-10-02T12:06:07.336611+00:00,vast.ai,marketplace,RTX 2060,0.09300000000000001,1,6.0,3.158516561,33.965516561,15.64,132.5,"Poland, PL",0.9954278,51153773
2026-10-02T12:06:07.336611+00:00,vast.ai,marketplace,RTX 3070,0.09425925925925926,1,8.0,16.279516561,172.708516561,31.18,249.0,"Vietnam, VN",0.9962004,49948874
2026-10-02T12:06:07.336611+00:00,vast.ai,marketplace,RTX 3060 Ti,0.09425925925925926,1,8.0,12.760516561,135.37751656100002,15.54,142.0,"Argentina, AR",0.9909366,53606754
2026-10-02T12:06:07.336611+00:00,vast.ai,marketplace,RTX 3060 Ti,0.09472222222222222,1,8.0,13.757516561,145.243516561,41.9,272.3333333333333,"Quebec, CA",0.9607828,53728558
2026-10-02T12:06:07.336611+00:00,vast.ai,marketplace,Tesla P100,0.09564814814814815,1,16.0,6.489516561,67.848516561,39.01,542.925,"Texas, US",0.9949129,48981926
2026-10-02T12:06:07.336611+00:00,vast.ai,marketplace,RTX 4060 Ti,0.09564814814814815,1,16.0,22.516516561,235.414516561,23.54,325.0,"United States, US",0.991653,47543124
2026-10-02T12:06:07.336611+00:00,vast.ai,marketplace,RTX 3070,0.09611111111111112,1,8.0,16.280516561000002,169.392516561,31.23,312.0,"Spain, ES",0.9871535,51710062
2026-10-02T12:06:07.336611+00:00,vast.ai,marketplace,RTX 2080 Ti,0.09611111111111112,1,22.0,11.045516561,114.928516561,31.47,132.84922211172864,"United States, US",0.9939154,43529656
2026-10-02T12:06:07.336611+00:00,vast.ai,marketplace,RTX 5060,0.09612962962962963,1,7.96,28.237516561,293.73951656099996,31.26,291.0,"Vietnam, VN",0.991129,53079876
2026-10-02T12:06:07.336611+00:00,vast.ai,marketplace,RTX 3060 Ti,0.09706944444444444,1,8.0,10.976516561,113.07951656099999,7.61,239.0,"Spain, ES",0.9951701,46485962
2026-10-02T12:06:07.336611+00:00,vast.ai,marketplace,RTX 4060 Ti,0.09935185185185186,1,16.0,22.522516561,226.69951656100002,31.47,175.0375,", US",0.9944808,42171803
2026-10-02T12:06:07.336611+00:00,vast.ai,marketplace,RTX 5060,0.10018518518518518,1,7.96,28.261516561,282.093516561,29.81,525.0,"India, IN",0.9568585,48558053
2026-10-02T12:06:07.336611+00:00,vast.ai,marketplace,RTX A4000,0.10027777777777779,1,15.99,10.837516561,108.077516561,31.42,356.9,"Germany, DE",0.989179,50614344
2026-10-02T12:06:07.336611+00:00,vast.ai,marketplace,RTX 3060,0.10337777777777779,1,12.0,12.266516561,118.653516561,27.51,1017.625,"Texas, US",0.9981626,50069463
2026-10-02T12:06:07.336611+00:00,vast.ai,marketplace,RTX A4000,0.1063148148148148,1,15.99,21.189516561,199.313516561,39.26,265.85,"Estonia, EE",0.9972827,46119330
2026-10-02T12:06:07.336611+00:00,vast.ai,marketplace,Tesla P40,0.10672222222222222,1,24.0,5.879516561,55.087516561,62.81,696.25,"Thailand, TH",0.9916818,47185198
2026-10-02T12:06:07.336611+00:00,vast.ai,marketplace,RTX 2060,0.10694444444444445,1,12.0,3.941516561,36.856516561,8.96,128.28571428571428,"South Korea, KR",0.9960902,35050679
2026-10-02T12:06:07.336611+00:00,vast.ai,marketplace,RTX 3060,0.10712962962962963,1,12.0,12.695516561,118.505516561,31.18,567.9000000000001,"Thailand, TH",0.9913486,50460350
2026-10-02T12:06:07.336611+00:00,vast.ai,marketplace,RTX 3060,0.10714907407407408,1,12.0,10.056516560999999,93.85651656099999,15.4,277.0,"Spain, ES",0.9923972,47893736
2026-10-02T12:06:07.336611+00:00,vast.ai,marketplace,A16,0.1075925925925926,1,15.0,14.342516561,133.30551656100002,31.47,422.75,"Vietnam, VN",0.9973472,46601059
2026-10-02T12:06:07.336611+00:00,vast.ai,marketplace,Quadro P4000,0.10805555555555556,1,8.0,2.083516561,19.283516561000003,62.73,280.0,"United Kingdom, GB",0.9940677,53524843
2026-10-02T12:06:07.336611+00:00,vast.ai,marketplace,RTX A4000,0.10805555555555556,1,15.99,21.173516561,195.95451656100002,17.95,371.58511271327876,"Michigan, US",0.9829735,46301459
2026-10-02T12:06:07.336611+00:00,vast.ai,marketplace,RTX A4000,0.10805555555555556,1,15.99,21.191516561,196.117516561,23.57,115.5,"Delaware, US",0.9986761,48328449
2026-10-02T12:06:07.336611+00:00,vast.ai,marketplace,Q RTX 4000,0.10805555555555556,1,8.0,4.1045165610000005,37.982516561,62.73,293.0,"United Kingdom, GB",0.9976728,53525058
2026-10-02T12:06:07.336611+00:00,vast.ai,marketplace,RTX 2060,0.10805555555555556,1,12.0,4.026516561,37.259516561,10.46,237.97289267345732,"South Korea, KR",0.9954853,49698955
2026-10-02T12:06:07.336611+00:00,vast.ai,marketplace,RTX 2070S,0.10805555555555556,1,8.0,4.668516561000001,43.206516561,62.71,753.0,"Spain, ES",0.9981827,43384018
2026-10-02T12:06:07.336611+00:00,vast.ai,marketplace,RTX 3080,0.10805555555555556,1,10.0,26.963516561000002,249.529516561,7.59,72.0,"South Korea, KR",0.9977755,48452986
2026-10-02T12:06:07.336611+00:00,vast.ai,marketplace,RTX 3080,0.10805555555555556,1,10.0,26.963516561000002,249.529516561,15.46,105.0,"South Korea, KR",0.9730874,52911148
2026-10-02T12:06:07.336611+00:00,vast.ai,marketplace,RTX 4060 Ti,0.10805555555555556,1,16.0,22.522516561,208.439516561,62.82,1536.5,"Vietnam, VN",0.9900349,45031677
2026-10-02T12:06:07.336611+00:00,vast.ai,marketplace,RTX 4060 Ti,0.10805555555555556,1,16.0,22.498516561000002,208.21551656100002,31.31,642.7399407858136,"Vietnam, VN",0.9966166,45241065
2026-10-02T12:06:07.336611+00:00,vast.ai,marketplace,RTX 4070,0.10851851851851853,1,11.99,30.673516561,282.65751656099997,15.61,25.0,"Indiana, US",0.9961892,53566252
2026-10-02T12:06:07.336611+00:00,vast.ai,marketplace,Tesla V100,0.10898148148148148,1,16.0,20.174516561,185.11451656100002,43.19,729.25,"Texas, US",0.9830669,30970801
2026-10-02T12:06:07.336611+00:00,vast.ai,marketplace,RTX 3060,0.10898148148148148,1,12.0,12.407516561,113.852516561,62.82,738.5,"Norway, NO",0.9984874,34538917
2026-10-02T12:06:07.336611+00:00,vast.ai,marketplace,RTX 3060,0.10898148148148148,1,12.0,12.335516561,113.193516561,31.46,163.87500000000003,"Norway, NO",0.9983298,13388137
2026-10-02T12:06:07.336611+00:00,vast.ai,marketplace,RTX 3060,0.10898148148148148,1,12.0,12.475516561,114.47551656099999,31.46,146.36250000000007,"Norway, NO",0.9915243,51941439
2026-10-02T12:06:07.336611+00:00,vast.ai,marketplace,RTX A2000,0.10898148148148148,1,5.99,8.576516561,78.697516561,62.89,724.5,"Norway, NO",0.996953,29318075
2026-10-02T12:06:07.336611+00:00,vast.ai,marketplace,RTX A4000,0.10944444444444446,1,15.99,21.186516561,193.58451656100002,31.29,771.0,"Spain, ES",0.9974521,44716854
2026-10-02T12:06:07.336611+00:00,vast.ai,marketplace,RTX 4070S,0.1126851851851852,1,11.99,34.699516560999996,307.932516561,11.78,358.87488303062236,", US",0.9915124,44275544
2026-10-02T12:06:07.336611+00:00,vast.ai,marketplace,RTX 4070S,0.1126851851851852,1,11.99,34.777516561,308.625516561,11.78,168.375,"United States, US",0.9769968,42643526
2026-10-02T12:06:07.336611+00:00,vast.ai,marketplace,RTX 4060 Ti,0.11425931792592592,1,16.0,22.504516561000003,196.963516561,23.57,157.8625,"California, US",0.9618569,52442691
2026-10-02T12:06:07.336611+00:00,vast.ai,marketplace,RTX 5060 Ti,0.11494444444444445,1,15.93,32.912516561,286.337516561,31.35,259.0,"Norway, NO",0.997625,53546728
2026-10-02T12:06:07.336611+00:00,vast.ai,marketplace,RTX 3070,0.115,1,8.0,15.943516561,138.640516561,15.64,354.5,"Spain, ES",0.9897371,52230483
2026-10-02T12:06:07.336611+00:00,vast.ai,marketplace,RTX 3060 laptop,0.11785185185185186,1,12.0,12.781516561,108.45751656099999,15.59,320.85,"New Zealand, NZ",0.9959207,51286013
2026-10-02T12:06:07.336611+00:00,vast.ai,marketplace,RTX A4500,0.1187222222222222,1,19.99,20.567516561,173.23951656100002,41.88,98.33333333333333,"Czechia, CZ",0.991773,53439851
2026-10-02T12:06:07.336611+00:00,vast.ai,marketplace,RTX 5060 Ti,0.12092592592592594,1,15.93,38.524516561,318.57851656099996,30.01,6.0,"Brazil, BR",0.9917493,53088092
2026-10-02T12:06:07.336611+00:00,vast.ai,marketplace,RTX 4060 Ti,0.1212962962962963,1,16.0,12.626516560999999,104.096516561,31.45,103.60000000000001,"Quebec, CA",0.9990423,53654078
2026-10-02T12:06:07.336611+00:00,vast.ai,marketplace,RTX A4000,0.1213888888888889,1,15.99,21.191516561,174.576516561,18.17,104.125,"Delaware, US",0.9995088,46653909
2026-10-02T12:06:07.336611+00:00,vast.ai,marketplace,RTX A4000,0.1213888888888889,1,15.99,21.191516561,174.576516561,15.66,160.25468664192783,"Utah, US",0.9907509,50591544
2026-10-02T12:06:07.336611+00:00,vast.ai,marketplace,Tesla V100,0.1213888888888889,1,16.0,19.269516561,158.73951656100002,62.86,3374.1,"Quebec, CA",0.9599451,53747993
2026-10-02T12:06:07.336611+00:00,vast.ai,marketplace,RTX 3070,0.12175925925925928,1,8.0,16.282516561,133.72951656100003,31.15,120.0,"Brazil, BR",0.9961641,41360120
2026-10-02T12:06:07.336611+00:00,vast.ai,marketplace,RTX 4070,0.12185185185185186,1,11.99,34.132516560999996,280.117516561,31.42,389.0,"Alberta, CA",0.9965461,45498590
2026-10-02T12:06:07.336611+00:00,vast.ai,marketplace,RTX 5060 Ti,0.12203703703703704,1,15.93,38.444516561,315.021516561,21.98,208.20000000000002,"Denmark, DK",0.9979687,51938790
2026-10-02T12:06:07.336611+00:00,vast.ai,marketplace,RTX 4060,0.12231481481481482,1,8.0,15.641516561,127.876516561,251.59,674.0,"Quebec, CA",0.9951073,53848291
2026-10-02T12:06:07.336611+00:00,vast.ai,marketplace,Tesla V100,0.12277777777777779,1,32.0,23.192516561,188.89551656100002,39.31,309.82500000000005,"Nevada, US",0.9945327,49757630
2026-10-02T12:06:07.336611+00:00,vast.ai,marketplace,RTX 3060,0.12606666666666666,1,12.0,9.998516560999999,79.309516561,19.5,475.0,"Spain, ES",0.9871676,48105707
2026-10-02T12:06:07.336611+00:00,vast.ai,marketplace,RTX 5060 Ti,0.12672222222222224,1,15.93,19.561516561,154.363516561,31.41,52.5,"Quebec, CA",0.9983516,53675109
2026-10-02T12:06:07.336611+00:00,vast.ai,marketplace,RTX 5060 Ti,0.12892592592592592,1,15.93,38.887516561,301.627516561,15.7,299.00351498144596,"British Columbia, CA",0.9872027,46481719
2026-10-02T12:06:07.336611+00:00,vast.ai,marketplace,RTX 3080 Ti,0.13398148148148148,1,12.0,32.905516561,245.59851656100003,11.7,80.0,"Poland, PL",0.9936973,51796614
2026-10-02T12:06:07.336611+00:00,vast.ai,marketplace,RTX A4000,0.13425925925925924,1,15.99,21.186516561,157.80551656100002,62.85,306.5,"France, FR",0.9976011,49299791
2026-10-02T12:06:07.336611+00:00,vast.ai,marketplace,RTX 3060,0.13425925925925924,1,12.0,12.407516561,92.416516561,31.18,1483.0,"South Korea, KR",0.990447,50564535
2026-10-02T12:06:07.336611+00:00,vast.ai,marketplace,RTX 2080 Ti,0.13425925925925924,1,11.0,8.666516561,64.549516561,62.89,1542.75,"Maryland, US",0.9988825,53776176
2026-10-02T12:06:07.336611+00:00,vast.ai,marketplace,RTX 3080 Ti,0.13472222222222222,1,12.0,26.442516561,196.277516561,37.72,257.0,"Quebec, CA",0.9992425,53806199
2026-10-02T12:06:07.336611+00:00,vast.ai,marketplace,RTX 4060 Ti,0.13472222222222222,1,16.0,22.529516561,167.225516561,31.25,296.0000000000001,"Kentucky, US",0.9916617,48221812
2026-10-02T12:06:07.336611+00:00,vast.ai,marketplace,RTX 4060 Ti,0.13472222222222222,1,16.0,22.529516561,167.225516561,19.43,341.0,"Kentucky, US",0.9843163,40407013
2026-10-02T12:06:07.336611+00:00,vast.ai,marketplace,RTX 4060 Ti,0.13472222222222222,1,16.0,22.553516561000002,167.404516561,31.18,323.0,"Kentucky, US",0.9951332,53613031
2026-10-02T12:06:07.336611+00:00,vast.ai,marketplace,RTX 4060 Ti,0.13472222222222222,1,16.0,22.522516561,167.18151656100002,62.86,346.0,"South Africa, ZA",0.9884819,50860344
2026-10-02T12:06:07.336611+00:00,vast.ai,marketplace,RTX 3070,0.13564814814814816,1,8.0,16.410516561,120.97851656099999,62.89,351.4549985496959,"Norway, NO",0.9980675,16581606
2026-10-02T12:06:07.336611+00:00,vast.ai,marketplace,RTX A2000,0.13564814814814816,1,5.99,8.574516561,63.214516560999996,125.78,1512.5,"Norway, NO",0.9976985,52457957
2026-10-02T12:06:07.336611+00:00,vast.ai,marketplace,RTX 4060 Ti,0.13564814814814816,1,16.0,22.890516561000002,168.75251656100002,15.63,293.0,"Romania, RO",0.950766,53307221
2026-10-02T12:06:07.336611+00:00,vast.ai,marketplace,RTX 4060 Ti,0.13564814814814816,1,16.0,22.535516561,166.128516561,31.36,754.5,"Colorado, US",0.9885256,53800445
2026-10-02T12:06:07.336611+00:00,vast.ai,marketplace,RTX 5060 Ti,0.13564814814814816,1,15.93,32.921516561,242.69751656100001,15.55,658.0,"Romania, RO",0.9684048,53552430
2026-10-02T12:06:07.336611+00:00,vast.ai,marketplace,RTX 4070,0.1361111111111111,1,11.99,33.737516561,247.869516561,20.96,97.82500000000005,"Washington, US",0.9993097,16213988
2026-10-02T12:06:07.336611+00:00,vast.ai,marketplace,RTX 5060 Ti,0.13703703703703704,1,15.93,38.266516560999996,279.242516561,31.17,705.5,"Spain, ES",0.9981967,50053531
2026-10-02T12:06:07.336611+00:00,vast.ai,marketplace,RTX 5060 Ti,0.13796296296296295,1,15.93,33.076516561,239.75251656100002,31.42,143.5,"France, FR",0.9932453,53680249
2026-10-02T12:06:07.336611+00:00,vast.ai,marketplace,RTX 5060 Ti,0.13822962962962962,1,15.93,38.375516561,277.624516561,83.85,415.3333333333333,"Texas, US",0.9967573,32665031
2026-10-02T12:06:07.336611+00:00,vast.ai,marketplace,RTX 3070,0.13828755555555555,1,8.0,16.281516561,117.73751656099999,20.93,95.00000000000001,"Oklahoma, US",0.9903097,53049416
2026-10-02T12:06:07.336611+00:00,vast.ai,marketplace,RTX 3090,0.13935185185185184,1,24.0,34.852516560999995,250.10351656100002,31.47,136.96455870856374,"United States, US",0.9958088,44579227
2026-10-02T12:06:07.336611+00:00,vast.ai,marketplace,RTX 5070,0.1398148148148148,1,11.94,50.150516560999996,358.69151656099996,30.4,972.0,"Sweden, SE",0.9969535,53026553
2026-10-02T12:06:07.336611+00:00,vast.ai,marketplace,RTX 5060 Ti,0.1401851851851852,1,7.96,30.103516561000003,214.73951656100002,29.96,576.0,"India, IN",0.9479977,48558068
2026-10-02T12:06:07.336611+00:00,vast.ai,marketplace,RTX 5060 Ti,0.1401851851851852,1,15.93,38.545516561,274.957516561,29.96,490.0,"India, IN",0.9388149,50282300
2026-10-02T12:06:07.336611+00:00,vast.ai,marketplace,RTX 5060 Ti,0.1413888888888889,1,15.93,38.630516561,273.22251656099996,31.44,68.875,"Poland, PL",0.9836674,51539896
2026-10-02T12:06:07.336611+00:00,vast.ai,marketplace,RTX 3080,0.14185185185185187,1,10.0,20.156516561,142.09851656100003,10.4,159.33333333333331,"Spain, ES",0.9887999,50715181
2026-10-02T12:06:07.336611+00:00,vast.ai,marketplace,RTX 3090,0.14759259259259258,1,24.0,44.318516560999996,300.276516561,62.85,17.666666666666664,"Germany, DE",0.8942315,44359488
2026-10-02T12:06:07.336611+00:00,vast.ai,marketplace,RTX 3080,0.14759259259259258,1,10.0,27.141516561,183.892516561,31.25,791.0,"Argentina, AR",0.9981205,29430929
2026-10-02T12:06:07.336611+00:00,vast.ai,marketplace,RTX 5060 Ti,0.14782407407407408,1,15.93,38.375516561,259.605516561,31.36,168.55000000000007,"New Jersey, US",0.9965493,46239656
2026-10-02T12:06:07.336611+00:00,vast.ai,marketplace,RTX 3090,0.14805555555555555,1,24.0,44.363516561,299.64051656099997,31.44,195.78333591098718,"Yunnan, CN",0.9180096,35580413
2026-10-02T12:06:07.336611+00:00,vast.ai,marketplace,RTX A4000,0.14805555555555555,1,15.99,21.189516561,143.12151656100002,62.87,367.0,"Massachusetts, US",0.9688934,51648677
2026-10-02T12:06:07.336611+00:00,vast.ai,marketplace,Titan V,0.14805555555555555,1,12.0,21.927516561,148.105516561,15.59,376.0,"South Korea, KR",0.9966419,52709208
2026-10-02T12:06:07.336611+00:00,vast.ai,marketplace,RTX 4060 Ti,0.14805555555555555,1,8.0,18.007516561000003,121.624516561,31.18,641.0,"Mexico, MX",0.9980277,40180147
2026-10-02T12:06:07.336611+00:00,vast.ai,marketplace,RTX 3080,0.14805555555555555,1,10.0,25.828516561,174.45351656100001,15.57,342.0,"Austria, AT",0.9968256,52953027
2026-10-02T12:06:07.336611+00:00,vast.ai,marketplace,RTX 3060 Ti,0.14805555555555555,1,8.0,13.860516560999999,93.61851656099999,110.12,135.0,"Massachusetts, US",0.985078,46460414
2026-10-02T12:06:07.336611+00:00,vast.ai,marketplace,RTX 3060 Ti,0.14805555555555555,1,8.0,13.777516560999999,93.054516561,94.31,130.0,"Massachusetts, US",0.9754434,51361323
2026-10-02T12:06:07.336611+00:00,vast.ai,marketplace,RTX 4060 Ti,0.14805555555555555,1,16.0,22.522516561,152.125516561,15.63,135.0,"Ireland, IE",0.9954845,53187518
2026-10-02T12:06:07.336611+00:00,vast.ai,marketplace,RTX 5060 Ti,0.14805555555555555,1,15.93,38.348516561,259.01551656099997,31.46,360.75,"Connecticut, US",0.9940511,49816733
2026-10-02T12:06:07.336611+00:00,vast.ai,marketplace,RTX 3060,0.14816666666666667,1,12.0,12.548516561,84.688516561,62.86,306.5,"New York, US",0.9980119,52140339
2026-10-02T12:06:07.336611+00:00,vast.ai,marketplace,Tesla T4,0.14938888888888888,1,15.0,4.302516561,28.800516561000002,31.42,137.9,"Czechia, CZ",0.9974507,13080909
2026-10-02T12:06:07.336611+00:00,vast.ai,marketplace,RTX 5060 Ti,0.1499074074074074,1,15.93,38.348516561,255.815516561,125.96,582.75,"United Kingdom, GB",0.994958,49733335
2026-10-02T12:06:07.336611+00:00,vast.ai,marketplace,RTX 3090,0.15268518518518517,1,24.0,44.359516561,290.528516561,31.47,134.25,"California, US",0.9879089,52714981
2026-10-02T12:06:07.336611+00:00,vast.ai,marketplace,RTX 3090,0.15268518518518517,1,24.0,44.602516560999995,292.123516561,31.44,147.75,"United States, US",0.9728497,53644720
2026-10-02T12:06:07.336611+00:00,vast.ai,marketplace,RTX 5060 Ti,0.15425925925925926,1,15.93,38.369516561,248.731516561,23.53,78.5,"Bulgaria, BG",0.9930613,46881314
2026-10-02T12:06:07.336611+00:00,vast.ai,marketplace,RTX 5060 Ti,0.16046296296296297,1,15.93,38.538516560999994,240.16851656100002,62.6,1595.9,"Thailand, TH",0.9990817,45887068
2026-10-02T12:06:07.336611+00:00,vast.ai,marketplace,RTX 3090,0.1613888888888889,1,24.0,40.495516560999995,250.915516561,15.6,80.0,"France, FR",0.9933387,53591815
2026-10-02T12:06:07.336611+00:00,vast.ai,marketplace,Titan V,0.1613888888888889,1,12.0,21.927516561,135.869516561,15.59,363.5,"South Korea, KR",0.9979522,50869995
2026-10-02T12:06:07.336611+00:00,vast.ai,marketplace,RTX 4060 Ti,0.1613888888888889,1,8.0,18.021516561000002,111.663516561,31.17,592.0,"Mexico, MX",0.9967566,40172426
2026-10-02T12:06:07.336611+00:00,vast.ai,marketplace,RTX 3080,0.1613888888888889,1,10.0,27.107516561,167.96651656100002,46.96,10.0,"Ontario, CA",0.9871883,53030399
2026-10-02T12:06:07.336611+00:00,vast.ai,marketplace,RTX 4060 Ti,0.1613888888888889,1,16.0,22.614516561000002,140.12651656100002,31.27,201.0,"Kentucky, US",0.9895835,30829053
2026-10-02T12:06:07.336611+00:00,vast.ai,marketplace,Tesla V100,0.1613888888888889,1,32.0,23.192516561,143.70351656100001,31.45,256.1742674679168,"British Columbia, CA",0.9952413,45783721
2026-10-02T12:06:07.336611+00:00,vast.ai,marketplace,RTX 5070 Ti,0.1613888888888889,1,15.92,53.639516561,332.361516561,15.67,47.25,"South Korea, KR",0.9925598,38692159
2026-10-02T12:06:07.336611+00:00,vast.ai,marketplace,RTX 5060 Ti,0.1613888888888889,1,15.93,38.423516561,238.081516561,30.38,367.0,"Switzerland, CH",0.9958711,53186326
2026-10-02T12:06:07.336611+00:00,vast.ai,marketplace,RTX 5060 Ti,0.1613888888888889,1,15.93,19.626516561000003,121.611516561,47.2,347.25,"Switzerland, CH",0.9867389,53186411
2026-10-02T12:06:07.336611+00:00,vast.ai,marketplace,RTX 5060 Ti,0.1613888888888889,1,15.93,38.382516560999996,237.82851656100001,31.45,368.25,"Switzerland, CH",0.988333,53186467
2026-10-02T12:06:07.336611+00:00,vast.ai,marketplace,RTX 5060 Ti,0.1613888888888889,1,15.93,38.375516561,237.785516561,31.27,611.0000000000001,"Connecticut, US",0.991832,49261793
2026-10-02T12:06:07.336611+00:00,vast.ai,marketplace,RTX 3060 Ti,0.16231481481481483,1,8.0,13.776516561,84.875516561,62.96,366.5,"Norway, NO",0.9895503,53038583
2026-10-02T12:06:07.336611+00:00,vast.ai,marketplace,RTX 4060 Ti,0.16231481481481483,1,16.0,22.578516561,139.10351656100002,62.96,95.125,"Norway, NO",0.9970287,31011001
2026-10-02T12:06:07.336611+00:00,vast.ai,marketplace,RTX 5060 Ti,0.16231481481481483,1,15.93,38.423516561,236.72351656100003,41.89,565.4422370725247,"France, FR",0.9636266,52554316
2026-10-02T12:06:07.336611+00:00,vast.ai,marketplace,RTX 5060 Ti,0.16405555555555554,1,15.93,33.538516560999994,204.43051656100002,27.47,200.0,"Taiwan, TW",0.9943528,41702074
2026-10-02T12:06:07.336611+00:00,vast.ai,marketplace,RTX 5060 Ti,0.16462962962962963,1,15.93,38.382516560999996,233.146516561,31.26,695.0,"Illinois, US",0.9799482,51526997
2026-10-02T12:06:07.336611+00:00,vast.ai,marketplace,Tesla T4,0.16749999999999998,1,16.0,4.400516561000001,26.272516561,125.93,3034.5,"Norway, NO",0.9976269,41364915
2026-10-02T12:06:07.336611+00:00,vast.ai,marketplace,RTX 3080,0.16805555555555554,1,10.0,26.960516561000002,160.423516561,31.14,107.0,"Argentina, AR",0.9847723,45863091
2026-10-02T12:06:07.336611+00:00,vast.ai,marketplace,RTX 5060 Ti,0.17205555555555554,1,15.93,38.389516561,223.123516561,62.85,642.8,"Quebec, CA",0.9870743,52945545
2026-10-02T12:06:07.336611+00:00,vast.ai,marketplace,RTX 3090,0.17472222222222222,1,24.0,44.592516561,255.218516561,34.02,884.0,"Kuwait, KW",0.9958634,33137670
2026-10-02T12:06:07.336611+00:00,vast.ai,marketplace,RTX 3070,0.17472222222222222,1,8.0,16.278516561,93.166516561,15.53,805.9,"Japan, JP",0.9913893,53422687
2026-10-02T12:06:07.336611+00:00,vast.ai,marketplace,RTX 3070,0.17472222222222222,1,8.0,12.279516561,70.280516561,10.42,244.29999999999998,"France, FR",0.9981678,51557330
2026-10-02T12:06:07.336611+00:00,vast.ai,marketplace,RTX 3070 Ti,0.17472222222222222,1,8.0,18.210516561000002,104.22551656099999,62.57,273.0,"Massachusetts, US",0.9938368,44162569
2026-10-02T12:06:07.336611+00:00,vast.ai,marketplace,RTX 3080,0.17472222222222222,1,10.0,27.110516561,155.165516561,15.55,361.0,"Austria, AT",0.971585,52468283
2026-10-02T12:06:07.336611+00:00,vast.ai,marketplace,RTX 3080 Ti,0.17472222222222222,1,12.0,26.606516561000003,152.278516561,15.67,199.75,"Taiwan, TW",0.9942077,50375374
2026-10-02T12:06:07.336611+00:00,vast.ai,marketplace,RTX 5060 Ti,0.17472222222222222,1,15.93,38.503516561,220.37151656100002,15.55,68.0,"Spain, ES",0.9956861,43384717
2026-10-02T12:06:07.336611+00:00,vast.ai,marketplace,RTX 5060 Ti,0.17564814814814816,1,15.93,38.369516561,218.44351656100002,31.44,682.75,"Norway, NO",0.9951041,29204633
2026-10-02T12:06:07.336611+00:00,vast.ai,marketplace,RTX 5060 Ti,0.17564814814814816,1,15.93,38.341516561,218.28751656100002,30.45,732.0,"Pennsylvania, US",0.9814227,51155350
2026-10-02T12:06:07.336611+00:00,vast.ai,marketplace,RTX 3090,0.17587962962962964,1,24.0,38.038516560999994,216.273516561,29.37,121.5,"Quebec, CA",0.7836864,49745142
2026-10-02T12:06:07.336611+00:00,vast.ai,marketplace,RTX 3090,0.17587962962962964,1,24.0,44.592516561,253.53851656100002,31.32,218.0,"Quebec, CA",0.9970221,11997119
2026-10-02T12:06:07.336611+00:00,vast.ai,marketplace,RTX 3090,0.17587962962962964,1,24.0,43.479516561,247.208516561,31.34,312.5,"Quebec, CA",0.7747703,49745114
2026-10-02T12:06:07.336611+00:00,vast.ai,marketplace,RTX 5060 Ti,0.1773888888888889,1,15.93,38.929516561,219.457516561,62.94,326.0351861599565,"Germany, DE",0.9975975,44053749
2026-10-02T12:06:07.336611+00:00,vast.ai,marketplace,RTX 5060 Ti,0.1773888888888889,1,15.93,38.510516560999996,217.09751656100002,62.94,346.425,"Germany, DE",0.991251,48190496
2026-10-02T12:06:07.336611+00:00,vast.ai,marketplace,RTX 5060 Ti,0.17750000000000002,1,15.93,38.396516561,216.31851656100002,23.4,265.0,"Romania, RO",0.9924627,53815675
2026-10-02T12:06:07.336611+00:00,vast.ai,marketplace,RTX 3090,0.17828887384417705,1,24.0,44.362516561,248.821516561,31.44,729.1206503899141,"Sweden, SE",0.9572011,53250089
2026-10-02T12:06:07.336611+00:00,vast.ai,marketplace,RTX 3090,0.17935185185185185,1,24.0,44.363516561,247.35351656100002,53.96,307.85714285714283,"United States, US",0.9803235,48317514
2026-10-02T12:06:07.336611+00:00,vast.ai,marketplace,RTX 3090,0.17935185185185185,1,24.0,44.841516561,250.02051656100002,23.59,296.827134126151,"United States, US",0.9931388,43751720
2026-10-02T12:06:07.336611+00:00,vast.ai,marketplace,RTX 4060 Ti,0.18078703703703705,1,16.0,22.529516561,124.616516561,251.88,550.65,"Germany, DE",0.998711,49407382
2026-10-02T12:06:07.336611+00:00,vast.ai,marketplace,RTX 3080 Ti,0.18729629629629632,1,12.0,34.520516561,184.308516561,62.66,728.0,"Pennsylvania, US",0.9936355,53271755
2026-10-02T12:06:07.336611+00:00,vast.ai,marketplace,RTX 3090,0.1875925925925926,1,24.0,44.843516561,239.04451656100002,26.51,217.34349146815129,"Bulgaria, BG",0.9298596,50092489
2026-10-02T12:06:07.336611+00:00,vast.ai,marketplace,RTX A5000,0.18805555555555556,1,23.99,35.353516561,187.99651656100002,94.38,640.4,"Australia, AU",0.9873688,11925445
2026-10-02T12:06:07.336611+00:00,vast.ai,marketplace,RTX 3090,0.18805555555555556,1,24.0,44.366516561,235.91951656100002,125.88,135.25,"Thailand, TH",0.7403209,51567297
2026-10-02T12:06:07.336611+00:00,vast.ai,marketplace,RTX 4070S Ti,0.18805555555555556,1,15.99,51.015516561,271.279516561,30.98,736.0,"Germany, DE",0.993218,47708344
2026-10-02T12:06:07.336611+00:00,vast.ai,marketplace,RTX 4060 Ti,0.18805555555555556,1,16.0,21.185516561,112.653516561,62.58,2495.0,"Utah, US",0.9968791,49984008
2026-10-02T12:06:07.336611+00:00,vast.ai,marketplace,RTX 3080,0.18811111111111112,1,10.0,21.326516561000002,113.370516561,31.26,808.0,"Argentina, AR",0.9975423,29430973
2026-10-02T12:06:07.336611+00:00,vast.ai,marketplace,RTX 4070S Ti,0.18851851851851853,1,15.99,53.035516560999994,281.32851656099996,50.34,287.9596256979916,"Bulgaria, BG",0.9802169,53719523
2026-10-02T12:06:07.336611+00:00,vast.ai,marketplace,RTX 5070,0.18851851851851853,1,11.94,50.358516560999995,267.125516561,23.26,383.5,"France, FR",0.9680135,52810517
2026-10-02T12:06:07.336611+00:00,vast.ai,marketplace,RTX 4070S Ti,0.1889814814814815,1,15.99,51.015516561,269.949516561,31.36,778.0,"Ontario, CA",0.9941723,46689187
2026-10-02T12:06:07.336611+00:00,vast.ai,marketplace,RTX 5060 Ti,0.18938888888888886,1,15.93,38.396516561,202.738516561,31.2,1643.0,"Maryland, US",0.9960896,42458622
2026-10-02T12:06:07.336611+00:00,vast.ai,marketplace,RTX 4070,0.19083333333333335,1,11.99,33.723516561,176.71751656100002,62.86,747.5,"New York, US",0.9974358,52140290
2026-10-02T12:06:07.336611+00:00,vast.ai,marketplace,RTX 4070S Ti,0.19118518518518518,1,15.99,47.862516561,250.344516561,46.11,810.187314432435,"Bulgaria, BG",0.986709,53678282
2026-10-02T12:06:07.336611+00:00,vast.ai,marketplace,RTX 4070S Ti,0.19268518518518518,1,15.99,51.484516561,267.195516561,19.6,287.0,"United States, US",0.9919232,50022960
2026-10-02T12:06:07.336611+00:00,vast.ai,marketplace,RTX 3090,0.2009259259259259,1,24.0,44.641516560999996,222.18051656100002,31.37,587.75,"Utah, US",0.9847258,7899207
2026-10-02T12:06:07.336611+00:00,vast.ai,marketplace,RTX 5070,0.2009259259259259,1,11.94,50.032516560999994,249.010516561,62.67,407.0,"Nevada, US",0.9961305,51172652
2026-10-02T12:06:07.336611+00:00,vast.ai,marketplace,RTX 4000Ada,0.2011111111111111,1,20.0,31.350516561000003,155.886516561,31.39,276.5,"Romania, RO",0.9974495,53234680
2026-10-02T12:06:07.336611+00:00,vast.ai,marketplace,RTX 4070S Ti,0.20138888888888887,1,15.99,31.733516561000002,157.570516561,31.01,1540.5,"Ontario, CA",0.9960954,44330776
2026-10-02T12:06:07.336611+00:00,vast.ai,marketplace,RTX 3080,0.20138888888888887,1,10.0,24.304516561,120.683516561,17.69,153.4125,"Florida, US",0.9942485,53650834
2026-10-02T12:06:07.336611+00:00,vast.ai,marketplace,RTX 3080,0.20138888888888887,1,10.0,27.110516561,134.619516561,31.32,435.0,"Taiwan, TW",0.9992635,35966568
2026-10-02T12:06:07.336611+00:00,vast.ai,marketplace,RTX 3080,0.20138888888888887,1,10.0,26.685516561,132.50851656100002,15.66,198.0,"Taiwan, TW",0.9989624,34092776
2026-10-02T12:06:07.336611+00:00,vast.ai,marketplace,RTX 3080,0.20138888888888887,1,10.0,27.254516561000003,135.331516561,15.59,357.0,"Taiwan, TW",0.9984287,37206301
2026-10-02T12:06:07.336611+00:00,vast.ai,marketplace,Tesla V100,0.20138888888888887,1,32.0,25.598516561,127.10951656099999,62.82,795.5,"Colorado, US",0.9869167,53648586
2026-10-02T12:06:07.336611+00:00,vast.ai,marketplace,RTX 4060 Ti,0.20138888888888887,1,16.0,22.522516561,111.83851656099999,41.92,467.16666666666663,"Texas, US",0.9993293,51925402
2026-10-02T12:06:07.336611+00:00,vast.ai,marketplace,RTX 5070 Ti,0.20138888888888887,1,15.92,17.815516561000003,88.46051656099999,62.63,1542.0,"South Korea, KR",0.9967556,47781498
2026-10-02T12:06:07.336611+00:00,vast.ai,marketplace,Tesla P100,0.20166666666666666,1,16.0,5.823516561000001,28.874516561,251.88,100.19999999999999,"United Kingdom, GB",0.9958012,35888793
2026-10-02T12:06:07.336611+00:00,vast.ai,marketplace,RTX 5070,0.20185185185185184,1,11.94,49.882516560999996,247.124516561,30.46,1447.0,"Utah, US",0.9937013,50234335
2026-10-02T12:06:07.336611+00:00,vast.ai,marketplace,RTX 3090,0.2023148148148148,1,24.0,44.606516561,220.482516561,31.4,526.8000000000001,"Estonia, EE",0.9937866,51312369
2026-10-02T12:06:07.336611+00:00,vast.ai,marketplace,RTX 4070 Ti,0.2023148148148148,1,11.99,35.599516560999994,175.963516561,31.44,723.875,"Delaware, US",0.9935557,50258862
2026-10-02T12:06:07.336611+00:00,vast.ai,marketplace,RTX PRO 4000,0.2023148148148148,1,23.89,65.71651656099999,324.822516561,62.91,252.25,"Utah, US",0.9903812,47510356
2026-10-02T12:06:07.336611+00:00,vast.ai,marketplace,RTX PRO 4000,0.2023148148148148,1,23.89,65.632516561,324.40751656099997,62.86,678.5,"Alberta, CA",0.9800978,53630776
2026-10-02T12:06:07.336611+00:00,vast.ai,marketplace,RTX 3080 Ti,0.20277777777777775,1,12.0,33.970516561,167.52651656100002,62.84,853.15,"Thailand, TH",0.9907397,51269026
2026-10-02T12:06:07.336611+00:00,vast.ai,marketplace,RTX 3090,0.21072222222222223,1,24.0,26.786516561000003,127.119516561,31.44,111.625,"Taiwan, TW",0.9964837,41191656
2026-10-02T12:06:07.336611+00:00,vast.ai,marketplace,Tesla V100,0.21205555555555555,1,32.0,25.713516561000002,121.256516561,94.14,978.8753575470059,"Minnesota, US",0.9992627,32302951
2026-10-02T12:06:07.336611+00:00,vast.ai,marketplace,RTX 5070 Ti,0.21205555555555555,1,15.92,65.59151656099999,309.312516561,31.31,1621.5,"Vietnam, VN",0.9980231,52843292
2026-10-02T12:06:07.336611+00:00,vast.ai,marketplace,RTX 5060 Ti,0.21379629629629632,1,15.93,38.382516560999996,179.529516561,125.94,10792.725,"Denmark, DK",0.9945681,49967736
2026-10-02T12:06:07.336611+00:00,vast.ai,marketplace,RTX 3080,0.21472222222222223,1,10.0,27.258516561,126.946516561,15.38,1216.4,"Switzerland, CH",0.9419529,53323515
2026-10-02T12:06:07.336611+00:00,vast.ai,marketplace,RTX 3080,0.21472222222222223,1,10.0,27.257516561000003,126.941516561,30.47,629.0,"Switzerland, CH",0.8920758,53735811
2026-10-02T12:06:07.336611+00:00,vast.ai,marketplace,RTX 3080 Ti,0.21472222222222223,1,12.0,32.329516561,150.564516561,15.66,215.0,"Taiwan, TW",0.9995069,49746675
2026-10-02T12:06:07.336611+00:00,vast.ai,marketplace,RTX 3080 Ti,0.21472222222222223,1,12.0,34.526516561,160.796516561,15.59,370.0,"Taiwan, TW",0.9985918,40734395
2026-10-02T12:06:07.336611+00:00,vast.ai,marketplace,RTX 3080 Ti,0.21472222222222223,1,12.0,34.522516560999996,160.77651656100002,15.59,313.0,"Taiwan, TW",0.9982178,42962386
2026-10-02T12:06:07.336611+00:00,vast.ai,marketplace,RTX 5070,0.21472222222222223,1,11.94,49.952516560999996,232.637516561,31.41,174.475,"Connecticut, US",0.9879314,51996964
2026-10-02T12:06:07.336611+00:00,vast.ai,marketplace,RTX 3090,0.2151851851851852,1,24.0,44.644516560999996,207.469516561,62.96,321.4,"Quebec, CA",0.8683711,30580303
2026-10-02T12:06:07.336611+00:00,vast.ai,marketplace,Tesla V100,0.2188888888888889,1,32.0,25.713516561000002,117.470516561,62.87,1626.25,"Bulgaria, BG",0.9925069,35822233
2026-10-02T12:06:07.336611+00:00,vast.ai,marketplace,Tesla V100,0.2188888888888889,1,32.0,25.713516561000002,117.470516561,94.27,755.5,"Bulgaria, BG",0.9928535,44696067
2026-10-02T12:06:07.336611+00:00,vast.ai,marketplace,RTX 5080,0.21935185185185185,1,15.92,83.495516561,380.644516561,31.46,173.6625,"United States, US",0.9854019,52380604
2026-10-02T12:06:07.336611+00:00,vast.ai,marketplace,RTX 4070S,0.21990840325925926,1,11.99,34.715516561,157.863516561,15.68,387.75,"California, US",0.985286,51485188
2026-10-02T12:06:07.336611+00:00,vast.ai,marketplace,RTX 4080,0.22138888888888889,1,15.99,53.173516561,240.18151656100002,31.06,658.0,"Utah, US",0.9917101,50442116
2026-10-02T12:06:07.336611+00:00,vast.ai,marketplace,RTX PRO 4000,0.22451851851851853,1,23.89,58.993516561,262.755516561,31.34,959.0,"Michigan, US",0.9837231,51671368
2026-10-02T12:06:07.336611+00:00,vast.ai,marketplace,RTX 4060 Ti,0.2253888888888889,1,16.0,22.516516561,99.902516561,62.89,638.3141495138957,"Quebec, CA",0.9984637,49645018
2026-10-02T12:06:07.336611+00:00,vast.ai,marketplace,Tesla V100,0.2253888888888889,1,32.0,25.713516561000002,114.083516561,94.14,462.9906834634251,"Minnesota, US",0.9995014,44261417
2026-10-02T12:06:07.336611+00:00,vast.ai,marketplace,RTX 3090,0.22805555555555557,1,24.0,44.319516561,194.338516561,167.95,397.66666666666663,"Oman, OM",0.9869389,53854373
2026-10-02T12:06:07.336611+00:00,vast.ai,marketplace,RTX 3090,0.22805555555555557,1,24.0,44.826516561,196.56151656100002,35.93,188.9,"Taiwan, TW",0.9974808,41962648
2026-10-02T12:06:07.336611+00:00,vast.ai,marketplace,RTX 4070S Ti,0.22805555555555557,1,15.99,51.207516561,224.53851656100002,23.46,405.0,"Romania, RO",0.9765853,53815204
2026-10-02T12:06:07.336611+00:00,vast.ai,marketplace,RTX 5070 Ti,0.22805555555555557,1,15.92,75.73151656099999,332.07351656099996,47.07,542.5,"Vietnam, VN",0.8376908,53730796
2026-10-02T12:06:07.336611+00:00,vast.ai,marketplace,RTX 5070 Ti,0.22851851851851854,1,15.92,76.898516561,336.509516561,62.85,1523.0,"Washington, US",0.9949863,51919631
2026-10-02T12:06:07.336611+00:00,vast.ai,marketplace,RTX 5070 Ti,0.2289814814814815,1,15.92,75.926516561,331.584516561,62.63,770.0,"South Korea, KR",0.9481585,53372998
2026-10-02T12:06:07.336611+00:00,vast.ai,marketplace,RTX A5000,0.23205555555555557,1,23.99,35.343516561,152.307516561,100.7,25.0,"Romania, RO",0.9983275,13273575
2026-10-02T12:06:07.336611+00:00,vast.ai,marketplace,RTX 4060 Ti,0.23611111111111108,1,16.0,22.498516561000002,95.289516561,62.62,1535.4,"Texas, US",0.9482693,53636304
2026-10-02T12:06:07.336611+00:00,vast.ai,marketplace,RTX 4060 Ti,0.23611111111111108,1,16.0,22.529516561,95.417516561,31.33,1670.85,"Texas, US",0.9366917,53636307
2026-10-02T12:06:07.336611+00:00,vast.ai,marketplace,RTX 3080 Ti,0.2413888888888889,1,12.0,33.402516561,138.37751656100002,141.62,365.0,"Massachusetts, US",0.9820218,50515682
2026-10-02T12:06:07.336611+00:00,vast.ai,marketplace,RTX 5070 Ti,0.2413888888888889,1,15.92,76.242516561,315.849516561,62.7,220.0,"Vietnam, VN",0.9942072,52973289
2026-10-02T12:06:07.336611+00:00,vast.ai,marketplace,RTX 5060 Ti,0.2413888888888889,1,15.93,38.866516561,161.012516561,46.71,3336.5,"Ohio, US",0.9983587,53119896
2026-10-02T12:06:07.336611+00:00,vast.ai,marketplace,RTX 3080,0.24185185185185187,1,10.0,27.111516561000002,112.101516561,15.59,366.5,"Florida, US",0.9961004,52652360
2026-10-02T12:06:07.336611+00:00,vast.ai,marketplace,RTX 4080S,0.24185185185185187,1,15.99,55.588516561,229.84751656100002,31.1,761.0,"Australia, AU",0.9275562,53525686
2026-10-02T12:06:07.336611+00:00,vast.ai,marketplace,RTX 5060 Ti,0.24225925925925926,1,15.93,38.929516561,160.69251656100002,31.36,837.9,"Japan, JP",0.9534813,52992625
2026-10-02T12:06:07.336611+00:00,vast.ai,marketplace,RTX 5060 Ti,0.24225925925925926,1,15.93,38.887516561,160.52051656100002,47.09,816.0,"Japan, JP",0.9900659,52971299
2026-10-02T12:06:07.336611+00:00,vast.ai,marketplace,RTX 5070,0.2427777777777778,1,11.94,50.173516561,206.665516561,15.26,1501.5,"Ukraine, UA",0.9643986,53492114
2026-10-02T12:06:07.336611+00:00,vast.ai,marketplace,RTX 3090,0.24370370370370373,1,24.0,44.604516561,183.02651656100002,78.71,710.0,"Estonia, EE",0.9953279,50754487
2026-10-02T12:06:07.336611+00:00,vast.ai,marketplace,RTX 3090,0.24370370370370373,1,24.0,44.889516561,184.196516561,28.26,504.07244276497005,"Estonia, EE",0.9751003,45557886
2026-10-02T12:06:07.336611+00:00,vast.ai,marketplace,RTX 3090,0.24462962962962964,1,24.0,44.363516561,181.349516561,70.73,287.5,"Bulgaria, BG",0.9784089,51020101
2026-10-02T12:06:07.336611+00:00,vast.ai,marketplace,Tesla V100,0.24938888888888888,1,32.0,25.713516561000002,103.104516561,94.14,1055.0,"Minnesota, US",0.9994312,17928796
2026-10-02T12:06:07.336611+00:00,vast.ai,marketplace,RTX 4080,0.2539814814814815,1,15.99,53.202516560999996,209.47351656100003,62.88,701.9,"Pennsylvania, US",0.9947182,49416072
2026-10-02T12:06:07.336611+00:00,vast.ai,marketplace,Q RTX 8000,0.25425925925925924,1,45.0,11.590516561,45.584516561,47.22,79.14614563852544,"Indiana, US",0.9985595,24936696
2026-10-02T12:06:07.336611+00:00,vast.ai,marketplace,RTX 3090,0.2547222222222222,1,24.0,44.364516560999995,174.16851656100002,31.41,164.5,"Nevada, US",0.932124,53472559
2026-10-02T12:06:07.336611+00:00,vast.ai,marketplace,RTX 3090,0.2547222222222222,1,24.0,44.841516561,176.041516561,39.05,588.0,"Argentina, AR",0.9942697,47504972
2026-10-02T12:06:07.336611+00:00,vast.ai,marketplace,RTX 3090,0.2547222222222222,1,24.0,44.362516561,174.158516561,47.1,272.5,"France, FR",0.9580612,47289630
2026-10-02T12:06:07.336611+00:00,vast.ai,marketplace,RTX PRO 4000,0.2547222222222222,1,23.89,65.74051656099999,258.086516561,62.88,102.5,"South Korea, KR",0.9972675,53534348
2026-10-02T12:06:07.336611+00:00,vast.ai,marketplace,RTX 5070 Ti,0.25509259259259254,1,15.92,76.154516561,298.53751656099996,47.14,789.4,"Iowa, US",0.9982942,44634217
2026-10-02T12:06:07.336611+00:00,vast.ai,marketplace,RTX A5000,0.2551851851851851,1,22.49,33.009516561,129.355516561,30.5,1387.0,"Puerto Rico, PR",0.9951894,51951043
2026-10-02T12:06:07.336611+00:00,vast.ai,marketplace,RTX PRO 4000,0.2556481481481481,1,23.89,65.72851656099999,257.10451656099997,30.28,569.8915779859019,"Norway, NO",0.9614854,53689673
2026-10-02T12:06:07.336611+00:00,vast.ai,marketplace,Tesla V100,0.2613888888888889,1,32.0,25.713516561000002,98.370516561,94.32,1266.831706607767,"Minnesota, US",0.9992498,44175696
2026-10-02T12:06:07.336611+00:00,vast.ai,marketplace,RTX 4080,0.2675925925925926,1,15.99,53.115516561,198.494516561,31.06,1484.6,"United Kingdom, GB",0.9773642,53525965
2026-10-02T12:06:07.336611+00:00,vast.ai,marketplace,RTX PRO 4000,0.2675925925925926,1,23.89,65.74051656099999,245.673516561,32.72,2027.6171645701781,"Australia, AU",0.9974694,49601337
2026-10-02T12:06:07.336611+00:00,vast.ai,marketplace,RTX 4070S Ti,0.26769444444444446,1,15.99,51.212516561,191.31051656100001,31.18,837.9,"Spain, ES",0.9982021,52090522
2026-10-02T12:06:07.336611+00:00,vast.ai,marketplace,RTX 5060 Ti,0.2677777777777778,1,15.93,38.824516560999996,144.98951656100002,503.88,730.5,"Texas, US",0.9947887,53710923
2026-10-02T12:06:07.336611+00:00,vast.ai,marketplace,RTX 5080,0.26785185185185184,1,15.92,58.567516561,218.65651656100002,50.34,478.0,"Sweden, SE",0.9942199,33735119
2026-10-02T12:06:07.336611+00:00,vast.ai,marketplace,RTX 3090,0.26805555555555555,1,24.0,44.351516561,165.456516561,31.36,320.4,"Colorado, US",0.9924299,50546030
2026-10-02T12:06:07.336611+00:00,vast.ai,marketplace,RTX 4070S Ti,0.26805555555555555,1,15.99,51.015516561,190.31651656100001,62.82,1569.8957636993584,"Minnesota, US",0.9997473,53490815
2026-10-02T12:06:07.336611+00:00,vast.ai,marketplace,Titan RTX,0.26805555555555555,1,24.0,12.057516561,44.980516560999995,15.59,352.5,"South Korea, KR",0.9974924,50869879
2026-10-02T12:06:07.336611+00:00,vast.ai,marketplace,Titan RTX,0.26805555555555555,1,24.0,12.057516561,44.980516560999995,31.32,337.5,"South Korea, KR",0.9986467,50736362
2026-10-02T12:06:07.336611+00:00,vast.ai,marketplace,RTX 4080,0.26805555555555555,1,15.99,53.011516561,197.761516561,31.25,1428.0,"Norway, NO",0.9900787,51095354
2026-10-02T12:06:07.336611+00:00,vast.ai,marketplace,RTX 4080,0.26805555555555555,1,15.99,53.161516561,198.32451656100002,23.45,1522.0,"North Carolina, US",0.9969895,39750750
2026-10-02T12:06:07.336611+00:00,vast.ai,marketplace,RTX 5070 Ti,0.26805555555555555,1,15.92,75.791516561,282.74651656099996,15.59,368.0,"South Korea, KR",0.996889,50736215
2026-10-02T12:06:07.336611+00:00,vast.ai,marketplace,RTX 5060 Ti,0.26805555555555555,1,15.93,38.901516561,145.124516561,62.94,873.6194299638013,"Texas, US",0.9977228,50417798
2026-10-02T12:06:07.336611+00:00,vast.ai,marketplace,RTX PRO 4000,0.2683333333333333,1,23.89,65.69251656099999,244.81651656100001,30.2,70.0,"Puerto Rico, PR",0.9904341,44170201
2026-10-02T12:06:07.336611+00:00,vast.ai,marketplace,RTX 3070,0.2685185185185185,1,8.0,9.316516561,34.696516560999996,30.12,774.3,"Chile, CL",0.9488771,53687890
2026-10-02T12:06:07.336611+00:00,vast.ai,marketplace,RTX 3080 Ti,0.2685185185185185,1,12.0,33.967516561,126.499516561,31.19,738.0,"Florida, US",0.9961623,53420449
2026-10-02T12:06:07.336611+00:00,vast.ai,marketplace,RTX 5070,0.2685185185185185,1,11.94,49.882516560999996,185.76951656100002,31.26,682.0,"California, US",0.9633027,51346121
2026-10-02T12:06:07.336611+00:00,vast.ai,marketplace,RTX 3090,0.2689814814814815,1,24.0,44.356516561,164.90651656100002,62.89,357.0,"Norway, NO",0.9968871,29548831
2026-10-02T12:06:07.336611+00:00,vast.ai,marketplace,RTX PRO 4000,0.2689814814814815,1,23.89,65.668516561,244.137516561,41.92,383.3333333333333,"Ontario, CA",0.9950735,44205407
2026-10-02T12:06:07.336611+00:00,vast.ai,marketplace,RTX PRO 4000,0.2689814814814815,1,23.89,65.440516561,243.290516561,61.48,541.5,"Slovakia, SK",0.9922872,50296580
2026-10-02T12:06:07.336611+00:00,vast.ai,marketplace,RTX PRO 4000,0.2689814814814815,1,23.89,65.632516561,244.003516561,125.96,531.45,"United Kingdom, GB",0.9901192,51601837
2026-10-02T12:06:07.336611+00:00,vast.ai,marketplace,RTX 5060 Ti,0.2689814814814815,1,15.93,38.403516560999996,142.772516561,62.88,763.25,"Texas, US",0.9853517,51499188
2026-10-02T12:06:07.336611+00:00,vast.ai,marketplace,RTX A5000,0.26944444444444443,1,22.49,32.035516560999994,118.895516561,47.19,52.875,"Delaware, US",0.9996474,45242052
2026-10-02T12:06:07.336611+00:00,vast.ai,marketplace,Q RTX 8000,0.26944444444444443,1,45.0,11.590516561,43.015516561,62.89,648.0,"Delaware, US",0.9989873,45242103
2026-10-02T12:06:07.336611+00:00,vast.ai,marketplace,RTX 5060 Ti,0.26944444444444443,1,15.93,38.936516561,144.505516561,47.04,1671.75,"Texas, US",0.9966777,53636150
2026-10-02T12:06:07.336611+00:00,vast.ai,marketplace,RTX 3060,0.2712555555555555,1,12.0,12.273516561,45.247516561,15.73,147.39000062909406,"Czechia, CZ",0.9991094,46528530
2026-10-02T12:06:07.336611+00:00,vast.ai,marketplace,RTX 3090,0.2712962962962963,1,24.0,44.844516561,165.296516561,41.92,233.0,"France, FR",0.9900423,51087512
2026-10-02T12:06:07.336611+00:00,vast.ai,marketplace,RTX 5070 Ti,0.2736111111111111,1,15.92,78.747516561,287.808516561,15.23,658.7713300793703,"Brazil, BR",0.9949532,51786197
2026-10-02T12:06:07.336611+00:00,vast.ai,marketplace,RTX PRO 4000,0.27877777777777774,1,23.89,65.74051656099999,235.81651656100001,125.88,982.0,"Italy, IT",0.9992406,34432513
2026-10-02T12:06:07.336611+00:00,vast.ai,marketplace,RTX 5080,0.28005555555555556,1,15.92,56.551516561,201.928516561,35.93,156.85714285714286,"Vietnam, VN",0.9220137,52795100
2026-10-02T12:06:07.336611+00:00,vast.ai,marketplace,Q RTX 6000,0.2814814814814815,1,24.0,12.057516561,42.835516561,31.19,1593.0,"Spain, ES",0.997526,53754739
2026-10-02T12:06:07.336611+00:00,vast.ai,marketplace,RTX PRO 4000,0.28190740740740744,1,23.89,66.875516561,237.22351656100003,31.44,532.4,"North Carolina, US",0.9631982,53419825
2026-10-02T12:06:07.336611+00:00,vast.ai,marketplace,RTX 4080,0.2827777777777778,1,15.99,53.196516560999996,188.12151656100002,31.32,415.0,"Arizona, US",0.9883865,53299939
2026-10-02T12:06:07.336611+00:00,vast.ai,marketplace,RTX 5070 Ti,0.2829777777777778,1,15.92,38.564516561,136.280516561,15.56,422.0,"Spain, ES",0.9946203,51782003
2026-10-02T12:06:07.336611+00:00,vast.ai,marketplace,Titan RTX,0.28718518518518515,1,24.0,12.057516561,41.984516561,78.28,3154.0,"Norway, NO",0.998352,53476135
2026-10-02T12:06:07.336611+00:00,vast.ai,marketplace,RTX 3090,0.2938518518518518,1,24.0,44.590516561,151.74651656100002,31.34,355.45000000000005,"Spain, ES",0.981993,53669939
2026-10-02T12:06:07.336611+00:00,vast.ai,marketplace,RTX 5080,0.29703703703703704,1,15.92,40.982516561,137.969516561,31.46,179.3,"Hong Kong, HK",0.9881731,51998052
2026-10-02T12:06:07.336611+00:00,vast.ai,marketplace,RTX 5070 Ti,0.297962962962963,1,15.92,76.142516561,255.542516561,62.57,1572.0,"Illinois, US",0.991429,49939692
2026-10-02T12:06:07.336611+00:00,vast.ai,marketplace,RTX 3090,0.30672222222222223,1,24.0,44.348516561,144.589516561,31.44,276.125,"Thailand, TH",0.9802745,49290333
2026-10-02T12:06:07.336611+00:00,vast.ai,marketplace,RTX 3090,0.3080555555555556,1,24.0,35.062516560999995,113.819516561,31.36,16.0,"Quebec, CA",0.9944037,53187187
2026-10-02T12:06:07.336611+00:00,vast.ai,marketplace,RTX 2060S,0.3080555555555556,1,8.0,3.876516561,12.582516561,23.4,2414.0,"California, US",0.9209319,50950849
2026-10-02T12:06:07.336611+00:00,vast.ai,marketplace,RTX 3080 Ti,0.3085185185185185,1,12.0,34.698516561,112.468516561,31.41,692.5,"Florida, US",0.9934325,49921398
2026-10-02T12:06:07.336611+00:00,vast.ai,marketplace,L4,0.30990740740740746,1,22.49,25.329516561000002,81.73151656099999,46.19,321.0,"Utah, US",0.9953446,48000711
2026-10-02T12:06:07.336611+00:00,vast.ai,marketplace,L4,0.3213888888888889,1,22.49,25.336516561,78.834516561,31.32,254.5,"South Korea, KR",0.9922354,50457498
2026-10-02T12:06:07.336611+00:00,vast.ai,marketplace,RTX 5070 Ti,0.3213888888888889,1,15.92,75.886516561,236.12051656100002,29.08,360.0,"Latvia, LV",0.9866807,53471395
2026-10-02T12:06:07.336611+00:00,vast.ai,marketplace,RTX 3090,0.3289814814814815,1,24.0,44.845516561,136.31651656100001,27.47,690.0,"Quebec, CA",0.9951552,49316119
2026-10-02T12:06:07.336611+00:00,vast.ai,marketplace,RTX 3060,0.33402777777777776,1,12.0,12.407516561,37.143516561,743.44,2434.45,"Quebec, CA",0.9942557,53264050
2026-10-02T12:06:07.336611+00:00,vast.ai,marketplace,L4,0.33425925925925926,1,22.49,25.329516561000002,75.777516561,62.75,472.0,"Czechia, CZ",0.9955717,35835965
2026-10-02T12:06:07.336611+00:00,vast.ai,marketplace,RTX 3090,0.3347222222222222,1,24.0,44.366516561,132.545516561,31.4,773.925,"Nevada, US",0.9874916,53433776
2026-10-02T12:06:07.336611+00:00,vast.ai,marketplace,L4,0.3347222222222222,1,22.49,25.336516561,75.694516561,47.14,263.0,"Czechia, CZ",0.9956443,49498409
2026-10-02T12:06:07.336611+00:00,vast.ai,marketplace,L4,0.3347222222222222,1,22.49,25.344516561000002,75.71651656099999,62.75,567.5,"Czechia, CZ",0.9982232,36610194
2026-10-02T12:06:07.336611+00:00,vast.ai,marketplace,Tesla V100,0.3347222222222222,1,32.0,25.713516561000002,76.819516561,94.32,1538.375,"Minnesota, US",0.9989539,38405399
2026-10-02T12:06:07.336611+00:00,vast.ai,marketplace,RTX 5080,0.3347222222222222,1,15.92,83.774516561,250.280516561,30.23,978.0,"Texas, US",0.9971838,48518584
2026-10-02T12:06:07.336611+00:00,vast.ai,marketplace,RTX 5070 Ti,0.3347222222222222,1,15.92,75.943516561,226.884516561,30.71,481.9,"Colombia, CO",0.9868502,53824454
2026-10-02T12:06:07.336611+00:00,vast.ai,marketplace,RTX 3090,0.3349074074074074,1,24.0,44.350516561,132.42551656100002,125.92,586.0983640390162,"Slovakia, SK",0.996204,51240124
2026-10-02T12:06:07.336611+00:00,vast.ai,marketplace,RTX 5070 Ti,0.33564814814814814,1,15.92,76.168516561,226.928516561,125.66,3009.0,"Norway, NO",0.997676,32128319
2026-10-02T12:06:07.336611+00:00,vast.ai,marketplace,RTX PRO 4000,0.33564814814814814,1,23.89,65.788516561,196.003516561,62.88,732.0,"Norway, NO",0.9965624,50471998
2026-10-02T12:06:07.336611+00:00,vast.ai,marketplace,RTX 5060 Ti,0.33564814814814814,1,15.93,38.410516560999994,114.435516561,41.92,184.81679498507583,"Texas, US",0.996191,50294995
2026-10-02T12:06:07.336611+00:00,vast.ai,marketplace,RTX 4070S Ti,0.3361111111111111,1,15.99,51.484516561,153.177516561,31.35,1670.85,"Texas, US",0.9914846,53636055
2026-10-02T12:06:07.336611+00:00,vast.ai,marketplace,RTX 3090,0.3365740740740741,1,24.0,43.674516561,129.760516561,31.33,221.0,"Thailand, TH",0.9876049,50130170
2026-10-02T12:06:07.336611+00:00,vast.ai,marketplace,RTX 5070 Ti,0.33796296296296297,1,15.92,75.744516561,224.12151656100002,62.69,1566.9,"California, US",0.9599748,52677056
2026-10-02T12:06:07.336611+00:00,vast.ai,marketplace,RTX 5070 Ti,0.3427222222222222,1,15.92,73.908516561,215.65151656100002,31.35,572.0,"Japan, JP",0.9884457,50289923
2026-10-02T12:06:07.336611+00:00,vast.ai,marketplace,A100 PCIE,0.3449814814814815,1,40.0,81.395516561,235.94251656100002,125.67,696.0,"Japan, JP",0.948779,53308164
2026-10-02T12:06:07.336611+00:00,vast.ai,marketplace,RTX 4090,0.34805555555555556,1,23.99,98.296516561,282.41751656099996,62.87,603.5,"Romania, RO",0.9468479,52905891
2026-10-02T12:06:07.336611+00:00,vast.ai,marketplace,RTX 5080,0.34805555555555556,1,15.92,83.96651656099999,241.243516561,62.83,399.0,"Latvia, LV",0.9435822,53683119
2026-10-02T12:06:07.336611+00:00,vast.ai,marketplace,RTX 4090,0.3485185185185185,1,23.99,97.73151656099999,280.418516561,55.01,255.95,"Washington, US",0.9966738,52004228
2026-10-02T12:06:07.336611+00:00,vast.ai,marketplace,RTX 3090,0.34990740740740744,1,24.0,44.838516561,128.14551656100002,41.97,118.33333333333333,"Spain, ES",0.9980613,37930674
2026-10-02T12:06:07.336611+00:00,vast.ai,marketplace,RTX PRO 4500,0.360925925925926,1,31.86,46.636516561,129.214516561,62.22,260.5,"South Carolina, US",0.9935517,33666509
2026-10-02T12:06:07.336611+00:00,vast.ai,marketplace,RTX 4090,0.3613888888888889,1,23.99,97.568516561,269.981516561,31.41,672.125,"Jiangsu, CN",0.9686762,53801589
2026-10-02T12:06:07.336611+00:00,vast.ai,marketplace,RTX PRO 4500,0.3613888888888889,1,31.86,96.369516561,266.663516561,93.36,111.0,"France, FR",0.9943234,52362689
2026-10-02T12:06:07.336611+00:00,vast.ai,marketplace,RTX 3090 Ti,0.3616666666666667,1,23.99,42.069516561,116.32051656099999,31.3,597.0,"Spain, ES",0.9754566,52056954
2026-10-02T12:06:07.336611+00:00,vast.ai,marketplace,RTX 4090,0.36185185185185187,1,23.99,98.375516561,271.865516561,31.41,218.02584293927748,"United States, US",0.9963167,46260853
2026-10-02T12:06:07.336611+00:00,vast.ai,marketplace,RTX 4500Ada,0.3632407407407408,1,23.99,40.633516561,111.864516561,23.34,115.69999999999999,"France, FR",0.9900848,51136776
2026-10-02T12:06:07.336611+00:00,vast.ai,marketplace,RTX 4090,0.3660185185185186,1,23.99,96.84451656099999,264.589516561,31.46,151.5,"California, US",0.9888082,53795915
2026-10-02T12:06:07.336611+00:00,vast.ai,marketplace,RTX 3090,0.36759259259259264,1,24.0,44.257516560999996,120.398516561,31.43,250.5,"Czechia, CZ",0.9982268,20130144
2026-10-02T12:06:07.336611+00:00,vast.ai,marketplace,RTX 3090,0.36759259259259264,1,24.0,44.362516561,120.682516561,31.45,249.71267877350306,"Czechia, CZ",0.9535086,48782879
2026-10-02T12:06:07.336611+00:00,vast.ai,marketplace,RTX 3090,0.36759259259259264,1,24.0,44.362516561,120.682516561,31.45,316.5,"Czechia, CZ",0.9799798,30293566
2026-10-02T12:06:07.336611+00:00,vast.ai,marketplace,RTX 3090,0.36759259259259264,1,24.0,44.367516560999995,120.697516561,25.15,866.0,"Czechia, CZ",0.9914547,30717203
2026-10-02T12:06:07.336611+00:00,vast.ai,marketplace,RTX 3090,0.36759259259259264,1,24.0,44.367516560999995,120.697516561,41.92,76.83333333333333,"Czechia, CZ",0.992596,18811410
2026-10-02T12:06:07.336611+00:00,vast.ai,marketplace,RTX 3090,0.36759259259259264,1,24.0,42.234516561,114.895516561,20.94,174.33333333333331,"Czechia, CZ",0.9868713,31013681
2026-10-02T12:06:07.336611+00:00,vast.ai,marketplace,RTX 5070 Ti,0.36806666666666665,1,15.92,40.871516561,111.044516561,31.0,790.0,"Spain, ES",0.9946502,51724767
2026-10-02T12:06:07.336611+00:00,vast.ai,marketplace,RTX 4090,0.37472222222222223,1,23.99,98.925516561,263.99651656099996,62.63,1462.0,"South Korea, KR",0.9990453,32944283
2026-10-02T12:06:07.336611+00:00,vast.ai,marketplace,RTX 5080,0.3751851851851852,1,15.92,83.763516561,223.260516561,30.51,754.8,"Ontario, CA",0.997701,52119350
2026-10-02T12:06:07.336611+00:00,vast.ai,marketplace,RTX PRO 4000,0.37885185185185183,1,23.89,65.800516561,173.683516561,62.88,733.75,"Slovakia, SK",0.9974142,45623849
2026-10-02T12:06:07.336611+00:00,vast.ai,marketplace,RTX 4090,0.38138888888888883,1,23.99,97.98451656099999,256.915516561,46.99,1417.8,"Romania, RO",0.996386,53375478
2026-10-02T12:06:07.336611+00:00,vast.ai,marketplace,RTX 4090,0.3832407407407407,1,23.99,97.054516561,253.24751656100003,62.85,218.5,"India, IN",0.9939513,53601652
2026-10-02T12:06:07.336611+00:00,vast.ai,marketplace,RTX 3090 Ti,0.3885185185185185,1,23.99,45.928516560999995,118.214516561,62.89,632.25,"Thailand, TH",0.9941674,53612394
2026-10-02T12:06:07.336611+00:00,vast.ai,marketplace,RTX PRO 4000,0.3885185185185185,1,23.89,65.71651656099999,169.14551656100002,62.88,1418.4693791854804,"Indiana, US",0.9913793,53804948
2026-10-02T12:06:07.336611+00:00,vast.ai,marketplace,RTX A6000,0.39518518518518514,1,47.99,54.479516561,137.857516561,62.83,1573.0,"Vietnam, VN",0.9473381,53627382
2026-10-02T12:06:07.336611+00:00,vast.ai,marketplace,RTX A2000,0.40064814814814814,1,5.99,8.571516561,21.393516561000002,251.52,6705.0,"British Columbia, CA",0.9838755,51170475
2026-10-02T12:06:07.336611+00:00,vast.ai,marketplace,RTX 4090,0.40064814814814814,1,23.99,96.74051656099999,241.45951656100002,167.92,797.8999999999999,"Denmark, DK",0.9946133,13605348
2026-10-02T12:06:07.336611+00:00,vast.ai,marketplace,RTX A6000,0.40138888888888885,1,47.99,38.185516561,95.134516561,62.97,156.5771719094364,"Kansas, US",0.9879977,21004766
2026-10-02T12:06:07.336611+00:00,vast.ai,marketplace,RTX 4090,0.40138888888888885,1,23.99,98.596516561,245.637516561,100.72,116.2,"Ireland, IE",0.9863975,22338216
2026-10-02T12:06:07.336611+00:00,vast.ai,marketplace,RTX 4090,0.40138888888888885,1,23.99,64.526516561,160.75751656100002,30.99,652.5,"Türkiye, TR",0.9984184,26030171
2026-10-02T12:06:07.336611+00:00,vast.ai,marketplace,RTX 4090,0.40138888888888885,1,23.99,96.845516561,241.27551656100002,31.26,175.0,"Indiana, US",0.9971412,52777508
2026-10-02T12:06:07.336611+00:00,vast.ai,marketplace,RTX 4090,0.40138888888888885,1,23.99,96.998516561,241.658516561,62.96,145.75,"Poland, PL",0.9662158,52925900
2026-10-02T12:06:07.336611+00:00,vast.ai,marketplace,RTX 4090,0.40138888888888885,1,23.99,97.59751656099999,243.148516561,125.96,606.875,"Washington, US",0.9950035,53770044
2026-10-02T12:06:07.336611+00:00,vast.ai,marketplace,RTX 5080,0.40138888888888885,1,15.92,40.207516561,100.170516561,47.14,772.0,"Czechia, CZ",0.8008908,53060398
2026-10-02T12:06:07.336611+00:00,vast.ai,marketplace,CMP 170HX,0.40138888888888885,1,64.0,78.352516561,195.20351656100001,62.92,109.93160021290663,"Bulgaria, BG",0.9843837,52623829
2026-10-02T12:06:07.336611+00:00,vast.ai,marketplace,A100 SXM4,0.4018518518518518,1,40.0,95.140516561,236.755516561,39.34,657.25,"California, US",0.9664487,53396362
2026-10-02T12:06:07.336611+00:00,vast.ai,marketplace,RTX 4090,0.4018518518518518,1,23.99,96.98451656099999,241.345516561,52.47,617.8888888888888,"Bulgaria, BG",0.9950468,29805954
2026-10-02T12:06:07.336611+00:00,vast.ai,marketplace,RTX 4090,0.402037037037037,1,23.99,97.432516561,242.34851656100003,125.88,566.5,"Denmark, DK",0.9805246,51927483
2026-10-02T12:06:07.336611+00:00,vast.ai,marketplace,RTX A6000,0.4023148148148148,1,47.99,54.472516561,135.396516561,47.2,80.375,"Romania, RO",0.9902558,51222178
2026-10-02T12:06:07.336611+00:00,vast.ai,marketplace,RTX A6000,0.4023148148148148,1,47.99,54.465516561,135.379516561,47.23,38.25,"Romania, RO",0.9813534,31805847
2026-10-02T12:06:07.336611+00:00,vast.ai,marketplace,RTX 3090,0.40277777777777773,1,24.0,45.089516560999996,111.94551656099999,62.71,1535.4,"Texas, US",0.9391322,53635966
2026-10-02T12:06:07.336611+00:00,vast.ai,marketplace,RTX 3090,0.40277777777777773,1,24.0,44.348516561,110.107516561,62.62,1535.4,"Texas, US",0.9374613,53635960
2026-10-02T12:06:07.336611+00:00,vast.ai,marketplace,RTX A6000,0.40277777777777773,1,44.99,51.257516560999996,127.260516561,47.12,506.0996471098024,"Delaware, US",0.9985397,45242140
2026-10-02T12:06:07.336611+00:00,vast.ai,marketplace,RTX A6000,0.40277777777777773,1,44.99,51.257516560999996,127.260516561,70.7,609.1250000000002,"Delaware, US",0.9985895,45241994
2026-10-02T12:06:07.336611+00:00,vast.ai,marketplace,A100 PCIE,0.40277777777777773,1,40.0,94.438516561,234.46751656100002,94.29,499.375,"California, US",0.991207,51163394
2026-10-02T12:06:07.336611+00:00,vast.ai,marketplace,RTX 4090,0.4031481481481481,1,23.99,97.040516561,240.707516561,39.26,727.75,"Estonia, EE",0.9953089,34926590
2026-10-02T12:06:07.336611+00:00,vast.ai,marketplace,CMP 170HX,0.4041666666666666,1,64.0,92.045516561,227.74151656100003,83.82,653.6666666666666,"Ontario, CA",0.9922238,51134030
2026-10-02T12:06:07.336611+00:00,vast.ai,marketplace,RTX 5060 Ti,0.4041666666666666,1,15.93,33.310516561,82.416516561,15.54,170.0,"Washington, US",0.995219,53206959
2026-10-02T12:06:07.336611+00:00,vast.ai,marketplace,RTX 5090,0.4060185185185185,1,31.84,199.25151656100002,490.745516561,62.88,693.025,"California, US",0.9939488,52224280
2026-10-02T12:06:07.336611+00:00,vast.ai,marketplace,RTX 2060,0.4069444444444444,1,6.0,3.225516561,7.925516561,7.71,19.999999999999773,"Vietnam, VN",0.7428459,21712215
2026-10-02T12:06:07.336611+00:00,vast.ai,marketplace,RTX 4090,0.4010416666666667,1,23.99,96.852516561,241.50151656100002,100.72,182.8,"Ireland, IE",0.9899934,7517081
2026-10-02T12:06:07.336611+00:00,vast.ai,marketplace,RTX 4090,0.41456481481481483,1,47.99,125.563516561,302.879516561,94.46,553.3394975900021,"Japan, JP",0.9972404,45473517
2026-10-02T12:06:07.336611+00:00,vast.ai,marketplace,RTX 4090,0.4147222222222222,1,23.99,61.554516561,148.423516561,30.22,686.5,"Japan, JP",0.9953779,48857502
2026-10-02T12:06:07.336611+00:00,vast.ai,marketplace,RTX 4090,0.42700000000000005,1,23.99,91.36551656099999,213.97151656100002,93.02,1575.0,"Brazil, BR",0.9542982,53783561
2026-10-02T12:06:07.336611+00:00,vast.ai,marketplace,RTX 5000Ada,0.42759259259259264,1,31.99,64.21951656099999,150.189516561,62.85,1625.8,"Minnesota, US",0.9865322,51357842
2026-10-02T12:06:07.336611+00:00,vast.ai,marketplace,RTX 4090,0.4280555555555556,1,23.99,97.340516561,227.40051656100002,41.95,184.79344992991687,"Sweden, SE",0.9885571,30714846
2026-10-02T12:06:07.336611+00:00,vast.ai,marketplace,RTX 4090,0.4280555555555556,1,23.99,94.101516561,219.83551656100002,47.06,621.0,"Australia, AU",0.9526215,53761546
2026-10-02T12:06:07.336611+00:00,vast.ai,marketplace,RTX 4090,0.4303703703703704,1,23.99,97.019516561,225.433516561,108.06,733.0,"California, US",0.9926839,51243730
2026-10-02T12:06:07.336611+00:00,vast.ai,marketplace,RTX 4090,0.4336111111111111,1,23.99,97.540516561,224.94851656100002,31.26,187.0,"Poland, PL",0.994421,51009496
2026-10-02T12:06:07.336611+00:00,vast.ai,marketplace,RTX 5070 Ti,0.43787384325925927,1,15.92,75.920516561,173.38351656100002,31.41,819.675,"California, US",0.9722804,52442710
2026-10-02T12:06:07.336611+00:00,vast.ai,marketplace,RTX 4090,0.4413888888888889,1,23.99,97.21951656099999,220.25851656100002,62.84,1561.0,"Nebraska, US",0.997563,50543792
2026-10-02T12:06:07.336611+00:00,vast.ai,marketplace,RTX 4090,0.44185185185185183,1,23.99,91.681516561,207.492516561,62.94,99.125,"Quebec, CA",0.9977278,51737461
2026-10-02T12:06:07.336611+00:00,vast.ai,marketplace,A100 SXM4,0.44277777777777777,1,40.0,95.452516561,215.576516561,109.9,1409.0,"United States, US",0.982812,52703613
2026-10-02T12:06:07.336611+00:00,vast.ai,marketplace,RTX 4090,0.44277777777777777,1,23.99,97.24051656099999,219.61551656100002,62.78,454.0,"Arizona, US",0.992958,53423315
2026-10-02T12:06:07.336611+00:00,vast.ai,marketplace,RTX 4090,0.45202314814814815,1,23.99,97.526516561,215.754516561,62.72,1696.5,"Sweden, SE",0.9980408,52603707
2026-10-02T12:06:07.336611+00:00,vast.ai,marketplace,RTX 4090,0.4542592592592593,1,23.99,98.36851656099999,216.546516561,125.96,1316.3125,"Pennsylvania, US",0.9983408,53620645
2026-10-02T12:06:07.336611+00:00,vast.ai,marketplace,RTX 4090,0.45449074074074075,1,23.99,97.047516561,213.530516561,31.36,1202.5,"New Jersey, US",0.9958528,44021634
2026-10-02T12:06:07.336611+00:00,vast.ai,marketplace,RTX 4090,0.45472222222222225,1,23.99,97.005516561,213.33051656100002,31.27,658.8,"United Kingdom, GB",0.9440359,52969850
2026-10-02T12:06:07.336611+00:00,vast.ai,marketplace,RTX 3090,0.4551851851851852,1,24.0,44.608516560999995,98.000516561,41.88,806.3333333333333,"Florida, US",0.9959552,50788266
2026-10-02T12:06:07.336611+00:00,vast.ai,marketplace,RTX 4090,0.4551851851851852,1,23.99,96.908516561,212.898516561,125.96,1363.625,"Utah, US",0.9948647,12239064
2026-10-02T12:06:07.336611+00:00,vast.ai,marketplace,RTX 4090,0.4551851851851852,1,23.99,83.508516561,183.46151656100002,47.04,233.0,"Montana, US",0.9978478,53340325
2026-10-02T12:06:07.336611+00:00,vast.ai,marketplace,RTX 4090,0.45611111111111113,1,23.99,104.154516561,228.35351656100002,60.24,705.2,"Chile, CL",0.9929419,52573551
2026-10-02T12:06:07.336611+00:00,vast.ai,marketplace,RTX 5090,0.45611111111111113,1,31.84,199.13951656100002,436.60251656099996,31.29,139.0,"Taiwan, TW",0.9718487,53502758
2026-10-02T12:06:07.336611+00:00,vast.ai,marketplace,RTX 4090,0.45657407407407413,1,23.99,97.068516561,212.60251656100002,58.5,1481.0,"France, FR",0.9892919,53723483
2026-10-02T12:06:07.336611+00:00,vast.ai,marketplace,RTX 4090,0.46138888888888885,1,23.99,97.24051656099999,210.756516561,62.7,318.0,"Spain, ES",0.9952369,53320436
2026-10-02T12:06:07.336611+00:00,vast.ai,marketplace,RTX 3090,0.4678703703703703,1,24.0,44.348516561,94.788516561,62.83,658.0,"Sweden, SE",0.9937785,53242280
2026-10-02T12:06:07.336611+00:00,vast.ai,marketplace,RTX 4090,0.4680555555555555,1,23.99,96.950516561,207.13351656100002,83.97,141.25,"Texas, US",0.994512,44533568
2026-10-02T12:06:07.336611+00:00,vast.ai,marketplace,RTX 4090,0.4680555555555555,1,23.99,97.547516561,208.409516561,62.81,270.0,"Oman, OM",0.9908924,53855500
2026-10-02T12:06:07.336611+00:00,vast.ai,marketplace,RTX 4090,0.4680555555555555,1,23.99,97.21951656099999,207.70951656100002,125.77,330.5,"Oman, OM",0.9825856,53826489
2026-10-02T12:06:07.336611+00:00,vast.ai,marketplace,RTX 4090,0.46851851851851845,1,23.99,97.061516561,207.167516561,62.5,664.0,"Texas, US",0.9970223,51932007
2026-10-02T12:06:07.336611+00:00,vast.ai,marketplace,CMP 170HX,0.46851851851851845,1,64.0,73.821516561,157.563516561,143.95,378.0,"Hungary, HU",0.987012,52388439
2026-10-02T12:06:07.336611+00:00,vast.ai,marketplace,CMP 170HX,0.46851851851851845,1,64.0,82.36251656099999,175.79451656100002,62.69,272.0,"Portugal, PT",0.9585576,52991400
2026-10-02T12:06:07.336611+00:00,vast.ai,marketplace,RTX 5090,0.46898148148148144,1,31.84,199.238516561,424.832516561,30.47,566.0,"South Korea, KR",0.9983824,44188477
2026-10-02T12:06:07.336611+00:00,vast.ai,marketplace,RTX 5090,0.46898148148148144,1,31.84,194.26351656100002,414.223516561,30.47,446.0,"South Korea, KR",0.9968112,48916515
2026-10-02T12:06:07.336611+00:00,vast.ai,marketplace,A100 SXM4,0.4699074074074074,1,40.0,91.505516561,194.730516561,78.71,265.625,"California, US",0.9825889,52325106
2026-10-02T12:06:07.336611+00:00,vast.ai,marketplace,RTX 4090,0.4699074074074074,1,23.99,96.943516561,206.302516561,251.93,680.425,"Spain, ES",0.9989236,50655967
2026-10-02T12:06:07.336611+00:00,vast.ai,marketplace,RTX 3090,0.47013555555555553,1,24.0,44.891516560999996,95.486516561,31.18,495.0,"Oklahoma, US",0.9723873,51065387
2026-10-02T12:06:07.336611+00:00,vast.ai,marketplace,RTX 4090,0.47013888888888883,1,23.99,55.455516560999996,117.956516561,62.71,363.0,"Poland, PL",0.9938233,45843293
2026-10-02T12:06:07.336611+00:00,vast.ai,marketplace,RTX 5090,0.4703703703703703,1,31.84,199.291516561,423.689516561,62.84,520.9853870103609,"United States, US",0.9916072,51079078
2026-10-02T12:06:07.336611+00:00,vast.ai,marketplace,RTX 5090,0.4703703703703703,1,31.84,179.21651656100002,381.010516561,71.95,323.2428571428571,"United States, US",0.9936196,52324009
2026-10-02T12:06:07.336611+00:00,vast.ai,marketplace,RTX 5070 Ti,0.47083333333333327,1,15.92,75.71051656099999,160.801516561,15.48,713.0,"Washington, US",0.9974262,52630575
2026-10-02T12:06:07.336611+00:00,vast.ai,marketplace,RTX 5090,0.47268518518518515,1,31.84,85.634516561,181.166516561,31.46,345.375,"United States, US",0.996311,43165147
2026-10-02T12:06:07.336611+00:00,vast.ai,marketplace,RTX 5090,0.47472222222222216,1,31.84,202.387516561,426.32851656099996,83.92,792.3333333333333,"Romania, RO",0.9775458,53356766
2026-10-02T12:06:07.336611+00:00,vast.ai,marketplace,RTX 4090,0.4813888888888889,1,23.99,97.455516561,202.44751656100001,31.32,2444.0,"Taiwan, TW",0.9967762,53492597
2026-10-02T12:06:07.336611+00:00,vast.ai,marketplace,RTX 5090,0.4813888888888889,1,31.84,199.046516561,413.48451656099996,62.83,556.0,"Vietnam, VN",0.9088248,49352825
2026-10-02T12:06:07.336611+00:00,vast.ai,marketplace,RTX 5090,0.48185185185185186,1,31.84,199.661516561,414.362516561,62.82,1064.0,"Vietnam, VN",0.9913906,44990584
2026-10-02T12:06:07.336611+00:00,vast.ai,marketplace,RTX 5090,0.48231481481481486,1,31.84,203.24051656100002,421.384516561,62.41,569.0,"Texas, US",0.9877947,53541742
2026-10-02T12:06:07.336611+00:00,vast.ai,marketplace,RTX 4090,0.4947222222222222,1,23.99,97.019516561,196.10951656100002,62.66,1324.9,"Nevada, US",0.9976927,53075874
2026-10-02T12:06:07.336611+00:00,vast.ai,marketplace,RTX 5090,0.4947222222222222,1,31.84,140.56851656100002,284.136516561,60.42,1221.0,"Illinois, US",0.9667092,53701309
2026-10-02T12:06:07.336611+00:00,vast.ai,marketplace,RTX 5080,0.4955925925925926,1,15.92,83.650516561,168.78851656100002,125.0,2724.3,"The Netherlands, NL",0.9466329,53540868
2026-10-02T12:06:07.336611+00:00,vast.ai,marketplace,RTX 5090,0.497037037037037,1,31.84,198.63351656100002,399.635516561,71.96,420.7555230745249,"Estonia, EE",0.9733614,50151507
2026-10-02T12:06:07.336611+00:00,vast.ai,marketplace,RTX 5090,0.497037037037037,1,31.84,198.47951656100003,399.324516561,71.96,652.9750668153432,"Estonia, EE",0.966532,40819924
2026-10-02T12:06:07.336611+00:00,vast.ai,marketplace,RTX 5090,0.49981481481481477,1,31.84,176.13351656100002,352.396516561,31.24,176.0,"Virginia, US",0.9971011,52008649
2026-10-02T12:06:07.336611+00:00,vast.ai,marketplace,RTX 5080,0.5046296296296297,1,15.92,83.556516561,165.57951656100002,93.92,178.0,"New Jersey, US",0.9723561,52467374
2026-10-02T12:06:07.336611+00:00,vast.ai,marketplace,RTX 5090,0.5080555555555555,1,31.84,186.81751656100002,367.711516561,141.68,273.75,"Malaysia, MY",0.9892748,49863309
2026-10-02T12:06:07.336611+00:00,vast.ai,marketplace,RTX 4090,0.5135925925925925,1,23.99,95.816516561,186.56251656100002,31.34,171.0,"Taiwan, TW",0.9975225,53334700
2026-10-02T12:06:07.336611+00:00,vast.ai,marketplace,RTX 4090,0.5213888888888889,1,23.99,97.033516561,186.106516561,62.66,578.0,"Nevada, US",0.997682,53251387
2026-10-02T12:06:07.336611+00:00,vast.ai,marketplace,RTX 4090,0.5213888888888889,1,23.99,97.040516561,186.119516561,62.67,3177.1,"Nevada, US",0.998187,53080136
2026-10-02T12:06:07.336611+00:00,vast.ai,marketplace,RTX 4090,0.5213888888888889,1,23.99,97.026516561,186.093516561,62.07,3003.0,"Nevada, US",0.9985429,53010543
2026-10-02T12:06:07.336611+00:00,vast.ai,marketplace,RTX 5090,0.5213888888888889,1,31.84,139.553516561,267.65751656099997,47.14,566.0,"Spain, ES",0.8827972,53675537
2026-10-02T12:06:07.336611+00:00,vast.ai,marketplace,RTX 4090,0.5218518518518519,1,23.99,96.628516561,185.16351656100002,62.87,307.75,"Norway, NO",0.9978616,53475787
2026-10-02T12:06:07.336611+00:00,vast.ai,marketplace,RTX 4090,0.5218518518518519,1,23.99,98.575516561,188.89551656100002,31.4,372.0,"Norway, NO",0.9978397,53476041
2026-10-02T12:06:07.336611+00:00,vast.ai,marketplace,RTX 4090,0.5218518518518519,1,23.99,96.60051656099999,185.11051656100003,31.32,796.0,"Norway, NO",0.9975854,53475774
2026-10-02T12:06:07.336611+00:00,vast.ai,marketplace,RTX 4090,0.5218518518518519,1,23.99,95.788516561,183.55551656100002,78.45,1639.1,"Norway, NO",0.9967953,53476129
2026-10-02T12:06:07.336611+00:00,vast.ai,marketplace,RTX 4090,0.5218518518518519,1,23.99,96.95751656099999,185.79451656100002,35.93,192.55714285714285,"Norway, NO",0.9898193,53844982
2026-10-02T12:06:07.336611+00:00,vast.ai,marketplace,RTX 4090,0.5218518518518519,1,23.99,96.628516561,185.16351656100002,31.44,179.875,"Norway, NO",0.9972105,53476173
2026-10-02T12:06:07.336611+00:00,vast.ai,marketplace,RTX 4090,0.5241111111111111,1,23.99,98.60351656099999,188.13351656100002,62.88,758.425,"Texas, US",0.9974121,46126405
2026-10-02T12:06:07.336611+00:00,vast.ai,marketplace,RTX 4090,0.534074074074074,1,23.99,97.061516561,181.738516561,62.57,3277.5,"Ohio, US",0.9930759,53119954
2026-10-02T12:06:07.336611+00:00,vast.ai,marketplace,RTX 5090,0.5342592592592592,1,31.84,199.32451656100002,373.08551656099996,62.88,611.25,"California, US",0.9920554,50830532
2026-10-02T12:06:07.336611+00:00,vast.ai,marketplace,L40S,0.5347222222222222,1,44.99,93.527516561,174.909516561,125.95,672.9237915010152,"Türkiye, TR",0.9994192,25286574
2026-10-02T12:06:07.336611+00:00,vast.ai,marketplace,RTX 4090,0.5347222222222222,1,23.99,97.026516561,181.452516561,62.66,1376.0,"Nevada, US",0.9945574,53008185
2026-10-02T12:06:07.336611+00:00,vast.ai,marketplace,RTX 4090,0.5347222222222222,1,23.99,98.361516561,183.94851656100002,55.97,652.5333333333334,"Bulgaria, BG",0.9924113,44334719
2026-10-02T12:06:07.336611+00:00,vast.ai,marketplace,RTX 5090,0.5347222222222222,1,31.84,90.684516561,169.59151656100002,50.31,452.3200000000001,"California, US",0.9874189,52653934
2026-10-02T12:06:07.336611+00:00,vast.ai,marketplace,RTX 5070 Ti,0.5351851851851852,1,15.92,75.953516561,141.920516561,251.91,767.75,"Texas, US",0.9991882,53317845
2026-10-02T12:06:07.336611+00:00,vast.ai,marketplace,RTX 5070 Ti,0.5351851851851852,1,15.92,75.71051656099999,141.46651656100002,251.91,1458.5,"Texas, US",0.9956124,53320340
2026-10-02T12:06:07.336611+00:00,vast.ai,marketplace,RTX 4090,0.5356481481481481,1,23.99,96.95751656099999,181.00851656100002,75.54,608.6,"Norway, NO",0.9993898,53588569
2026-10-02T12:06:07.336611+00:00,vast.ai,marketplace,RTX 5090,0.5356481481481481,1,31.84,199.040516561,371.587516561,30.47,424.0,"South Korea, KR",0.9988736,50466150
2026-10-02T12:06:07.336611+00:00,vast.ai,marketplace,RTX 4090,0.5365740740740741,1,23.99,97.061516561,180.891516561,62.96,193.75,"Spain, ES",0.9990293,29301940
2026-10-02T12:06:07.336611+00:00,vast.ai,marketplace,RTX 5090,0.5384259259259259,1,31.84,199.165516561,369.903516561,62.83,5455.15,"Virginia, US",0.9945452,48598259
2026-10-02T12:06:07.336611+00:00,vast.ai,marketplace,RTX 5090,0.5402777777777777,1,31.84,199.278516561,368.843516561,42.02,1031.0,"Illinois, US",0.9925047,40946560
2026-10-02T12:06:07.336611+00:00,vast.ai,marketplace,A100 PCIE,0.5449814814814814,1,40.0,86.876516561,159.41251656100002,125.67,292.0,"Japan, JP",0.9896572,48072870
2026-10-02T12:06:07.336611+00:00,vast.ai,marketplace,A100 PCIE,0.5474074074074073,1,40.0,94.351516561,172.361516561,251.69,3431.0,"Japan, JP",0.9985656,40796927
2026-10-02T12:06:07.336611+00:00,vast.ai,marketplace,RTX 6000Ada,0.5520555555555555,1,47.99,113.170516561,204.998516561,83.93,42.33333333333333,"Japan, JP",0.9991373,25318167
2026-10-02T12:06:07.336611+00:00,vast.ai,marketplace,A100 SXM4,0.5526851851851852,1,40.0,95.544516561,172.874516561,51.15,353.0,"United States, US",0.9932423,50213974
2026-10-02T12:06:07.336611+00:00,vast.ai,marketplace,RTX 5090,0.553611111111111,1,31.84,198.54451656100002,358.634516561,62.71,626.0,"Poland, PL",0.9883577,51466240
2026-10-02T12:06:07.336611+00:00,vast.ai,marketplace,RTX 6000Ada,0.5613888888888889,1,47.99,112.979516561,201.250516561,49.14,384.59499419878364,"Germany, DE",0.9473204,53243440
2026-10-02T12:06:07.336611+00:00,vast.ai,marketplace,RTX 4090,0.5613888888888889,1,23.99,96.96351656099999,172.72151656100002,55.97,680.0888888888888,"Bulgaria, BG",0.9952964,53362439
2026-10-02T12:06:07.336611+00:00,vast.ai,marketplace,RTX 4090,0.5613888888888889,1,23.99,97.026516561,172.833516561,31.44,1550.9,"Taiwan, TW",0.9989113,45087816
2026-10-02T12:06:07.336611+00:00,vast.ai,marketplace,RTX 5090,0.5613888888888889,1,31.84,199.38351656100002,355.161516561,15.25,717.55,"Croatia, HR",0.9970264,45080652
2026-10-02T12:06:07.336611+00:00,vast.ai,marketplace,RTX 5090,0.5623148148148148,1,31.84,199.469516561,354.728516561,94.13,624.0,"South Korea, KR",0.9878812,52598132
2026-10-02T12:06:07.336611+00:00,vast.ai,marketplace,RTX 5090,0.5623148148148148,1,31.84,199.707516561,355.15251656099997,62.63,755.0,"South Korea, KR",0.9494183,53372877
2026-10-02T12:06:07.336611+00:00,vast.ai,marketplace,RTX 5090,0.5747222222222222,1,31.84,199.462516561,347.059516561,30.5,1395.0,"British Columbia, CA",0.9617965,53110154
2026-10-02T12:06:07.336611+00:00,vast.ai,marketplace,RTX 5090,0.5880555555555556,1,31.84,199.19851656100002,338.74151656099997,47.17,226.25000000000006,"Slovenia, SI",0.9851633,45702811
2026-10-02T12:06:07.336611+00:00,vast.ai,marketplace,A100 SXM4,0.5894444444444444,1,39.0,94.599516561,160.488516561,93.39,1365.0,"Alberta, CA",0.9959078,35931772
2026-10-02T12:06:07.336611+00:00,vast.ai,marketplace,RTX 5090,0.5902777777777778,1,31.84,198.73951656100002,336.688516561,125.69,1244.0,"Spain, ES",0.9961066,53424353
2026-10-02T12:06:07.336611+00:00,vast.ai,marketplace,RTX 5090,0.5903703703703703,1,31.84,165.84651656100002,280.91951656099997,108.05,1598.0,"California, US",0.992766,53299241
2026-10-02T12:06:07.336611+00:00,vast.ai,marketplace,L40S,0.6009259259259259,1,44.99,93.56751656099999,155.70451656100002,125.87,841.853779926217,"Japan, JP",0.998567,24964753
2026-10-02T12:06:07.336611+00:00,vast.ai,marketplace,L40S,0.6009259259259259,1,44.99,93.420516561,155.46051656100002,125.87,1056.75,"Japan, JP",0.9995871,24964702
2026-10-02T12:06:07.336611+00:00,vast.ai,marketplace,A100 SXM4,0.6009259259259259,1,40.0,70.619516561,117.517516561,31.34,528.5,"New York, US",0.9905532,50943246
2026-10-02T12:06:07.336611+00:00,vast.ai,marketplace,RTX 5090,0.6009259259259259,1,31.84,199.25151656100002,331.574516561,62.62,1525.0,"South Korea, KR",0.5897066,45984482
2026-10-02T12:06:07.336611+00:00,vast.ai,marketplace,RTX 4080S,0.6013888888888889,1,31.99,70.946516561,117.971516561,125.77,1175.8,"Minnesota, US",0.9997453,53490446
2026-10-02T12:06:07.336611+00:00,vast.ai,marketplace,A100 PCIE,0.6013888888888889,1,40.0,94.19551656099999,156.630516561,251.84,1654.1000000000001,"Japan, JP",0.9993149,24622079
2026-10-02T12:06:07.336611+00:00,vast.ai,marketplace,RTX 4090,0.6013888888888889,1,23.99,96.880516561,161.093516561,251.91,791.725,"Norway, NO",0.9964715,53748557
2026-10-02T12:06:07.336611+00:00,vast.ai,marketplace,RTX 4090,0.6013888888888889,1,23.99,97.054516561,161.384516561,31.28,697.0,"Taiwan, TW",0.9964434,47554699
2026-10-02T12:06:07.336611+00:00,vast.ai,marketplace,RTX 4090,0.6013888888888889,1,23.99,97.334516561,161.849516561,31.44,721.75,"Taiwan, TW",0.9950417,49035057
2026-10-02T12:06:07.336611+00:00,vast.ai,marketplace,RTX 5090,0.6013888888888889,1,31.84,196.81051656100001,327.259516561,31.26,494.0,"Ontario, CA",0.9982013,38663224
2026-10-02T12:06:07.336611+00:00,vast.ai,marketplace,RTX 5090,0.6013888888888889,1,31.84,197.647516561,328.65051656099996,62.93,581.875,"Michigan, US",0.9911756,50849755
2026-10-02T12:06:07.336611+00:00,vast.ai,marketplace,RTX PRO 5000,0.6013888888888889,1,47.79,165.798516561,275.692516561,62.88,1094.25,"India, IN",0.9932042,53690213
2026-10-02T12:06:07.336611+00:00,vast.ai,marketplace,RTX 5090,0.6018518518518519,1,31.84,198.809516561,330.329516561,59.41,915.0,"Texas, US",0.9980426,51284767
2026-10-02T12:06:07.336611+00:00,vast.ai,marketplace,RTX 5090,0.6023148148148147,1,31.84,199.20551656100002,330.733516561,62.17,1598.0,"Norway, NO",0.9830269,28231835
2026-10-02T12:06:07.336611+00:00,vast.ai,marketplace,RTX 5090,0.6032407407407407,1,31.84,199.284516561,330.356516561,62.95,372.7589801649023,"North Carolina, US",0.9168289,36439831
2026-10-02T12:06:07.336611+00:00,vast.ai,marketplace,RTX 4090,0.6046296296296296,1,47.99,125.642516561,207.80051656100002,52.47,514.5833333333333,"California, US",0.9962902,40232099
2026-10-02T12:06:07.336611+00:00,vast.ai,marketplace,A100 PCIE,0.6064814814814815,1,40.0,83.620516561,137.878516561,47.14,2921.2332000351935,"Estonia, EE",0.9117748,52618401
2026-10-02T12:06:07.336611+00:00,vast.ai,marketplace,GTX 1050 Ti,0.6069444444444444,1,4.0,0.783516561,1.291516561,7.7,7.999999999999773,"Vietnam, VN",0.9808937,25160155
2026-10-02T12:06:07.336611+00:00,vast.ai,marketplace,GTX 1660 Ti,0.6069444444444444,1,6.0,2.458516561,4.050516561,7.7,679.4000000000026,"Vietnam, VN",0.9940192,33521707
2026-10-02T12:06:07.336611+00:00,vast.ai,marketplace,RTX PRO 5000,0.6151851851851853,1,47.79,165.529516561,269.072516561,247.94,500.3091605840592,"India, IN",0.9898393,53758160
2026-10-02T12:06:07.336611+00:00,vast.ai,marketplace,RTX PRO 5000,0.6287962962962962,1,47.79,165.756516561,263.60951656099996,125.88,697.0,"Maryland, US",0.9980938,51792685
2026-10-02T12:06:07.336611+00:00,vast.ai,marketplace,RTX 5090,0.6307777777777778,1,31.84,199.05651656100002,315.57351656099996,500.96,2328.25,"Italy, IT",0.9957045,50894157
2026-10-02T12:06:07.336611+00:00,vast.ai,marketplace,RTX 3070,0.6413888888888889,1,8.0,16.276516561,25.376516561000003,251.65,2975.5,"Taiwan, TW",0.9983826,49850323
2026-10-02T12:06:07.336611+00:00,vast.ai,marketplace,RTX 5090,0.6413888888888889,1,31.84,199.284516561,310.708516561,60.47,1163.8,"Ukraine, UA",0.9813541,34530722
2026-10-02T12:06:07.336611+00:00,vast.ai,marketplace,RTX PRO 5000,0.6413928888888889,1,47.79,165.457516561,257.96551656099996,62.69,409.0,"Bulgaria, BG",0.9961762,51288089
2026-10-02T12:06:07.336611+00:00,vast.ai,marketplace,RTX 5090,0.6418518518518519,1,31.84,199.165516561,310.298516561,61.46,704.5,"Colorado, US",0.9861929,53190282
2026-10-02T12:06:07.336611+00:00,vast.ai,marketplace,RTX 5090,0.6453888888888889,1,31.84,199.284516561,308.78251656099997,250.48,1259.25,"Italy, IT",0.9641328,53406657
2026-10-02T12:06:07.336611+00:00,vast.ai,marketplace,RTX 5090,0.6533888888888889,1,31.84,199.529516561,305.375516561,30.5,1486.8,"Finland, FI",0.9870084,51245592
2026-10-02T12:06:07.336611+00:00,vast.ai,marketplace,RTX 4090D,0.6551851851851852,1,47.99,120.400516561,183.765516561,78.57,519.5,"South Carolina, US",0.9973247,49864598
2026-10-02T12:06:07.336611+00:00,vast.ai,marketplace,RTX 5090,0.6602592592592592,1,31.84,184.635516561,279.64051656099997,35.17,730.0,"Taiwan, TW",0.9985858,53790221
2026-10-02T12:06:07.336611+00:00,vast.ai,marketplace,RTX 5090,0.666537037037037,1,31.84,68.915516561,103.392516561,62.62,3074.0,"Texas, US",0.9950924,51178170
2026-10-02T12:06:07.336611+00:00,vast.ai,marketplace,RTX PRO 5000,0.6673148148148148,1,47.79,165.725516561,248.34751656100002,125.77,2799.55,"Czechia, CZ",0.9782178,53567986
2026-10-02T12:06:07.336611+00:00,vast.ai,marketplace,RTX 3090,0.6680555555555555,1,24.0,44.366516561,66.410516561,31.28,163.0,"British Columbia, CA",0.9949153,19448806
2026-10-02T12:06:07.336611+00:00,vast.ai,marketplace,RTX 5090,0.6680555555555555,1,31.84,199.44951656100002,298.552516561,83.84,147.0,"Illinois, US",0.9938464,53770580
2026-10-02T12:06:07.336611+00:00,vast.ai,marketplace,RTX 5090,0.6680555555555555,1,31.84,198.69751656100001,297.425516561,251.91,1257.25,"United Kingdom, GB",0.9973956,48425032
2026-10-02T12:06:07.336611+00:00,vast.ai,marketplace,RTX PRO 5000,0.6680555555555555,1,47.79,165.643516561,247.94851656100002,62.73,438.0,"Slovakia, SK",0.9964829,47409124
2026-10-02T12:06:07.336611+00:00,vast.ai,marketplace,RTX 6000Ada,0.6683333333333333,1,47.99,112.932516561,168.975516561,62.77,282.0,"Japan, JP",0.9951549,40396208
2026-10-02T12:06:07.336611+00:00,vast.ai,marketplace,RTX 5880Ada,0.6689814814814814,1,47.99,106.810516561,159.661516561,125.96,648.268855675509,"United Kingdom, GB",0.9979874,44120922
2026-10-02T12:06:07.336611+00:00,vast.ai,marketplace,A100 SXM4,0.6699074074074074,1,40.0,95.397516561,142.403516561,62.96,191.875,"Mississippi, US",0.9876271,51341862
2026-10-02T12:06:07.336611+00:00,vast.ai,marketplace,RTX 4090,0.6711851851851852,1,23.99,91.000516561,135.581516561,31.25,304.45,"Spain, ES",0.9936088,52945057
2026-10-02T12:06:07.336611+00:00,vast.ai,marketplace,RTX 5090,0.6712962962962963,1,31.84,198.69751656100001,295.990516561,41.94,655.8162745487145,"California, US",0.9861011,45618801
2026-10-02T12:06:07.336611+00:00,vast.ai,marketplace,GTX 1660,0.673611111111111,1,6.0,2.316516561,3.438516561,7.71,669.4000000000026,"Vietnam, VN",0.9937842,33521216
2026-10-02T12:06:07.336611+00:00,vast.ai,marketplace,RTX PRO 5000,0.6840555555555555,1,47.79,165.67451656100002,242.194516561,125.89,1637.125,"Alberta, CA",0.9663426,53473433
2026-10-02T12:06:07.336611+00:00,vast.ai,marketplace,A100 SXM4,0.6954592592592592,1,40.0,89.310516561,128.41851656100002,83.46,717.0,"Iowa, US",0.996811,52240435
2026-10-02T12:06:07.336611+00:00,vast.ai,marketplace,A100 SXM4,0.6956481481481481,1,40.0,87.614516561,125.947516561,125.89,620.5,"Croatia, HR",0.9913739,41566564
2026-10-02T12:06:07.336611+00:00,vast.ai,marketplace,RTX 5090,0.705388888888889,1,31.84,198.29451656100002,281.113516561,143.92,839.7142857142857,"Poland, PL",0.9941877,53258827
2026-10-02T12:06:07.336611+00:00,vast.ai,marketplace,RTX 5090,0.7078703703703704,1,31.84,196.112516561,277.045516561,62.53,9.0,"Thailand, TH",0.9912827,50555596
2026-10-02T12:06:07.336611+00:00,vast.ai,marketplace,RTX 4090,0.7223148148148149,1,23.99,97.738516561,135.31251656100002,251.76,1630.35,"Hungary, HU",0.9597705,53377818
2026-10-02T12:06:07.336611+00:00,vast.ai,marketplace,RTX 3090,0.7262592592592593,1,24.0,44.058516561,60.664516561,503.55,2571.0,"The Netherlands, NL",0.9920973,53854465
2026-10-02T12:06:07.336611+00:00,vast.ai,marketplace,A100 SXM4,0.7347222222222223,1,40.0,79.239516561,107.849516561,125.92,423.32616172669816,"Massachusetts, US",0.9967646,48716609
2026-10-02T12:06:07.336611+00:00,vast.ai,marketplace,RTX 5090,0.7347222222222223,1,31.84,198.274516561,269.862516561,125.7,2950.5,"Minnesota, US",0.9991263,53202660
2026-10-02T12:06:07.336611+00:00,vast.ai,marketplace,RTX 5090,0.7347222222222223,1,31.84,199.559516561,271.611516561,251.91,1467.5750000000003,"Norway, NO",0.9970495,53415941
2026-10-02T12:06:07.336611+00:00,vast.ai,marketplace,RTX 5090,0.735462962962963,1,31.84,198.83551656100002,270.35451656099997,125.96,469.0,"Hungary, HU",0.9947111,50576327
2026-10-02T12:06:07.336611+00:00,vast.ai,marketplace,RTX 4090,0.7356481481481482,1,47.99,125.589516561,170.719516561,125.95,354.625,"Romania, RO",0.9976663,48289323
2026-10-02T12:06:07.336611+00:00,vast.ai,marketplace,RTX PRO 5000,0.7356481481481482,1,47.79,165.612516561,225.124516561,94.36,1219.25,"France, FR",0.992546,38260159
2026-10-02T12:06:07.336611+00:00,vast.ai,marketplace,RTX 3060,0.7475925925925926,1,12.0,12.407516561,16.597516561000003,1486.89,1636.4114827447572,"Quebec, CA",0.9816315,53839880
2026-10-02T12:06:07.336611+00:00,vast.ai,marketplace,RTX 5090,0.7475925925925926,1,31.84,101.85651656099999,136.24651656100002,62.79,279.0,"Maryland, US",0.9941811,53809009
2026-10-02T12:06:07.336611+00:00,vast.ai,marketplace,A100 PCIE,0.7613888888888888,1,40.0,95.459516561,125.376516561,125.51,3351.6,"Illinois, US",0.9729326,52578452
2026-10-02T12:06:07.336611+00:00,vast.ai,marketplace,A100 PCIE,0.7623148148148147,1,40.0,95.374516561,125.111516561,125.96,1312.3605321531809,"Japan, JP",0.9933783,46773554
2026-10-02T12:06:07.336611+00:00,vast.ai,marketplace,RTX 4090,0.7623148148148147,1,23.99,96.81751656099999,127.004516561,125.96,1106.5,"Maryland, US",0.9988941,52800776
2026-10-02T12:06:07.336611+00:00,vast.ai,marketplace,RTX 5090,0.7665462222222222,1,31.84,199.357516561,260.072516561,186.37,3019.0,"The Netherlands, NL",0.9939885,53702088
2026-10-02T12:06:07.336611+00:00,vast.ai,marketplace,RTX 5090,0.7747222222222222,1,31.84,199.08051656100002,256.969516561,62.54,580.0,"Tennessee, US",0.9650721,53854477
2026-10-02T12:06:07.336611+00:00,vast.ai,marketplace,A40,0.7880555555555555,1,44.99,44.025516560999996,55.866516561,500.96,31.5,"Belgium, BE",0.9823767,51337963
2026-10-02T12:06:07.336611+00:00,vast.ai,marketplace,RTX PRO 5000,0.7880555555555555,1,47.79,165.74651656100002,210.32351656100002,62.96,1559.325,"Nebraska, US",0.9775615,52507506
2026-10-02T12:06:07.336611+00:00,vast.ai,marketplace,RTX PRO 5000,0.7880555555555555,1,47.79,165.27051656100002,209.719516561,71.95,1750.9828538278764,"Nebraska, US",0.9769467,52514698
2026-10-02T12:06:07.336611+00:00,vast.ai,marketplace,RTX 6000Ada,0.7885185185185185,1,47.99,113.113516561,143.450516561,167.84,3480.333333333333,"North Carolina, US",0.996163,36503108
2026-10-02T12:06:07.336611+00:00,vast.ai,marketplace,RTX 5090,0.7931481481481482,1,31.84,199.440516561,251.45351656100001,62.86,759.5,"Slovakia, SK",0.9926403,45620121
2026-10-02T12:06:07.336611+00:00,vast.ai,marketplace,A100 SXM4,0.7955925925925925,1,40.0,35.710516561,44.885516560999996,125.75,124.22448439916624,"United Kingdom, GB",0.9761634,38565864
2026-10-02T12:06:07.336611+00:00,vast.ai,marketplace,RTX 4090,0.7996481481481481,1,23.99,97.068516561,121.389516561,503.51,4648.553334029102,"Hungary, HU",0.9774553,53404467
2026-10-02T12:06:07.336611+00:00,vast.ai,marketplace,RTX 6000Ada,0.8002777777777778,1,47.99,113.256516561,141.521516561,62.49,153.53754811940348,"The Netherlands, NL",0.9986009,39914433
2026-10-02T12:06:07.336611+00:00,vast.ai,marketplace,L40S,0.8009259259259258,1,44.99,93.60651656099999,116.872516561,251.94,271.625,"Taiwan, TW",0.9987695,38575011
2026-10-02T12:06:07.336611+00:00,vast.ai,marketplace,L40S,0.8009259259259258,1,44.99,93.57651656099999,116.83551656099999,251.94,219.62500000000003,"Taiwan, TW",0.9981211,38574939
2026-10-02T12:06:07.336611+00:00,vast.ai,marketplace,L40S,0.8009259259259258,1,44.99,93.61551656099999,116.884516561,251.94,113.8749999999996,"Taiwan, TW",0.9976537,38575669
2026-10-02T12:06:07.336611+00:00,vast.ai,marketplace,A100 SXM4,0.8009259259259258,1,40.0,95.303516561,118.992516561,62.97,542.990711110561,"Czechia, CZ",0.9980489,30895677
2026-10-02T12:06:07.336611+00:00,vast.ai,marketplace,A100 SXM4,0.8009259259259258,1,40.0,95.382516561,119.089516561,62.97,547.2125328733838,"Czechia, CZ",0.9895526,50365139
2026-10-02T12:06:07.336611+00:00,vast.ai,marketplace,RTX 4090,0.8009259259259258,1,23.99,61.274516561,76.504516561,110.03,1625.8,"Virginia, US",0.9950814,13917960
2026-10-02T12:06:07.336611+00:00,vast.ai,marketplace,RTX 5090,0.8009259259259258,1,31.84,199.119516561,248.611516561,62.07,6407.0,"Ohio, US",0.9973899,45636462
2026-10-02T12:06:07.336611+00:00,vast.ai,marketplace,L40S,0.8013888888888888,1,44.99,93.430516561,116.58551656099999,188.94,2953.7625,"Slovenia, SI",0.9985065,29679183
2026-10-02T12:06:07.336611+00:00,vast.ai,marketplace,L40S,0.8013888888888888,1,44.99,93.527516561,116.70751656099999,62.62,578.0,"South Korea, KR",0.9941455,49960119
2026-10-02T12:06:07.336611+00:00,vast.ai,marketplace,RTX 6000Ada,0.8013888888888888,1,47.99,112.956516561,140.950516561,251.74,2367.1622138248513,"Texas, US",0.998433,40465232
2026-10-02T12:06:07.336611+00:00,vast.ai,marketplace,RTX 5090,0.8013888888888888,1,31.84,199.46651656100002,248.90151656100002,125.58,2316.0,"Texas, US",0.9950992,48229908
2026-10-02T12:06:07.336611+00:00,vast.ai,marketplace,RTX 5090,0.8013888888888888,1,31.84,199.397516561,248.814516561,251.76,2997.5,"Estonia, EE",0.9899972,52395190
2026-10-02T12:06:07.336611+00:00,vast.ai,marketplace,RTX 5090,0.8013888888888888,1,31.84,190.32851656100001,237.498516561,125.83,3352.95,"United Kingdom, GB",0.9700797,52451718
2026-10-02T12:06:07.336611+00:00,vast.ai,marketplace,RTX 5090,0.8013888888888888,1,31.84,198.749516561,248.006516561,62.96,678.5,"Czechia, CZ",0.9268632,46900148
2026-10-02T12:06:07.336611+00:00,vast.ai,marketplace,RTX PRO 5000,0.8013888888888888,1,47.79,165.415516561,206.411516561,83.93,987.6833333333334,"Belgium, BE",0.9974341,49974697
2026-10-02T12:06:07.336611+00:00,vast.ai,marketplace,RTX PRO 5000,0.8013888888888888,1,47.79,165.59151656100002,206.630516561,62.73,1171.7,"Taiwan, TW",0.9965813,51984963
2026-10-02T12:06:07.336611+00:00,vast.ai,marketplace,RTX 5090,0.8023148148148147,1,31.84,198.815516561,247.802516561,110.21,413.875,"Hungary, HU",0.9938857,51326859
2026-10-02T12:06:07.336611+00:00,vast.ai,marketplace,RTX 3090,0.8040555555555555,1,24.0,44.848516561,55.777516561,503.54,2488.0,"The Netherlands, NL",0.9891376,52542164
2026-10-02T12:06:07.336611+00:00,vast.ai,marketplace,RTX 2080 Ti,0.8069444444444444,1,11.0,8.975516561,11.123516560999999,15.46,16.59999999999991,"Vietnam, VN",0.9808398,32011773
2026-10-02T12:06:07.336611+00:00,vast.ai,marketplace,L40S,0.8155925925925925,1,44.99,93.684516561,114.866516561,62.94,3775.0925749488097,"Romania, RO",0.9760582,50740340
2026-10-02T12:06:07.336611+00:00,vast.ai,marketplace,RTX 4090,0.8289814814814814,1,23.99,97.226516561,117.284516561,125.88,619.5,"Hungary, HU",0.9901196,53016491
2026-10-02T12:06:07.336611+00:00,vast.ai,marketplace,RTX 5090,0.8347222222222223,1,31.84,199.612516561,239.135516561,110.0,3336.5,"Japan, JP",0.9665032,53821181
2026-10-02T12:06:07.336611+00:00,vast.ai,marketplace,RTX 4090,0.8383148148148147,1,23.99,97.540516561,116.352516561,75.49,2477.6000000000004,"Hungary, HU",0.9911384,49591160
2026-10-02T12:06:07.336611+00:00,vast.ai,marketplace,RTX 5090,0.8680555555555556,1,31.84,199.07351656100002,229.332516561,62.96,462.125,"Alberta, CA",0.9985224,45508892
2026-10-02T12:06:07.336611+00:00,vast.ai,marketplace,RTX 5090,0.8689814814814815,1,31.84,199.046516561,229.057516561,60.44,2886.0,"Spain, ES",0.9990103,27710020
2026-10-02T12:06:07.336611+00:00,vast.ai,marketplace,RTX 5090,0.8689814814814815,1,31.84,198.78251656100002,228.753516561,83.95,457.149151454259,"Finland, FI",0.9828196,47357379
2026-10-02T12:06:07.336611+00:00,vast.ai,marketplace,RTX 5090,0.8699074074074075,1,31.84,198.78251656100002,228.510516561,94.4,799.0,"Spain, ES",0.9983383,31191988
2026-10-02T12:06:07.336611+00:00,vast.ai,marketplace,A100 PCIE,0.8708333333333333,1,80.0,127.244516561,146.117516561,125.88,481.08787342763384,"Oklahoma, US",0.9981242,47195598
2026-10-02T12:06:07.336611+00:00,vast.ai,marketplace,RTX 5090,0.8809259259259259,1,31.84,101.48751656099999,115.205516561,62.79,367.0,"California, US",0.9917772,51969530
2026-10-02T12:06:07.336611+00:00,vast.ai,marketplace,RTX 5090,0.8942592592592593,1,31.84,84.194516561,94.149516561,62.79,317.0,"Maryland, US",0.9851655,51969541
2026-10-02T12:06:07.336611+00:00,vast.ai,marketplace,RTX 5090,0.8942592592592593,1,31.84,182.054516561,203.581516561,62.79,239.7494241629759,"Maryland, US",0.9886848,51969548
2026-10-02T12:06:07.336611+00:00,vast.ai,marketplace,RTX 5090,0.8942592592592593,1,31.84,115.98151656099999,129.695516561,62.79,36.0,"California, US",0.9938846,51969545
2026-10-02T12:06:07.336611+00:00,vast.ai,marketplace,RTX PRO 5000,0.9085185185185186,1,47.79,165.767516561,182.458516561,125.88,797.4,"Hungary, HU",0.9855798,53001951
2026-10-02T12:06:07.336611+00:00,vast.ai,marketplace,RTX 5090,0.921111111111111,1,31.84,81.759516561,88.761516561,251.52,6166.0,"Texas, US",0.9861455,53746626
2026-10-02T12:06:07.336611+00:00,vast.ai,marketplace,A100 SXM4,0.9237037037037036,1,40.0,95.393516561,103.272516561,251.96,2451.25,"Virginia, US",0.998485,42274228
2026-10-02T12:06:07.336611+00:00,vast.ai,marketplace,A100 SXM4,0.9237037037037036,1,40.0,95.408516561,103.289516561,251.96,2689.75,"California, US",0.9892769,50245547
2026-10-02T12:06:07.336611+00:00,vast.ai,marketplace,A100 SXM4,0.9347222222222221,1,80.0,128.78151656100002,137.77551656100002,125.93,113.75,"France, FR",0.9904794,43131366
2026-10-02T12:06:07.336611+00:00,vast.ai,marketplace,RTX 3090,0.9351851851851851,1,24.0,44.364516560999995,47.439516561,251.15,3225.0,"Norway, NO",0.9977355,53476117
2026-10-02T12:06:07.336611+00:00,vast.ai,marketplace,RTX 5090,0.935648148148148,1,31.84,199.350516561,213.06151656100002,251.76,334.5,"Norway, NO",0.9953868,30458178
2026-10-02T12:06:07.336611+00:00,vast.ai,marketplace,RTX 5090,0.935648148148148,1,31.84,199.040516561,212.72951656100003,94.42,2758.375,"Hungary, HU",0.9971067,50716290
2026-10-02T12:06:07.336611+00:00,vast.ai,marketplace,RTX 5090,0.9453888888888888,1,31.84,199.19251656100002,210.69851656100002,251.51,3271.6,"Quebec, CA",0.9978287,49152519
2026-10-02T12:06:07.336611+00:00,vast.ai,marketplace,RTX PRO 5000,0.9520629629629631,1,47.79,165.849516561,174.200516561,58.91,1177.2362644962473,"Texas, US",0.9691969,42735320
2026-10-02T12:06:07.336611+00:00,vast.ai,marketplace,RTX PRO 5000,0.9781888888888888,1,47.79,165.66351656100002,169.357516561,68.33,1202.5,"California, US",0.9945387,49725392
2026-10-02T12:06:07.336611+00:00,vast.ai,marketplace,A100 SXM4,1.000925925925926,1,80.0,128.832516561,128.713516561,251.94,102.875,"Taiwan, TW",0.9987936,36994163
2026-10-02T12:06:07.336611+00:00,vast.ai,marketplace,A100 PCIE,1.0013888888888889,1,80.0,5.388516561,5.380516561,125.87,25.25,"United Kingdom, GB",0.9986408,32303769
2026-10-02T12:06:07.336611+00:00,vast.ai,marketplace,RTX PRO 6000 S,1.0023148148148149,1,95.59,276.545516561,275.906516561,125.77,1081.0,"Australia, AU",0.9886004,45612533
2026-10-02T12:06:07.336611+00:00,vast.ai,marketplace,RTX 5090,1.0027777777777778,1,31.84,199.25851656100002,198.706516561,92.92,1585.8,"Texas, US",0.9334891,53635617
2026-10-02T12:06:07.336611+00:00,vast.ai,marketplace,RTX 5090,1.0027777777777778,1,31.84,199.362516561,198.81051656100001,92.92,1585.8,"Texas, US",0.9975616,53635593
2026-10-02T12:06:07.336611+00:00,vast.ai,marketplace,RTX A4000,1.0111851851851852,1,15.99,21.188516561,20.954516561000002,125.5,6426.8,"British Columbia, CA",0.9700546,48544090
2026-10-02T12:06:07.336611+00:00,vast.ai,marketplace,RTX A2000,1.0111851851851852,1,5.99,8.574516561,8.480516561,125.5,6305.201430188024,"British Columbia, CA",0.9446447,53741562
2026-10-02T12:06:07.336611+00:00,vast.ai,marketplace,RTX 5090,1.0267222222222223,1,31.84,198.339516561,193.177516561,251.66,3057.6,"Thailand, TH",0.9892475,43920286
2026-10-02T12:06:07.336611+00:00,vast.ai,marketplace,RTX 4090,1.0346568888888887,1,23.99,100.806516561,97.429516561,125.72,720.8,"Oklahoma, US",0.9945057,29933348
2026-10-02T12:06:07.336611+00:00,vast.ai,marketplace,RTX 5090,1.0374814814814814,1,31.84,192.655516561,185.695516561,40.22,564.5,"Taiwan, TW",0.9928848,52965012
2026-10-02T12:06:07.336611+00:00,vast.ai,marketplace,RTX 5090,1.0419074074074075,1,31.84,150.72951656100003,144.666516561,94.44,570.875,"Czechia, CZ",0.996106,28247758
2026-10-02T12:06:07.336611+00:00,vast.ai,marketplace,RTX 5090,1.042314814814815,1,31.84,198.881516561,190.807516561,250.48,1327.875,"Hungary, HU",0.9823235,48688104
2026-10-02T12:06:07.336611+00:00,vast.ai,marketplace,RTX PRO 5000,1.0515925925925926,1,47.79,165.260516561,157.152516561,55.07,729.139440994096,"Czechia, CZ",0.9983479,44193896
2026-10-02T12:06:07.336611+00:00,vast.ai,marketplace,A40,1.0547222222222223,1,44.99,44.034516561,41.750516561,500.96,313.25,"Belgium, BE",0.9833576,51338031
2026-10-02T12:06:07.336611+00:00,vast.ai,marketplace,A100 SXM4,1.0550000000000002,1,80.0,128.827516561,122.111516561,125.87,720.75,"Czechia, CZ",0.9943297,36602059
2026-10-02T12:06:07.336611+00:00,vast.ai,marketplace,A100 SXM4,1.0550925925925927,1,80.0,119.754516561,113.501516561,125.97,1099.25,"Sweden, SE",0.998324,21050982
2026-10-02T12:06:07.336611+00:00,vast.ai,marketplace,RTX 5090,1.0556481481481483,1,31.84,198.45951656100002,187.99751656100003,125.96,1477.125,"Hungary, HU",0.9935644,52070431
2026-10-02T12:06:07.336611+00:00,vast.ai,marketplace,RTX PRO 6000 Max-Q,1.058314814814815,1,95.59,283.65751656099997,268.02751656099997,125.89,505.0,"Australia, AU",0.9981265,45042215
2026-10-02T12:06:07.336611+00:00,vast.ai,marketplace,RTX 3090,1.0680555555555555,1,24.0,34.531516561,32.331516561,125.69,350.0,"Ontario, CA",0.990396,52810281
2026-10-02T12:06:07.336611+00:00,vast.ai,marketplace,RTX 5060 Ti,1.0703703703703704,1,15.93,38.266516560999996,35.750516561,31.27,287.0,"Chile, CL",0.9966258,32922874
2026-10-02T12:06:07.336611+00:00,vast.ai,marketplace,RTX 5090,1.1347222222222222,1,31.84,197.999516561,174.49151656100003,251.65,4684.7,"Taiwan, TW",0.9956688,53295746
2026-10-02T12:06:07.336611+00:00,vast.ai,marketplace,RTX 4090,1.136462962962963,1,23.99,96.932516561,85.293516561,881.76,6558.0,"Quebec, CA",0.9902664,20266704
2026-10-02T12:06:07.336611+00:00,vast.ai,marketplace,RTX PRO 6000 WS,1.1393518518518517,1,95.59,282.800516561,248.21151656100002,125.92,644.275,"California, US",0.9852785,51010708
2026-10-02T12:06:07.336611+00:00,vast.ai,marketplace,RTX 5090,1.1747222222222222,1,31.84,98.23751656099999,83.626516561,30.07,294.5,"Delaware, US",0.9870166,53337127
2026-10-02T12:06:07.336611+00:00,vast.ai,marketplace,RTX 5090,1.1875925925925928,1,31.84,198.47951656100003,167.12751656100002,251.69,2684.5,"United Kingdom, GB",0.9971406,51953915
2026-10-02T12:06:07.336611+00:00,vast.ai,marketplace,A100 SXM4,1.1888888888888889,1,80.0,122.505516561,103.042516561,125.92,990.0,"Montana, US",0.9992074,36695163
2026-10-02T12:06:07.336611+00:00,vast.ai,marketplace,A100 SXM4,1.2042777777777778,1,80.0,120.141516561,99.762516561,125.96,558.9490294389685,"Texas, US",0.9969316,49067606
2026-10-02T12:06:07.336611+00:00,vast.ai,marketplace,RTX 4090,1.2536666666666667,1,23.99,97.033516561,77.400516561,167.97,521.6666666666666,"Washington, US",0.9977879,41755380
2026-10-02T12:06:07.336611+00:00,vast.ai,marketplace,RTX 6000D,1.2579629629629627,1,83.64,229.71051656100002,182.60451656100003,94.42,579.2425841809275,"Czechia, CZ",0.9888408,51063961
2026-10-02T12:06:07.336611+00:00,vast.ai,marketplace,RTX PRO 6000 WS,1.2680555555555555,1,95.59,283.65751656099997,223.695516561,125.56,2967.0,"Sweden, SE",0.9681487,52035742
2026-10-02T12:06:07.336611+00:00,vast.ai,marketplace,RTX PRO 6000 WS,1.2680555555555555,1,95.59,283.365516561,223.464516561,89.63,1268.0,"California, US",0.8447144,48603985
2026-10-02T12:06:07.336611+00:00,vast.ai,marketplace,RTX 4090,1.2680555555555555,1,47.99,125.47551656099999,98.950516561,107.97,438.7857142857143,"Washington, US",0.9630439,48484843
2026-10-02T12:06:07.336611+00:00,vast.ai,marketplace,RTX 5090,1.268287037037037,1,31.84,198.52551656100002,156.530516561,94.42,1141.25,"Hungary, HU",0.9896786,51932566
2026-10-02T12:06:07.336611+00:00,vast.ai,marketplace,RTX 5090,1.2685185185185184,1,31.84,198.77551656100002,156.69951656100002,70.83,491.25,"Hungary, HU",0.9864454,53828058
2026-10-02T12:06:07.336611+00:00,vast.ai,marketplace,RTX 4090,1.2689814814814815,1,47.99,125.404516561,98.822516561,125.75,1503.0,"Washington, US",0.9948545,39518987
2026-10-02T12:06:07.336611+00:00,vast.ai,marketplace,RTX 5090,1.2689814814814815,1,31.84,199.106516561,156.902516561,94.42,990.125,"Hungary, HU",0.9959574,49155137
2026-10-02T12:06:07.336611+00:00,vast.ai,marketplace,RTX 4090,1.281388888888889,1,47.99,125.659516561,98.065516561,220.06,6532.0,"Washington, US",0.998624,38637438
2026-10-02T12:06:07.336611+00:00,vast.ai,marketplace,RTX 4090,1.282314814814815,1,47.99,125.598516561,97.946516561,125.87,3002.5,"Washington, US",0.9986035,46255397
2026-10-02T12:06:07.336611+00:00,vast.ai,marketplace,RTX PRO 6000 WS,1.3080555555555555,1,95.59,283.404516561,216.660516561,125.62,1258.0,"Hong Kong, HK",0.9975055,53664164
2026-10-02T12:06:07.336611+00:00,vast.ai,marketplace,RTX PRO 6000 WS,1.321388888888889,1,95.59,283.385516561,214.45951656100002,91.74,1376.0,"Australia, AU",0.9985087,50850184
2026-10-02T12:06:07.336611+00:00,vast.ai,marketplace,RTX PRO 6000 S,1.3321888888888889,1,95.59,193.50151656100002,145.250516561,188.8,1192.75,"New York, US",0.9921175,42702274
2026-10-02T12:06:07.336611+00:00,vast.ai,marketplace,RTX 3090,1.3342592592592593,1,24.0,44.367516560999995,33.252516561,31.22,2255.9000000000005,"Washington, US",0.9956633,49556391
2026-10-02T12:06:07.336611+00:00,vast.ai,marketplace,RTX PRO 6000 WS,1.3347222222222221,1,95.59,283.365516561,212.303516561,125.84,1286.3041021611916,"Japan, JP",0.9981213,53815235
2026-10-02T12:06:07.336611+00:00,vast.ai,marketplace,RTX PRO 6000 S,1.3347222222222221,1,95.59,280.14551656099997,209.890516561,125.49,682.0,"France, FR",0.9765729,53493214
2026-10-02T12:06:07.336611+00:00,vast.ai,marketplace,RTX 3090,1.3347222222222221,1,24.0,44.364516560999995,33.238516561,62.72,327.0,"Washington, US",0.9924119,51860372
2026-10-02T12:06:07.336611+00:00,vast.ai,marketplace,RTX PRO 5000,1.3347222222222221,1,71.69,191.161516561,143.22151656100002,62.71,2591.55,"Florida, US",0.9603903,53704978
2026-10-02T12:06:07.336611+00:00,vast.ai,marketplace,RTX A2000,1.3347222222222221,1,5.99,8.574516561,6.424516561000001,31.16,761.5,"British Columbia, CA",0.9714573,46186923
2026-10-02T12:06:07.336611+00:00,vast.ai,marketplace,RTX 5090,1.3347222222222221,1,31.84,190.36551656100002,142.625516561,62.25,2003.0,"British Columbia, CA",0.9684324,48515309
2026-10-02T12:06:07.336611+00:00,vast.ai,marketplace,RTX 5080,1.335185185185185,1,15.92,83.958516561,62.881516561,31.21,743.0,"Florida, US",0.9972955,51473535
2026-10-02T12:06:07.336611+00:00,vast.ai,marketplace,RTX PRO 6000 Max-Q,1.3435925925925924,1,95.59,283.385516561,210.915516561,123.41,389.0,"India, IN",0.9981809,50338632
2026-10-02T12:06:07.336611+00:00,vast.ai,marketplace,RTX PRO 6000 WS,1.3657962962962962,1,95.59,283.599516561,207.643516561,188.41,2795.0,"United Kingdom, GB",0.9970781,47457221
2026-10-02T12:06:07.336611+00:00,vast.ai,marketplace,RTX PRO 6000 WS,1.3880555555555556,1,95.59,283.540516561,204.271516561,125.56,1148.3000000000002,"Texas, US",0.9959292,48425446
2026-10-02T12:06:07.336611+00:00,vast.ai,marketplace,RTX PRO 6000 S,1.4005555555555558,1,95.59,280.04951656099996,199.95551656100002,125.85,72.0,"Switzerland, CH",0.9944453,51032796
2026-10-02T12:06:07.336611+00:00,vast.ai,marketplace,RTX PRO 6000 S,1.402314814814815,1,95.59,279.623516561,199.40151656100002,188.92,146.125,"Bulgaria, BG",0.9981337,44647843
2026-10-02T12:06:07.336611+00:00,vast.ai,marketplace,RTX PRO 6000 WS,1.402777777777778,1,95.59,283.735516561,202.267516561,503.29,3266.6,"Alberta, CA",0.8173275,53480657
2026-10-02T12:06:07.336611+00:00,vast.ai,marketplace,A100 SXM4,1.412702962962963,1,80.0,128.73451656100002,91.126516561,122.02,493.1,"North Carolina, US",0.9917333,51216969
2026-10-02T12:06:07.336611+00:00,vast.ai,marketplace,RTX PRO 6000 WS,1.4203222222222223,1,95.59,282.021516561,198.56151656100002,94.08,98.5,"New York, US",0.9984876,42515613
2026-10-02T12:06:07.336611+00:00,vast.ai,marketplace,RTX PRO 6000 WS,1.4543148148148148,1,95.59,282.469516561,194.22851656100002,188.92,201.75,"Poland, PL",0.9804448,37051749
2026-10-02T12:06:07.336611+00:00,vast.ai,marketplace,RTX PRO 6000 WS,1.4551851851851851,1,95.59,214.95951656100002,147.719516561,251.19,1273.0,"Florida, US",0.976296,51162878
2026-10-02T12:06:07.336611+00:00,vast.ai,marketplace,RTX A2000,1.467314814814815,1,5.99,8.573516561,5.842516561,503.5,12641.0,"British Columbia, CA",0.9851044,53620859
2026-10-02T12:06:07.336611+00:00,vast.ai,marketplace,RTX PRO 6000 WS,1.4680555555555557,1,95.59,283.346516561,193.00751656100002,123.5,2647.0,"Japan, JP",0.994106,53192903
2026-10-02T12:06:07.336611+00:00,vast.ai,marketplace,RTX PRO 6000 WS,1.4680555555555557,1,95.59,283.677516561,193.23351656100002,125.59,466.0,"Ontario, CA",0.9759748,53753923
2026-10-02T12:06:07.336611+00:00,vast.ai,marketplace,RTX PRO 6000 S,1.4680555555555557,1,95.59,278.90751656099997,189.98451656100002,94.47,43.0,"Australia, AU",0.9981939,50133447
2026-10-02T12:06:07.336611+00:00,vast.ai,marketplace,RTX PRO 6000 S,1.4685185185185186,1,95.59,279.39051656099997,190.253516561,110.15,3497.5,"Texas, US",0.986616,52528363
2026-10-02T12:06:07.336611+00:00,vast.ai,marketplace,RTX PRO 6000 S,1.4685185185185186,1,95.59,279.236516561,190.148516561,98.4,1864.6594645336322,"Texas, US",0.9935046,50644431
2026-10-02T12:06:07.336611+00:00,vast.ai,marketplace,RTX PRO 6000 WS,1.4689814814814817,1,95.59,283.42451656099996,192.939516561,251.54,2778.0,"Colorado, US",0.9936342,53733293
2026-10-02T12:06:07.336611+00:00,vast.ai,marketplace,RTX PRO 6000 S,1.4694444444444446,1,95.59,279.797516561,190.410516561,283.09,1505.0,"France, FR",0.9605417,52618751
2026-10-02T12:06:07.336611+00:00,vast.ai,marketplace,RTX PRO 6000 WS,1.4712962962962963,1,95.59,282.975516561,192.331516561,251.91,286.0,"Florida, US",0.9966216,52869185
2026-10-02T12:06:07.336611+00:00,vast.ai,marketplace,RTX PRO 6000 WS,1.481388888888889,1,95.59,283.735516561,191.533516561,125.55,3231.0,"Massachusetts, US",0.9914457,53758475
2026-10-02T12:06:07.336611+00:00,vast.ai,marketplace,RTX PRO 6000 Max-Q,1.518722222222222,1,95.59,237.766516561,156.55651656100002,251.67,205.5,"Japan, JP",0.9712795,52687954
2026-10-02T12:06:07.336611+00:00,vast.ai,marketplace,RTX PRO 6000 WS,1.534722222222222,1,95.59,237.047516561,154.456516561,91.96,861.0,"Nevada, US",0.9973941,49795580
2026-10-02T12:06:07.336611+00:00,vast.ai,marketplace,RTX PRO 6000 WS,1.534722222222222,1,95.59,283.755516561,184.890516561,125.55,2656.0,"Massachusetts, US",0.9985537,36072512
2026-10-02T12:06:07.336611+00:00,vast.ai,marketplace,RTX PRO 6000 S,1.534722222222222,1,95.59,280.06851656099997,182.487516561,124.77,483.63664233623695,"Ohio, US",0.9982545,46296973
2026-10-02T12:06:07.336611+00:00,vast.ai,marketplace,RTX PRO 6000 Max-Q,1.5664065185185185,1,95.59,283.034516561,180.690516561,125.53,679.5,"Michigan, US",0.9875852,45192567
2026-10-02T12:06:07.336611+00:00,vast.ai,marketplace,RTX PRO 6000 WS,1.6013888888888888,1,95.59,282.839516561,176.62151656100002,110.2,1899.4068666206667,"Texas, US",0.9912769,52611622
2026-10-02T12:06:07.336611+00:00,vast.ai,marketplace,RTX 5090,1.6013888888888888,1,31.84,198.76951656100002,124.123516561,251.49,6218.4,"Taiwan, TW",0.9666432,53365924
2026-10-02T12:06:07.336611+00:00,vast.ai,marketplace,RTX PRO 6000 S,1.6016666666666666,1,95.59,279.584516561,174.558516561,102.08,707.0,"The Netherlands, NL",0.9985192,46385242
2026-10-02T12:06:07.336611+00:00,vast.ai,marketplace,RTX PRO 6000 WS,1.6023148148148147,1,95.59,276.66251656099996,172.664516561,125.77,596.0,"Washington, US",0.9854078,53550230
2026-10-02T12:06:07.336611+00:00,vast.ai,marketplace,RTX 4090,1.6046296296296294,1,47.99,125.61551656099999,78.283516561,93.95,6300.6726364936885,"California, US",0.9759741,51071482
2026-10-02T12:06:07.336611+00:00,vast.ai,marketplace,RTX 5090,1.6055555555555554,1,31.84,199.62151656100002,124.331516561,247.81,331.5,"Norway, NO",0.9984165,50806300
2026-10-02T12:06:07.336611+00:00,vast.ai,marketplace,RTX PRO 6000 WS,1.6675925925925927,1,95.59,283.540516561,170.030516561,125.49,2433.05,"Minnesota, US",0.9938732,53578040
2026-10-02T12:06:07.336611+00:00,vast.ai,marketplace,RTX PRO 6000 Max-Q,1.6685185185185185,1,95.59,283.579516561,169.95951656100002,125.57,1653.85,"Norway, NO",0.9897212,53476221
2026-10-02T12:06:07.336611+00:00,vast.ai,marketplace,RTX PRO 5000,1.6685185185185185,1,47.79,165.694516561,99.306516561,503.52,2886.0,"Texas, US",0.9990614,53430598
2026-10-02T12:06:07.336611+00:00,vast.ai,marketplace,RTX PRO 6000 WS,1.720925925925926,1,95.59,283.248516561,164.59051656100002,188.49,6415.5,"Minnesota, US",0.9853642,50275351
2026-10-02T12:06:07.336611+00:00,vast.ai,marketplace,RTX PRO 6000 WS,1.7223148148148149,1,95.59,283.482516561,164.593516561,167.78,4147.0,"Hungary, HU",0.9915674,51122669
2026-10-02T12:06:07.336611+00:00,vast.ai,marketplace,RTX PRO 6000 WS,1.7402777777777778,1,95.59,283.326516561,162.80551656100002,121.18,842.0,"California, US",0.986506,50460702
2026-10-02T12:06:07.336611+00:00,vast.ai,marketplace,RTX PRO 6000 WS,1.7742592592592594,1,95.59,284.797516561,160.516516561,251.5,2527.5,"Minnesota, US",0.9900163,50275368
2026-10-02T12:06:07.336611+00:00,vast.ai,marketplace,RTX PRO 6000 Max-Q,1.8437037037037036,1,95.59,283.014516561,153.503516561,125.94,1169.5,"Czechia, CZ",0.9836798,30474091
2026-10-02T12:06:07.336611+00:00,vast.ai,marketplace,RTX PRO 6000 WS,1.8910555555555555,1,95.59,282.800516561,149.546516561,1007.69,5264.0,"Italy, IT",0.8989676,53723217
2026-10-02T12:06:07.336611+00:00,vast.ai,marketplace,RTX PRO 6000 S,1.8957037037037043,1,95.59,234.623516561,123.765516561,125.93,1095.75,"Czechia, CZ",0.9982674,44623535
2026-10-02T12:06:07.336611+00:00,vast.ai,marketplace,RTX PRO 6000 WS,1.988703703703704,1,95.59,282.644516561,142.125516561,125.92,968.25,"Hungary, HU",0.9961547,43620837
2026-10-02T12:06:07.336611+00:00,vast.ai,marketplace,RTX PRO 6000 WS,2.000462962962963,1,95.59,283.755516561,141.844516561,125.42,1467.0,"Estonia, EE",0.9984047,44494718
2026-10-02T12:06:07.336611+00:00,vast.ai,marketplace,RTX 5060 Ti,2.0009259259259258,1,15.93,38.375516561,19.179516561,755.39,1327.0,"Spain, ES",0.9989307,29062021
2026-10-02T12:06:07.336611+00:00,vast.ai,marketplace,RTX 4090,2.001388888888889,1,23.99,97.107516561,48.520516561,125.71,1349.0,"Ontario, CA",0.9963886,52814544
2026-10-02T12:06:07.336611+00:00,vast.ai,marketplace,RTX 5060 Ti,2.001388888888889,1,15.93,38.382516560999996,19.178516561000002,629.39,3124.0,"Spain, ES",0.9992831,28164421
2026-10-02T12:06:07.336611+00:00,vast.ai,marketplace,RTX PRO 6000 WS,2.002314814814815,1,95.59,281.670516561,140.672516561,94.44,412.125,"Alberta, CA",0.9958846,53217065
2026-10-02T12:06:07.336611+00:00,vast.ai,marketplace,RTX PRO 6000 WS,2.3347222222222226,1,95.59,282.87851656099997,121.161516561,503.54,12145.0,"Maryland, US",0.9840993,52800874
2026-10-02T12:06:07.336611+00:00,vast.ai,marketplace,RTX PRO 6000 Max-Q,2.3778703703703705,1,95.59,282.761516561,118.913516561,125.92,417.375,"Czechia, CZ",0.9967704,47792413
2026-10-02T12:06:07.336611+00:00,vast.ai,marketplace,RTX 4090,2.7080555555555557,1,23.99,58.093516561,21.452516561000003,24.95,275.46,"United Kingdom, GB",0.9497909,53154221
2026-10-02T12:06:07.336611+00:00,vast.ai,marketplace,RTX 4090,3.339814814814815,1,23.99,96.74051656099999,28.965516561,62.53,708.0,"Alberta, CA",0.9937078,53752192
2026-10-02T12:06:07.336611+00:00,vast.ai,marketplace,H200,3.5544590643274856,1,140.4,381.671516561,107.378516561,235.95,23.0,"Georgia, US",0.9926112,49998292
2026-10-02T12:06:07.336611+00:00,vast.ai,marketplace,H100 SXM,3.8712777777777783,1,79.65,262.356516561,67.769516561,125.94,1271.6308462616712,"Czechia, CZ",0.9945852,49793506
2026-10-02T12:06:07.336611+00:00,vast.ai,marketplace,H200 NVL,3.909611111111112,1,140.4,453.333516561,115.953516561,188.39,358.625,"Texas, US",0.8848003,53712099
2026-10-02T12:06:07.336611+00:00,vast.ai,marketplace,RTX 4090,4.006481481481481,1,23.99,97.504516561,24.336516561,30.94,765.0,"The Netherlands, NL",0.9961883,42544505
2026-10-02T12:06:07.336611+00:00,vast.ai,marketplace,RTX 5080,4.006481481481481,1,15.92,83.872516561,20.934516561000002,30.94,750.8,"The Netherlands, NL",0.9924371,49691112
2026-10-02T12:06:07.336611+00:00,vast.ai,marketplace,RTX 5080,4.006481481481481,1,15.92,84.059516561,20.980516561,30.94,1606.7,"The Netherlands, NL",0.9975329,53189390
2026-10-02T12:06:07.336611+00:00,vast.ai,marketplace,H200 NVL,4.134722222222223,1,140.4,453.021516561,109.565516561,188.03,2984.3467700933693,"New York, US",0.9943722,48842896
2026-10-02T12:06:07.336611+00:00,vast.ai,marketplace,H200 NVL,4.420277777777778,1,140.4,393.603516561,89.044516561,125.76,658.0,"Washington, US",0.997311,48497455
2026-10-02T12:06:07.336611+00:00,vast.ai,marketplace,H200 NVL,4.668055555555556,1,140.4,138.815516561,29.737516561,181.06,172.75,"Bulgaria, BG",0.9918046,44335855
2026-10-02T12:06:07.336611+00:00,vast.ai,marketplace,H200 NVL,4.868055555555555,1,140.4,396.617516561,81.473516561,214.36,50.285714285714285,"Mississippi, US",0.9930553,50176560
2026-10-02T12:06:07.336611+00:00,vast.ai,marketplace,H200,5.0027412280701755,1,140.4,279.795516561,55.928516560999995,188.93,679.6,"Germany, DE",0.9150288,53594621
2026-10-02T12:06:07.336611+00:00,vast.ai,marketplace,H200,5.120248538011696,1,140.4,493.987516561,96.477516561,377.93,2348.268565899185,"Saudi Arabia, SA",0.9974714,39605010
2026-10-02T12:06:07.336611+00:00,vast.ai,marketplace,H200,5.120248538011696,1,140.4,493.63151656099996,96.407516561,377.93,2543.2275062877748,"Saudi Arabia, SA",0.99878,40323382
2026-10-02T12:06:07.336611+00:00,vast.ai,marketplace,H100 SXM,5.561388888888889,1,79.65,234.767516561,42.213516561,221.46,2002.5342964903525,", US",0.9982668,36346704
2026-10-02T12:06:07.336611+00:00,vast.ai,marketplace,B200,6.251302083333333,1,179.06,680.0515165610001,108.785516561,249.5,1506.95961140279,"Oregon, US",0.9911371,51577281
2026-10-02T12:06:07.336611+00:00,vast.ai,marketplace,B200,7.813802083333332,1,179.06,421.572516561,53.952516560999996,220.48,89.75,", US",0.9959772,53384345
2026-10-02T12:06:07.336611+00:00,vast.ai,marketplace,RTX 5090,9.334898148148149,1,31.84,186.23951656100002,19.950516561,31.36,843.5,"Taiwan, TW",0.9901038,53630596
2026-10-02T12:06:07.336611+00:00,vast.ai,marketplace,B300,9.938802083333334,1,268.59,893.496516561,89.899516561,251.92,865.125,"Croatia, HR",0.9938018,53579017
2026-10-02T12:06:07.336611+00:00,vast.ai,marketplace,RTX 5090,53.33435185185186,1,31.84,199.046516561,3.732516561,60.44,3349.0,"Ukraine, UA",0.9979735,46363452
