collected_at,provider,tier,gpu_model,price_usd_per_hr,num_gpus,gpu_ram_gb,dlperf,dlperf_per_dollar,cpu_ram_gb,disk_space_gb,region,reliability,offer_id
2026-09-22T11:10:54.623268+00:00,vast.ai,marketplace,Quadro P2000,0.028055555555555556,1,5.0,1.0177623801653413,36.27667889698246,6.83,28.4625,"Nevada, US",0.9922416,49574216
2026-09-22T11:10:54.623268+00:00,vast.ai,marketplace,GTX 1080,0.039592592592592596,1,8.0,3.330490607485923,84.11903311704388,30.3,325.0,"Germany, DE",0.9961554,46997840
2026-09-22T11:10:54.623268+00:00,vast.ai,marketplace,GTX 1070,0.04805555555555556,1,8.0,2.6128927489656055,54.37233466055595,8.96,166.0,"South Korea, KR",0.9911884,48484311
2026-09-22T11:10:54.623268+00:00,vast.ai,marketplace,GTX 1070,0.04805555555555556,1,8.0,2.6625625460945153,55.40592581468355,8.96,59.57142857142857,"South Korea, KR",0.9970065,47060243
2026-09-22T11:10:54.623268+00:00,vast.ai,marketplace,Titan Xp,0.04805555555555556,1,12.0,5.757466410549852,119.80854958369633,8.96,96.28571428571428,"South Korea, KR",0.996213,48455482
2026-09-22T11:10:54.623268+00:00,vast.ai,marketplace,Titan Xp,0.04805555555555556,1,12.0,5.757466410549852,119.80854958369633,8.96,88.0,"South Korea, KR",0.9967593,32784727
2026-09-22T11:10:54.623268+00:00,vast.ai,marketplace,GTX TITAN X,0.04805555555555556,1,12.0,3.355057349444435,69.81622230057783,15.51,47.693776893828954,"South Korea, KR",0.9969943,40865803
2026-09-22T11:10:54.623268+00:00,vast.ai,marketplace,GTX TITAN X,0.04805555555555556,1,12.0,3.355057349444435,69.81622230057783,5.8,73.5,"South Korea, KR",0.9966799,51832532
2026-09-22T11:10:54.623268+00:00,vast.ai,marketplace,GTX TITAN X,0.04805555555555556,1,12.0,3.355057349444435,69.81622230057783,15.51,127.30000000000001,"South Korea, KR",0.9900285,51881765
2026-09-22T11:10:54.623268+00:00,vast.ai,marketplace,GTX TITAN X,0.04805555555555556,1,12.0,3.355057349444435,69.81622230057783,15.51,143.0,"South Korea, KR",0.9965492,51983237
2026-09-22T11:10:54.623268+00:00,vast.ai,marketplace,GTX 1070,0.049388888888888885,1,8.0,2.4978679556144425,50.57550416317207,7.82,82.325,"South Korea, KR",0.9981888,50595372
2026-09-22T11:10:54.623268+00:00,vast.ai,marketplace,GTX 1070,0.049388888888888885,1,8.0,2.4978679556144425,50.57550416317207,7.78,171.0,"South Korea, KR",0.9980394,50037971
2026-09-22T11:10:54.623268+00:00,vast.ai,marketplace,GTX 1070,0.049388888888888885,1,8.0,2.6128927489656055,52.90446510841497,15.61,164.2,"South Korea, KR",0.9984376,47671684
2026-09-22T11:10:54.623268+00:00,vast.ai,marketplace,GTX 1070,0.050722222222222224,1,8.0,2.5135531547077825,49.55526482446888,15.62,171.0,"South Korea, KR",0.9878032,50850384
2026-09-22T11:10:54.623268+00:00,vast.ai,marketplace,RTX 3060,0.05627777777777778,1,12.0,12.264655292856059,217.930696220542,31.35,367.0,"Norway, NO",0.9941801,48793812
2026-09-22T11:10:54.623268+00:00,vast.ai,marketplace,RTX 3060,0.05627777777777778,1,12.0,12.33670458367849,219.21094028253978,31.35,328.5,"Norway, NO",0.9952797,43555505
2026-09-22T11:10:54.623268+00:00,vast.ai,marketplace,RTX 3060,0.05159259259259259,1,12.0,10.870309404258073,210.69515715360228,15.63,321.0,"Poland, PL",0.9985668,45602397
2026-09-22T11:10:54.623268+00:00,vast.ai,marketplace,GTX 1080,0.052055555555555556,1,8.0,3.3223089488571445,63.82237041561216,10.46,217.33333333333331,"South Korea, KR",0.9709037,51265257
2026-09-22T11:10:54.623268+00:00,vast.ai,marketplace,GTX 1080,0.052055555555555556,1,8.0,3.330490607485923,63.979542086175684,10.46,221.33333333333331,"South Korea, KR",0.9968611,50870185
2026-09-22T11:10:54.623268+00:00,vast.ai,marketplace,GTX 1080,0.052055555555555556,1,8.0,3.351404206277043,64.38129745249388,15.52,127.30000000000001,"South Korea, KR",0.9976003,51265279
2026-09-22T11:10:54.623268+00:00,vast.ai,marketplace,GTX 1080,0.052055555555555556,1,8.0,3.3005684170851954,63.40472946374975,31.18,127.0,"South Korea, KR",0.9915463,51265304
2026-09-22T11:10:54.623268+00:00,vast.ai,marketplace,GTX 1080,0.052055555555555556,1,8.0,3.351404206277043,64.38129745249388,31.18,164.0,"South Korea, KR",0.9984425,51671437
2026-09-22T11:10:54.623268+00:00,vast.ai,marketplace,GTX 1080,0.052055555555555556,1,8.0,3.330490607485923,63.979542086175684,15.54,177.3,"South Korea, KR",0.99706,50870754
2026-09-22T11:10:54.623268+00:00,vast.ai,marketplace,GTX 1080,0.052055555555555556,1,8.0,3.351404206277043,64.38129745249388,15.52,163.8,"South Korea, KR",0.987756,50870717
2026-09-22T11:10:54.623268+00:00,vast.ai,marketplace,Quadro P4000,0.05298148148148148,1,8.0,1.8541870896460493,34.99689019255039,31.43,297.825,"United States, US",0.9849586,51010732
2026-09-22T11:10:54.623268+00:00,vast.ai,marketplace,Quadro P4000,0.05344444444444444,1,8.0,2.0836915595552954,38.987991758830894,31.44,260.5,"Nevada, US",0.9962668,48453745
2026-09-22T11:10:54.623268+00:00,vast.ai,marketplace,RTX 3060,0.0537962962962963,1,12.0,12.267646437177149,228.0388666463222,15.54,264.0,"Thailand, TH",0.9911713,50243050
2026-09-22T11:10:54.623268+00:00,vast.ai,marketplace,GTX 1070 Ti,0.05472222222222223,1,8.0,3.1639660771116267,57.81866942945104,10.46,207.33333333333331,"South Korea, KR",0.993983,51265134
2026-09-22T11:10:54.623268+00:00,vast.ai,marketplace,Titan Xp,0.05472222222222223,1,12.0,5.757466410549852,105.21258415218003,10.45,233.84522167989508,"South Korea, KR",0.9935492,48369184
2026-09-22T11:10:54.623268+00:00,vast.ai,marketplace,Titan Xp,0.05472222222222223,1,12.0,5.757466410549852,105.21258415218003,10.46,241.55622600679067,"South Korea, KR",0.9966024,48474935
2026-09-22T11:10:54.623268+00:00,vast.ai,marketplace,Titan Xp,0.05472222222222223,1,12.0,5.757466410549852,105.21258415218003,10.45,240.65,"South Korea, KR",0.9969686,48453495
2026-09-22T11:10:54.623268+00:00,vast.ai,marketplace,RTX 3060,0.05472222222222223,1,12.0,12.476482747851104,227.99663904702524,31.18,124.0,"South Korea, KR",0.9962565,50735806
2026-09-22T11:10:54.623268+00:00,vast.ai,marketplace,RTX 3060,0.05472222222222223,1,12.0,12.45782622015253,227.6557075763914,31.41,269.575,"Jiangsu, CN",0.9797115,51872887
2026-09-22T11:10:54.623268+00:00,vast.ai,marketplace,RTX 3060,0.05472222222222223,1,12.0,12.480239143726656,228.06528384475106,25.15,230.90135150918513,"Quebec, CA",0.9889188,51819842
2026-09-22T11:10:54.623268+00:00,vast.ai,marketplace,RTX 3060,0.05472222222222223,1,12.0,12.41317436446121,226.83973457898654,31.41,141.65,"Texas, US",0.9887259,50742232
2026-09-22T11:10:54.623268+00:00,vast.ai,marketplace,Q RTX 4000,0.05472222222222223,1,8.0,4.104189194763423,75.00041168095595,7.67,67.0,"Spain, ES",0.990825,48583410
2026-09-22T11:10:54.623268+00:00,vast.ai,marketplace,RTX 3060,0.05605555555555556,1,12.0,12.686707162282005,226.32381458976815,20.93,153.0,"Romania, RO",0.9889899,51617961
2026-09-22T11:10:54.623268+00:00,vast.ai,marketplace,RTX 3060,0.05872222222222222,1,12.0,12.406307808405456,211.27108850643162,31.18,114.0,"South Korea, KR",0.9961625,43057835
2026-09-22T11:10:54.623268+00:00,vast.ai,marketplace,RTX 3060,0.06092592592592593,1,12.0,12.265403621581047,201.31665518704452,15.61,383.8,"Poland, PL",0.9991392,45598145
2026-09-22T11:10:54.623268+00:00,vast.ai,marketplace,RTX 3060,0.06092592592592593,1,12.0,11.24625668853526,184.58901555650576,15.63,373.5,"Poland, PL",0.9993693,45600081
2026-09-22T11:10:54.623268+00:00,vast.ai,marketplace,Quadro P4000,0.061388888888888896,1,8.0,2.0836915595552954,33.942486942982185,15.46,167.5,"Romania, RO",0.9983107,43521342
2026-09-22T11:10:54.623268+00:00,vast.ai,marketplace,RTX 3060,0.061388888888888896,1,12.0,12.553489169614444,204.49122629236197,15.52,148.0,"South Korea, KR",0.9963955,51993057
2026-09-22T11:10:54.623268+00:00,vast.ai,marketplace,RTX 3060,0.061388888888888896,1,12.0,12.548035631767766,204.40239038173735,31.24,328.0,"South Korea, KR",0.9957926,51998143
2026-09-22T11:10:54.623268+00:00,vast.ai,marketplace,RTX 2060,0.061388888888888896,1,12.0,3.941650081068745,64.20787462374426,10.46,235.06666666666666,"South Korea, KR",0.9960113,49698940
2026-09-22T11:10:54.623268+00:00,vast.ai,marketplace,RTX 2070,0.061388888888888896,1,8.0,4.104189194763423,66.85557059343132,7.77,121.5,"South Korea, KR",0.9982874,49864036
2026-09-22T11:10:54.623268+00:00,vast.ai,marketplace,RTX 2070,0.061388888888888896,1,8.0,4.104189194763423,66.85557059343132,7.77,155.5,"South Korea, KR",0.9959577,49868123
2026-09-22T11:10:54.623268+00:00,vast.ai,marketplace,RTX 3060,0.06277777777777778,1,12.0,12.26615158836682,195.39002530141838,23.59,172.9,"California, US",0.9965497,50492809
2026-09-22T11:10:54.623268+00:00,vast.ai,marketplace,GTX 1080 Ti,0.06405555555555556,1,11.0,5.212453494822205,81.3739487483085,7.73,192.5,"South Korea, KR",0.9970418,50029567
2026-09-22T11:10:54.623268+00:00,vast.ai,marketplace,GTX 1080 Ti,0.06405555555555556,1,11.0,5.212453494822205,81.3739487483085,7.73,192.2,"South Korea, KR",0.9960328,50029618
2026-09-22T11:10:54.623268+00:00,vast.ai,marketplace,GTX 1080 Ti,0.06405555555555556,1,11.0,5.212453494822205,81.3739487483085,15.67,419.85,"South Korea, KR",0.9912923,47444985
2026-09-22T11:10:54.623268+00:00,vast.ai,marketplace,RTX 3060 laptop,0.06451851851851853,1,12.0,12.782884360734636,198.1273695406631,15.59,358.0,"New Zealand, NZ",0.9973953,52026374
2026-09-22T11:10:54.623268+00:00,vast.ai,marketplace,RTX 2060S,0.06538888888888889,1,8.0,3.98692664634161,60.97254004600593,15.61,122.70000000000005,"Vietnam, VN",0.9919107,47528461
2026-09-22T11:10:54.623268+00:00,vast.ai,marketplace,RTX 2060S,0.06538888888888889,1,8.0,3.98692664634161,60.97254004600593,15.59,113.0,"Vietnam, VN",0.978262,30053150
2026-09-22T11:10:54.623268+00:00,vast.ai,marketplace,RTX 3060,0.06644444444444447,1,12.0,12.41545661253443,186.85469818195622,41.93,463.7566647329279,"Texas, US",0.9887776,51173211
2026-09-22T11:10:54.623268+00:00,vast.ai,marketplace,RTX 3060,0.06690740740740743,1,12.0,12.546474106930363,187.51995620654287,23.47,319.5,"Florida, US",0.9978452,42544274
2026-09-22T11:10:54.623268+00:00,vast.ai,marketplace,RTX 3060,0.06694444444444445,1,12.0,12.265403621581047,183.21764745930196,31.35,335.0,"Norway, NO",0.9971999,43555754
2026-09-22T11:10:54.623268+00:00,vast.ai,marketplace,RTX 3060 laptop,0.06718518518518521,1,12.0,12.782884360734636,190.2634386658407,15.62,224.66666666666666,"New Zealand, NZ",0.99318,46442912
2026-09-22T11:10:54.623268+00:00,vast.ai,marketplace,RTX 3060 laptop,0.06718518518518521,1,12.0,12.782884360734636,190.2634386658407,31.32,67.25000000000003,"New Zealand, NZ",0.9976678,51288813
2026-09-22T11:10:54.623268+00:00,vast.ai,marketplace,RTX 3060 laptop,0.06718518518518521,1,12.0,12.780869711099143,190.23345214976666,15.63,278.65,"New Zealand, NZ",0.9973836,51669653
2026-09-22T11:10:54.623268+00:00,vast.ai,marketplace,RTX 3060,0.06759259259259259,1,12.0,12.547255056998587,185.630622761075,30.21,754.5,"Washington, US",0.9965358,42613422
2026-09-22T11:10:54.623268+00:00,vast.ai,marketplace,Quadro P4000,0.06805555555555555,1,8.0,2.0836915595552954,30.617508630200263,62.73,120.0,"United Kingdom, GB",0.997283,45254580
2026-09-22T11:10:54.623268+00:00,vast.ai,marketplace,GTX 1080 Ti,0.06805555555555555,1,11.0,5.316102491579529,78.1141590599441,15.62,180.5,"South Korea, KR",0.9979111,48302205
2026-09-22T11:10:54.623268+00:00,vast.ai,marketplace,GTX 1080 Ti,0.06805555555555555,1,11.0,5.316102491579529,78.1141590599441,15.59,176.0,"South Korea, KR",0.997425,50020019
2026-09-22T11:10:54.623268+00:00,vast.ai,marketplace,GTX 1080 Ti,0.06805555555555555,1,11.0,5.34883375371342,78.59510821782985,15.64,379.0,"South Korea, KR",0.9980588,47674542
2026-09-22T11:10:54.623268+00:00,vast.ai,marketplace,GTX 1080 Ti,0.06805555555555555,1,11.0,5.212453494822205,76.59115339330589,31.28,66.0,"South Korea, KR",0.9975646,40234662
2026-09-22T11:10:54.623268+00:00,vast.ai,marketplace,GTX 1080 Ti,0.06805555555555555,1,11.0,5.384292621025136,79.11613647220608,31.29,72.0,"South Korea, KR",0.9985338,37709426
2026-09-22T11:10:54.623268+00:00,vast.ai,marketplace,GTX 1080 Ti,0.06805555555555555,1,11.0,5.212453494822205,76.59115339330589,31.29,466.0,"South Korea, KR",0.9976086,52004422
2026-09-22T11:10:54.623268+00:00,vast.ai,marketplace,GTX 1080,0.06805555555555555,1,8.0,3.4838569986208063,51.19136814299961,62.73,248.0,"United Kingdom, GB",0.996437,45255274
2026-09-22T11:10:54.623268+00:00,vast.ai,marketplace,RTX 3060,0.06805555555555555,1,12.0,12.405543017514406,182.2855300532729,10.46,179.16666666666666,"South Korea, KR",0.995461,51265005
2026-09-22T11:10:54.623268+00:00,vast.ai,marketplace,RTX 2060,0.06805555555555555,1,12.0,3.969804724504951,58.331824523338064,31.25,283.0,"Vietnam, VN",0.9843116,51908414
2026-09-22T11:10:54.623268+00:00,vast.ai,marketplace,GTX 1660 Ti,0.06805555555555555,1,6.0,2.54473177213438,37.39197705993375,15.51,88.40000000000029,"Japan, JP",0.9803397,51427490
2026-09-22T11:10:54.623268+00:00,vast.ai,marketplace,RTX 2070,0.06805555555555555,1,8.0,4.104189194763423,60.30645347407479,7.82,354.4570963631832,"South Korea, KR",0.9803044,50701339
2026-09-22T11:10:54.623268+00:00,vast.ai,marketplace,RTX 3060,0.06846296296296295,1,12.0,12.27212232448754,179.25198959219026,15.65,291.6,"Oregon, US",0.9965517,46479274
2026-09-22T11:10:54.623268+00:00,vast.ai,marketplace,RTX A4000,0.06851851851851852,1,15.99,21.189996229700604,309.25940443346826,19.63,129.72,"Ohio, US",0.9750948,47976751
2026-09-22T11:10:54.623268+00:00,vast.ai,marketplace,GTX 1660,0.06851851851851852,1,6.0,2.2840734829747817,33.335126508280595,62.93,342.2,"United Kingdom, GB",0.997744,43339011
2026-09-22T11:10:54.623268+00:00,vast.ai,marketplace,RTX A2000,0.06898148148148148,1,5.99,8.576597161264104,124.33187831094273,62.89,685.195372319913,"Norway, NO",0.9958975,29318075
2026-09-22T11:10:54.623268+00:00,vast.ai,marketplace,RTX 4060,0.06944444444444445,1,8.0,15.653315498872239,225.40774318376023,15.72,102.03749999999997,"Nevada, US",0.9898986,50944077
2026-09-22T11:10:54.623268+00:00,vast.ai,marketplace,RTX 3060 laptop,0.06985185185185185,1,12.0,12.78187728671498,182.98551789040536,15.59,340.85,"New Zealand, NZ",0.9986965,51291055
2026-09-22T11:10:54.623268+00:00,vast.ai,marketplace,RTX 3070,0.07222222222222222,1,8.0,16.260173926305274,225.14086974884228,15.54,252.0,"Illinois, US",0.9973213,49013107
2026-09-22T11:10:54.623268+00:00,vast.ai,marketplace,RTX 2070S,0.07425925925925926,1,8.0,4.635840488519608,62.42777715213437,31.3,538.0,"Ontario, CA",0.9978177,44217462
2026-09-22T11:10:54.623268+00:00,vast.ai,marketplace,RTX A4000,0.07496296296296295,1,15.99,21.191598078871984,282.69424314700774,15.69,2143.5,"Quebec, CA",0.9983046,19031542
2026-09-22T11:10:54.623268+00:00,vast.ai,marketplace,RTX 4060,0.07518518518518519,1,8.0,15.653315498872239,208.19680712785734,15.62,287.43110691242515,"New Zealand, NZ",0.9956479,47696169
2026-09-22T11:10:54.623268+00:00,vast.ai,marketplace,RTX 3070,0.08092592592592593,1,8.0,16.282758629735092,201.20571304478145,31.18,214.0,"Vietnam, VN",0.9852375,51934046
2026-09-22T11:10:54.623268+00:00,vast.ai,marketplace,RTX 3060,0.08092592592592593,1,12.0,12.265403621581047,151.5633399463104,15.52,783.8,"Poland, PL",0.9987539,45604632
2026-09-22T11:10:54.623268+00:00,vast.ai,marketplace,Tesla V100,0.08138888888888889,1,16.0,18.19621263933541,223.5712133160665,31.43,370.95,"California, US",0.9626429,51994892
2026-09-22T11:10:54.623268+00:00,vast.ai,marketplace,RTX 2080 Ti,0.08138888888888889,1,11.0,9.037837928565429,111.04510765472882,25.15,227.01999999999998,"Quebec, CA",0.9981603,47984762
2026-09-22T11:10:54.623268+00:00,vast.ai,marketplace,RTX 3080 Ti,0.08138888888888889,1,12.0,34.69110455622818,426.23882731201866,15.62,317.5,"United Kingdom, GB",0.9928926,47473405
2026-09-22T11:10:54.623268+00:00,vast.ai,marketplace,RTX 3060,0.08231481481481481,1,12.0,12.263157548530447,148.97874187191096,31.46,176.87500000000003,"Norway, NO",0.9983814,13388143
2026-09-22T11:10:54.623268+00:00,vast.ai,marketplace,RTX 3060 Ti,0.0835925925925926,1,8.0,14.80792099528434,177.1439374712792,31.33,224.21419272636635,"Ontario, CA",0.9978839,18012464
2026-09-22T11:10:54.623268+00:00,vast.ai,marketplace,RTX A4000,0.0875925925925926,1,15.99,16.904277138929963,192.9875191336613,23.48,207.5,"The Netherlands, NL",0.9985068,36172984
2026-09-22T11:10:54.623268+00:00,vast.ai,marketplace,RTX A4000,0.0875925925925926,1,15.99,20.136983872529242,229.8936848026594,23.48,345.0,"Poland, PL",0.9985456,45600585
2026-09-22T11:10:54.623268+00:00,vast.ai,marketplace,RTX A4000,0.0875925925925926,1,15.99,20.438513856242103,233.3360989930388,15.64,343.0,"Poland, PL",0.9995409,45598788
2026-09-22T11:10:54.623268+00:00,vast.ai,marketplace,RTX A4000,0.0875925925925926,1,15.99,20.295284107604196,231.70091793036502,23.49,149.0,"Poland, PL",0.9983817,49383453
2026-09-22T11:10:54.623268+00:00,vast.ai,marketplace,RTX 3070,0.08805555555555555,1,8.0,16.280507674579923,184.88904614664898,31.24,343.4,"Vietnam, VN",0.991899,49260634
2026-09-22T11:10:54.623268+00:00,vast.ai,marketplace,Q RTX 4000,0.08805555555555555,1,8.0,4.104189194763423,46.609088647155595,31.26,290.0,"Argentina, AR",0.9923946,37282264
2026-09-22T11:10:54.623268+00:00,vast.ai,marketplace,RTX 5060,0.08805555555555555,1,7.96,28.26156087308494,320.95147994670594,31.37,114.0,"Vietnam, VN",0.9954191,47092639
2026-09-22T11:10:54.623268+00:00,vast.ai,marketplace,RTX A4000,0.0915925925925926,1,15.99,21.18679072847466,231.31554778358907,250.49,1429.1605449994313,"Japan, JP",0.9974877,45433721
2026-09-22T11:10:54.623268+00:00,vast.ai,marketplace,RTX A4000,0.0915925925925926,1,15.99,17.889449749733636,195.3154643116895,41.93,80.16666666666666,"Japan, JP",0.9894968,49633880
2026-09-22T11:10:54.623268+00:00,vast.ai,marketplace,RTX A4000,0.0915925925925926,1,15.99,21.189996229700604,231.35054516858725,31.37,465.075,"Japan, JP",0.9685073,51276966
2026-09-22T11:10:54.623268+00:00,vast.ai,marketplace,RTX 4060,0.09393518518518519,1,8.0,15.645243999875872,166.55360788433651,62.93,1422.7116177346081,"Quebec, CA",0.9981129,50443269
2026-09-22T11:10:54.623268+00:00,vast.ai,marketplace,RTX 3070,0.09472222222222222,1,8.0,16.281633360172783,171.88821142704404,31.26,383.5,"Japan, JP",0.9937292,51773109
2026-09-22T11:10:54.623268+00:00,vast.ai,marketplace,RTX 3070,0.09472222222222222,1,8.0,16.07415294246016,169.6978023250926,31.27,1290.0,"Virginia, US",0.9923377,52047304
2026-09-22T11:10:54.623268+00:00,vast.ai,marketplace,RTX 4060 Ti,0.09472222222222222,1,16.0,22.50490209483634,237.58840921234844,31.31,719.8186780203721,"Vietnam, VN",0.9955655,45241065
2026-09-22T11:10:54.623268+00:00,vast.ai,marketplace,Tesla P100,0.09564814814814815,1,16.0,6.489584450329015,67.84851119414652,39.01,563.925,"Texas, US",0.9914669,48981933
2026-09-22T11:10:54.623268+00:00,vast.ai,marketplace,RTX 4060 Ti,0.09564814814814815,1,16.0,22.541082170323037,235.6666867758846,23.54,342.5,"United States, US",0.9737224,47543124
2026-09-22T11:10:54.623268+00:00,vast.ai,marketplace,RTX 4060 Ti,0.09888888888888889,1,16.0,22.541082170323037,227.94352756506441,20.96,527.9499999999999,"Japan, JP",0.9630673,51188706
2026-09-22T11:10:54.623268+00:00,vast.ai,marketplace,RTX 3060 Ti,0.09918518518518518,1,8.0,13.77861855750952,138.91811092335962,15.62,337.1,"New Zealand, NZ",0.983617,51406536
2026-09-22T11:10:54.623268+00:00,vast.ai,marketplace,RTX 4070S,0.09935185185185186,1,11.99,34.75260404417667,349.79321871119106,11.78,347.125,", US",0.9958053,44275551
2026-09-22T11:10:54.623268+00:00,vast.ai,marketplace,RTX 4070S,0.09935185185185186,1,11.99,34.77755740381106,350.04438020611315,11.78,160.5,", US",0.992474,42643522
2026-09-22T11:10:54.623268+00:00,vast.ai,marketplace,RTX 2080 Ti,0.10005555555555555,1,22.0,11.045877624506199,110.39744433154446,17.97,169.35714285714286,"Thailand, TH",0.9789275,50286321
2026-09-22T11:10:54.623268+00:00,vast.ai,marketplace,RTX A4000,0.10027777777777779,1,15.99,21.703297180894157,216.43177244104976,31.42,361.9,"Germany, DE",0.9890299,50614342
2026-09-22T11:10:54.623268+00:00,vast.ai,marketplace,RTX 4060 Ti,0.10138888888888888,1,16.0,22.522997544622854,222.14463331682816,62.82,1527.0,"Vietnam, VN",0.9931436,45031677
2026-09-22T11:10:54.623268+00:00,vast.ai,marketplace,RTX A4000,0.1063148148148148,1,15.99,21.189996229700604,199.3136729496312,39.26,305.0,"Estonia, EE",0.9967064,46119331
2026-09-22T11:10:54.623268+00:00,vast.ai,marketplace,Tesla P40,0.10672222222222222,1,24.0,5.87904,55.08730869338886,62.81,678.0,"Thailand, TH",0.9887027,47185196
2026-09-22T11:10:54.623268+00:00,vast.ai,marketplace,RTX 4060 Ti,0.10680555555555556,1,16.0,22.516966931916716,210.82205709987042,23.57,338.5,"Jiangsu, CN",0.9918996,49517350
2026-09-22T11:10:54.623268+00:00,vast.ai,marketplace,RTX 4070,0.10805555555555556,1,11.99,33.80391619249084,312.8382989536427,20.96,102.2416666666667,"Washington, US",0.9992966,16213990
2026-09-22T11:10:54.623268+00:00,vast.ai,marketplace,RTX A4000,0.10805555555555556,1,15.99,21.189996229700604,196.10279287126522,23.57,98.5,"Delaware, US",0.9986356,48328449
2026-09-22T11:10:54.623268+00:00,vast.ai,marketplace,RTX A4000,0.10898148148148148,1,15.99,21.18358282112518,194.3778202788037,47.22,378.95,"Estonia, EE",0.9409675,51587991
2026-09-22T11:10:54.623268+00:00,vast.ai,marketplace,Tesla V100,0.10898148148148148,1,16.0,20.174061839263175,185.11458612068162,43.19,721.75,"Texas, US",0.9868228,30970798
2026-09-22T11:10:54.623268+00:00,vast.ai,marketplace,RTX 3060,0.10898148148148148,1,12.0,12.476482747851104,114.48259445776714,31.46,189.1125,"Norway, NO",0.9803684,51941436
2026-09-22T11:10:54.623268+00:00,vast.ai,marketplace,RTX 3060 Ti,0.10898148148148148,1,8.0,13.77861855750952,126.43082448691827,62.89,372.75,"Norway, NO",0.999092,31574347
2026-09-22T11:10:54.623268+00:00,vast.ai,marketplace,RTX 4060 Ti,0.10898148148148148,1,16.0,22.516966931916716,206.6127806836878,15.56,795.6757468552674,"Romania, RO",0.8216455,51432768
2026-09-22T11:10:54.623268+00:00,vast.ai,marketplace,RTX 4060 Ti,0.10898148148148148,1,16.0,22.602745180137415,207.39987081179615,62.96,99.25,"Norway, NO",0.9964966,31011001
2026-09-22T11:10:54.623268+00:00,vast.ai,marketplace,RTX 5060 Ti,0.11472222222222223,1,15.93,38.375975201203396,334.51213250443635,62.88,673.0,"Vietnam, VN",0.9968078,28674393
2026-09-22T11:10:54.623268+00:00,vast.ai,marketplace,RTX 5060 Ti,0.11611111111111112,1,15.93,38.3691436852251,330.4519551837568,15.63,299.0,"Romania, RO",0.9855728,51432146
2026-09-22T11:10:54.623268+00:00,vast.ai,marketplace,RTX 3060 laptop,0.11785185185185186,1,12.0,12.78187728671498,108.45716113805922,15.59,320.85,"New Zealand, NZ",0.9948976,51286013
2026-09-22T11:10:54.623268+00:00,vast.ai,marketplace,RTX 3070,0.1187222222222222,1,8.0,16.282758629735092,137.15004929117066,31.23,1645.6,"Quebec, CA",0.9985569,50693441
2026-09-22T11:10:54.623268+00:00,vast.ai,marketplace,RTX 3080,0.12064814814814816,1,10.0,26.978295669677003,223.61135320990914,15.54,125.0,"Germany, DE",0.9948127,50691464
2026-09-22T11:10:54.623268+00:00,vast.ai,marketplace,RTX 5060 Ti,0.12111111111111111,1,15.93,38.55872913600971,318.37482772852053,15.53,271.0,"Malaysia, MY",0.9921146,51179498
2026-09-22T11:10:54.623268+00:00,vast.ai,marketplace,RTX A4000,0.1213888888888889,1,15.99,21.153870061158976,174.26529112167577,15.66,203.5611556339093,"Utah, US",0.9717349,50591555
2026-09-22T11:10:54.623268+00:00,vast.ai,marketplace,RTX A4000,0.1213888888888889,1,15.99,21.191598078871984,174.5760940135907,125.83,348.0,"France, FR",0.9971436,45096198
2026-09-22T11:10:54.623268+00:00,vast.ai,marketplace,RTX 3060,0.1213888888888889,1,12.0,12.26615158836682,101.04838837098525,62.72,1464.2,"Oklahoma, US",0.9390659,51680484
2026-09-22T11:10:54.623268+00:00,vast.ai,marketplace,Titan V,0.1213888888888889,1,12.0,21.927007550208472,180.6343871413055,15.59,367.5,"South Korea, KR",0.997875,50869995
2026-09-22T11:10:54.623268+00:00,vast.ai,marketplace,RTX 3080 Ti,0.1213888888888889,1,12.0,34.935240899601496,287.796034870859,31.26,650.0,"Oregon, US",0.5985573,38475407
2026-09-22T11:10:54.623268+00:00,vast.ai,marketplace,RTX 5060 Ti,0.1213888888888889,1,15.93,38.38963549353913,316.2532901069585,39.23,194.5,"Montana, US",0.9975231,47126623
2026-09-22T11:10:54.623268+00:00,vast.ai,marketplace,RTX 5060 Ti,0.1213888888888889,1,15.93,38.3691436852251,316.08447887141955,15.44,345.0,"Missouri, US",0.9660627,51271732
2026-09-22T11:10:54.623268+00:00,vast.ai,marketplace,RTX 5060 Ti,0.1213888888888889,1,15.93,38.36231125551517,316.0281934092783,59.02,198.42577948666886,"Malaysia, MY",0.993993,48647157
2026-09-22T11:10:54.623268+00:00,vast.ai,marketplace,RTX 3070 Ti,0.12231481481481482,1,8.0,18.312284957366362,149.71436604054256,31.41,377.25,"Norway, NO",0.9972561,36538844
2026-09-22T11:10:54.623268+00:00,vast.ai,marketplace,Tesla V100,0.12277777777777779,1,32.0,23.192176196426026,188.8955527310717,39.31,250.75,"United States, US",0.9719092,47619164
2026-09-22T11:10:54.623268+00:00,vast.ai,marketplace,RTX 3070,0.12555555555555556,1,8.0,16.277128119288,129.64084342795752,15.63,327.1,"Illinois, US",0.9941683,49013001
2026-09-22T11:10:54.623268+00:00,vast.ai,marketplace,RTX 5060 Ti,0.12685185185185183,1,7.96,29.55630778477565,232.99863071210007,15.56,34.5,"Virginia, US",0.9958673,40931299
2026-09-22T11:10:54.623268+00:00,vast.ai,marketplace,RTX 5060 Ti,0.12685185185185185,1,7.96,30.14085612108928,237.60674898376948,29.96,516.0,"India, IN",0.9330398,48558068
2026-09-22T11:10:54.623268+00:00,vast.ai,marketplace,RTX 3060 Ti,0.12773148148148147,1,8.0,11.016157597499827,86.24465534831326,7.61,309.0,"Spain, ES",0.9940216,46485962
2026-09-22T11:10:54.623268+00:00,vast.ai,marketplace,RTX 5060 Ti,0.1296111111111111,1,15.93,38.3691436852251,296.0328274042228,62.7,525.0,"Norway, NO",0.9967797,43555491
2026-09-22T11:10:54.623268+00:00,vast.ai,marketplace,RTX 3060,0.13425925925925924,1,12.0,12.407836284181814,92.4169874959749,31.18,1601.2,"South Korea, KR",0.9523602,50564535
2026-09-22T11:10:54.623268+00:00,vast.ai,marketplace,RTX 3080,0.13425925925925924,1,10.0,25.571766066714137,190.46556794518116,31.3,770.0,"Argentina, AR",0.9954207,29430969
2026-09-22T11:10:54.623268+00:00,vast.ai,marketplace,RTX 4060,0.13472222222222222,1,8.0,15.942150356978468,118.33348718581956,31.18,626.0,"Mexico, MX",0.9979424,40179084
2026-09-22T11:10:54.623268+00:00,vast.ai,marketplace,RTX 2060S,0.13472222222222222,1,8.0,3.9592396557420164,29.3881706405593,15.54,369.0,"The Netherlands, NL",0.965762,51780352
2026-09-22T11:10:54.623268+00:00,vast.ai,marketplace,Tesla T4,0.13472222222222222,1,15.0,4.302423311844853,31.935513242559736,125.82,594.45,"Pennsylvania, US",0.9879867,50006707
2026-09-22T11:10:54.623268+00:00,vast.ai,marketplace,RTX 3060,0.13472222222222222,1,12.0,12.337460403838445,91.5770256779761,110.06,124.25,"Massachusetts, US",0.9775261,50113631
2026-09-22T11:10:54.623268+00:00,vast.ai,marketplace,RTX 3080 Ti,0.13472222222222222,1,12.0,30.97831269528075,229.94211485156845,36.64,524.6666666666666,"Quebec, CA",0.9991795,44116401
2026-09-22T11:10:54.623268+00:00,vast.ai,marketplace,RTX 4060 Ti,0.13472222222222222,1,16.0,22.522997544622854,167.18101270235522,19.43,324.0,"Kentucky, US",0.9839694,40407013
2026-09-22T11:10:54.623268+00:00,vast.ai,marketplace,RTX 4060 Ti,0.13472222222222222,1,16.0,22.62706181226708,167.95344850342576,31.18,303.0,"Kentucky, US",0.9925878,37529335
2026-09-22T11:10:54.623268+00:00,vast.ai,marketplace,RTX 5070,0.13472222222222222,1,11.94,50.20272375041296,372.6387742298694,46.84,261.21961719629667,"Iowa, US",0.9688283,49987455
2026-09-22T11:10:54.623268+00:00,vast.ai,marketplace,RTX 4070,0.13518518518518519,1,11.99,34.200285525875096,252.98841347907606,31.42,347.32500000000005,"Alberta, CA",0.9963876,45498591
2026-09-22T11:10:54.623268+00:00,vast.ai,marketplace,RTX 3070,0.13564814814814816,1,8.0,16.41052752193981,120.97863292624568,62.89,366.4549985496959,"Norway, NO",0.9979337,16581606
2026-09-22T11:10:54.623268+00:00,vast.ai,marketplace,RTX 3060 Ti,0.13564814814814816,1,8.0,13.773022926458784,101.5349130414709,31.28,323.0,"Colorado, US",0.9550166,51274554
2026-09-22T11:10:54.623268+00:00,vast.ai,marketplace,RTX 4060 Ti,0.13564814814814816,1,16.0,22.522997544622854,166.03984538015482,62.68,218.0,"Spain, ES",0.9943334,48225616
2026-09-22T11:10:54.623268+00:00,vast.ai,marketplace,RTX 5060 Ti,0.13564814814814816,1,15.93,38.38963549353913,283.0089169489574,31.44,676.0,"Norway, NO",0.991976,29204623
2026-09-22T11:10:54.623268+00:00,vast.ai,marketplace,RTX 4070,0.1375,1,11.99,10.318968980245016,75.04704712905465,31.26,330.0,"Saskatchewan, CA",0.9858564,50209652
2026-09-22T11:10:54.623268+00:00,vast.ai,marketplace,RTX 5060 Ti,0.13822962962962962,1,15.93,38.375975201203396,277.62481389863666,83.85,428.0,"Texas, US",0.9969317,32665031
2026-09-22T11:10:54.623268+00:00,vast.ai,marketplace,RTX 5060 Ti,0.1413888888888889,1,15.93,38.375975201203396,271.42143560772536,31.46,371.06097325095635,"Connecticut, US",0.9898199,49816733
2026-09-22T11:10:54.623268+00:00,vast.ai,marketplace,RTX 5060 Ti,0.14405555555555555,1,15.93,38.44203946456776,266.8556538226841,31.41,697.5,"British Columbia, CA",0.9984217,43619156
2026-09-22T11:10:54.623268+00:00,vast.ai,marketplace,RTX 3050,0.1449259259259259,1,8.0,7.43125498498377,51.27622913226727,62.71,1588.0,"Japan, JP",0.9977281,43794510
2026-09-22T11:10:54.623268+00:00,vast.ai,marketplace,RTX 3060,0.14759259259259258,1,12.0,12.274355410390498,83.16376313188042,62.59,2610.0,"Maryland, US",0.9742906,51070855
2026-09-22T11:10:54.623268+00:00,vast.ai,marketplace,RTX 3090,0.14805555555555555,1,24.0,44.3633895822079,299.6401547766387,23.01,436.38202996289175,"British Columbia, CA",0.9865332,50314545
2026-09-22T11:10:54.623268+00:00,vast.ai,marketplace,RTX A4000,0.14805555555555555,1,15.99,21.193199327537638,143.1435601859953,62.87,377.0,"Massachusetts, US",0.9367183,51648677
2026-09-22T11:10:54.623268+00:00,vast.ai,marketplace,Titan RTX,0.14805555555555555,1,24.0,12.057292800000003,81.43762491557226,46.72,692.0,"France, FR",0.9916083,49694855
2026-09-22T11:10:54.623268+00:00,vast.ai,marketplace,RTX 3060 Ti,0.14805555555555555,1,8.0,13.854407299751063,93.57573410713664,110.12,73.25,"Massachusetts, US",0.9947955,46460412
2026-09-22T11:10:54.623268+00:00,vast.ai,marketplace,RTX 3060 Ti,0.14805555555555555,1,8.0,13.782107101098495,93.08740255901422,94.31,162.5,"Massachusetts, US",0.9538987,51361325
2026-09-22T11:10:54.623268+00:00,vast.ai,marketplace,RTX 5060 Ti,0.14805555555555555,1,15.93,38.382805803843624,259.24596790588566,31.3,360.1,"Thailand, TH",0.9807606,50914652
2026-09-22T11:10:54.623268+00:00,vast.ai,marketplace,RTX 5060 Ti,0.14805555555555555,1,15.93,38.40329213566825,259.38433712646474,23.4,270.0,"Romania, RO",0.9910423,52023123
2026-09-22T11:10:54.623268+00:00,vast.ai,marketplace,RTX 3090,0.14851851851851852,1,24.0,44.377240079051376,298.79937210333844,41.21,116.5,"Serbia, RS",0.9894156,50744892
2026-09-22T11:10:54.623268+00:00,vast.ai,marketplace,RTX 3090,0.14921296296296296,1,24.0,44.581651834160596,298.77867813151374,31.32,244.5,"Quebec, CA",0.9975138,11997119
2026-09-22T11:10:54.623268+00:00,vast.ai,marketplace,RTX 3090,0.15268518518518517,1,24.0,44.36470379958797,290.5632510828078,31.44,132.6625,"United States, US",0.9577224,50342470
2026-09-22T11:10:54.623268+00:00,vast.ai,marketplace,RTX 3090,0.15268518518518517,1,24.0,44.35944547585151,290.5288120916897,31.47,129.4,", US",0.9965389,42492582
2026-09-22T11:10:54.623268+00:00,vast.ai,marketplace,RTX 3090,0.15268518518518517,1,24.0,44.35944547585151,290.5288120916897,35.98,171.89255635663935,"United States, US",0.9908168,49828263
2026-09-22T11:10:54.623268+00:00,vast.ai,marketplace,RTX 3090,0.15268518518518517,1,24.0,45.2933047365414,296.6450522466023,31.46,134.0,"United States, US",0.9684947,51394867
2026-09-22T11:10:54.623268+00:00,vast.ai,marketplace,RTX 3090,0.15268518518518517,1,24.0,44.84166420172791,293.6870669367262,53.96,335.4285714285714,", US",0.9903964,48317503
2026-09-22T11:10:54.623268+00:00,vast.ai,marketplace,RTX 3090,0.15268518518518517,1,24.0,44.84837490551634,293.73101818045876,23.59,291.90798038782214,", US",0.9905311,43751720
2026-09-22T11:10:54.623268+00:00,vast.ai,marketplace,RTX 3090,0.15268518518518517,1,24.0,44.35681485909163,290.5115830674285,39.26,381.75,"United States, US",0.9562501,51515506
2026-09-22T11:10:54.623268+00:00,vast.ai,marketplace,RTX 5070,0.15314814814814814,1,11.94,50.19110836356703,327.7291235347787,30.4,951.0,"Sweden, SE",0.9966399,50786613
2026-09-22T11:10:54.623268+00:00,vast.ai,marketplace,RTX 4060 Ti,0.15633333333333335,1,16.0,22.522997544622854,144.07034676731035,31.28,397.0,"Poland, PL",0.9932139,52036678
2026-09-22T11:10:54.623268+00:00,vast.ai,marketplace,RTX 3090,0.1577962962962963,1,24.0,44.767277409335236,283.70296680015286,31.31,67.40000000000032,"Vietnam, VN",0.9919885,48757264
2026-09-22T11:10:54.623268+00:00,vast.ai,marketplace,RTX 3090,0.15831481481481482,1,24.0,44.586979691084906,281.6349167526711,26.17,166.0,"Czechia, CZ",0.9960356,41221497
2026-09-22T11:10:54.623268+00:00,vast.ai,marketplace,RTX 3090,0.16092592592592592,1,24.0,44.3633895822079,275.6758386006015,30.66,11.0,"Moldova, MD",0.9653538,51033440
2026-09-22T11:10:54.623268+00:00,vast.ai,marketplace,RTX 3090,0.1613888888888889,1,24.0,44.343647204730864,274.7627021291413,31.24,303.0,"Ukraine, UA",0.8828737,51224001
2026-09-22T11:10:54.623268+00:00,vast.ai,marketplace,RTX 3090,0.1613888888888889,1,24.0,44.3633895822079,274.8850301135085,31.17,793.0,"Nevada, US",0.5919897,49784184
2026-09-22T11:10:54.623268+00:00,vast.ai,marketplace,RTX 3090,0.1613888888888889,1,24.0,41.41003634050037,256.5854231080918,31.3,325.0,"Indiana, US",0.9908896,51515191
2026-09-22T11:10:54.623268+00:00,vast.ai,marketplace,RTX 3060,0.1613888888888889,1,12.0,12.337460403838445,76.4455377862623,15.59,332.6,"Florida, US",0.9954981,49921230
2026-09-22T11:10:54.623268+00:00,vast.ai,marketplace,RTX 5060 Ti,0.1613888888888889,1,15.93,38.3691436852251,237.7434032130987,23.47,376.0,"Denmark, DK",0.9908025,49841370
2026-09-22T11:10:54.623268+00:00,vast.ai,marketplace,RTX 4060 Ti,0.16185185185185186,1,16.0,22.67578888058161,140.10212809512666,15.62,268.0,"Florida, US",0.9954496,52049945
2026-09-22T11:10:54.623268+00:00,vast.ai,marketplace,RTX 5070,0.16185185185185186,1,11.94,50.1388141321627,309.7821468119892,31.21,779.4,"Florida, US",0.9949046,52050285
2026-09-22T11:10:54.623268+00:00,vast.ai,marketplace,RTX 3090,0.16231481481481483,1,24.0,44.32781389264723,273.0977695610896,31.41,247.0,"Hungary, HU",0.9984456,37083760
2026-09-22T11:10:54.623268+00:00,vast.ai,marketplace,RTX 4000Ada,0.16231481481481483,1,20.0,26.50740749079361,163.30861431863718,61.94,736.0,"Norway, NO",0.9982422,31921484
2026-09-22T11:10:54.623268+00:00,vast.ai,marketplace,RTX 3090,0.1625462962962963,1,24.0,41.16362042965426,253.2424384165571,31.34,311.5,"Quebec, CA",0.9957899,49745114
2026-09-22T11:10:54.623268+00:00,vast.ai,marketplace,RTX 4070S,0.16307377792592592,1,11.99,34.715415406047924,212.88165300136075,15.7,169.125,"California, US",0.9082893,48453445
2026-09-22T11:10:54.623268+00:00,vast.ai,marketplace,RTX 3060,0.16416666666666668,1,12.0,12.50763235647156,76.18862349119732,62.86,270.5,"New York, US",0.9979496,48275195
2026-09-22T11:10:54.623268+00:00,vast.ai,marketplace,RTX 5060 Ti,0.16416666666666668,1,15.93,9.780652771813555,59.577580335920125,62.84,145.5,"Saskatchewan, CA",0.9976963,51856178
2026-09-22T11:10:54.623268+00:00,vast.ai,marketplace,RTX 5060 Ti,0.16462962962962963,1,15.93,38.382805803843624,233.14640195810526,31.3,341.5,"Texas, US",0.9913666,47987038
2026-09-22T11:10:54.623268+00:00,vast.ai,marketplace,RTX 5060 Ti,0.16462962962962963,1,15.93,38.43741779194883,233.47812832004917,31.32,625.5,"Texas, US",0.9943185,48664022
2026-09-22T11:10:54.623268+00:00,vast.ai,marketplace,RTX 5060 Ti,0.16462962962962963,1,15.93,38.382805803843624,233.14640195810526,31.19,695.0,"Illinois, US",0.9240854,51526997
2026-09-22T11:10:54.623268+00:00,vast.ai,marketplace,Tesla T4,0.16759259259259257,1,16.0,4.40071446983927,26.258406781361394,125.93,3034.5,"Norway, NO",0.9971092,41364915
2026-09-22T11:10:54.623268+00:00,vast.ai,marketplace,RTX 3080,0.16805555555555554,1,10.0,26.962062575937452,160.43541367499972,31.14,100.0,"Argentina, AR",0.9864869,45863091
2026-09-22T11:10:54.623268+00:00,vast.ai,marketplace,RTX 3080 Ti,0.1685185185185185,1,12.0,33.96550409496147,201.55354078328784,31.32,257.5,"Quebec, CA",0.9956833,50115909
2026-09-22T11:10:54.623268+00:00,vast.ai,marketplace,RTX 3070,0.1693888888888889,1,8.0,16.280507674579923,96.11319716052431,188.64,1794.7952457398703,"Quebec, CA",0.9980553,50894386
2026-09-22T11:10:54.623268+00:00,vast.ai,marketplace,RTX 5060 Ti,0.17449074074074075,1,15.93,38.375975201203396,219.93129857946226,31.36,313.5,"New Jersey, US",0.9968119,47407720
2026-09-22T11:10:54.623268+00:00,vast.ai,marketplace,RTX 3090,0.17472222222222222,1,24.0,6.855681818181818,39.23760659054776,26.16,134.0,"Australia, AU",0.9925261,45520838
2026-09-22T11:10:54.623268+00:00,vast.ai,marketplace,RTX 3090,0.17472222222222222,1,24.0,44.36601777471118,253.9231541954853,41.86,180.66666666666666,"Australia, AU",0.9590344,51294967
2026-09-22T11:10:54.623268+00:00,vast.ai,marketplace,RTX 3090,0.17472222222222222,1,24.0,43.886591179853056,251.17921819947696,31.44,96.0,"Estonia, EE",0.9916759,48194982
2026-09-22T11:10:54.623268+00:00,vast.ai,marketplace,RTX 3090,0.17472222222222222,1,24.0,44.35813028876885,253.8780111916818,31.46,278.39194305297565,", CN",0.9969377,45174325
2026-09-22T11:10:54.623268+00:00,vast.ai,marketplace,RTX 3070,0.17472222222222222,1,8.0,12.026573744560526,68.83253653484562,7.79,225.66666666666666,"France, FR",0.9975888,51557375
2026-09-22T11:10:54.623268+00:00,vast.ai,marketplace,RTX 3070 Ti,0.17472222222222222,1,8.0,18.209148669404808,104.21770303633912,62.57,292.0,"Massachusetts, US",0.9920471,44162569
2026-09-22T11:10:54.623268+00:00,vast.ai,marketplace,RTX 4000Ada,0.17472222222222222,1,20.0,26.902430043123392,153.97257258385406,93.87,373.0,"Japan, JP",0.9992401,48718243
2026-09-22T11:10:54.623268+00:00,vast.ai,marketplace,RTX 3080 Ti,0.17472222222222222,1,12.0,30.56441909736418,174.93149244914315,31.3,396.0,"Ukraine, UA",0.9913289,50044294
2026-09-22T11:10:54.623268+00:00,vast.ai,marketplace,RTX 4070S Ti,0.1751851851851852,1,15.99,50.131286914414716,286.16168006114106,62.72,304.0,"Spain, ES",0.9928104,49440814
2026-09-22T11:10:54.623268+00:00,vast.ai,marketplace,RTX 5070 Ti,0.1751851851851852,1,15.92,38.27551356281321,218.48601822324665,41.88,423.54234339456735,"The Netherlands, NL",0.9459438,51928078
2026-09-22T11:10:54.623268+00:00,vast.ai,marketplace,RTX 3090,0.1761111111111111,1,24.0,44.36470379958797,251.91314460333865,31.12,428.0,"Argentina, AR",0.989428,49816705
2026-09-22T11:10:54.623268+00:00,vast.ai,marketplace,RTX 3080 Ti,0.1766296296296296,1,12.0,34.521308690230704,195.44460780797422,62.66,707.9,"Pennsylvania, US",0.989634,51132643
2026-09-22T11:10:54.623268+00:00,vast.ai,marketplace,RTX 5060 Ti,0.1773888888888889,1,15.93,38.51757485197853,217.13634429552567,62.94,333.4234781150308,"Germany, DE",0.9960449,44053707
2026-09-22T11:10:54.623268+00:00,vast.ai,marketplace,RTX 5060 Ti,0.1773888888888889,1,15.93,38.88063014190477,219.18300737685115,62.94,295.17617972688004,"Germany, DE",0.994731,48190500
2026-09-22T11:10:54.623268+00:00,vast.ai,marketplace,RTX 4060 Ti,0.18078703703703705,1,16.0,22.516966931916716,124.54967624312447,251.88,620.6500000000001,"Germany, DE",0.9986343,49407384
2026-09-22T11:10:54.623268+00:00,vast.ai,marketplace,RTX 5060,0.1813888888888889,1,7.96,28.398507884994867,156.56145235219222,125.86,186.5,"Denmark, DK",0.9986254,51327253
2026-09-22T11:10:54.623268+00:00,vast.ai,marketplace,RTX 5060 Ti,0.1878240740740741,1,15.93,38.375975201203396,204.31872426571192,31.36,238.55,"New Jersey, US",0.9964194,46239658
2026-09-22T11:10:54.623268+00:00,vast.ai,marketplace,RTX 5060 Ti,0.1878240740740741,1,15.93,38.39646427068305,204.4278107583815,23.38,482.0,"New Jersey, US",0.9948968,51153246
2026-09-22T11:10:54.623268+00:00,vast.ai,marketplace,RTX 3080 Ti,0.18805555555555556,1,12.0,26.39999703701453,140.38403151145096,15.67,197.425,"Taiwan, TW",0.9910962,50375376
2026-09-22T11:10:54.623268+00:00,vast.ai,marketplace,RTX 4060 Ti,0.18805555555555556,1,16.0,20.788533822432157,110.54464071012669,62.58,2493.7,"Utah, US",0.996473,49984008
2026-09-22T11:10:54.623268+00:00,vast.ai,marketplace,RTX 4060 Ti,0.18805555555555556,1,16.0,22.93030458582839,121.93367283453797,62.87,1700.525,"Utah, US",0.9948325,49992670
2026-09-22T11:10:54.623268+00:00,vast.ai,marketplace,RTX 3090,0.18833333333333335,1,24.0,44.60692422626513,236.85092509521306,30.97,418.5,"Belgium, BE",0.9981126,47626119
2026-09-22T11:10:54.623268+00:00,vast.ai,marketplace,RTX 3090,0.18944444444444444,1,24.0,43.61964096902729,230.25030423533465,62.73,531.0,"Finland, FI",0.8493448,50562430
2026-09-22T11:10:54.623268+00:00,vast.ai,marketplace,RTX 4070S Ti,0.19385185185185183,1,15.99,51.25121044604235,264.3833935886786,50.34,262.40000000000003,"Bulgaria, BG",0.989266,50223789
2026-09-22T11:10:54.623268+00:00,vast.ai,marketplace,RTX 4070,0.19483333333333333,1,11.99,33.71888527180562,173.0652794104651,62.86,740.5,"New York, US",0.997306,50860552
2026-09-22T11:10:54.623268+00:00,vast.ai,marketplace,RTX 4070S Ti,0.1965185185185185,1,15.99,51.03854565631131,259.7136699435366,46.11,810.187314432435,"Bulgaria, BG",0.925094,52021559
2026-09-22T11:10:54.623268+00:00,vast.ai,marketplace,RTX 3080,0.2009259259259259,1,10.0,26.545317518300493,132.11494433071215,15.66,206.5,"Taiwan, TW",0.9993502,36729000
2026-09-22T11:10:54.623268+00:00,vast.ai,marketplace,RTX 4060 Ti,0.2012037037037037,1,16.0,22.522997544622854,111.94126713388258,125.88,745.0,"Norway, NO",0.9954872,47588722
2026-09-22T11:10:54.623268+00:00,vast.ai,marketplace,RTX 4070S Ti,0.20138888888888887,1,15.99,51.02631744509022,253.3720590376894,30.98,1575.0,"Ontario, CA",0.9951805,39160561
2026-09-22T11:10:54.623268+00:00,vast.ai,marketplace,RTX 4000Ada,0.20138888888888887,1,20.0,31.315549335464773,155.49790014851476,41.88,516.0,"Romania, RO",0.89019,50976691
2026-09-22T11:10:54.623268+00:00,vast.ai,marketplace,Titan RTX,0.20138888888888887,1,24.0,12.057292800000003,59.87069528275864,15.59,367.5,"South Korea, KR",0.9971994,50869877
2026-09-22T11:10:54.623268+00:00,vast.ai,marketplace,Titan RTX,0.20138888888888887,1,24.0,12.057292800000003,59.87069528275864,31.32,313.5,"South Korea, KR",0.9986174,50736360
2026-09-22T11:10:54.623268+00:00,vast.ai,marketplace,RTX 3080,0.20138888888888887,1,10.0,27.110861842221155,134.61945190620162,31.32,418.0,"Taiwan, TW",0.9992435,35966568
2026-09-22T11:10:54.623268+00:00,vast.ai,marketplace,RTX 3080,0.20138888888888887,1,10.0,27.10684544350654,134.59950840913595,15.59,302.0,"Taiwan, TW",0.9962112,50519232
2026-09-22T11:10:54.623268+00:00,vast.ai,marketplace,RTX 4060 Ti,0.20138888888888887,1,16.0,22.516966931916716,111.80838752400025,124.44,656.1412166259684,"Texas, US",0.9980978,37119319
2026-09-22T11:10:54.623268+00:00,vast.ai,marketplace,RTX 5060 Ti,0.20138888888888887,1,15.93,38.88759024296388,193.09699982713101,62.94,986.344160548287,"Texas, US",0.9973293,50417801
2026-09-22T11:10:54.623268+00:00,vast.ai,marketplace,RTX 5060 Ti,0.20138888888888887,1,15.93,38.42377026159708,190.79389371275792,41.92,488.5,"Texas, US",0.9949779,50294993
2026-09-22T11:10:54.623268+00:00,vast.ai,marketplace,RTX 5070,0.20138888888888887,1,11.94,49.87089017862895,247.6347650249162,31.26,703.0,"California, US",0.9801391,51346121
2026-09-22T11:10:54.623268+00:00,vast.ai,marketplace,Tesla P100,0.20166666666666666,1,16.0,5.823086587862793,28.87480952659236,251.88,85.15,"United Kingdom, GB",0.9953836,35888793
2026-09-22T11:10:54.623268+00:00,vast.ai,marketplace,RTX 3090,0.2023148148148148,1,24.0,44.36733150764498,219.2984806785198,62.84,630.0,"Alberta, CA",0.9903999,47529910
2026-09-22T11:10:54.623268+00:00,vast.ai,marketplace,RTX 5080,0.2060185185185185,1,15.92,83.61922361035322,405.88207415362467,31.46,354.0,"United States, US",0.9518756,50847620
2026-09-22T11:10:54.623268+00:00,vast.ai,marketplace,RTX 3070,0.20139022222222222,1,8.0,16.247680766580288,80.67760483749768,15.67,330.15,"Oklahoma, US",0.9943075,43271042
2026-09-22T11:10:54.623268+00:00,vast.ai,marketplace,RTX 3070,0.2025608888888889,1,8.0,16.281633360172783,80.37895888728933,31.4,147.50000000000003,"Oklahoma, US",0.9891282,51372574
2026-09-22T11:10:54.623268+00:00,vast.ai,marketplace,Tesla V100,0.20938888888888887,1,32.0,25.71306491342886,122.80052227161568,94.14,1110.5,"Minnesota, US",0.9980549,46400809
2026-09-22T11:10:54.623268+00:00,vast.ai,marketplace,RTX 5070,0.21425925925925926,1,11.94,50.05022762272681,233.59656798852615,62.67,593.0,"Nevada, US",0.995077,51172652
2026-09-22T11:10:54.623268+00:00,vast.ai,marketplace,RTX 5070,0.21425925925925926,1,11.94,50.147596438580635,234.05101190003063,12.4,223.0,"New York, US",0.9767473,46719693
2026-09-22T11:10:54.623268+00:00,vast.ai,marketplace,RTX 4000Ada,0.21435185185185188,1,20.0,31.259549744970535,145.8328886590418,31.39,291.5,"Romania, RO",0.9969918,51392048
2026-09-22T11:10:54.623268+00:00,vast.ai,marketplace,RTX 3090,0.21472222222222223,1,24.0,44.83494732894469,208.80441188124306,35.93,178.9,"Taiwan, TW",0.9969188,41962648
2026-09-22T11:10:54.623268+00:00,vast.ai,marketplace,RTX 3080 Ti,0.21472222222222223,1,12.0,32.32862845333807,150.56023600519669,15.66,208.5,"Taiwan, TW",0.9994964,49746675
2026-09-22T11:10:54.623268+00:00,vast.ai,marketplace,RTX 3080 Ti,0.21472222222222223,1,12.0,34.522370412086474,160.7768867833264,15.59,338.0,"Taiwan, TW",0.998503,40734395
2026-09-22T11:10:54.623268+00:00,vast.ai,marketplace,RTX 3090,0.2151851851851852,1,24.0,44.21330503914824,205.4663056896734,62.96,313.479852656631,"Quebec, CA",0.9971944,30580303
2026-09-22T11:10:54.623268+00:00,vast.ai,marketplace,RTX 4070S Ti,0.2151851851851852,1,15.99,54.204185741002625,251.89552753994334,31.06,1500.0,"Washington, US",0.9959946,51919675
2026-09-22T11:10:54.623268+00:00,vast.ai,marketplace,RTX 4070S,0.21990840325925926,1,11.99,34.715415406047924,157.86306885744818,15.68,400.725,"California, US",0.947143,51485186
2026-09-22T11:10:54.623268+00:00,vast.ai,marketplace,RTX 4080,0.22138888888888889,1,15.99,54.67980222883743,246.98530492323056,62.68,379.0,"United Kingdom, GB",0.9976347,52035188
2026-09-22T11:10:54.623268+00:00,vast.ai,marketplace,RTX 4060 Ti,0.2253888888888889,1,16.0,22.52902695465334,99.95624480743409,62.89,784.9,"Quebec, CA",0.9984997,49645018
2026-09-22T11:10:54.623268+00:00,vast.ai,marketplace,RTX 4060 Ti,0.2253888888888889,1,16.0,22.498867868639216,99.82243570014934,62.94,266.25181206798374,"Quebec, CA",0.997959,49744624
2026-09-22T11:10:54.623268+00:00,vast.ai,marketplace,RTX 3090,0.2275925925925926,1,24.0,44.362075122503484,194.91880037552386,31.41,325.0070342026698,"California, US",0.9418385,51576112
2026-09-22T11:10:54.623268+00:00,vast.ai,marketplace,RTX 4070S Ti,0.22805555555555557,1,15.99,51.201927880432116,224.5151527034782,62.83,162.0,"Texas, US",0.9926592,50764746
2026-09-22T11:10:54.623268+00:00,vast.ai,marketplace,Tesla V100,0.23222222222222225,1,32.0,25.71306491342886,110.72611685208598,94.27,742.5,"Bulgaria, BG",0.9879979,44696067
2026-09-22T11:10:54.623268+00:00,vast.ai,marketplace,RTX 3090,0.2347222222222222,1,24.0,27.60491606056221,117.60674297991002,26.13,435.10068148513847,"British Columbia, CA",0.9783885,51608409
2026-09-22T11:10:54.623268+00:00,vast.ai,marketplace,RTX 3080 Ti,0.23505925925925925,1,12.0,33.404535986651936,142.1111259004195,31.34,275.7,"Spain, ES",0.9953758,47215726
2026-09-22T11:10:54.623268+00:00,vast.ai,marketplace,RTX 5080,0.24005555555555555,1,15.92,56.626173961428805,235.88778785135813,35.93,152.8456300895035,"Vietnam, VN",0.9958579,50545554
2026-09-22T11:10:54.623268+00:00,vast.ai,marketplace,RTX 5060 Ti,0.240462962962963,1,15.93,38.42377026159708,159.7908043223906,125.94,10830.725,"Denmark, DK",0.9916657,49967737
2026-09-22T11:10:54.623268+00:00,vast.ai,marketplace,RTX 3090,0.24092592592592593,1,24.0,45.30171026778427,188.03169519295548,31.18,700.0,"Thailand, TH",0.9764943,50021769
2026-09-22T11:10:54.623268+00:00,vast.ai,marketplace,RTX 5060 Ti,0.24092592592592593,1,15.93,38.38963549353913,159.34206892014706,30.2,1671.8,"Minnesota, US",0.9937449,51358361
2026-09-22T11:10:54.623268+00:00,vast.ai,marketplace,RTX 3090,0.24111111111111114,1,24.0,44.60426813632625,184.99466047324248,62.71,1499.0,"Washington, US",0.9968851,51996652
2026-09-22T11:10:54.623268+00:00,vast.ai,marketplace,RTX 3090,0.2413888888888889,1,24.0,36.07348374212121,149.44135957610627,31.36,295.0,"Colorado, US",0.9987522,50546028
2026-09-22T11:10:54.623268+00:00,vast.ai,marketplace,RTX 4070S Ti,0.2413888888888889,1,15.99,51.02631744509022,211.38635535365339,62.94,347.125,"Arizona, US",0.9888451,51147273
2026-09-22T11:10:54.623268+00:00,vast.ai,marketplace,RTX 3090 Ti,0.2413888888888889,1,23.99,46.19170424109136,191.35803828300217,62.82,688.5,"Vietnam, VN",0.9978351,35612014
2026-09-22T11:10:54.623268+00:00,vast.ai,marketplace,RTX 3090 Ti,0.2413888888888889,1,23.99,45.954271696620104,190.37442820233875,31.3,707.0,"South Korea, KR",0.9990889,46775634
2026-09-22T11:10:54.623268+00:00,vast.ai,marketplace,RTX 3090 Ti,0.2413888888888889,1,23.99,45.45301070831678,188.2978579400925,31.35,330.0,"Florida, US",0.990069,48610460
2026-09-22T11:10:54.623268+00:00,vast.ai,marketplace,RTX PRO 4000,0.2413888888888889,1,23.89,65.7403190579597,272.3419431630091,29.97,288.5,"Slovakia, SK",0.9981741,45680120
2026-09-22T11:10:54.623268+00:00,vast.ai,marketplace,A10,0.2416666666666667,1,22.49,29.10920948869095,120.45190133251427,83.77,900.6666666666666,"The Netherlands, NL",0.9993907,25353521
2026-09-22T11:10:54.623268+00:00,vast.ai,marketplace,A10,0.2416666666666667,1,22.49,29.11965692402495,120.49513209941358,62.83,730.125,"The Netherlands, NL",0.9996118,44544438
2026-09-22T11:10:54.623268+00:00,vast.ai,marketplace,A10,0.2416666666666667,1,22.49,29.117917007957274,120.48793244671974,62.83,690.85,"Illinois, US",0.9986572,47574076
2026-09-22T11:10:54.623268+00:00,vast.ai,marketplace,RTX 3080,0.2418425925925926,1,20.0,34.357178117802135,142.06421519670087,62.26,3133.0,"Italy, IT",0.9879035,48926677
2026-09-22T11:10:54.623268+00:00,vast.ai,marketplace,RTX 5060 Ti,0.24185185185185187,1,15.93,38.375975201203396,158.67554830512887,251.56,1464.0,"Norway, NO",0.9989192,44003149
2026-09-22T11:10:54.623268+00:00,vast.ai,marketplace,RTX 3090,0.24370370370370373,1,24.0,44.88941751837439,184.19669802372468,28.26,498.07244276497005,"Estonia, EE",0.9909073,45557886
2026-09-22T11:10:54.623268+00:00,vast.ai,marketplace,Tesla V100,0.24555555555555558,1,32.0,25.71306491342886,104.71383901396366,62.87,1641.25,"Bulgaria, BG",0.990838,35822231
2026-09-22T11:10:54.623268+00:00,vast.ai,marketplace,RTX 3090,0.24672222222222218,1,24.0,44.34628268015064,179.74174470675786,31.44,278.375,"Thailand, TH",0.978527,49290340
2026-09-22T11:10:54.623268+00:00,vast.ai,marketplace,Tesla V100,0.24938888888888888,1,32.0,25.71306491342886,103.10429236839373,94.14,977.0,"Minnesota, US",0.9995828,17928796
2026-09-22T11:10:54.623268+00:00,vast.ai,marketplace,RTX 3090,0.25170370370370376,1,24.0,44.597623631977896,177.18302502404399,100.72,43.400000000000006,"Iceland, IS",0.9984843,9107061
2026-09-22T11:10:54.623268+00:00,vast.ai,marketplace,RTX 4070S Ti,0.2520555555555556,1,15.99,50.99393379606913,202.31227867076134,31.44,752.875,"Minnesota, US",0.9995881,47095364
2026-09-22T11:10:54.623268+00:00,vast.ai,marketplace,Q RTX 8000,0.25425925925925924,1,45.0,11.59033456697642,45.5847098774018,47.22,79.21460681233023,"Indiana, US",0.9967756,24936695
2026-09-22T11:10:54.623268+00:00,vast.ai,marketplace,RTX 3090 Ti,0.2547222222222222,1,23.99,46.181789318403844,181.3025534855549,31.36,243.5,"Romania, RO",0.9931438,47263667
2026-09-22T11:10:54.623268+00:00,vast.ai,marketplace,RTX 5080,0.2547222222222222,1,15.92,83.77053451659044,328.87014641191456,30.17,632.05,"Czechia, CZ",0.9220346,51765973
2026-09-22T11:10:54.623268+00:00,vast.ai,marketplace,RTX 5060 Ti,0.25910000000000005,1,15.93,38.34180848005654,147.980735160388,109.95,3186.815980720016,"Texas, US",0.9990833,31231107
2026-09-22T11:10:54.623268+00:00,vast.ai,marketplace,Tesla V100,0.2613888888888889,1,32.0,25.71306491342886,98.37091784096056,94.32,1159.4910188003075,"Minnesota, US",0.9994646,44175690
2026-09-22T11:10:54.623268+00:00,vast.ai,marketplace,RTX 3090,0.26185185185185184,1,24.0,44.58964214710822,170.28576208938077,31.24,273.5,"Spain, ES",0.9941556,51708799
2026-09-22T11:10:54.623268+00:00,vast.ai,marketplace,RTX 5080,0.2619074074074074,1,15.92,83.76395913187872,319.8227952429789,62.88,969.0,"North Carolina, US",0.9670609,46903154
2026-09-22T11:10:54.623268+00:00,vast.ai,marketplace,Q RTX 8000,0.26731481481481484,1,48.0,11.85512194923945,44.34891480837757,94.13,539.844262770149,", US",0.9970672,29525112
2026-09-22T11:10:54.623268+00:00,vast.ai,marketplace,RTX PRO 4000,0.2675925925925926,1,23.89,65.68039214880842,245.4492163346474,32.72,1994.283831236845,"Australia, AU",0.9969575,49601337
2026-09-22T11:10:54.623268+00:00,vast.ai,marketplace,RTX 2060S,0.26805555555555555,1,8.0,3.8761786839432335,14.460355712119835,23.4,2228.0,"California, US",0.9822003,50950849
2026-09-22T11:10:54.623268+00:00,vast.ai,marketplace,Tesla V100,0.26805555555555555,1,32.0,25.71306491342886,95.92438724180714,125.94,579.5,"Minnesota, US",0.9990921,42722527
2026-09-22T11:10:54.623268+00:00,vast.ai,marketplace,RTX 5080,0.26805555555555555,1,15.92,83.84613954170227,312.79388844572867,30.98,631.0,"Australia, AU",0.9979341,52044648
2026-09-22T11:10:54.623268+00:00,vast.ai,marketplace,RTX 5080,0.26805555555555555,1,15.92,83.56753077105022,311.75451893863294,62.4,735.0,"Japan, JP",0.9984401,49337546
2026-09-22T11:10:54.623268+00:00,vast.ai,marketplace,RTX 5070 Ti,0.26805555555555555,1,15.92,75.91331384880787,283.1999273116149,15.59,252.5,"South Korea, KR",0.9971563,50736270
2026-09-22T11:10:54.623268+00:00,vast.ai,marketplace,RTX 5070 Ti,0.26805555555555555,1,15.92,65.72097457558961,245.17669271722548,15.59,361.5,"South Korea, KR",0.9962685,51511969
2026-09-22T11:10:54.623268+00:00,vast.ai,marketplace,RTX PRO 4000,0.26805555555555555,1,23.89,65.7283338112971,245.2041468607975,31.32,981.8499999999999,"France, FR",0.9947779,48295130
2026-09-22T11:10:54.623268+00:00,vast.ai,marketplace,RTX 5070,0.26805555555555555,1,11.94,49.88256150756827,186.09038489870028,30.46,475.0,"Texas, US",0.9973988,41958790
2026-09-22T11:10:54.623268+00:00,vast.ai,marketplace,RTX 5080,0.26811111111111113,1,15.92,83.74328302781548,312.34544021978417,50.3,612.14,"Illinois, US",0.9905479,50279546
2026-09-22T11:10:54.623268+00:00,vast.ai,marketplace,RTX 3090,0.2685185185185185,1,24.0,44.89324549221872,167.18863838481454,62.88,249.02499999999998,"Norway, NO",0.9995666,52014985
2026-09-22T11:10:54.623268+00:00,vast.ai,marketplace,RTX 3090,0.2685185185185185,1,24.0,44.36733150764498,165.230062166402,31.4,336.655,"Utah, US",0.9931641,50213705
2026-09-22T11:10:54.623268+00:00,vast.ai,marketplace,RTX 4080S,0.2685185185185185,1,15.99,55.63550548884802,207.19429630329608,31.25,294.0,"Florida, US",0.9968078,51827564
2026-09-22T11:10:54.623268+00:00,vast.ai,marketplace,RTX 3090,0.2689814814814815,1,24.0,44.362075122503484,164.9261312643847,83.84,859.6666666666666,"Ontario, CA",0.9974159,52033742
2026-09-22T11:10:54.623268+00:00,vast.ai,marketplace,RTX 3090,0.27037037037037037,1,24.0,44.59363399213143,164.93535860103407,78.71,732.5,"Estonia, EE",0.9945788,50754477
2026-09-22T11:10:54.623268+00:00,vast.ai,marketplace,RTX 3060,0.2712555555555555,1,12.0,12.272867045677101,45.24466612505383,15.73,170.475,"Czechia, CZ",0.9989992,46528530
2026-09-22T11:10:54.623268+00:00,vast.ai,marketplace,RTX 4500Ada,0.2736111111111111,1,23.99,20.637036290713617,75.42470116402947,23.34,119.0,"France, FR",0.989822,51136776
2026-09-22T11:10:54.623268+00:00,vast.ai,marketplace,RTX 4080,0.2806481481481482,1,15.99,53.150350878615704,189.38429214419318,62.88,676.8558404132868,"Pennsylvania, US",0.9933666,49416072
2026-09-22T11:10:54.623268+00:00,vast.ai,marketplace,RTX PRO 4000,0.28805555555555556,1,23.89,65.7642893486914,228.30418674569822,62.57,626.0,"Thailand, TH",0.992594,50831381
2026-09-22T11:10:54.623268+00:00,vast.ai,marketplace,RTX A5000,0.2942592592592593,1,23.99,34.91433162546189,118.65159897891391,62.85,1753.5,"France, FR",0.9975743,49299788
2026-09-22T11:10:54.623268+00:00,vast.ai,marketplace,RTX 4090,0.2947222222222222,1,23.99,98.72340426747581,334.97102296221766,41.95,186.79344992991687,"Sweden, SE",0.9696706,30714845
2026-09-22T11:10:54.623268+00:00,vast.ai,marketplace,RTX PRO 4000,0.2947222222222222,1,23.89,65.69237766585148,222.89590913955263,30.2,118.5,"Puerto Rico, PR",0.9886757,44170201
2026-09-22T11:10:54.623268+00:00,vast.ai,marketplace,RTX 5070 Ti,0.29518518518518516,1,15.92,76.97409013996685,260.765424564505,62.85,1541.35,"Washington, US",0.98914,51919631
2026-09-22T11:10:54.623268+00:00,vast.ai,marketplace,RTX 4060 Ti,0.2961111111111111,1,16.0,22.553132586187967,76.16442524416199,251.76,1468.0,"United Kingdom, GB",0.9988133,43725433
2026-09-22T11:10:54.623268+00:00,vast.ai,marketplace,RTX 5070 Ti,0.30027777777777775,1,15.92,3.6125449071260816,12.030676841492964,15.23,643.0,"Brazil, BR",0.9922926,51786197
2026-09-22T11:10:54.623268+00:00,vast.ai,marketplace,RTX 4080S,0.30551064325925925,1,15.99,55.94589629381986,183.12257699756677,23.57,341.4839162599213,"California, US",0.9913394,47959565
2026-09-22T11:10:54.623268+00:00,vast.ai,marketplace,L4,0.30990740740740746,1,22.49,25.32920853949707,81.73153636885817,46.19,332.0,"Utah, US",0.9938814,48000711
2026-09-22T11:10:54.623268+00:00,vast.ai,marketplace,RTX PRO 4000,0.30990740740740746,1,23.89,66.89947733631205,215.86924267468478,31.44,487.125,"North Carolina, US",0.9784774,51819929
2026-09-22T11:10:54.623268+00:00,vast.ai,marketplace,RTX 3090,0.31129629629629635,1,24.0,37.18050306850544,119.43766601423518,31.33,717.5,"Thailand, TH",0.9946076,51927638
2026-09-22T11:10:54.623268+00:00,vast.ai,marketplace,RTX 3090,0.31129629629629635,1,24.0,43.597631832047064,140.05188095958007,31.33,176.5,"Thailand, TH",0.988435,50130170
2026-09-22T11:10:54.623268+00:00,vast.ai,marketplace,RTX 5080,0.3147222222222222,1,15.92,83.78463510311158,266.2177284829671,47.14,643.7740602747244,"Czechia, CZ",0.9950916,48484146
2026-09-22T11:10:54.623268+00:00,vast.ai,marketplace,L4,0.3213888888888889,1,22.49,25.306954203684622,78.74246770377238,31.32,308.75,"South Korea, KR",0.9868721,50457500
2026-09-22T11:10:54.623268+00:00,vast.ai,marketplace,L4,0.3213888888888889,1,22.49,25.314373969525715,78.7655542699158,251.82,662.0,"Switzerland, CH",0.9948394,41382477
2026-09-22T11:10:54.623268+00:00,vast.ai,marketplace,RTX 4090,0.3213888888888889,1,23.99,97.19418042234778,302.4192303547554,62.63,1574.9,"South Korea, KR",0.9994875,26474970
2026-09-22T11:10:54.623268+00:00,vast.ai,marketplace,RTX 3090,0.32157407407407407,1,24.0,44.84569136373229,139.45680009453176,167.84,977.6666666666666,"Slovakia, SK",0.9887593,51232272
2026-09-22T11:10:54.623268+00:00,vast.ai,marketplace,RTX 4080S,0.32416666666666666,1,31.99,70.92430047943763,218.78961587487188,62.85,356.3,"Ontario, CA",0.9972584,50555690
2026-09-22T11:10:54.623268+00:00,vast.ai,marketplace,RTX 5070,0.32944444444444443,1,11.94,50.13300113465744,152.1743710664138,15.26,1503.0,"Ukraine, UA",0.9798138,51966668
2026-09-22T11:10:54.623268+00:00,vast.ai,marketplace,RTX 5000Ada,0.3347222222222222,1,31.99,64.30336403094319,192.10963527916638,62.88,210.41275555692695,"Missouri, US",0.9953232,50160633
2026-09-22T11:10:54.623268+00:00,vast.ai,marketplace,RTX 4080,0.3347222222222222,1,15.99,53.10978934969707,158.66825033934396,31.33,365.5,"Nevada, US",0.9914375,51350827
2026-09-22T11:10:54.623268+00:00,vast.ai,marketplace,L4,0.3347222222222222,1,22.49,25.33662334610389,75.69447638670043,62.75,417.5,"Czechia, CZ",0.9980509,45699409
2026-09-22T11:10:54.623268+00:00,vast.ai,marketplace,Tesla V100,0.3347222222222222,1,32.0,25.71306491342886,76.81911509406133,94.32,1358.875,"Minnesota, US",0.9995813,38405402
2026-09-22T11:10:54.623268+00:00,vast.ai,marketplace,RTX 5080,0.3347222222222222,1,15.92,83.65023891401022,249.9094274609434,31.28,699.6,"Taiwan, TW",0.9975897,43993925
2026-09-22T11:10:54.623268+00:00,vast.ai,marketplace,RTX 5060 Ti,0.3347222222222222,1,15.93,38.51757485197853,115.07325266981138,62.88,679.0,"Texas, US",0.9972185,51483443
2026-09-22T11:10:54.623268+00:00,vast.ai,marketplace,RTX 5060 Ti,0.3347222222222222,1,15.93,38.89454941096453,116.1994837174044,124.44,258.29724445390275,"Texas, US",0.9950442,49701012
2026-09-22T11:10:54.623268+00:00,vast.ai,marketplace,RTX PRO 4500,0.3347222222222222,1,31.86,96.30302810776013,287.71029144227094,188.65,143.0,"Belgium, BE",0.9983596,44160784
2026-09-22T11:10:54.623268+00:00,vast.ai,marketplace,RTX PRO 4500,0.3347222222222222,1,31.86,96.58036461126912,288.5388486311775,46.87,592.0,"India, IN",0.9913135,51944723
2026-09-22T11:10:54.623268+00:00,vast.ai,marketplace,RTX 5070,0.3347222222222222,1,11.94,49.91173086123179,149.113884730651,31.36,542.5,"Texas, US",0.9902198,49068011
2026-09-22T11:10:54.623268+00:00,vast.ai,marketplace,RTX 5070,0.3347222222222222,1,11.94,49.97003119724403,149.2880600083639,31.26,1347.0,"Texas, US",0.9798621,50792602
2026-09-22T11:10:54.623268+00:00,vast.ai,marketplace,RTX 4500Ada,0.33518518518518514,1,23.99,40.62603259534593,121.20473812976137,251.76,1563.8,"Japan, JP",0.9990203,51781017
2026-09-22T11:10:54.623268+00:00,vast.ai,marketplace,RTX 3080 Ti,0.33518518518518514,1,12.0,33.966533763435834,101.33662006770913,31.41,675.5,"Florida, US",0.9876389,49921400
2026-09-22T11:10:54.623268+00:00,vast.ai,marketplace,RTX 5080,0.33518518518518514,1,15.92,83.56753077105022,249.3174951180504,30.95,763.5,"Ontario, CA",0.9660993,51362963
2026-09-22T11:10:54.623268+00:00,vast.ai,marketplace,RTX PRO 4000,0.33564814814814814,1,23.89,31.463611440209952,93.7398630494531,62.88,588.0932228026245,"Norway, NO",0.9961197,50471998
2026-09-22T11:10:54.623268+00:00,vast.ai,marketplace,RTX PRO 4000,0.3361111111111111,1,23.89,65.70436311526555,195.48405554955042,62.88,718.7301369566355,"Slovakia, SK",0.9968744,45623848
2026-09-22T11:10:54.623268+00:00,vast.ai,marketplace,RTX 5080,0.3398148148148148,1,15.92,41.058591965584036,120.82637417665057,30.94,718.8,"The Netherlands, NL",0.9851959,49691112
2026-09-22T11:10:54.623268+00:00,vast.ai,marketplace,GTX 1060,0.34027777777777773,1,6.0,1.5553786060434331,4.570908556535804,7.71,10.000000000002501,"Vietnam, VN",0.9958511,21884117
2026-09-22T11:10:54.623268+00:00,vast.ai,marketplace,RTX 5080,0.34027777777777773,1,15.92,83.7395125380992,246.09162868339362,30.17,544.0,"Florida, US",0.9948952,45305430
2026-09-22T11:10:54.623268+00:00,vast.ai,marketplace,RTX 5070 Ti,0.34105555555555556,1,15.92,39.999930769235924,117.2827421153684,31.0,636.0,"Spain, ES",0.9902917,51724767
2026-09-22T11:10:54.623268+00:00,vast.ai,marketplace,RTX 4090,0.34685185185185186,1,23.99,97.5612494014192,281.27642646431593,54.69,27.0,"Greece, GR",0.9985675,28271698
2026-09-22T11:10:54.623268+00:00,vast.ai,marketplace,RTX 3090,0.34990740740740744,1,24.0,44.817454527242205,128.08375466901714,41.97,119.41666666666666,"Spain, ES",0.9979864,37930674
2026-09-22T11:10:54.623268+00:00,vast.ai,marketplace,RTX 3090,0.3613888888888889,1,24.0,44.37258401883457,122.78347614742847,125.87,263.925,"Nevada, US",0.9842581,51607947
2026-09-22T11:10:54.623268+00:00,vast.ai,marketplace,RTX 3090,0.3615740740740741,1,24.0,44.84703325786723,124.03276803712319,125.92,701.0140684053396,"Slovakia, SK",0.9911356,51240127
2026-09-22T11:10:54.623268+00:00,vast.ai,marketplace,RTX 3090 Ti,0.3615740740740741,1,23.99,45.935957517086514,127.04438954789612,125.76,1676.7,"Slovakia, SK",0.991586,51187269
2026-09-22T11:10:54.623268+00:00,vast.ai,marketplace,RTX PRO 4000,0.36185185185185187,1,23.89,65.68039214880842,181.5118309127766,31.34,1260.0,"Michigan, US",0.9481202,51671428
2026-09-22T11:10:54.623268+00:00,vast.ai,marketplace,RTX PRO 4000,0.36185185185185187,1,23.89,59.00636818566823,163.06775240665732,31.34,1260.0,"Michigan, US",0.9337628,51671368
2026-09-22T11:10:54.623268+00:00,vast.ai,marketplace,RTX 3090,0.3743148148148149,1,24.0,44.36733150764498,118.52945636040312,27.47,675.4000000000001,"Quebec, CA",0.992874,49316121
2026-09-22T11:10:54.623268+00:00,vast.ai,marketplace,RTX 3090,0.3751851851851852,1,24.0,44.36470379958797,118.24748298014563,31.35,311.0,"Michigan, US",0.9975689,51870276
2026-09-22T11:10:54.623268+00:00,vast.ai,marketplace,RTX PRO 4000,0.3756481481481482,1,23.89,65.69237766585148,174.87741651249593,125.96,463.8375,"United Kingdom, GB",0.9767659,51601840
2026-09-22T11:10:54.623268+00:00,vast.ai,marketplace,RTX 4090,0.38538888888888884,1,23.99,97.20564427553269,252.22741775401306,31.41,811.425,"Montana, US",0.9985153,47126435
2026-09-22T11:10:54.623268+00:00,vast.ai,marketplace,RTX 3090,0.3857955555555555,1,24.0,44.83225885059289,116.20729737550576,94.25,1410.0,"Oklahoma, US",0.9872997,47335235
2026-09-22T11:10:54.623268+00:00,vast.ai,marketplace,RTX 5080,0.3875925925925926,1,15.92,84.02821060656602,216.79519220040922,110.1,79.0,"Latvia, LV",0.9933574,51530263
2026-09-22T11:10:54.623268+00:00,vast.ai,marketplace,RTX 5080,0.3875925925925926,1,15.92,84.08475067229443,216.94106719082174,30.2,1663.8,"Minnesota, US",0.9951942,51178628
2026-09-22T11:10:54.623268+00:00,vast.ai,marketplace,RTX 4090,0.38805555555555554,1,23.99,97.01989548270018,250.0154786955767,125.92,1468.5,"Norway, NO",0.996217,13430351
2026-09-22T11:10:54.623268+00:00,vast.ai,marketplace,RTX 3090,0.3885185185185185,1,24.0,44.36601777471118,114.19280075473803,41.93,127.5,"Czechia, CZ",0.9921569,30240319
2026-09-22T11:10:54.623268+00:00,vast.ai,marketplace,RTX 4070S Ti,0.3889259259259259,1,15.99,51.30009333364665,131.90196362331776,125.0,1303.0,"The Netherlands, NL",0.9740575,52049248
2026-09-22T11:10:54.623268+00:00,vast.ai,marketplace,RTX 3090,0.3889814814814815,1,24.0,44.362075122503484,114.04675346894493,41.93,167.0,"Czechia, CZ",0.991193,43731725
2026-09-22T11:10:54.623268+00:00,vast.ai,marketplace,RTX 4090,0.3912962962962963,1,23.99,99.09925767222532,253.25886958353843,62.89,722.75,"Michigan, US",0.9900206,34176464
2026-09-22T11:10:54.623268+00:00,vast.ai,marketplace,RTX 4090,0.39964814814814814,1,23.99,90.4110652995611,226.2266589211019,50.37,237.27000000000004,"Vietnam, VN",0.9632853,52050693
2026-09-22T11:10:54.623268+00:00,vast.ai,marketplace,RTX 4090,0.39964814814814814,1,23.99,97.57531281031149,244.15304627945045,62.88,1611.975,"Vietnam, VN",0.9974688,51268231
2026-09-22T11:10:54.623268+00:00,vast.ai,marketplace,RTX 5070 Ti,0.4009259259259259,1,15.92,75.77839622023527,189.0084709419263,31.41,819.675,"California, US",0.9320023,51719105
2026-09-22T11:10:54.623268+00:00,vast.ai,marketplace,RTX 3090,0.40138888888888885,1,24.0,31.93261945214722,79.55531489808305,31.36,19.0,"Quebec, CA",0.9934441,51316401
2026-09-22T11:10:54.623268+00:00,vast.ai,marketplace,RTX 4090,0.40138888888888885,1,23.99,97.34283511747594,242.51502174596084,47.14,209.35485265663104,"France, FR",0.991158,43574919
2026-09-22T11:10:54.623268+00:00,vast.ai,marketplace,RTX 4080S,0.4023148148148148,1,15.99,55.618053715486084,138.24510474735322,83.84,360.66666666666663,"Norway, NO",0.9959293,10764195
2026-09-22T11:10:54.623268+00:00,vast.ai,marketplace,RTX A6000,0.40277777777777773,1,47.99,54.474568636689504,135.2472048910912,94.27,720.0,"Arizona, US",0.9803239,52001999
2026-09-22T11:10:54.623268+00:00,vast.ai,marketplace,RTX A6000,0.40277777777777773,1,44.99,51.243855782581676,127.22612470158211,47.12,644.9000000000001,"Delaware, US",0.9984706,45242142
2026-09-22T11:10:54.623268+00:00,vast.ai,marketplace,A100 SXM4,0.40277777777777773,1,40.0,95.37071183109656,236.7824569599639,62.96,671.25,"California, US",0.9699326,51476719
2026-09-22T11:10:54.623268+00:00,vast.ai,marketplace,RTX 4090,0.40277777777777773,1,23.99,88.46782365372366,219.6442518299346,100.75,672.5,"Texas, US",0.9985809,35283307
2026-09-22T11:10:54.623268+00:00,vast.ai,marketplace,CMP 170HX,0.4041666666666666,1,64.0,92.04541549407261,227.74123421213847,83.82,717.6666666666666,"Ontario, CA",0.9836816,51134030
2026-09-22T11:10:54.623268+00:00,vast.ai,marketplace,RTX 5080,0.4046296296296296,1,15.92,83.56690221176461,206.52689791465855,93.92,118.0,"New Jersey, US",0.913241,51245217
2026-09-22T11:10:54.623268+00:00,vast.ai,marketplace,RTX 3090,0.41205555555555556,1,24.0,44.60426813632625,108.24819016500909,125.65,1605.0,"Quebec, CA",0.9976271,51997533
2026-09-22T11:10:54.623268+00:00,vast.ai,marketplace,RTX 5080,0.41425925925925927,1,15.92,84.16625143644437,203.1728912636565,30.2,3290.5,"Minnesota, US",0.9963562,50441921
2026-09-22T11:10:54.623268+00:00,vast.ai,marketplace,RTX 4090,0.4147222222222222,1,23.99,97.01290945668947,233.92262159683997,37.71,374.8,"Poland, PL",0.9653236,52031819
2026-09-22T11:10:54.623268+00:00,vast.ai,marketplace,RTX 3090,0.4155925925925926,1,24.0,44.36601777471118,106.75362979388663,41.92,151.83333333333331,"Czechia, CZ",0.9807079,18811408
2026-09-22T11:10:54.623268+00:00,vast.ai,marketplace,A100 SXM4,0.4161111111111111,1,40.0,95.48420904419652,229.4680591182293,62.96,303.38750000000005,"California, US",0.9896322,50441083
2026-09-22T11:10:54.623268+00:00,vast.ai,marketplace,RTX 4090,0.42759259259259264,1,23.99,97.00592305500766,226.86530294371644,62.96,952.625,"California, US",0.9259965,48908799
2026-09-22T11:10:54.623268+00:00,vast.ai,marketplace,RTX 5090,0.42759259259259264,1,31.84,189.82457503229767,443.9379407424891,62.96,177.4085319006648,"United States, US",0.9867252,49863096
2026-09-22T11:10:54.623268+00:00,vast.ai,marketplace,RTX 5090,0.42759259259259264,1,31.84,167.21394605672597,391.05903365366834,59.02,274.0,"United States, US",0.9927952,49927798
2026-09-22T11:10:54.623268+00:00,vast.ai,marketplace,RTX 4090,0.4278981481481482,1,47.99,125.44859946734898,293.17397144685884,94.46,502.18685329450335,"Japan, JP",0.9970605,45473513
2026-09-22T11:10:54.623268+00:00,vast.ai,marketplace,RTX 4090,0.42990740740740746,1,23.99,97.4118289629701,226.58792866682683,39.26,740.25,"Estonia, EE",0.9939474,45726158
2026-09-22T11:10:54.623268+00:00,vast.ai,marketplace,RTX 5090,0.43268518518518523,1,31.84,181.2485991979114,418.89254683018254,62.96,324.2625,"United States, US",0.9757856,51867815
2026-09-22T11:10:54.623268+00:00,vast.ai,marketplace,RTX 5090,0.43268518518518523,1,31.84,196.66363504981882,454.5189939092752,31.41,679.25,"Beijing, CN",0.9423989,50228941
2026-09-22T11:10:54.623268+00:00,vast.ai,marketplace,RTX 4090,0.44166666666666665,1,23.99,97.29953971987581,220.30084464877544,62.71,1253.0,"Poland, PL",0.9716883,47077940
2026-09-22T11:10:54.623268+00:00,vast.ai,marketplace,RTX A6000,0.44185185185185183,1,47.99,54.467505188480594,123.27096731676245,62.88,640.7333000087983,"India, IN",0.5971454,51575469
2026-09-22T11:10:54.623268+00:00,vast.ai,marketplace,A100 PCIE,0.44277777777777777,1,40.0,93.97327151507683,212.23574495249474,94.29,388.625,"California, US",0.9902832,51163392
2026-09-22T11:10:54.623268+00:00,vast.ai,marketplace,RTX 5090,0.44601851851851854,1,31.84,177.14942212062624,397.1795222966085,31.46,299.0,"United States, US",0.9943143,43165153
2026-09-22T11:10:54.623268+00:00,vast.ai,marketplace,RTX 3090,0.4582592592592593,1,24.0,42.46368455929473,92.66301487924977,31.45,326.75,"Czechia, CZ",0.9939263,30293576
2026-09-22T11:10:54.623268+00:00,vast.ai,marketplace,RTX 3090,0.4582592592592593,1,24.0,44.362075122503484,96.80562743939173,50.3,93.0,"Czechia, CZ",0.9630204,33877201
2026-09-22T11:10:54.623268+00:00,vast.ai,marketplace,RTX 4090,0.46672222222222226,1,23.99,96.27727135273983,206.283881008132,47.03,1319.0,"Thailand, TH",0.998073,49009161
2026-09-22T11:10:54.623268+00:00,vast.ai,marketplace,RTX 4070,0.4680555555555555,1,11.99,33.60968128253606,71.80703419414233,62.85,757.5,"California, US",0.9985089,51377937
2026-09-22T11:10:54.623268+00:00,vast.ai,marketplace,RTX A6000,0.4680555555555555,1,47.99,55.26641784971511,118.07661973826376,94.13,787.0,"India, IN",0.9951078,51564711
2026-09-22T11:10:54.623268+00:00,vast.ai,marketplace,RTX 4090,0.4680555555555555,1,23.99,97.60412622931952,208.5310708756975,62.96,642.25,"Oregon, US",0.9913916,50629589
2026-09-22T11:10:54.623268+00:00,vast.ai,marketplace,RTX 4090,0.4680555555555555,1,23.99,73.18393829854485,156.35737559333026,26.17,192.08333333333331,"Australia, AU",0.9979228,51243385
2026-09-22T11:10:54.623268+00:00,vast.ai,marketplace,RTX 4090,0.4680555555555555,1,23.99,52.52042138263119,112.20980236051768,47.06,637.5,"Australia, AU",0.6074762,52038178
2026-09-22T11:10:54.623268+00:00,vast.ai,marketplace,RTX 4090,0.46842592592592586,1,23.99,97.5964050788315,208.34970841102594,125.88,2439.225,"Sweden, SE",0.9966035,50926690
2026-09-22T11:10:54.623268+00:00,vast.ai,marketplace,RTX 4090,0.46898148148148144,1,23.99,97.0408513074653,206.9183009122656,62.89,573.9000000000001,"Slovakia, SK",0.9961391,50305471
2026-09-22T11:10:54.623268+00:00,vast.ai,marketplace,RTX 4090,0.46898148148148144,1,23.99,97.57531281031149,208.05792267549145,31.25,1543.0,"North Macedonia, MK",0.9395482,49570424
2026-09-22T11:10:54.623268+00:00,vast.ai,marketplace,RTX 5090,0.46898148148148144,1,31.84,199.23852053732833,424.8323833767317,30.47,570.0,"South Korea, KR",0.9942037,45669300
2026-09-22T11:10:54.623268+00:00,vast.ai,marketplace,RTX 5090,0.46898148148148144,1,31.84,199.1724839251176,424.69157480577894,30.47,451.0,"South Korea, KR",0.9972837,45669582
2026-09-22T11:10:54.623268+00:00,vast.ai,marketplace,RTX 5090,0.46898148148148144,1,31.84,199.00078585089983,424.3254663750678,30.47,105.0,"South Korea, KR",0.9977991,45669424
2026-09-22T11:10:54.623268+00:00,vast.ai,marketplace,RTX 5090,0.46898148148148144,1,31.84,194.0574098649183,413.78480287090184,30.47,416.0,"South Korea, KR",0.9945569,48940756
2026-09-22T11:10:54.623268+00:00,vast.ai,marketplace,RTX 5090,0.46898148148148144,1,31.84,194.2288182542588,414.1502936122399,30.47,496.0,"South Korea, KR",0.9980146,45669059
2026-09-22T11:10:54.623268+00:00,vast.ai,marketplace,RTX 4090,0.4703703703703703,1,47.99,125.60711093381336,267.0387397805481,62.94,246.02763901320031,"California, US",0.9941409,48882867
2026-09-22T11:10:54.623268+00:00,vast.ai,marketplace,RTX 5090,0.4703703703703703,1,31.84,184.60257784049998,392.4621733616929,62.96,290.125,"California, US",0.9767916,51675973
2026-09-22T11:10:54.623268+00:00,vast.ai,marketplace,RTX 5090,0.47129629629629627,1,31.84,154.0641778880386,326.8945228272725,31.24,331.0,"Virginia, US",0.9954505,52008651
2026-09-22T11:10:54.623268+00:00,vast.ai,marketplace,RTX 5090,0.47268518518518515,1,31.84,199.0404088531943,421.0845084455433,62.88,698.5,"United States, US",0.9946457,49957161
2026-09-22T11:10:54.623268+00:00,vast.ai,marketplace,RTX 5090,0.47268518518518515,1,31.84,186.0316642041242,393.5635599225351,31.46,131.9125,"California, US",0.9958439,46753295
2026-09-22T11:10:54.623268+00:00,vast.ai,marketplace,RTX 4090,0.4806481481481482,1,23.99,97.0548199803455,201.92488071426146,83.92,934.1833333333334,"Pennsylvania, US",0.785723,52040039
2026-09-22T11:10:54.623268+00:00,vast.ai,marketplace,RTX 4090,0.4813888888888889,1,23.99,97.01647903952771,201.534520797634,47.18,80.98750000000001,"Denmark, DK",0.9794416,51961822
2026-09-22T11:10:54.623268+00:00,vast.ai,marketplace,RTX 5090,0.4813888888888889,1,31.84,199.3573848889853,414.12959353741894,62.54,703.0,"Tennessee, US",0.9714032,52046525
2026-09-22T11:10:54.623268+00:00,vast.ai,marketplace,RTX 4090,0.48231481481481486,1,23.99,96.85212701919082,200.80686730797865,62.89,780.175,"Texas, US",0.988925,44637525
2026-09-22T11:10:54.623268+00:00,vast.ai,marketplace,RTX 4090,0.4827777777777778,1,23.99,96.94302852212614,200.80259072477222,62.78,358.0,"Arizona, US",0.9896934,52009790
2026-09-22T11:10:54.623268+00:00,vast.ai,marketplace,RTX 5090,0.48370370370370375,1,31.84,198.33382106297773,410.0316361945175,71.96,408.6714285714285,"Estonia, EE",0.9384997,51620916
2026-09-22T11:10:54.623268+00:00,vast.ai,marketplace,RTX 4090,0.4846296296296297,1,23.99,98.47184645565335,203.1899009784211,62.96,590.5,"Hong Kong, HK",0.9991771,39184681
2026-09-22T11:10:54.623268+00:00,vast.ai,marketplace,RTX 5090,0.48601851851851857,1,31.84,199.2517277859206,409.96735760867637,62.88,584.75,"United States, US",0.9975286,47347947
2026-09-22T11:10:54.623268+00:00,vast.ai,marketplace,RTX 4090,0.4918518518518518,1,23.99,73.84857523266588,150.14394060858274,83.92,133.83333333333331,"Oklahoma, US",0.9971956,38597832
2026-09-22T11:10:54.623268+00:00,vast.ai,marketplace,RTX 5090,0.4947222222222222,1,31.84,198.6506297214888,401.53973441738333,62.89,376.0,"South Korea, KR",0.9279934,51724518
2026-09-22T11:10:54.623268+00:00,vast.ai,marketplace,RTX 4090,0.5075925925925925,1,23.99,97.0548199803455,191.20613932647422,83.92,686.6666666666666,"Taiwan, TW",0.9866654,43720870
2026-09-22T11:10:54.623268+00:00,vast.ai,marketplace,RTX 5090,0.5094444444444444,1,31.84,198.9017058181739,390.4286482799488,46.99,538.0,"Taiwan, TW",0.9846984,48284957
2026-09-22T11:10:54.623268+00:00,vast.ai,marketplace,RTX 3090,0.5156481481481481,1,24.0,44.36470379958797,86.03677519043816,83.87,124.66666666666666,"Quebec, CA",0.998282,51143667
2026-09-22T11:10:54.623268+00:00,vast.ai,marketplace,RTX 4090,0.5342592592592592,1,23.99,97.6746554574767,182.8225786725734,125.96,612.75,"Washington, US",0.998022,51265406
2026-09-22T11:10:54.623268+00:00,vast.ai,marketplace,RTX 4070S Ti,0.5347222222222222,1,15.99,51.25664346281319,95.85657998240389,62.85,761.0,"California, US",0.9985411,51378004
2026-09-22T11:10:54.623268+00:00,vast.ai,marketplace,RTX 4090,0.5347222222222222,1,23.99,97.0408513074653,181.47899465292213,125.88,1505.5,"Arizona, US",0.9928785,50859184
2026-09-22T11:10:54.623268+00:00,vast.ai,marketplace,CMP 170HX,0.5347222222222222,1,64.0,82.36287042021533,154.02926416248062,62.69,312.0,"Portugal, PT",0.9355984,51874210
2026-09-22T11:10:54.623268+00:00,vast.ai,marketplace,RTX A6000,0.535,1,47.99,54.45336465505441,101.78199000944748,62.48,640.2310559055361,"France, FR",0.9464912,47952535
2026-09-22T11:10:54.623268+00:00,vast.ai,marketplace,RTX 3090,0.5351851851851852,1,24.0,44.60692422626513,83.3485781390421,41.88,750.3333333333333,"Florida, US",0.9938526,50788266
2026-09-22T11:10:54.623268+00:00,vast.ai,marketplace,RTX 4090,0.5351851851851852,1,23.99,98.46493730832667,183.9829278425481,62.94,268.63050780360595,"Quebec, CA",0.9752378,26435143
2026-09-22T11:10:54.623268+00:00,vast.ai,marketplace,RTX 4090,0.5351851851851852,1,23.99,89.85890422042698,167.9024507924933,26.93,362.1428571428571,"Norway, NO",0.9911955,51754908
2026-09-22T11:10:54.623268+00:00,vast.ai,marketplace,RTX 4090,0.5351851851851852,1,23.99,97.54973999647241,182.27287058164396,31.4,337.25,"Norway, NO",0.9990878,51754735
2026-09-22T11:10:54.623268+00:00,vast.ai,marketplace,RTX 4090,0.5351851851851852,1,23.99,97.04783583155114,181.3350565710644,35.93,218.14285714285714,"Norway, NO",0.9409564,51901000
2026-09-22T11:10:54.623268+00:00,vast.ai,marketplace,RTX 4090,0.5351851851851852,1,23.99,96.37559892964089,180.07897377856773,31.44,172.2625,"Norway, NO",0.9978436,52014963
2026-09-22T11:10:54.623268+00:00,vast.ai,marketplace,RTX 4090,0.5351851851851852,1,23.99,96.73315955378968,180.74708013510872,62.93,170.84285714285716,"Norway, NO",0.9971052,52015054
2026-09-22T11:10:54.623268+00:00,vast.ai,marketplace,RTX 5070 Ti,0.5351851851851852,1,15.92,75.75814299650284,141.5550076751264,251.83,1322.0,"Texas, US",0.9987339,49691947
2026-09-22T11:10:54.623268+00:00,vast.ai,marketplace,RTX 5090,0.5356481481481481,1,31.84,199.21210596630343,371.90851243493125,30.46,545.0,"South Korea, KR",0.9984071,39847171
2026-09-22T11:10:54.623268+00:00,vast.ai,marketplace,RTX 5090,0.5356481481481481,1,31.84,194.14777693623165,362.4539310131896,30.47,484.0,"South Korea, KR",0.9986158,50465540
2026-09-22T11:10:54.623268+00:00,vast.ai,marketplace,RTX 5090,0.5356481481481481,1,31.84,194.11349506156407,362.3899302791516,30.47,595.5,"South Korea, KR",0.9983941,40999030
2026-09-22T11:10:54.623268+00:00,vast.ai,marketplace,RTX 6000Ada,0.537037037037037,1,47.99,116.95948558944895,217.7866283389739,83.92,732.8333333333333,"Estonia, EE",0.9953065,35415075
2026-09-22T11:10:54.623268+00:00,vast.ai,marketplace,RTX 5090,0.537037037037037,1,31.84,197.56748666513028,367.88428551438057,58.98,652.675,"California, US",0.9944527,47328576
2026-09-22T11:10:54.623268+00:00,vast.ai,marketplace,RTX 5090,0.537037037037037,1,31.84,198.6999468899603,369.99300455371923,71.96,428.71428571428567,"Estonia, EE",0.9530182,46015938
2026-09-22T11:10:54.623268+00:00,vast.ai,marketplace,RTX 5090,0.537037037037037,1,31.84,199.0469713514992,370.63918803382614,62.91,677.4000000000001,"Estonia, EE",0.9890151,45113318
2026-09-22T11:10:54.623268+00:00,vast.ai,marketplace,RTX 5090,0.537962962962963,1,31.84,199.5989044231293,371.02722336829544,62.42,790.0,"Taiwan, TW",0.9882032,40871605
2026-09-22T11:10:54.623268+00:00,vast.ai,marketplace,RTX 3090,0.5595925925925925,1,24.0,44.36601777471118,79.28271096149328,31.43,320.75,"Czechia, CZ",0.9917304,20375219
2026-09-22T11:10:54.623268+00:00,vast.ai,marketplace,RTX 3090,0.5600555555555555,1,24.0,44.31326914032651,79.1229882477807,31.46,292.625,"Czechia, CZ",0.9975567,46872552
2026-09-22T11:10:54.623268+00:00,vast.ai,marketplace,RTX 5090,0.5609259259259259,1,31.84,65.3336986074311,116.47473505451566,125.59,253.0,"Texas, US",0.9017599,43939278
2026-09-22T11:10:54.623268+00:00,vast.ai,marketplace,RTX 5090,0.5613888888888889,1,31.84,189.71694001508925,337.94209997739796,60.49,2831.0,"United Kingdom, GB",0.9922234,51635664
2026-09-22T11:10:54.623268+00:00,vast.ai,marketplace,RTX 4090,0.5823148148148147,1,47.99,125.6599150750256,215.793780062057,125.95,379.375,"Romania, RO",0.9973492,48289322
2026-09-22T11:10:54.623268+00:00,vast.ai,marketplace,RTX 4090,0.5880555555555556,1,23.99,97.0548199803455,165.0436239627982,125.85,506.25,"Spain, ES",0.9991222,16761620
2026-09-22T11:10:54.623268+00:00,vast.ai,marketplace,RTX 4090,0.5889814814814814,1,23.99,97.02688113311575,164.7367263382566,23.48,765.2,"Denmark, DK",0.9883606,50300637
2026-09-22T11:10:54.623268+00:00,vast.ai,marketplace,RTX 4090,0.5889814814814814,1,23.99,5.945019245524038,10.093728635695584,125.78,1366.5,"Spain, ES",0.9977376,31829238
2026-09-22T11:10:54.623268+00:00,vast.ai,marketplace,RTX 4090,0.5889814814814814,1,23.99,97.21264511024168,165.05212501031446,62.89,512.0,"Spain, ES",0.9988127,22694033
2026-09-22T11:10:54.623268+00:00,vast.ai,marketplace,RTX 4090,0.5908333333333333,1,23.99,97.23364535402986,164.57034474588974,125.92,482.75,"Spain, ES",0.9989222,36368074
2026-09-22T11:10:54.623268+00:00,vast.ai,marketplace,RTX 5090,0.6009259259259259,1,31.84,198.7366268243198,330.7173451005631,62.63,1361.0,"South Korea, KR",0.9697174,46295511
2026-09-22T11:10:54.623268+00:00,vast.ai,marketplace,RTX 4090,0.6013888888888889,1,23.99,97.7028564629545,162.4620246035271,47.03,935.0,"Taiwan, TW",0.9978625,44901390
2026-09-22T11:10:54.623268+00:00,vast.ai,marketplace,RTX 4090,0.6013888888888889,1,23.99,97.52649992564959,162.16877585789308,31.3,6266.1,"Taiwan, TW",0.9994149,34387546
2026-09-22T11:10:54.623268+00:00,vast.ai,marketplace,RTX 5090,0.6013888888888889,1,31.84,198.71502133229606,330.4268253100535,62.68,1271.0,"South Korea, KR",0.9944668,50605064
2026-09-22T11:10:54.623268+00:00,vast.ai,marketplace,RTX 5090,0.6013888888888889,1,31.84,198.98725316567052,330.87949718079165,50.27,2487.1000000000004,"Denmark, DK",0.9609664,51929832
2026-09-22T11:10:54.623268+00:00,vast.ai,marketplace,RTX 5090,0.6013888888888889,1,31.84,78.33803491252735,130.26185943884457,31.26,584.0,"Ontario, CA",0.9947379,39775306
2026-09-22T11:10:54.623268+00:00,vast.ai,marketplace,RTX 4090,0.6018518518518519,1,23.99,97.17063444771811,161.4527464669778,62.57,607.0,"Bulgaria, BG",0.9889143,50090146
2026-09-22T11:10:54.623268+00:00,vast.ai,marketplace,RTX A6000,0.6023148148148147,1,47.99,54.439205909368134,90.3833088118641,47.23,170.0,"Romania, RO",0.9818328,51222104
2026-09-22T11:10:54.623268+00:00,vast.ai,marketplace,RTX A6000,0.6023148148148147,1,47.99,54.46279369873049,90.42247070657793,47.2,86.125,"Romania, RO",0.9822755,51222184
2026-09-22T11:10:54.623268+00:00,vast.ai,marketplace,RTX A6000,0.6023148148148147,1,47.99,54.44628756096536,90.39506620421614,47.19,334.2,"Romania, RO",0.9941018,51092045
2026-09-22T11:10:54.623268+00:00,vast.ai,marketplace,RTX 5090,0.6027777777777777,1,31.84,99.04451154751855,164.3134753783718,61.38,617.0,"Germany, DE",0.9728446,51796942
2026-09-22T11:10:54.623268+00:00,vast.ai,marketplace,RTX 5090,0.6060185185185185,1,31.84,198.60454360282517,327.72025529572375,125.93,2808.25,"Bulgaria, BG",0.9946768,35010863
2026-09-22T11:10:54.623268+00:00,vast.ai,marketplace,GTX 1660 Ti,0.6069444444444444,1,6.0,2.4740447784639805,4.076229383281616,7.7,631.2000000000019,"Vietnam, VN",0.9925546,33521707
2026-09-22T11:10:54.623268+00:00,vast.ai,marketplace,RTX 4090,0.6147222222222223,1,23.99,96.95001830827,157.71354085394125,46.75,697.5,"Quebec, CA",0.9970478,50728363
2026-09-22T11:10:54.623268+00:00,vast.ai,marketplace,RTX 6000Ada,0.617037037037037,1,47.99,113.20858583551097,183.4712975725568,117.9,620.0,"California, US",0.9978293,51654147
2026-09-22T11:10:54.623268+00:00,vast.ai,marketplace,RTX 4090,0.617037037037037,1,23.99,82.57532141475322,133.82555091226513,108.06,894.0,"California, US",0.9799128,50821045
2026-09-22T11:10:54.623268+00:00,vast.ai,marketplace,RTX 5090,0.617037037037037,1,31.84,199.21864497077152,322.86335019272695,106.08,1611.0,"California, US",0.9941914,51586601
2026-09-22T11:10:54.623268+00:00,vast.ai,marketplace,RTX 5090,0.6187222222222223,1,31.84,157.40165214339876,254.39792929704385,62.93,275.25,"Texas, US",0.9944486,47824247
2026-09-22T11:10:54.623268+00:00,vast.ai,marketplace,RTX 5090,0.6294457777777778,1,31.84,199.50923757953572,316.96016499449985,30.7,958.2,"Indonesia, ID",0.9578906,50705261
2026-09-22T11:10:54.623268+00:00,vast.ai,marketplace,RTX 5090,0.633611111111111,1,31.84,198.56491815363398,313.3861049333987,62.84,1270.0,"Michigan, US",0.9947061,48426436
2026-09-22T11:10:54.623268+00:00,vast.ai,marketplace,RTX PRO 5000,0.6365185185185185,1,47.79,165.58117713205385,260.13567919035575,247.94,525.3091605840592,"India, IN",0.9718463,51816390
2026-09-22T11:10:54.623268+00:00,vast.ai,marketplace,RTX 5090,0.6587777777777778,1,31.84,198.71316770535412,301.63914814440665,500.96,2446.0,"Italy, IT",0.9937553,50894157
2026-09-22T11:10:54.623268+00:00,vast.ai,marketplace,RTX 5090,0.6587777777777778,1,31.84,192.79146592423834,292.6502265674051,250.48,1257.9875,"Italy, IT",0.9857347,51191441
2026-09-22T11:10:54.623268+00:00,vast.ai,marketplace,RTX 5090,0.6587777777777778,1,31.84,199.00735377352854,302.085711580664,250.48,619.5,"Italy, IT",0.997496,47343842
2026-09-22T11:10:54.623268+00:00,vast.ai,marketplace,RTX 5090,0.666537037037037,1,31.84,62.63569160936622,93.9718097103819,62.62,3122.0,"Texas, US",0.9960314,51178170
2026-09-22T11:10:54.623268+00:00,vast.ai,marketplace,RTX 5080,0.6671851851851852,1,15.92,83.87565761327343,125.71570753627083,31.26,1570.0,"Florida, US",0.9968976,51664155
2026-09-22T11:10:54.623268+00:00,vast.ai,marketplace,RTX 5080,0.6671851851851852,1,15.92,83.8860121841625,125.73122732166023,31.21,785.0,"Florida, US",0.9972002,51473535
2026-09-22T11:10:54.623268+00:00,vast.ai,marketplace,RTX 4090,0.6680555555555555,1,23.99,97.0618037539243,145.2900180931923,62.57,3271.0,"Ohio, US",0.9901724,50822405
2026-09-22T11:10:54.623268+00:00,vast.ai,marketplace,RTX 5090,0.6680555555555555,1,31.84,118.70039565097971,177.68042592246445,61.96,1469.0,"France, FR",0.9971258,50417227
2026-09-22T11:10:54.623268+00:00,vast.ai,marketplace,RTX 5090,0.6680555555555555,1,31.84,198.18131626833528,296.65394534969107,61.82,913.0,"California, US",0.9942156,47477303
2026-09-22T11:10:54.623268+00:00,vast.ai,marketplace,RTX PRO 5000,0.6680555555555555,1,47.79,153.10629481008334,229.1819797572973,68.34,408.5,"California, US",0.9965215,49725348
2026-09-22T11:10:54.623268+00:00,vast.ai,marketplace,RTX PRO 5000,0.6680555555555555,1,47.79,165.71549782940474,248.05646244734183,68.33,1174.5,"California, US",0.9937858,49725394
2026-09-22T11:10:54.623268+00:00,vast.ai,marketplace,RTX 5090,0.6685185185185185,1,31.84,190.23306775349636,284.55915952046547,125.6,1609.5,"Norway, NO",0.9991735,52015073
2026-09-22T11:10:54.623268+00:00,vast.ai,marketplace,RTX 5090,0.6708333333333333,1,31.84,198.69659811490015,296.1936866309071,163.73,1007.98,"Estonia, EE",0.9855073,50584160
2026-09-22T11:10:54.623268+00:00,vast.ai,marketplace,RTX 4090,0.6712962962962963,1,47.99,125.62471414590725,187.13750521045495,75.57,729.1,"California, US",0.9789123,47667754
2026-09-22T11:10:54.623268+00:00,vast.ai,marketplace,RTX 4090,0.6712962962962963,1,47.99,125.62471414590725,187.13750521045495,62.97,625.7692307692308,"California, US",0.9880305,50701954
2026-09-22T11:10:54.623268+00:00,vast.ai,marketplace,RTX PRO 5000,0.6712962962962963,1,47.79,165.64318141761083,246.7512219738203,61.46,1575.0,"Illinois, US",0.9894125,51859512
2026-09-22T11:10:54.623268+00:00,vast.ai,marketplace,GTX 1660,0.673611111111111,1,6.0,2.316471688407048,3.4388858054702576,7.71,619.4000000000021,"Vietnam, VN",0.9928965,33521216
2026-09-22T11:10:54.623268+00:00,vast.ai,marketplace,RTX 5090,0.6787222222222222,1,31.84,180.8725081628827,266.4897394558311,31.46,214.5575770807462,"Thailand, TH",0.9809516,45330013
2026-09-22T11:10:54.623268+00:00,vast.ai,marketplace,RTX PRO 5000,0.6880555555555555,1,47.79,165.6948384051189,240.81607519516675,60.47,1504.0,"Australia, AU",0.9713917,52032004
2026-09-22T11:10:54.623268+00:00,vast.ai,marketplace,RTX PRO 5000,0.6880555555555555,1,47.79,165.77746455279924,240.93616164314787,93.67,2936.7,"Australia, AU",0.9925008,52031914
2026-09-22T11:10:54.623268+00:00,vast.ai,marketplace,RTX 5090,0.7075925925925926,1,31.84,199.24505592902756,281.5816022027608,62.89,574.75,"Czechia, CZ",0.9058496,50422217
2026-09-22T11:10:54.623268+00:00,vast.ai,marketplace,RTX 4090,0.721388888888889,1,47.99,125.64231552606806,174.16724524214285,125.72,1953.0,"California, US",0.9948519,48073424
2026-09-22T11:10:54.623268+00:00,vast.ai,marketplace,RTX 4090D,0.721851851851852,1,47.99,120.41693986808836,166.81669453249796,78.57,634.0,"South Carolina, US",0.9967303,49864598
2026-09-22T11:10:54.623268+00:00,vast.ai,marketplace,RTX 5090,0.7347222222222223,1,31.84,198.57812666146643,270.27646728970853,62.96,694.625,"Czechia, CZ",0.9956214,46900157
2026-09-22T11:10:54.623268+00:00,vast.ai,marketplace,RTX PRO 5000,0.7347222222222223,1,47.79,165.63284857495546,225.4360131833042,93.91,1303.0,"Washington, US",0.9988197,47651207
2026-09-22T11:10:54.623268+00:00,vast.ai,marketplace,CMP 170HX,0.7351851851851853,1,40.0,69.26055596586833,94.20831290067731,39.28,150.0,"Hungary, HU",0.9939297,51919993
2026-09-22T11:10:54.623268+00:00,vast.ai,marketplace,RTX 5090,0.7351851851851853,1,31.84,199.47624724931364,271.327892983953,62.7,1024.35,"Texas, US",0.996357,48175632
2026-09-22T11:10:54.623268+00:00,vast.ai,marketplace,RTX 5090,0.7351851851851853,1,31.84,198.57812666146643,270.1062680030022,251.91,1522.0,"United Kingdom, GB",0.9974603,48425032
2026-09-22T11:10:54.623268+00:00,vast.ai,marketplace,RTX 5090,0.7356481481481482,1,31.84,199.13884546906658,270.6984935262327,47.15,849.8333333333333,"Finland, FI",0.916107,45727090
2026-09-22T11:10:54.623268+00:00,vast.ai,marketplace,A100 SXM4,0.7393518518518519,1,40.0,94.80999330400458,128.2339295783656,51.15,370.0,"United States, US",0.9885591,50213970
2026-09-22T11:10:54.623268+00:00,vast.ai,marketplace,RTX 5090,0.7475925925925926,1,31.84,102.14102040085746,136.6265816607952,62.79,284.0,"Maryland, US",0.9643164,51969536
2026-09-22T11:10:54.623268+00:00,vast.ai,marketplace,RTX 5090,0.7475925925925926,1,31.84,96.89755399463648,129.61277968071266,62.79,50.0,"Maryland, US",0.9790886,51969538
2026-09-22T11:10:54.623268+00:00,vast.ai,marketplace,RTX 3090,0.7529259259259258,1,24.0,44.06108538389242,58.51981432264723,503.55,2571.0,"The Netherlands, NL",0.9845319,52048658
2026-09-22T11:10:54.623268+00:00,vast.ai,marketplace,RTX 5090,0.7613888888888888,1,31.84,218.1447595426494,286.508987359919,94.07,1394.0,"The Netherlands, NL",0.9914696,51299706
2026-09-22T11:10:54.623268+00:00,vast.ai,marketplace,RTX 5090,0.7613888888888888,1,31.84,198.98094193209846,261.33943486156676,62.21,1308.0,"Slovakia, SK",0.9946297,51888136
2026-09-22T11:10:54.623268+00:00,vast.ai,marketplace,RTX 4090,0.7661574074074073,1,47.99,125.6599150750256,164.0131830092787,125.88,564.5,"British Columbia, CA",0.997383,46211616
2026-09-22T11:10:54.623268+00:00,vast.ai,marketplace,RTX 5090,0.7664814814814814,1,31.84,198.08727771881286,258.43713449663915,62.71,1278.0,"Hungary, HU",0.9946613,52035376
2026-09-22T11:10:54.623268+00:00,vast.ai,marketplace,RTX 5090,0.7756481481481481,1,31.84,199.1658227601433,256.77341360983024,62.88,1303.875,"Denmark, DK",0.9878441,51905941
2026-09-22T11:10:54.623268+00:00,vast.ai,marketplace,RTX 5090,0.7875925925925925,1,31.84,199.23185046215175,252.96308311676924,249.29,6333.0,"Japan, JP",0.9991284,49539090
2026-09-22T11:10:54.623268+00:00,vast.ai,marketplace,RTX 6000Ada,0.7885185185185185,1,47.99,113.13241719141861,143.47464838742613,167.85,3641.333333333333,"North Carolina, US",0.9957005,36503110
2026-09-22T11:10:54.623268+00:00,vast.ai,marketplace,RTX PRO 5000,0.7997777777777777,1,47.79,165.64318141761083,207.11150774638756,62.71,2832.0,"Texas, US",0.9975079,49279286
2026-09-22T11:10:54.623268+00:00,vast.ai,marketplace,L40S,0.8009259259259258,1,44.99,93.56702309778566,116.82356641110813,251.94,251.87353493583362,"Taiwan, TW",0.9979944,25990397
2026-09-22T11:10:54.623268+00:00,vast.ai,marketplace,L40S,0.8009259259259258,1,44.99,93.70362747646254,116.99412447928273,251.94,53.12499999999966,"Taiwan, TW",0.9975792,38575668
2026-09-22T11:10:54.623268+00:00,vast.ai,marketplace,A100 SXM4,0.8009259259259258,1,40.0,95.41632989090297,119.1325274938442,62.97,524.7771961419181,"Czechia, CZ",0.9952425,44397667
2026-09-22T11:10:54.623268+00:00,vast.ai,marketplace,RTX 4090,0.8009259259259258,1,23.99,61.344512861965626,76.5919929374831,110.03,1620.5,"Virginia, US",0.9936755,13917960
2026-09-22T11:10:54.623268+00:00,vast.ai,marketplace,RTX 4090,0.8013888888888888,1,47.99,125.59830864056326,156.72579241110148,251.76,1281.0,"United Kingdom, GB",0.9975282,30055166
2026-09-22T11:10:54.623268+00:00,vast.ai,marketplace,RTX 4090,0.8013888888888888,1,23.99,97.18463951000224,121.27026074038409,125.88,583.3950874474378,"Washington, US",0.9981221,51375612
2026-09-22T11:10:54.623268+00:00,vast.ai,marketplace,RTX 5090,0.8013888888888888,1,31.84,199.38739555694025,248.8022960155927,125.58,2319.0,"Texas, US",0.9947679,48229908
2026-09-22T11:10:54.623268+00:00,vast.ai,marketplace,RTX 5090,0.8013888888888888,1,31.84,198.624372445784,247.85017012298871,59.02,456.75,"Alberta, CA",0.9971791,45028240
2026-09-22T11:10:54.623268+00:00,vast.ai,marketplace,RTX PRO 5000,0.8013888888888888,1,47.79,165.42609043338715,206.4242376291833,83.93,862.8103689708084,"Belgium, BE",0.9971559,49974699
2026-09-22T11:10:54.623268+00:00,vast.ai,marketplace,RTX 4090,0.8018518518518518,1,47.99,125.64231552606806,156.69018564451906,125.75,6642.5,"Idaho, US",0.9989622,30155186
2026-09-22T11:10:54.623268+00:00,vast.ai,marketplace,RTX 4090,0.8018518518518518,1,23.99,51.85273552672345,64.66622906335026,188.48,1009.0,"Singapore, SG",0.9969741,34171098
2026-09-22T11:10:54.623268+00:00,vast.ai,marketplace,RTX PRO 5000,0.8018518518518518,1,47.79,165.61218144393024,206.53713159289222,94.26,708.75,"Ohio, US",0.9923577,51838778
2026-09-22T11:10:54.623268+00:00,vast.ai,marketplace,RTX 5090,0.8027777777777777,1,31.84,199.35069878224763,248.32612997096592,125.5,3123.1,"Taiwan, TW",0.9863384,50573928
2026-09-22T11:10:54.623268+00:00,vast.ai,marketplace,RTX 5090,0.8032407407407407,1,31.84,197.05261048391262,245.32198192809872,125.96,215.75,"Spain, ES",0.9989956,30949250
2026-09-22T11:10:54.623268+00:00,vast.ai,marketplace,RTX 5090,0.8032407407407407,1,31.84,198.21495568737987,246.76905146094555,125.96,268.375,"Spain, ES",0.9992305,27039375
2026-09-22T11:10:54.623268+00:00,vast.ai,marketplace,RTX 5090,0.8032407407407407,1,31.84,198.42627052633293,247.0321293007949,62.96,307.75,"Spain, ES",0.9986341,26371155
2026-09-22T11:10:54.623268+00:00,vast.ai,marketplace,RTX 5090,0.8046296296296296,1,31.84,198.51208387454395,246.71237121347235,41.94,671.0,"California, US",0.9885574,45618801
2026-09-22T11:10:54.623268+00:00,vast.ai,marketplace,L40S,0.8155925925925925,1,44.99,93.5474958055318,114.69880508375454,62.94,3299.6028060413737,"Romania, RO",0.9757699,50740353
2026-09-22T11:10:54.623268+00:00,vast.ai,marketplace,RTX 5090,0.8459074074074074,1,31.84,170.2660687616768,201.28215839073854,94.43,616.5,"Czechia, CZ",0.9985751,33038308
2026-09-22T11:10:54.623268+00:00,vast.ai,marketplace,RTX 5090,0.8537962962962964,1,31.84,199.5328085982445,233.70071932122767,125.07,3231.8,"Thailand, TH",0.9972319,38858395
2026-09-22T11:10:54.623268+00:00,vast.ai,marketplace,A100 PCIE,0.8569814814814813,1,40.0,83.83132033377765,97.82162409023908,125.67,295.9,"Japan, JP",0.9924578,48072870
2026-09-22T11:10:54.623268+00:00,vast.ai,marketplace,RTX 5090,0.8660444444444445,1,31.84,81.75958749859787,94.40576407258811,251.52,6560.0,"Texas, US",0.9942839,38001277
2026-09-22T11:10:54.623268+00:00,vast.ai,marketplace,RTX 5090,0.8680555555555556,1,31.84,199.25826137140203,229.54551709985512,125.75,1492.0,"Oklahoma, US",0.9728359,51984238
2026-09-22T11:10:54.623268+00:00,vast.ai,marketplace,RTX 5090,0.8680555555555556,1,31.84,198.98094193209846,229.22604510577742,123.23,2904.0,"Florida, US",0.9891807,50157498
2026-09-22T11:10:54.623268+00:00,vast.ai,marketplace,RTX 5090,0.8680555555555556,1,31.84,199.73339740420366,230.0928738096426,91.86,3187.5,"Washington, US",0.9847918,47725584
2026-09-22T11:10:54.623268+00:00,vast.ai,marketplace,RTX 5090,0.8680555555555556,1,31.84,182.3521072668794,210.06962757144504,125.96,1463.075,"Nevada, US",0.977063,51817252
2026-09-22T11:10:54.623268+00:00,vast.ai,marketplace,RTX 5090,0.8680555555555556,1,31.84,199.12124981899763,229.38767979148525,71.93,57.14285714285714,"Quebec, CA",0.9797126,51147477
2026-09-22T11:10:54.623268+00:00,vast.ai,marketplace,RTX PRO 5000,0.8680782222222221,1,47.79,165.60184715542005,190.76834657997802,62.69,454.8999999999998,"Bulgaria, BG",0.9942464,51288089
2026-09-22T11:10:54.623268+00:00,vast.ai,marketplace,RTX 5090,0.8689814814814815,1,31.84,198.0696730615163,227.93313468986426,83.95,504.7319122257495,"Finland, FI",0.981565,47357379
2026-09-22T11:10:54.623268+00:00,vast.ai,marketplace,RTX PRO 5000,0.8689814814814815,1,47.79,165.63284857495546,190.6057287809823,93.88,1102.0,"Quebec, CA",0.9985375,52033718
2026-09-22T11:10:54.623268+00:00,vast.ai,marketplace,RTX 4090,0.8708333333333333,1,23.99,97.5612494014192,112.03205672890243,48.93,232.27499999999998,"Bulgaria, BG",0.9831639,51952602
2026-09-22T11:10:54.623268+00:00,vast.ai,marketplace,RTX 5090,0.8933888888888889,1,31.84,198.81550391208515,222.54082895451356,251.66,3147.6,"Thailand, TH",0.9824999,43920286
2026-09-22T11:10:54.623268+00:00,vast.ai,marketplace,RTX 5090,0.8942777777777778,1,31.84,190.89856088774349,213.46673889416553,125.93,517.25,"Czechia, CZ",0.9960124,30374680
2026-09-22T11:10:54.623268+00:00,vast.ai,marketplace,RTX 5090,0.9018518518518519,1,31.84,198.45924919888563,220.05748371129002,125.95,780.75,"Hungary, HU",0.9946316,51102916
2026-09-22T11:10:54.623268+00:00,vast.ai,marketplace,RTX 3090,0.9075925925925926,1,24.0,44.89685862012181,49.468075198665126,1486.89,1951.6,"Quebec, CA",0.9943026,50924858
2026-09-22T11:10:54.623268+00:00,vast.ai,marketplace,RTX 5090,0.9085185185185186,1,31.84,199.5355700069796,219.62741093307986,91.7,2049.0,"California, US",0.8185086,51969239
2026-09-22T11:10:54.623268+00:00,vast.ai,marketplace,RTX 5090,0.9212685185185184,1,31.84,198.71316770535412,215.69516781589644,503.72,6524.2,"Sweden, SE",0.9975217,45915655
2026-09-22T11:10:54.623268+00:00,vast.ai,marketplace,RTX 5090,0.9222777777777778,1,31.84,184.8219906740978,200.39731535050663,125.9,536.25,"Ontario, CA",0.9582963,51923531
2026-09-22T11:10:54.623268+00:00,vast.ai,marketplace,A100 SXM4,0.9237037037037036,1,40.0,95.40873521494157,103.28932842034574,251.96,2559.956223757491,"California, US",0.9907824,50245532
2026-09-22T11:10:54.623268+00:00,vast.ai,marketplace,RTX PRO 5000,0.9347222222222221,1,47.79,165.591512384818,177.1558527742481,62.73,1502.0,"Taiwan, TW",0.9958974,47566054
2026-09-22T11:10:54.623268+00:00,vast.ai,marketplace,RTX 3090,0.9351851851851851,1,24.0,44.36470379958797,47.439485251044566,251.15,3148.0,"Norway, NO",0.9974968,51724564
2026-09-22T11:10:54.623268+00:00,vast.ai,marketplace,RTX 5090,0.9365754074074074,1,31.84,199.66642387566372,213.18777142395055,61.73,1482.5,"New York, US",0.9912922,50728575
2026-09-22T11:10:54.623268+00:00,vast.ai,marketplace,RTX 4090,0.9480555555555554,1,23.99,100.78479708485185,106.3068472034769,125.72,620.8,"Oklahoma, US",0.9943331,29933348
2026-09-22T11:10:54.623268+00:00,vast.ai,marketplace,RTX 5090,0.9487037037037036,1,31.84,199.0665206327803,209.83002370037357,70.83,464.625,"Hungary, HU",0.9830822,51479551
2026-09-22T11:10:54.623268+00:00,vast.ai,marketplace,RTX 5090,0.9620370370370371,1,31.84,198.93474702032202,206.7849150933087,94.42,1323.75,"Hungary, HU",0.9931497,32292348
2026-09-22T11:10:54.623268+00:00,vast.ai,marketplace,RTX 5060 Ti,0.9675925925925927,1,15.93,38.375975201203396,39.661294944784366,125.65,3352.5,"Quebec, CA",0.960706,51921241
2026-09-22T11:10:54.623268+00:00,vast.ai,marketplace,A40,1.0013888888888889,1,44.99,44.032511247146736,43.97143980297594,500.96,325.5,"Belgium, BE",0.9528722,51337963
2026-09-22T11:10:54.623268+00:00,vast.ai,marketplace,A100 PCIE,1.0013888888888889,1,80.0,5.388433994584872,5.3809604384203995,125.87,40.5,"United Kingdom, GB",0.9986622,32303769
2026-09-22T11:10:54.623268+00:00,vast.ai,marketplace,RTX 5090,1.0023148148148149,1,31.84,198.9413239857161,198.4818752005297,30.46,3077.0,"Spain, ES",0.999459,28841131
2026-09-22T11:10:54.623268+00:00,vast.ai,marketplace,RTX 5090,1.0023148148148149,1,31.84,198.9281179544462,198.46869966817727,500.98,469.86356706307555,"Spain, ES",0.9993379,25507614
2026-09-22T11:10:54.623268+00:00,vast.ai,marketplace,RTX 5090,1.0032407407407407,1,31.84,198.55833908937663,197.91694159347188,94.4,770.475,"Spain, ES",0.9983218,31191988
2026-09-22T11:10:54.623268+00:00,vast.ai,marketplace,RTX 5090,1.0041666666666667,1,31.84,198.9281179544462,198.10269007911657,60.44,3167.0,"Spain, ES",0.9995428,26918704
2026-09-22T11:10:54.623268+00:00,vast.ai,marketplace,RTX 5090,1.041388888888889,1,31.84,197.73683768560394,189.87799831106273,1007.76,437.9,"Texas, US",0.9955527,47580836
2026-09-22T11:10:54.623268+00:00,vast.ai,marketplace,RTX PRO 6000 Max-Q,1.0675925925925926,1,95.59,282.457263843699,264.57401990563307,125.96,49.36756744565294,"Czechia, CZ",0.9902332,51328224
2026-09-22T11:10:54.623268+00:00,vast.ai,marketplace,RTX 5060 Ti,1.0680555555555555,1,15.93,38.375975201203396,35.93069199592516,31.27,730.0,"Connecticut, US",0.9851341,49261793
2026-09-22T11:10:54.623268+00:00,vast.ai,marketplace,RTX PRO 5000,1.0680555555555555,1,47.79,165.13630413994824,154.61396486445088,125.84,723.125,"Arizona, US",0.9798929,51485314
2026-09-22T11:10:54.623268+00:00,vast.ai,marketplace,RTX PRO 5000,1.0712962962962962,1,71.69,191.10166048930998,178.3835724532885,122.93,1545.8,"Colorado, US",0.8999023,51501187
2026-09-22T11:10:54.623268+00:00,vast.ai,marketplace,RTX PRO 6000 Max-Q,1.0946902222222223,1,95.59,283.52140316516255,258.9969266278946,181.99,2094.0,"Japan, JP",0.9410046,51786781
2026-09-22T11:10:54.623268+00:00,vast.ai,marketplace,RTX PRO 6000 WS,1.0993518518518517,1,95.59,282.91755273778074,257.34941207513117,78.6,2571.0,"Beijing, CN",0.985564,50041230
2026-09-22T11:10:54.623268+00:00,vast.ai,marketplace,RTX PRO 6000 Max-Q,1.1080555555555556,1,95.59,283.75514094198843,256.083857455793,91.06,1198.5,"Japan, JP",0.9962029,51293834
2026-09-22T11:10:54.623268+00:00,vast.ai,marketplace,RTX PRO 5000,1.1240555555555556,1,47.79,165.41574745647583,147.15976148947584,62.96,731.5,"Czechia, CZ",0.9916497,44408371
2026-09-22T11:10:54.623268+00:00,vast.ai,marketplace,RTX 5090,1.1342592592592593,1,31.84,198.624372445784,175.1137324419973,251.69,2739.0,"United Kingdom, GB",0.997828,51953913
2026-09-22T11:10:54.623268+00:00,vast.ai,marketplace,RTX PRO 6000 Max-Q,1.1347222222222222,1,95.59,5.734952743168364,5.054058721029648,125.76,1625.5567632325738,"Ohio, US",0.9876043,47585460
2026-09-22T11:10:54.623268+00:00,vast.ai,marketplace,RTX 5090,1.1347222222222222,1,31.84,199.16580698585065,175.51943822498467,251.78,1521.5,"Washington, US",0.9972897,46558542
2026-09-22T11:10:54.623268+00:00,vast.ai,marketplace,RTX 4070S Ti,1.135185185185185,1,15.99,51.28380260163685,45.176596092795926,15.32,125.0,"Wisconsin, US",0.990354,50270804
2026-09-22T11:10:54.623268+00:00,vast.ai,marketplace,RTX 4070S Ti,1.135185185185185,1,15.99,31.73301974159318,27.954046754421398,15.33,251.0,"Wisconsin, US",0.9875276,50271651
2026-09-22T11:10:54.623268+00:00,vast.ai,marketplace,RTX 4070S Ti,1.135185185185185,1,15.99,52.16095716287032,45.94929342243063,15.33,294.0,"Wisconsin, US",0.9933075,50271232
2026-09-22T11:10:54.623268+00:00,vast.ai,marketplace,RTX 4070S Ti,1.135185185185185,1,15.99,51.27294013458654,45.167027198493855,15.28,636.0,"Wisconsin, US",0.9922554,50271920
2026-09-22T11:10:54.623268+00:00,vast.ai,marketplace,RTX 5090,1.1382592592592593,1,31.84,182.28185330379065,160.1408921746119,62.94,1051.375,"Czechia, CZ",0.9890357,28733615
2026-09-22T11:10:54.623268+00:00,vast.ai,marketplace,RTX 5090,1.1382592592592593,1,31.84,197.45531474339282,173.47130114442476,31.44,1303.7571913061681,"Czechia, CZ",0.9915764,47627485
2026-09-22T11:10:54.623268+00:00,vast.ai,marketplace,RTX 5090,1.1387222222222222,1,31.84,180.55867183203165,158.56252588069327,62.95,339.8,"Czechia, CZ",0.9982037,44096419
2026-09-22T11:10:54.623268+00:00,vast.ai,marketplace,RTX 5090,1.1387222222222222,1,31.84,198.38664947599128,174.21865104980452,62.97,710.125,"Czechia, CZ",0.9923463,49824501
2026-09-22T11:10:54.623268+00:00,vast.ai,marketplace,RTX 5090,1.1507222222222222,1,31.84,197.4715746007402,171.606640410048,31.04,943.0,"Czechia, CZ",0.9942149,48062097
2026-09-22T11:10:54.623268+00:00,vast.ai,marketplace,RTX 5090,1.163185185185185,1,31.84,203.21370374284686,174.70451509446812,30.94,686.0,"Florida, US",0.960477,51071081
2026-09-22T11:10:54.623268+00:00,vast.ai,marketplace,RTX 3060,1.1729814814814816,1,12.0,12.414696229085743,10.583880841329156,755.41,6601.9,"Vietnam, VN",0.9954501,52002121
2026-09-22T11:10:54.623268+00:00,vast.ai,marketplace,RTX 5090,1.1747222222222222,1,31.84,198.40641412645655,168.8964508997975,251.65,6170.7,"Taiwan, TW",0.9853275,51615306
2026-09-22T11:10:54.623268+00:00,vast.ai,marketplace,RTX 4090,1.1753703703703704,1,23.99,97.0408513074653,82.56193430917168,125.88,676.75,"Hungary, HU",0.9957775,44336613
2026-09-22T11:10:54.623268+00:00,vast.ai,marketplace,RTX 5090,1.1875925925925928,1,31.84,199.15261714619382,167.69439148439832,121.21,679.0,"Germany, DE",0.9820448,51782800
2026-09-22T11:10:54.623268+00:00,vast.ai,marketplace,RTX 5090,1.2023148148148148,1,31.84,199.21210596630343,165.6904693443263,94.42,998.0,"Hungary, HU",0.9955877,49155152
2026-09-22T11:10:54.623268+00:00,vast.ai,marketplace,RTX PRO 6000 Max-Q,1.2280555555555557,1,95.59,283.6967070606863,231.01292590329578,94.09,560.0,"California, US",0.9140675,52027395
2026-09-22T11:10:54.623268+00:00,vast.ai,marketplace,RTX 5090,1.2289814814814817,1,31.84,199.0665206327803,161.97682685406667,94.42,2809.25,"Hungary, HU",0.9967514,50716290
2026-09-22T11:10:54.623268+00:00,vast.ai,marketplace,RTX PRO 6000 WS,1.254722222222222,1,95.59,283.46296778231243,225.9169103423345,125.56,1047.7303937408938,"Texas, US",0.9652273,32511628
2026-09-22T11:10:54.623268+00:00,vast.ai,marketplace,RTX PRO 6000 WS,1.254722222222222,1,95.59,283.8914852068019,226.25843408113505,249.01,6122.0,"Nevada, US",0.5988098,49172513
2026-09-22T11:10:54.623268+00:00,vast.ai,marketplace,RTX 6000D,1.2579629629629627,1,83.64,229.57400053064475,182.49662930450197,94.42,665.4980927807824,"Czechia, CZ",0.944092,51063968
2026-09-22T11:10:54.623268+00:00,vast.ai,marketplace,RTX 4090,1.2680555555555555,1,47.99,125.589505889056,99.04101231119422,107.97,305.7491285534202,"Washington, US",0.9958695,48484837
2026-09-22T11:10:54.623268+00:00,vast.ai,marketplace,RTX 4090,1.2689814814814815,1,47.99,125.40454208800212,98.8229882926248,125.75,1512.7,"Washington, US",0.9945553,39518987
2026-09-22T11:10:54.623268+00:00,vast.ai,marketplace,A100 PCIE,1.2689814814814815,1,40.0,95.38973394857916,75.17031204995658,125.96,1524.152840726097,"Japan, JP",0.9961654,46773557
2026-09-22T11:10:54.623268+00:00,vast.ai,marketplace,RTX 5070 Ti,1.2699074074074073,1,15.92,33.702533755907375,26.539363074283607,15.33,303.0,"Wisconsin, US",0.9832748,50307535
2026-09-22T11:10:54.623268+00:00,vast.ai,marketplace,RTX 5070 Ti,1.2699074074074073,1,15.92,76.95788695868441,60.60117966852291,15.33,232.0,"Wisconsin, US",0.988712,49279622
2026-09-22T11:10:54.623268+00:00,vast.ai,marketplace,RTX 5070 Ti,1.2699074074074073,1,15.92,77.14440553027687,60.74805539387461,15.33,44.0,"Wisconsin, US",0.9930338,50306639
2026-09-22T11:10:54.623268+00:00,vast.ai,marketplace,RTX 4090,1.2809814814814815,1,47.99,125.58070267920019,98.03475264448282,125.87,2962.0,"Washington, US",0.9985106,46255397
2026-09-22T11:10:54.623268+00:00,vast.ai,marketplace,RTX 4090,1.281388888888889,1,47.99,125.6687141630312,98.07226771881905,220.06,6556.0,"Washington, US",0.9985332,38637438
2026-09-22T11:10:54.623268+00:00,vast.ai,marketplace,RTX 4090,1.2816666666666667,1,23.99,97.5612494014192,76.12061071632188,167.97,528.1666666666666,"Washington, US",0.9976439,41755375
2026-09-22T11:10:54.623268+00:00,vast.ai,marketplace,RTX PRO 5000,1.3269444444444445,1,47.79,163.333075592434,123.08961108075411,60.23,1434.0,"Taiwan, TW",0.9797057,51928764
2026-09-22T11:10:54.623268+00:00,vast.ai,marketplace,RTX 3090,1.3342592592592593,1,24.0,44.87979614231731,33.63648843421422,251.66,2239.0,"Quebec, CA",0.9971037,51920762
2026-09-22T11:10:54.623268+00:00,vast.ai,marketplace,RTX PRO 6000 Max-Q,1.3347222222222221,1,95.59,283.3537570906143,212.2941780491595,188.27,624.5,"Romania, RO",0.9926469,51880480
2026-09-22T11:10:54.623268+00:00,vast.ai,marketplace,RTX PRO 6000 WS,1.3347222222222221,1,95.59,248.37742962375523,186.0892292706595,503.88,1682.5,"Serbia, RS",0.9911384,48332828
2026-09-22T11:10:54.623268+00:00,vast.ai,marketplace,RTX PRO 6000 S,1.3347222222222221,1,95.59,171.07009801117331,128.1690640666439,125.8,966.0,"Spain, ES",0.9269413,50992153
2026-09-22T11:10:54.623268+00:00,vast.ai,marketplace,RTX 3090,1.3347222222222221,1,24.0,44.36470379958797,33.23890399136664,62.72,436.0,"Washington, US",0.993243,51860372
2026-09-22T11:10:54.623268+00:00,vast.ai,marketplace,RTX A2000,1.3347222222222221,1,5.99,8.575741297328419,6.4251131468017295,31.16,761.5,"British Columbia, CA",0.9712555,46186923
2026-09-22T11:10:54.623268+00:00,vast.ai,marketplace,RTX 5090,1.3347222222222221,1,31.84,190.36529561560033,142.625403582968,62.25,2003.0,"British Columbia, CA",0.9646832,48515309
2026-09-22T11:10:54.623268+00:00,vast.ai,marketplace,RTX PRO 6000 S,1.336111111111111,1,95.59,279.8941838468765,209.4842124425687,125.94,341.44068346342533,"Jiangxi, CN",0.9803799,51262188
2026-09-22T11:10:54.623268+00:00,vast.ai,marketplace,RTX PRO 6000 S,1.337037037037037,1,95.59,279.54582806958825,209.0785971711602,125.94,213.50205108059586,"California, US",0.9930162,51742660
2026-09-22T11:10:54.623268+00:00,vast.ai,marketplace,RTX 5080,1.337037037037037,1,15.92,90.32768512018501,67.5581024444597,15.33,346.0,"Wisconsin, US",0.9922761,50314095
2026-09-22T11:10:54.623268+00:00,vast.ai,marketplace,RTX PRO 6000 Max-Q,1.3402777777777777,1,95.59,283.8135744482559,211.7572783448127,100.7,507.20000000000005,"France, FR",0.9939985,49804188
2026-09-22T11:10:54.623268+00:00,vast.ai,marketplace,RTX 5090,1.3500422222222221,1,31.84,199.25826137140203,147.59409601531954,62.56,1216.0,"Pennsylvania, US",0.9741924,51465828
2026-09-22T11:10:54.623268+00:00,vast.ai,marketplace,RTX PRO 6000 Max-Q,1.3646296296296296,1,95.59,283.3071382573792,207.60734788843098,188.68,417.45000000000005,", US",0.9972745,50266313
2026-09-22T11:10:54.623268+00:00,vast.ai,marketplace,RTX PRO 6000 WS,1.3708888888888888,1,95.59,283.32661709420836,206.67365487501016,98.28,270.5,"Switzerland, CH",0.9942966,51919444
2026-09-22T11:10:54.623268+00:00,vast.ai,marketplace,RTX PRO 6000 WS,1.401388888888889,1,95.59,283.5798381724142,202.35627699121727,89.63,1110.0,"California, US",0.9904467,51949978
2026-09-22T11:10:54.623268+00:00,vast.ai,marketplace,RTX PRO 6000 S,1.401388888888889,1,95.59,279.02327345538464,199.10481356578487,98.34,199.30000000000018,"South Korea, KR",0.9974843,46877440
2026-09-22T11:10:54.623268+00:00,vast.ai,marketplace,RTX PRO 6000 WS,1.4280555555555556,1,95.59,283.63827280420844,198.61851431533753,184.15,679.0,"Spain, ES",0.9974914,51332197
2026-09-22T11:10:54.623268+00:00,vast.ai,marketplace,RTX PRO 6000 S,1.4647925925925929,1,95.59,278.98456470402147,190.4601143635195,94.42,544.125,"New York, US",0.9957458,48845073
2026-09-22T11:10:54.623268+00:00,vast.ai,marketplace,RTX PRO 6000 WS,1.466314814814815,1,95.59,282.9759916330317,192.98447289354402,188.92,104.875,"Poland, PL",0.9951743,37051753
2026-09-22T11:10:54.623268+00:00,vast.ai,marketplace,RTX PRO 6000 WS,1.4675925925925928,1,95.59,283.2681804583436,193.0155425205117,251.5,2764.5,"Minnesota, US",0.9191801,50275368
2026-09-22T11:10:54.623268+00:00,vast.ai,marketplace,RTX PRO 6000 Max-Q,1.481388888888889,1,95.59,283.7356630232319,191.5335433871432,123.41,2416.0,"Minnesota, US",0.9758466,50284061
2026-09-22T11:10:54.623268+00:00,vast.ai,marketplace,RTX PRO 6000 WS,1.5342592592592592,1,95.59,283.5603598783882,184.81906377106776,91.74,2836.0,"Alberta, CA",0.9898775,49270977
2026-09-22T11:10:54.623268+00:00,vast.ai,marketplace,RTX PRO 6000 S,1.534722222222222,1,95.59,279.4103533639544,182.05923477108342,226.67,243.20000000000002,"Australia, AU",0.9979346,47849040
2026-09-22T11:10:54.623268+00:00,vast.ai,marketplace,RTX PRO 6000 WS,1.5624074074074072,1,95.59,283.7161850627995,181.5891192768896,123.4,716.5,"South Korea, KR",0.9915346,51767149
2026-09-22T11:10:54.623268+00:00,vast.ai,marketplace,RTX PRO 6000 S,1.5877777777777777,1,95.59,279.62324142868283,176.10980915732299,94.42,1301.25,"Bulgaria, BG",0.9942655,51056501
2026-09-22T11:10:54.623268+00:00,vast.ai,marketplace,RTX PRO 6000 WS,1.6009259259259259,1,95.59,283.1318268447069,176.85504510831893,110.2,2300.2000000000003,"Texas, US",0.9850914,51640045
2026-09-22T11:10:54.623268+00:00,vast.ai,marketplace,RTX PRO 6000 S,1.6018518518518516,1,95.59,279.4103533639544,174.42958475900048,110.15,3560.425511113854,"Texas, US",0.98139,50644442
2026-09-22T11:10:54.623268+00:00,vast.ai,marketplace,RTX PRO 6000 Max-Q,1.6023148148148147,1,95.59,283.2876593787593,176.7990015192488,109.91,1412.0,"Norway, NO",0.9880151,49638702
2026-09-22T11:10:54.623268+00:00,vast.ai,marketplace,RTX PRO 6000 Max-Q,1.6032037037037037,1,95.59,283.17078522914227,176.6280757554166,125.92,460.5,"Czechia, CZ",0.9958981,47792413
2026-09-22T11:10:54.623268+00:00,vast.ai,marketplace,RTX PRO 6000 WS,1.604648148148148,1,95.59,282.9565120431682,176.3355489299729,215.93,190.28571428571428,"Bulgaria, BG",0.999296,51935447
2026-09-22T11:10:54.623268+00:00,vast.ai,marketplace,RTX PRO 6000 S,1.6272222222222223,1,95.59,279.7974194718156,171.94788496048756,125.85,57.0,"Switzerland, CH",0.9922886,51032796
2026-09-22T11:10:54.623268+00:00,vast.ai,marketplace,RTX 4090,1.6275925925925927,1,23.99,97.39779810413303,59.8416326956785,62.71,1675.8,"Germany, DE",0.9501754,51406531
2026-09-22T11:10:54.623268+00:00,vast.ai,marketplace,RTX PRO 6000 WS,1.645388888888889,1,95.59,282.5669114430435,171.73259972228055,1007.7,5159.0,"Italy, IT",0.9974769,46924259
2026-09-22T11:10:54.623268+00:00,vast.ai,marketplace,RTX 5090,1.6535555555555554,1,31.84,199.35716035702163,120.56272296822972,247.81,245.5,"Norway, NO",0.9982296,50806304
2026-09-22T11:10:54.623268+00:00,vast.ai,marketplace,RTX PRO 6000 WS,1.6675925925925927,1,95.59,283.24870149612656,169.85485708818248,188.25,6117.0,"Japan, JP",0.9937583,51389252
2026-09-22T11:10:54.623268+00:00,vast.ai,marketplace,RTX PRO 6000 WS,1.6680555555555556,1,95.59,283.4240106516768,169.91281238068882,92.01,1404.7195262865089,"Alberta, CA",0.9613673,51993288
2026-09-22T11:10:54.623268+00:00,vast.ai,marketplace,RTX PRO 6000 WS,1.6685185185185185,1,95.59,283.59931642472293,169.97073348429566,251.15,3248.0,"Norway, NO",0.998011,51754937
2026-09-22T11:10:54.623268+00:00,vast.ai,marketplace,RTX PRO 6000 WS,1.7342592592592594,1,95.59,283.7356630232319,163.60625524030456,251.54,2836.0,"Georgia, US",0.9965268,51923814
2026-09-22T11:10:54.623268+00:00,vast.ai,marketplace,RTX PRO 6000 Max-Q,1.7356481481481483,1,95.59,283.48244628500436,163.32944357845008,188.81,2800.5,"Maryland, US",0.9933294,50836031
2026-09-22T11:10:54.623268+00:00,vast.ai,marketplace,RTX PRO 6000 WS,1.737962962962963,1,95.59,282.27469997280383,162.41698240310504,503.83,804.5,"Florida, US",0.9957322,51770860
2026-09-22T11:10:54.623268+00:00,vast.ai,marketplace,A100 SXM4,1.851957972222222,1,80.0,128.7749590454095,69.53449321038772,122.02,588.3994736241189,"North Carolina, US",0.9805762,51216958
2026-09-22T11:10:54.623268+00:00,vast.ai,marketplace,RTX PRO 6000 WS,1.8672222222222221,1,95.59,283.5603598783882,151.86213858408178,188.19,4972.211441504189,"Texas, US",0.9987926,51762519
2026-09-22T11:10:54.623268+00:00,vast.ai,marketplace,RTX PRO 6000 WS,1.985555555555556,1,95.59,237.45612218664678,119.59177950082936,124.7,447.0,"Norway, NO",0.9957651,51866530
2026-09-22T11:10:54.623268+00:00,vast.ai,marketplace,RTX PRO 6000 WS,1.9887037037037039,1,95.59,283.03443015136423,142.32106553844554,125.92,987.625,"Hungary, HU",0.99599,43620837
2026-09-22T11:10:54.623268+00:00,vast.ai,marketplace,RTX 4090,2.001388888888889,1,23.99,97.17063444771811,48.551600834390726,125.71,1346.0,"Ontario, CA",0.9959306,47472164
2026-09-22T11:10:54.623268+00:00,vast.ai,marketplace,RTX PRO 6000 WS,2.002314814814815,1,95.59,283.52140316516255,141.59681637843957,121.18,967.0,"California, US",0.9864181,50460702
2026-09-22T11:10:54.623268+00:00,vast.ai,marketplace,RTX PRO 6000 WS,2.2069444444444444,1,95.59,283.32661709420836,128.37958735546258,251.49,1049.8000000000002,"New Jersey, US",0.9573317,51371152
2026-09-22T11:10:54.623268+00:00,vast.ai,marketplace,RTX PRO 6000 WS,2.290188888888889,1,95.59,283.67722901688677,123.86630220466924,125.55,2687.0,"Massachusetts, US",0.9984334,36072512
2026-09-22T11:10:54.623268+00:00,vast.ai,marketplace,H100 SXM,2.6675925925925923,1,79.65,216.72859200053543,81.24501192661516,125.92,1239.9942595395378,"The Netherlands, NL",0.9984318,28160516
2026-09-22T11:10:54.623268+00:00,vast.ai,marketplace,RTX 4090,2.6680555555555556,1,23.99,97.53311802917972,36.55587974024435,30.97,1199.0,"Italy, IT",0.9711798,49957627
2026-09-22T11:10:54.623268+00:00,vast.ai,marketplace,RTX 5070,2.6680555555555556,1,11.94,50.61437964460842,18.97051189178452,62.71,1474.2,"Texas, US",0.9017915,51845612
2026-09-22T11:10:54.623268+00:00,vast.ai,marketplace,H100 NVL,2.9080555555555505,1,93.58,348.3951621592321,119.8034753819121,314.69,1136.5000000000007,"Virginia, US",0.991973,52050157
2026-09-22T11:10:54.623268+00:00,vast.ai,marketplace,H100 SXM,3.1366666666666667,1,79.65,74.28598278038814,23.68309759204723,188.87,418.54305727421155,"Taiwan, TW",0.9660508,51178440
2026-09-22T11:10:54.623268+00:00,vast.ai,marketplace,H200 NVL,3.2029444444444444,1,140.4,379.9223108805656,118.61657842350235,188.39,330.25,"Texas, US",0.9917759,50998119
2026-09-22T11:10:54.623268+00:00,vast.ai,marketplace,H100 NVL,3.270740740740741,1,93.58,274.18883668085294,83.83080727418218,188.94,633.5,"Czechia, CZ",0.9769648,31183491
2026-09-22T11:10:54.623268+00:00,vast.ai,marketplace,H200 NVL,3.601388888888889,1,140.4,426.01305263006657,118.29132197981022,181.06,164.625,"Bulgaria, BG",0.9864576,44335855
2026-09-22T11:10:54.623268+00:00,vast.ai,marketplace,H200 NVL,3.6040555555555556,1,140.4,452.0317458671149,125.4230793335913,188.86,141.25,"Texas, US",0.998118,28418864
2026-09-22T11:10:54.623268+00:00,vast.ai,marketplace,H200 NVL,3.734722222222222,1,140.4,452.4680227473999,121.15172048275491,503.75,579.5,"Japan, JP",0.9973006,45172712
2026-09-22T11:10:54.623268+00:00,vast.ai,marketplace,H100 SXM,3.7900555555555555,1,79.65,324.4841831785436,85.61462448826293,110.19,1054.0,"Czechia, CZ",0.992439,41555534
2026-09-22T11:10:54.623268+00:00,vast.ai,marketplace,H200 NVL,4.0280555555555555,1,140.4,396.0047533555684,98.31164140956116,214.36,107.50000000000001,"Mississippi, US",0.9912198,50176557
2026-09-22T11:10:54.623268+00:00,vast.ai,marketplace,H100 SXM,4.101388888888889,1,79.65,306.82163907613227,74.8092042447732,221.46,2329.725,", US",0.997306,36346697
2026-09-22T11:10:54.623268+00:00,vast.ai,marketplace,H100 SXM,4.8869444444444445,1,79.65,334.6269257617109,68.47365047133287,221.33,864.5,", US",0.9987941,36551372
2026-09-22T11:10:54.623268+00:00,vast.ai,marketplace,H200 NVL,5.4375,1,140.4,452.76393505501693,83.2669305848307,283.35,1493.125,"Czechia, CZ",0.9995109,28875918
2026-09-22T11:10:54.623268+00:00,vast.ai,marketplace,H200 NVL,5.884537037037037,1,140.4,453.09327392119405,76.99726776625644,251.93,1410.125,"Czechia, CZ",0.9977843,21829058
2026-09-22T11:10:54.623268+00:00,vast.ai,marketplace,B200,6.251302083333333,1,179.06,679.139805093809,108.6397355367726,249.5,2199.375,"Oregon, US",0.9950445,51592620
2026-09-22T11:10:54.623268+00:00,vast.ai,marketplace,B200,6.873090277777777,1,179.06,509.8529617310624,74.18103664075677,354.07,1744.0,"Virginia, US",0.9920729,48796642
2026-09-22T11:10:54.623268+00:00,vast.ai,marketplace,B200,9.381510416666666,1,179.06,697.7008040875314,74.36977342667927,249.5,2467.179904299074,", US",0.9937718,51061890
2026-09-22T11:10:54.623268+00:00,vast.ai,marketplace,B200,9.381510416666666,1,179.06,689.2091900734471,73.46462983711415,249.5,324.5,"Ohio, US",0.9886274,51062343
2026-09-22T11:10:54.623268+00:00,vast.ai,marketplace,RTX 5090,53.33435185185186,1,31.84,199.24505592902756,3.7357734557734097,60.44,3281.0,"Ukraine, UA",0.9979354,46363452
