collected_at,provider,tier,gpu_model,price_usd_per_hr,num_gpus,gpu_ram_gb,dlperf,dlperf_per_dollar,cpu_ram_gb,disk_space_gb,region,reliability,offer_id
2026-10-08T13:01:56.266737+00:00,vast.ai,marketplace,GTX 1650,0.047314814814814816,1,4.0,1.314988845,27.789988845,11.75,140.25,"Oregon, US",0.9839309,54332240
2026-10-08T13:01:56.266737+00:00,vast.ai,marketplace,GTX 1080,0.047992592592592594,1,8.0,3.3309888450000003,69.39598884499999,30.3,341.0,"Germany, DE",0.9972212,46997840
2026-10-08T13:01:56.266737+00:00,vast.ai,marketplace,GTX 1070,0.049388888888888885,1,8.0,2.662988845,53.910988845,7.82,65.5,"South Korea, KR",0.9980479,50595371
2026-10-08T13:01:56.266737+00:00,vast.ai,marketplace,RTX 3060,0.05159259259259259,1,12.0,10.870988845,210.695988845,15.63,244.89999999999998,"Poland, PL",0.9983584,45602397
2026-10-08T13:01:56.266737+00:00,vast.ai,marketplace,GTX 1080,0.052055555555555556,1,8.0,3.3309888450000003,63.979988845,10.46,267.8333333333333,"South Korea, KR",0.992525,52708528
2026-10-08T13:01:56.266737+00:00,vast.ai,marketplace,RTX 3060,0.05338888888888889,1,12.0,12.687988845,237.643988845,71.93,935.4428571428572,"California, US",0.9900242,50285539
2026-10-08T13:01:56.266737+00:00,vast.ai,marketplace,GTX 1080,0.05472222222222223,1,8.0,3.351988845,61.243988845000004,10.46,226.33333333333331,"South Korea, KR",0.9966425,50870183
2026-10-08T13:01:56.266737+00:00,vast.ai,marketplace,Titan Xp,0.05472222222222223,1,12.0,5.757988845,105.212988845,10.45,233.6618883465617,"South Korea, KR",0.9954276,48369194
2026-10-08T13:01:56.266737+00:00,vast.ai,marketplace,RTX 3060,0.05472222222222223,1,12.0,12.477988845,228.01098884499999,18.33,222.63263149882516,"Quebec, CA",0.9967124,28852199
2026-10-08T13:01:56.266737+00:00,vast.ai,marketplace,RTX 3060,0.05611111111111111,1,12.0,12.274988845,218.750988845,23.59,331.44190900314396,"United States, US",0.990923,50121240
2026-10-08T13:01:56.266737+00:00,vast.ai,marketplace,GTX 1660 S,0.05738888888888889,1,6.0,1.688988845,29.413988845,15.61,148.20000000000002,"Vietnam, VN",0.9979909,31605645
2026-10-08T13:01:56.266737+00:00,vast.ai,marketplace,RTX 3060,0.06092592592592593,1,12.0,12.246988845,201.005988845,15.61,362.9,"Poland, PL",0.9991126,45598147
2026-10-08T13:01:56.266737+00:00,vast.ai,marketplace,RTX 3060,0.06092592592592593,1,12.0,12.317988845,202.172988845,15.63,372.0,"Poland, PL",0.9988597,45602039
2026-10-08T13:01:56.266737+00:00,vast.ai,marketplace,Titan Xp,0.061388888888888896,1,12.0,5.757988845,93.786988845,10.46,236.22289267345732,"South Korea, KR",0.9954963,48474937
2026-10-08T13:01:56.266737+00:00,vast.ai,marketplace,GTX 1660 S,0.061388888888888896,1,6.0,1.688988845,27.497988845,15.67,379.25,"South Korea, KR",0.9966231,53989928
2026-10-08T13:01:56.266737+00:00,vast.ai,marketplace,RTX 3060,0.061388888888888896,1,12.0,8.601988845000001,140.115988845,125.56,1650.8,"Romania, RO",0.9925599,54828691
2026-10-08T13:01:56.266737+00:00,vast.ai,marketplace,Q RTX 4000,0.061388888888888896,1,8.0,4.104988845,66.855988845,7.67,105.5,"Spain, ES",0.9854583,48583410
2026-10-08T13:01:56.266737+00:00,vast.ai,marketplace,RTX 3060 Ti,0.061388888888888896,1,8.0,13.447988845,219.052988845,7.76,136.0,"South Korea, KR",0.9967973,46591553
2026-10-08T13:01:56.266737+00:00,vast.ai,marketplace,GTX 1080 Ti,0.06166666666666667,1,11.0,5.452988845,88.418988845,15.57,28.0,"Spain, ES",0.9925868,50865915
2026-10-08T13:01:56.266737+00:00,vast.ai,marketplace,GTX 1080 Ti,0.06405555555555556,1,11.0,5.316988845,82.992988845,15.59,164.5,"South Korea, KR",0.9975568,47351762
2026-10-08T13:01:56.266737+00:00,vast.ai,marketplace,GTX 1080 Ti,0.06405555555555556,1,11.0,5.212988845,81.373988845,15.59,183.0,"South Korea, KR",0.997456,54610844
2026-10-08T13:01:56.266737+00:00,vast.ai,marketplace,GTX 1080 Ti,0.06405555555555556,1,11.0,5.212988845,81.373988845,7.73,165.0,"South Korea, KR",0.9965839,50029618
2026-10-08T13:01:56.266737+00:00,vast.ai,marketplace,GTX 1080 Ti,0.06405555555555556,1,11.0,5.212988845,81.373988845,7.73,190.0,"South Korea, KR",0.9974928,50029567
2026-10-08T13:01:56.266737+00:00,vast.ai,marketplace,GTX 1080 Ti,0.0649814814814815,1,11.0,5.212988845,80.214988845,31.28,95.0,"South Korea, KR",0.9980433,52706152
2026-10-08T13:01:56.266737+00:00,vast.ai,marketplace,GTX 1080 Ti,0.0649814814814815,1,11.0,5.212988845,80.214988845,31.29,501.0,"South Korea, KR",0.9978407,54409050
2026-10-08T13:01:56.266737+00:00,vast.ai,marketplace,RTX 3060,0.06601851851851852,1,12.0,12.266988845,185.809988845,23.56,22.475,"California, US",0.9578945,54182342
2026-10-08T13:01:56.266737+00:00,vast.ai,marketplace,RTX 3060,0.06601851851851852,1,12.0,12.407988845,187.933988845,23.56,366.575,"United States, US",0.9849866,52144466
2026-10-08T13:01:56.266737+00:00,vast.ai,marketplace,RTX 3060,0.06694444444444445,1,12.0,12.337988845,184.294988845,15.59,348.0,"Norway, NO",0.9522466,54080767
2026-10-08T13:01:56.266737+00:00,vast.ai,marketplace,Quadro P4000,0.06805555555555555,1,8.0,2.0839888450000004,30.617988845,30.91,426.0,"Romania, RO",0.9977128,44056938
2026-10-08T13:01:56.266737+00:00,vast.ai,marketplace,GTX 1080 Ti,0.06805555555555555,1,11.0,5.212988845,76.59198884499999,15.64,273.5,"South Korea, KR",0.9973155,51203225
2026-10-08T13:01:56.266737+00:00,vast.ai,marketplace,Titan Xp,0.06805555555555555,1,12.0,5.225988845,76.78898884499999,8.96,105.42857142857142,"South Korea, KR",0.9964547,32787365
2026-10-08T13:01:56.266737+00:00,vast.ai,marketplace,RTX 3060,0.06805555555555555,1,8.0,9.738988845,143.090988845,10.46,196.0,"South Korea, KR",0.9431827,54418606
2026-10-08T13:01:56.266737+00:00,vast.ai,marketplace,RTX 3060,0.06944444444444445,1,12.0,12.257988845,176.502988845,15.49,37.0,"Indonesia, ID",0.9978346,50680598
2026-10-08T13:01:56.266737+00:00,vast.ai,marketplace,RTX 3060,0.0722777777777778,1,12.0,12.273988845,169.811988845,31.35,360.5,"Norway, NO",0.9865704,51632228
2026-10-08T13:01:56.266737+00:00,vast.ai,marketplace,RTX 3060,0.07472222222222222,1,12.0,11.745988845,157.187988845,15.53,95.30000000000001,"South Korea, KR",0.9978967,51557547
2026-10-08T13:01:56.266737+00:00,vast.ai,marketplace,RTX 3060,0.07472222222222222,1,12.0,8.424988845,112.742988845,15.55,27.30000000000001,"South Korea, KR",0.9962619,53984179
2026-10-08T13:01:56.266737+00:00,vast.ai,marketplace,RTX 4060,0.07611111111111112,1,8.0,15.657988845,205.717988845,15.72,120.125,"Nevada, US",0.991902,50944069
2026-10-08T13:01:56.266737+00:00,vast.ai,marketplace,RTX A2000,0.07692592592592593,1,5.99,8.573988845,111.447988845,62.85,781.0,"British Columbia, CA",0.9982724,44117225
2026-10-08T13:01:56.266737+00:00,vast.ai,marketplace,RTX 3060 Ti,0.07738888888888888,1,8.0,13.140988845,169.802988845,15.64,75.0,"Romania, RO",0.9879567,54844344
2026-10-08T13:01:56.266737+00:00,vast.ai,marketplace,RTX 3060 Ti,0.07918518518518519,1,8.0,13.777988845,173.996988845,15.62,344.15,"New Zealand, NZ",0.9431135,54789319
2026-10-08T13:01:56.266737+00:00,vast.ai,marketplace,RTX 4060,0.07977777777777778,1,8.0,15.649988845,196.160988845,31.44,322.9140599257836,"British Columbia, CA",0.9958441,47299636
2026-10-08T13:01:56.266737+00:00,vast.ai,marketplace,Tesla P40,0.08138888888888889,1,22.5,5.747988845,70.620988845,94.38,133.0,"Mexico, MX",0.9689929,53521855
2026-10-08T13:01:56.266737+00:00,vast.ai,marketplace,Tesla P100,0.08138888888888889,1,16.0,5.823988845000001,71.546988845,20.88,162.11559003112313,"Missouri, US",0.9889172,52971262
2026-10-08T13:01:56.266737+00:00,vast.ai,marketplace,RTX 3070,0.08138888888888889,1,8.0,16.273988844999998,199.95098884499998,31.32,57.5,"Vietnam, VN",0.994985,49499650
2026-10-08T13:01:56.266737+00:00,vast.ai,marketplace,RTX 2070,0.08138888888888889,1,8.0,4.104988845,50.426988845000004,15.52,102.0,"South Korea, KR",0.9954133,54800417
2026-10-08T13:01:56.266737+00:00,vast.ai,marketplace,Tesla V100,0.08185185185185186,1,16.0,18.740988844999997,228.959988845,31.26,400.9375,"California, US",0.9431398,53561991
2026-10-08T13:01:56.266737+00:00,vast.ai,marketplace,RTX 4060,0.08185185185185186,1,8.0,15.641988845,191.091988845,15.72,35.61250000000001,"Nevada, US",0.9962475,49481979
2026-10-08T13:01:56.266737+00:00,vast.ai,marketplace,RTX 3070,0.08277777777777778,1,8.0,16.280988845,196.677988845,23.59,163.9,"Utah, US",0.9980115,50148857
2026-10-08T13:01:56.266737+00:00,vast.ai,marketplace,RTX A4000,0.0875925925925926,1,15.99,20.295988845,231.702988845,23.49,329.5,"Poland, PL",0.9994982,45600038
2026-10-08T13:01:56.266737+00:00,vast.ai,marketplace,RTX A4000,0.0875925925925926,1,15.99,20.295988845,231.699988845,15.64,313.5,"Poland, PL",0.9995123,47628562
2026-10-08T13:01:56.266737+00:00,vast.ai,marketplace,RTX A4000,0.0875925925925926,1,15.99,20.200988844999998,230.61798884499999,23.49,188.0,"Poland, PL",0.998498,49383453
2026-10-08T13:01:56.266737+00:00,vast.ai,marketplace,RTX 3060,0.09018888888888889,1,12.0,10.700988845,118.647988845,19.5,535.0,"Spain, ES",0.9879223,48105707
2026-10-08T13:01:56.266737+00:00,vast.ai,marketplace,RTX A4000,0.0915925925925926,1,15.99,20.000988845,218.368988845,41.93,32.666666666666664,"Japan, JP",0.9925267,49634058
2026-10-08T13:01:56.266737+00:00,vast.ai,marketplace,RTX A4000,0.0915925925925926,1,15.99,21.191988844999997,231.368988845,125.47,1879.0,"Japan, JP",0.9929885,49591219
2026-10-08T13:01:56.266737+00:00,vast.ai,marketplace,RTX 3070,0.09425925925925926,1,8.0,16.278988844999997,172.696988845,15.6,102.30000000000001,"Vietnam, VN",0.9919803,52925175
2026-10-08T13:01:56.266737+00:00,vast.ai,marketplace,RTX 3070,0.09472222222222222,1,8.0,16.022988844999997,169.147988845,31.22,740.0,"France, FR",0.9943114,20155807
2026-10-08T13:01:56.266737+00:00,vast.ai,marketplace,RTX 2060,0.09472222222222222,1,12.0,3.969988845,41.909988845,15.62,170.0,"South Korea, KR",0.9979269,54594414
2026-10-08T13:01:56.266737+00:00,vast.ai,marketplace,RTX 2060,0.09472222222222222,1,12.0,3.969988845,41.909988845,15.62,173.5,"South Korea, KR",0.9915164,54610102
2026-10-08T13:01:56.266737+00:00,vast.ai,marketplace,Q RTX 5000,0.09518518518518519,1,16.0,6.974988845,73.275988845,31.44,152.0,"New York, US",0.9615788,50606624
2026-10-08T13:01:56.266737+00:00,vast.ai,marketplace,Tesla P100,0.09564814814814815,1,16.0,6.489988845,67.848988845,23.23,700.5015129516396,"Texas, US",0.9799784,48743421
2026-10-08T13:01:56.266737+00:00,vast.ai,marketplace,Tesla P100,0.09564814814814815,1,16.0,6.4299888450000005,67.218988845,39.01,542.925,"Texas, US",0.9946477,48981930
2026-10-08T13:01:56.266737+00:00,vast.ai,marketplace,RTX 2080 Ti,0.09611111111111112,1,22.0,11.045988845,114.92898884499999,31.47,146.875,"United States, US",0.9948331,43529651
2026-10-08T13:01:56.266737+00:00,vast.ai,marketplace,RTX 2080 Ti,0.10005555555555555,1,22.0,11.045988845,110.397988845,17.97,153.71830968908674,"Thailand, TH",0.986965,50286320
2026-10-08T13:01:56.266737+00:00,vast.ai,marketplace,RTX 5060,0.10064814814814814,1,7.96,28.227988845,280.454988845,62.85,1464.5,"Quebec, CA",0.9727521,54225827
2026-10-08T13:01:56.266737+00:00,vast.ai,marketplace,RTX 2060,0.10694444444444445,1,12.0,4.026988845,37.646988845,8.96,154.0,"South Korea, KR",0.9952739,35050681
2026-10-08T13:01:56.266737+00:00,vast.ai,marketplace,RTX 3060 Ti,0.1075925925925926,1,8.0,12.760988845,118.60098884499999,15.54,138.0,"Argentina, AR",0.9928515,53606754
2026-10-08T13:01:56.266737+00:00,vast.ai,marketplace,RTX 3060,0.10805555555555556,1,12.0,12.415988845,114.89898884499999,62.94,642.8465353467866,"United Kingdom, GB",0.9825682,54512237
2026-10-08T13:01:56.266737+00:00,vast.ai,marketplace,RTX 2060,0.10805555555555556,1,12.0,3.941988845,36.477988845,10.46,246.4,"South Korea, KR",0.9959577,49698940
2026-10-08T13:01:56.266737+00:00,vast.ai,marketplace,RTX 2070S,0.10805555555555556,1,8.0,4.668988845,43.206988845000005,62.71,802.0,"Spain, ES",0.9982423,43384018
2026-10-08T13:01:56.266737+00:00,vast.ai,marketplace,RTX 3080,0.10805555555555556,1,10.0,25.519988844999997,236.172988845,15.67,328.1,"South Korea, KR",0.9963689,45173971
2026-10-08T13:01:56.266737+00:00,vast.ai,marketplace,RTX 3080,0.10805555555555556,1,10.0,23.903988844999997,221.21298884499998,15.58,191.33333333333331,"Utah, US",0.9962871,50102832
2026-10-08T13:01:56.266737+00:00,vast.ai,marketplace,RTX 3080,0.10805555555555556,1,10.0,26.964988844999997,249.538988845,15.46,133.0,"South Korea, KR",0.997712,48452971
2026-10-08T13:01:56.266737+00:00,vast.ai,marketplace,RTX 3070,0.10805688888888888,1,8.0,16.280988845,150.666988845,20.93,95.00000000000001,"Oklahoma, US",0.9913387,53049417
2026-10-08T13:01:56.266737+00:00,vast.ai,marketplace,RTX 4060 Ti,0.10851851851851853,1,16.0,12.976988845000001,119.577988845,20.88,208.33333333333331,"Ohio, US",0.9756597,51630301
2026-10-08T13:01:56.266737+00:00,vast.ai,marketplace,RTX 5060 Ti,0.10851851851851853,1,15.93,38.517988845000005,354.940988845,38.22,226.5,"Serbia, RS",0.9930264,54022243
2026-10-08T13:01:56.266737+00:00,vast.ai,marketplace,RTX A4000,0.10898148148148148,1,15.99,21.186988845,194.407988845,47.22,333.13863326550774,"Estonia, EE",0.9917233,51587985
2026-10-08T13:01:56.266737+00:00,vast.ai,marketplace,Tesla V100,0.10898148148148148,1,16.0,20.174988844999998,185.114988845,43.19,697.5,"Texas, US",0.9787986,30970800
2026-10-08T13:01:56.266737+00:00,vast.ai,marketplace,RTX A2000,0.10898148148148148,1,5.99,8.574988845,78.682988845,62.89,727.75,"Norway, NO",0.99733,29318075
2026-10-08T13:01:56.266737+00:00,vast.ai,marketplace,RTX 4060 Ti,0.1126851851851852,1,16.0,22.535988845,199.982988845,31.47,176.7875,", US",0.994796,42171805
2026-10-08T13:01:56.266737+00:00,vast.ai,marketplace,RTX 3060 Ti,0.11447222222222223,1,8.0,13.986988845,122.18198884499999,15.52,411.8,"France, FR",0.9936945,53170012
2026-10-08T13:01:56.266737+00:00,vast.ai,marketplace,RTX 3060 laptop,0.11785185185185186,1,12.0,12.783988845,108.474988845,15.59,320.85,"New Zealand, NZ",0.996185,51286013
2026-10-08T13:01:56.266737+00:00,vast.ai,marketplace,RTX 3080 Ti,0.12064814814814816,1,12.0,32.733988845,271.314988845,11.7,81.0,"Poland, PL",0.9947518,51796616
2026-10-08T13:01:56.266737+00:00,vast.ai,marketplace,RTX A4000,0.1213888888888889,1,15.99,20.860988844999998,171.850988845,15.67,89.85714285714285,"Utah, US",0.9682477,50588425
2026-10-08T13:01:56.266737+00:00,vast.ai,marketplace,RTX 3080 Ti,0.1213888888888889,1,12.0,34.931988845,287.762988845,31.26,623.0,"Oregon, US",0.6143374,38475407
2026-10-08T13:01:56.266737+00:00,vast.ai,marketplace,RTX 3080 Ti,0.1213888888888889,1,12.0,26.350988845,217.071988845,15.67,181.5,"Taiwan, TW",0.9949953,50375377
2026-10-08T13:01:56.266737+00:00,vast.ai,marketplace,RTX 5060,0.1213888888888889,1,7.96,28.256988845,232.77798884499998,62.88,702.5938777784635,"United Kingdom, GB",0.9929785,48742491
2026-10-08T13:01:56.266737+00:00,vast.ai,marketplace,RTX 3070,0.12175925925925928,1,8.0,16.280988845,133.710988845,31.15,328.0,"Brazil, BR",0.9965483,41360120
2026-10-08T13:01:56.266737+00:00,vast.ai,marketplace,RTX 4060 Ti,0.12185185185185186,1,16.0,22.522988844999997,184.839988845,31.31,750.0,"Vietnam, VN",0.9976508,44756761
2026-10-08T13:01:56.266737+00:00,vast.ai,marketplace,RTX 3070 Ti,0.12231481481481482,1,8.0,18.314988845,149.731988845,31.41,341.75,"Norway, NO",0.9974594,36538839
2026-10-08T13:01:56.266737+00:00,vast.ai,marketplace,Tesla V100,0.12277777777777779,1,32.0,23.192988845,188.895988845,39.31,226.75,"United States, US",0.9752632,47619160
2026-10-08T13:01:56.266737+00:00,vast.ai,marketplace,RTX 4070S,0.12492592592592593,1,11.99,34.729988845,278.00198884499997,62.79,818.15,"Singapore, SG",0.9976607,53518287
2026-10-08T13:01:56.266737+00:00,vast.ai,marketplace,RTX 5060 Ti,0.1256111111111111,1,15.93,38.362988845000004,305.40598884499997,62.63,745.2,"Norway, NO",0.9411207,54328113
2026-10-08T13:01:56.266737+00:00,vast.ai,marketplace,RTX 4070S,0.12601851851851853,1,11.99,34.777988845,275.971988845,11.78,164.0,"United States, US",0.7746046,42643519
2026-10-08T13:01:56.266737+00:00,vast.ai,marketplace,RTX 5060 Ti,0.12685185185185185,1,7.96,30.092988844999997,237.226988845,29.96,615.0,"India, IN",0.9486529,48558068
2026-10-08T13:01:56.266737+00:00,vast.ai,marketplace,RTX 5060 Ti,0.12685185185185185,1,15.93,38.517988845000005,303.642988845,29.96,494.0,"India, IN",0.9437496,50282300
2026-10-08T13:01:56.266737+00:00,vast.ai,marketplace,RTX 5060 Ti,0.12685185185185185,1,15.93,38.440988845,303.031988845,29.96,602.0,"India, IN",0.993712,51103810
2026-10-08T13:01:56.266737+00:00,vast.ai,marketplace,RTX 3060,0.13005555555555556,1,12.0,10.775988845,82.849988845,19.47,28.0,"Spain, ES",0.9893375,51773767
2026-10-08T13:01:56.266737+00:00,vast.ai,marketplace,RTX 5060 Ti,0.13025925925925924,1,15.93,38.838988845,298.165988845,15.7,279.62851498144596,"British Columbia, CA",0.9918708,46481722
2026-10-08T13:01:56.266737+00:00,vast.ai,marketplace,RTX 5060 Ti,0.13325555555555554,1,15.93,38.300988845,287.423988845,31.3,327.0,"Thailand, TH",0.9935735,50914650
2026-10-08T13:01:56.266737+00:00,vast.ai,marketplace,RTX 3060,0.13425925925925924,1,12.0,12.266988845,91.367988845,251.98,926.7859858177945,"Norway, NO",0.9944475,54533037
2026-10-08T13:01:56.266737+00:00,vast.ai,marketplace,RTX 4060,0.13472222222222222,1,8.0,15.942988845,118.333988845,31.18,656.0,"Mexico, MX",0.9950649,40179084
2026-10-08T13:01:56.266737+00:00,vast.ai,marketplace,RTX 3080,0.13472222222222222,1,20.0,34.339988845,254.89098884499998,50.37,209.8,"Henan, CN",0.9953637,50005213
2026-10-08T13:01:56.266737+00:00,vast.ai,marketplace,RTX 3080,0.13472222222222222,1,10.0,26.964988844999997,200.145988845,15.47,285.0,"Spain, ES",0.9813795,46441870
2026-10-08T13:01:56.266737+00:00,vast.ai,marketplace,RTX 3060,0.13518518518518519,1,12.0,12.407988845,91.783988845,15.59,325.5,"Florida, US",0.9931667,54705032
2026-10-08T13:01:56.266737+00:00,vast.ai,marketplace,Tesla V100,0.13518518518518519,1,32.0,25.713988845,190.20698884499998,31.47,736.625,"California, US",0.9857629,54086463
2026-10-08T13:01:56.266737+00:00,vast.ai,marketplace,RTX A2000,0.13564814814814816,1,5.99,8.575988845,63.220988845,125.78,1497.0,"Norway, NO",0.9977561,52457957
2026-10-08T13:01:56.266737+00:00,vast.ai,marketplace,RTX 3080,0.13564814814814816,1,10.0,27.110988844999998,199.86198884499998,15.53,136.0,"Austria, AT",0.9899475,54003341
2026-10-08T13:01:56.266737+00:00,vast.ai,marketplace,RTX 3080,0.13564814814814816,1,10.0,25.828988844999998,190.409988845,15.57,325.0,"Austria, AT",0.9971615,52953027
2026-10-08T13:01:56.266737+00:00,vast.ai,marketplace,RTX 3060,0.13616666666666669,1,12.0,12.507988845,91.855988845,62.86,276.5,"New York, US",0.9980429,52140337
2026-10-08T13:01:56.266737+00:00,vast.ai,marketplace,RTX 3080,0.13785185185185184,1,10.0,27.106988845,196.638988845,31.35,657.5,"The Netherlands, NL",0.9909737,54761724
2026-10-08T13:01:56.266737+00:00,vast.ai,marketplace,RTX 5060 Ti,0.13796296296296295,1,15.93,38.403988845,278.359988845,31.4,771.0,"Illinois, US",0.999106,51078118
2026-10-08T13:01:56.266737+00:00,vast.ai,marketplace,RTX 5060 Ti,0.13796296296296295,1,15.93,38.551988845000004,279.436988845,31.3,322.0,"Texas, US",0.9953551,52793773
2026-10-08T13:01:56.266737+00:00,vast.ai,marketplace,RTX 5060 Ti,0.13796296296296295,1,15.93,24.526988844999998,177.776988845,31.42,148.25,"France, FR",0.9946361,53680246
2026-10-08T13:01:56.266737+00:00,vast.ai,marketplace,RTX 5060 Ti,0.13796296296296295,1,15.93,38.382988845,278.210988845,31.31,673.0,"Illinois, US",0.992268,50807227
2026-10-08T13:01:56.266737+00:00,vast.ai,marketplace,RTX 3090,0.13935185185185184,1,24.0,44.362988845000004,318.345988845,31.44,123.6625,"United States, US",0.9766167,53644718
2026-10-08T13:01:56.266737+00:00,vast.ai,marketplace,RTX 3090,0.13935185185185184,1,24.0,44.363988845,318.355988845,53.96,256.2857142857143,"United States, US",0.9832709,48317506
2026-10-08T13:01:56.266737+00:00,vast.ai,marketplace,RTX 5060 Ti,0.1413888888888889,1,15.93,38.375988845,271.421988845,31.44,71.375,"Poland, PL",0.9850295,51539904
2026-10-08T13:01:56.266737+00:00,vast.ai,marketplace,RTX 3070,0.1449814814814815,1,8.0,16.281988844999997,112.301988845,62.72,812.5,"Texas, US",0.9633833,54742229
2026-10-08T13:01:56.266737+00:00,vast.ai,marketplace,RTX 4070 laptop,0.14677777777777776,1,8.0,15.762988845,107.387988845,30.64,113.0,"Romania, RO",0.9740579,53477141
2026-10-08T13:01:56.266737+00:00,vast.ai,marketplace,RTX 4060 Ti,0.14677777777777776,1,16.0,22.897988844999997,155.99898884499999,15.63,329.5,"Romania, RO",0.9530076,53307219
2026-10-08T13:01:56.266737+00:00,vast.ai,marketplace,RTX 3080,0.14759259259259258,1,10.0,27.138988845,183.87398884499999,31.25,802.0,"Argentina, AR",0.9981573,29430929
2026-10-08T13:01:56.266737+00:00,vast.ai,marketplace,RTX 3080,0.14759259259259258,1,10.0,25.572988844999998,173.264988845,31.3,739.0,"Argentina, AR",0.9959846,29430969
2026-10-08T13:01:56.266737+00:00,vast.ai,marketplace,RTX 5060 Ti,0.14782407407407408,1,15.93,38.389988845000005,259.698988845,23.38,395.0,"New Jersey, US",0.9960349,53274772
2026-10-08T13:01:56.266737+00:00,vast.ai,marketplace,RTX A4000,0.14805555555555555,1,15.99,21.189988845,143.121988845,62.87,303.0,"Massachusetts, US",0.9836149,51648674
2026-10-08T13:01:56.266737+00:00,vast.ai,marketplace,Tesla T4,0.14805555555555555,1,15.0,4.302988845,29.059988845,125.82,523.5,"Pennsylvania, US",0.9978002,53942701
2026-10-08T13:01:56.266737+00:00,vast.ai,marketplace,Titan V,0.14805555555555555,1,12.0,21.928988845,148.110988845,15.59,377.5,"South Korea, KR",0.9970412,52709206
2026-10-08T13:01:56.266737+00:00,vast.ai,marketplace,RTX 3080,0.14805555555555555,1,10.0,26.961988844999997,182.101988845,15.5,331.0,"Austria, AT",0.9937606,50662269
2026-10-08T13:01:56.266737+00:00,vast.ai,marketplace,RTX 3080,0.14805555555555555,1,10.0,26.957988845,182.07598884499998,15.52,726.0,"Austria, AT",0.9942566,50569051
2026-10-08T13:01:56.266737+00:00,vast.ai,marketplace,RTX 3060 Ti,0.14805555555555555,1,8.0,13.860988845,93.61898884499999,110.12,87.0,"Massachusetts, US",0.990725,46460414
2026-10-08T13:01:56.266737+00:00,vast.ai,marketplace,RTX 3060 Ti,0.14805555555555555,1,8.0,13.850988845,93.549988845,62.57,308.0,"Massachusetts, US",0.9432891,54370637
2026-10-08T13:01:56.266737+00:00,vast.ai,marketplace,RTX 5070 Ti,0.14805555555555555,1,15.92,53.846988845,363.694988845,15.66,227.25,"South Korea, KR",0.9934039,38752092
2026-10-08T13:01:56.266737+00:00,vast.ai,marketplace,RTX 5070 Ti,0.14805555555555555,1,15.92,50.613988845,341.856988845,15.66,65.75,"South Korea, KR",0.9955471,38752232
2026-10-08T13:01:56.266737+00:00,vast.ai,marketplace,RTX 5060 Ti,0.14805555555555555,1,15.93,38.382988845,259.245988845,30.38,373.75,"Switzerland, CH",0.9964713,53186322
2026-10-08T13:01:56.266737+00:00,vast.ai,marketplace,RTX 5060 Ti,0.14805555555555555,1,15.93,38.355988845,259.061988845,23.47,340.5,"Denmark, DK",0.9913325,54255249
2026-10-08T13:01:56.266737+00:00,vast.ai,marketplace,RTX 5060 Ti,0.14805555555555555,1,15.93,38.852988845,262.420988845,31.46,362.0,"Connecticut, US",0.9949637,49816738
2026-10-08T13:01:56.266737+00:00,vast.ai,marketplace,RTX 4060 Ti,0.1489814814814815,1,16.0,22.522988844999997,151.179988845,31.35,1645.85,"Texas, US",0.996231,54228378
2026-10-08T13:01:56.266737+00:00,vast.ai,marketplace,RTX 5060 Ti,0.14938888888888888,1,15.93,33.392988845000005,223.530988845,27.47,142.0,"Taiwan, TW",0.9951127,41702074
2026-10-08T13:01:56.266737+00:00,vast.ai,marketplace,RTX 5060 Ti,0.1512962962962963,1,15.93,38.362988845000004,253.55798884499998,31.26,711.0,"Illinois, US",0.9818172,51526997
2026-10-08T13:01:56.266737+00:00,vast.ai,marketplace,RTX 3090,0.15268518518518517,1,24.0,43.395988845000005,284.213988845,31.46,103.625,"California, US",0.9911405,52756398
2026-10-08T13:01:56.266737+00:00,vast.ai,marketplace,RTX 3090,0.15268518518518517,1,24.0,44.344988845,290.433988845,31.46,372.45,"United States, US",0.9872653,44375073
2026-10-08T13:01:56.266737+00:00,vast.ai,marketplace,RTX 3080 Ti,0.1551851851851852,1,12.0,29.951988845,193.006988845,31.32,281.5,"Quebec, CA",0.9968065,50115909
2026-10-08T13:01:56.266737+00:00,vast.ai,marketplace,RTX 3080,0.1605185185185185,1,10.0,27.089988844999997,168.763988845,15.52,1349.1,"Spain, ES",0.9935501,50765355
2026-10-08T13:01:56.266737+00:00,vast.ai,marketplace,RTX 5060 Ti,0.16092592592592592,1,15.93,38.369988845,238.427988845,62.69,3397.5,"Maryland, US",0.9086395,54581412
2026-10-08T13:01:56.266737+00:00,vast.ai,marketplace,Tesla T4,0.1613888888888889,1,15.0,4.302988845,26.658988845,15.41,85.8979375966648,"Ireland, IE",0.9834618,52633602
2026-10-08T13:01:56.266737+00:00,vast.ai,marketplace,Titan V,0.1613888888888889,1,12.0,21.927988844999998,135.869988845,15.59,368.5,"South Korea, KR",0.9979755,50869993
2026-10-08T13:01:56.266737+00:00,vast.ai,marketplace,RTX 4060 Ti,0.1613888888888889,1,16.0,22.626988845,140.201988845,31.27,305.0,"Kentucky, US",0.9937436,30829053
2026-10-08T13:01:56.266737+00:00,vast.ai,marketplace,Tesla V100,0.1613888888888889,1,32.0,23.192988845,143.703988845,31.45,264.5,"British Columbia, CA",0.973895,45783721
2026-10-08T13:01:56.266737+00:00,vast.ai,marketplace,RTX 5070 Ti,0.1613888888888889,1,15.92,54.148988845000005,335.513988845,15.67,101.25,"South Korea, KR",0.9890304,45957836
2026-10-08T13:01:56.266737+00:00,vast.ai,marketplace,RTX 5060 Ti,0.1613888888888889,1,15.93,38.510988845,238.620988845,30.81,195.5,"France, FR",0.9977084,45637388
2026-10-08T13:01:56.266737+00:00,vast.ai,marketplace,RTX 5070,0.1613888888888889,1,11.94,49.900988845,309.19198884499997,31.36,483.0,"Texas, US",0.9949522,49068011
2026-10-08T13:01:56.266737+00:00,vast.ai,marketplace,RTX 5070,0.1613888888888889,1,11.94,49.935988845000004,309.408988845,31.36,584.0,"Texas, US",0.9335997,54561455
2026-10-08T13:01:56.266737+00:00,vast.ai,marketplace,RTX 4060 Ti,0.16185185185185186,1,8.0,17.729988844999998,109.54198884499999,62.51,768.0,"Texas, US",0.9982221,35855967
2026-10-08T13:01:56.266737+00:00,vast.ai,marketplace,RTX 3080,0.16185185185185186,1,10.0,27.109988845,167.497988845,15.55,335.0,"Austria, AT",0.9836301,52468283
2026-10-08T13:01:56.266737+00:00,vast.ai,marketplace,RTX 4060 Ti,0.16231481481481483,1,16.0,22.590988845,139.177988845,62.96,88.625,"Norway, NO",0.9972525,31011006
2026-10-08T13:01:56.266737+00:00,vast.ai,marketplace,Tesla T4,0.16749999999999998,1,16.0,4.4009888450000005,26.272988844999997,125.93,3039.75,"Norway, NO",0.9978591,41364915
2026-10-08T13:01:56.266737+00:00,vast.ai,marketplace,RTX 3080 Ti,0.16759259259259257,1,12.0,33.892988845000005,202.234988845,15.54,1015.0,"Japan, JP",0.9979374,46117025
2026-10-08T13:01:56.266737+00:00,vast.ai,marketplace,RTX 5060 Ti,0.16759259259259257,1,15.93,38.410988845,229.187988845,31.44,144.9875,"Australia, AU",0.9977972,54073760
2026-10-08T13:01:56.266737+00:00,vast.ai,marketplace,RTX 3080,0.16805555555555554,1,10.0,26.960988845,160.423988845,31.14,112.0,"Argentina, AR",0.9891839,45863091
2026-10-08T13:01:56.266737+00:00,vast.ai,marketplace,RTX 5060 Ti,0.16805555555555554,1,15.93,38.887988845,231.397988845,62.72,741.0,"Ontario, CA",0.9986675,51229108
2026-10-08T13:01:56.266737+00:00,vast.ai,marketplace,RTX 4060 Ti,0.17425925925925925,1,16.0,22.468988845,128.93898884499998,31.19,124.0,"Argentina, AR",0.978708,54039597
2026-10-08T13:01:56.266737+00:00,vast.ai,marketplace,RTX 3090,0.17472222222222222,1,24.0,44.586988845,255.18298884499998,34.02,825.4333333333338,"Kuwait, KW",0.9937028,33137670
2026-10-08T13:01:56.266737+00:00,vast.ai,marketplace,RTX 3070,0.17472222222222222,1,8.0,12.271988845000001,70.23198884499999,10.42,245.66666666666666,"France, FR",0.9982794,51557330
2026-10-08T13:01:56.266737+00:00,vast.ai,marketplace,RTX 3070 Ti,0.17472222222222222,1,8.0,18.210988845,104.22598884499999,62.57,224.0,"Massachusetts, US",0.9944713,44162569
2026-10-08T13:01:56.266737+00:00,vast.ai,marketplace,RTX 3080 Ti,0.17472222222222222,1,12.0,34.692988845,198.556988845,36.64,513.0,"Quebec, CA",0.9980284,44116401
2026-10-08T13:01:56.266737+00:00,vast.ai,marketplace,RTX 5060 Ti,0.17472222222222222,1,15.93,38.503988845,220.371988845,15.55,19.0,"Spain, ES",0.9959447,43384717
2026-10-08T13:01:56.266737+00:00,vast.ai,marketplace,RTX 3070,0.17500000000000002,1,8.0,12.245988845,69.974988845,11.7,45.5,"Spain, ES",0.9906531,54782069
2026-10-08T13:01:56.266737+00:00,vast.ai,marketplace,RTX 3090,0.1751851851851852,1,24.0,44.358988845,253.207988845,27.48,27.75,"France, FR",0.9772728,36021659
2026-10-08T13:01:56.266737+00:00,vast.ai,marketplace,RTX 4070S Ti,0.17564814814814816,1,15.99,51.020988845000005,290.472988845,31.36,765.0,"Ontario, CA",0.979554,46689187
2026-10-08T13:01:56.266737+00:00,vast.ai,marketplace,RTX 3090,0.17587962962962964,1,24.0,36.233988845,206.013988845,31.32,29.5,"Quebec, CA",0.997153,54634469
2026-10-08T13:01:56.266737+00:00,vast.ai,marketplace,RTX 3090,0.17587962962962964,1,24.0,33.279988845000005,189.215988845,31.32,301.0,"Quebec, CA",0.9980815,25839254
2026-10-08T13:01:56.266737+00:00,vast.ai,marketplace,RTX 3090,0.17587962962962964,1,24.0,44.588988845,253.516988845,31.32,281.0,"Quebec, CA",0.9888206,11997119
2026-10-08T13:01:56.266737+00:00,vast.ai,marketplace,RTX 3080 Ti,0.1761111111111111,1,12.0,33.969988845,192.887988845,62.84,849.15,"Thailand, TH",0.9924439,54225173
2026-10-08T13:01:56.266737+00:00,vast.ai,marketplace,RTX 5060 Ti,0.1773888888888889,1,15.93,38.880988845000005,219.183988845,55.07,215.625,"Germany, DE",0.9854719,44053841
2026-10-08T13:01:56.266737+00:00,vast.ai,marketplace,RTX 5060 Ti,0.1773888888888889,1,15.93,38.887988845,219.222988845,62.94,274.7851861599564,"Germany, DE",0.9977219,44053751
2026-10-08T13:01:56.266737+00:00,vast.ai,marketplace,RTX 3090,0.17935185185185185,1,24.0,44.367988845,247.375988845,46.98,276.0,"Romania, RO",0.9634095,54332385
2026-10-08T13:01:56.266737+00:00,vast.ai,marketplace,RTX 3090,0.18005555555555555,1,24.0,44.586988845,247.62998884499999,31.46,200.0,"Oregon, US",0.9981883,52272584
2026-10-08T13:01:56.266737+00:00,vast.ai,marketplace,RTX 4060 Ti,0.18074074074074076,1,16.0,22.486988845,124.414988845,251.88,570.65,"Germany, DE",0.9987371,49407382
2026-10-08T13:01:56.266737+00:00,vast.ai,marketplace,RTX 4070S Ti,0.1831851851851852,1,15.99,52.681988845,287.585988845,50.34,251.55962569799163,"Bulgaria, BG",0.9840221,53719523
2026-10-08T13:01:56.266737+00:00,vast.ai,marketplace,RTX 5060 Ti,0.18712962962962965,1,15.93,38.381988845,205.107988845,62.51,1339.0,"Thailand, TH",0.9992646,46743381
2026-10-08T13:01:56.266737+00:00,vast.ai,marketplace,RTX 5060 Ti,0.18712962962962965,1,15.93,38.545988845000004,205.98098884499998,62.6,1525.0,"Thailand, TH",0.999055,45887068
2026-10-08T13:01:56.266737+00:00,vast.ai,marketplace,RTX 4000Ada,0.1875925925925926,1,20.0,31.231988845,166.485988845,31.39,306.25,"Romania, RO",0.9936645,54823464
2026-10-08T13:01:56.266737+00:00,vast.ai,marketplace,RTX 4000Ada,0.1877777777777778,1,20.0,31.245988845,166.39698884499998,41.88,534.6666666666666,"Romania, RO",0.9731698,53673198
2026-10-08T13:01:56.266737+00:00,vast.ai,marketplace,RTX 3070,0.18801822222222223,1,8.0,16.714988844999997,88.897988845,15.61,318.0,"Oklahoma, US",0.9681759,52610192
2026-10-08T13:01:56.266737+00:00,vast.ai,marketplace,RTX A5000,0.18805555555555556,1,22.49,33.124988845000004,176.142988845,94.38,627.675,"Australia, AU",0.9748529,11925448
2026-10-08T13:01:56.266737+00:00,vast.ai,marketplace,RTX 3090,0.18805555555555556,1,24.0,44.364988845,235.912988845,31.4,639.5,", CN",0.9981213,44743855
2026-10-08T13:01:56.266737+00:00,vast.ai,marketplace,RTX 3080,0.18811111111111112,1,10.0,26.960988845,143.31998884499998,31.26,765.0,"Argentina, AR",0.997586,29430973
2026-10-08T13:01:56.266737+00:00,vast.ai,marketplace,RTX 5070,0.18851851851851853,1,11.94,50.387988845,267.279988845,23.26,306.5,"France, FR",0.9859393,52810517
2026-10-08T13:01:56.266737+00:00,vast.ai,marketplace,RTX 5060 Ti,0.1889814814814815,1,15.93,38.943988845,206.06998884499998,47.04,1648.35,"Texas, US",0.996821,54228216
2026-10-08T13:01:56.266737+00:00,vast.ai,marketplace,RTX 5060 Ti,0.18938888888888886,1,15.93,38.416988845,202.846988845,31.2,1634.5,"Maryland, US",0.9962947,42458622
2026-10-08T13:01:56.266737+00:00,vast.ai,marketplace,RTX 4060 Ti,0.1899925925925926,1,16.0,22.498988845,118.41998884499999,46.99,751.5,"Japan, JP",0.9969515,50710714
2026-10-08T13:01:56.266737+00:00,vast.ai,marketplace,RTX 3090,0.1947222222222222,1,24.0,44.558988845,228.833988845,31.42,983.3333333333333,"Taiwan, TW",0.9963092,34387018
2026-10-08T13:01:56.266737+00:00,vast.ai,marketplace,RTX 3090,0.2005185185185185,1,24.0,45.175988845,225.294988845,41.92,137.55615807575654,"Czechia, CZ",0.9943476,18990229
2026-10-08T13:01:56.266737+00:00,vast.ai,marketplace,RTX 3090,0.20138888888888887,1,24.0,44.729988845,222.104988845,23.57,141.5,"Chile, CL",0.9754383,54311343
2026-10-08T13:01:56.266737+00:00,vast.ai,marketplace,RTX 3090,0.20138888888888887,1,24.0,44.366988845,220.300988845,31.46,314.625,", CN",0.9977405,45174325
2026-10-08T13:01:56.266737+00:00,vast.ai,marketplace,RTX A5000,0.20138888888888887,1,23.99,34.914988845,173.36798884499999,62.39,196.0,"Quebec, CA",0.8465447,54032121
2026-10-08T13:01:56.266737+00:00,vast.ai,marketplace,RTX 3080,0.20138888888888887,1,10.0,27.111988845,134.624988845,31.32,354.0,"Taiwan, TW",0.9992715,35966568
2026-10-08T13:01:56.266737+00:00,vast.ai,marketplace,RTX 3080,0.20138888888888887,1,10.0,26.546988844999998,131.815988845,15.65,150.45,"Taiwan, TW",0.9990206,40278911
2026-10-08T13:01:56.266737+00:00,vast.ai,marketplace,RTX 3080,0.20138888888888887,1,10.0,27.019988844999997,134.167988845,15.59,387.0,"Taiwan, TW",0.9914461,50519288
2026-10-08T13:01:56.266737+00:00,vast.ai,marketplace,RTX 3080,0.20138888888888887,1,10.0,27.256988845,135.341988845,15.59,338.0,"Taiwan, TW",0.9984616,37206301
2026-10-08T13:01:56.266737+00:00,vast.ai,marketplace,RTX 5060 Ti,0.20138888888888887,1,15.93,38.375988845,190.556988845,15.59,306.5,"South Korea, KR",0.9985289,51204021
2026-10-08T13:01:56.266737+00:00,vast.ai,marketplace,Tesla P100,0.20166666666666666,1,16.0,5.823988845000001,28.874988844999997,251.88,149.2,"United Kingdom, GB",0.996017,35888791
2026-10-08T13:01:56.266737+00:00,vast.ai,marketplace,RTX 3090,0.20185185185185184,1,24.0,44.355988845,219.74298884499999,31.37,605.5,"Utah, US",0.9979696,11087700
2026-10-08T13:01:56.266737+00:00,vast.ai,marketplace,RTX 5070,0.20203703703703701,1,11.94,49.946988845,247.215988845,30.46,1439.0,"Utah, US",0.9874741,54335981
2026-10-08T13:01:56.266737+00:00,vast.ai,marketplace,RTX PRO 4000,0.2023148148148148,1,23.89,65.632988845,324.407988845,62.91,207.75,"Utah, US",0.990851,47510354
2026-10-08T13:01:56.266737+00:00,vast.ai,marketplace,Tesla V100,0.20694444444444443,1,32.0,25.713988845,124.251988845,125.81,761.0,"Bulgaria, BG",0.9815158,21161541
2026-10-08T13:01:56.266737+00:00,vast.ai,marketplace,RTX 5060 Ti,0.20465925925925924,1,15.93,33.033988845,161.409988845,47.09,791.5,"Japan, JP",0.9888921,52971299
2026-10-08T13:01:56.266737+00:00,vast.ai,marketplace,RTX 5060 Ti,0.2057259259259259,1,15.93,32.947988845000005,160.15298884499998,31.36,838.35,"Japan, JP",0.9642147,52992625
2026-10-08T13:01:56.266737+00:00,vast.ai,marketplace,RTX 4000Ada,0.21205555555555555,1,20.0,31.427988844999998,148.203988845,62.88,238.5,"France, FR",0.9745864,54111171
2026-10-08T13:01:56.266737+00:00,vast.ai,marketplace,Tesla V100,0.21205555555555555,1,32.0,25.713988845,121.256988845,94.13,1256.25,"Minnesota, US",0.9971196,50611293
2026-10-08T13:01:56.266737+00:00,vast.ai,marketplace,RTX 3090,0.21425925925925926,1,24.0,44.342988845,206.95698884499998,125.65,2231.0,"Washington, US",0.9671006,54430222
2026-10-08T13:01:56.266737+00:00,vast.ai,marketplace,RTX 3090,0.21425925925925926,1,24.0,44.362988845000004,207.048988845,31.25,643.0,"United Arab Emirates, AE",0.974255,53030590
2026-10-08T13:01:56.266737+00:00,vast.ai,marketplace,RTX 5070,0.21425925925925926,1,11.94,50.015988845,233.43298884499998,62.67,696.0,"Nevada, US",0.9959293,51172652
2026-10-08T13:01:56.266737+00:00,vast.ai,marketplace,RTX 3090,0.21444444444444447,1,24.0,44.608988845,208.017988845,62.57,817.0,"Washington, US",0.994171,51518831
2026-10-08T13:01:56.266737+00:00,vast.ai,marketplace,RTX 3080 Ti,0.21472222222222223,1,12.0,32.329988845,150.566988845,15.66,214.5,"Taiwan, TW",0.99951,49746675
2026-10-08T13:01:56.266737+00:00,vast.ai,marketplace,RTX 3080 Ti,0.21472222222222223,1,12.0,34.517988845000005,160.752988845,15.59,402.0,"Taiwan, TW",0.9987035,37609801
2026-10-08T13:01:56.266737+00:00,vast.ai,marketplace,RTX 3080 Ti,0.21472222222222223,1,12.0,34.523988845000005,160.781988845,15.59,294.0,"Taiwan, TW",0.9982338,42962386
2026-10-08T13:01:56.266737+00:00,vast.ai,marketplace,Tesla V100,0.21472222222222223,1,32.0,25.713988845,119.750988845,39.28,769.375,"Utah, US",0.9827264,54056137
2026-10-08T13:01:56.266737+00:00,vast.ai,marketplace,RTX 5070,0.21472222222222223,1,11.94,49.888988845,232.339988845,23.53,364.25,"Poland, PL",0.9930367,54815419
2026-10-08T13:01:56.266737+00:00,vast.ai,marketplace,RTX 3080 Ti,0.21605555555555556,1,12.0,34.527988845,159.809988845,62.72,663.0,"Switzerland, CH",0.9940402,54827716
2026-10-08T13:01:56.266737+00:00,vast.ai,marketplace,RTX 3080 Ti,0.21605555555555556,1,12.0,34.521988845,159.779988845,30.47,606.0,"Switzerland, CH",0.9590327,54827831
2026-10-08T13:01:56.266737+00:00,vast.ai,marketplace,RTX 4060 Ti,0.21605555555555556,1,16.0,22.960988845,106.269988845,31.11,624.6,"The Netherlands, NL",0.9644183,54828125
2026-10-08T13:01:56.266737+00:00,vast.ai,marketplace,RTX 3090,0.21796296296296297,1,24.0,44.360988845,203.524988845,62.78,1579.0,"Colorado, US",0.9756184,48848844
2026-10-08T13:01:56.266737+00:00,vast.ai,marketplace,Tesla V100,0.2188888888888889,1,32.0,25.713988845,117.470988845,94.27,750.5,"Bulgaria, BG",0.9837429,44696067
2026-10-08T13:01:56.266737+00:00,vast.ai,marketplace,RTX 5080,0.21935185185185185,1,15.92,83.598988845,381.116988845,31.46,338.25,"California, US",0.9642779,54579036
2026-10-08T13:01:56.266737+00:00,vast.ai,marketplace,RTX 4070S,0.21968219392592592,1,11.99,34.726988845,158.074988845,23.56,400.725,"California, US",0.9497453,54153927
2026-10-08T13:01:56.266737+00:00,vast.ai,marketplace,RTX 4070S,0.21990840325925926,1,11.99,34.694988845000005,157.766988845,15.68,384.75,"California, US",0.9900307,51485188
2026-10-08T13:01:56.266737+00:00,vast.ai,marketplace,RTX 4080S,0.22138888888888889,1,31.99,71.912988845,324.825988845,62.96,250.875,"Japan, JP",0.9962317,46468360
2026-10-08T13:01:56.266737+00:00,vast.ai,marketplace,RTX 4060 Ti,0.2253888888888889,1,16.0,22.510988845,99.875988845,62.89,745.125,"Quebec, CA",0.9983381,49645018
2026-10-08T13:01:56.266737+00:00,vast.ai,marketplace,RTX 4060 Ti,0.2253888888888889,1,16.0,22.492988845,99.795988845,62.94,235.875,"Quebec, CA",0.9982937,49744631
2026-10-08T13:01:56.266737+00:00,vast.ai,marketplace,RTX 5060 Ti,0.22805555555555557,1,15.93,38.396988845,168.364988845,62.94,1079.3042916379168,"Texas, US",0.9993733,49766583
2026-10-08T13:01:56.266737+00:00,vast.ai,marketplace,RTX 3090,0.22851851851851854,1,24.0,27.591988845,120.739988845,31.4,744.25,"Norway, NO",0.998377,54821919
2026-10-08T13:01:56.266737+00:00,vast.ai,marketplace,RTX 3090,0.22851851851851854,1,24.0,42.887988845,187.678988845,31.36,336.5,"Norway, NO",0.9993817,54822034
2026-10-08T13:01:56.266737+00:00,vast.ai,marketplace,RTX A5000,0.23170370370370372,1,23.99,34.915988845,150.690988845,100.7,15.200000000000001,"Ireland, IE",0.9986687,9817756
2026-10-08T13:01:56.266737+00:00,vast.ai,marketplace,RTX A5000,0.23205555555555557,1,23.99,35.348988845,152.326988845,100.7,24.391999999999996,"Romania, RO",0.9984124,13273575
2026-10-08T13:01:56.266737+00:00,vast.ai,marketplace,RTX A5000,0.23205555555555557,1,23.99,34.914988845,150.45698884499998,100.71,40.800000000000004,"Romania, RO",0.9952878,13273598
2026-10-08T13:01:56.266737+00:00,vast.ai,marketplace,RTX 3090,0.23361111111111113,1,24.0,44.051988845000004,188.566988845,41.92,231.33333333333331,"France, FR",0.9882569,54359032
2026-10-08T13:01:56.266737+00:00,vast.ai,marketplace,RTX 3090,0.23518518518518516,1,24.0,43.829988845,186.36198884499998,31.24,231.0,"Spain, ES",0.9944727,54122360
2026-10-08T13:01:56.266737+00:00,vast.ai,marketplace,RTX PRO 4000,0.23918518518518517,1,23.89,59.631988845,249.309988845,31.34,1055.0,"Michigan, US",0.9899812,51671368
2026-10-08T13:01:56.266737+00:00,vast.ai,marketplace,RTX 3090,0.24005555555555555,1,24.0,42.345988845,176.399988845,31.44,268.875,"Thailand, TH",0.980783,49290337
2026-10-08T13:01:56.266737+00:00,vast.ai,marketplace,RTX 4070S Ti,0.2403703703703704,1,15.99,51.015988845,212.237988845,62.94,275.4288309097642,"Arizona, US",0.9919302,54598984
2026-10-08T13:01:56.266737+00:00,vast.ai,marketplace,RTX 3080 Ti,0.24052592592592592,1,12.0,33.968988845000005,141.226988845,31.34,290.8,"Spain, ES",0.9949776,54292670
2026-10-08T13:01:56.266737+00:00,vast.ai,marketplace,RTX 4070S,0.24131263925925922,1,11.99,34.736988845,143.948988845,15.7,179.375,"California, US",0.9844302,52442791
2026-10-08T13:01:56.266737+00:00,vast.ai,marketplace,RTX 3090,0.2413888888888889,1,24.0,44.363988845,183.78398884499998,31.4,738.25,"Nevada, US",0.9901864,53433771
2026-10-08T13:01:56.266737+00:00,vast.ai,marketplace,RTX 3090,0.2413888888888889,1,24.0,44.363988845,183.78398884499998,31.41,109.50000000000016,"Nevada, US",0.9789112,53472557
2026-10-08T13:01:56.266737+00:00,vast.ai,marketplace,RTX 3090,0.2413888888888889,1,24.0,44.606988845000004,184.792988845,27.38,311.0,"Taiwan, TW",0.9989661,47957856
2026-10-08T13:01:56.266737+00:00,vast.ai,marketplace,Titan RTX,0.2413888888888889,1,24.0,12.057988845,49.949988845,15.59,352.5,"South Korea, KR",0.9976272,50869879
2026-10-08T13:01:56.266737+00:00,vast.ai,marketplace,Titan RTX,0.2413888888888889,1,24.0,12.057988845,49.949988845,31.32,356.5,"South Korea, KR",0.9986563,50736360
2026-10-08T13:01:56.266737+00:00,vast.ai,marketplace,RTX 3090 Ti,0.2413888888888889,1,23.99,46.194988845000005,191.368988845,62.82,666.0,"Vietnam, VN",0.9965522,35612014
2026-10-08T13:01:56.266737+00:00,vast.ai,marketplace,RTX 5070 Ti,0.2413888888888889,1,15.92,75.926988845,314.541988845,31.19,542.0,"Poland, PL",0.9833754,54800964
2026-10-08T13:01:56.266737+00:00,vast.ai,marketplace,RTX 5060 Ti,0.2413888888888889,1,15.93,38.873988845,161.041988845,46.71,3336.5,"Ohio, US",0.9984235,53119896
2026-10-08T13:01:56.266737+00:00,vast.ai,marketplace,RTX PRO 4000,0.2413888888888889,1,23.89,65.71698884499999,272.242988845,29.97,205.5,"Slovakia, SK",0.9984084,45680120
2026-10-08T13:01:56.266737+00:00,vast.ai,marketplace,RTX 3080,0.24185185185185187,1,10.0,27.110988844999998,112.096988845,15.59,366.5,"Florida, US",0.9962283,54409807
2026-10-08T13:01:56.266737+00:00,vast.ai,marketplace,RTX 5070 Ti,0.24462962962962964,1,15.92,75.933988845,310.402988845,15.23,295.0,"Minnesota, US",0.978185,49856880
2026-10-08T13:01:56.266737+00:00,vast.ai,marketplace,RTX 3090,0.24805555555555553,1,24.0,44.606988845000004,179.826988845,23.28,278.0,"Kosovo, XK",0.988672,48851105
2026-10-08T13:01:56.266737+00:00,vast.ai,marketplace,RTX 3090,0.25425925925925924,1,24.0,44.339988845,174.387988845,31.24,562.0,"United Arab Emirates, AE",0.9925975,48405153
2026-10-08T13:01:56.266737+00:00,vast.ai,marketplace,RTX PRO 4000,0.25425925925925924,1,23.89,65.668988845,258.273988845,30.28,554.0,"Norway, NO",0.9782179,53689673
2026-10-08T13:01:56.266737+00:00,vast.ai,marketplace,RTX PRO 4000,0.2547222222222222,1,23.89,65.71698884499999,257.992988845,62.88,35.5,"South Korea, KR",0.9974731,53534353
2026-10-08T13:01:56.266737+00:00,vast.ai,marketplace,RTX 3090,0.25914546807407407,1,24.0,44.355988845,171.160988845,31.41,346.725,"California, US",0.9363361,52591893
2026-10-08T13:01:56.266737+00:00,vast.ai,marketplace,RTX PRO 4000,0.2675925925925926,1,23.89,65.80098884499999,245.897988845,32.72,1920.9504979035114,"Australia, AU",0.9977174,49601340
2026-10-08T13:01:56.266737+00:00,vast.ai,marketplace,RTX 5060 Ti,0.2677777777777778,1,15.93,38.852988845,145.09398884499998,503.88,599.3954869917063,"Texas, US",0.9937386,53710921
2026-10-08T13:01:56.266737+00:00,vast.ai,marketplace,RTX 3090,0.26805555555555555,1,24.0,31.932988844999997,119.126988845,31.36,34.0,"Quebec, CA",0.9951517,53187189
2026-10-08T13:01:56.266737+00:00,vast.ai,marketplace,RTX 2060S,0.26805555555555555,1,8.0,3.876988845,14.460988845000001,23.4,2396.0,"California, US",0.9697207,50950849
2026-10-08T13:01:56.266737+00:00,vast.ai,marketplace,RTX 4070S Ti,0.26805555555555555,1,15.99,51.004988845,190.276988845,62.82,1558.75,"Minnesota, US",0.9997483,53490815
2026-10-08T13:01:56.266737+00:00,vast.ai,marketplace,RTX 4080,0.26805555555555555,1,15.99,52.999988845000004,197.71898884499998,31.25,1352.0,"Norway, NO",0.9920636,51095354
2026-10-08T13:01:56.266737+00:00,vast.ai,marketplace,RTX 3080 Ti,0.26805555555555555,1,12.0,33.970988845,126.729988845,31.19,713.0,"Florida, US",0.9964463,54705057
2026-10-08T13:01:56.266737+00:00,vast.ai,marketplace,L4,0.26805555555555555,1,22.49,25.306988845,94.409988845,23.52,290.5,"Brazil, BR",0.988715,54340371
2026-10-08T13:01:56.266737+00:00,vast.ai,marketplace,L4,0.26805555555555555,1,22.49,25.329988845,94.492988845,47.14,222.0,"Czechia, CZ",0.9978173,49498406
2026-10-08T13:01:56.266737+00:00,vast.ai,marketplace,RTX 5080,0.26805555555555555,1,15.92,58.890988845,219.69498884499998,62.71,735.0,"Norway, NO",0.9320958,54836410
2026-10-08T13:01:56.266737+00:00,vast.ai,marketplace,RTX 4060 Ti,0.2685185185185185,1,16.0,22.504988845,83.811988845,124.44,531.0508865328034,"Texas, US",0.9983161,37119319
2026-10-08T13:01:56.266737+00:00,vast.ai,marketplace,RTX PRO 4000,0.2689814814814815,1,23.89,65.75298884499999,244.449988845,41.92,392.16666666666663,"Ontario, CA",0.9960222,44205407
2026-10-08T13:01:56.266737+00:00,vast.ai,marketplace,RTX 3090,0.26944444444444443,1,24.0,44.367988845,164.662988845,62.62,1436.3,"Texas, US",0.9693848,54228079
2026-10-08T13:01:56.266737+00:00,vast.ai,marketplace,RTX 3060,0.2712555555555555,1,12.0,12.271988845000001,45.239988845,15.73,154.7016245994193,"Czechia, CZ",0.9989173,46528530
2026-10-08T13:01:56.266737+00:00,vast.ai,marketplace,RTX 3090,0.2712962962962963,1,24.0,44.605988845,164.416988845,30.41,487.0,"Texas, US",0.9980265,54716621
2026-10-08T13:01:56.266737+00:00,vast.ai,marketplace,RTX 5080,0.2813888888888889,1,15.92,8.661988845,30.782988845,31.25,685.0,"Argentina, AR",0.9115832,33413202
2026-10-08T13:01:56.266737+00:00,vast.ai,marketplace,RTX PRO 4000,0.2827777777777778,1,23.89,65.77698884499999,232.607988845,62.88,530.75,"Slovakia, SK",0.9976319,45623849
2026-10-08T13:01:56.266737+00:00,vast.ai,marketplace,RTX 5070,0.2827777777777778,1,11.94,50.185988845000004,177.472988845,15.26,1399.9570629731202,"Ukraine, UA",0.9804712,54615573
2026-10-08T13:01:56.266737+00:00,vast.ai,marketplace,RTX 4080S,0.2902813419259259,1,15.99,55.647988845,191.70098884499998,23.57,321.49015394033773,"California, US",0.9924357,47959570
2026-10-08T13:01:56.266737+00:00,vast.ai,marketplace,RTX 4080,0.29096666666666665,1,15.99,53.185988845000004,182.787988845,62.88,102.5,"Ontario, CA",0.998311,49852986
2026-10-08T13:01:56.266737+00:00,vast.ai,marketplace,RTX 3090,0.2942592592592593,1,24.0,44.367988845,150.776988845,50.3,62.2,"Czechia, CZ",0.9757724,33877195
2026-10-08T13:01:56.266737+00:00,vast.ai,marketplace,RTX 3090,0.2942592592592593,1,24.0,42.233988845,143.525988845,20.94,115.66666666666666,"Czechia, CZ",0.9629286,31013675
2026-10-08T13:01:56.266737+00:00,vast.ai,marketplace,RTX 5070 Ti,0.2942592592592593,1,15.92,77.917988845,264.793988845,29.08,294.0,"Latvia, LV",0.9882498,53471395
2026-10-08T13:01:56.266737+00:00,vast.ai,marketplace,RTX 5080,0.2947222222222222,1,15.92,83.694988845,283.978988845,62.8,337.5,"Australia, AU",0.9831382,54804331
2026-10-08T13:01:56.266737+00:00,vast.ai,marketplace,RTX 5080,0.29518518518518516,1,15.92,83.396988845,282.524988845,31.46,205.41916208083987,"California, US",0.7758262,54779874
2026-10-08T13:01:56.266737+00:00,vast.ai,marketplace,RTX 5070 Ti,0.2961111111111111,1,15.92,76.019988845,256.724988845,31.28,352.0,"Arizona, US",0.9914377,51987082
2026-10-08T13:01:56.266737+00:00,vast.ai,marketplace,RTX 5080,0.3008407407407408,1,15.92,83.980988845,279.152988845,41.92,644.0,"North Carolina, US",0.9891208,54760282
2026-10-08T13:01:56.266737+00:00,vast.ai,marketplace,RTX 3060,0.30060185185185184,1,12.0,12.265988845,40.802988845,743.44,2429.5,"Quebec, CA",0.9556168,54823949
2026-10-08T13:01:56.266737+00:00,vast.ai,marketplace,RTX 5070 Ti,0.3080555555555556,1,15.92,75.893988845,246.36198884499998,125.64,214.0,"Latvia, LV",0.9932997,53471422
2026-10-08T13:01:56.266737+00:00,vast.ai,marketplace,RTX 5070 Ti,0.31477777777777777,1,15.92,75.81298884499999,240.84398884499998,251.55,5148.9,"Italy, IT",0.9941018,53578607
2026-10-08T13:01:56.266737+00:00,vast.ai,marketplace,RTX PRO 4500,0.32092592592592595,1,31.86,96.316988845,300.119988845,93.36,70.0,"France, FR",0.9948042,53895006
2026-10-08T13:01:56.266737+00:00,vast.ai,marketplace,RTX 5080,0.32185185185185183,1,15.92,83.805988845,260.384988845,62.65,656.0,"Ontario, CA",0.9928465,51232338
2026-10-08T13:01:56.266737+00:00,vast.ai,marketplace,RTX 4080,0.3227777777777778,1,15.99,53.167988845,164.719988845,31.32,363.0,"Arizona, US",0.9899897,54551253
2026-10-08T13:01:56.266737+00:00,vast.ai,marketplace,L4,0.3237037037037037,1,22.49,25.306988845,78.179988845,25.12,48.265677090546575,"Utah, US",0.9967615,35999128
2026-10-08T13:01:56.266737+00:00,vast.ai,marketplace,RTX PRO 4000,0.3299074074074074,1,23.89,66.801988845,202.48698884499998,31.44,482.564824043682,"North Carolina, US",0.987836,53419835
2026-10-08T13:01:56.266737+00:00,vast.ai,marketplace,RTX 4090,0.3329814814814815,1,23.99,50.618988845000004,152.014988845,50.37,196.3,"Vietnam, VN",0.9851455,53657603
2026-10-08T13:01:56.266737+00:00,vast.ai,marketplace,RTX 5080,0.3340740740740741,1,15.92,41.626988845,124.601988845,30.2,3238.0,"Minnesota, US",0.9975459,50441923
2026-10-08T13:01:56.266737+00:00,vast.ai,marketplace,L4,0.33425925925925926,1,22.49,25.306988845,75.71098884499999,62.75,301.3233850466847,"Czechia, CZ",0.9891917,36578873
2026-10-08T13:01:56.266737+00:00,vast.ai,marketplace,RTX 3090 Ti,0.3347222222222222,1,23.99,36.832988845,110.040988845,31.3,30.0,"Spain, ES",0.9865196,54781987
2026-10-08T13:01:56.266737+00:00,vast.ai,marketplace,RTX 5080,0.3347222222222222,1,15.92,83.801988845,250.36198884499998,62.45,793.946654433652,"Ontario, CA",0.9957171,45426375
2026-10-08T13:01:56.266737+00:00,vast.ai,marketplace,RTX 5080,0.3347222222222222,1,15.92,83.763988845,250.249988845,31.28,696.0,"Taiwan, TW",0.997944,43993925
2026-10-08T13:01:56.266737+00:00,vast.ai,marketplace,RTX PRO 4500,0.3347222222222222,1,31.86,96.540988845,288.420988845,30.96,106.0,"India, IN",0.963977,54233822
2026-10-08T13:01:56.266737+00:00,vast.ai,marketplace,RTX 5070,0.3347222222222222,1,11.94,50.373988845,150.491988845,31.36,249.0,"Texas, US",0.9901797,49008837
2026-10-08T13:01:56.266737+00:00,vast.ai,marketplace,RTX 5060,0.3347222222222222,1,7.96,28.232988844999998,84.345988845,125.68,3351.6,"Minnesota, US",0.9961022,54568461
2026-10-08T13:01:56.266737+00:00,vast.ai,marketplace,RTX 3090,0.33518518518518514,1,24.0,44.368988845000004,132.370988845,62.71,607.0,"Malaysia, MY",0.9961193,45104403
2026-10-08T13:01:56.266737+00:00,vast.ai,marketplace,RTX 5080,0.33518518518518514,1,15.92,83.867988845,250.211988845,31.08,719.0,"Ontario, CA",0.9948353,51233990
2026-10-08T13:01:56.266737+00:00,vast.ai,marketplace,RTX 5070 Ti,0.33518518518518514,1,15.92,78.71698884499999,234.844988845,15.23,550.0,"Brazil, BR",0.9956812,51786197
2026-10-08T13:01:56.266737+00:00,vast.ai,marketplace,RTX PRO 4000,0.33564814814814814,1,23.89,65.608988845,195.46898884499998,125.96,206.5,"United Kingdom, GB",0.9868727,51601840
2026-10-08T13:01:56.266737+00:00,vast.ai,marketplace,RTX PRO 4000,0.33564814814814814,1,23.89,65.72898884499999,195.82598884499998,62.88,703.25,"Norway, NO",0.9967636,50472000
2026-10-08T13:01:56.266737+00:00,vast.ai,marketplace,RTX PRO 4000,0.33564814814814814,1,23.89,65.76498884499999,195.93298884499998,251.76,1354.5,"Norway, NO",0.996114,50372392
2026-10-08T13:01:56.266737+00:00,vast.ai,marketplace,RTX 3090,0.3365740740740741,1,24.0,36.730988845,109.129988845,31.33,714.5,"Thailand, TH",0.9954798,51927638
2026-10-08T13:01:56.266737+00:00,vast.ai,marketplace,RTX PRO 4500,0.3475925925925926,1,31.86,96.56798884499999,277.817988845,62.22,258.9500000000001,"South Carolina, US",0.9940206,33666511
2026-10-08T13:01:56.266737+00:00,vast.ai,marketplace,RTX 5080,0.34805555555555556,1,15.92,83.924988845,241.124988845,62.83,380.5,"Latvia, LV",0.9626844,53683117
2026-10-08T13:01:56.266737+00:00,vast.ai,marketplace,RTX 5070 Ti,0.34805555555555556,1,15.92,76.278988845,219.154988845,31.35,561.0,"Japan, JP",0.9918886,50289923
2026-10-08T13:01:56.266737+00:00,vast.ai,marketplace,RTX 4070S Ti,0.34985185185185186,1,15.99,51.305988845,146.649988845,125.0,1303.0,"The Netherlands, NL",0.98879,54846717
2026-10-08T13:01:56.266737+00:00,vast.ai,marketplace,RTX 3090,0.34990740740740744,1,24.0,44.318988845,126.65798884499999,41.97,125.0,"Spain, ES",0.9970185,37930668
2026-10-08T13:01:56.266737+00:00,vast.ai,marketplace,RTX 3090,0.34990740740740744,1,24.0,44.348988845,126.744988845,62.96,243.75,"Spain, ES",0.9990985,43543248
2026-10-08T13:01:56.266737+00:00,vast.ai,marketplace,RTX 4090,0.3526851851851852,1,23.99,98.229988845,278.519988845,31.46,156.75,"United States, US",0.9986312,41130302
2026-10-08T13:01:56.266737+00:00,vast.ai,marketplace,RTX 3090,0.3600555555555556,1,24.0,44.604988845,123.881988845,94.13,1518.0,"Quebec, CA",0.9990842,54403763
2026-10-08T13:01:56.266737+00:00,vast.ai,marketplace,RTX 4500Ada,0.36129629629629634,1,23.99,40.572988845000005,112.29798884499999,23.38,111.0,"France, FR",0.9923304,54621790
2026-10-08T13:01:56.266737+00:00,vast.ai,marketplace,RTX 4090,0.3613888888888889,1,23.99,88.420988845,244.667988845,47.06,659.8500000000001,"Australia, AU",0.857189,54808976
2026-10-08T13:01:56.266737+00:00,vast.ai,marketplace,RTX PRO 4000,0.36185185185185187,1,23.89,65.69298884499999,181.544988845,62.88,1669.5,"Indiana, US",0.9948696,53804948
2026-10-08T13:01:56.266737+00:00,vast.ai,marketplace,RTX 3090,0.36971851851851845,1,24.0,44.848988845,121.304988845,31.13,1371.5,"The Netherlands, NL",0.9975427,50356204
2026-10-08T13:01:56.266737+00:00,vast.ai,marketplace,CMP 170HX,0.3742592592592593,1,64.0,84.415988845,225.552988845,62.78,332.0,"Kenya, KE",0.9654467,54543951
2026-10-08T13:01:56.266737+00:00,vast.ai,marketplace,RTX 5080,0.37785185185185177,1,15.92,41.527988845,109.905988845,30.21,703.5,"Spain, ES",0.9872883,52934369
2026-10-08T13:01:56.266737+00:00,vast.ai,marketplace,RTX 4090,0.38027777777777777,1,23.99,97.177988845,255.543988845,62.89,295.75,"Japan, JP",0.9845161,46415628
2026-10-08T13:01:56.266737+00:00,vast.ai,marketplace,RTX 4070,0.3807653245925926,1,11.99,33.661988845,88.405988845,19.62,400.725,"California, US",0.947278,54166251
2026-10-08T13:01:56.266737+00:00,vast.ai,marketplace,RTX 4090,0.38805555555555554,1,23.99,92.069988845,237.257988845,62.63,542.0,"Michigan, US",0.9989224,53044621
2026-10-08T13:01:56.266737+00:00,vast.ai,marketplace,RTX 4090,0.38805555555555554,1,23.99,96.62198884499999,248.988988845,125.48,569.0,"India, IN",0.866025,46026411
2026-10-08T13:01:56.266737+00:00,vast.ai,marketplace,RTX 4090,0.39064814814814813,1,23.99,49.018988845,125.479988845,62.88,617.0,"The Netherlands, NL",0.9807627,48593987
2026-10-08T13:01:56.266737+00:00,vast.ai,marketplace,RTX 4090,0.3912962962962963,1,23.99,49.912988845,127.557988845,62.89,731.5,"Michigan, US",0.9957051,34176463
2026-10-08T13:01:56.266737+00:00,vast.ai,marketplace,RTX 4090,0.40005555555555555,1,23.99,87.79498884499999,219.454988845,94.28,1704.8,"Thailand, TH",0.9964928,53361889
2026-10-08T13:01:56.266737+00:00,vast.ai,marketplace,CMP 170HX,0.4009259259259259,1,64.0,91.098988845,227.220988845,62.88,570.0,"Latvia, LV",0.9766428,54263837
2026-10-08T13:01:56.266737+00:00,vast.ai,marketplace,RTX 4090,0.401037037037037,1,23.99,90.574988845,225.84998884499998,31.26,1536.0,"South Korea, KR",0.9990017,17253925
2026-10-08T13:01:56.266737+00:00,vast.ai,marketplace,RTX A6000,0.40138888888888885,1,47.99,38.645988845000005,96.278988845,62.97,190.88323519561953,"Kansas, US",0.993672,21004752
2026-10-08T13:01:56.266737+00:00,vast.ai,marketplace,RTX 4500Ada,0.40138888888888885,1,23.99,40.587988845000005,101.11898884499999,62.47,1481.3,"Japan, JP",0.8941285,54819148
2026-10-08T13:01:56.266737+00:00,vast.ai,marketplace,RTX 4090,0.40138888888888885,1,23.99,34.272988845,85.384988845,30.22,727.0,"Japan, JP",0.9937969,48857504
2026-10-08T13:01:56.266737+00:00,vast.ai,marketplace,RTX 4090,0.40138888888888885,1,23.99,92.120988845,229.50498884499999,30.97,681.9000000000001,"Türkiye, TR",0.9981939,25277878
2026-10-08T13:01:56.266737+00:00,vast.ai,marketplace,RTX 4090,0.40138888888888885,1,23.99,91.750988845,228.582988845,31.37,320.5,"Türkiye, TR",0.9905332,25753560
2026-10-08T13:01:56.266737+00:00,vast.ai,marketplace,RTX 4090,0.40138888888888885,1,23.99,97.554988845,243.041988845,188.42,1468.0,"Saskatchewan, CA",0.9601578,52360671
2026-10-08T13:01:56.266737+00:00,vast.ai,marketplace,CMP 170HX,0.40138888888888885,1,64.0,82.36298884499999,205.19498884499998,62.69,354.2,"Portugal, PT",0.9781862,54562763
2026-10-08T13:01:56.266737+00:00,vast.ai,marketplace,CMP 170HX,0.40138888888888885,1,64.0,83.378988845,207.723988845,31.37,1173.0,"South Korea, KR",0.986055,54782889
2026-10-08T13:01:56.266737+00:00,vast.ai,marketplace,RTX 5060 Ti,0.40138888888888885,1,15.93,37.056988845,92.32198884499999,31.37,1173.0,"South Korea, KR",0.986055,54782891
2026-10-08T13:01:56.266737+00:00,vast.ai,marketplace,RTX A6000,0.4018518518518518,1,47.99,54.479988845,135.570988845,62.88,700.425,"India, IN",0.9785701,54339157
2026-10-08T13:01:56.266737+00:00,vast.ai,marketplace,RTX A6000,0.4023148148148148,1,47.99,54.334988845000005,135.055988845,47.23,88.5,"Romania, RO",0.9916083,51222097
2026-10-08T13:01:56.266737+00:00,vast.ai,marketplace,RTX A6000,0.4023148148148148,1,47.99,54.462988845000005,135.37398884499999,47.2,100.375,"Romania, RO",0.9916718,51222177
2026-10-08T13:01:56.266737+00:00,vast.ai,marketplace,RTX A6000,0.4023148148148148,1,47.99,54.469988845,135.391988845,53.97,313.7335691132052,"Romania, RO",0.9726475,52702108
2026-10-08T13:01:56.266737+00:00,vast.ai,marketplace,RTX A6000,0.4023148148148148,1,47.99,54.441988845000004,135.320988845,47.19,363.5,"Romania, RO",0.9940437,51092045
2026-10-08T13:01:56.266737+00:00,vast.ai,marketplace,RTX A6000,0.40277777777777773,1,47.99,52.133988845000005,129.435988845,46.89,498.5,"Delaware, US",0.998908,45242190
2026-10-08T13:01:56.266737+00:00,vast.ai,marketplace,RTX A6000,0.40277777777777773,1,44.99,51.238988845,127.212988845,47.12,514.5,"Delaware, US",0.9985773,45242142
2026-10-08T13:01:56.266737+00:00,vast.ai,marketplace,RTX 4090,0.40277777777777773,1,23.99,98.554988845,244.687988845,100.75,670.6,"Texas, US",0.9984758,35283305
2026-10-08T13:01:56.266737+00:00,vast.ai,marketplace,RTX 4090,0.4031481481481481,1,23.99,97.233988845,241.185988845,39.26,765.25,"Estonia, EE",0.9955058,34926588
2026-10-08T13:01:56.266737+00:00,vast.ai,marketplace,RTX 4090,0.4046296296296296,1,23.99,51.348988845,126.903988845,47.13,712.75,"Japan, JP",0.9847143,36332791
2026-10-08T13:01:56.266737+00:00,vast.ai,marketplace,RTX 4090,0.41456481481481483,1,47.99,65.581988845,158.192988845,94.46,622.3250000000002,"Japan, JP",0.9961903,45473524
2026-10-08T13:01:56.266737+00:00,vast.ai,marketplace,RTX 5000Ada,0.4147222222222222,1,31.99,64.31798884499999,155.085988845,62.89,182.14617193781118,"Florida, US",0.9854528,53457490
2026-10-08T13:01:56.266737+00:00,vast.ai,marketplace,RTX 4090,0.4147222222222222,1,23.99,50.126988845,120.86898884499999,62.96,603.0,"Oregon, US",0.9894333,53963447
2026-10-08T13:01:56.266737+00:00,vast.ai,marketplace,RTX 4090,0.4147222222222222,1,23.99,51.877988845000004,125.090988845,62.96,613.125,"Hong Kong, HK",0.9989204,39184681
2026-10-08T13:01:56.266737+00:00,vast.ai,marketplace,RTX 4090,0.4147222222222222,1,23.99,98.381988845,237.223988845,31.32,749.0,"South Korea, KR",0.9978331,45660816
2026-10-08T13:01:56.266737+00:00,vast.ai,marketplace,RTX 4090,0.41551891933976537,1,23.99,97.04798884499999,233.558988845,35.94,771.3029354037917,"Sweden, SE",0.9873966,43266019
2026-10-08T13:01:56.266737+00:00,vast.ai,marketplace,RTX 5070 Ti,0.41685555555555553,1,15.92,40.326988845,96.74098884499999,31.0,735.0,"Spain, ES",0.9956287,51724767
2026-10-08T13:01:56.266737+00:00,vast.ai,marketplace,RTX 4090,0.4223148148148148,1,23.99,97.033988845,229.766988845,23.48,709.5,"Denmark, DK",0.9939435,54682342
2026-10-08T13:01:56.266737+00:00,vast.ai,marketplace,RTX 5000Ada,0.42740740740740746,1,31.99,64.233988845,150.286988845,62.85,1585.8,"Minnesota, US",0.989938,51357844
2026-10-08T13:01:56.266737+00:00,vast.ai,marketplace,RTX 4090,0.4280555555555556,1,23.99,97.18798884499999,227.044988845,71.93,394.57142857142856,"Italy, IT",0.9973666,52477220
2026-10-08T13:01:56.266737+00:00,vast.ai,marketplace,RTX 5090,0.42944444444444446,1,31.84,199.495988845,464.544988845,61.53,584.0,"Alaska, US",0.9868016,49068433
2026-10-08T13:01:56.266737+00:00,vast.ai,marketplace,RTX 4090,0.4303703703703704,1,23.99,97.075988845,225.56398884499998,108.06,847.0,"California, US",0.991937,51500721
2026-10-08T13:01:56.266737+00:00,vast.ai,marketplace,RTX 4090,0.4303703703703704,1,23.99,97.054988845,225.514988845,108.06,861.0,"California, US",0.9919541,54540792
2026-10-08T13:01:56.266737+00:00,vast.ai,marketplace,RTX 4090,0.44092592592592594,1,23.99,65.962988845,149.600988845,62.48,1218.0,"Spain, ES",0.9988091,46730050
2026-10-08T13:01:56.266737+00:00,vast.ai,marketplace,RTX 3090,0.4412037037037037,1,24.0,44.852988845,101.659988845,62.83,669.0,"Sweden, SE",0.9933991,53242275
2026-10-08T13:01:56.266737+00:00,vast.ai,marketplace,CMP 170HX,0.44185185185185183,1,64.0,73.52098884499999,166.39098884499998,143.95,374.5153323622001,"Hungary, HU",0.9908703,52388439
2026-10-08T13:01:56.266737+00:00,vast.ai,marketplace,RTX A6000,0.44277777777777777,1,47.99,54.455988845,122.986988845,94.28,510.0,"Arizona, US",0.993952,53643248
2026-10-08T13:01:56.266737+00:00,vast.ai,marketplace,RTX 4090,0.4542592592592593,1,23.99,96.789988845,213.070988845,125.96,1278.1024263283157,"Pennsylvania, US",0.9978844,54202334
2026-10-08T13:01:56.266737+00:00,vast.ai,marketplace,RTX 4090,0.45462962962962966,1,23.99,96.299988845,211.81998884499998,30.92,1675.8,"United Kingdom, GB",0.9938143,49418051
2026-10-08T13:01:56.266737+00:00,vast.ai,marketplace,RTX 4090,0.45472222222222225,1,23.99,97.00598884499999,213.330988845,83.97,76.91666666666666,"Texas, US",0.9943004,44533582
2026-10-08T13:01:56.266737+00:00,vast.ai,marketplace,RTX 4090,0.45472222222222225,1,23.99,97.00598884499999,213.330988845,41.89,461.4333333333333,"Thailand, TH",0.9700699,54636816
2026-10-08T13:01:56.266737+00:00,vast.ai,marketplace,RTX 3090,0.4551851851851852,1,24.0,44.602988845,97.988988845,62.83,1281.0,"Florida, US",0.9966013,54711847
2026-10-08T13:01:56.266737+00:00,vast.ai,marketplace,RTX 4090,0.4554166666666667,1,23.99,85.414988845,187.552988845,31.35,116.5,"Montana, US",0.9989461,45982651
2026-10-08T13:01:56.266737+00:00,vast.ai,marketplace,RTX 3090,0.45611111111111113,1,24.0,44.364988845,97.26798884499999,62.9,711.75,"Quebec, CA",0.9918643,54694761
2026-10-08T13:01:56.266737+00:00,vast.ai,marketplace,RTX 5080,0.46777777777777774,1,15.92,83.70498884499999,178.940988845,62.35,3318.3,"Washington, US",0.9788039,53656665
2026-10-08T13:01:56.266737+00:00,vast.ai,marketplace,RTX 4090,0.46851851851851845,1,23.99,97.135988845,207.32598884499998,62.57,470.0,"Bulgaria, BG",0.9884202,50090146
2026-10-08T13:01:56.266737+00:00,vast.ai,marketplace,RTX 4090,0.46898148148148144,1,23.99,96.98498884499999,206.799988845,75.54,564.4747163684877,"Norway, NO",0.9973829,53588562
2026-10-08T13:01:56.266737+00:00,vast.ai,marketplace,RTX 5090,0.46898148148148144,1,31.84,199.185988845,424.719988845,30.47,171.0,"South Korea, KR",0.9981487,50135004
2026-10-08T13:01:56.266737+00:00,vast.ai,marketplace,RTX 5090,0.4703703703703703,1,31.84,194.517988845,413.540988845,71.95,293.9571428571428,"United States, US",0.9943324,52324006
2026-10-08T13:01:56.266737+00:00,vast.ai,marketplace,RTX 5090,0.47268518518518515,1,31.84,198.947988845,420.888988845,62.88,727.25,"California, US",0.9817384,52224285
2026-10-08T13:01:56.266737+00:00,vast.ai,marketplace,RTX 4090,0.4813888888888889,1,23.99,97.48498884499999,202.506988845,31.32,2429.0,"Taiwan, TW",0.9993077,53492597
2026-10-08T13:01:56.266737+00:00,vast.ai,marketplace,RTX 4090,0.4813888888888889,1,23.99,48.375988845,100.491988845,62.89,766.186617734608,"Pennsylvania, US",0.9960711,47795183
2026-10-08T13:01:56.266737+00:00,vast.ai,marketplace,RTX 4090,0.4845185185185185,1,23.99,4.569988845,9.431988845,35.93,381.2857142857143,"Norway, NO",0.9954101,54822017
2026-10-08T13:01:56.266737+00:00,vast.ai,marketplace,RTX 4090,0.4845185185185185,1,23.99,73.403988845,151.497988845,31.4,303.30000000000007,"Norway, NO",0.995965,54821940
2026-10-08T13:01:56.266737+00:00,vast.ai,marketplace,RTX 4090,0.4845185185185185,1,23.99,73.361988845,151.411988845,31.32,805.5,"Norway, NO",0.9977517,54821900
2026-10-08T13:01:56.266737+00:00,vast.ai,marketplace,RTX 4090,0.4845185185185185,1,23.99,73.831988845,152.381988845,35.93,211.0,"Norway, NO",0.9934514,54822095
2026-10-08T13:01:56.266737+00:00,vast.ai,marketplace,RTX 4090,0.4845185185185185,1,23.99,73.86598884499999,152.451988845,35.93,214.28571428571428,"Norway, NO",0.9973748,54822158
2026-10-08T13:01:56.266737+00:00,vast.ai,marketplace,RTX 4090,0.486925925925926,1,23.99,95.825988845,196.796988845,31.34,131.0,"Taiwan, TW",0.9977046,53334700
2026-10-08T13:01:56.266737+00:00,vast.ai,marketplace,RTX 4090,0.497037037037037,1,23.99,49.622988845,99.837988845,47.21,176.125,"Beijing, CN",0.9940935,51996806
2026-10-08T13:01:56.266737+00:00,vast.ai,marketplace,RTX 5090,0.4993518518518518,1,31.84,83.784988845,167.786988845,31.46,96.0,"United States, US",0.9966491,46753295
2026-10-08T13:01:56.266737+00:00,vast.ai,marketplace,RTX 4090,0.5075925925925925,1,23.99,97.16398884499999,191.42098884499998,31.14,507.5,"Massachusetts, US",0.9962649,47334600
2026-10-08T13:01:56.266737+00:00,vast.ai,marketplace,RTX 4090,0.5075925925925925,1,23.99,96.866988845,190.834988845,93.41,651.0,"Nevada, US",0.9971415,52088382
2026-10-08T13:01:56.266737+00:00,vast.ai,marketplace,RTX 4090,0.5080555555555555,1,23.99,95.051988845,187.088988845,62.63,792.2,"Nevada, US",0.9978717,53903679
2026-10-08T13:01:56.266737+00:00,vast.ai,marketplace,RTX 4090,0.5080555555555555,1,23.99,97.19898884499999,191.314988845,31.16,3189.9,"Nevada, US",0.9967386,54075859
2026-10-08T13:01:56.266737+00:00,vast.ai,marketplace,RTX 5090,0.5085185185185185,1,31.84,199.317988845,391.957988845,94.14,731.0,"Alberta, CA",0.9865727,53731324
2026-10-08T13:01:56.266737+00:00,vast.ai,marketplace,RTX 3090,0.5161111111111111,1,24.0,44.600988845,86.41698884499999,83.87,140.0,"Quebec, CA",0.9983689,51143666
2026-10-08T13:01:56.266737+00:00,vast.ai,marketplace,RTX 5090,0.5218518518518519,1,31.84,165.657988845,317.440988845,30.96,164.5,"Indiana, US",0.9898634,54747091
2026-10-08T13:01:56.266737+00:00,vast.ai,marketplace,RTX 4090,0.534074074074074,1,23.99,97.019988845,181.659988845,30.49,896.0,"France, FR",0.991846,37248633
2026-10-08T13:01:56.266737+00:00,vast.ai,marketplace,RTX 4090,0.5343703703703704,1,23.99,97.04798884499999,181.61198884499998,100.71,93.60000000000001,"Ireland, IE",0.9989998,8936319
2026-10-08T13:01:56.266737+00:00,vast.ai,marketplace,RTX 4090,0.5347222222222222,1,23.99,98.340988845,183.909988845,55.97,646.2222222222222,"Bulgaria, BG",0.9798849,26537137
2026-10-08T13:01:56.266737+00:00,vast.ai,marketplace,RTX 4090,0.5347222222222222,1,23.99,97.390988845,182.133988845,62.67,486.0,"British Columbia, CA",0.9955944,46680253
2026-10-08T13:01:56.266737+00:00,vast.ai,marketplace,RTX 4090,0.5347222222222222,1,23.99,92.506988845,172.99898884499999,61.31,567.0,"Qatar, QA",0.9967157,54315063
2026-10-08T13:01:56.266737+00:00,vast.ai,marketplace,RTX 5090,0.5347222222222222,1,31.84,198.714988845,371.622988845,62.82,292.0,"South Korea, KR",0.996766,36443019
2026-10-08T13:01:56.266737+00:00,vast.ai,marketplace,RTX 5070 Ti,0.5351851851851852,1,15.92,75.91398884499999,141.844988845,62.89,646.25,"Texas, US",0.9943415,53558648
2026-10-08T13:01:56.266737+00:00,vast.ai,marketplace,RTX 5070 Ti,0.5351851851851852,1,15.92,75.872988845,141.769988845,125.91,1559.75,"Texas, US",0.9931519,54223777
2026-10-08T13:01:56.266737+00:00,vast.ai,marketplace,RTX 5070 Ti,0.5351851851851852,1,15.92,72.628988845,135.707988845,251.91,728.875,"Texas, US",0.9992131,53317848
2026-10-08T13:01:56.266737+00:00,vast.ai,marketplace,RTX 5070 Ti,0.5351851851851852,1,15.92,75.866988845,141.756988845,251.91,1491.0,"Texas, US",0.9962592,53320340
2026-10-08T13:01:56.266737+00:00,vast.ai,marketplace,RTX 4090,0.5356481481481481,1,23.99,97.033988845,181.15298884499998,125.96,366.0,"Spain, ES",0.9971324,37930538
2026-10-08T13:01:56.266737+00:00,vast.ai,marketplace,RTX 4090,0.5361111111111111,1,23.99,89.973988845,167.82598884499998,62.78,385.0,"Arizona, US",0.9877767,54551212
2026-10-08T13:01:56.266737+00:00,vast.ai,marketplace,RTX 6000Ada,0.537037037037037,1,47.99,113.141988845,210.678988845,117.9,621.6,"California, US",0.9927804,53055111
2026-10-08T13:01:56.266737+00:00,vast.ai,marketplace,RTX 5090,0.537037037037037,1,31.84,198.360988845,369.360988845,67.46,362.85714285714283,"Estonia, EE",0.9656415,47533955
2026-10-08T13:01:56.266737+00:00,vast.ai,marketplace,RTX 4090,0.537962962962963,1,47.99,123.712988845,229.965988845,62.97,567.9230769230769,"California, US",0.965986,54491690
2026-10-08T13:01:56.266737+00:00,vast.ai,marketplace,A100 PCIE,0.5398148148148149,1,40.0,83.61898884499999,154.90298884499998,47.14,3089.1,"Estonia, EE",0.9735914,52618403
2026-10-08T13:01:56.266737+00:00,vast.ai,marketplace,RTX 5090,0.5402777777777777,1,31.84,199.198988845,368.697988845,60.38,1459.0,"Virginia, US",0.9958444,52588514
2026-10-08T13:01:56.266737+00:00,vast.ai,marketplace,A100 PCIE,0.5480555555555555,1,40.0,94.382988845,172.21298884499998,251.84,1588.1000000000001,"Japan, JP",0.9993311,24622079
2026-10-08T13:01:56.266737+00:00,vast.ai,marketplace,RTX 5090,0.5547222222222222,1,31.84,198.866988845,358.497988845,31.45,153.875,"Taiwan, TW",0.9896162,34376030
2026-10-08T13:01:56.266737+00:00,vast.ai,marketplace,RTX 4090,0.5613888888888889,1,23.99,97.040988845,172.858988845,31.44,1550.9,"Taiwan, TW",0.9989607,45087818
2026-10-08T13:01:56.266737+00:00,vast.ai,marketplace,RTX 5090,0.5613888888888889,1,31.84,187.338988845,333.704988845,62.42,543.0,"The Netherlands, NL",0.9936813,54309852
2026-10-08T13:01:56.266737+00:00,vast.ai,marketplace,RTX 5090,0.5613888888888889,1,31.84,147.154988845,262.124988845,46.98,469.0,"United Kingdom, GB",0.963309,53873510
2026-10-08T13:01:56.266737+00:00,vast.ai,marketplace,RTX 4090,0.5880555555555556,1,23.99,97.745988845,166.217988845,30.22,472.0,"The Netherlands, NL",0.9963456,51890698
2026-10-08T13:01:56.266737+00:00,vast.ai,marketplace,RTX 3090,0.6009259259259259,1,24.0,48.905988845,81.38398884499999,62.83,208.7284163313829,"Latvia, LV",0.9591865,54263956
2026-10-08T13:01:56.266737+00:00,vast.ai,marketplace,L40S,0.6009259259259259,1,44.99,93.57698884499999,155.720988845,125.87,1099.0,"Japan, JP",0.9994422,24964707
2026-10-08T13:01:56.266737+00:00,vast.ai,marketplace,RTX 5090,0.6009259259259259,1,31.84,199.21298884499998,331.508988845,62.63,619.0,"South Korea, KR",0.9940893,48827544
2026-10-08T13:01:56.266737+00:00,vast.ai,marketplace,RTX 5090,0.6009259259259259,1,31.84,198.525988845,330.365988845,62.63,1084.0,"South Korea, KR",0.9892818,40827590
2026-10-08T13:01:56.266737+00:00,vast.ai,marketplace,RTX 4090,0.6013875555555556,1,23.99,97.040988845,161.36198884499998,62.82,1586.0,"South Africa, ZA",0.987763,52481020
2026-10-08T13:01:56.266737+00:00,vast.ai,marketplace,RTX 4090,0.6013888888888889,1,23.99,97.04798884499999,161.372988845,31.28,672.0,"Taiwan, TW",0.9965793,47554699
2026-10-08T13:01:56.266737+00:00,vast.ai,marketplace,RTX 4090,0.6013888888888889,1,23.99,97.36298884499999,161.89698884499998,31.44,729.75,"Taiwan, TW",0.9953993,49035053
2026-10-08T13:01:56.266737+00:00,vast.ai,marketplace,RTX 5090,0.6013888888888889,1,31.84,198.511988845,330.088988845,35.93,802.7756379622597,"Belgium, BE",0.9890105,52015847
2026-10-08T13:01:56.266737+00:00,vast.ai,marketplace,RTX 5090,0.6013888888888889,1,31.84,186.64098884499998,310.348988845,37.68,464.42699705053496,"Poland, PL",0.9979335,43203655
2026-10-08T13:01:56.266737+00:00,vast.ai,marketplace,RTX PRO 5000,0.6013888888888889,1,47.79,165.69498884499998,275.520988845,91.97,631.0,"Singapore, SG",0.9602729,52762454
2026-10-08T13:01:56.266737+00:00,vast.ai,marketplace,RTX PRO 5000,0.6013888888888889,1,47.79,165.808988845,275.709988845,91.97,672.0,"Jiangsu, CN",0.9566362,53881180
2026-10-08T13:01:56.266737+00:00,vast.ai,marketplace,RTX 5090,0.6018518518518519,1,31.84,190.380988845,316.324988845,125.96,1333.825,"Nevada, US",0.9906207,52827194
2026-10-08T13:01:56.266737+00:00,vast.ai,marketplace,RTX 5090,0.6041666666666666,1,31.84,198.921988845,329.248988845,163.73,969.5799999999999,"Estonia, EE",0.9882615,50584156
2026-10-08T13:01:56.266737+00:00,vast.ai,marketplace,RTX 4090,0.6046296296296296,1,47.99,125.65198884499999,207.815988845,52.47,515.3333333333333,"Macao, MO",0.9966533,40232096
2026-10-08T13:01:56.266737+00:00,vast.ai,marketplace,RTX PRO 5000,0.6058518518518519,1,47.79,165.612988845,273.354988845,247.94,419.1124572307782,"India, IN",0.9932563,54635236
2026-10-08T13:01:56.266737+00:00,vast.ai,marketplace,GTX 1660 Ti,0.6069444444444444,1,6.0,2.4749888450000004,4.076988845,7.7,679.4000000000026,"Vietnam, VN",0.991679,33521707
2026-10-08T13:01:56.266737+00:00,vast.ai,marketplace,RTX 5090,0.6147222222222223,1,31.84,198.459988845,322.843988845,47.17,276.80000000000007,"United Kingdom, GB",0.9892926,48313924
2026-10-08T13:01:56.266737+00:00,vast.ai,marketplace,RTX 5090,0.6151851851851853,1,31.84,199.585988845,324.431988845,60.5,755.1,"Chile, CL",0.9387692,54729297
2026-10-08T13:01:56.266737+00:00,vast.ai,marketplace,RTX 5090,0.6152407407407408,1,31.84,198.796988845,323.119988845,62.93,623.25,"North Carolina, US",0.9638633,29436764
2026-10-08T13:01:56.266737+00:00,vast.ai,marketplace,RTX 5090,0.6198148148148149,1,31.84,188.05798884499998,303.409988845,62.35,730.0,"The Netherlands, NL",0.994359,49946861
2026-10-08T13:01:56.266737+00:00,vast.ai,marketplace,RTX 4090,0.6241665092592593,1,23.99,96.691988845,154.912988845,62.89,745.425,"South Africa, ZA",0.9946657,54445140
2026-10-08T13:01:56.266737+00:00,vast.ai,marketplace,RTX 5090,0.6253888888888889,1,31.84,140.275988845,224.300988845,60.54,349.0,"Texas, US",0.9909498,44785440
2026-10-08T13:01:56.266737+00:00,vast.ai,marketplace,RTX 5090,0.6320555555555555,1,31.84,198.848988845,314.606988845,62.19,608.0,"Texas, US",0.9991194,28111708
2026-10-08T13:01:56.266737+00:00,vast.ai,marketplace,RTX 5090,0.6409259259259259,1,31.84,140.544988845,219.28398884499998,62.42,579.0,"Slovakia, SK",0.9913081,54332148
2026-10-08T13:01:56.266737+00:00,vast.ai,marketplace,RTX PRO 5000,0.6413942222222223,1,47.79,165.560988845,258.125988845,62.69,522.0,"Bulgaria, BG",0.9966694,51288089
2026-10-08T13:01:56.266737+00:00,vast.ai,marketplace,RTX 5090,0.6420370370370371,1,31.84,164.978988845,256.961988845,94.38,2350.9,"Hungary, HU",0.9923984,47238961
2026-10-08T13:01:56.266737+00:00,vast.ai,marketplace,RTX PRO 5000,0.6561111111111111,1,47.79,12.725988845,19.395988844999998,62.79,141.0,"Spain, ES",0.9708882,52403915
2026-10-08T13:01:56.266737+00:00,vast.ai,marketplace,A100 SXM4,0.6635925925925925,1,40.0,82.64298884499999,124.537988845,125.75,123.77448439916625,"United Kingdom, GB",0.9767885,38565866
2026-10-08T13:01:56.266737+00:00,vast.ai,marketplace,A100 SXM4,0.6671296296296296,1,40.0,95.55998884499999,143.240988845,125.92,476.5790812150387,"Quebec, CA",0.9989761,51838053
2026-10-08T13:01:56.266737+00:00,vast.ai,marketplace,RTX 5080,0.6671851851851852,1,15.92,83.852988845,125.680988845,31.26,1558.0,"Florida, US",0.9975767,54739520
2026-10-08T13:01:56.266737+00:00,vast.ai,marketplace,RTX 4090,0.6674074074074073,1,47.99,125.659988845,188.280988845,62.71,1706.0,"Minnesota, US",0.9486873,54174301
2026-10-08T13:01:56.266737+00:00,vast.ai,marketplace,A100 SXM4,0.6675925925925925,1,40.0,95.268988845,142.704988845,125.96,409.82183417584247,"Slovenia, SI",0.9992147,31632916
2026-10-08T13:01:56.266737+00:00,vast.ai,marketplace,RTX 5090,0.6680555555555555,1,31.84,197.846988845,296.152988845,31.32,259.5,"South Korea, KR",0.9914191,41199082
2026-10-08T13:01:56.266737+00:00,vast.ai,marketplace,RTX PRO 5000,0.6680555555555555,1,47.79,165.643988845,247.948988845,62.73,397.0,"Slovakia, SK",0.9949726,49726305
2026-10-08T13:01:56.266737+00:00,vast.ai,marketplace,RTX 3090,0.6685185185185185,1,24.0,44.360988845,66.35698884499999,125.72,1574.0,"Italy, IT",0.9207103,50732956
2026-10-08T13:01:56.266737+00:00,vast.ai,marketplace,RTX 4090,0.6685185185185185,1,47.99,71.040988845,106.266988845,125.81,1926.5235933367694,"Texas, US",0.9977574,29451943
2026-10-08T13:01:56.266737+00:00,vast.ai,marketplace,RTX PRO 5000,0.6685185185185185,1,47.79,165.84998884499998,248.085988845,94.26,567.811362904389,"Ohio, US",0.9956954,51838773
2026-10-08T13:01:56.266737+00:00,vast.ai,marketplace,RTX 4090,0.6711851851851852,1,23.99,97.38398884499999,145.092988845,31.25,362.45,"Spain, ES",0.9949902,52945059
2026-10-08T13:01:56.266737+00:00,vast.ai,marketplace,RTX 4090,0.6712962962962963,1,23.99,97.226988845,144.834988845,124.88,1596.9,"Washington, US",0.997754,47654288
2026-10-08T13:01:56.266737+00:00,vast.ai,marketplace,RTX 5090,0.6720555555555555,1,31.84,194.912988845,290.024988845,134.92,750.8428571428572,"Poland, PL",0.9946474,53258829
2026-10-08T13:01:56.266737+00:00,vast.ai,marketplace,RTX 5090,0.6735925925925925,1,31.84,184.455988845,273.838988845,47.05,845.1,"Taiwan, TW",0.9982879,53325761
2026-10-08T13:01:56.266737+00:00,vast.ai,marketplace,GTX 1660,0.673611111111111,1,6.0,2.316988845,3.4389888450000003,7.71,669.4000000000026,"Vietnam, VN",0.9909732,33521216
2026-10-08T13:01:56.266737+00:00,vast.ai,marketplace,RTX 5090,0.6809259259259259,1,31.84,192.365988845,282.505988845,30.71,305.4,"Georgia, US",0.9865625,52803262
2026-10-08T13:01:56.266737+00:00,vast.ai,marketplace,A100 SXM4,0.6813888888888889,1,40.0,85.56798884499999,125.578988845,125.92,428.09763649368875,"Massachusetts, US",0.9971289,48716611
2026-10-08T13:01:56.266737+00:00,vast.ai,marketplace,RTX 4090,0.6928962962962965,1,22.49,86.117988845,124.286988845,62.46,1413.5,"Texas, US",0.9410331,37996177
2026-10-08T13:01:56.266737+00:00,vast.ai,marketplace,A100 SXM4,0.6947222222222222,1,40.0,95.458988845,137.404988845,125.51,3275.0,"Illinois, US",0.9832629,54218901
2026-10-08T13:01:56.266737+00:00,vast.ai,marketplace,RTX PRO 5000,0.6947222222222222,1,47.79,165.69498884499998,238.505988845,68.33,1190.5,"California, US",0.9948772,49725392
2026-10-08T13:01:56.266737+00:00,vast.ai,marketplace,A100 SXM4,0.6956481481481481,1,40.0,87.60998884499999,125.93998884499999,125.89,586.5,"Croatia, HR",0.9855485,41566566
2026-10-08T13:01:56.266737+00:00,vast.ai,marketplace,RTX 5090,0.697962962962963,1,31.84,196.680988845,281.791988845,39.29,617.625,"Michigan, US",0.9963387,49059641
2026-10-08T13:01:56.266737+00:00,vast.ai,marketplace,RTX PRO 5000,0.697962962962963,1,47.79,90.290988845,129.363988845,62.88,1616.75,"Quebec, CA",0.976646,52840361
2026-10-08T13:01:56.266737+00:00,vast.ai,marketplace,RTX 5090,0.7080555555555555,1,31.84,199.21298884499998,281.350988845,62.21,1486.0,"Slovakia, SK",0.9959296,51888123
2026-10-08T13:01:56.266737+00:00,vast.ai,marketplace,L40S,0.7124179907407406,1,44.99,93.41098884499999,131.11798884499999,143.95,1232.4142857142856,"South Africa, ZA",0.9950143,54466498
2026-10-08T13:01:56.266737+00:00,vast.ai,marketplace,RTX 4090,0.7223148148148149,1,23.99,96.98498884499999,134.269988845,110.21,2869.118566040472,"Maryland, US",0.9992363,52800673
2026-10-08T13:01:56.266737+00:00,vast.ai,marketplace,RTX 5090,0.7236111111111112,1,31.84,189.95098884499998,262.503988845,125.93,551.0,"Czechia, CZ",0.5929526,30374668
2026-10-08T13:01:56.266737+00:00,vast.ai,marketplace,RTX 5090,0.7243148148148147,1,31.84,198.901988845,274.606988845,94.42,2736.25,"Hungary, HU",0.9971213,50716302
2026-10-08T13:01:56.266737+00:00,vast.ai,marketplace,RTX PRO 5000,0.7339814814814816,1,47.79,165.746988845,225.818988845,125.77,2831.875746855267,"Czechia, CZ",0.9882893,53567988
2026-10-08T13:01:56.266737+00:00,vast.ai,marketplace,RTX 4090,0.7347222222222223,1,47.99,125.63398884499999,170.994988845,125.72,1939.0,"California, US",0.9978784,48274190
2026-10-08T13:01:56.266737+00:00,vast.ai,marketplace,RTX PRO 5000,0.7347222222222223,1,47.79,78.92298884499999,107.417988845,83.93,986.5,"Belgium, BE",0.9938042,49974696
2026-10-08T13:01:56.266737+00:00,vast.ai,marketplace,RTX PRO 5000,0.7347222222222223,1,47.79,165.436988845,225.168988845,62.96,1487.5404401669362,"Nebraska, US",0.9873567,52507507
2026-10-08T13:01:56.266737+00:00,vast.ai,marketplace,RTX PRO 5000,0.7347222222222223,1,47.79,165.42698884499998,225.154988845,71.95,1648.8,"Nebraska, US",0.9861005,52514695
2026-10-08T13:01:56.266737+00:00,vast.ai,marketplace,RTX PRO 5000,0.7347222222222223,1,47.79,165.488988845,225.239988845,62.96,532.4003740379039,"Czechia, CZ",0.9904761,53904681
2026-10-08T13:01:56.266737+00:00,vast.ai,marketplace,RTX 5090,0.735462962962963,1,31.84,198.822988845,270.336988845,125.96,464.125,"Hungary, HU",0.9952812,50576342
2026-10-08T13:01:56.266737+00:00,vast.ai,marketplace,RTX 4090,0.7356481481481482,1,23.99,97.19898884499999,132.126988845,125.96,1088.25,"Maryland, US",0.9305527,54578354
2026-10-08T13:01:56.266737+00:00,vast.ai,marketplace,RTX 5090,0.7356481481481482,1,31.84,198.723988845,270.133988845,125.95,680.0,"Hungary, HU",0.9961558,51102915
2026-10-08T13:01:56.266737+00:00,vast.ai,marketplace,A100 PCIE,0.7402777777777778,1,40.0,95.427988845,128.907988845,125.76,2892.0,"Michigan, US",0.9988818,53027123
2026-10-08T13:01:56.266737+00:00,vast.ai,marketplace,RTX 5090,0.7609259259259258,1,31.84,98.00598884499999,128.798988845,62.79,147.7494241629759,"Maryland, US",0.9892244,51969548
2026-10-08T13:01:56.266737+00:00,vast.ai,marketplace,RTX 5090,0.7747222222222222,1,31.84,198.895988845,256.730988845,251.91,1570.25,"United Kingdom, GB",0.9826941,48425036
2026-10-08T13:01:56.266737+00:00,vast.ai,marketplace,RTX 4090,0.7889814814814814,1,23.99,97.040988845,122.995988845,125.88,730.5,"Hungary, HU",0.9953059,50167762
2026-10-08T13:01:56.266737+00:00,vast.ai,marketplace,RTX 5090,0.7931481481481482,1,31.84,199.413988845,251.42098884499998,62.86,758.75,"Slovakia, SK",0.9935415,45620119
2026-10-08T13:01:56.266737+00:00,vast.ai,marketplace,RTX 5090,0.8005185185185185,1,31.84,199.291988845,248.953988845,62.18,2924.0,"Florida, US",0.9981116,54209753
2026-10-08T13:01:56.266737+00:00,vast.ai,marketplace,L40S,0.8009259259259258,1,44.99,93.488988845,116.726988845,251.94,185.3216779459649,"Taiwan, TW",0.9986969,38575004
2026-10-08T13:01:56.266737+00:00,vast.ai,marketplace,L40S,0.8009259259259258,1,44.99,93.65498884499999,116.933988845,251.94,113.8749999999996,"Taiwan, TW",0.9977441,38575675
2026-10-08T13:01:56.266737+00:00,vast.ai,marketplace,RTX 4090,0.8009259259259258,1,23.99,61.337988845000005,76.583988845,110.03,1650.0,"Virginia, US",0.9951088,13917960
2026-10-08T13:01:56.266737+00:00,vast.ai,marketplace,RTX A6000,0.8013888888888888,1,47.99,54.476988845,67.97898884499999,62.79,33.0,"Spain, ES",0.9991998,37443777
2026-10-08T13:01:56.266737+00:00,vast.ai,marketplace,RTX 5090,0.8013888888888888,1,31.84,198.578988845,247.792988845,62.96,669.5,"Czechia, CZ",0.9973695,46907786
2026-10-08T13:01:56.266737+00:00,vast.ai,marketplace,A100 PCIE,0.8013888888888888,1,80.0,125.086988845,156.086988845,125.87,194.50000000000006,"South Korea, KR",0.9973242,47463265
2026-10-08T13:01:56.266737+00:00,vast.ai,marketplace,RTX 4090,0.8018518518518518,1,47.99,125.668988845,156.723988845,125.75,6565.5,"Idaho, US",0.998995,30155186
2026-10-08T13:01:56.266737+00:00,vast.ai,marketplace,RTX PRO 5000,0.8018518518518518,1,47.79,165.663988845,206.601988845,125.88,775.25,"Hungary, HU",0.9876129,54666530
2026-10-08T13:01:56.266737+00:00,vast.ai,marketplace,RTX 5880Ada,0.8023148148148147,1,47.99,106.792988845,133.10598884499998,125.96,1169.875,"United Kingdom, GB",0.9965577,28619333
2026-10-08T13:01:56.266737+00:00,vast.ai,marketplace,RTX 5880Ada,0.8023148148148147,1,47.99,106.836988845,133.160988845,125.96,625.25,"United Kingdom, GB",0.9952282,44120932
2026-10-08T13:01:56.266737+00:00,vast.ai,marketplace,RTX 5090,0.8023148148148147,1,31.84,198.518988845,247.43298884499998,167.84,989.0,"Virginia, US",0.9956501,54581350
2026-10-08T13:01:56.266737+00:00,vast.ai,marketplace,RTX 6000Ada,0.8025117777777777,1,44.99,100.199988845,124.857988845,62.88,682.9250000000001,"South Africa, ZA",0.9908836,54444923
2026-10-08T13:01:56.266737+00:00,vast.ai,marketplace,RTX 5090,0.8053888888888888,1,31.84,198.947988845,247.020988845,62.97,691.625,"Czechia, CZ",0.9029585,49824492
2026-10-08T13:01:56.266737+00:00,vast.ai,marketplace,RTX 5090,0.8142592592592592,1,31.84,182.08198884499998,223.615988845,62.79,363.0,"California, US",0.9862515,52002273
2026-10-08T13:01:56.266737+00:00,vast.ai,marketplace,RTX 5090,0.8267222222222222,1,31.84,199.231988845,240.990988845,251.78,1515.0,"Washington, US",0.9973801,52502967
2026-10-08T13:01:56.266737+00:00,vast.ai,marketplace,RTX 4090,0.8383148148148147,1,23.99,97.575988845,116.394988845,75.49,2162.4,"Hungary, HU",0.9917617,49591162
2026-10-08T13:01:56.266737+00:00,vast.ai,marketplace,RTX 5090,0.8409259259259259,1,31.84,99.512988845,118.336988845,62.79,43.0,"Maryland, US",0.996624,53809924
2026-10-08T13:01:56.266737+00:00,vast.ai,marketplace,L40S,0.8413888888888889,1,44.99,93.674988845,111.333988845,62.62,467.5,"South Korea, KR",0.9951707,49960119
2026-10-08T13:01:56.266737+00:00,vast.ai,marketplace,RTX 4090,0.8551851851851853,1,23.99,97.04798884499999,113.48198884499999,110.13,519.75,"Hungary, HU",0.9935742,50466171
2026-10-08T13:01:56.266737+00:00,vast.ai,marketplace,RTX PRO 5000,0.8565740740740742,1,47.79,75.875988845,88.580988845,62.88,1439.125,"Czechia, CZ",0.9986836,40114418
2026-10-08T13:01:56.266737+00:00,vast.ai,marketplace,RTX 5090,0.8660444444444445,1,31.84,81.759988845,94.405988845,251.52,6432.0,"Texas, US",0.9694751,38001277
2026-10-08T13:01:56.266737+00:00,vast.ai,marketplace,RTX 5090,0.8671851851851853,1,31.84,199.540988845,230.100988845,62.71,1553.0,"Florida, US",0.9984177,54739294
2026-10-08T13:01:56.266737+00:00,vast.ai,marketplace,RTX 5090,0.8680555555555556,1,31.84,95.80398884499999,110.36598884499999,62.96,226.25,"Alberta, CA",0.8951484,45028403
2026-10-08T13:01:56.266737+00:00,vast.ai,marketplace,RTX 5090,0.8680555555555556,1,31.84,87.665988845,100.99098884499999,59.02,428.375,"Alberta, CA",0.9974803,45028234
2026-10-08T13:01:56.266737+00:00,vast.ai,marketplace,RTX 5090,0.8685185185185186,1,31.84,140.479988845,161.746988845,62.71,764.0,"Norway, NO",0.9951254,54821987
2026-10-08T13:01:56.266737+00:00,vast.ai,marketplace,RTX 5090,0.8685185185185186,1,31.84,134.482988845,154.841988845,125.76,613.0,"Norway, NO",0.9989165,54821865
2026-10-08T13:01:56.266737+00:00,vast.ai,marketplace,RTX 5090,0.8685185185185186,1,31.84,134.110988845,154.412988845,125.6,2698.5,"Norway, NO",0.9990771,54821993
2026-10-08T13:01:56.266737+00:00,vast.ai,marketplace,RTX 5090,0.8685185185185186,1,31.84,134.091988845,154.391988845,125.6,1570.7500000000002,"Norway, NO",0.9992416,54822231
2026-10-08T13:01:56.266737+00:00,vast.ai,marketplace,RTX 5090,0.8689814814814815,1,31.84,198.809988845,228.784988845,83.95,383.2006356391215,"Finland, FI",0.9827236,47357390
2026-10-08T13:01:56.266737+00:00,vast.ai,marketplace,RTX 5090,0.8699074074074075,1,31.84,198.518988845,228.20698884499998,125.96,252.0,"Spain, ES",0.9992585,27039375
2026-10-08T13:01:56.266737+00:00,vast.ai,marketplace,RTX 5090,0.8699074074074075,1,31.84,198.888988845,228.631988845,61.92,3179.0,"Spain, ES",0.9994435,32500716
2026-10-08T13:01:56.266737+00:00,vast.ai,marketplace,RTX 5090,0.8809259259259259,1,31.84,97.920988845,111.156988845,62.79,66.0,"California, US",0.9901686,51969543
2026-10-08T13:01:56.266737+00:00,vast.ai,marketplace,RTX 5880Ada,0.8823148148148148,1,47.99,106.92598884499999,121.18798884499999,125.88,666.75,"United Kingdom, GB",0.9879764,54023260
2026-10-08T13:01:56.266737+00:00,vast.ai,marketplace,RTX 5090,0.8942592592592593,1,31.84,75.149988845,84.03598884499999,62.79,408.0,"Maryland, US",0.9858598,51969541
2026-10-08T13:01:56.266737+00:00,vast.ai,marketplace,A100 SXM4,0.9237037037037036,1,40.0,95.366988845,103.244988845,251.96,2418.25,"Virginia, US",0.99857,42274234
2026-10-08T13:01:56.266737+00:00,vast.ai,marketplace,A100 SXM4,0.9237037037037036,1,40.0,95.36898884499999,103.24698884499999,251.96,2440.767830439474,"California, US",0.9987302,39460476
2026-10-08T13:01:56.266737+00:00,vast.ai,marketplace,RTX 3060,0.9345370370370369,1,12.0,12.274988845,13.134988845,503.51,6361.2,"Norway, NO",0.9390622,54365108
2026-10-08T13:01:56.266737+00:00,vast.ai,marketplace,RTX PRO 5000,0.9520629629629631,1,47.79,165.674988845,174.01598884499998,58.91,1201.2362644962473,"Texas, US",0.9706806,42735320
2026-10-08T13:01:56.266737+00:00,vast.ai,marketplace,RTX 5090,0.9685740740740741,1,31.84,162.122988845,167.382988845,94.43,556.75,"Czechia, CZ",0.9749228,33038318
2026-10-08T13:01:56.266737+00:00,vast.ai,marketplace,RTX 5090,0.9887962962962962,1,31.84,203.030988845,205.330988845,125.85,1437.25,"Norway, NO",0.9988486,54698877
2026-10-08T13:01:56.266737+00:00,vast.ai,marketplace,RTX 3090,1.0013888888888889,1,24.0,44.360988845,44.299988845,125.63,335.0,"Ontario, CA",0.9913799,52810281
2026-10-08T13:01:56.266737+00:00,vast.ai,marketplace,RTX 5090,1.0013888888888889,1,31.84,198.74298884499999,198.466988845,1007.76,803.0,"Texas, US",0.996828,47580836
2026-10-08T13:01:56.266737+00:00,vast.ai,marketplace,A100 PCIE,1.0013888888888889,1,80.0,5.388988845,5.380988845,125.87,36.25,"United Kingdom, GB",0.9987067,32303769
2026-10-08T13:01:56.266737+00:00,vast.ai,marketplace,RTX 5090,1.0542592592592595,1,31.84,140.460988845,133.231988845,186.28,5482.0,"Japan, JP",0.9972941,51028137
2026-10-08T13:01:56.266737+00:00,vast.ai,marketplace,A100 SXM4,1.0550000000000002,1,80.0,123.94298884499999,117.480988845,125.87,1345.3070299628919,"Czechia, CZ",0.9959011,49506595
2026-10-08T13:01:56.266737+00:00,vast.ai,marketplace,A100 SXM4,1.0602777777777779,1,80.0,119.28898884499999,112.506988845,125.96,589.5266145165194,"Texas, US",0.9972835,49067606
2026-10-08T13:01:56.266737+00:00,vast.ai,marketplace,A100 SXM4,1.061611111111111,1,80.0,120.38098884499999,113.394988845,125.96,505.28500936860127,"Texas, US",0.9973699,47239982
2026-10-08T13:01:56.266737+00:00,vast.ai,marketplace,RTX 4090,1.0675925925925926,1,23.99,97.390988845,91.224988845,30.95,1238.5,"New York, US",0.9889028,50943352
2026-10-08T13:01:56.266737+00:00,vast.ai,marketplace,RTX 6000D,1.0680555555555555,1,83.64,228.247988845,213.703988845,167.9,557.8936609864938,"California, US",0.9849736,54800440
2026-10-08T13:01:56.266737+00:00,vast.ai,marketplace,RTX 5090,1.1080555555555556,1,31.84,199.205988845,179.779988845,30.85,400.75,"Georgia, US",0.9904266,54688717
2026-10-08T13:01:56.266737+00:00,vast.ai,marketplace,RTX 5090,1.1747222222222222,1,31.84,100.46398884499999,85.52098884499999,30.07,294.5,"Delaware, US",0.9912624,53337127
2026-10-08T13:01:56.266737+00:00,vast.ai,marketplace,RTX 5090,1.1875925925925928,1,31.84,99.893988845,84.113988845,121.21,661.9,"Germany, DE",0.9829721,51782800
2026-10-08T13:01:56.266737+00:00,vast.ai,marketplace,RTX 5090,1.1885185185185185,1,31.84,198.181988845,166.746988845,70.83,474.5,"Hungary, HU",0.9874494,54003589
2026-10-08T13:01:56.266737+00:00,vast.ai,marketplace,RTX PRO 6000 WS,1.2013888888888888,1,95.59,283.346988845,235.848988845,125.27,13411.8,"Utah, US",0.9647823,42871298
2026-10-08T13:01:56.266737+00:00,vast.ai,marketplace,RTX 5060 Ti,1.2013888888888888,1,15.93,38.375988845,31.943988845,15.49,128.0,"Quebec, CA",0.9861013,52847910
2026-10-08T13:01:56.266737+00:00,vast.ai,marketplace,RTX PRO 6000 Max-Q,1.2037037037037037,1,95.59,260.345988845,216.287988845,125.79,50.0,"Spain, ES",0.9515698,54479330
2026-10-08T13:01:56.266737+00:00,vast.ai,marketplace,RTX 5090,1.2308333333333334,1,31.84,162.112988845,131.709988845,94.43,683.9214721354111,"Czechia, CZ",0.9939789,49900235
2026-10-08T13:01:56.266737+00:00,vast.ai,marketplace,RTX 4090,1.254722222222222,1,47.99,125.45798884499999,99.988988845,125.75,1632.0,"Washington, US",0.9949848,54801287
2026-10-08T13:01:56.266737+00:00,vast.ai,marketplace,RTX 6000D,1.2579629629629627,1,83.64,229.784988845,182.663988845,94.42,437.0,"Czechia, CZ",0.9922965,51063961
2026-10-08T13:01:56.266737+00:00,vast.ai,marketplace,RTX 4090,1.267648148148148,1,47.99,125.57198884499999,99.058988845,125.87,2988.0,"Washington, US",0.9986501,46255395
2026-10-08T13:01:56.266737+00:00,vast.ai,marketplace,RTX PRO 6000 Max-Q,1.2680555555555555,1,95.59,282.56698884499997,222.834988845,215.93,1737.7423136732202,"North Carolina, US",0.9951033,38606070
2026-10-08T13:01:56.266737+00:00,vast.ai,marketplace,RTX PRO 6000 WS,1.2680555555555555,1,95.59,283.677988845,223.710988845,249.01,3072.7,"Nevada, US",0.5973174,54337455
2026-10-08T13:01:56.266737+00:00,vast.ai,marketplace,RTX PRO 6000 Max-Q,1.2680555555555555,1,95.59,282.157988845,222.512988845,179.91,510.1242453792669,"Poland, PL",0.9760848,54241111
2026-10-08T13:01:56.266737+00:00,vast.ai,marketplace,RTX 4090,1.2680555555555555,1,47.99,125.61598884499999,99.061988845,125.78,1541.5,"Washington, US",0.9987309,54790875
2026-10-08T13:01:56.266737+00:00,vast.ai,marketplace,RTX 4090,1.2683333333333333,1,23.99,97.54798884499999,76.909988845,167.97,528.5833333333333,"Washington, US",0.9977648,54232937
2026-10-08T13:01:56.266737+00:00,vast.ai,marketplace,RTX PRO 6000 Max-Q,1.2685185185185184,1,95.59,283.385988845,223.398988845,998.03,1483.75,"India, IN",0.9635079,54806238
2026-10-08T13:01:56.266737+00:00,vast.ai,marketplace,RTX 5090,1.2687037037037037,1,31.84,198.234988845,156.249988845,94.42,1280.375,"Hungary, HU",0.988956,32292353
2026-10-08T13:01:56.266737+00:00,vast.ai,marketplace,RTX 5090,1.2708333333333333,1,31.84,161.800988845,127.31898884499999,141.69,490.875,"Czechia, CZ",0.9949682,31183540
2026-10-08T13:01:56.266737+00:00,vast.ai,marketplace,RTX PRO 6000 Max-Q,1.280925925925926,1,95.59,257.774988845,201.240988845,125.96,239.625,"Czechia, CZ",0.9860886,53484229
2026-10-08T13:01:56.266737+00:00,vast.ai,marketplace,RTX 3090,1.3347222222222221,1,24.0,44.364988845,33.238988845,62.72,446.0,"Washington, US",0.9961954,51860372
2026-10-08T13:01:56.266737+00:00,vast.ai,marketplace,RTX PRO 5000,1.3347222222222221,1,71.69,191.113988845,143.186988845,62.71,1951.9547589623744,"Florida, US",0.9701914,53704980
2026-10-08T13:01:56.266737+00:00,vast.ai,marketplace,RTX A2000,1.3347222222222221,1,5.99,8.575988845,6.425988845,31.16,761.5,"British Columbia, CA",0.971554,46186923
2026-10-08T13:01:56.266737+00:00,vast.ai,marketplace,RTX PRO 6000 WS,1.335185185185185,1,95.59,282.683988845,211.71898884499998,62.83,5784.0,"Virginia, US",0.9950023,50537226
2026-10-08T13:01:56.266737+00:00,vast.ai,marketplace,RTX 5090,1.3356481481481481,1,31.84,192.354988845,144.01598884499998,125.96,1468.1750000000002,"Hungary, HU",0.9944129,52070431
2026-10-08T13:01:56.266737+00:00,vast.ai,marketplace,RTX 5090,1.336111111111111,1,31.84,199.304988845,149.167988845,125.64,360.0,"Illinois, US",0.9990663,53294830
2026-10-08T13:01:56.266737+00:00,vast.ai,marketplace,RTX PRO 6000 WS,1.3747222222222222,1,95.59,283.462988845,206.196988845,251.75,714.5,"Alberta, CA",0.9982498,54179320
2026-10-08T13:01:56.266737+00:00,vast.ai,marketplace,RTX PRO 6000 Max-Q,1.3761666666666668,1,95.59,236.62398884499999,171.943988845,125.92,1453.25,"Czechia, CZ",0.9990144,36131366
2026-10-08T13:01:56.266737+00:00,vast.ai,marketplace,RTX PRO 6000 WS,1.4359222222222223,1,95.59,283.716988845,197.584988845,125.55,3229.0,"Massachusetts, US",0.982619,54078995
2026-10-08T13:01:56.266737+00:00,vast.ai,marketplace,RTX PRO 6000 Max-Q,1.441388888888889,1,95.59,283.521988845,196.70098884499998,251.37,565.0,"Finland, FI",0.9713543,53225436
2026-10-08T13:01:56.266737+00:00,vast.ai,marketplace,RTX A2000,1.467314814814815,1,5.99,8.574988845,5.843988845,503.5,11866.0,"British Columbia, CA",0.9815016,50563157
2026-10-08T13:01:56.266737+00:00,vast.ai,marketplace,RTX PRO 6000 Max-Q,1.4680555555555557,1,95.59,282.683988845,192.556988845,94.42,1747.6666666666665,"Czechia, CZ",0.9700119,54270152
2026-10-08T13:01:56.266737+00:00,vast.ai,marketplace,RTX PRO 6000 Max-Q,1.488135851851852,1,95.59,282.664988845,189.945988845,125.53,689.5,"Michigan, US",0.992464,45192567
2026-10-08T13:01:56.266737+00:00,vast.ai,marketplace,RTX PRO 6000 WS,1.6013888888888888,1,95.59,283.716988845,177.168988845,94.34,102.25,"Germany, DE",0.9860619,54633835
2026-10-08T13:01:56.266737+00:00,vast.ai,marketplace,RTX PRO 6000 S,1.6013888888888888,1,95.59,279.04298884499997,174.250988845,283.4,259.125,"The Netherlands, NL",0.9987031,44103712
2026-10-08T13:01:56.266737+00:00,vast.ai,marketplace,RTX PRO 6000 WS,1.6018518518518516,1,95.59,283.638988845,177.068988845,125.55,585.9000000000001,"Hong Kong, HK",0.9973197,37649847
2026-10-08T13:01:56.266737+00:00,vast.ai,marketplace,RTX PRO 6000 WS,1.604648148148148,1,95.59,283.248988845,176.517988845,461.83,704.8666666666666,"Bulgaria, BG",0.9983789,53318217
2026-10-08T13:01:56.266737+00:00,vast.ai,marketplace,RTX 5090,1.6055555555555554,1,31.84,199.264988845,124.10998884499999,247.81,364.0,"Norway, NO",0.9984556,50806303
2026-10-08T13:01:56.266737+00:00,vast.ai,marketplace,RTX PRO 6000 WS,1.6069444444444443,1,95.59,283.365988845,176.338988845,121.18,980.0,"California, US",0.9872239,50460702
2026-10-08T13:01:56.266737+00:00,vast.ai,marketplace,RTX PRO 5000,1.6685185185185185,1,47.79,165.715988845,99.31898884499999,503.52,2885.0,"Texas, US",0.9988943,53430598
2026-10-08T13:01:56.266737+00:00,vast.ai,marketplace,RTX PRO 6000 WS,1.681194814814815,1,95.59,283.112988845,168.399988845,94.2,3011.85,"Texas, US",0.98439,54250816
2026-10-08T13:01:56.266737+00:00,vast.ai,marketplace,RTX PRO 6000 Max-Q,1.714722222222222,1,95.59,283.170988845,165.14098884499998,125.85,507.25,"Texas, US",0.9988119,31194550
2026-10-08T13:01:56.266737+00:00,vast.ai,marketplace,RTX PRO 6000 WS,1.7337037037037037,1,95.59,283.365988845,163.445988845,124.97,2506.0,"Texas, US",0.9943407,52999913
2026-10-08T13:01:56.266737+00:00,vast.ai,marketplace,RTX PRO 6000 WS,1.734074074074074,1,95.59,283.151988845,163.286988845,125.49,2433.05,"Minnesota, US",0.9946343,53578042
2026-10-08T13:01:56.266737+00:00,vast.ai,marketplace,H100 SXM,1.7347222222222223,1,79.65,295.158988845,170.147988845,125.88,30.75,"Washington, US",0.9990658,40291942
2026-10-08T13:01:56.266737+00:00,vast.ai,marketplace,RTX PRO 6000 S,1.7351851851851852,1,95.59,279.371988845,161.00398884499998,125.87,1144.0,"Texas, US",0.9742663,54022642
2026-10-08T13:01:56.266737+00:00,vast.ai,marketplace,RTX PRO 6000 S,1.7351851851851852,1,95.59,279.158988845,160.881988845,125.93,929.5,"Texas, US",0.9991145,33665848
2026-10-08T13:01:56.266737+00:00,vast.ai,marketplace,RTX PRO 6000 Max-Q,1.7356481481481483,1,95.59,283.716988845,163.464988845,188.81,2690.75,"Maryland, US",0.9947245,52509888
2026-10-08T13:01:56.266737+00:00,vast.ai,marketplace,RTX PRO 6000 Max-Q,1.736537037037037,1,95.59,282.820988845,162.864988845,125.92,434.75,"Czechia, CZ",0.9971343,47792401
2026-10-08T13:01:56.266737+00:00,vast.ai,marketplace,RTX PRO 6000 WS,1.7618505185185183,1,95.59,283.735988845,161.044988845,125.77,1035.0,"Bulgaria, BG",0.997211,52589232
2026-10-08T13:01:56.266737+00:00,vast.ai,marketplace,RTX PRO 6000 WS,1.7875925925925928,1,95.59,283.404988845,158.53998884499998,249.29,4495.0,"Japan, JP",0.9978724,51305684
2026-10-08T13:01:56.266737+00:00,vast.ai,marketplace,RTX PRO 6000 Max-Q,1.844074074074074,1,95.59,283.404988845,153.683988845,125.94,1215.625,"Czechia, CZ",0.9983953,30989542
2026-10-08T13:01:56.266737+00:00,vast.ai,marketplace,RTX 4090,2.001388888888889,1,23.99,97.135988845,48.534988845,125.71,1337.0,"Ontario, CA",0.9965694,52814544
2026-10-08T13:01:56.266737+00:00,vast.ai,marketplace,H100 SXM,2.0418518518518516,1,79.65,343.545988845,168.251988845,184.2,139.0,"Germany, DE",0.9948944,50405431
2026-10-08T13:01:56.266737+00:00,vast.ai,marketplace,A100 SXM4,2.0442874907407402,1,80.0,128.778988845,62.994988845,122.02,624.85,"North Carolina, US",0.9936738,51216962
2026-10-08T13:01:56.266737+00:00,vast.ai,marketplace,RTX PRO 6000 WS,2.122037037037037,1,95.59,282.488988845,133.121988845,125.92,1030.75,"Hungary, HU",0.9962008,43620830
2026-10-08T13:01:56.266737+00:00,vast.ai,marketplace,RTX PRO 6000 Max-Q,2.21437037037037,1,95.59,282.820988845,127.720988845,125.94,1140.375,"Czechia, CZ",0.984048,30474091
2026-10-08T13:01:56.266737+00:00,vast.ai,marketplace,RTX PRO 6000 S,2.377037037037037,1,95.59,234.542988845,98.66998884499999,125.93,1089.75,"Czechia, CZ",0.9983785,44623532
2026-10-08T13:01:56.266737+00:00,vast.ai,marketplace,H100 NVL,2.3875925925925925,1,93.58,369.194988845,154.630988845,335.85,258.1985963309836,"South Korea, KR",0.9988797,43751089
2026-10-08T13:01:56.266737+00:00,vast.ai,marketplace,H100 PCIE,2.4689814814814817,1,79.65,256.165988845,103.753988845,125.62,25700.1,"Maryland, US",0.9926589,53446709
2026-10-08T13:01:56.266737+00:00,vast.ai,marketplace,RTX PRO 6000 WS,2.6413888888888892,1,95.59,142.005988845,53.761988845000005,91.96,712.5,"Nevada, US",0.9976301,49795582
2026-10-08T13:01:56.266737+00:00,vast.ai,marketplace,H100 PCIE,2.779781416666667,1,79.65,255.382988845,91.87198884499999,250.48,813.8875,"South Africa, ZA",0.9925482,54467133
2026-10-08T13:01:56.266737+00:00,vast.ai,marketplace,H100 NVL,3.0147222222222223,1,93.58,345.675988845,114.662988845,314.69,333.9,"Iowa, US",0.987156,54845173
2026-10-08T13:01:56.266737+00:00,vast.ai,marketplace,H100 NVL,3.028055555555548,1,93.58,347.886988845,114.887988845,314.69,309.9,"Virginia, US",0.9930096,54845001
2026-10-08T13:01:56.266737+00:00,vast.ai,marketplace,H100 NVL,3.270740740740741,1,93.58,377.551988845,115.433988845,188.94,549.0,"Czechia, CZ",0.9951975,31183493
2026-10-08T13:01:56.266737+00:00,vast.ai,marketplace,H100 SXM,3.2952777777777778,1,79.65,260.209988845,78.964988845,125.94,1139.9249039717797,"Czechia, CZ",0.9964708,48704103
2026-10-08T13:01:56.266737+00:00,vast.ai,marketplace,RTX 4090,3.339814814814815,1,23.99,96.85998884499999,29.001988845,62.53,686.0,"Alberta, CA",0.9951606,53752192
2026-10-08T13:01:56.266737+00:00,vast.ai,marketplace,H200 NVL,3.472685185185185,1,140.4,452.634988845,130.341988845,362.07,1332.229574370637,"Montana, US",0.9782386,53411504
2026-10-08T13:01:56.266737+00:00,vast.ai,marketplace,H200 NVL,4.001388888888889,1,140.4,453.115988845,113.239988845,503.75,412.5,"Japan, JP",0.9973058,45172712
2026-10-08T13:01:56.266737+00:00,vast.ai,marketplace,H200 NVL,4.0018518518518515,1,140.4,452.964988845,113.188988845,335.82,1938.3396827906108,"New Mexico, US",0.9658644,53278659
2026-10-08T13:01:56.266737+00:00,vast.ai,marketplace,H200 NVL,4.188055555555555,1,140.4,391.192988845,93.406988845,214.36,14.428571428571427,"Mississippi, US",0.9945101,50176561
2026-10-08T13:01:56.266737+00:00,vast.ai,marketplace,H200 NVL,4.6685185185185185,1,140.4,453.093988845,97.052988845,335.82,2113.7999999999997,"New Mexico, US",0.9653498,53278104
2026-10-08T13:01:56.266737+00:00,vast.ai,marketplace,H200,5.0027412280701755,1,140.4,233.297988845,46.633988845000005,188.93,611.1,"Germany, DE",0.9784361,53594621
2026-10-08T13:01:56.266737+00:00,vast.ai,marketplace,H200,5.120248538011696,1,140.4,491.886988845,96.066988845,377.93,2584.9764589548995,"Saudi Arabia, SA",0.9976541,39605030
2026-10-08T13:01:56.266737+00:00,vast.ai,marketplace,H200 NVL,5.597611111111111,1,140.4,388.240988845,69.358988845,188.39,295.625,"Texas, US",0.9733617,54220600
2026-10-08T13:01:56.266737+00:00,vast.ai,marketplace,H200 NVL,5.938148148148148,1,140.4,451.889988845,76.099988845,188.9,1714.5,"Czechia, CZ",0.9974683,47386249
2026-10-08T13:01:56.266737+00:00,vast.ai,marketplace,B200,6.251302083333333,1,179.06,675.5099888450001,108.05998884499999,249.5,2503.650063655749,"Oregon, US",0.9974374,51575923
2026-10-08T13:01:56.266737+00:00,vast.ai,marketplace,H100 SXM,7.821388888888889,1,79.65,238.228988845,30.458988844999997,221.46,2164.7329233166006,", US",0.998382,36346709
2026-10-08T13:01:56.266737+00:00,vast.ai,marketplace,B200,8.606510416666666,1,179.06,649.6679888450001,75.485988845,283.43,147.38046085436122,"Maryland, US",0.9938208,54839678
2026-10-08T13:01:56.266737+00:00,vast.ai,marketplace,RTX 5090,9.334898148148149,1,31.84,195.132988845,20.903988844999997,31.36,840.5,"Taiwan, TW",0.9909978,53630594
