collected_at,provider,tier,gpu_model,price_usd_per_hr,num_gpus,gpu_ram_gb,dlperf,dlperf_per_dollar,cpu_ram_gb,disk_space_gb,region,reliability,offer_id
2026-10-09T12:48:24.815568+00:00,vast.ai,marketplace,GTX 1650,0.047314814814814816,1,4.0,1.31475356,27.78975356,11.75,132.25,"Oregon, US",0.9854421,54332240
2026-10-09T12:48:24.815568+00:00,vast.ai,marketplace,GTX 1650,0.047314814814814816,1,4.0,1.25275356,26.46675356,11.75,124.0,"Oregon, US",0.9700586,54550276
2026-10-09T12:48:24.815568+00:00,vast.ai,marketplace,GTX 1660,0.04805555555555556,1,6.0,2.31675356,48.20475356,15.62,154.7,"South Korea, KR",0.9987053,45537930
2026-10-09T12:48:24.815568+00:00,vast.ai,marketplace,GTX 1080,0.052055555555555556,1,8.0,3.3307535600000002,63.97975356,10.46,264.16666666666663,"South Korea, KR",0.9926213,52708520
2026-10-09T12:48:24.815568+00:00,vast.ai,marketplace,GTX 1080,0.052055555555555556,1,8.0,3.35175356,64.38175356,15.52,94.0,"South Korea, KR",0.9921207,52708846
2026-10-09T12:48:24.815568+00:00,vast.ai,marketplace,GTX 1080 Ti,0.05472222222222223,1,11.0,5.34875356,97.74575356000001,15.64,283.0,"United Kingdom, GB",0.9835794,53744002
2026-10-09T12:48:24.815568+00:00,vast.ai,marketplace,GTX 1080,0.05472222222222223,1,8.0,3.3307535600000002,60.86175356,10.46,223.16666666666666,"South Korea, KR",0.996477,50870182
2026-10-09T12:48:24.815568+00:00,vast.ai,marketplace,Titan Xp,0.05472222222222223,1,12.0,5.757753559999999,105.21275356000001,10.45,231.6618883465617,"South Korea, KR",0.9955227,48369188
2026-10-09T12:48:24.815568+00:00,vast.ai,marketplace,RTX 3060,0.05472222222222223,1,12.0,12.06175356,220.41875356,25.18,91.58475142247347,"Quebec, CA",0.9768279,54743086
2026-10-09T12:48:24.815568+00:00,vast.ai,marketplace,RTX 3060,0.05472222222222223,1,12.0,12.54575356,229.25475355999998,20.95,221.83333333333331,"Quebec, CA",0.9967486,33679070
2026-10-09T12:48:24.815568+00:00,vast.ai,marketplace,RTX 2060,0.05472222222222223,1,6.0,3.1807535600000003,58.12875356,7.76,147.0,"South Korea, KR",0.9958808,46609727
2026-10-09T12:48:24.815568+00:00,vast.ai,marketplace,GTX 1660 S,0.05738888888888889,1,6.0,1.71275356,29.833753559999998,15.61,159.70000000000002,"Vietnam, VN",0.9926262,18613675
2026-10-09T12:48:24.815568+00:00,vast.ai,marketplace,RTX 3060 laptop,0.06051851851851851,1,12.0,12.78275356,211.22275356,15.59,353.5,"New Zealand, NZ",0.9968802,52026372
2026-10-09T12:48:24.815568+00:00,vast.ai,marketplace,RTX 3060,0.06092592592592593,1,12.0,12.33675356,202.48675355999998,15.63,273.5,"Poland, PL",0.9993835,45600364
2026-10-09T12:48:24.815568+00:00,vast.ai,marketplace,RTX 3060,0.06092592592592593,1,12.0,11.482753559999999,188.46275355999998,15.63,347.5,"Poland, PL",0.9990741,45602010
2026-10-09T12:48:24.815568+00:00,vast.ai,marketplace,Quadro P4000,0.061388888888888896,1,8.0,2.0837535600000003,33.94275356,15.46,92.5,"Romania, RO",0.9985871,43521342
2026-10-09T12:48:24.815568+00:00,vast.ai,marketplace,GTX 1080,0.061388888888888896,1,8.0,3.3307535600000002,54.25275356,11.7,187.5,"South Korea, KR",0.9877873,55005780
2026-10-09T12:48:24.815568+00:00,vast.ai,marketplace,Titan Xp,0.061388888888888896,1,12.0,5.757753559999999,93.78675356000001,10.46,256.389559340124,"South Korea, KR",0.9951826,48474937
2026-10-09T12:48:24.815568+00:00,vast.ai,marketplace,GTX 1660 S,0.061388888888888896,1,6.0,1.6887535599999999,27.49775356,15.67,376.725,"South Korea, KR",0.9967043,53989924
2026-10-09T12:48:24.815568+00:00,vast.ai,marketplace,RTX 3060,0.061388888888888896,1,12.0,12.41175356,202.18075356,15.55,99.0,"South Korea, KR",0.9973212,52603086
2026-10-09T12:48:24.815568+00:00,vast.ai,marketplace,Q RTX 4000,0.061388888888888896,1,8.0,4.10475356,66.85575356000001,7.67,91.5,"Spain, ES",0.9868521,48583412
2026-10-09T12:48:24.815568+00:00,vast.ai,marketplace,GTX 1080 Ti,0.06405555555555556,1,11.0,5.2127535599999995,81.37375356000001,7.73,175.5,"South Korea, KR",0.9966454,50029618
2026-10-09T12:48:24.815568+00:00,vast.ai,marketplace,GTX 1080 Ti,0.06405555555555556,1,11.0,5.2127535599999995,81.37375356000001,7.73,190.0,"South Korea, KR",0.9975083,50029569
2026-10-09T12:48:24.815568+00:00,vast.ai,marketplace,GTX 1080 Ti,0.0649814814814815,1,11.0,5.38475356,82.85875356000001,31.29,67.0,"South Korea, KR",0.9984566,37709426
2026-10-09T12:48:24.815568+00:00,vast.ai,marketplace,RTX 2060S,0.06538888888888889,1,8.0,3.9867535600000004,60.97275356,15.61,157.0,"Vietnam, VN",0.9945665,47528461
2026-10-09T12:48:24.815568+00:00,vast.ai,marketplace,RTX 2060S,0.06538888888888889,1,8.0,3.9867535600000004,60.97275356,15.59,130.1780725838969,"Vietnam, VN",0.933073,30053150
2026-10-09T12:48:24.815568+00:00,vast.ai,marketplace,RTX 3060,0.06694444444444445,1,12.0,12.33575356,184.27175355999998,15.59,360.0,"Norway, NO",0.9544269,54080769
2026-10-09T12:48:24.815568+00:00,vast.ai,marketplace,GTX 1660 S,0.06708333333333333,1,6.0,1.71275356,25.522753559999998,62.74,297.7000000000004,"Quebec, CA",0.9967728,48806764
2026-10-09T12:48:24.815568+00:00,vast.ai,marketplace,RTX 3060,0.06759259259259259,1,12.0,11.99475356,177.45475356,15.65,72.5,"Romania, RO",0.9984854,42699570
2026-10-09T12:48:24.815568+00:00,vast.ai,marketplace,GTX 1080 Ti,0.06805555555555555,1,11.0,5.34875356,78.59575356,15.64,378.5,"South Korea, KR",0.9980326,47674542
2026-10-09T12:48:24.815568+00:00,vast.ai,marketplace,Titan Xp,0.06805555555555555,1,12.0,5.01475356,73.68675356000001,8.96,105.42857142857142,"South Korea, KR",0.996235,32787365
2026-10-09T12:48:24.815568+00:00,vast.ai,marketplace,GTX TITAN X,0.06805555555555555,1,12.0,3.32775356,48.88975356,7.76,136.0,"South Korea, KR",0.994541,45748277
2026-10-09T12:48:24.815568+00:00,vast.ai,marketplace,RTX 3060,0.06805555555555555,1,12.0,12.26975356,180.28175356,18.83,101.4,"Quebec, CA",0.9986341,44437552
2026-10-09T12:48:24.815568+00:00,vast.ai,marketplace,RTX 3060,0.06805555555555555,1,12.0,12.26675356,180.23775356,10.46,189.33333333333331,"South Korea, KR",0.995409,38773087
2026-10-09T12:48:24.815568+00:00,vast.ai,marketplace,RTX 2070,0.06805555555555555,1,8.0,4.10475356,60.30675356,7.77,150.5,"South Korea, KR",0.9897037,54624258
2026-10-09T12:48:24.815568+00:00,vast.ai,marketplace,RTX 2070,0.06805555555555555,1,8.0,4.28075356,62.89175356,15.65,225.0,"Ontario, CA",0.9977993,54704961
2026-10-09T12:48:24.815568+00:00,vast.ai,marketplace,RTX 2070,0.06805555555555555,1,8.0,4.10475356,60.30675356,7.82,386.85,"South Korea, KR",0.981919,50701342
2026-10-09T12:48:24.815568+00:00,vast.ai,marketplace,GTX 1080 Ti,0.06833333333333333,1,11.0,5.45275356,79.79275356000001,15.57,19.0,"Spain, ES",0.9918486,50865915
2026-10-09T12:48:24.815568+00:00,vast.ai,marketplace,RTX 3060,0.06851851851851852,1,12.0,12.312753559999999,179.69675356,94.32,359.86025674361395,"Ohio, US",0.9743782,53025339
2026-10-09T12:48:24.815568+00:00,vast.ai,marketplace,GTX 1660,0.06851851851851852,1,6.0,2.31675356,33.80775356,62.93,356.5291174171275,"United Kingdom, GB",0.9978921,43339009
2026-10-09T12:48:24.815568+00:00,vast.ai,marketplace,RTX 3060,0.06898148148148148,1,12.0,12.26675356,177.82875356,31.26,108.0,"South Korea, KR",0.9911538,49757151
2026-10-09T12:48:24.815568+00:00,vast.ai,marketplace,RTX 3060,0.06898148148148148,1,12.0,12.54875356,181.90475356,31.04,16.0,"South Korea, KR",0.9941942,54880497
2026-10-09T12:48:24.815568+00:00,vast.ai,marketplace,RTX 3060,0.06944444444444445,1,12.0,12.26675356,176.63275356,15.49,55.0,"Indonesia, ID",0.9979141,50680598
2026-10-09T12:48:24.815568+00:00,vast.ai,marketplace,RTX 3060 laptop,0.06985185185185185,1,12.0,12.78175356,182.98575356,31.32,130.0,"New Zealand, NZ",0.9977946,54872701
2026-10-09T12:48:24.815568+00:00,vast.ai,marketplace,RTX 3060,0.07472222222222222,1,12.0,12.277753559999999,164.30975356,31.18,5.0,"South Korea, KR",0.9966908,54577650
2026-10-09T12:48:24.815568+00:00,vast.ai,marketplace,RTX 3060,0.07472222222222222,1,12.0,11.69375356,156.49375356,15.54,135.0,"South Korea, KR",0.9986806,50735856
2026-10-09T12:48:24.815568+00:00,vast.ai,marketplace,RTX 3060,0.07472222222222222,1,12.0,12.12575356,162.27475356,15.42,556.0,"Austria, AT",0.9994252,26610664
2026-10-09T12:48:24.815568+00:00,vast.ai,marketplace,RTX 4060,0.07611111111111112,1,8.0,15.65375356,205.66375356,15.72,136.125,"Nevada, US",0.9919784,50944069
2026-10-09T12:48:24.815568+00:00,vast.ai,marketplace,RTX A2000,0.07692592592592593,1,5.99,8.57375356,111.44775356000001,62.85,763.0,"British Columbia, CA",0.9982948,44117225
2026-10-09T12:48:24.815568+00:00,vast.ai,marketplace,RTX 3060 Ti,0.07738888888888888,1,8.0,12.63075356,163.20175356,15.64,62.5,"Romania, RO",0.9885263,54962758
2026-10-09T12:48:24.815568+00:00,vast.ai,marketplace,RTX 3060,0.08002777777777778,1,12.0,12.399753559999999,154.93875355999998,20.95,235.84017116240926,"Pennsylvania, US",0.9875768,53252577
2026-10-09T12:48:24.815568+00:00,vast.ai,marketplace,RTX 3060,0.08092592592592593,1,12.0,12.274753559999999,151.67375356,31.67,698.75,"Utah, US",0.9980662,34195874
2026-10-09T12:48:24.815568+00:00,vast.ai,marketplace,RTX 3060,0.08138888888888889,1,12.0,12.41175356,152.49775356,15.52,136.0,"South Korea, KR",0.9971105,52558198
2026-10-09T12:48:24.815568+00:00,vast.ai,marketplace,RTX 3060,0.08138888888888889,1,12.0,12.47675356,153.29475356,15.67,56.0,"Spain, ES",0.9977496,46810401
2026-10-09T12:48:24.815568+00:00,vast.ai,marketplace,RTX 3060,0.08138888888888889,1,12.0,12.258753559999999,150.61975356,15.52,61.0,"South Korea, KR",0.9920212,54058503
2026-10-09T12:48:24.815568+00:00,vast.ai,marketplace,RTX 2070,0.08138888888888889,1,8.0,4.10475356,50.42675356,15.52,127.0,"South Korea, KR",0.9886227,54796447
2026-10-09T12:48:24.815568+00:00,vast.ai,marketplace,RTX 3060,0.08157407407407408,1,12.0,12.47775356,152.95675355999998,31.47,356.27691707602867,"Texas, US",0.9914484,41247434
2026-10-09T12:48:24.815568+00:00,vast.ai,marketplace,Tesla V100,0.08185185185185186,1,16.0,20.17475356,246.47075356,31.26,202.475,"California, US",0.9827494,53827725
2026-10-09T12:48:24.815568+00:00,vast.ai,marketplace,Tesla V100,0.08185185185185186,1,16.0,18.72875356,228.80975356,31.26,387.1875,"California, US",0.9503794,53561997
2026-10-09T12:48:24.815568+00:00,vast.ai,marketplace,RTX 3060 laptop,0.08185185185185186,1,12.0,12.78175356,156.15875355999998,15.66,130.325,"New Zealand, NZ",0.9986618,54880094
2026-10-09T12:48:24.815568+00:00,vast.ai,marketplace,RTX 3070,0.08277777777777778,1,8.0,16.28075356,196.67775355999999,23.59,161.15,"Utah, US",0.9982226,50148857
2026-10-09T12:48:24.815568+00:00,vast.ai,marketplace,RTX 3060 Ti,0.0835925925925926,1,8.0,13.77875356,164.83075356,31.33,262.5,"Ontario, CA",0.9953676,18012464
2026-10-09T12:48:24.815568+00:00,vast.ai,marketplace,GTX 1060,0.08805555555555555,1,3.0,1.22075356,13.85875356,31.35,350.55,"Norway, NO",0.9993238,54431899
2026-10-09T12:48:24.815568+00:00,vast.ai,marketplace,RTX 3060,0.08805555555555555,1,12.0,12.11875356,137.62375355999998,20.9,180.0,"Sweden, SE",0.9973979,54052901
2026-10-09T12:48:24.815568+00:00,vast.ai,marketplace,RTX 5060,0.08898148148148148,1,7.96,28.56175356,320.98475356,20.96,200.995,"United States, US",0.995081,50138878
2026-10-09T12:48:24.815568+00:00,vast.ai,marketplace,RTX A4000,0.0915925925925926,1,15.99,19.75575356,215.68775356,41.93,25.5,"Japan, JP",0.9927685,49634068
2026-10-09T12:48:24.815568+00:00,vast.ai,marketplace,RTX 3060,0.09311111111111112,1,12.0,12.26675356,131.74475356,31.44,583.5645587085638,"Texas, US",0.9912204,49591763
2026-10-09T12:48:24.815568+00:00,vast.ai,marketplace,RTX 3070,0.0938888888888889,1,8.0,16.27875356,173.37775356,62.97,1167.839551080596,"Quebec, CA",0.9475868,54927853
2026-10-09T12:48:24.815568+00:00,vast.ai,marketplace,RTX 3070,0.09425925925925926,1,8.0,15.24675356,161.75375355999998,15.6,97.30000000000001,"Vietnam, VN",0.9921884,52925175
2026-10-09T12:48:24.815568+00:00,vast.ai,marketplace,RTX 3070,0.09425925925925926,1,8.0,16.28075356,172.72075356,31.18,273.0,"Vietnam, VN",0.9965751,54585358
2026-10-09T12:48:24.815568+00:00,vast.ai,marketplace,RTX 3070,0.09472222222222222,1,8.0,16.27875356,171.85275356,31.32,60.0,"Vietnam, VN",0.9939783,49499650
2026-10-09T12:48:24.815568+00:00,vast.ai,marketplace,RTX 3070,0.09472222222222222,1,8.0,16.02075356,169.13475355999998,31.22,732.0,"France, FR",0.8192977,20155807
2026-10-09T12:48:24.815568+00:00,vast.ai,marketplace,RTX 2060,0.09472222222222222,1,12.0,3.96975356,41.90975356,15.59,176.5,"South Korea, KR",0.997012,54805517
2026-10-09T12:48:24.815568+00:00,vast.ai,marketplace,RTX 2060,0.09472222222222222,1,12.0,3.96975356,41.90975356,15.59,161.5,"South Korea, KR",0.9969361,54610084
2026-10-09T12:48:24.815568+00:00,vast.ai,marketplace,RTX 4060 Ti,0.09472222222222222,1,8.0,17.63675356,186.19275356,15.63,337.5,"New Zealand, NZ",0.992378,54763936
2026-10-09T12:48:24.815568+00:00,vast.ai,marketplace,RTX 5060,0.09472222222222222,1,7.96,28.37975356,299.60775356000005,31.37,118.5,"Vietnam, VN",0.9975983,47092637
2026-10-09T12:48:24.815568+00:00,vast.ai,marketplace,Tesla P100,0.09564814814814815,1,16.0,6.48975356,67.84875356,23.23,680.25,"Texas, US",0.9815971,48743416
2026-10-09T12:48:24.815568+00:00,vast.ai,marketplace,Tesla P100,0.09564814814814815,1,16.0,6.48975356,67.84875356,39.01,542.925,"Texas, US",0.9957449,48981926
2026-10-09T12:48:24.815568+00:00,vast.ai,marketplace,RTX 2080 Ti,0.09611111111111112,1,22.0,11.04575356,114.92875356,31.47,148.97422211172864,"United States, US",0.9950059,43529654
2026-10-09T12:48:24.815568+00:00,vast.ai,marketplace,RTX 5060,0.09612962962962963,1,7.96,27.66675356,287.80775356000004,31.26,215.0,"Vietnam, VN",0.9747424,53079876
2026-10-09T12:48:24.815568+00:00,vast.ai,marketplace,RTX 5060,0.09612962962962963,1,7.96,28.25175356,293.89275356,31.28,304.0,"Vietnam, VN",0.994218,49766751
2026-10-09T12:48:24.815568+00:00,vast.ai,marketplace,RTX 3070,0.09888888888888889,1,8.0,16.24375356,164.25675356,15.63,319.0,"Illinois, US",0.9969497,52471044
2026-10-09T12:48:24.815568+00:00,vast.ai,marketplace,RTX 3060,0.09938888888888887,1,12.0,10.71175356,107.77175356000001,15.4,247.0,"Spain, ES",0.9947697,47893736
2026-10-09T12:48:24.815568+00:00,vast.ai,marketplace,RTX 2080 Ti,0.10005555555555555,1,22.0,11.04575356,110.39775356000001,17.97,156.85714285714286,"Thailand, TH",0.9874754,50286316
2026-10-09T12:48:24.815568+00:00,vast.ai,marketplace,RTX 3070,0.10138888888888888,1,8.0,16.28075356,160.57475356,31.26,64.0,"Ontario, CA",0.9968216,45611421
2026-10-09T12:48:24.815568+00:00,vast.ai,marketplace,RTX A4000,0.1063148148148148,1,15.99,21.19175356,199.32875356,35.33,333.11332416167977,"Estonia, EE",0.9938211,53990293
2026-10-09T12:48:24.815568+00:00,vast.ai,marketplace,Tesla P40,0.10672222222222222,1,24.0,5.879753559999999,55.08775356,62.81,701.0,"Thailand, TH",0.9860852,47185200
2026-10-09T12:48:24.815568+00:00,vast.ai,marketplace,RTX 4060 Ti,0.10680555555555556,1,16.0,22.516753559999998,210.82275356,23.57,245.17958475005645,"Jiangsu, CN",0.9956869,49517350
2026-10-09T12:48:24.815568+00:00,vast.ai,marketplace,RTX 2060,0.10694444444444445,1,12.0,4.0267535599999995,37.64675356,8.96,156.7142857142857,"South Korea, KR",0.9961669,35050685
2026-10-09T12:48:24.815568+00:00,vast.ai,marketplace,RTX 3060 Ti,0.1075925925925926,1,8.0,12.761753559999999,118.61175356000001,15.54,137.0,"Argentina, AR",0.9930405,53606754
2026-10-09T12:48:24.815568+00:00,vast.ai,marketplace,RTX A4000,0.10805555555555556,1,15.99,21.17275356,195.93975355999999,17.95,361.58511271327876,"Michigan, US",0.9834263,46301468
2026-10-09T12:48:24.815568+00:00,vast.ai,marketplace,RTX A4000,0.10805555555555556,1,15.99,21.18875356,196.08775355999998,23.57,72.75,"Delaware, US",0.9986994,48328449
2026-10-09T12:48:24.815568+00:00,vast.ai,marketplace,RTX 3070 Ti,0.10805555555555556,1,8.0,16.31175356,150.95975356,62.62,13.0,"Indonesia, ID",0.9934882,50970893
2026-10-09T12:48:24.815568+00:00,vast.ai,marketplace,RTX 3060,0.10805555555555556,1,12.0,12.415753559999999,114.89875356,62.94,636.5965353467867,"United Kingdom, GB",0.9847707,54512237
2026-10-09T12:48:24.815568+00:00,vast.ai,marketplace,RTX 3060,0.10805555555555556,1,12.0,12.47775356,115.47075356,31.25,114.0,"South Africa, ZA",0.9963876,50108416
2026-10-09T12:48:24.815568+00:00,vast.ai,marketplace,RTX 2060,0.10805555555555556,1,12.0,4.0267535599999995,37.25975356,10.46,246.4,"South Korea, KR",0.9959769,49698958
2026-10-09T12:48:24.815568+00:00,vast.ai,marketplace,RTX 3080,0.10805555555555556,1,10.0,26.30075356,243.40075356,15.45,72.0,"South Korea, KR",0.9941712,51267685
2026-10-09T12:48:24.815568+00:00,vast.ai,marketplace,RTX 4060 Ti,0.10851851851851853,1,16.0,22.66975356,208.90175356,20.88,201.0,"Ohio, US",0.9758122,51630301
2026-10-09T12:48:24.815568+00:00,vast.ai,marketplace,Tesla V100,0.10898148148148148,1,16.0,20.17475356,185.11475356,43.19,687.5,"Texas, US",0.9816507,30970798
2026-10-09T12:48:24.815568+00:00,vast.ai,marketplace,RTX 3060,0.10898148148148148,1,12.0,12.40775356,113.85275356000001,62.82,747.5,"Norway, NO",0.9985222,34538917
2026-10-09T12:48:24.815568+00:00,vast.ai,marketplace,RTX 4070 laptop,0.10944444444444446,1,8.0,15.76775356,144.07275356,30.64,103.0,"Romania, RO",0.9757785,53477141
2026-10-09T12:48:24.815568+00:00,vast.ai,marketplace,RTX 3060,0.10952222222222223,1,12.0,10.70975356,97.78775356000001,19.47,14.0,"Spain, ES",0.9905151,51773767
2026-10-09T12:48:24.815568+00:00,vast.ai,marketplace,RTX 3060,0.10992222222222221,1,12.0,10.70675356,97.39675356000001,19.5,527.0,"Spain, ES",0.9880286,48105707
2026-10-09T12:48:24.815568+00:00,vast.ai,marketplace,RTX 3060 laptop,0.11785185185185186,1,12.0,12.78175356,108.45775356,15.59,320.85,"New Zealand, NZ",0.9962276,51286013
2026-10-09T12:48:24.815568+00:00,vast.ai,marketplace,RTX 3060,0.11818888888888888,1,12.0,10.82075356,91.55175356000001,15.6,252.0,"Spain, ES",0.9955839,49418523
2026-10-09T12:48:24.815568+00:00,vast.ai,marketplace,RTX 3080 Ti,0.12064814814814816,1,12.0,34.43175356,285.38675356000005,15.68,156.25,"Germany, DE",0.973913,54200300
2026-10-09T12:48:24.815568+00:00,vast.ai,marketplace,RTX 3080 Ti,0.12064814814814816,1,12.0,32.67375356,270.81575356,11.7,71.9,"Poland, PL",0.9948111,51796616
2026-10-09T12:48:24.815568+00:00,vast.ai,marketplace,RTX A4000,0.1213888888888889,1,15.99,20.96875356,172.74275355999998,15.67,103.0,"Utah, US",0.9804048,50588421
2026-10-09T12:48:24.815568+00:00,vast.ai,marketplace,RTX A4000,0.12231481481481482,1,15.99,19.45975356,159.09275356,62.96,751.25,"Estonia, EE",0.9942414,50747396
2026-10-09T12:48:24.815568+00:00,vast.ai,marketplace,RTX 3070 Ti,0.12231481481481482,1,8.0,18.31275356,149.72075356,31.41,336.0,"Norway, NO",0.9974709,36538844
2026-10-09T12:48:24.815568+00:00,vast.ai,marketplace,Tesla V100,0.12277777777777779,1,32.0,23.19275356,188.89575356,39.31,224.5,"United States, US",0.9754159,47619164
2026-10-09T12:48:24.815568+00:00,vast.ai,marketplace,Tesla V100,0.12277777777777779,1,32.0,23.19275356,188.89575356,39.31,285.32500000000005,"Nevada, US",0.9956377,49757630
2026-10-09T12:48:24.815568+00:00,vast.ai,marketplace,RTX 5060 Ti,0.12462962962962965,1,15.93,38.38975356,308.02975356,31.28,260.0,"Ontario, CA",0.9589855,54719233
2026-10-09T12:48:24.815568+00:00,vast.ai,marketplace,RTX 4070S,0.12601851851851853,1,11.99,34.68375356,275.22575356000004,15.71,539.1166666666666,"Anhui, CN",0.9959991,49720135
2026-10-09T12:48:24.815568+00:00,vast.ai,marketplace,RTX 4070S,0.12601851851851853,1,11.99,34.79375356,276.09875356000003,11.78,164.25,"United States, US",0.9856879,42643529
2026-10-09T12:48:24.815568+00:00,vast.ai,marketplace,RTX 4060 Ti,0.13324017792592593,1,16.0,22.49875356,168.85975356,23.57,139.0,"California, US",0.9708595,52442691
2026-10-09T12:48:24.815568+00:00,vast.ai,marketplace,RTX 3060,0.1335,1,12.0,12.50775356,93.69075356,62.86,234.0,"New York, US",0.9906658,52140337
2026-10-09T12:48:24.815568+00:00,vast.ai,marketplace,RTX 3060,0.1337962962962963,1,12.0,12.69575356,94.88675356,31.18,1448.0,"Thailand, TH",0.9932627,50460350
2026-10-09T12:48:24.815568+00:00,vast.ai,marketplace,RTX 3060,0.13425925925925924,1,12.0,12.26675356,91.36775356000001,251.98,979.1335966577419,"Norway, NO",0.9947145,54533039
2026-10-09T12:48:24.815568+00:00,vast.ai,marketplace,RTX 5060 Ti,0.13462962962962963,1,15.93,38.51075356,286.04975356,31.08,661.0,"Quebec, CA",0.9825662,55014684
2026-10-09T12:48:24.815568+00:00,vast.ai,marketplace,RTX 4060 Ti,0.13472222222222222,1,16.0,22.62775356,167.95375356,31.18,231.0,"Kentucky, US",0.9824907,37529335
2026-10-09T12:48:24.815568+00:00,vast.ai,marketplace,RTX 4060 Ti,0.13472222222222222,1,16.0,22.52975356,167.22575356,19.43,321.0,"Kentucky, US",0.9762542,40407013
2026-10-09T12:48:24.815568+00:00,vast.ai,marketplace,RTX 4060 Ti,0.13472222222222222,1,16.0,22.522753559999998,167.18175356,31.18,256.0,"Kentucky, US",0.9957741,53613031
2026-10-09T12:48:24.815568+00:00,vast.ai,marketplace,RTX 5060 Ti,0.13472222222222222,1,15.93,38.28775356,284.19275356,15.54,666.0,"Florida, US",0.9951001,48952931
2026-10-09T12:48:24.815568+00:00,vast.ai,marketplace,RTX 4070,0.13518518518518519,1,11.99,21.91575356,162.11475356,31.42,383.32500000000005,"Alberta, CA",0.9965704,45498590
2026-10-09T12:48:24.815568+00:00,vast.ai,marketplace,RTX 3060,0.13518518518518519,1,12.0,12.40775356,91.78375356000001,15.59,325.5,"Florida, US",0.9927941,54705032
2026-10-09T12:48:24.815568+00:00,vast.ai,marketplace,RTX 4060 Ti,0.13518518518518519,1,16.0,22.522753559999998,166.60875356,31.33,1670.85,"Texas, US",0.9613706,54228398
2026-10-09T12:48:24.815568+00:00,vast.ai,marketplace,RTX 4070,0.1361111111111111,1,11.99,20.46975356,150.39175355999998,20.96,99.08333333333333,"Washington, US",0.9993185,16213982
2026-10-09T12:48:24.815568+00:00,vast.ai,marketplace,RTX A2000,0.13738888888888887,1,5.99,8.57475356,62.413753559999996,251.87,2623.0,"Italy, IT",0.9977141,38365789
2026-10-09T12:48:24.815568+00:00,vast.ai,marketplace,RTX 5060 Ti,0.13796296296296295,1,15.93,38.40375356,278.35975356,31.4,786.5,"Illinois, US",0.9991099,51078118
2026-10-09T12:48:24.815568+00:00,vast.ai,marketplace,RTX 5060 Ti,0.13796296296296295,1,15.93,38.33475356,277.86475356,31.3,305.0,"Texas, US",0.9954185,52793771
2026-10-09T12:48:24.815568+00:00,vast.ai,marketplace,RTX 5060 Ti,0.13796296296296295,1,15.93,38.38275356,278.21075356,31.31,715.0,"Illinois, US",0.9924792,50807227
2026-10-09T12:48:24.815568+00:00,vast.ai,marketplace,RTX 3090,0.13935185185185184,1,24.0,43.37075356,311.22875356000003,35.98,183.78571428571428,"Jiangsu, CN",0.991869,53871119
2026-10-09T12:48:24.815568+00:00,vast.ai,marketplace,RTX 3090,0.13935185185185184,1,24.0,40.721753559999996,292.21775356,31.46,89.75,"California, US",0.98902,52756388
2026-10-09T12:48:24.815568+00:00,vast.ai,marketplace,RTX 5060 Ti,0.14185185185185187,1,15.93,38.88775356,274.14275356,31.24,372.4,"Ontario, CA",0.9923652,53762169
2026-10-09T12:48:24.815568+00:00,vast.ai,marketplace,RTX 5060 Ti,0.14405555555555555,1,15.93,38.41675356,266.68175356,31.44,70.625,"Poland, PL",0.9868267,51539907
2026-10-09T12:48:24.815568+00:00,vast.ai,marketplace,Tesla V100,0.14712962962962964,1,32.0,23.19275356,157.63075356,46.98,618.8329393370199,"Sri Lanka, LK",0.996988,47359116
2026-10-09T12:48:24.815568+00:00,vast.ai,marketplace,RTX 3080,0.14759259259259258,1,10.0,27.13875356,183.87375355999998,31.25,802.0,"Argentina, AR",0.9981628,29430929
2026-10-09T12:48:24.815568+00:00,vast.ai,marketplace,RTX 3080,0.14759259259259258,1,10.0,25.57275356,173.26775356,31.3,737.0,"Argentina, AR",0.9958517,29430969
2026-10-09T12:48:24.815568+00:00,vast.ai,marketplace,RTX 5060 Ti,0.14759259259259258,1,15.93,38.39675356,260.15175356000003,23.53,73.0,"Bulgaria, BG",0.9931163,46881312
2026-10-09T12:48:24.815568+00:00,vast.ai,marketplace,RTX 5060 Ti,0.14782407407407408,1,15.93,38.38975356,259.69875356,31.36,228.55,"New Jersey, US",0.9966318,46239656
2026-10-09T12:48:24.815568+00:00,vast.ai,marketplace,RTX 5060 Ti,0.14782407407407408,1,15.93,38.50375356,260.47075356000005,31.36,1131.0,"New Jersey, US",0.9959404,47405019
2026-10-09T12:48:24.815568+00:00,vast.ai,marketplace,RTX 5060 Ti,0.14782407407407408,1,15.93,38.43075356,259.97575356000004,23.38,419.0,"New Jersey, US",0.9960903,53274772
2026-10-09T12:48:24.815568+00:00,vast.ai,marketplace,RTX 3090,0.14787037037037037,1,24.0,26.19875356,177.17175355999998,31.41,68.75,"France, FR",0.971429,51632299
2026-10-09T12:48:24.815568+00:00,vast.ai,marketplace,RTX 3090,0.14805555555555555,1,24.0,44.60575356,301.27675356000003,31.44,209.74094342965043,"Yunnan, CN",0.9942825,35580420
2026-10-09T12:48:24.815568+00:00,vast.ai,marketplace,Titan V,0.14805555555555555,1,12.0,21.92775356,148.10575355999998,15.59,377.5,"South Korea, KR",0.9970521,52709206
2026-10-09T12:48:24.815568+00:00,vast.ai,marketplace,RTX 3080,0.14805555555555555,1,10.0,25.82775356,174.44775356,15.57,252.0,"Austria, AT",0.9977929,47278881
2026-10-09T12:48:24.815568+00:00,vast.ai,marketplace,RTX 3080,0.14805555555555555,1,10.0,26.96275356,182.10775356,15.5,333.0,"Austria, AT",0.9939023,50662269
2026-10-09T12:48:24.815568+00:00,vast.ai,marketplace,RTX 3080,0.14805555555555555,1,10.0,26.97475356,182.19175356,15.52,695.0,"Austria, AT",0.9977581,50569051
2026-10-09T12:48:24.815568+00:00,vast.ai,marketplace,RTX 3060 Ti,0.14805555555555555,1,8.0,13.85375356,93.57075356,110.12,72.0,"Massachusetts, US",0.991237,46460412
2026-10-09T12:48:24.815568+00:00,vast.ai,marketplace,RTX 3060 Ti,0.14805555555555555,1,8.0,13.780753559999999,93.07375356,110.06,158.0,"Massachusetts, US",0.9399837,54508480
2026-10-09T12:48:24.815568+00:00,vast.ai,marketplace,RTX 3060 Ti,0.14805555555555555,1,8.0,13.93275356,94.10675356,94.31,152.25,"Massachusetts, US",0.9921537,47798927
2026-10-09T12:48:24.815568+00:00,vast.ai,marketplace,RTX 3060 Ti,0.14805555555555555,1,8.0,13.85175356,93.55475356000001,62.57,296.0,"Massachusetts, US",0.950388,54370637
2026-10-09T12:48:24.815568+00:00,vast.ai,marketplace,Tesla V100,0.14805555555555555,1,32.0,25.71375356,173.67175355999998,39.28,771.9214162599212,"Utah, US",0.984226,54056140
2026-10-09T12:48:24.815568+00:00,vast.ai,marketplace,RTX 5060 Ti,0.14805555555555555,1,15.93,38.36975356,259.15375356000004,23.47,347.0,"Denmark, DK",0.9914652,54255249
2026-10-09T12:48:24.815568+00:00,vast.ai,marketplace,RTX A2000,0.1481111111111111,1,5.99,8.575753559999999,57.90075356,125.74,5363.1,"Italy, IT",0.9963656,53893299
2026-10-09T12:48:24.815568+00:00,vast.ai,marketplace,RTX 5060 Ti,0.1512962962962963,1,15.93,38.38275356,253.69275356,31.26,702.0,"Illinois, US",0.9820908,51526997
2026-10-09T12:48:24.815568+00:00,vast.ai,marketplace,RTX 3070,0.1513622222222222,1,8.0,16.70675356,110.37675356000001,15.61,331.0,"Oklahoma, US",0.9683925,52610192
2026-10-09T12:48:24.815568+00:00,vast.ai,marketplace,RTX 3090,0.15268518518518517,1,24.0,44.36775356,290.58075356,53.96,272.0,"United States, US",0.9754484,48317514
2026-10-09T12:48:24.815568+00:00,vast.ai,marketplace,RTX 3090,0.15268518518518517,1,24.0,44.36275356,290.54675356,47.19,683.75,"United States, US",0.9899704,41028911
2026-10-09T12:48:24.815568+00:00,vast.ai,marketplace,RTX 3060 Ti,0.15818888888888888,1,8.0,11.681753559999999,73.84575356,31.23,261.0,"Spain, ES",0.9958788,45010918
2026-10-09T12:48:24.815568+00:00,vast.ai,marketplace,Tesla V100,0.16046296296296297,1,32.0,23.19275356,144.53275356,62.85,350.0,"Sri Lanka, LK",0.9981235,46568460
2026-10-09T12:48:24.815568+00:00,vast.ai,marketplace,RTX 5060 Ti,0.16092592592592592,1,15.93,38.38275356,238.51275356,62.69,3317.5,"Maryland, US",0.9090585,54581412
2026-10-09T12:48:24.815568+00:00,vast.ai,marketplace,RTX 3080,0.1611388888888889,1,10.0,26.32375356,163.35675356,20.55,75.0,"France, FR",0.9401266,54684848
2026-10-09T12:48:24.815568+00:00,vast.ai,marketplace,Titan V,0.1613888888888889,1,12.0,21.92875356,135.87475356,15.59,368.0,"South Korea, KR",0.9979773,50869993
2026-10-09T12:48:24.815568+00:00,vast.ai,marketplace,RTX 4060 Ti,0.1613888888888889,1,8.0,18.02575356,111.69275356,31.18,677.0,"Mexico, MX",0.9971657,54254159
2026-10-09T12:48:24.815568+00:00,vast.ai,marketplace,RTX 4060 Ti,0.1613888888888889,1,16.0,22.60275356,140.05175355999998,31.27,274.0,"Kentucky, US",0.994134,30829053
2026-10-09T12:48:24.815568+00:00,vast.ai,marketplace,RTX 4060 Ti,0.1613888888888889,1,16.0,22.50475356,139.44575355999999,15.63,165.0,"Ireland, IE",0.9962314,53187518
2026-10-09T12:48:24.815568+00:00,vast.ai,marketplace,Tesla V100,0.1613888888888889,1,32.0,23.19275356,143.70375356,31.45,265.5,"British Columbia, CA",0.9768628,45783721
2026-10-09T12:48:24.815568+00:00,vast.ai,marketplace,RTX 5060 Ti,0.1613888888888889,1,15.93,38.40375356,237.95475356,62.72,201.0,"South Africa, ZA",0.9937724,53576983
2026-10-09T12:48:24.815568+00:00,vast.ai,marketplace,RTX 3080,0.16185185185185186,1,10.0,27.10975356,167.49775356,15.55,335.0,"Austria, AT",0.9842266,52468283
2026-10-09T12:48:24.815568+00:00,vast.ai,marketplace,RTX 3060 Ti,0.16231481481481483,1,8.0,13.777753559999999,84.87975356000001,62.96,356.8375,"Norway, NO",0.9936205,53038585
2026-10-09T12:48:24.815568+00:00,vast.ai,marketplace,RTX 4060 Ti,0.16231481481481483,1,16.0,22.58475356,139.14075355999998,62.96,84.25,"Norway, NO",0.9972851,31011000
2026-10-09T12:48:24.815568+00:00,vast.ai,marketplace,RTX 5060 Ti,0.16231481481481483,1,15.93,38.77075356,238.85675356,41.89,540.0,"France, FR",0.9836708,52554318
2026-10-09T12:48:24.815568+00:00,vast.ai,marketplace,RTX 3080,0.1645185185185185,1,10.0,20.15675356,122.52175356000001,10.4,140.0,"Spain, ES",0.9929132,50715179
2026-10-09T12:48:24.815568+00:00,vast.ai,marketplace,Tesla T4,0.16749999999999998,1,16.0,4.40075356,26.272753559999998,125.93,3025.5,"Norway, NO",0.9978917,41364915
2026-10-09T12:48:24.815568+00:00,vast.ai,marketplace,RTX 5060 Ti,0.16759259259259257,1,15.93,38.29375356,228.49475356,31.44,169.75,"Australia, AU",0.9978323,54073754
2026-10-09T12:48:24.815568+00:00,vast.ai,marketplace,RTX 3070,0.16805422222222222,1,8.0,16.28075356,96.87675356000001,20.93,95.00000000000001,"Oklahoma, US",0.9914292,53049417
2026-10-09T12:48:24.815568+00:00,vast.ai,marketplace,RTX 3080,0.16805555555555554,1,10.0,26.96075356,160.42375356,31.14,112.0,"Argentina, AR",0.9855229,45863091
2026-10-09T12:48:24.815568+00:00,vast.ai,marketplace,RTX 5060 Ti,0.16805555555555554,1,15.93,38.89475356,231.43875355999998,62.72,723.0,"Ontario, CA",0.9988525,51229108
2026-10-09T12:48:24.815568+00:00,vast.ai,marketplace,RTX 3070,0.17205555555555554,1,8.0,16.27975356,94.61775356000001,188.63,1833.0,"Quebec, CA",0.998493,54534174
2026-10-09T12:48:24.815568+00:00,vast.ai,marketplace,RTX 3090,0.17425925925925925,1,24.0,38.28775356,219.71375356,15.71,121.6214162599213,"Bulgaria, BG",0.9900322,31458820
2026-10-09T12:48:24.815568+00:00,vast.ai,marketplace,RTX 4000Ada,0.17425925925925925,1,20.0,31.23175356,179.22475355999998,31.39,292.5,"Romania, RO",0.9958594,54823466
2026-10-09T12:48:24.815568+00:00,vast.ai,marketplace,RTX 4060 Ti,0.17425925925925925,1,16.0,22.48075356,129.00775356,31.19,160.0,"Argentina, AR",0.9794058,54039597
2026-10-09T12:48:24.815568+00:00,vast.ai,marketplace,RTX 4000Ada,0.17435185185185187,1,20.0,31.33675356,179.73175356,41.88,489.0,"Romania, RO",0.9757067,53673195
2026-10-09T12:48:24.815568+00:00,vast.ai,marketplace,RTX 3090,0.17472222222222222,1,24.0,43.90575356,251.28675356,41.83,357.0,"Ukraine, UA",0.9586157,41833649
2026-10-09T12:48:24.815568+00:00,vast.ai,marketplace,RTX 3070,0.17472222222222222,1,8.0,12.21575356,69.91475356000001,10.42,243.33333333333331,"France, FR",0.9983058,51557330
2026-10-09T12:48:24.815568+00:00,vast.ai,marketplace,RTX 3070 Ti,0.17472222222222222,1,8.0,18.21075356,104.22575356,62.57,283.0,"Massachusetts, US",0.9945811,44162569
2026-10-09T12:48:24.815568+00:00,vast.ai,marketplace,RTX 3080 Ti,0.17472222222222222,1,12.0,33.97375356,194.44475355999998,36.64,463.66666666666663,"Quebec, CA",0.9980497,44116402
2026-10-09T12:48:24.815568+00:00,vast.ai,marketplace,RTX 5060 Ti,0.17472222222222222,1,15.93,38.52475356,220.48975356,15.55,74.0,"Spain, ES",0.9959827,43384717
2026-10-09T12:48:24.815568+00:00,vast.ai,marketplace,RTX 5060 Ti,0.1751851851851852,1,15.93,38.38275356,219.09875356,47.04,1623.25,"Texas, US",0.9972476,54228200
2026-10-09T12:48:24.815568+00:00,vast.ai,marketplace,RTX 3080 Ti,0.1761111111111111,1,12.0,33.96975356,192.88775356,62.84,833.15,"Thailand, TH",0.9927411,54225171
2026-10-09T12:48:24.815568+00:00,vast.ai,marketplace,RTX 3060 Ti,0.1773888888888889,1,8.0,11.546753559999999,65.08975356,7.61,260.0,"Spain, ES",0.9959254,46485962
2026-10-09T12:48:24.815568+00:00,vast.ai,marketplace,RTX 5060 Ti,0.1773888888888889,1,15.93,38.90175356,219.30075356,62.94,304.1189367138169,"Germany, DE",0.9939837,48190500
2026-10-09T12:48:24.815568+00:00,vast.ai,marketplace,RTX 4060 Ti,0.18412592592592592,1,16.0,22.51075356,122.25875356,46.99,664.85,"Japan, JP",0.9970296,50710712
2026-10-09T12:48:24.815568+00:00,vast.ai,marketplace,RTX 5070,0.18731481481481482,1,11.94,50.16275356,267.79575356000004,62.97,1313.0,"Quebec, CA",0.9826309,54877115
2026-10-09T12:48:24.815568+00:00,vast.ai,marketplace,RTX 3090,0.1875925925925926,1,24.0,44.33375356,236.32675356,31.24,485.0,"United Arab Emirates, AE",0.8753384,48405153
2026-10-09T12:48:24.815568+00:00,vast.ai,marketplace,RTX 3090,0.1875925925925926,1,24.0,44.38175356,236.58575356,31.25,619.0,"United Arab Emirates, AE",0.996569,53293147
2026-10-09T12:48:24.815568+00:00,vast.ai,marketplace,RTX 3090,0.1875925925925926,1,24.0,44.36075356,236.47375356,26.51,241.6624982047383,"Bulgaria, BG",0.903668,50092469
2026-10-09T12:48:24.815568+00:00,vast.ai,marketplace,RTX 3090,0.18805555555555556,1,24.0,44.57475356,237.03075356,31.26,419.4,"Jordan, JO",0.8072262,51230880
2026-10-09T12:48:24.815568+00:00,vast.ai,marketplace,RTX A5000,0.18805555555555556,1,22.49,33.12175356,176.12775356,94.38,667.675,"Australia, AU",0.9760609,11925444
2026-10-09T12:48:24.815568+00:00,vast.ai,marketplace,RTX 3080,0.18811111111111112,1,10.0,26.96075356,143.31975355999998,31.26,763.0,"Argentina, AR",0.9975935,29430973
2026-10-09T12:48:24.815568+00:00,vast.ai,marketplace,RTX PRO 4000,0.18851851851851853,1,23.89,65.70475356,348.53075356,61.82,1636.3,"Japan, JP",0.9287363,54619730
2026-10-09T12:48:24.815568+00:00,vast.ai,marketplace,RTX 5070,0.18851851851851853,1,11.94,50.346753559999996,267.06375356,23.26,368.0,"France, FR",0.9871313,52810517
2026-10-09T12:48:24.815568+00:00,vast.ai,marketplace,RTX 5060 Ti,0.18938888888888886,1,15.93,38.38975356,202.70275356,31.2,1624.5,"Maryland, US",0.9963266,42458622
2026-10-09T12:48:24.815568+00:00,vast.ai,marketplace,RTX 3090,0.19268518518518518,1,24.0,40.52675356,210.32375356,29.3,292.0,"Romania, RO",0.9785301,54328025
2026-10-09T12:48:24.815568+00:00,vast.ai,marketplace,RTX 5060 Ti,0.19879259259259258,1,15.93,38.89475356,195.65375355999998,47.09,799.0,"Japan, JP",0.9891792,52971299
2026-10-09T12:48:24.815568+00:00,vast.ai,marketplace,RTX 5060 Ti,0.19985925925925924,1,15.93,38.92975356,194.78375355999998,31.36,838.35,"Japan, JP",0.9649084,52992625
2026-10-09T12:48:24.815568+00:00,vast.ai,marketplace,RTX 5060 Ti,0.2011111111111111,1,15.93,38.37575356,190.81975355999998,125.93,1346.8591605840593,"Norway, NO",0.9907288,54500708
2026-10-09T12:48:24.815568+00:00,vast.ai,marketplace,RTX 5060 Ti,0.2012037037037037,1,15.93,38.410753559999996,190.90175356,125.88,568.7,"Norway, NO",0.9892272,54518474
2026-10-09T12:48:24.815568+00:00,vast.ai,marketplace,RTX 3090,0.20138888888888887,1,24.0,43.36075356,215.30975356,62.88,108.5,"Sweden, SE",0.8811004,41666480
2026-10-09T12:48:24.815568+00:00,vast.ai,marketplace,RTX 3090,0.20138888888888887,1,24.0,36.95275356,183.48875356,20.93,119.83333333333333,"Taiwan, TW",0.9974251,35957822
2026-10-09T12:48:24.815568+00:00,vast.ai,marketplace,RTX 3090,0.20138888888888887,1,24.0,44.65975356,221.75975355999998,23.57,158.0,"Chile, CL",0.9786508,54311344
2026-10-09T12:48:24.815568+00:00,vast.ai,marketplace,RTX 3080,0.20138888888888887,1,10.0,27.11175356,134.62475356,31.32,397.0,"Taiwan, TW",0.9987587,35966568
2026-10-09T12:48:24.815568+00:00,vast.ai,marketplace,RTX 3080,0.20138888888888887,1,10.0,26.54575356,131.81375355999998,15.65,150.45,"Taiwan, TW",0.9986858,40278911
2026-10-09T12:48:24.815568+00:00,vast.ai,marketplace,RTX 3080,0.20138888888888887,1,10.0,27.019753559999998,134.16775356,15.59,387.0,"Taiwan, TW",0.9914663,50519288
2026-10-09T12:48:24.815568+00:00,vast.ai,marketplace,RTX 3080,0.20138888888888887,1,10.0,27.25775356,135.34675356,15.59,338.0,"Taiwan, TW",0.9984661,37206301
2026-10-09T12:48:24.815568+00:00,vast.ai,marketplace,Tesla V100,0.20138888888888887,1,32.0,25.71375356,127.67875356,62.82,584.0,"Colorado, US",0.9931705,54179180
2026-10-09T12:48:24.815568+00:00,vast.ai,marketplace,RTX 5060 Ti,0.20138888888888887,1,15.93,38.54575356,191.39575356,125.79,513.0,"Quebec, CA",0.997185,54579203
2026-10-09T12:48:24.815568+00:00,vast.ai,marketplace,RTX 5060 Ti,0.20138888888888887,1,15.93,38.36975356,190.52275355999998,15.59,306.5,"South Korea, KR",0.998533,51204021
2026-10-09T12:48:24.815568+00:00,vast.ai,marketplace,Tesla P100,0.20166666666666666,1,16.0,5.82375356,28.87475356,251.88,144.2,"United Kingdom, GB",0.9960484,35888793
2026-10-09T12:48:24.815568+00:00,vast.ai,marketplace,RTX PRO 4000,0.2023148148148148,1,23.89,65.58475356000001,324.17075356000004,94.31,561.5,"Alberta, CA",0.9894971,52604145
2026-10-09T12:48:24.815568+00:00,vast.ai,marketplace,RTX 3060,0.20796296296296296,1,12.0,12.40775356,59.660753559999996,167.84,491.10000000000014,"Norway, NO",0.9947976,54487210
2026-10-09T12:48:24.815568+00:00,vast.ai,marketplace,RTX 3090,0.20805555555555555,1,24.0,44.84775356,215.55375356,31.44,73.25,"Taiwan, TW",0.9769389,54042510
2026-10-09T12:48:24.815568+00:00,vast.ai,marketplace,Tesla V100,0.21205555555555555,1,32.0,25.71375356,121.25675356,94.14,933.6953517457897,"Minnesota, US",0.9994824,32302947
2026-10-09T12:48:24.815568+00:00,vast.ai,marketplace,RTX 5060 Ti,0.2137259259259259,1,15.93,38.89475356,181.98375356,94.17,1675.8,"Japan, JP",0.9565009,54057250
2026-10-09T12:48:24.815568+00:00,vast.ai,marketplace,RTX 5060 Ti,0.21379629629629632,1,15.93,38.38275356,179.52975356,125.94,9838.281763232575,"Denmark, DK",0.964846,54491068
2026-10-09T12:48:24.815568+00:00,vast.ai,marketplace,RTX 3090,0.21425925925925926,1,24.0,48.80775356,227.79775356,62.85,1254.4,"Latvia, LV",0.9574122,54468718
2026-10-09T12:48:24.815568+00:00,vast.ai,marketplace,RTX 5070,0.21425925925925926,1,11.94,50.01575356,233.43275355999998,62.67,700.0,"Nevada, US",0.9961883,51172652
2026-10-09T12:48:24.815568+00:00,vast.ai,marketplace,RTX 3080 Ti,0.21472222222222223,1,12.0,32.32775356,150.55475356,15.66,214.5,"Taiwan, TW",0.9995105,49746675
2026-10-09T12:48:24.815568+00:00,vast.ai,marketplace,RTX 3080 Ti,0.21472222222222223,1,12.0,33.80275356,157.42575356,15.59,324.0,"Taiwan, TW",0.9976261,42962522
2026-10-09T12:48:24.815568+00:00,vast.ai,marketplace,RTX 3080 Ti,0.21472222222222223,1,12.0,34.52275356,160.77675356,15.59,308.0,"Taiwan, TW",0.9982356,42962386
2026-10-09T12:48:24.815568+00:00,vast.ai,marketplace,RTX 3090,0.2151851851851852,1,24.0,42.59075356,197.92675355999998,31.46,636.25,"Quebec, CA",0.9979749,29850348
2026-10-09T12:48:24.815568+00:00,vast.ai,marketplace,RTX 4070S Ti,0.21583333333333335,1,15.99,51.47975356,238.51375356,31.35,1642.85,"Texas, US",0.9931009,54228159
2026-10-09T12:48:24.815568+00:00,vast.ai,marketplace,RTX 3080 Ti,0.21605555555555556,1,12.0,34.52375356,159.78975355999998,30.47,637.0,"Switzerland, CH",0.965987,55005917
2026-10-09T12:48:24.815568+00:00,vast.ai,marketplace,Tesla V100,0.2188888888888889,1,32.0,25.71375356,117.47075356,62.87,1629.0,"Bulgaria, BG",0.9857733,35822233
2026-10-09T12:48:24.815568+00:00,vast.ai,marketplace,RTX 4070S,0.21968219392592592,1,11.99,34.74175356,158.14675355999998,23.56,400.725,"California, US",0.9543118,54153931
2026-10-09T12:48:24.815568+00:00,vast.ai,marketplace,RTX 4070S,0.21990840325925926,1,11.99,34.68875356,157.74275355999998,15.68,382.75,"California, US",0.990834,51485192
2026-10-09T12:48:24.815568+00:00,vast.ai,marketplace,RTX 4060 Ti,0.2253888888888889,1,16.0,22.51075356,99.87575356,62.89,728.65,"Quebec, CA",0.9984913,49645021
2026-10-09T12:48:24.815568+00:00,vast.ai,marketplace,RTX 3090,0.22805555555555557,1,24.0,44.36475356,194.53475355999998,125.79,1145.95,"Nevada, US",0.9910579,53784864
2026-10-09T12:48:24.815568+00:00,vast.ai,marketplace,RTX 4060 Ti,0.2293888888888889,1,16.0,22.93675356,99.98875356,31.11,513.0,"The Netherlands, NL",0.9715172,54878901
2026-10-09T12:48:24.815568+00:00,vast.ai,marketplace,RTX A5000,0.23170370370370372,1,23.99,34.91575356,150.69075356,100.7,10.4,"Ireland, IE",0.99839,9817751
2026-10-09T12:48:24.815568+00:00,vast.ai,marketplace,RTX A5000,0.23205555555555557,1,23.99,34.91975356,150.47875356,100.71,37.0,"Romania, RO",0.9953447,13273598
2026-10-09T12:48:24.815568+00:00,vast.ai,marketplace,RTX 3090,0.23518518518518516,1,24.0,42.67375356,181.44575355999999,31.24,163.5,"Spain, ES",0.9851675,54122362
2026-10-09T12:48:24.815568+00:00,vast.ai,marketplace,RTX 4070S Ti,0.2403703703703704,1,15.99,51.02075356,212.25975355999998,62.94,261.328517101335,"Arizona, US",0.9929456,54598979
2026-10-09T12:48:24.815568+00:00,vast.ai,marketplace,RTX 4070S,0.24131263925925922,1,11.99,34.74175356,143.97075356,15.7,179.25,"California, US",0.9848744,52442778
2026-10-09T12:48:24.815568+00:00,vast.ai,marketplace,RTX 3090,0.2413888888888889,1,24.0,44.36475356,183.78975355999998,31.4,738.75,"Nevada, US",0.9909294,53433771
2026-10-09T12:48:24.815568+00:00,vast.ai,marketplace,RTX 3090,0.2413888888888889,1,24.0,44.31175356,183.57075355999999,29.35,1528.0,"Taiwan, TW",0.9991532,47957835
2026-10-09T12:48:24.815568+00:00,vast.ai,marketplace,RTX A5000,0.2413888888888889,1,23.99,34.913753559999996,144.63475355999998,100.7,53.2,"Ireland, IE",0.9868831,52710386
2026-10-09T12:48:24.815568+00:00,vast.ai,marketplace,Titan RTX,0.2413888888888889,1,24.0,12.05775356,49.94975356,15.59,312.5,"South Korea, KR",0.9976467,50869879
2026-10-09T12:48:24.815568+00:00,vast.ai,marketplace,Titan RTX,0.2413888888888889,1,24.0,12.05775356,49.94975356,31.32,356.5,"South Korea, KR",0.9986527,50736362
2026-10-09T12:48:24.815568+00:00,vast.ai,marketplace,RTX 3090,0.24185185185185187,1,24.0,44.36775356,183.44875356,31.4,235.75,"Utah, US",0.983283,54055984
2026-10-09T12:48:24.815568+00:00,vast.ai,marketplace,RTX 3080,0.24185185185185187,1,10.0,27.11175356,112.10175356,15.59,366.5,"Florida, US",0.9962427,54409807
2026-10-09T12:48:24.815568+00:00,vast.ai,marketplace,RTX 5080,0.2427777777777778,1,15.92,83.63975356,344.51275356,27.5,339.3313777784635,"Utah, US",0.9978663,47549798
2026-10-09T12:48:24.815568+00:00,vast.ai,marketplace,RTX 3090,0.24370370370370373,1,24.0,44.89075356,184.20175356,28.26,526.0724427649701,"Estonia, EE",0.9897396,45557886
2026-10-09T12:48:24.815568+00:00,vast.ai,marketplace,RTX 3090,0.2508333333333333,1,24.0,44.33675356,176.75675356,39.22,169.5,"Quebec, CA",0.9960595,54768735
2026-10-09T12:48:24.815568+00:00,vast.ai,marketplace,RTX 4080S,0.25216666666666665,1,15.99,13.87775356,55.03475356,31.27,701.0,"Ontario, CA",0.9925687,54890431
2026-10-09T12:48:24.815568+00:00,vast.ai,marketplace,RTX 3090,0.2533888888888889,1,24.0,40.49675356,159.81875356,31.44,254.125,"Thailand, TH",0.9817922,49290340
2026-10-09T12:48:24.815568+00:00,vast.ai,marketplace,Q RTX 8000,0.25425925925925924,1,45.0,11.59075356,45.58475356,47.22,113.625,"Indiana, US",0.9976133,24936690
2026-10-09T12:48:24.815568+00:00,vast.ai,marketplace,RTX PRO 4000,0.2547222222222222,1,23.89,65.76475356,258.18075356,62.88,30.25,"South Korea, KR",0.9974646,53534353
2026-10-09T12:48:24.815568+00:00,vast.ai,marketplace,RTX 3090,0.25914546807407407,1,24.0,44.35575356,171.16075356,31.41,367.725,"California, US",0.9456095,52591893
2026-10-09T12:48:24.815568+00:00,vast.ai,marketplace,RTX 5060 Ti,0.2677777777777778,1,15.93,38.86675356,145.14575356,503.88,683.5,"Texas, US",0.9941929,53710923
2026-10-09T12:48:24.815568+00:00,vast.ai,marketplace,RTX 3090,0.26805555555555555,1,24.0,44.64975356,166.56775356,31.32,305.5,"South Korea, KR",0.9924946,50704389
2026-10-09T12:48:24.815568+00:00,vast.ai,marketplace,RTX 3090,0.26805555555555555,1,24.0,31.93275356,119.12675356000001,31.36,24.5,"Quebec, CA",0.9952041,53187189
2026-10-09T12:48:24.815568+00:00,vast.ai,marketplace,RTX 2060S,0.26805555555555555,1,8.0,3.87675356,14.46075356,23.4,2404.0,"California, US",0.9736056,50950849
2026-10-09T12:48:24.815568+00:00,vast.ai,marketplace,RTX 4070S Ti,0.26805555555555555,1,15.99,51.01075356,190.29675355999998,62.82,1552.0,"Minnesota, US",0.9997485,53490815
2026-10-09T12:48:24.815568+00:00,vast.ai,marketplace,RTX 3080 Ti,0.26805555555555555,1,12.0,33.96775356,126.71875356000001,31.19,695.0,"Florida, US",0.9959955,54705057
2026-10-09T12:48:24.815568+00:00,vast.ai,marketplace,L4,0.26805555555555555,1,22.49,25.31475356,94.43775356,47.14,329.0,"Czechia, CZ",0.9978439,49498406
2026-10-09T12:48:24.815568+00:00,vast.ai,marketplace,Tesla V100,0.26805555555555555,1,32.0,25.71375356,95.92475356000001,125.94,641.5,"Minnesota, US",0.9627432,42722539
2026-10-09T12:48:24.815568+00:00,vast.ai,marketplace,RTX 5060 Ti,0.26805555555555555,1,15.93,38.36975356,143.13875356,62.94,1308.68272115859,"Texas, US",0.997924,50417793
2026-10-09T12:48:24.815568+00:00,vast.ai,marketplace,RTX PRO 4000,0.2683333333333333,1,23.89,65.72875356,244.95075355999998,30.2,9.0,"Puerto Rico, PR",0.9913449,44170201
2026-10-09T12:48:24.815568+00:00,vast.ai,marketplace,RTX 4060 Ti,0.2685185185185185,1,16.0,22.50475356,83.81175356000001,124.44,531.0508865328034,"Texas, US",0.9983264,37119331
2026-10-09T12:48:24.815568+00:00,vast.ai,marketplace,RTX PRO 4000,0.2689814814814815,1,23.89,65.72875356,244.36075356,41.92,504.5,"France, FR",0.9958054,47658254
2026-10-09T12:48:24.815568+00:00,vast.ai,marketplace,RTX 3090,0.26944444444444443,1,24.0,44.36075356,164.63775356,62.62,1504.0,"Texas, US",0.9735061,54228078
2026-10-09T12:48:24.815568+00:00,vast.ai,marketplace,Q RTX 8000,0.26944444444444443,1,45.0,11.59075356,43.01575356,62.89,600.25,"Delaware, US",0.9990025,45242103
2026-10-09T12:48:24.815568+00:00,vast.ai,marketplace,RTX 3090,0.2778518518518518,1,24.0,42.88975356,154.36075356,31.36,331.75,"Norway, NO",0.9993834,55005388
2026-10-09T12:48:24.815568+00:00,vast.ai,marketplace,RTX 3090,0.2778518518518518,1,24.0,41.31375356,148.68975355999999,31.37,746.75,"Norway, NO",0.9843255,55005134
2026-10-09T12:48:24.815568+00:00,vast.ai,marketplace,RTX PRO 4000,0.27990740740740744,1,23.89,66.87575356,238.91875356,31.44,487.189824043682,"North Carolina, US",0.9890031,53419822
2026-10-09T12:48:24.815568+00:00,vast.ai,marketplace,RTX PRO 4000,0.2827777777777778,1,23.89,65.71675356,232.39575356,62.88,525.25,"Slovakia, SK",0.9976572,45623844
2026-10-09T12:48:24.815568+00:00,vast.ai,marketplace,RTX 3090,0.2942592592592593,1,24.0,44.36375356,150.76275356,31.45,323.375,"Czechia, CZ",0.9129407,30293576
2026-10-09T12:48:24.815568+00:00,vast.ai,marketplace,RTX 3090,0.2942592592592593,1,24.0,44.36775356,150.77675356,50.3,55.2,"Czechia, CZ",0.9766973,33877199
2026-10-09T12:48:24.815568+00:00,vast.ai,marketplace,RTX 5070 Ti,0.2942592592592593,1,15.92,76.08075356,258.54775356000005,62.71,671.0,"Nevada, US",0.9851089,53288946
2026-10-09T12:48:24.815568+00:00,vast.ai,marketplace,RTX 5070 Ti,0.2942592592592593,1,15.92,77.91075356,264.76975356,29.08,324.0,"Latvia, LV",0.9886974,53471395
2026-10-09T12:48:24.815568+00:00,vast.ai,marketplace,RTX 3090,0.2947222222222222,1,24.0,44.34475356,150.46375356,62.68,1695.6,"Washington, US",0.9708088,54262297
2026-10-09T12:48:24.815568+00:00,vast.ai,marketplace,RTX 5080,0.2947222222222222,1,15.92,83.70175356,284.00275356000003,31.28,759.0,"Taiwan, TW",0.9970803,47178769
2026-10-09T12:48:24.815568+00:00,vast.ai,marketplace,RTX 5080,0.29518518518518516,1,15.92,83.66975356,283.44675356000005,31.46,204.475,"California, US",0.8986847,55008076
2026-10-09T12:48:24.815568+00:00,vast.ai,marketplace,RTX 5070 Ti,0.2961111111111111,1,15.92,65.43675356000001,220.98575356,31.28,351.0,"Arizona, US",0.9918136,51987082
2026-10-09T12:48:24.815568+00:00,vast.ai,marketplace,RTX 3090,0.3013888888888889,1,24.0,44.84575356,148.79675355999998,31.41,295.75,"New York, US",0.9938562,54335453
2026-10-09T12:48:24.815568+00:00,vast.ai,marketplace,RTX 5080,0.30759259259259264,1,15.92,83.78475356000001,272.38675356000005,29.08,1584.9,"Nevada, US",0.9394685,54746931
2026-10-09T12:48:24.815568+00:00,vast.ai,marketplace,RTX 5080,0.32084074074074076,1,15.92,83.90875356000001,261.52575356,41.92,639.1666666666666,"North Carolina, US",0.9900333,54760285
2026-10-09T12:48:24.815568+00:00,vast.ai,marketplace,RTX 3080 Ti,0.32185185185185183,1,12.0,34.70675356,107.83275356,31.41,687.5,"Florida, US",0.9512946,49921402
2026-10-09T12:48:24.815568+00:00,vast.ai,marketplace,RTX 3090,0.32231481481481483,1,24.0,44.84575356,139.13675356,27.47,583.75,"Quebec, CA",0.9959584,49316119
2026-10-09T12:48:24.815568+00:00,vast.ai,marketplace,L4,0.3237037037037037,1,22.49,25.32175356,78.22575356,25.12,72.64000000000001,"Utah, US",0.9939519,35999124
2026-10-09T12:48:24.815568+00:00,vast.ai,marketplace,RTX 5070,0.32944444444444443,1,11.94,50.14475356,152.20975356,15.26,1399.9570629731202,"Ukraine, UA",0.9819941,54615573
2026-10-09T12:48:24.815568+00:00,vast.ai,marketplace,L4,0.33425925925925926,1,22.49,25.34475356,75.82175356,62.75,420.04999999999995,"Czechia, CZ",0.9973697,35835963
2026-10-09T12:48:24.815568+00:00,vast.ai,marketplace,L4,0.33425925925925926,1,22.49,25.33675356,75.79975356000001,62.75,599.5,"Czechia, CZ",0.9986372,36579966
2026-10-09T12:48:24.815568+00:00,vast.ai,marketplace,RTX 3060,0.33444444444444443,1,12.0,12.40775356,37.099753559999996,251.73,3092.8,"Norway, NO",0.998642,42225869
2026-10-09T12:48:24.815568+00:00,vast.ai,marketplace,RTX 3090 Ti,0.3347222222222222,1,23.99,36.81875356,109.99875356000001,31.3,30.0,"Spain, ES",0.9878859,54781987
2026-10-09T12:48:24.815568+00:00,vast.ai,marketplace,Tesla V100,0.3347222222222222,1,32.0,25.71375356,76.81975356000001,94.32,1396.875,"Minnesota, US",0.9995755,38405399
2026-10-09T12:48:24.815568+00:00,vast.ai,marketplace,RTX 4090,0.3347222222222222,1,23.99,93.86775356000001,280.43375356,78.47,1420.0,"Japan, JP",0.9980139,34549084
2026-10-09T12:48:24.815568+00:00,vast.ai,marketplace,RTX 5080,0.3347222222222222,1,15.92,83.68175356,250.00275356,31.28,702.0,"Taiwan, TW",0.9979537,43993925
2026-10-09T12:48:24.815568+00:00,vast.ai,marketplace,RTX PRO 4500,0.3347222222222222,1,31.86,17.66375356,52.77175356,30.96,85.0,"India, IN",0.9701158,54233824
2026-10-09T12:48:24.815568+00:00,vast.ai,marketplace,RTX 5070,0.3347222222222222,1,11.94,49.94075356,149.20075355999998,31.36,246.5,"Texas, US",0.989845,49008839
2026-10-09T12:48:24.815568+00:00,vast.ai,marketplace,RTX 4090,0.33518518518518514,1,23.99,98.43075356000001,293.65975356,31.41,330.7,"Poland, PL",0.9865393,54487939
2026-10-09T12:48:24.815568+00:00,vast.ai,marketplace,RTX 5080,0.33518518518518514,1,15.92,41.52775356,123.89575356,30.95,742.5,"Ontario, CA",0.9929183,51362963
2026-10-09T12:48:24.815568+00:00,vast.ai,marketplace,RTX 5080,0.33518518518518514,1,15.92,83.81575356,250.05775355999998,62.72,722.0,"Ontario, CA",0.9986903,51328808
2026-10-09T12:48:24.815568+00:00,vast.ai,marketplace,RTX 5070 Ti,0.33564814814814814,1,15.92,76.11375356,226.76775356,125.66,3089.0,"Norway, NO",0.9979525,54504840
2026-10-09T12:48:24.815568+00:00,vast.ai,marketplace,RTX 3090,0.3365740740740741,1,24.0,36.73075356,109.12975356000001,31.33,725.0,"Thailand, TH",0.995553,51927638
2026-10-09T12:48:24.815568+00:00,vast.ai,marketplace,RTX 5060 Ti,0.33749999999999997,1,15.93,38.38975356,113.74775356,31.26,167.0,"Washington, US",0.9954936,54964178
2026-10-09T12:48:24.815568+00:00,vast.ai,marketplace,RTX 5080,0.33785185185185185,1,15.92,81.58375356,241.47875356,20.15,517.0333333333333,"Spain, ES",0.9873606,52945375
2026-10-09T12:48:24.815568+00:00,vast.ai,marketplace,RTX 5080,0.34027777777777773,1,15.92,83.78075356000001,246.21375356,30.17,527.0,"Florida, US",0.9968346,45305430
2026-10-09T12:48:24.815568+00:00,vast.ai,marketplace,RTX PRO 4500,0.3475925925925926,1,31.86,96.48775356,277.58975356,62.22,120.4455610922106,"South Carolina, US",0.9940883,33666509
2026-10-09T12:48:24.815568+00:00,vast.ai,marketplace,RTX 3090,0.34990740740740744,1,24.0,44.84375356,128.15675356,41.97,132.16666666666666,"Spain, ES",0.9970911,37930669
2026-10-09T12:48:24.815568+00:00,vast.ai,marketplace,RTX 3090 Ti,0.34990740740740744,1,23.99,46.18375356,131.98675355999998,62.89,584.75,"Thailand, TH",0.9915331,54774511
2026-10-09T12:48:24.815568+00:00,vast.ai,marketplace,RTX 5080,0.3503703703703704,1,15.92,39.96775356,114.07175356,31.46,168.0,"California, US",0.9911221,51998050
2026-10-09T12:48:24.815568+00:00,vast.ai,marketplace,RTX PRO 4000,0.36185185185185187,1,23.89,65.69275356,181.54475356,62.88,1648.25,"Indiana, US",0.9951144,53804946
2026-10-09T12:48:24.815568+00:00,vast.ai,marketplace,RTX 3090,0.3627777777777778,1,24.0,43.67775356,120.39875356,31.33,229.0,"Thailand, TH",0.9895489,54895206
2026-10-09T12:48:24.815568+00:00,vast.ai,marketplace,RTX 3090,0.3800355555555555,1,24.0,44.89275356,118.12875356,31.18,254.40000000000038,"Oklahoma, US",0.926604,51065387
2026-10-09T12:48:24.815568+00:00,vast.ai,marketplace,RTX 4070,0.3807653245925926,1,11.99,33.65275356,88.38075356,19.62,400.725,"California, US",0.9527121,54166253
2026-10-09T12:48:24.815568+00:00,vast.ai,marketplace,CMP 170HX,0.3875925925925926,1,64.0,84.41575356000001,217.79375356,62.78,563.0,"Kenya, KE",0.9860235,54880978
2026-10-09T12:48:24.815568+00:00,vast.ai,marketplace,RTX 4090,0.38805555555555554,1,23.99,98.53475356000001,253.91775356,31.34,1317.5,"Brazil, BR",0.9946769,53860965
2026-10-09T12:48:24.815568+00:00,vast.ai,marketplace,RTX 5080,0.38805555555555554,1,15.92,83.79475356,215.93575356,47.14,722.25,"Czechia, CZ",0.9790836,53060398
2026-10-09T12:48:24.815568+00:00,vast.ai,marketplace,RTX 3090,0.3885185185185185,1,24.0,44.60475356,114.80675356,41.93,158.5500000000001,"Czechia, CZ",0.9894855,25325627
2026-10-09T12:48:24.815568+00:00,vast.ai,marketplace,RTX 4090,0.3885185185185185,1,23.99,82.52675356,212.41275356,23.37,291.5,"Indiana, US",0.9891826,55018509
2026-10-09T12:48:24.815568+00:00,vast.ai,marketplace,RTX 4500Ada,0.3936111111111111,1,23.99,40.65675356,103.29075356000001,23.38,111.0,"France, FR",0.9926388,54621790
2026-10-09T12:48:24.815568+00:00,vast.ai,marketplace,RTX 4090,0.40005555555555555,1,23.99,87.45375356000001,218.60375356,94.28,1590.8,"Thailand, TH",0.9981836,52582393
2026-10-09T12:48:24.815568+00:00,vast.ai,marketplace,RTX A2000,0.40064814814814814,1,5.99,8.57375356,21.39875356,251.52,6705.0,"British Columbia, CA",0.9897356,53955824
2026-10-09T12:48:24.815568+00:00,vast.ai,marketplace,CMP 170HX,0.4009259259259259,1,64.0,91.09875356,227.22075356,62.88,459.0000000000002,"Latvia, LV",0.977472,54263831
2026-10-09T12:48:24.815568+00:00,vast.ai,marketplace,RTX 4090,0.401037037037037,1,23.99,90.59175356,225.89275356,31.26,1514.0,"South Korea, KR",0.9990099,17253925
2026-10-09T12:48:24.815568+00:00,vast.ai,marketplace,RTX 3090,0.40138888888888885,1,24.0,44.36375356,110.52475356000001,62.88,1761.5250000000003,"Ohio, US",0.9922112,54360062
2026-10-09T12:48:24.815568+00:00,vast.ai,marketplace,RTX 4500Ada,0.40138888888888885,1,23.99,40.62675356,101.21375356,125.77,732.5,"France, FR",0.9843787,54593526
2026-10-09T12:48:24.815568+00:00,vast.ai,marketplace,RTX 4500Ada,0.40138888888888885,1,23.99,40.60375356,101.15675356000001,62.47,1481.3,"Japan, JP",0.9481969,54819151
2026-10-09T12:48:24.815568+00:00,vast.ai,marketplace,A100 SXM4,0.40138888888888885,1,40.0,70.19575356,174.88175356,12.4,183.0,"New York, US",0.9748622,54149943
2026-10-09T12:48:24.815568+00:00,vast.ai,marketplace,RTX 4090,0.40138888888888885,1,23.99,52.75975356,131.44375356,62.96,602.875,"Hong Kong, HK",0.9989197,39184679
2026-10-09T12:48:24.815568+00:00,vast.ai,marketplace,RTX 4090,0.40138888888888885,1,23.99,91.65975356000001,228.35575355999998,30.97,736.9,"Türkiye, TR",0.9982123,25277878
2026-10-09T12:48:24.815568+00:00,vast.ai,marketplace,RTX 4090,0.40138888888888885,1,23.99,97.56875356,243.07675356,47.14,756.75,"Hebei, CN",0.9790665,54931774
2026-10-09T12:48:24.815568+00:00,vast.ai,marketplace,RTX 4090,0.40138888888888885,1,23.99,96.99175356,241.64075355999998,47.14,111.0,"Finland, FI",0.9962267,46123867
2026-10-09T12:48:24.815568+00:00,vast.ai,marketplace,RTX 4090,0.40138888888888885,1,23.99,97.01275356000001,241.69375356,62.96,138.4125,"Poland, PL",0.9868238,52925888
2026-10-09T12:48:24.815568+00:00,vast.ai,marketplace,RTX 4090,0.40138888888888885,1,23.99,98.56875356,245.56875356,62.83,655.3,"Sweden, SE",0.9239053,29357619
2026-10-09T12:48:24.815568+00:00,vast.ai,marketplace,CMP 170HX,0.40138888888888885,1,64.0,83.37875356,207.72375356,31.37,1157.5,"South Korea, KR",0.9876493,54782889
2026-10-09T12:48:24.815568+00:00,vast.ai,marketplace,RTX 5060 Ti,0.40138888888888885,1,15.93,37.05675356,92.32175356,31.37,1157.5,"South Korea, KR",0.9876493,54782891
2026-10-09T12:48:24.815568+00:00,vast.ai,marketplace,CMP 170HX,0.4018518518518518,1,64.0,82.36275356,204.95875356,62.69,225.0,"Portugal, PT",0.9597559,52991400
2026-10-09T12:48:24.815568+00:00,vast.ai,marketplace,CMP 170HX,0.4018518518518518,1,64.0,84.79875356000001,211.01975356,62.71,358.0,"Portugal, PT",0.9740438,54547834
2026-10-09T12:48:24.815568+00:00,vast.ai,marketplace,RTX A6000,0.4023148148148148,1,47.99,54.474753559999996,135.40275355999998,47.23,110.5,"Romania, RO",0.9933185,51100871
2026-10-09T12:48:24.815568+00:00,vast.ai,marketplace,RTX A6000,0.4023148148148148,1,47.99,54.43475356,135.30375356,47.19,314.16666666666663,"Romania, RO",0.9943631,51092050
2026-10-09T12:48:24.815568+00:00,vast.ai,marketplace,RTX A6000,0.40277777777777773,1,44.99,51.24175356,127.21975356,70.7,595.9000000000002,"Delaware, US",0.9985222,45241992
2026-10-09T12:48:24.815568+00:00,vast.ai,marketplace,RTX 4090,0.40277777777777773,1,23.99,97.73175356,242.64275356,62.73,1608.3,"Wisconsin, US",0.9389326,54528036
2026-10-09T12:48:24.815568+00:00,vast.ai,marketplace,RTX 4090,0.4031481481481481,1,23.99,97.22675356,241.16875356,39.26,749.425,"Estonia, EE",0.9955405,34926588
2026-10-09T12:48:24.815568+00:00,vast.ai,marketplace,RTX 4090,0.4046296296296296,1,23.99,51.34875356,126.90375356000001,47.13,712.75,"Japan, JP",0.9867732,36332791
2026-10-09T12:48:24.815568+00:00,vast.ai,marketplace,A100 PCIE,0.40764814814814815,1,40.0,81.54575356000001,200.03775356,125.67,672.0,"Japan, JP",0.9724343,53308164
2026-10-09T12:48:24.815568+00:00,vast.ai,marketplace,RTX 4090,0.41425925925925927,1,23.99,97.06175356000001,234.30275355999999,62.94,196.75,"South Korea, KR",0.9965351,46384003
2026-10-09T12:48:24.815568+00:00,vast.ai,marketplace,RTX 5000Ada,0.4147222222222222,1,31.99,64.27575356000001,154.98475356,62.89,169.64617193781115,"Florida, US",0.9867527,53457486
2026-10-09T12:48:24.815568+00:00,vast.ai,marketplace,RTX 4090,0.4147222222222222,1,23.99,97.04775356,234.00675356,62.8,1579.0,"Bulgaria, BG",0.9990312,34369607
2026-10-09T12:48:24.815568+00:00,vast.ai,marketplace,RTX 4090,0.41485975950534837,1,23.99,97.05475356000001,233.94675356,41.93,973.8999999999999,"Sweden, SE",0.9814662,53581240
2026-10-09T12:48:24.815568+00:00,vast.ai,marketplace,RTX 4090,0.4280555555555556,1,23.99,97.20875356,227.09275356,71.93,368.71428571428567,"Italy, IT",0.9974225,52477222
2026-10-09T12:48:24.815568+00:00,vast.ai,marketplace,RTX 4090,0.4280555555555556,1,23.99,93.37775356,218.14375356,62.89,89.75,"North Carolina, US",0.9954353,50026577
2026-10-09T12:48:24.815568+00:00,vast.ai,marketplace,RTX 4090,0.4285185185185185,1,23.99,96.85975356,226.03275356,62.94,245.75,"Quebec, CA",0.9322499,26435144
2026-10-09T12:48:24.815568+00:00,vast.ai,marketplace,RTX 5090,0.42944444444444446,1,31.84,199.57575355999998,464.72875356000003,61.53,596.0,"Alaska, US",0.986858,49068433
2026-10-09T12:48:24.815568+00:00,vast.ai,marketplace,RTX 4090,0.4303703703703704,1,23.99,97.06175356000001,225.53075356,108.06,799.0,"California, US",0.997441,51572441
2026-10-09T12:48:24.815568+00:00,vast.ai,marketplace,RTX 4090,0.4303703703703704,1,23.99,82.58775356000001,191.89875356,108.06,787.0,"California, US",0.9912307,53480228
2026-10-09T12:48:24.815568+00:00,vast.ai,marketplace,RTX 5090,0.43268518518518523,1,31.84,193.73575356,447.75175356,62.96,314.125,"United States, US",0.9908807,49140896
2026-10-09T12:48:24.815568+00:00,vast.ai,marketplace,RTX 3090,0.43472222222222223,1,24.0,44.36475356,102.05275356000001,125.88,1355.0,"Quebec, CA",0.9986941,54586215
2026-10-09T12:48:24.815568+00:00,vast.ai,marketplace,RTX 4090,0.4361111111111111,1,23.99,97.04775356,222.53075356,47.01,1630.8,"Texas, US",0.9566465,54227975
2026-10-09T12:48:24.815568+00:00,vast.ai,marketplace,RTX 5070 Ti,0.43787384325925927,1,15.92,75.96075356,173.47575356,31.41,813.5,"California, US",0.9786979,52442710
2026-10-09T12:48:24.815568+00:00,vast.ai,marketplace,RTX 4090,0.44092592592592594,1,23.99,97.57575356000001,221.29675355999998,93.18,1380.0,"Brazil, BR",0.9330772,54756376
2026-10-09T12:48:24.815568+00:00,vast.ai,marketplace,RTX 4090,0.44185185185185183,1,23.99,97.72475356000001,221.16975356,46.84,409.0,"Puerto Rico, PR",0.9805595,51950781
2026-10-09T12:48:24.815568+00:00,vast.ai,marketplace,RTX 4090,0.44185185185185183,1,23.99,89.36875356,202.25875356,62.94,87.75,"Quebec, CA",0.9972377,51737450
2026-10-09T12:48:24.815568+00:00,vast.ai,marketplace,CMP 170HX,0.44185185185185183,1,64.0,73.82175356,167.07375356,143.95,396.32675044818757,"Hungary, HU",0.9915655,52388434
2026-10-09T12:48:24.815568+00:00,vast.ai,marketplace,RTX A6000,0.44277777777777777,1,47.99,54.44675356,122.96575356000001,94.28,550.0,"Arizona, US",0.994114,53643248
2026-10-09T12:48:24.815568+00:00,vast.ai,marketplace,RTX 4090,0.44543290474709596,1,23.99,97.72475356000001,219.39175355999998,93.94,726.0,"Sweden, SE",0.9909561,54978534
2026-10-09T12:48:24.815568+00:00,vast.ai,marketplace,RTX 4090,0.4542592592592593,1,23.99,96.96375356,213.45575356,125.96,1258.8524263283157,"Pennsylvania, US",0.998008,54202334
2026-10-09T12:48:24.815568+00:00,vast.ai,marketplace,RTX 4090,0.45472222222222225,1,23.99,96.99175356,213.29975356,41.89,464.09999999999997,"Thailand, TH",0.9755675,54636816
2026-10-09T12:48:24.815568+00:00,vast.ai,marketplace,RTX 3090,0.4551851851851852,1,24.0,44.35675356,97.44775356000001,62.83,1670.4,"Florida, US",0.9554538,54537578
2026-10-09T12:48:24.815568+00:00,vast.ai,marketplace,RTX 3090,0.4551851851851852,1,24.0,44.59275356,97.96575356000001,62.83,1278.0,"Florida, US",0.9966861,54711845
2026-10-09T12:48:24.815568+00:00,vast.ai,marketplace,RTX 4090,0.4551851851851852,1,23.99,83.52275356000001,183.49175356,47.04,293.0,"Montana, US",0.9979194,53340325
2026-10-09T12:48:24.815568+00:00,vast.ai,marketplace,RTX 4090,0.45851851851851855,1,23.99,73.88275356000001,161.13275356,83.92,124.0,"Oklahoma, US",0.9974248,38597834
2026-10-09T12:48:24.815568+00:00,vast.ai,marketplace,RTX 5090,0.4593518518518519,1,31.84,196.91575355999998,428.68175356,62.96,375.625,"United States, US",0.9966282,51858227
2026-10-09T12:48:24.815568+00:00,vast.ai,marketplace,A40,0.4680555555555555,1,44.99,44.04175356,94.09575356,125.55,2808.5713300793705,"United Kingdom, GB",0.986896,52628046
2026-10-09T12:48:24.815568+00:00,vast.ai,marketplace,RTX 4090,0.46851851851851845,1,23.99,96.97075356,206.97375356,125.96,1321.875,"Utah, US",0.9738081,12239071
2026-10-09T12:48:24.815568+00:00,vast.ai,marketplace,RTX 4090,0.46898148148148144,1,23.99,97.73875356,208.40575356,46.97,1401.5,"Norway, NO",0.9980883,53530085
2026-10-09T12:48:24.815568+00:00,vast.ai,marketplace,RTX 4090,0.4703703703703703,1,23.99,97.01275356000001,206.24775356,62.88,513.5,"United Kingdom, GB",0.6440992,36643058
2026-10-09T12:48:24.815568+00:00,vast.ai,marketplace,RTX 5090,0.47268518518518515,1,31.84,98.68275356000001,208.77075356,62.87,707.525,"United States, US",0.9958456,44614429
2026-10-09T12:48:24.815568+00:00,vast.ai,marketplace,RTX A6000,0.481712962962963,1,47.99,54.48375356,113.10475356,188.97,279.92322832790535,"Virginia, US",0.9991401,55013740
2026-10-09T12:48:24.815568+00:00,vast.ai,marketplace,A100 SXM4,0.4832407407407408,1,40.0,75.02175356000001,155.24675356,78.71,294.5428712779871,"California, US",0.9855194,53071394
2026-10-09T12:48:24.815568+00:00,vast.ai,marketplace,L40,0.49425925925925923,1,44.99,93.24575356000001,188.65675356,70.66,318.8,"New York, US",0.9873001,51528885
2026-10-09T12:48:24.815568+00:00,vast.ai,marketplace,RTX 5090,0.4993518518518518,1,31.84,94.67675356000001,189.59875356,31.46,133.6309644588168,"United States, US",0.996713,46753304
2026-10-09T12:48:24.815568+00:00,vast.ai,marketplace,RTX 4090,0.5075925925925925,1,23.99,97.73875356,192.55275355999999,125.14,901.0,"Ontario, CA",0.9955074,45289674
2026-10-09T12:48:24.815568+00:00,vast.ai,marketplace,RTX 4090,0.5080555555555555,1,23.99,97.36975356,191.65175356,31.44,778.25,"Taiwan, TW",0.9953918,49035055
2026-10-09T12:48:24.815568+00:00,vast.ai,marketplace,RTX 5090,0.5089814814814814,1,31.84,166.79675355999998,327.70675356000004,46.97,217.0,"Washington, US",0.9783984,53637085
2026-10-09T12:48:24.815568+00:00,vast.ai,marketplace,RTX 3090,0.5161111111111111,1,24.0,44.60675356,86.42875356,83.87,139.0,"Quebec, CA",0.998374,51143666
2026-10-09T12:48:24.815568+00:00,vast.ai,marketplace,RTX 4090,0.5216244907407408,1,23.99,96.64975356000001,185.28475355999998,62.89,741.425,"South Africa, ZA",0.9948534,54445144
2026-10-09T12:48:24.815568+00:00,vast.ai,marketplace,RTX 4090,0.5298518518518519,1,23.99,74.96575356000001,141.48475356,35.93,359.80848386140724,"Norway, NO",0.9953094,55005377
2026-10-09T12:48:24.815568+00:00,vast.ai,marketplace,RTX 4090,0.5298518518518519,1,23.99,73.60575356000001,138.91675356,31.4,847.175,"Norway, NO",0.9958723,55005560
2026-10-09T12:48:24.815568+00:00,vast.ai,marketplace,RTX 4090,0.5298518518518519,1,23.99,73.41175356000001,138.55175355999998,35.93,207.85714285714283,"Norway, NO",0.9939663,55005444
2026-10-09T12:48:24.815568+00:00,vast.ai,marketplace,RTX 4090,0.5298518518518519,1,23.99,73.84875356,139.37575356,35.93,217.42857142857142,"Norway, NO",0.9973853,55005515
2026-10-09T12:48:24.815568+00:00,vast.ai,marketplace,RTX 4090,0.5343703703703704,1,23.99,97.04775356,181.61175355999998,100.71,219.98000000000008,"Ireland, IE",0.9982863,8993656
2026-10-09T12:48:24.815568+00:00,vast.ai,marketplace,RTX 4070S Ti,0.5347222222222222,1,15.99,51.25175356,95.84675356000001,62.85,808.65,"California, US",0.9425749,54968226
2026-10-09T12:48:24.815568+00:00,vast.ai,marketplace,L40S,0.5347222222222222,1,44.99,93.42075356000001,174.70875356,125.95,603.3625,"Türkiye, TR",0.9994289,25286577
2026-10-09T12:48:24.815568+00:00,vast.ai,marketplace,RTX 4090,0.5347222222222222,1,23.99,96.99175356,181.38775356,55.97,487.64444444444445,"Bulgaria, BG",0.9953737,53362439
2026-10-09T12:48:24.815568+00:00,vast.ai,marketplace,RTX 4090,0.5347222222222222,1,23.99,97.02675356,181.45275356,31.44,1500.9,"Taiwan, TW",0.9988804,45087814
2026-10-09T12:48:24.815568+00:00,vast.ai,marketplace,RTX 4090,0.5347222222222222,1,23.99,97.77975356,182.85975356,55.97,35.888888888888886,"Bulgaria, BG",0.8882949,54679285
2026-10-09T12:48:24.815568+00:00,vast.ai,marketplace,RTX 5090,0.5347222222222222,1,31.84,197.74475356,369.80775356000004,31.32,61.5,"South Korea, KR",0.9836022,34905063
2026-10-09T12:48:24.815568+00:00,vast.ai,marketplace,RTX 3090,0.5351851851851852,1,24.0,44.36675356,82.89875356,125.72,1539.0,"Italy, IT",0.8842684,50732956
2026-10-09T12:48:24.815568+00:00,vast.ai,marketplace,RTX 4090,0.5356481481481481,1,23.99,96.73375356000001,180.59075356,125.96,287.1125,"Spain, ES",0.9958013,37930539
2026-10-09T12:48:24.815568+00:00,vast.ai,marketplace,RTX 4090,0.5356481481481481,1,23.99,97.66775356000001,182.33575356,62.95,1149.25,"Romania, RO",0.9972491,54902723
2026-10-09T12:48:24.815568+00:00,vast.ai,marketplace,RTX 4090,0.5361111111111111,1,23.99,97.06175356000001,181.04775356,62.78,342.0,"Arizona, US",0.982388,54551227
2026-10-09T12:48:24.815568+00:00,vast.ai,marketplace,RTX 6000Ada,0.537037037037037,1,47.99,116.99675356,217.85575355999998,83.92,762.6666666666666,"Estonia, EE",0.9954947,35415085
2026-10-09T12:48:24.815568+00:00,vast.ai,marketplace,RTX 4090,0.537962962962963,1,47.99,125.65175356,233.56875356,62.97,556.9230769230769,"California, US",0.9736487,54491694
2026-10-09T12:48:24.815568+00:00,vast.ai,marketplace,RTX PRO 4500,0.537962962962963,1,31.86,96.43575356000001,179.25975355999998,60.38,1451.0,"California, US",0.9953874,49487024
2026-10-09T12:48:24.815568+00:00,vast.ai,marketplace,RTX 4090,0.5471851851851852,1,23.99,72.71475356,132.88875356,31.4,354.0,"Norway, NO",0.9987052,55005229
2026-10-09T12:48:24.815568+00:00,vast.ai,marketplace,RTX 4090,0.5471851851851852,1,23.99,60.67275356,110.88175356,31.44,182.875,"Norway, NO",0.9971249,55005142
2026-10-09T12:48:24.815568+00:00,vast.ai,marketplace,RTX 5090,0.5547222222222222,1,31.84,199.24575356,359.17975356,62.89,707.5,"Hong Kong, HK",0.971333,54204096
2026-10-09T12:48:24.815568+00:00,vast.ai,marketplace,RTX 5090,0.5600555555555555,1,31.84,198.85575355999998,355.06375356,62.57,1341.1,"Vietnam, VN",0.990242,52391516
2026-10-09T12:48:24.815568+00:00,vast.ai,marketplace,RTX 5090,0.5613888888888889,1,31.84,179.39775355999998,319.56075356,31.4,384.5,"Poland, PL",0.927975,45090673
2026-10-09T12:48:24.815568+00:00,vast.ai,marketplace,RTX 5090,0.5623148148148148,1,31.84,199.35775356,354.52975356,94.13,736.0,"South Korea, KR",0.9886316,52703630
2026-10-09T12:48:24.815568+00:00,vast.ai,marketplace,RTX 5090,0.5623148148148148,1,31.84,199.42975356,354.65875356000004,62.63,709.0,"South Korea, KR",0.9846407,53372951
2026-10-09T12:48:24.815568+00:00,vast.ai,marketplace,RTX 5090,0.5627777777777778,1,31.84,199.03375355999998,353.66375356000003,62.94,469.8351383640532,"Taiwan, TW",0.9884756,50248468
2026-10-09T12:48:24.815568+00:00,vast.ai,marketplace,A100 PCIE,0.5664814814814816,1,40.0,83.62075356000001,147.61375356,47.14,3083.1,"Estonia, EE",0.9751172,52618401
2026-10-09T12:48:24.815568+00:00,vast.ai,marketplace,RTX 5090,0.5733888888888888,1,31.84,199.30475356,347.59075356,73.44,286.66666666666663,"South Africa, ZA",0.9926628,52725388
2026-10-09T12:48:24.815568+00:00,vast.ai,marketplace,RTX 5090,0.5775,1,31.84,199.72775356,345.84775356,125.74,734.5,"Ontario, CA",0.9970908,50680404
2026-10-09T12:48:24.815568+00:00,vast.ai,marketplace,RTX 5090,0.5907222222222223,1,31.84,198.58475356,336.17275356000005,250.48,1110.606276893829,"Italy, IT",0.9327281,54798135
2026-10-09T12:48:24.815568+00:00,vast.ai,marketplace,RTX PRO 5000,0.5920555555555556,1,47.79,165.65375355999998,279.79375356,62.88,1317.0,"India, IN",0.9682506,55008517
2026-10-09T12:48:24.815568+00:00,vast.ai,marketplace,RTX 3090,0.6009259259259259,1,24.0,48.90575356,81.38375356,62.83,291.4,"Latvia, LV",0.960892,54263956
2026-10-09T12:48:24.815568+00:00,vast.ai,marketplace,A100 PCIE,0.6009259259259259,1,40.0,95.43575356000001,158.81375355999998,62.96,335.86250000000007,"California, US",0.99307,50954797
2026-10-09T12:48:24.815568+00:00,vast.ai,marketplace,L40S,0.6009259259259259,1,44.99,93.55775356000001,155.68875355999998,125.87,970.0,"Japan, JP",0.9979883,24964750
2026-10-09T12:48:24.815568+00:00,vast.ai,marketplace,RTX PRO 5000,0.6009259259259259,1,47.79,165.82975356,275.95575356,91.97,568.0,"Hong Kong, HK",0.9587728,52959249
2026-10-09T12:48:24.815568+00:00,vast.ai,marketplace,RTX 6000Ada,0.6013888888888889,1,47.99,112.93275356000001,187.78575356,125.95,435.93300471961453,"Türkiye, TR",0.9992555,47545532
2026-10-09T12:48:24.815568+00:00,vast.ai,marketplace,RTX 5090,0.6013888888888889,1,31.84,157.00275356,261.06675356,61.68,657.0,"France, FR",0.9323622,54597318
2026-10-09T12:48:24.815568+00:00,vast.ai,marketplace,RTX 5090,0.6013888888888889,1,31.84,100.24075356,166.68275355999998,35.93,808.7921685592067,"Belgium, BE",0.9916326,52015844
2026-10-09T12:48:24.815568+00:00,vast.ai,marketplace,RTX 5090,0.6013888888888889,1,31.84,199.48975356,331.71475356,31.27,651.0,"Ontario, CA",0.9200093,50023595
2026-10-09T12:48:24.815568+00:00,vast.ai,marketplace,RTX 5090,0.6013888888888889,1,31.84,167.23075355999998,278.07475356000003,31.34,671.5,"South Korea, KR",0.9908414,50734486
2026-10-09T12:48:24.815568+00:00,vast.ai,marketplace,RTX 5090,0.6013888888888889,1,31.84,197.15175356,327.82675356000004,62.93,573.75,"Michigan, US",0.9921883,50849759
2026-10-09T12:48:24.815568+00:00,vast.ai,marketplace,RTX 4090,0.6046296296296296,1,47.99,125.52775356000001,207.61175355999998,52.47,503.66666666666663,"Macao, MO",0.9967648,40232085
2026-10-09T12:48:24.815568+00:00,vast.ai,marketplace,RTX PRO 5000,0.6058518518518519,1,47.79,165.74675356,273.57575356,247.94,437.6124572307782,"India, IN",0.9935524,54635239
2026-10-09T12:48:24.815568+00:00,vast.ai,marketplace,RTX 5090,0.6060185185185185,1,31.84,198.37975355999998,327.34975356,125.94,2412.25,"Bulgaria, BG",0.9738646,54650213
2026-10-09T12:48:24.815568+00:00,vast.ai,marketplace,GTX 1660 Ti,0.6069444444444444,1,6.0,2.4747535600000004,4.076753559999999,7.7,679.4000000000026,"Vietnam, VN",0.9926185,33521707
2026-10-09T12:48:24.815568+00:00,vast.ai,marketplace,RTX PRO 5000,0.6160555555555556,1,47.79,165.64375356,268.87775356000003,125.89,1530.0,"Alberta, CA",0.9883744,53472752
2026-10-09T12:48:24.815568+00:00,vast.ai,marketplace,RTX PRO 5000,0.6280555555555555,1,47.79,165.75675356,263.92075356000004,93.67,2678.0,"Australia, AU",0.9626531,54242497
2026-10-09T12:48:24.815568+00:00,vast.ai,marketplace,RTX 5090,0.6351851851851852,1,31.84,157.45875356,247.89375356,62.65,1630.8,"Kansas, US",0.9916252,54946961
2026-10-09T12:48:24.815568+00:00,vast.ai,marketplace,RTX 4090,0.6409259259259259,1,47.99,127.68575356000001,199.21975356,62.71,1706.0,"Minnesota, US",0.9536409,54951954
2026-10-09T12:48:24.815568+00:00,vast.ai,marketplace,RTX PRO 5000,0.6413902222222222,1,47.79,165.46775356,257.98275356000005,62.69,402.0,"Bulgaria, BG",0.9965275,51288089
2026-10-09T12:48:24.815568+00:00,vast.ai,marketplace,RTX 5090,0.6551851851851852,1,31.84,199.33075356,304.23675356,47.01,146.0,"Poland, PL",0.9971369,54847945
2026-10-09T12:48:24.815568+00:00,vast.ai,marketplace,RTX PRO 5000,0.6561111111111111,1,47.79,164.81575356,251.19975356,62.79,125.0,"Spain, ES",0.9713083,52403915
2026-10-09T12:48:24.815568+00:00,vast.ai,marketplace,A100 SXM4,0.6675925925925925,1,40.0,95.29075356000001,142.73775356,125.96,410.5798328453273,"Slovenia, SI",0.9992246,31632904
2026-10-09T12:48:24.815568+00:00,vast.ai,marketplace,RTX 3090,0.6680555555555555,1,24.0,44.36675356,66.41075356,31.28,112.0,"British Columbia, CA",0.9949172,19448806
2026-10-09T12:48:24.815568+00:00,vast.ai,marketplace,RTX 4090,0.6680555555555555,1,23.99,97.72475356000001,146.28175356,62.81,281.5,"Oman, OM",0.9935886,55021395
2026-10-09T12:48:24.815568+00:00,vast.ai,marketplace,RTX 5090,0.6680555555555555,1,31.84,199.80675356,299.08675356000003,62.7,1423.0,"Texas, US",0.9939373,53427941
2026-10-09T12:48:24.815568+00:00,vast.ai,marketplace,RTX PRO 5000,0.6680555555555555,1,47.79,165.56075356,247.82475356,62.73,422.0,"Slovakia, SK",0.9967963,47409124
2026-10-09T12:48:24.815568+00:00,vast.ai,marketplace,RTX PRO 5000,0.6680555555555555,1,47.79,165.65375355999998,247.96375356,62.86,512.0,"Slovakia, SK",0.9960123,49063565
2026-10-09T12:48:24.815568+00:00,vast.ai,marketplace,RTX 6000Ada,0.6687598148148147,1,47.99,113.19975356,169.26775356,62.88,632.9250000000001,"South Africa, ZA",0.9894876,54915070
2026-10-09T12:48:24.815568+00:00,vast.ai,marketplace,A100 SXM4,0.6699074074074074,1,40.0,95.36375356,142.35275356,62.96,204.875,"Mississippi, US",0.9820041,51341852
2026-10-09T12:48:24.815568+00:00,vast.ai,marketplace,RTX 5090,0.6712962962962963,1,31.84,199.14675355999998,296.65875356000004,125.65,1472.0,"Washington, US",0.999301,31275126
2026-10-09T12:48:24.815568+00:00,vast.ai,marketplace,RTX 5090,0.6720555555555555,1,31.84,180.72075356,268.90675356,134.92,773.9857142857143,"Poland, PL",0.9947674,53258825
2026-10-09T12:48:24.815568+00:00,vast.ai,marketplace,RTX 5090,0.6735925925925925,1,31.84,184.62675356,274.09275356,47.05,705.1,"Taiwan, TW",0.9983135,53325761
2026-10-09T12:48:24.815568+00:00,vast.ai,marketplace,GTX 1660,0.673611111111111,1,6.0,2.31675356,3.4387535600000003,7.71,669.4000000000026,"Vietnam, VN",0.992592,33521216
2026-10-09T12:48:24.815568+00:00,vast.ai,marketplace,RTX 5090,0.6765740740740741,1,31.84,182.11875356,269.17775356000004,125.93,669.125,"Czechia, CZ",0.8316065,30374779
2026-10-09T12:48:24.815568+00:00,vast.ai,marketplace,RTX 5090,0.6809259259259259,1,31.84,192.63975356,282.90875356000004,30.71,287.0,"Georgia, US",0.9876511,52803262
2026-10-09T12:48:24.815568+00:00,vast.ai,marketplace,A100 SXM4,0.6813888888888889,1,40.0,95.37275356,139.96775356,125.92,413.3226364936888,"Massachusetts, US",0.9971853,48716609
2026-10-09T12:48:24.815568+00:00,vast.ai,marketplace,RTX 4090,0.6928962962962965,1,22.49,86.11175356000001,124.27675356,62.46,1402.0,"Texas, US",0.8514107,37996177
2026-10-09T12:48:24.815568+00:00,vast.ai,marketplace,RTX 5090,0.6942592592592592,1,31.84,95.19175356000001,137.11175355999998,62.79,34.0,"California, US",0.9902252,51969543
2026-10-09T12:48:24.815568+00:00,vast.ai,marketplace,A100 SXM4,0.6947222222222222,1,40.0,95.55875356000001,137.54875356,125.92,252.65000000000003,"Massachusetts, US",0.9963738,46709200
2026-10-09T12:48:24.815568+00:00,vast.ai,marketplace,A100 SXM4,0.6954592592592592,1,40.0,89.31375356000001,128.42375356,83.46,754.0,"Iowa, US",0.9971895,52240435
2026-10-09T12:48:24.815568+00:00,vast.ai,marketplace,A100 SXM4,0.6956481481481481,1,40.0,87.61575356,125.94875356,125.89,635.75,"Croatia, HR",0.9873448,41566566
2026-10-09T12:48:24.815568+00:00,vast.ai,marketplace,RTX 5090,0.697962962962963,1,31.84,198.69775356,284.68175356,50.27,900.2,"Michigan, US",0.9966661,54316668
2026-10-09T12:48:24.815568+00:00,vast.ai,marketplace,RTX 5090,0.7223148148148149,1,31.84,47.68675356,66.01875356000001,93.84,1305.0,"The Netherlands, NL",0.9964218,28840970
2026-10-09T12:48:24.815568+00:00,vast.ai,marketplace,RTX PRO 5000,0.7339814814814816,1,47.79,165.82975356,225.93075356,125.77,2821.875746855267,"Czechia, CZ",0.9491816,53567988
2026-10-09T12:48:24.815568+00:00,vast.ai,marketplace,A100 SXM4,0.7342592592592593,1,40.0,95.43575356000001,129.97475355999998,62.97,580.75,"Czechia, CZ",0.990677,50365142
2026-10-09T12:48:24.815568+00:00,vast.ai,marketplace,RTX 4090,0.7342592592592593,1,23.99,97.53375356000001,132.83175355999998,125.77,2344.5,"Japan, JP",0.9945316,54923918
2026-10-09T12:48:24.815568+00:00,vast.ai,marketplace,RTX 5090,0.7342592592592593,1,31.84,199.19875356,271.29175356,62.75,1404.5,"Belgium, BE",0.9908945,34461819
2026-10-09T12:48:24.815568+00:00,vast.ai,marketplace,RTX 5090,0.7342592592592593,1,31.84,199.04075355999998,271.07675356000004,62.84,1422.5,"Belgium, BE",0.9967819,39447912
2026-10-09T12:48:24.815568+00:00,vast.ai,marketplace,RTX 4090,0.7347222222222223,1,47.99,125.51975356000001,170.83875356,125.72,1844.0,"California, US",0.9981583,48274190
2026-10-09T12:48:24.815568+00:00,vast.ai,marketplace,RTX PRO 5000,0.7347222222222223,1,47.79,165.44675356,225.18275355999998,83.93,1027.6833333333334,"Belgium, BE",0.9952038,49974697
2026-10-09T12:48:24.815568+00:00,vast.ai,marketplace,RTX PRO 5000,0.7347222222222223,1,47.79,165.53975355999998,225.30975356,62.96,605.8875,"Czechia, CZ",0.9906524,53904681
2026-10-09T12:48:24.815568+00:00,vast.ai,marketplace,RTX PRO 5000,0.7347222222222223,1,47.79,165.35375356,225.05675356,62.96,423.1505666604594,"Czechia, CZ",0.9830395,53720468
2026-10-09T12:48:24.815568+00:00,vast.ai,marketplace,RTX PRO 5000,0.7347222222222223,1,47.79,165.53975355999998,225.30975356,62.96,222.60000000000014,"Czechia, CZ",0.9869616,53969991
2026-10-09T12:48:24.815568+00:00,vast.ai,marketplace,RTX 4090,0.7356481481481482,1,47.99,125.23775356,170.24075356,125.95,388.25,"Romania, RO",0.9978593,48289323
2026-10-09T12:48:24.815568+00:00,vast.ai,marketplace,RTX 4090,0.7356481481481482,1,23.99,96.99875356000001,131.85575355999998,125.96,1098.875,"Maryland, US",0.9584263,54578361
2026-10-09T12:48:24.815568+00:00,vast.ai,marketplace,RTX PRO 5000,0.7356481481481482,1,47.79,165.64375356,225.16675356,94.36,1144.0,"France, FR",0.9875677,38260154
2026-10-09T12:48:24.815568+00:00,vast.ai,marketplace,RTX 5090,0.737962962962963,1,31.84,198.49275355999998,268.97375356000003,36.69,625.7777777777777,"California, US",0.9533768,45996302
2026-10-09T12:48:24.815568+00:00,vast.ai,marketplace,RTX 5090,0.7775,1,31.84,198.91475355999998,255.83975356,71.89,421.2857142857143,"Minnesota, US",0.9967489,54861041
2026-10-09T12:48:24.815568+00:00,vast.ai,marketplace,RTX 5090,0.7889814814814814,1,31.84,203.03775356,257.34175356000003,110.21,442.125,"Hungary, HU",0.9950376,51326860
2026-10-09T12:48:24.815568+00:00,vast.ai,marketplace,RTX PRO 5000,0.7991296296296296,1,47.79,165.58175355999998,207.20175356,58.91,1209.2362644962473,"Texas, US",0.971045,42735320
2026-10-09T12:48:24.815568+00:00,vast.ai,marketplace,RTX 5090,0.8004629629629629,1,31.84,199.37075356,249.06975355999998,61.72,2840.0,"Ohio, US",0.9885625,52172891
2026-10-09T12:48:24.815568+00:00,vast.ai,marketplace,L40S,0.8009259259259258,1,44.99,93.57675356,116.83575356,251.94,190.87500000000006,"Taiwan, TW",0.9980268,38574931
2026-10-09T12:48:24.815568+00:00,vast.ai,marketplace,RTX 4090,0.8009259259259258,1,23.99,61.35175356,76.60075356,110.03,1643.0,"Virginia, US",0.9951061,13917962
2026-10-09T12:48:24.815568+00:00,vast.ai,marketplace,RTX 5090,0.8009259259259258,1,31.84,179.60375356,224.24475356,62.79,97.0,"California, US",0.9925694,51969530
2026-10-09T12:48:24.815568+00:00,vast.ai,marketplace,RTX 3060,0.8012037037037036,1,12.0,12.274753559999999,15.31975356,503.51,6361.2,"Norway, NO",0.9480376,54365108
2026-10-09T12:48:24.815568+00:00,vast.ai,marketplace,RTX A6000,0.8013888888888888,1,47.99,54.47675356,67.97875356,62.79,56.0,"Spain, ES",0.9991371,37443777
2026-10-09T12:48:24.815568+00:00,vast.ai,marketplace,RTX 5090,0.8013888888888888,1,31.84,199.19275356,248.55875355999999,125.7,710.0,"Romania, RO",0.9351418,54573923
2026-10-09T12:48:24.815568+00:00,vast.ai,marketplace,RTX 5090,0.8013888888888888,1,31.84,199.39075355999998,248.80575356,125.7,744.3,"Romania, RO",0.9352004,54573924
2026-10-09T12:48:24.815568+00:00,vast.ai,marketplace,RTX 5090,0.8013888888888888,1,31.84,198.72375356,247.97375356,31.44,375.875,"Czechia, CZ",0.8908393,54623573
2026-10-09T12:48:24.815568+00:00,vast.ai,marketplace,RTX 4090,0.8018518518518518,1,47.99,125.67775356000001,156.73475356,125.75,6562.5,"Idaho, US",0.9990003,30155186
2026-10-09T12:48:24.815568+00:00,vast.ai,marketplace,RTX PRO 5000,0.8018518518518518,1,47.79,165.70575356,206.65375355999998,125.88,742.9,"Hungary, HU",0.9878706,54666527
2026-10-09T12:48:24.815568+00:00,vast.ai,marketplace,RTX 5880Ada,0.8023148148148147,1,47.99,106.65975356000001,132.93975355999999,125.96,1171.125,"United Kingdom, GB",0.9966186,28619333
2026-10-09T12:48:24.815568+00:00,vast.ai,marketplace,RTX 5880Ada,0.8023148148148147,1,47.99,106.93475356,133.28275356,125.96,644.0,"United Kingdom, GB",0.9954355,44120922
2026-10-09T12:48:24.815568+00:00,vast.ai,marketplace,RTX 5090,0.8023148148148147,1,31.84,198.99475356,248.02575356,83.94,909.1311847221924,"Romania, RO",0.9948738,53709022
2026-10-09T12:48:24.815568+00:00,vast.ai,marketplace,RTX 5090,0.8046296296296296,1,31.84,199.58575356,248.04675355999998,125.78,1280.5,"Washington, US",0.9981947,54730346
2026-10-09T12:48:24.815568+00:00,vast.ai,marketplace,RTX 2080 Ti,0.8069444444444444,1,11.0,8.97575356,11.123753559999999,15.46,9.499999999999886,"Vietnam, VN",0.952126,32011773
2026-10-09T12:48:24.815568+00:00,vast.ai,marketplace,L40S,0.8160555555555555,1,44.99,93.67475356000001,114.78975356000001,62.94,3602.877338897858,"Romania, RO",0.9892187,50740342
2026-10-09T12:48:24.815568+00:00,vast.ai,marketplace,RTX 4090,0.8383148148148147,1,23.99,97.56875356,116.38675356,75.49,2137.129354018674,"Hungary, HU",0.9913213,49591158
2026-10-09T12:48:24.815568+00:00,vast.ai,marketplace,L40S,0.8413888888888889,1,44.99,93.67475356000001,111.33375356,62.62,516.0,"South Korea, KR",0.9953212,49960119
2026-10-09T12:48:24.815568+00:00,vast.ai,marketplace,RTX 5090,0.8542592592592593,1,31.84,100.44975356,117.58675356,62.79,350.0,"California, US",0.9874027,52002273
2026-10-09T12:48:24.815568+00:00,vast.ai,marketplace,RTX 5090,0.8542592592592593,1,31.84,179.32075355999999,209.91375356,62.79,47.74942416297591,"Maryland, US",0.988455,54978430
2026-10-09T12:48:24.815568+00:00,vast.ai,marketplace,RTX 4090,0.8551851851851853,1,23.99,97.74575356000001,114.29775356,110.13,503.98566503968516,"Hungary, HU",0.9938891,50466169
2026-10-09T12:48:24.815568+00:00,vast.ai,marketplace,RTX 4090,0.8553703703703704,1,23.99,97.53375356000001,114.02475356000001,125.88,686.0,"Hungary, HU",0.9930974,53828123
2026-10-09T12:48:24.815568+00:00,vast.ai,marketplace,RTX 5090,0.8680555555555556,1,31.84,197.76575355999998,227.82675356,62.96,212.625,"Alberta, CA",0.949293,45028397
2026-10-09T12:48:24.815568+00:00,vast.ai,marketplace,RTX 5090,0.8689814814814815,1,31.84,199.24575356,229.28575356,123.44,2953.0,"Spain, ES",0.999436,27011987
2026-10-09T12:48:24.815568+00:00,vast.ai,marketplace,RTX 5090,0.8689814814814815,1,31.84,198.69075356,228.64775355999998,83.95,396.31174675023266,"Finland, FI",0.983082,47357379
2026-10-09T12:48:24.815568+00:00,vast.ai,marketplace,RTX 5090,0.8699074074074075,1,31.84,198.43975355999999,228.11575356,125.96,239.625,"Spain, ES",0.9990326,30949250
2026-10-09T12:48:24.815568+00:00,vast.ai,marketplace,RTX 5090,0.8708333333333333,1,31.84,199.08675356,228.61675356,60.44,3089.0,"Spain, ES",0.9995558,26918704
2026-10-09T12:48:24.815568+00:00,vast.ai,marketplace,RTX 5880Ada,0.8823148148148148,1,47.99,106.87275356,121.12775356,125.88,664.5,"United Kingdom, GB",0.9891697,54023260
2026-10-09T12:48:24.815568+00:00,vast.ai,marketplace,RTX 5090,0.8827777777777778,1,31.84,199.11375356,225.55275355999999,60.4,1028.0,"Quebec, CA",0.9928318,54335520
2026-10-09T12:48:24.815568+00:00,vast.ai,marketplace,A100 SXM4,0.9237037037037036,1,40.0,95.37475356,103.25275356,251.96,2310.517830439474,"California, US",0.9987407,39460468
2026-10-09T12:48:24.815568+00:00,vast.ai,marketplace,RTX 5090,0.927648148148148,1,31.84,198.49275355999998,213.97375356,94.42,2751.25,"Hungary, HU",0.9971945,50716297
2026-10-09T12:48:24.815568+00:00,vast.ai,marketplace,A100 SXM4,0.9342592592592591,1,80.0,128.87875355999998,137.94775356,251.94,112.0,"Taiwan, TW",0.9792993,36994167
2026-10-09T12:48:24.815568+00:00,vast.ai,marketplace,RTX PRO 5000,0.9379629629629629,1,71.69,190.87575356,203.49975356,122.93,1355.0,"Colorado, US",0.9886918,51501187
2026-10-09T12:48:24.815568+00:00,vast.ai,marketplace,RTX 3090,1.0013888888888889,1,24.0,44.36675356,44.30475356,125.63,278.0,"Ontario, CA",0.991572,52810281
2026-10-09T12:48:24.815568+00:00,vast.ai,marketplace,A100 PCIE,1.0013888888888889,1,80.0,123.91375356,123.74175356,125.87,107.75,"United Kingdom, GB",0.9948462,45716570
2026-10-09T12:48:24.815568+00:00,vast.ai,marketplace,A100 PCIE,1.0013888888888889,1,80.0,5.38875356,5.38075356,125.87,14.75,"United Kingdom, GB",0.9987159,32303769
2026-10-09T12:48:24.815568+00:00,vast.ai,marketplace,RTX 5090,1.0285185185185184,1,31.84,140.42375356,136.53075356,62.71,764.0,"Norway, NO",0.9953357,55005336
2026-10-09T12:48:24.815568+00:00,vast.ai,marketplace,RTX 5090,1.0285185185185184,1,31.84,134.21275355999998,130.49175356,125.76,585.0,"Norway, NO",0.9989262,55005216
2026-10-09T12:48:24.815568+00:00,vast.ai,marketplace,RTX 5090,1.0285185185185184,1,31.84,120.10175356,116.77175356000001,94.03,3202.0,"Norway, NO",0.9959803,55005177
2026-10-09T12:48:24.815568+00:00,vast.ai,marketplace,RTX 5090,1.0285185185185184,1,31.84,134.11075356,130.39175355999998,125.6,1562.8500000000001,"Norway, NO",0.9992446,55005585
2026-10-09T12:48:24.815568+00:00,vast.ai,marketplace,RTX 4090,1.0675925925925926,1,23.99,97.40475356,91.23775356,30.95,1230.5,"New York, US",0.9890712,50943352
2026-10-09T12:48:24.815568+00:00,vast.ai,marketplace,RTX 4090,1.0680555555555555,1,47.99,125.65175356,117.64475356000001,125.78,1544.5,"Washington, US",0.9987428,54790875
2026-10-09T12:48:24.815568+00:00,vast.ai,marketplace,RTX 4090,1.0680555555555555,1,47.99,125.47575356,117.47975356,125.75,1618.0,"Washington, US",0.9950131,54801287
2026-10-09T12:48:24.815568+00:00,vast.ai,marketplace,RTX PRO 6000 WS,1.072685185185185,1,95.59,282.68375356,263.52975356,125.92,653.0250000000001,"Jiangsu, CN",0.9867364,51010709
2026-10-09T12:48:24.815568+00:00,vast.ai,marketplace,RTX 5090,1.1080555555555556,1,31.84,199.68775356,180.21475356,30.85,370.25,"Georgia, US",0.9906516,54688716
2026-10-09T12:48:24.815568+00:00,vast.ai,marketplace,RTX PRO 5000,1.1232407407407408,1,47.79,165.76775356,147.57975356,55.01,1010.5,"Czechia, CZ",0.9987709,39270910
2026-10-09T12:48:24.815568+00:00,vast.ai,marketplace,RTX 4090,1.1356481481481482,1,47.99,125.58075356,110.58075356,125.87,2985.0,"Washington, US",0.9986575,46255397
2026-10-09T12:48:24.815568+00:00,vast.ai,marketplace,RTX PRO 6000 Max-Q,1.136111111111111,1,95.59,283.46275356,249.50275356,125.05,820.0,"India, IN",0.9967123,51738634
2026-10-09T12:48:24.815568+00:00,vast.ai,marketplace,RTX 4090,1.1623148148148148,1,23.99,97.05475356000001,83.50175356000001,125.88,730.5,"Hungary, HU",0.9954283,50167762
2026-10-09T12:48:24.815568+00:00,vast.ai,marketplace,RTX PRO 6000 Max-Q,1.1737962962962962,1,95.59,283.67775356000004,241.67575356,440.53,13273.1,"British Columbia, CA",0.9887286,51264111
2026-10-09T12:48:24.815568+00:00,vast.ai,marketplace,RTX 5090,1.1747222222222222,1,31.84,100.47775356000001,85.53275356,30.07,294.5,"Delaware, US",0.9917754,53337124
2026-10-09T12:48:24.815568+00:00,vast.ai,marketplace,RTX 5090,1.1875925925925928,1,31.84,96.67975356000001,81.40875356000001,121.21,603.4,"Germany, DE",0.9831374,51782800
2026-10-09T12:48:24.815568+00:00,vast.ai,marketplace,A100 SXM4,1.1888888888888889,1,80.0,126.65275356000001,106.53075356000001,125.92,1029.375,"Montana, US",0.9992509,36695166
2026-10-09T12:48:24.815568+00:00,vast.ai,marketplace,RTX 5060 Ti,1.2013888888888888,1,15.93,38.39675356,31.96075356,15.49,126.0,"Quebec, CA",0.9872311,52847910
2026-10-09T12:48:24.815568+00:00,vast.ai,marketplace,RTX 5090,1.255648148148148,1,31.84,198.59175356,158.15875355999998,125.95,683.5,"Hungary, HU",0.9962387,51102905
2026-10-09T12:48:24.815568+00:00,vast.ai,marketplace,RTX 6000D,1.2579629629629627,1,83.64,229.68575356,182.58575356,94.42,484.625,"Czechia, CZ",0.9926729,51063967
2026-10-09T12:48:24.815568+00:00,vast.ai,marketplace,RTX PRO 6000 Max-Q,1.2685185185185184,1,95.59,283.48275356000005,223.47575356,998.03,1452.5,"India, IN",0.9729712,54848893
2026-10-09T12:48:24.815568+00:00,vast.ai,marketplace,RTX 5090,1.2953703703703703,1,31.84,198.65775356,153.35975356,94.42,1279.875,"Hungary, HU",0.9893553,32292353
2026-10-09T12:48:24.815568+00:00,vast.ai,marketplace,RTX PRO 6000 WS,1.301388888888889,1,95.59,283.42475356,217.78575356,125.25,2690.0,"Alberta, CA",0.9940956,51628214
2026-10-09T12:48:24.815568+00:00,vast.ai,marketplace,RTX PRO 6000 Max-Q,1.3041666666666667,1,95.59,283.83375356000005,217.63575355999998,94.37,882.7738283706494,"The Netherlands, NL",0.9453436,53732979
2026-10-09T12:48:24.815568+00:00,vast.ai,marketplace,RTX PRO 6000 WS,1.3080555555555555,1,95.59,283.17075356000004,216.48275356,94.27,1419.0,"Japan, JP",0.9983675,53480324
2026-10-09T12:48:24.815568+00:00,vast.ai,marketplace,RTX 5090,1.3085185185185184,1,31.84,198.24775356,151.50575356,70.83,478.875,"Hungary, HU",0.9875034,54003596
2026-10-09T12:48:24.815568+00:00,vast.ai,marketplace,RTX 3090,1.3347222222222221,1,24.0,44.36475356,33.23875356,62.72,434.0,"Washington, US",0.9961735,51860372
2026-10-09T12:48:24.815568+00:00,vast.ai,marketplace,RTX PRO 5000,1.3347222222222221,1,71.69,190.91175356,143.03475355999998,62.71,2586.1,"Florida, US",0.9731084,53704980
2026-10-09T12:48:24.815568+00:00,vast.ai,marketplace,RTX A2000,1.3347222222222221,1,5.99,8.575753559999999,6.4257535599999995,31.16,761.5,"British Columbia, CA",0.9715687,46186923
2026-10-09T12:48:24.815568+00:00,vast.ai,marketplace,RTX PRO 6000 WS,1.335185185185185,1,95.59,283.40475356,212.25875356,123.38,902.0,"Hong Kong, HK",0.9977797,33017516
2026-10-09T12:48:24.815568+00:00,vast.ai,marketplace,RTX PRO 6000 WS,1.335185185185185,1,95.59,283.67775356000004,212.46275355999998,93.14,1150.0,"Oregon, US",0.996567,53256478
2026-10-09T12:48:24.815568+00:00,vast.ai,marketplace,RTX PRO 6000 S,1.335185185185185,1,95.59,279.08175356000004,209.02075356,188.92,43.625,"Bulgaria, BG",0.9982662,53556937
2026-10-09T12:48:24.815568+00:00,vast.ai,marketplace,RTX PRO 6000 WS,1.3356481481481481,1,95.59,282.80075356000003,211.73275356,167.95,678.3333333333333,"Spain, ES",0.999274,39434934
2026-10-09T12:48:24.815568+00:00,vast.ai,marketplace,RTX PRO 6000 S,1.337037037037037,1,95.59,277.83875356000004,207.80175355999998,125.94,215.60000000000008,"California, US",0.9957357,54224871
2026-10-09T12:48:24.815568+00:00,vast.ai,marketplace,RTX PRO 6000 S,1.3398148148148148,1,95.59,279.79775356000005,208.83275356,283.09,1248.75,"France, FR",0.9843251,52625519
2026-10-09T12:48:24.815568+00:00,vast.ai,marketplace,RTX PRO 6000 WS,1.4009814814814814,1,95.59,282.78175356,201.84575356,188.92,199.0,"Poland, PL",0.9954775,37051751
2026-10-09T12:48:24.815568+00:00,vast.ai,marketplace,RTX PRO 6000 S,1.402314814814815,1,95.59,229.62875355999998,163.74975356,125.8,829.0,"Spain, ES",0.9712402,50992153
2026-10-09T12:48:24.815568+00:00,vast.ai,marketplace,RTX PRO 6000 S,1.402314814814815,1,95.59,279.29475356,199.16675356,188.92,148.375,"Bulgaria, BG",0.9982809,44647850
2026-10-09T12:48:24.815568+00:00,vast.ai,marketplace,RTX PRO 6000 S,1.4153888888888888,1,95.59,278.86875356,197.02675356,94.45,1363.1306814521943,"New York, US",0.997064,47972958
2026-10-09T12:48:24.815568+00:00,vast.ai,marketplace,RTX PRO 6000 WS,1.4416666666666669,1,95.59,283.52175356000004,196.66275356,62.81,2313.0,"Texas, US",0.9975818,41245493
2026-10-09T12:48:24.815568+00:00,vast.ai,marketplace,RTX PRO 6000 S,1.4464814814814817,1,95.59,279.25575356,193.05875355999999,188.93,117.125,"Maryland, US",0.9991723,54163797
2026-10-09T12:48:24.815568+00:00,vast.ai,marketplace,RTX PRO 6000 Max-Q,1.4627222222222225,1,95.59,283.17075356000004,193.59175356,125.83,20.75,"Japan, JP",0.9905086,34531894
2026-10-09T12:48:24.815568+00:00,vast.ai,marketplace,RTX PRO 6000 WS,1.4680555555555557,1,95.59,283.38575356,193.03475355999998,123.47,3008.0,"Texas, US",0.997774,46431555
2026-10-09T12:48:24.815568+00:00,vast.ai,marketplace,RTX PRO 6000 WS,1.468425925925926,1,95.59,283.40475356,192.99875355999998,94.39,577.75,"Czechia, CZ",0.9892546,53983168
2026-10-09T12:48:24.815568+00:00,vast.ai,marketplace,RTX PRO 6000 Max-Q,1.4687962962962964,1,95.59,283.83375356000005,193.24175356,125.59,2927.0,"Maryland, US",0.9989637,50852369
2026-10-09T12:48:24.815568+00:00,vast.ai,marketplace,RTX 5090,1.4702777777777778,1,31.84,199.03075356,135.36975356,125.93,496.75,"Czechia, CZ",0.9005303,30374673
2026-10-09T12:48:24.815568+00:00,vast.ai,marketplace,RTX PRO 6000 WS,1.4712962962962963,1,95.59,207.93775356,141.32975356,157.45,196.7314892796517,"Switzerland, CH",0.9944033,54973944
2026-10-09T12:48:24.815568+00:00,vast.ai,marketplace,RTX PRO 6000 WS,1.4712962962962963,1,95.59,271.53575356000005,184.55575356,251.91,313.5,"Florida, US",0.9970767,52869185
2026-10-09T12:48:24.815568+00:00,vast.ai,marketplace,RTX PRO 6000 Max-Q,1.4722222222222223,1,95.59,280.23875356,190.35075356,123.9,273.25,"Norway, NO",0.9973019,54296939
2026-10-09T12:48:24.815568+00:00,vast.ai,marketplace,RTX PRO 6000 WS,1.4736111111111112,1,95.59,237.37475356,161.08375356,124.7,476.25,"Norway, NO",0.9960304,54537849
2026-10-09T12:48:24.815568+00:00,vast.ai,marketplace,RTX PRO 6000 S,1.4942592592592594,1,95.59,279.29475356,186.91175356,94.42,604.45,"Bulgaria, BG",0.9840522,48905162
2026-10-09T12:48:24.815568+00:00,vast.ai,marketplace,RTX PRO 6000 WS,1.534074074074074,1,95.59,283.30775356000004,184.67675355999998,125.49,644.8999999999994,"Florida, US",0.9930858,50317285
2026-10-09T12:48:24.815568+00:00,vast.ai,marketplace,RTX PRO 6000 S,1.534722222222222,1,95.59,279.52675356000003,182.13475355999998,102.08,874.5,"The Netherlands, NL",0.9985982,54904542
2026-10-09T12:48:24.815568+00:00,vast.ai,marketplace,RTX PRO 6000 S,1.561111111111111,1,95.59,278.28775356,178.26275356,94.42,505.0,"Bulgaria, BG",0.9939269,51056494
2026-10-09T12:48:24.815568+00:00,vast.ai,marketplace,A100 SXM4,1.577838777777778,1,80.0,128.84475356,81.65875356000001,122.02,665.125,"North Carolina, US",0.9939503,51216962
2026-10-09T12:48:24.815568+00:00,vast.ai,marketplace,RTX PRO 6000 WS,1.597388888888889,1,95.59,283.91075356000005,177.73475356,125.71,1616.0,"Bulgaria, BG",0.9905946,51299966
2026-10-09T12:48:24.815568+00:00,vast.ai,marketplace,RTX PRO 6000 Max-Q,1.6000555555555556,1,95.59,283.36575356000003,177.09775356,125.85,484.0,"Texas, US",0.9987838,31194550
2026-10-09T12:48:24.815568+00:00,vast.ai,marketplace,RTX PRO 6000 Max-Q,1.6013888888888888,1,95.59,283.73575356000003,177.18075356,125.9,202.5,"Spain, ES",0.9990275,32252208
2026-10-09T12:48:24.815568+00:00,vast.ai,marketplace,RTX 5090,1.6055555555555554,1,31.84,199.43675356,124.21675356,247.81,313.95,"Norway, NO",0.9984722,50806304
2026-10-09T12:48:24.815568+00:00,vast.ai,marketplace,RTX PRO 6000 WS,1.6285185185185185,1,95.59,283.56075356,174.12175356,108.05,3572.0,"North Carolina, US",0.9931211,47875613
2026-10-09T12:48:24.815568+00:00,vast.ai,marketplace,RTX PRO 6000 WS,1.6663148148148148,1,95.59,282.87875356,169.76275356,94.2,3077.0,"Texas, US",0.9859363,54250814
2026-10-09T12:48:24.815568+00:00,vast.ai,marketplace,RTX PRO 6000 WS,1.6675925925925927,1,95.59,283.38575356,169.93675356,125.52,2602.5,"Minnesota, US",0.8192783,54920293
2026-10-09T12:48:24.815568+00:00,vast.ai,marketplace,RTX PRO 6000 Max-Q,1.6685185185185185,1,95.59,283.56075356,169.94775356,125.57,1536.8500000000001,"Norway, NO",0.9935323,55005208
2026-10-09T12:48:24.815568+00:00,vast.ai,marketplace,RTX PRO 5000,1.6685185185185185,1,47.79,165.69475355999998,99.30675356,503.52,1999.0,"Texas, US",0.9990074,53430598
2026-10-09T12:48:24.815568+00:00,vast.ai,marketplace,RTX PRO 6000 WS,1.6694444444444445,1,95.59,283.48275356000005,169.80675356,125.58,2586.0,"Texas, US",0.9942391,51489157
2026-10-09T12:48:24.815568+00:00,vast.ai,marketplace,RTX PRO 6000 WS,1.6736111111111112,1,95.59,283.26875356,169.25575356,121.18,980.0,"California, US",0.9874089,50460702
2026-10-09T12:48:24.815568+00:00,vast.ai,marketplace,H100 SXM,1.7347222222222223,1,79.65,287.25675356,165.59275356,125.88,43.0,"Washington, US",0.9988233,40179478
2026-10-09T12:48:24.815568+00:00,vast.ai,marketplace,H100 SXM,1.7347222222222223,1,79.65,299.92975356,172.89775355999998,125.88,22.0,"Washington, US",0.9990749,40291942
2026-10-09T12:48:24.815568+00:00,vast.ai,marketplace,RTX PRO 6000 S,1.7351851851851852,1,95.59,278.40375356000004,160.44675356,125.87,1089.625,"Texas, US",0.9797706,54022657
2026-10-09T12:48:24.815568+00:00,vast.ai,marketplace,RTX PRO 6000 S,1.7351851851851852,1,95.59,278.82975356000003,160.69175356,125.93,850.375,"Texas, US",0.9993912,35956465
2026-10-09T12:48:24.815568+00:00,vast.ai,marketplace,RTX PRO 6000 Max-Q,1.7356481481481483,1,95.59,283.67775356000004,163.44175356,188.81,2686.25,"Maryland, US",0.994781,52509886
2026-10-09T12:48:24.815568+00:00,vast.ai,marketplace,RTX PRO 6000 Max-Q,1.9369444444444446,1,95.59,282.66475356,145.93375355999999,141.68,1253.875,"Czechia, CZ",0.999019,49566524
2026-10-09T12:48:24.815568+00:00,vast.ai,marketplace,RTX PRO 6000 WS,2.0011111111111113,1,95.59,283.59975356,141.72075356,503.53,5895.0,"Japan, JP",0.9979923,55021016
2026-10-09T12:48:24.815568+00:00,vast.ai,marketplace,RTX 4090,2.001388888888889,1,23.99,97.13575356000001,48.53475356,125.71,1344.0,"Ontario, CA",0.9966004,52814544
2026-10-09T12:48:24.815568+00:00,vast.ai,marketplace,RTX 5090,2.2556481481481483,1,31.84,198.76375356,88.11775356000001,125.96,1471.8125000000002,"Hungary, HU",0.9945706,52070431
2026-10-09T12:48:24.815568+00:00,vast.ai,marketplace,RTX PRO 6000 Max-Q,2.4557037037037035,1,95.59,282.58675356000003,115.07375356,125.94,1132.0,"Czechia, CZ",0.9840959,30474091
2026-10-09T12:48:24.815568+00:00,vast.ai,marketplace,RTX PRO 6000 Max-Q,2.4578703703703706,1,95.59,282.93775356000003,115.11475356000001,125.92,349.5,"Czechia, CZ",0.9971863,47792408
2026-10-09T12:48:24.815568+00:00,vast.ai,marketplace,H100 NVL,2.468055555555556,1,93.58,361.37475356000004,146.42075355999998,188.69,59.0,", US",0.9992535,33610858
2026-10-09T12:48:24.815568+00:00,vast.ai,marketplace,RTX PRO 6000 WS,2.4736111111111114,1,95.59,282.70375356,114.28775356000001,251.49,1158.5,"New Jersey, US",0.9639292,51371152
2026-10-09T12:48:24.815568+00:00,vast.ai,marketplace,H100 NVL,2.534259259259259,1,93.58,377.70075356,149.03775356,188.94,3092.35,"Bulgaria, BG",0.8761811,54537998
2026-10-09T12:48:24.815568+00:00,vast.ai,marketplace,H100 NVL,3.028055555555548,1,93.58,345.99575356,114.26375356000001,314.69,515.9,"Virginia, US",0.992767,55022373
2026-10-09T12:48:24.815568+00:00,vast.ai,marketplace,H100 SXM,3.0299444444444448,1,79.65,265.44675356000005,87.60775356,125.94,1367.6143483981648,"Czechia, CZ",0.9202949,54871491
2026-10-09T12:48:24.815568+00:00,vast.ai,marketplace,H200 NVL,4.0018518518518515,1,140.4,453.39675356000004,113.29675356000001,335.82,1688.8999999999999,"New Mexico, US",0.9684679,53278622
2026-10-09T12:48:24.815568+00:00,vast.ai,marketplace,H200 NVL,4.134722222222223,1,140.4,453.10275356,109.58475356000001,503.75,430.0,"Japan, JP",0.9973069,47379027
2026-10-09T12:48:24.815568+00:00,vast.ai,marketplace,H200 NVL,4.188055555555555,1,140.4,371.27575356,88.65175356,214.36,12.142857142857142,"Mississippi, US",0.9947065,50176560
2026-10-09T12:48:24.815568+00:00,vast.ai,marketplace,H200 NVL,4.206944444444445,1,140.4,436.99675356,103.87475356,125.77,1171.5,"Washington, US",0.9944923,54868592
2026-10-09T12:48:24.815568+00:00,vast.ai,marketplace,H200 NVL,4.6685185185185185,1,140.4,453.44975356000003,97.12975356000001,335.82,2133.2999999999997,"New Mexico, US",0.9659068,53278674
2026-10-09T12:48:24.815568+00:00,vast.ai,marketplace,H200 NVL,4.8869444444444445,1,140.4,390.30875356,79.86775356000001,125.76,686.5,"Washington, US",0.9830238,54174014
2026-10-09T12:48:24.815568+00:00,vast.ai,marketplace,H200,5.0027412280701755,1,140.4,229.90775356,45.95675356,188.93,560.3226861599564,"Germany, DE",0.9811137,53594623
2026-10-09T12:48:24.815568+00:00,vast.ai,marketplace,H200,5.120248538011696,1,140.4,493.28775356,96.34075356000001,377.93,1598.1087582838072,"Saudi Arabia, SA",0.9988629,39353724
2026-10-09T12:48:24.815568+00:00,vast.ai,marketplace,B200,6.251302083333333,1,179.06,680.05475356,108.78675356000001,249.5,2435.7239101925334,"Oregon, US",0.9974524,50255935
2026-10-09T12:48:24.815568+00:00,vast.ai,marketplace,H200 NVL,6.378148148148148,1,140.4,453.16275356,71.04975356000001,188.9,1690.375,"Czechia, CZ",0.9975285,47386251
2026-10-09T12:48:24.815568+00:00,vast.ai,marketplace,RTX 5090,6.6685185185185185,1,31.84,199.11975356,29.85975356,881.33,724.0,"Hungary, HU",0.9495922,54850690
2026-10-09T12:48:24.815568+00:00,vast.ai,marketplace,H100 SXM,7.888055555555556,1,79.65,299.74875356,38.00075356,221.46,2295.125,", US",0.9983973,36346706
2026-10-09T12:48:24.815568+00:00,vast.ai,marketplace,B200,8.606510416666666,1,179.06,637.6957535600001,74.09475356,283.43,126.64296085436126,"Maryland, US",0.9937974,54863676
2026-10-09T12:48:24.815568+00:00,vast.ai,marketplace,RTX 5090,9.334898148148149,1,31.84,186.19975356,19.94675356,31.36,840.5,"Taiwan, TW",0.9911091,53630596
