collected_at,provider,tier,gpu_model,price_usd_per_hr,num_gpus,gpu_ram_gb,dlperf,dlperf_per_dollar,cpu_ram_gb,disk_space_gb,region,reliability,offer_id
2026-10-04T11:57:16.165220+00:00,vast.ai,marketplace,Quadro P2000,0.02851851851851852,1,5.0,1.017688617,35.687688617,6.83,25.875,"Nevada, US",0.9951852,49574219
2026-10-04T11:57:16.165220+00:00,vast.ai,marketplace,GTX TITAN X,0.044055555555555556,1,12.0,3.3556886169999998,76.155688617,7.73,72.65,"South Korea, KR",0.9972834,51832512
2026-10-04T11:57:16.165220+00:00,vast.ai,marketplace,GTX TITAN X,0.044055555555555556,1,12.0,3.3556886169999998,76.155688617,5.8,23.0,"South Korea, KR",0.9969575,51832530
2026-10-04T11:57:16.165220+00:00,vast.ai,marketplace,GTX 1080,0.047992592592592594,1,8.0,3.330688617,69.39568861699999,30.3,353.0,"Germany, DE",0.9970363,46997840
2026-10-04T11:57:16.165220+00:00,vast.ai,marketplace,GTX 1070,0.04805555555555556,1,8.0,2.5136886169999997,52.305688617,15.62,166.0,"South Korea, KR",0.9878567,50850386
2026-10-04T11:57:16.165220+00:00,vast.ai,marketplace,GTX 1070,0.04805555555555556,1,8.0,2.612688617,54.372688617,8.96,154.42857142857142,"South Korea, KR",0.9938258,48484313
2026-10-04T11:57:16.165220+00:00,vast.ai,marketplace,Titan Xp,0.04805555555555556,1,12.0,5.7576886169999995,119.808688617,8.96,91.14285714285714,"South Korea, KR",0.9955841,48455478
2026-10-04T11:57:16.165220+00:00,vast.ai,marketplace,Titan Xp,0.04805555555555556,1,12.0,5.7576886169999995,119.808688617,8.96,79.14072672159057,"South Korea, KR",0.9961671,32784737
2026-10-04T11:57:16.165220+00:00,vast.ai,marketplace,GTX TITAN X,0.04805555555555556,1,12.0,3.3556886169999998,69.816688617,15.51,170.0,"South Korea, KR",0.9731197,52856971
2026-10-04T11:57:16.165220+00:00,vast.ai,marketplace,GTX 1070,0.049388888888888885,1,8.0,2.6626886169999997,53.910688617,7.82,79.25,"South Korea, KR",0.9978633,50595371
2026-10-04T11:57:16.165220+00:00,vast.ai,marketplace,GTX 1070,0.049388888888888885,1,8.0,2.4976886169999997,50.575688617000004,7.78,168.5,"South Korea, KR",0.9981963,50037971
2026-10-04T11:57:16.165220+00:00,vast.ai,marketplace,RTX 3060 Ti,0.050722222222222224,1,8.0,13.774688616999999,271.565688617,15.46,100.0,"South Korea, KR",0.9975525,48517006
2026-10-04T11:57:16.165220+00:00,vast.ai,marketplace,RTX A2000,0.05159259259259259,1,11.99,10.945688617,212.147688617,15.63,337.5,"Poland, PL",0.9985184,45604047
2026-10-04T11:57:16.165220+00:00,vast.ai,marketplace,GTX 1080,0.052055555555555556,1,8.0,3.330688617,63.979688617,10.46,267.16666666666663,"South Korea, KR",0.9922416,52708527
2026-10-04T11:57:16.165220+00:00,vast.ai,marketplace,GTX 1080,0.052055555555555556,1,8.0,3.330688617,63.979688617,15.54,151.0,"South Korea, KR",0.9981209,52708889
2026-10-04T11:57:16.165220+00:00,vast.ai,marketplace,GTX 1080,0.052055555555555556,1,8.0,3.3516886169999998,64.381688617,15.52,120.0,"South Korea, KR",0.9931619,52708846
2026-10-04T11:57:16.165220+00:00,vast.ai,marketplace,GTX 1080,0.05472222222222223,1,8.0,3.3516886169999998,61.243688617000004,10.46,223.66666666666666,"South Korea, KR",0.9964597,50870175
2026-10-04T11:57:16.165220+00:00,vast.ai,marketplace,Titan Xp,0.05472222222222223,1,12.0,5.7576886169999995,105.212688617,10.45,240.01188834656173,"South Korea, KR",0.9946934,48369184
2026-10-04T11:57:16.165220+00:00,vast.ai,marketplace,Titan Xp,0.05472222222222223,1,12.0,5.7576886169999995,105.212688617,10.45,252.0,"South Korea, KR",0.9957214,48453501
2026-10-04T11:57:16.165220+00:00,vast.ai,marketplace,GTX TITAN X,0.05472222222222223,1,12.0,3.3556886169999998,61.310688617000004,7.76,134.75,"South Korea, KR",0.993248,45748277
2026-10-04T11:57:16.165220+00:00,vast.ai,marketplace,GTX 1660 S,0.05472222222222223,1,6.0,1.712688617,31.287688617,31.3,505.0,"Connecticut, US",0.9914611,49261694
2026-10-04T11:57:16.165220+00:00,vast.ai,marketplace,RTX 3060,0.05472222222222223,1,12.0,12.260688617,224.057688617,23.51,287.95,"Michigan, US",0.9970182,47576834
2026-10-04T11:57:16.165220+00:00,vast.ai,marketplace,GTX 1660 S,0.05738888888888889,1,6.0,1.700688617,29.623688617000003,15.61,124.20000000000002,"Vietnam, VN",0.9916941,18613673
2026-10-04T11:57:16.165220+00:00,vast.ai,marketplace,RTX 3060,0.05872222222222222,1,12.0,12.685688617,216.03268861700002,20.93,220.33333333333331,"Romania, RO",0.9937387,52432713
2026-10-04T11:57:16.165220+00:00,vast.ai,marketplace,Q RTX 4000,0.05872222222222222,1,8.0,4.104688617,69.891688617,7.67,68.5,"Spain, ES",0.9901616,48583410
2026-10-04T11:57:16.165220+00:00,vast.ai,marketplace,RTX 3060,0.06005555555555555,1,12.0,10.063688617,167.56868861700002,25.18,91.72352720251516,"Quebec, CA",0.973417,53837509
2026-10-04T11:57:16.165220+00:00,vast.ai,marketplace,RTX 3060,0.06092592592592593,1,12.0,12.045688617,197.701688617,15.63,74.5,"Poland, PL",0.9992156,45600112
2026-10-04T11:57:16.165220+00:00,vast.ai,marketplace,RTX 3060,0.06092592592592593,1,12.0,12.386688616999999,203.31268861700002,15.61,325.5,"Poland, PL",0.998373,45598127
2026-10-04T11:57:16.165220+00:00,vast.ai,marketplace,RTX 3060,0.06092592592592593,1,12.0,12.317688617,202.172688617,15.63,344.0,"Poland, PL",0.9986696,45602008
2026-10-04T11:57:16.165220+00:00,vast.ai,marketplace,Quadro P4000,0.061388888888888896,1,8.0,2.083688617,33.942688617,15.46,102.0,"Romania, RO",0.9985242,43521342
2026-10-04T11:57:16.165220+00:00,vast.ai,marketplace,Titan Xp,0.061388888888888896,1,12.0,5.7576886169999995,93.786688617,10.46,252.5,"South Korea, KR",0.9953866,48474943
2026-10-04T11:57:16.165220+00:00,vast.ai,marketplace,RTX 3060,0.061388888888888896,1,12.0,12.412688617,202.19368861700002,15.55,48.30000000000001,"South Korea, KR",0.9970943,52603086
2026-10-04T11:57:16.165220+00:00,vast.ai,marketplace,RTX 3060 Ti,0.061388888888888896,1,8.0,13.775688617,224.402688617,7.76,51.5,"South Korea, KR",0.9966806,46591555
2026-10-04T11:57:16.165220+00:00,vast.ai,marketplace,GTX 1080 Ti,0.06166666666666667,1,11.0,5.452688617,88.418688617,15.57,192.0,"Spain, ES",0.9919733,50865915
2026-10-04T11:57:16.165220+00:00,vast.ai,marketplace,GTX 1660 S,0.06272222222222221,1,6.0,1.688688617,26.912688617,15.67,394.0,"South Korea, KR",0.9961608,53989928
2026-10-04T11:57:16.165220+00:00,vast.ai,marketplace,GTX 1080 Ti,0.0635925925925926,1,11.0,5.2126886169999995,81.96668861699999,31.28,45.0,"South Korea, KR",0.9978405,52706152
2026-10-04T11:57:16.165220+00:00,vast.ai,marketplace,GTX 1080 Ti,0.06405555555555556,1,11.0,5.2126886169999995,81.373688617,7.73,184.0,"South Korea, KR",0.9963195,50029620
2026-10-04T11:57:16.165220+00:00,vast.ai,marketplace,GTX 1080 Ti,0.06405555555555556,1,11.0,5.2126886169999995,81.373688617,7.73,182.5,"South Korea, KR",0.9967532,50029567
2026-10-04T11:57:16.165220+00:00,vast.ai,marketplace,GTX 1080 Ti,0.06405555555555556,1,11.0,5.2126886169999995,81.373688617,15.67,416.75,"South Korea, KR",0.9920412,47444987
2026-10-04T11:57:16.165220+00:00,vast.ai,marketplace,RTX 3060,0.06405555555555556,1,12.0,12.387688617,193.392688617,10.46,180.0,"South Korea, KR",0.994812,38722534
2026-10-04T11:57:16.165220+00:00,vast.ai,marketplace,RTX 3060,0.06405555555555556,1,12.0,12.264688617,191.469688617,10.46,206.0,"South Korea, KR",0.9953916,41678961
2026-10-04T11:57:16.165220+00:00,vast.ai,marketplace,RTX 3060,0.06492592592592593,1,12.0,12.548688617,193.266688617,31.26,744.0,"South Korea, KR",0.9926719,52004506
2026-10-04T11:57:16.165220+00:00,vast.ai,marketplace,RTX 2060S,0.06538888888888889,1,8.0,3.986688617,60.972688617,15.61,116.70000000000005,"Vietnam, VN",0.9941012,47528461
2026-10-04T11:57:16.165220+00:00,vast.ai,marketplace,GTX 1660 S,0.06708333333333333,1,6.0,1.712688617,25.522688617,41.9,895.3333333333333,"Quebec, CA",0.990503,53849623
2026-10-04T11:57:16.165220+00:00,vast.ai,marketplace,RTX 3060 laptop,0.06718518518518521,1,12.0,12.756688617,189.874688617,15.63,328.65,"New Zealand, NZ",0.9978314,51669657
2026-10-04T11:57:16.165220+00:00,vast.ai,marketplace,GTX 1660 S,0.06726851851851852,1,6.0,1.700688617,25.273688617,62.74,574.5,"Quebec, CA",0.9938065,47948162
2026-10-04T11:57:16.165220+00:00,vast.ai,marketplace,GTX 1080 Ti,0.06805555555555555,1,11.0,5.316688617,78.114688617,15.64,383.0,"South Korea, KR",0.9973112,47674539
2026-10-04T11:57:16.165220+00:00,vast.ai,marketplace,RTX 2070,0.06805555555555555,1,8.0,4.104688617,60.306688617,7.82,295.5483640390162,"South Korea, KR",0.9804447,50701341
2026-10-04T11:57:16.165220+00:00,vast.ai,marketplace,RTX 3060,0.06851851851851852,1,12.0,12.312688617,179.696688617,94.32,366.675,"Ohio, US",0.9761036,53025338
2026-10-04T11:57:16.165220+00:00,vast.ai,marketplace,GTX 1660,0.06851851851851852,1,6.0,2.3166886169999996,33.807688617000004,62.93,357.9029288520951,"United Kingdom, GB",0.9976866,43339009
2026-10-04T11:57:16.165220+00:00,vast.ai,marketplace,GTX 1660 Ti,0.06944444444444445,1,6.0,2.544688617,36.644688617,15.54,88.0,"Sweden, SE",0.9980093,47937256
2026-10-04T11:57:16.165220+00:00,vast.ai,marketplace,RTX 3060,0.07472222222222222,1,12.0,12.405688617,166.022688617,31.18,57.30000000000001,"South Korea, KR",0.9975137,50735894
2026-10-04T11:57:16.165220+00:00,vast.ai,marketplace,RTX 3060,0.07472222222222222,1,12.0,12.406688617,166.03268861700002,31.18,165.0,"South Korea, KR",0.9877886,50735732
2026-10-04T11:57:16.165220+00:00,vast.ai,marketplace,RTX 3060,0.07472222222222222,1,12.0,10.596688617,141.81168861700002,15.55,120.0,"South Korea, KR",0.9961324,53984179
2026-10-04T11:57:16.165220+00:00,vast.ai,marketplace,RTX 4060,0.07518518518518519,1,8.0,15.649688616999999,208.143688617,15.62,299.5,"New Zealand, NZ",0.9969169,47696169
2026-10-04T11:57:16.165220+00:00,vast.ai,marketplace,RTX 3060 laptop,0.07518518518518519,1,12.0,12.782688617,170.018688617,15.62,234.4333333333333,"New Zealand, NZ",0.9947123,54127738
2026-10-04T11:57:16.165220+00:00,vast.ai,marketplace,RTX 4060,0.07611111111111112,1,8.0,15.657688617,205.71768861700002,15.72,125.25,"Nevada, US",0.9915498,50944073
2026-10-04T11:57:16.165220+00:00,vast.ai,marketplace,RTX 4060,0.07977777777777778,1,8.0,15.645688617,196.11068861700002,31.44,338.9140599257836,"British Columbia, CA",0.9958721,47299634
2026-10-04T11:57:16.165220+00:00,vast.ai,marketplace,RTX 3060,0.08002777777777778,1,12.0,12.353688617,154.364688617,20.95,246.83333333333331,"Pennsylvania, US",0.97125,53252580
2026-10-04T11:57:16.165220+00:00,vast.ai,marketplace,RTX 3060,0.08005555555555555,1,12.0,12.280688617,153.40068861700001,20.97,218.09166666666664,"Thailand, TH",0.9869647,52389495
2026-10-04T11:57:16.165220+00:00,vast.ai,marketplace,Tesla V100,0.08138888888888889,1,16.0,18.196688617000003,223.571688617,31.43,353.95,"California, US",0.9477761,51994892
2026-10-04T11:57:16.165220+00:00,vast.ai,marketplace,RTX 3070,0.08138888888888889,1,8.0,16.274688617000002,199.964688617,31.32,62.0,"Vietnam, VN",0.9941808,49499650
2026-10-04T11:57:16.165220+00:00,vast.ai,marketplace,RTX 3060,0.08138888888888889,1,12.0,12.554688617,154.250688617,15.52,129.0,"South Korea, KR",0.9973896,53961479
2026-10-04T11:57:16.165220+00:00,vast.ai,marketplace,GTX 1660 Ti,0.08138888888888889,1,6.0,2.486688617,30.551688617,15.61,69.05,"Florida, US",0.992093,53704099
2026-10-04T11:57:16.165220+00:00,vast.ai,marketplace,RTX 3060,0.08157407407407408,1,12.0,12.478688617,152.965688617,31.47,343.3334635429928,"Texas, US",0.9971823,41247441
2026-10-04T11:57:16.165220+00:00,vast.ai,marketplace,RTX 2060,0.08166666666666667,1,6.0,3.1586886169999997,38.679688617000004,15.64,150.0,"Poland, PL",0.9956255,51153773
2026-10-04T11:57:16.165220+00:00,vast.ai,marketplace,RTX A4000,0.08185185185185186,1,15.99,21.189688617,258.882688617,19.63,157.92000000000002,"Ohio, US",0.9806254,47976746
2026-10-04T11:57:16.165220+00:00,vast.ai,marketplace,Tesla V100,0.08185185185185186,1,16.0,20.174688617,246.470688617,31.26,182.61499999999998,"California, US",0.9614163,53827730
2026-10-04T11:57:16.165220+00:00,vast.ai,marketplace,RTX 4060,0.08185185185185186,1,8.0,15.641688617,191.09168861700002,15.72,35.11250000000001,"Nevada, US",0.9958209,49481979
2026-10-04T11:57:16.165220+00:00,vast.ai,marketplace,RTX 3060,0.08185185185185186,1,12.0,12.407688617,151.588688617,15.59,350.0,"Florida, US",0.9932178,53253702
2026-10-04T11:57:16.165220+00:00,vast.ai,marketplace,RTX 3060,0.08299999999999999,1,12.0,12.659688617,152.522688617,15.62,331.0,"Poland, PL",0.9924809,51134007
2026-10-04T11:57:16.165220+00:00,vast.ai,marketplace,RTX 3060 Ti,0.08405555555555555,1,8.0,13.775688617,163.88968861700002,62.94,555.1938863698381,"Sweden, SE",0.9951789,51184866
2026-10-04T11:57:16.165220+00:00,vast.ai,marketplace,RTX A4000,0.0875925925925926,1,15.99,19.587688617,223.617688617,41.93,21.166666666666664,"Japan, JP",0.9915226,49619748
2026-10-04T11:57:16.165220+00:00,vast.ai,marketplace,RTX A4000,0.0875925925925926,1,15.99,21.193688617000003,241.951688617,23.48,267.0,"The Netherlands, NL",0.9985696,36172986
2026-10-04T11:57:16.165220+00:00,vast.ai,marketplace,RTX A4000,0.0875925925925926,1,15.99,20.439688617,233.351688617,23.49,348.5,"Poland, PL",0.9994426,45600036
2026-10-04T11:57:16.165220+00:00,vast.ai,marketplace,RTX A4000,0.0875925925925926,1,15.99,20.439688617,233.343688617,23.49,161.0,"Poland, PL",0.9985114,49383451
2026-10-04T11:57:16.165220+00:00,vast.ai,marketplace,Q RTX 4000,0.08805555555555555,1,8.0,4.104688617,46.609688617,31.26,255.0,"Argentina, AR",0.9930433,37282264
2026-10-04T11:57:16.165220+00:00,vast.ai,marketplace,RTX 5060,0.08898148148148148,1,7.96,28.442688617,319.644688617,20.96,202.59057059461975,"United States, US",0.9948162,50138869
2026-10-04T11:57:16.165220+00:00,vast.ai,marketplace,RTX A4000,0.0915925925925926,1,15.99,17.476688617,190.80568861700002,41.93,50.62273995381254,"Japan, JP",0.9896502,49633878
2026-10-04T11:57:16.165220+00:00,vast.ai,marketplace,RTX 2080 Ti,0.09205555555555556,1,22.0,11.045688617,119.991688617,17.97,149.46731609967992,"Thailand, TH",0.9836373,50286290
2026-10-04T11:57:16.165220+00:00,vast.ai,marketplace,RTX 3060 laptop,0.09251851851851853,1,12.0,12.782688617,138.165688617,31.32,118.0,"New Zealand, NZ",0.99769,51288813
2026-10-04T11:57:16.165220+00:00,vast.ai,marketplace,RTX 3060,0.09380185185185184,1,12.0,10.388688617,110.745688617,15.4,297.0,"Spain, ES",0.993405,47893736
2026-10-04T11:57:16.165220+00:00,vast.ai,marketplace,RTX 3060 Ti,0.09425925925925926,1,8.0,13.932688617,147.80668861700002,7.75,25.0,"Israel, IL",0.9841972,50916083
2026-10-04T11:57:16.165220+00:00,vast.ai,marketplace,RTX 3060,0.09449074074074075,1,12.0,12.266688617,129.813688617,15.63,1635.0,"New Jersey, US",0.9965198,44021689
2026-10-04T11:57:16.165220+00:00,vast.ai,marketplace,RTX 3060,0.09449074074074075,1,12.0,12.266688617,129.821688617,15.54,300.9,"New Jersey, US",0.9945303,49256361
2026-10-04T11:57:16.165220+00:00,vast.ai,marketplace,Quadro P4000,0.09472222222222222,1,8.0,2.083688617,21.997688617,62.73,280.0,"United Kingdom, GB",0.994554,53524843
2026-10-04T11:57:16.165220+00:00,vast.ai,marketplace,Tesla P100,0.09472222222222222,1,16.0,5.823688617,61.475688617,20.88,144.66666666666666,"Missouri, US",0.9848946,52971260
2026-10-04T11:57:16.165220+00:00,vast.ai,marketplace,RTX A4000,0.09472222222222222,1,15.99,21.614688617000002,228.191688617,31.32,758.25,"Quebec, CA",0.9982698,49320809
2026-10-04T11:57:16.165220+00:00,vast.ai,marketplace,RTX 2080 Ti,0.09472222222222222,1,11.0,8.975688617,94.760688617,31.18,72.0,"British Columbia, CA",0.9949462,39401236
2026-10-04T11:57:16.165220+00:00,vast.ai,marketplace,RTX 3060 Ti,0.09472222222222222,1,8.0,13.757688617,145.243688617,41.9,238.0,"Quebec, CA",0.9718047,53728561
2026-10-04T11:57:16.165220+00:00,vast.ai,marketplace,Q RTX 5000,0.09518518518518519,1,16.0,6.974688617,73.275688617,31.44,127.75,"New York, US",0.7965464,50606626
2026-10-04T11:57:16.165220+00:00,vast.ai,marketplace,Tesla P100,0.09564814814814815,1,16.0,6.489688617,67.848688617,23.23,698.9995321224895,"Texas, US",0.9825518,48743420
2026-10-04T11:57:16.165220+00:00,vast.ai,marketplace,Tesla P100,0.09564814814814815,1,16.0,6.489688617,67.848688617,39.01,542.925,"Texas, US",0.995288,48981926
2026-10-04T11:57:16.165220+00:00,vast.ai,marketplace,RTX 4060 Ti,0.09564814814814815,1,16.0,22.516688617,235.414688617,23.54,344.23525674361395,"United States, US",0.9921052,47543123
2026-10-04T11:57:16.165220+00:00,vast.ai,marketplace,RTX 3070,0.09888888888888889,1,8.0,16.245688617000003,164.279688617,15.63,342.5,"Illinois, US",0.9965944,52471044
2026-10-04T11:57:16.165220+00:00,vast.ai,marketplace,RTX 4060 Ti,0.09935185185185186,1,16.0,22.553688617000002,227.00268861700002,31.47,168.75,", US",0.992879,42171803
2026-10-04T11:57:16.165220+00:00,vast.ai,marketplace,RTX 5060,0.10018518518518518,1,7.96,28.232688617,281.79968861699996,29.81,497.0,"India, IN",0.9603909,48558053
2026-10-04T11:57:16.165220+00:00,vast.ai,marketplace,Tesla V100,0.10138888888888888,1,16.0,18.420688617000003,181.682688617,62.86,3374.1,"Quebec, CA",0.9684164,53747993
2026-10-04T11:57:16.165220+00:00,vast.ai,marketplace,RTX 4060 Ti,0.10138888888888888,1,8.0,17.696688617000003,174.53868861700002,15.64,365.4,"Ontario, CA",0.9967862,20389045
2026-10-04T11:57:16.165220+00:00,vast.ai,marketplace,RTX A4000,0.1063148148148148,1,15.99,21.193688617000003,199.343688617,35.33,322.25,"Estonia, EE",0.992207,53990295
2026-10-04T11:57:16.165220+00:00,vast.ai,marketplace,RTX 2060,0.10694444444444445,1,12.0,3.9696886169999996,37.120688617,8.96,149.42857142857142,"South Korea, KR",0.9961713,35050682
2026-10-04T11:57:16.165220+00:00,vast.ai,marketplace,RTX 3060,0.10712962962962963,1,12.0,12.695688617,118.50568861699999,31.18,567.9000000000001,"Thailand, TH",0.9921369,50460350
2026-10-04T11:57:16.165220+00:00,vast.ai,marketplace,A16,0.1075925925925926,1,15.0,13.691688617,127.24968861699999,31.47,424.75,"Vietnam, VN",0.997437,46601059
2026-10-04T11:57:16.165220+00:00,vast.ai,marketplace,RTX A4000,0.10805555555555556,1,15.99,21.177688617,195.983688617,17.95,359.87082699899304,"Michigan, US",0.9824079,46301468
2026-10-04T11:57:16.165220+00:00,vast.ai,marketplace,RTX A4000,0.10805555555555556,1,15.99,21.191688617,196.117688617,23.57,95.25,"Delaware, US",0.9986838,48328449
2026-10-04T11:57:16.165220+00:00,vast.ai,marketplace,RTX A4000,0.10805555555555556,1,15.99,21.627688617,200.154688617,39.28,232.58626449624734,"Delaware, US",0.9994752,45415097
2026-10-04T11:57:16.165220+00:00,vast.ai,marketplace,RTX 2060,0.10805555555555556,1,12.0,3.9416886169999996,36.477688617,10.46,246.4,"South Korea, KR",0.9957556,49698947
2026-10-04T11:57:16.165220+00:00,vast.ai,marketplace,RTX 3080,0.10805555555555556,1,10.0,26.963688617000003,249.529688617,15.46,101.0,"South Korea, KR",0.9769454,52911148
2026-10-04T11:57:16.165220+00:00,vast.ai,marketplace,RTX 4060 Ti,0.10851851851851853,1,16.0,22.700688617,209.182688617,20.88,198.0,"Ohio, US",0.9749593,51630301
2026-10-04T11:57:16.165220+00:00,vast.ai,marketplace,RTX A4000,0.10898148148148148,1,15.99,21.186688617,194.40768861700002,47.22,328.0875,"Estonia, EE",0.9894112,51587990
2026-10-04T11:57:16.165220+00:00,vast.ai,marketplace,Tesla V100,0.10898148148148148,1,16.0,20.174688617,185.114688617,43.19,728.75,"Texas, US",0.9859291,30970801
2026-10-04T11:57:16.165220+00:00,vast.ai,marketplace,RTX 3060,0.10898148148148148,1,12.0,12.265688617,112.545688617,31.46,165.12500000000003,"Norway, NO",0.9984179,13388143
2026-10-04T11:57:16.165220+00:00,vast.ai,marketplace,RTX 3060,0.10898148148148148,1,12.0,12.333688617,113.17268861699999,31.46,166.3625,"Norway, NO",0.9923923,51941424
2026-10-04T11:57:16.165220+00:00,vast.ai,marketplace,RTX A2000,0.10898148148148148,1,5.99,8.576688617,78.697688617,62.89,719.5,"Norway, NO",0.9970907,29318077
2026-10-04T11:57:16.165220+00:00,vast.ai,marketplace,RTX 3060 Ti,0.11032222222222221,1,8.0,11.807688617,107.02968861699999,7.61,287.0,"Spain, ES",0.995357,46485962
2026-10-04T11:57:16.165220+00:00,vast.ai,marketplace,RTX 4070S,0.1126851851851852,1,11.99,34.704688617,307.980688617,11.78,161.5,"United States, US",0.9861974,42643523
2026-10-04T11:57:16.165220+00:00,vast.ai,marketplace,RTX 4060 Ti,0.11425926325925927,1,16.0,22.648688617,198.219688617,23.57,145.125,"California, US",0.9654371,52442698
2026-10-04T11:57:16.165220+00:00,vast.ai,marketplace,RTX 3070,0.115,1,8.0,16.278688617,141.55068861700002,15.64,330.75,"Spain, ES",0.9903443,52230480
2026-10-04T11:57:16.165220+00:00,vast.ai,marketplace,RTX 3060 laptop,0.11785185185185186,1,12.0,12.780688617,108.44868861699999,15.59,320.85,"New Zealand, NZ",0.9959825,51286013
2026-10-04T11:57:16.165220+00:00,vast.ai,marketplace,RTX 3060,0.12064814814814816,1,12.0,12.407688617,102.836688617,62.91,1344.3250000000003,"Quebec, CA",0.9900312,53879542
2026-10-04T11:57:16.165220+00:00,vast.ai,marketplace,RTX 3080,0.12064814814814816,1,10.0,27.754688617000003,230.047688617,15.68,161.75,"Poland, PL",0.9820069,53761575
2026-10-04T11:57:16.165220+00:00,vast.ai,marketplace,RTX A4000,0.1213888888888889,1,15.99,21.189688617,174.56268861700002,18.17,106.25,"Delaware, US",0.9995201,46653919
2026-10-04T11:57:16.165220+00:00,vast.ai,marketplace,RTX A4000,0.1213888888888889,1,15.99,21.189688617,174.56268861700002,15.66,173.58801997526115,"Utah, US",0.9917975,50591544
2026-10-04T11:57:16.165220+00:00,vast.ai,marketplace,RTX 3070,0.12139022222222223,1,8.0,16.714688617,137.691688617,15.61,331.0,"Oklahoma, US",0.9670603,52610192
2026-10-04T11:57:16.165220+00:00,vast.ai,marketplace,RTX 3080,0.12185185185185186,1,10.0,20.156688617,165.421688617,10.4,157.0,"Spain, ES",0.9904935,50715181
2026-10-04T11:57:16.165220+00:00,vast.ai,marketplace,RTX 5060 Ti,0.12185185185185186,1,15.93,38.503688617,315.98968861699996,38.22,307.95,"Serbia, RS",0.9913394,54022243
2026-10-04T11:57:16.165220+00:00,vast.ai,marketplace,RTX 5060,0.12185185185185186,1,7.96,28.222688617000003,231.611688617,62.88,672.7229951955909,"United Kingdom, GB",0.9977163,48742491
2026-10-04T11:57:16.165220+00:00,vast.ai,marketplace,RTX A4000,0.12231481481481482,1,15.99,21.186688617,173.215688617,62.96,721.1375,"Estonia, EE",0.9928964,50747399
2026-10-04T11:57:16.165220+00:00,vast.ai,marketplace,RTX 4060,0.12231481481481482,1,8.0,15.641688617,127.876688617,251.59,655.0,"Quebec, CA",0.9897201,54144718
2026-10-04T11:57:16.165220+00:00,vast.ai,marketplace,Tesla V100,0.12277777777777779,1,32.0,23.192688617,188.89568861700002,39.31,297.32500000000005,"Nevada, US",0.9949605,49757630
2026-10-04T11:57:16.165220+00:00,vast.ai,marketplace,RTX 3090,0.12601851851851853,1,24.0,44.363688617,352.038688617,53.96,295.0,"United States, US",0.9836074,48317508
2026-10-04T11:57:16.165220+00:00,vast.ai,marketplace,RTX 3090,0.12601851851851853,1,24.0,44.367688617,352.069688617,23.59,305.25,"United States, US",0.9926117,43751735
2026-10-04T11:57:16.165220+00:00,vast.ai,marketplace,RTX 4060 Ti,0.12662962962962965,1,16.0,22.679688617,179.100688617,31.45,108.60000000000001,"Quebec, CA",0.9990753,54049428
2026-10-04T11:57:16.165220+00:00,vast.ai,marketplace,RTX 3080 Ti,0.12805555555555553,1,12.0,34.533688617,269.673688617,37.72,252.20000000000002,"Quebec, CA",0.9992686,54119497
2026-10-04T11:57:16.165220+00:00,vast.ai,marketplace,RTX 4060 Ti,0.12937962962962962,1,16.0,22.474688617,173.71168861700002,62.86,344.4,"Pennsylvania, US",0.9871307,52678380
2026-10-04T11:57:16.165220+00:00,vast.ai,marketplace,RTX 5060 Ti,0.1333888888888889,1,15.93,38.403688617,287.904688617,30.69,134.0,"Vietnam, VN",0.9925667,54105411
2026-10-04T11:57:16.165220+00:00,vast.ai,marketplace,RTX 3080 Ti,0.13398148148148148,1,12.0,32.733688617,244.316688617,11.7,80.0,"Poland, PL",0.9943988,51796614
2026-10-04T11:57:16.165220+00:00,vast.ai,marketplace,RTX 2080 Ti,0.13425925925925924,1,11.0,8.666688617,64.549688617,62.89,1362.343159123422,"Maryland, US",0.9989119,53776171
2026-10-04T11:57:16.165220+00:00,vast.ai,marketplace,RTX 4060,0.13472222222222222,1,8.0,15.938688617,118.30368861699999,31.18,665.0,"Mexico, MX",0.996837,40179084
2026-10-04T11:57:16.165220+00:00,vast.ai,marketplace,RTX 4070S,0.13472222222222222,1,11.99,34.694688617000004,257.523688617,31.35,355.4,"Ontario, CA",0.9852892,44231987
2026-10-04T11:57:16.165220+00:00,vast.ai,marketplace,RTX 4060 Ti,0.13472222222222222,1,8.0,17.517688617,130.029688617,62.69,252.0,"Kentucky, US",0.9967166,13544719
2026-10-04T11:57:16.165220+00:00,vast.ai,marketplace,RTX 3080,0.13472222222222222,1,10.0,27.093688617,201.108688617,46.96,10.0,"Ontario, CA",0.9893267,53030399
2026-10-04T11:57:16.165220+00:00,vast.ai,marketplace,RTX 4060 Ti,0.13472222222222222,1,16.0,22.547688617000002,167.35968861700002,31.25,296.0000000000001,"Kentucky, US",0.9911719,48221812
2026-10-04T11:57:16.165220+00:00,vast.ai,marketplace,RTX 4060 Ti,0.13472222222222222,1,16.0,22.516688617,167.136688617,31.18,352.0,"Kentucky, US",0.9953822,53613031
2026-10-04T11:57:16.165220+00:00,vast.ai,marketplace,Q RTX 6000,0.13472222222222222,1,22.5,11.787688617,87.498688617,61.95,1346.0,"Pennsylvania, US",0.9474491,51998687
2026-10-04T11:57:16.165220+00:00,vast.ai,marketplace,RTX 5060 Ti,0.13472222222222222,1,15.93,19.626688617000003,145.683688617,47.2,357.25,"Switzerland, CH",0.9888729,53186413
2026-10-04T11:57:16.165220+00:00,vast.ai,marketplace,RTX 5060 Ti,0.13472222222222222,1,15.93,38.375688617,284.85268861699996,31.45,351.75,"Switzerland, CH",0.9899767,53186465
2026-10-04T11:57:16.165220+00:00,vast.ai,marketplace,RTX 3090,0.13518518518518519,1,24.0,44.364688617,328.177688617,31.47,743.125,"California, US",0.9778286,54086464
2026-10-04T11:57:16.165220+00:00,vast.ai,marketplace,Tesla V100,0.13518518518518519,1,32.0,25.713688617000003,190.206688617,31.47,743.125,"California, US",0.9778286,54086463
2026-10-04T11:57:16.165220+00:00,vast.ai,marketplace,RTX A2000,0.13564814814814816,1,5.99,8.575688616999999,63.220688617,125.78,1511.0,"Norway, NO",0.9977189,52457955
2026-10-04T11:57:16.165220+00:00,vast.ai,marketplace,RTX 4070,0.1361111111111111,1,11.99,20.440688617000003,150.173688617,20.96,103.15833333333337,"Washington, US",0.9993122,16213981
2026-10-04T11:57:16.165220+00:00,vast.ai,marketplace,RTX A2000,0.13738888888888887,1,5.99,8.575688616999999,62.419688617,251.87,2638.0,"Italy, IT",0.9974971,38365789
2026-10-04T11:57:16.165220+00:00,vast.ai,marketplace,Tesla V100,0.13796296296296295,1,16.0,20.174688617,146.22868861700002,62.89,760.25,"Quebec, CA",0.9860056,53726436
2026-10-04T11:57:16.165220+00:00,vast.ai,marketplace,RTX 5060 Ti,0.1401851851851852,1,7.96,30.114688617000002,214.816688617,29.96,577.0,"India, IN",0.9482127,48558068
2026-10-04T11:57:16.165220+00:00,vast.ai,marketplace,RTX 5060 Ti,0.1401851851851852,1,15.93,38.490688617,274.56668861699995,29.96,474.0,"India, IN",0.9414667,50282300
2026-10-04T11:57:16.165220+00:00,vast.ai,marketplace,RTX 3060,0.14150000000000001,1,12.0,12.548688617,88.67868861699999,62.86,303.5,"New York, US",0.9980204,52140339
2026-10-04T11:57:16.165220+00:00,vast.ai,marketplace,RTX 4060 Ti,0.14564814814814817,1,16.0,22.903688617,157.250688617,15.63,294.5,"Romania, RO",0.7325642,53307219
2026-10-04T11:57:16.165220+00:00,vast.ai,marketplace,RTX 5060 Ti,0.1457962962962963,1,15.93,38.416688617,263.497688617,41.93,3632.7444183687535,"Texas, US",0.9870887,54076319
2026-10-04T11:57:16.165220+00:00,vast.ai,marketplace,Tesla V100,0.14712962962962964,1,32.0,23.192688617,157.630688617,46.98,705.0,"Sri Lanka, LK",0.9965853,47359116
2026-10-04T11:57:16.165220+00:00,vast.ai,marketplace,RTX 3080,0.14759259259259258,1,10.0,27.138688617000003,183.873688617,31.25,797.0,"Argentina, AR",0.9981376,29430929
2026-10-04T11:57:16.165220+00:00,vast.ai,marketplace,RTX 3090,0.14805555555555555,1,24.0,44.377688617000004,299.733688617,41.83,352.0,"Ukraine, UA",0.9251076,41833641
2026-10-04T11:57:16.165220+00:00,vast.ai,marketplace,RTX A4000,0.14805555555555555,1,15.99,21.186688617,143.100688617,62.87,347.0,"Massachusetts, US",0.9749658,51648674
2026-10-04T11:57:16.165220+00:00,vast.ai,marketplace,Tesla T4,0.14805555555555555,1,15.0,4.302688616999999,29.059688617000003,125.82,554.5,"Pennsylvania, US",0.9976375,53942703
2026-10-04T11:57:16.165220+00:00,vast.ai,marketplace,Titan V,0.14805555555555555,1,12.0,21.926688617,148.094688617,15.59,379.5,"South Korea, KR",0.9968158,52709208
2026-10-04T11:57:16.165220+00:00,vast.ai,marketplace,Titan RTX,0.14805555555555555,1,24.0,12.057688617,81.43768861699999,15.46,106.0,"South Korea, KR",0.9937956,48452921
2026-10-04T11:57:16.165220+00:00,vast.ai,marketplace,RTX 4060 Ti,0.14805555555555555,1,8.0,18.021688617000002,121.71968861699999,31.18,659.0,"Mexico, MX",0.9980632,40180147
2026-10-04T11:57:16.165220+00:00,vast.ai,marketplace,RTX 3060 Ti,0.14805555555555555,1,8.0,13.853688617,93.57068861699999,110.12,123.5,"Massachusetts, US",0.987666,46460412
2026-10-04T11:57:16.165220+00:00,vast.ai,marketplace,RTX 3060 Ti,0.14805555555555555,1,8.0,13.782688617,93.087688617,94.31,154.2,"Massachusetts, US",0.9797014,51361323
2026-10-04T11:57:16.165220+00:00,vast.ai,marketplace,RTX 3080,0.14805555555555555,1,10.0,26.955688617,182.060688617,27.52,365.49534173171264,"Norway, NO",0.9937514,44685307
2026-10-04T11:57:16.165220+00:00,vast.ai,marketplace,RTX 3080 Ti,0.14805555555555555,1,12.0,26.960688617000002,182.096688617,15.67,199.75,"Taiwan, TW",0.9944033,50375377
2026-10-04T11:57:16.165220+00:00,vast.ai,marketplace,RTX 5070 Ti,0.14805555555555555,1,15.92,48.295688617,326.199688617,15.67,112.5,"South Korea, KR",0.9963746,38752050
2026-10-04T11:57:16.165220+00:00,vast.ai,marketplace,RTX 5070 Ti,0.14805555555555555,1,15.92,55.234688617,373.06668861699995,15.66,209.5,"South Korea, KR",0.9932987,38752092
2026-10-04T11:57:16.165220+00:00,vast.ai,marketplace,RTX 5070 Ti,0.14805555555555555,1,15.92,53.349688617,360.332688617,15.66,53.5,"South Korea, KR",0.995436,38752232
2026-10-04T11:57:16.165220+00:00,vast.ai,marketplace,RTX 5060 Ti,0.14805555555555555,1,15.93,38.901688617000005,262.749688617,15.59,239.5,"Denmark, DK",0.9907132,53830014
2026-10-04T11:57:16.165220+00:00,vast.ai,marketplace,RTX 5060 Ti,0.14851851851851852,1,15.93,38.901688617000005,261.930688617,31.24,362.46673345086396,"Ontario, CA",0.9911806,53762172
2026-10-04T11:57:16.165220+00:00,vast.ai,marketplace,Tesla T4,0.14938888888888888,1,15.0,4.302688616999999,28.800688617000002,31.42,128.9,"Czechia, CZ",0.999212,13080909
2026-10-04T11:57:16.165220+00:00,vast.ai,marketplace,RTX 3080,0.14944444444444444,1,20.0,34.475688617,230.68768861700002,62.89,725.5,"United States, US",0.9408123,53259696
2026-10-04T11:57:16.165220+00:00,vast.ai,marketplace,RTX 3090,0.15268518518518517,1,24.0,44.355688617,290.502688617,27.53,374.0,"California, US",0.8946971,50559387
2026-10-04T11:57:16.165220+00:00,vast.ai,marketplace,RTX 3090,0.15268518518518517,1,24.0,44.364688617,290.56368861699997,31.47,125.7875,"United States, US",0.9473348,52692623
2026-10-04T11:57:16.165220+00:00,vast.ai,marketplace,RTX 4070S,0.1509259259259259,1,11.99,34.761688617000004,230.322688617,62.94,1101.5,"Quebec, CA",0.9953305,54029980
2026-10-04T11:57:16.165220+00:00,vast.ai,marketplace,RTX 5060 Ti,0.16092592592592592,1,15.93,38.362688617,238.384688617,31.44,167.125,"Australia, AU",0.9977375,54073754
2026-10-04T11:57:16.165220+00:00,vast.ai,marketplace,RTX 5060 Ti,0.16115740740740742,1,15.93,38.375688617,238.12768861700002,31.36,298.5,"New Jersey, US",0.9973777,47407720
2026-10-04T11:57:16.165220+00:00,vast.ai,marketplace,RTX 4070S Ti,0.1613888888888889,1,15.99,51.305688617,317.899688617,62.63,121.0,"Vietnam, VN",0.9923089,46718781
2026-10-04T11:57:16.165220+00:00,vast.ai,marketplace,Titan V,0.1613888888888889,1,12.0,21.927688617,135.869688617,15.59,368.0,"South Korea, KR",0.997965,50869995
2026-10-04T11:57:16.165220+00:00,vast.ai,marketplace,Tesla V100,0.1613888888888889,1,32.0,23.192688617,143.703688617,31.45,203.89926746791684,"British Columbia, CA",0.9954421,45783726
2026-10-04T11:57:16.165220+00:00,vast.ai,marketplace,RTX 5070 Ti,0.1613888888888889,1,15.92,53.608688617,332.168688617,15.67,34.25,"South Korea, KR",0.9928209,38692155
2026-10-04T11:57:16.165220+00:00,vast.ai,marketplace,RTX 5070 Ti,0.1613888888888889,1,15.92,54.760688617,339.308688617,15.67,86.5,"South Korea, KR",0.9963289,52605990
2026-10-04T11:57:16.165220+00:00,vast.ai,marketplace,RTX 5060 Ti,0.1613888888888889,1,15.93,38.551688617,238.875688617,30.81,231.5,"France, FR",0.9975918,45637388
2026-10-04T11:57:16.165220+00:00,vast.ai,marketplace,RTX 5070,0.1613888888888889,1,11.94,50.337688617000005,311.90268861699997,31.36,568.5,"Texas, US",0.994137,49068009
2026-10-04T11:57:16.165220+00:00,vast.ai,marketplace,RTX 4060 Ti,0.16185185185185186,1,8.0,17.715688617,109.453688617,62.51,743.0,"Texas, US",0.9981034,35855967
2026-10-04T11:57:16.165220+00:00,vast.ai,marketplace,RTX 3060 Ti,0.16231481481481483,1,8.0,13.773688617,84.85368861699999,62.96,364.375,"Norway, NO",0.9912113,53038585
2026-10-04T11:57:16.165220+00:00,vast.ai,marketplace,RTX 4060 Ti,0.16231481481481483,1,16.0,22.590688617,139.177688617,62.96,91.5,"Norway, NO",0.9971084,31010996
2026-10-04T11:57:16.165220+00:00,vast.ai,marketplace,RTX 5060 Ti,0.16231481481481483,1,15.93,38.804688617000004,239.070688617,41.89,549.6666666666666,"France, FR",0.9735936,52554318
2026-10-04T11:57:16.165220+00:00,vast.ai,marketplace,Tesla V100,0.16277777777777777,1,32.0,23.192688617,142.477688617,62.63,3351.6,"California, US",0.9763158,52689160
2026-10-04T11:57:16.165220+00:00,vast.ai,marketplace,RTX 3070,0.1650702222222222,1,8.0,16.209688617,98.19968861699999,20.93,86.66666666666669,"Oklahoma, US",0.9909042,53049416
2026-10-04T11:57:16.165220+00:00,vast.ai,marketplace,RTX 3090,0.1660185185185185,1,24.0,44.350688617,267.14068861699997,31.46,387.7,"United States, US",0.9863237,44375059
2026-10-04T11:57:16.165220+00:00,vast.ai,marketplace,Tesla T4,0.16749999999999998,1,16.0,4.400688617,26.272688617,125.93,3030.75,"Norway, NO",0.9977138,41364914
2026-10-04T11:57:16.165220+00:00,vast.ai,marketplace,RTX 3080,0.16805555555555554,1,10.0,26.965688617,160.453688617,31.14,99.0,"Argentina, AR",0.9878577,45863091
2026-10-04T11:57:16.165220+00:00,vast.ai,marketplace,RTX 4060 Ti,0.17425925925925925,1,16.0,13.240688617,75.979688617,31.19,120.0,"Argentina, AR",0.9833135,54039597
2026-10-04T11:57:16.165220+00:00,vast.ai,marketplace,RTX 3090,0.17472222222222222,1,24.0,6.855688617,39.237688617,26.16,145.0,"Australia, AU",0.9680364,54077018
2026-10-04T11:57:16.165220+00:00,vast.ai,marketplace,RTX 3090,0.17472222222222222,1,24.0,44.605688617,255.29468861700002,31.23,581.0,"New Brunswick, CA",0.9984208,51517683
2026-10-04T11:57:16.165220+00:00,vast.ai,marketplace,RTX 3070,0.17472222222222222,1,8.0,16.278688617,93.16668861699999,15.53,805.9,"Japan, JP",0.9915208,53422687
2026-10-04T11:57:16.165220+00:00,vast.ai,marketplace,RTX 3070,0.17472222222222222,1,8.0,12.266688617,70.20768861699999,10.42,251.66666666666666,"France, FR",0.9982453,51557330
2026-10-04T11:57:16.165220+00:00,vast.ai,marketplace,RTX 3070 Ti,0.17472222222222222,1,8.0,18.210688617000002,104.22568861699999,62.57,292.0,"Massachusetts, US",0.9939351,44162569
2026-10-04T11:57:16.165220+00:00,vast.ai,marketplace,RTX 3080,0.17472222222222222,1,10.0,27.143688617000002,155.350688617,15.54,384.4,"Switzerland, CH",0.9835755,51928957
2026-10-04T11:57:16.165220+00:00,vast.ai,marketplace,RTX 3080 Ti,0.17472222222222222,1,12.0,33.970688617,194.426688617,36.64,500.3333333333333,"Quebec, CA",0.9979363,44116402
2026-10-04T11:57:16.165220+00:00,vast.ai,marketplace,RTX 4060 Ti,0.17472222222222222,1,16.0,22.504688617000003,128.803688617,15.63,135.0,"Ireland, IE",0.9957503,53187518
2026-10-04T11:57:16.165220+00:00,vast.ai,marketplace,RTX 4070 Ti,0.1751851851851852,1,11.99,35.534688617,202.83668861700002,31.26,648.0,"Ireland, IE",0.9976632,50049136
2026-10-04T11:57:16.165220+00:00,vast.ai,marketplace,RTX 5060 Ti,0.17564814814814816,1,15.93,38.341688617,218.28768861700001,30.45,709.0,"Pennsylvania, US",0.9843951,51155350
2026-10-04T11:57:16.165220+00:00,vast.ai,marketplace,RTX 3090,0.17587962962962964,1,24.0,36.233688617,206.013688617,31.32,30.0,"Quebec, CA",0.9969934,17580332
2026-10-04T11:57:16.165220+00:00,vast.ai,marketplace,RTX 3090,0.17587962962962964,1,24.0,44.561688617,253.364688617,31.32,210.5,"Quebec, CA",0.9980891,25839252
2026-10-04T11:57:16.165220+00:00,vast.ai,marketplace,RTX 3090,0.17587962962962964,1,24.0,36.082688617,205.152688617,31.34,308.5,"Quebec, CA",0.9837724,49745114
2026-10-04T11:57:16.165220+00:00,vast.ai,marketplace,RTX 3090,0.17587962962962964,1,24.0,44.596688617,253.56168861700002,31.33,263.5,"Quebec, CA",0.9911996,47131221
2026-10-04T11:57:16.165220+00:00,vast.ai,marketplace,RTX 5060 Ti,0.1773888888888889,1,15.93,38.517688617000005,217.136688617,62.94,347.75,"Germany, DE",0.9981057,44053784
2026-10-04T11:57:16.165220+00:00,vast.ai,marketplace,RTX 5060 Ti,0.1773888888888889,1,15.93,38.558688617,217.368688617,62.94,355.925,"Germany, DE",0.9922685,48190493
2026-10-04T11:57:16.165220+00:00,vast.ai,marketplace,RTX 3080 Ti,0.18062962962962964,1,12.0,34.520688617000005,191.11068861700002,62.66,688.0,"Pennsylvania, US",0.993881,53271755
2026-10-04T11:57:16.165220+00:00,vast.ai,marketplace,RTX 4060 Ti,0.18078703703703705,1,16.0,22.535688617,124.649688617,251.88,520.65,"Germany, DE",0.9987196,49407384
2026-10-04T11:57:16.165220+00:00,vast.ai,marketplace,RTX 3090,0.18092592592592593,1,24.0,44.356688617,245.165688617,30.66,216.0,"Moldova, MD",0.9672961,52126997
2026-10-04T11:57:16.165220+00:00,vast.ai,marketplace,RTX 3090,0.18787037037037038,1,24.0,37.778688617,201.088688617,23.28,169.0,"Kosovo, XK",0.9606969,54043180
2026-10-04T11:57:16.165220+00:00,vast.ai,marketplace,RTX 3090,0.18805555555555556,1,24.0,44.651688617000005,237.439688617,62.85,181.0,"Hungary, HU",0.9957211,53246719
2026-10-04T11:57:16.165220+00:00,vast.ai,marketplace,RTX 3090,0.18805555555555556,1,24.0,37.180688617,197.707688617,41.96,390.16666666666663,"Argentina, AR",0.993105,53381691
2026-10-04T11:57:16.165220+00:00,vast.ai,marketplace,RTX 3090,0.18805555555555556,1,24.0,43.756688617,232.68068861700002,125.88,189.0,"Thailand, TH",0.9091161,51567299
2026-10-04T11:57:16.165220+00:00,vast.ai,marketplace,RTX 3090,0.18805555555555556,1,24.0,44.366688617,235.91968861700002,23.56,43.67406424497902,"France, FR",0.979095,53354242
2026-10-04T11:57:16.165220+00:00,vast.ai,marketplace,RTX 3080,0.18811111111111112,1,10.0,21.326688617000002,113.370688617,31.26,800.0,"Argentina, AR",0.9975571,29430973
2026-10-04T11:57:16.165220+00:00,vast.ai,marketplace,RTX 3090,0.18851851851851853,1,24.0,44.368688617000004,235.35468861700002,41.24,421.79999999999995,"Oklahoma, US",0.9969863,53535519
2026-10-04T11:57:16.165220+00:00,vast.ai,marketplace,RTX 3090,0.18851851851851853,1,24.0,41.258688617000004,218.858688617,62.52,170.0,"Poland, PL",0.9891191,31250687
2026-10-04T11:57:16.165220+00:00,vast.ai,marketplace,RTX 4070,0.18950000000000003,1,11.99,33.723688617,177.96168861700002,62.86,745.0,"New York, US",0.9974701,52140290
2026-10-04T11:57:16.165220+00:00,vast.ai,marketplace,RTX 3090,0.19053703703703703,1,24.0,47.854688617,251.154688617,62.87,411.0,"Ontario, CA",0.9716009,53453598
2026-10-04T11:57:16.165220+00:00,vast.ai,marketplace,RTX 3090,0.19222222222222224,1,24.0,44.643688617,232.24668861700002,31.21,152.0,"Ontario, CA",0.9894869,53089467
2026-10-04T11:57:16.165220+00:00,vast.ai,marketplace,RTX 4070S Ti,0.19385185185185183,1,15.99,52.698688617,271.84768861699996,50.34,175.17577541879496,"Bulgaria, BG",0.9837909,53719523
2026-10-04T11:57:16.165220+00:00,vast.ai,marketplace,RTX 4070S Ti,0.1965185185185185,1,15.99,46.291688617,235.560688617,46.11,802.187314432435,"Bulgaria, BG",0.9884574,54033355
2026-10-04T11:57:16.165220+00:00,vast.ai,marketplace,RTX 3060,0.19785925925925923,1,12.0,12.334688617,62.339688617,62.79,199.0,"Spain, ES",0.9966352,48320068
2026-10-04T11:57:16.165220+00:00,vast.ai,marketplace,RTX 3090,0.2009259259259259,1,24.0,38.287688617,190.553688617,15.71,140.375,"Bulgaria, BG",0.9882029,31458820
2026-10-04T11:57:16.165220+00:00,vast.ai,marketplace,RTX 4060 Ti,0.2012037037037037,1,16.0,22.529688617,111.971688617,125.88,743.25,"Norway, NO",0.9950606,47588724
2026-10-04T11:57:16.165220+00:00,vast.ai,marketplace,RTX 4000Ada,0.20129629629629628,1,20.0,31.273688617,155.36068861700002,41.88,547.3333333333333,"Romania, RO",0.9547649,53673196
2026-10-04T11:57:16.165220+00:00,vast.ai,marketplace,RTX 3090,0.20138888888888887,1,24.0,44.335688617,220.149688617,167.95,422.66666666666663,"Oman, OM",0.9886382,54144042
2026-10-04T11:57:16.165220+00:00,vast.ai,marketplace,RTX 3090,0.20138888888888887,1,24.0,44.363688617,220.28768861700001,46.95,292.0,"Ukraine, UA",0.9746655,47573587
2026-10-04T11:57:16.165220+00:00,vast.ai,marketplace,RTX 3090,0.20138888888888887,1,24.0,44.829688617,222.601688617,31.26,982.0,"Poland, PL",0.9965596,53973734
2026-10-04T11:57:16.165220+00:00,vast.ai,marketplace,RTX 4000Ada,0.20138888888888887,1,20.0,31.371688617,155.77568861700001,62.88,418.95,"France, FR",0.9485769,54111165
2026-10-04T11:57:16.165220+00:00,vast.ai,marketplace,RTX 4000Ada,0.20138888888888887,1,20.0,31.238688617,155.11568861700002,31.41,434.75,"Hungary, HU",0.9985384,36173713
2026-10-04T11:57:16.165220+00:00,vast.ai,marketplace,RTX 3080,0.20138888888888887,1,10.0,24.171688617,120.02368861699999,17.69,155.0,"Florida, US",0.9946175,53650822
2026-10-04T11:57:16.165220+00:00,vast.ai,marketplace,RTX 3080,0.20138888888888887,1,10.0,27.257688617000003,135.346688617,30.47,628.0,"Switzerland, CH",0.9591789,53928126
2026-10-04T11:57:16.165220+00:00,vast.ai,marketplace,RTX 3080,0.20138888888888887,1,10.0,27.110688617,134.619688617,31.32,435.0,"Taiwan, TW",0.9992646,35966568
2026-10-04T11:57:16.165220+00:00,vast.ai,marketplace,RTX 3080,0.20138888888888887,1,10.0,26.545688617000003,131.81168861700002,15.65,150.45,"Taiwan, TW",0.9989826,40278911
2026-10-04T11:57:16.165220+00:00,vast.ai,marketplace,RTX 3080,0.20138888888888887,1,10.0,27.019688617,134.167688617,15.59,370.0,"Taiwan, TW",0.9967054,39174571
2026-10-04T11:57:16.165220+00:00,vast.ai,marketplace,RTX 3080,0.20138888888888887,1,10.0,27.256688617000002,135.34168861700002,15.59,357.0,"Taiwan, TW",0.9984385,37206301
2026-10-04T11:57:16.165220+00:00,vast.ai,marketplace,Tesla V100,0.20138888888888887,1,32.0,25.713688617000003,127.67868861699999,62.82,789.5,"Colorado, US",0.9895921,53648588
2026-10-04T11:57:16.165220+00:00,vast.ai,marketplace,RTX 5070 Ti,0.20138888888888887,1,15.92,75.85968861699999,376.68168861699996,62.63,1430.1000000000001,"South Korea, KR",0.9940544,46480509
2026-10-04T11:57:16.165220+00:00,vast.ai,marketplace,RTX 5060 Ti,0.20138888888888887,1,15.93,38.375688617,190.55668861700002,15.59,306.5,"South Korea, KR",0.9985124,51204021
2026-10-04T11:57:16.165220+00:00,vast.ai,marketplace,RTX 5060 Ti,0.20143518518518516,1,15.93,38.389688617000004,190.58068861700002,31.0,675.0,"Japan, JP",0.9700168,53422793
2026-10-04T11:57:16.165220+00:00,vast.ai,marketplace,Tesla P100,0.20166666666666666,1,16.0,5.823688617,28.874688617,251.88,100.19999999999999,"United Kingdom, GB",0.9958794,35888791
2026-10-04T11:57:16.165220+00:00,vast.ai,marketplace,RTX 3090 Ti,0.20185185185185184,1,23.99,46.195688617,228.858688617,62.81,530.5,"Vietnam, VN",0.9905577,53518048
2026-10-04T11:57:16.165220+00:00,vast.ai,marketplace,RTX 5070,0.20185185185185184,1,11.94,49.859688617,247.00868861700002,30.46,1524.0,"Utah, US",0.994214,50234335
2026-10-04T11:57:16.165220+00:00,vast.ai,marketplace,RTX 3090,0.2023148148148148,1,24.0,44.610688617,220.50268861700002,31.4,517.4,"Estonia, EE",0.9938807,51312365
2026-10-04T11:57:16.165220+00:00,vast.ai,marketplace,RTX 4060 Ti,0.2023148148148148,1,16.0,22.504688617000003,111.23768861699999,62.62,1535.4,"Texas, US",0.9567164,53636304
2026-10-04T11:57:16.165220+00:00,vast.ai,marketplace,RTX 4060 Ti,0.2023148148148148,1,16.0,22.516688617,111.296688617,31.35,1670.85,"Texas, US",0.9966673,53636270
2026-10-04T11:57:16.165220+00:00,vast.ai,marketplace,RTX 5060 Ti,0.2023148148148148,1,15.93,38.416688617,189.886688617,47.04,1670.85,"Texas, US",0.9965829,54068851
2026-10-04T11:57:16.165220+00:00,vast.ai,marketplace,RTX PRO 4000,0.2023148148148148,1,23.89,65.644688617,324.466688617,62.86,631.5,"Alberta, CA",0.9847333,53630776
2026-10-04T11:57:16.165220+00:00,vast.ai,marketplace,Tesla V100,0.20938888888888887,1,32.0,25.713688617000003,122.80068861699999,94.14,1131.0,"Minnesota, US",0.9982646,46400814
2026-10-04T11:57:16.165220+00:00,vast.ai,marketplace,Tesla V100,0.21205555555555555,1,32.0,25.713688617000003,121.256688617,94.14,941.3753575470059,"Minnesota, US",0.9994075,32302952
2026-10-04T11:57:16.165220+00:00,vast.ai,marketplace,RTX 5060 Ti,0.21379629629629632,1,15.93,38.382688617,179.529688617,125.94,10281.531763232575,"Denmark, DK",0.9950526,49967737
2026-10-04T11:57:16.165220+00:00,vast.ai,marketplace,RTX 4080,0.21425925925925926,1,15.99,53.138688617,248.011688617,31.05,635.0,"Utah, US",0.9955061,45863301
2026-10-04T11:57:16.165220+00:00,vast.ai,marketplace,RTX 3080 Ti,0.21425925925925926,1,12.0,34.695688617,161.93168861700002,62.5,3344.5,"Texas, US",0.9795303,54143005
2026-10-04T11:57:16.165220+00:00,vast.ai,marketplace,RTX 3080 Ti,0.21425925925925926,1,12.0,33.960688617,158.501688617,125.51,1675.8,"Texas, US",0.9804364,54143755
2026-10-04T11:57:16.165220+00:00,vast.ai,marketplace,RTX 5060 Ti,0.21425925925925926,1,15.93,38.389688617000004,179.173688617,30.2,1602.5,"Minnesota, US",0.9956382,51358363
2026-10-04T11:57:16.165220+00:00,vast.ai,marketplace,RTX 4070S Ti,0.21472222222222223,1,15.99,51.212688617000005,238.507688617,23.46,400.0,"Romania, RO",0.9805637,53815204
2026-10-04T11:57:16.165220+00:00,vast.ai,marketplace,RTX 3080 Ti,0.21472222222222223,1,12.0,31.765688617000002,147.938688617,15.66,216.5,"Taiwan, TW",0.9995078,49746673
2026-10-04T11:57:16.165220+00:00,vast.ai,marketplace,RTX 3080 Ti,0.21472222222222223,1,12.0,34.524688617,160.786688617,15.59,307.0,"Taiwan, TW",0.9982215,42962386
2026-10-04T11:57:16.165220+00:00,vast.ai,marketplace,Tesla V100,0.21472222222222223,1,32.0,25.713688617000003,119.750688617,39.28,767.625,"Utah, US",0.9671829,54056143
2026-10-04T11:57:16.165220+00:00,vast.ai,marketplace,RTX 5070,0.21472222222222223,1,11.94,49.952688617,232.637688617,31.41,174.475,"Connecticut, US",0.9896319,51996964
2026-10-04T11:57:16.165220+00:00,vast.ai,marketplace,RTX 5070 Ti,0.2151851851851852,1,15.92,75.933688617,352.875688617,62.63,746.0,"South Korea, KR",0.9689429,53372998
2026-10-04T11:57:16.165220+00:00,vast.ai,marketplace,Tesla V100,0.2188888888888889,1,32.0,25.713688617000003,117.470688617,62.87,1626.25,"Bulgaria, BG",0.9862086,35822233
2026-10-04T11:57:16.165220+00:00,vast.ai,marketplace,Tesla V100,0.2188888888888889,1,32.0,25.713688617000003,117.470688617,94.27,738.25,"Bulgaria, BG",0.9830275,44696067
2026-10-04T11:57:16.165220+00:00,vast.ai,marketplace,RTX 4070S,0.21990840325925926,1,11.99,34.694688617000004,157.766688617,15.68,385.0,"California, US",0.9871125,51485188
2026-10-04T11:57:16.165220+00:00,vast.ai,marketplace,RTX 4080,0.22092592592592591,1,15.99,53.257688617,241.065688617,31.41,638.75,"British Columbia, CA",0.99634,46840703
2026-10-04T11:57:16.165220+00:00,vast.ai,marketplace,RTX 3090,0.22138888888888889,1,24.0,44.214688617,199.712688617,47.1,244.0,"France, FR",0.9628801,47289632
2026-10-04T11:57:16.165220+00:00,vast.ai,marketplace,RTX PRO 4000,0.22324074074074074,1,23.89,66.911688617,299.728688617,31.44,522.4,"North Carolina, US",0.97773,53419827
2026-10-04T11:57:16.165220+00:00,vast.ai,marketplace,RTX 4060 Ti,0.2253888888888889,1,16.0,22.522688617,99.929688617,62.94,215.0018120679837,"Quebec, CA",0.9982555,49744626
2026-10-04T11:57:16.165220+00:00,vast.ai,marketplace,RTX 4060 Ti,0.2253888888888889,1,16.0,22.522688617,99.929688617,62.89,670.8141495138957,"Quebec, CA",0.9982044,49645018
2026-10-04T11:57:16.165220+00:00,vast.ai,marketplace,RTX 3080 Ti,0.22648148148148148,1,12.0,33.971688617,149.99768861700002,62.84,837.15,"Thailand, TH",0.9915787,51269024
2026-10-04T11:57:16.165220+00:00,vast.ai,marketplace,RTX 3090,0.22677777777777777,1,24.0,44.834688617000005,197.70468861700002,62.72,692.0,"Finland, FI",0.9850473,51301948
2026-10-04T11:57:16.165220+00:00,vast.ai,marketplace,RTX 4080,0.22712962962962965,1,15.99,44.361688617,195.313688617,62.71,1307.0,"Quebec, CA",0.9957735,53956509
2026-10-04T11:57:16.165220+00:00,vast.ai,marketplace,RTX 3090,0.22805555555555557,1,24.0,44.217688617,193.890688617,35.93,178.9,"Taiwan, TW",0.9975677,53942770
2026-10-04T11:57:16.165220+00:00,vast.ai,marketplace,RTX 5070 Ti,0.22805555555555557,1,15.92,75.98768861699999,333.197688617,30.81,360.0,"France, FR",0.9978828,45298130
2026-10-04T11:57:16.165220+00:00,vast.ai,marketplace,RTX 5060 Ti,0.22805555555555557,1,15.93,38.362688617,168.214688617,30.98,692.0,"Japan, JP",0.9943275,53607565
2026-10-04T11:57:16.165220+00:00,vast.ai,marketplace,RTX 5060 Ti,0.2315925925925926,1,15.93,38.290688617,165.33568861700002,47.09,810.0,"Japan, JP",0.9903957,52971301
2026-10-04T11:57:16.165220+00:00,vast.ai,marketplace,RTX A5000,0.23205555555555557,1,23.99,35.347688617,152.321688617,100.7,26.3936,"Romania, RO",0.9983745,13273575
2026-10-04T11:57:16.165220+00:00,vast.ai,marketplace,RTX A5000,0.23205555555555557,1,23.99,35.135688617,151.408688617,125.88,1465.0,"Romania, RO",0.9985731,19951406
2026-10-04T11:57:16.165220+00:00,vast.ai,marketplace,RTX 3090,0.23959259259259258,1,24.0,28.656688617,119.604688617,41.12,320.3333333333333,"New Zealand, NZ",0.9581946,50015370
2026-10-04T11:57:16.165220+00:00,vast.ai,marketplace,RTX 3090,0.24092592592592593,1,24.0,44.565688617,184.976688617,78.53,1443.55,"Quebec, CA",0.9946349,49987153
2026-10-04T11:57:16.165220+00:00,vast.ai,marketplace,RTX 5070,0.24092592592592593,1,11.94,50.026688617000005,207.644688617,62.67,447.0,"Nevada, US",0.9955971,51172652
2026-10-04T11:57:16.165220+00:00,vast.ai,marketplace,RTX 4070S,0.24131263925925922,1,11.99,34.710688617,143.838688617,15.7,171.875,"California, US",0.9808763,52442781
2026-10-04T11:57:16.165220+00:00,vast.ai,marketplace,RTX 3090,0.2413888888888889,1,24.0,44.368688617000004,183.80568861700002,31.4,773.925,"Nevada, US",0.9887951,53433773
2026-10-04T11:57:16.165220+00:00,vast.ai,marketplace,RTX 3090,0.2413888888888889,1,24.0,44.366688617,183.79468861700002,125.79,1322.5,"Nevada, US",0.9789971,53784864
2026-10-04T11:57:16.165220+00:00,vast.ai,marketplace,RTX A5000,0.2413888888888889,1,23.99,34.911688617,144.629688617,31.37,710.0,"Lithuania, LT",0.9995437,48946935
2026-10-04T11:57:16.165220+00:00,vast.ai,marketplace,RTX 3090,0.2413888888888889,1,24.0,44.366688617,183.79468861700002,27.38,1464.0,"Taiwan, TW",0.9997017,47957880
2026-10-04T11:57:16.165220+00:00,vast.ai,marketplace,Titan RTX,0.2413888888888889,1,24.0,12.057688617,49.949688617,15.59,352.5,"South Korea, KR",0.9975427,50869879
2026-10-04T11:57:16.165220+00:00,vast.ai,marketplace,Titan RTX,0.2413888888888889,1,24.0,12.057688617,49.949688617,31.32,334.0,"South Korea, KR",0.9986513,50736362
2026-10-04T11:57:16.165220+00:00,vast.ai,marketplace,RTX 3090 Ti,0.2413888888888889,1,23.99,46.190688617,191.352688617,46.98,733.6,"Florida, US",0.9969571,48604147
2026-10-04T11:57:16.165220+00:00,vast.ai,marketplace,RTX 5060 Ti,0.2414592592592593,1,15.93,38.887688617,161.052688617,31.36,837.9,"Japan, JP",0.9591319,52992625
2026-10-04T11:57:16.165220+00:00,vast.ai,marketplace,RTX 5080,0.2427777777777778,1,15.92,83.619688617,344.427688617,27.5,344.7063777784635,"Utah, US",0.9985481,47549798
2026-10-04T11:57:16.165220+00:00,vast.ai,marketplace,RTX 3090,0.2441666666666667,1,24.0,44.360688617,181.682688617,31.44,98.125,"Quebec, CA",0.8707589,54104118
2026-10-04T11:57:16.165220+00:00,vast.ai,marketplace,RTX 4080,0.2441666666666667,1,15.99,50.553688617,207.045688617,62.88,140.75,"Ontario, CA",0.9982661,49852981
2026-10-04T11:57:16.165220+00:00,vast.ai,marketplace,RTX 3090,0.2526851851851852,1,24.0,41.906688617,165.846688617,29.3,215.0,"Romania, RO",0.9514031,51476877
2026-10-04T11:57:16.165220+00:00,vast.ai,marketplace,Q RTX 8000,0.25425925925925924,1,45.0,11.590688617,45.584688617000005,47.22,61.84083433832882,"Indiana, US",0.9948635,24936699
2026-10-04T11:57:16.165220+00:00,vast.ai,marketplace,RTX 3090 Ti,0.25425925925925924,1,23.99,46.144688617,181.48568861700002,62.68,831.0,"Greece, GR",0.9475918,54092181
2026-10-04T11:57:16.165220+00:00,vast.ai,marketplace,RTX 5070 Ti,0.254562037037037,1,15.92,40.487688617,159.046688617,31.0,725.0,"Spain, ES",0.9950224,51724767
2026-10-04T11:57:16.165220+00:00,vast.ai,marketplace,RTX 3090 Ti,0.2547222222222222,1,23.99,46.446688617,182.34268861700002,62.83,425.0,"Norway, NO",0.9991474,36026151
2026-10-04T11:57:16.165220+00:00,vast.ai,marketplace,RTX 5080,0.2547222222222222,1,15.92,83.79468861699999,328.966688617,31.28,402.0,"New York, US",0.9791724,52889492
2026-10-04T11:57:16.165220+00:00,vast.ai,marketplace,RTX 5070 Ti,0.25509259259259254,1,15.92,76.20168861699999,298.72268861699996,47.14,773.9,"Iowa, US",0.9983312,44634212
2026-10-04T11:57:16.165220+00:00,vast.ai,marketplace,RTX A5000,0.2551851851851851,1,22.49,33.003688617,129.331688617,30.5,1331.0,"Puerto Rico, PR",0.9955521,51951043
2026-10-04T11:57:16.165220+00:00,vast.ai,marketplace,RTX 3090,0.2551851851851851,1,24.0,44.833688617,175.690688617,62.67,350.0,"Poland, PL",0.993705,46516927
2026-10-04T11:57:16.165220+00:00,vast.ai,marketplace,RTX 3080 Ti,0.2551851851851851,1,12.0,34.706688617000005,136.003688617,31.41,692.5,"Florida, US",0.9939064,49921398
2026-10-04T11:57:16.165220+00:00,vast.ai,marketplace,RTX 5070 Ti,0.2556481481481481,1,15.92,13.856688617,54.200688617000004,15.21,218.5,"Romania, RO",0.9787212,53551213
2026-10-04T11:57:16.165220+00:00,vast.ai,marketplace,RTX 4070S Ti,0.2610277777777778,1,15.99,51.218688617000005,196.21768861700002,31.18,837.9,"Spain, ES",0.9982195,52090522
2026-10-04T11:57:16.165220+00:00,vast.ai,marketplace,Tesla V100,0.2613888888888889,1,32.0,25.713688617000003,98.370688617,94.32,1285.706706607767,"Minnesota, US",0.9994036,44175684
2026-10-04T11:57:16.165220+00:00,vast.ai,marketplace,RTX PRO 4000,0.2653888888888889,1,23.89,65.77668861699999,247.84868861700002,62.57,626.0,"Thailand, TH",0.9921899,53110459
2026-10-04T11:57:16.165220+00:00,vast.ai,marketplace,RTX 5080,0.26672222222222225,1,15.92,56.347688617,211.259688617,35.93,139.94285714285715,"Vietnam, VN",0.9698668,52795096
2026-10-04T11:57:16.165220+00:00,vast.ai,marketplace,RTX 3090,0.2671296296296296,1,24.0,44.366688617,166.084688617,31.25,686.8,"United Arab Emirates, AE",0.9724913,53030590
2026-10-04T11:57:16.165220+00:00,vast.ai,marketplace,RTX 4080,0.2671296296296296,1,15.99,53.127688617000004,198.881688617,31.06,1450.0,"United Kingdom, GB",0.981951,53525965
2026-10-04T11:57:16.165220+00:00,vast.ai,marketplace,RTX 5060 Ti,0.2673611111111111,1,15.93,38.403688617,143.638688617,743.81,1676.275,"Quebec, CA",0.9935201,54124894
2026-10-04T11:57:16.165220+00:00,vast.ai,marketplace,RTX PRO 4000,0.2675925925925926,1,23.89,65.644688617,245.314688617,32.72,2027.6171645701781,"Australia, AU",0.9975624,49601337
2026-10-04T11:57:16.165220+00:00,vast.ai,marketplace,RTX 5060 Ti,0.2677777777777778,1,15.93,38.880688617000004,145.197688617,503.88,599.4674144078094,"Texas, US",0.9948408,53710921
2026-10-04T11:57:16.165220+00:00,vast.ai,marketplace,RTX PRO 4000,0.2679888888888889,1,23.89,66.81468861699999,249.316688617,62.92,613.25,"Quebec, CA",0.997104,52493306
2026-10-04T11:57:16.165220+00:00,vast.ai,marketplace,RTX 3090,0.26805555555555555,1,24.0,44.344688617,165.43168861700002,31.36,345.4,"Colorado, US",0.9934149,50546030
2026-10-04T11:57:16.165220+00:00,vast.ai,marketplace,RTX 4070,0.26805555555555555,1,11.99,33.723688617,125.808688617,62.68,1550.0,"Kentucky, US",0.9943942,53613016
2026-10-04T11:57:16.165220+00:00,vast.ai,marketplace,RTX 4070S Ti,0.26805555555555555,1,15.99,51.004688617,190.27668861700002,62.82,1569.8957636993584,"Minnesota, US",0.9997477,53490815
2026-10-04T11:57:16.165220+00:00,vast.ai,marketplace,RTX 3090 Ti,0.26805555555555555,1,23.99,46.187688617,172.307688617,62.82,147.0,"Oman, OM",0.951711,54144313
2026-10-04T11:57:16.165220+00:00,vast.ai,marketplace,RTX 4080,0.26805555555555555,1,15.99,53.196688617,198.453688617,23.45,1523.5,"North Carolina, US",0.9960385,39750750
2026-10-04T11:57:16.165220+00:00,vast.ai,marketplace,RTX 4080S,0.26805555555555555,1,15.99,55.823688617,208.25268861700002,31.43,386.5,"Hong Kong, HK",0.9847538,51999237
2026-10-04T11:57:16.165220+00:00,vast.ai,marketplace,L4,0.26805555555555555,1,22.49,25.336688617,94.52068861699999,23.52,304.0,"Brazil, BR",0.9867782,54143224
2026-10-04T11:57:16.165220+00:00,vast.ai,marketplace,RTX 5080,0.26805555555555555,1,15.92,83.784688617,312.564688617,47.1,720.0,"Slovakia, SK",0.9955356,46862985
2026-10-04T11:57:16.165220+00:00,vast.ai,marketplace,RTX 5070 Ti,0.26805555555555555,1,15.92,76.20168861699999,284.276688617,15.59,371.0,"South Korea, KR",0.9975156,51511969
2026-10-04T11:57:16.165220+00:00,vast.ai,marketplace,RTX 5070 Ti,0.26805555555555555,1,15.92,75.78568861699999,282.721688617,15.59,368.0,"South Korea, KR",0.9969169,50736215
2026-10-04T11:57:16.165220+00:00,vast.ai,marketplace,RTX 5060 Ti,0.26805555555555555,1,15.93,38.416688617,143.31768861700002,62.94,877.6194299638013,"Texas, US",0.9977849,50417796
2026-10-04T11:57:16.165220+00:00,vast.ai,marketplace,RTX PRO 4000,0.2683333333333333,1,23.89,65.70468861699999,244.86068861700002,30.2,53.0,"Puerto Rico, PR",0.9907228,44170201
2026-10-04T11:57:16.165220+00:00,vast.ai,marketplace,RTX 3070,0.2685185185185185,1,8.0,16.274688617000002,60.609688617,30.12,774.3,"Chile, CL",0.9288152,53687888
2026-10-04T11:57:16.165220+00:00,vast.ai,marketplace,RTX 4060 Ti,0.2685185185185185,1,16.0,22.504688617000003,83.811688617,124.44,416.65451066877074,"Texas, US",0.9982728,37119326
2026-10-04T11:57:16.165220+00:00,vast.ai,marketplace,RTX 3090,0.2689814814814815,1,24.0,44.333688617,164.81868861700002,83.84,918.0,"Ontario, CA",0.9978045,54134282
2026-10-04T11:57:16.165220+00:00,vast.ai,marketplace,RTX 3090,0.2689814814814815,1,24.0,45.083688617,167.608688617,62.62,1535.4,"Texas, US",0.9520933,53635964
2026-10-04T11:57:16.165220+00:00,vast.ai,marketplace,RTX 4070S Ti,0.2689814814814815,1,15.99,51.490688617,191.426688617,31.35,1648.35,"Texas, US",0.9916489,53636055
2026-10-04T11:57:16.165220+00:00,vast.ai,marketplace,RTX 5080,0.2689814814814815,1,15.92,83.846688617,311.719688617,125.78,675.0,"Spain, ES",0.9976565,53424636
2026-10-04T11:57:16.165220+00:00,vast.ai,marketplace,RTX PRO 4000,0.2689814814814815,1,23.89,65.70468861699999,244.27068861700002,41.92,449.16666666666663,"France, FR",0.9962217,47658254
2026-10-04T11:57:16.165220+00:00,vast.ai,marketplace,RTX PRO 4000,0.2689814814814815,1,23.89,65.71668861699999,244.315688617,61.48,591.5,"Slovakia, SK",0.9923462,50296580
2026-10-04T11:57:16.165220+00:00,vast.ai,marketplace,RTX PRO 4000,0.2689814814814815,1,23.89,65.644688617,244.048688617,125.96,459.625,"United Kingdom, GB",0.9911935,51601838
2026-10-04T11:57:16.165220+00:00,vast.ai,marketplace,RTX 5060 Ti,0.2689814814814815,1,15.93,38.369688617,142.646688617,62.88,753.0,"Texas, US",0.9886295,51499188
2026-10-04T11:57:16.165220+00:00,vast.ai,marketplace,Q RTX 8000,0.26944444444444443,1,45.0,11.590688617,43.015688617,62.89,632.0,"Delaware, US",0.9989917,45242103
2026-10-04T11:57:16.165220+00:00,vast.ai,marketplace,RTX 3060,0.2712555555555555,1,12.0,12.272688617,45.241688617,15.73,160.7016245994193,"Czechia, CZ",0.9991125,46528530
2026-10-04T11:57:16.165220+00:00,vast.ai,marketplace,RTX 3090,0.2712962962962963,1,24.0,44.604688617,164.411688617,30.41,524.0,"Texas, US",0.998188,53387693
2026-10-04T11:57:16.165220+00:00,vast.ai,marketplace,RTX PRO 4000,0.27877777777777774,1,23.89,65.71668861699999,235.730688617,125.88,1083.75,"Italy, IT",0.999253,34432514
2026-10-04T11:57:16.165220+00:00,vast.ai,marketplace,RTX 3060,0.28069444444444447,1,12.0,12.407688617,44.204688617,743.44,1380.9499999999998,"Quebec, CA",0.9844156,54129482
2026-10-04T11:57:16.165220+00:00,vast.ai,marketplace,RTX 3090,0.2813888888888889,1,24.0,44.359688617,157.644688617,35.96,831.5999999999999,"Utah, US",0.9908722,50807814
2026-10-04T11:57:16.165220+00:00,vast.ai,marketplace,Q RTX 6000,0.2814814814814815,1,24.0,12.057688617,42.835688617,31.19,1548.0,"Spain, ES",0.9973442,53754739
2026-10-04T11:57:16.165220+00:00,vast.ai,marketplace,RTX 4080,0.2827777777777778,1,15.99,53.150688617,187.958688617,31.32,412.0,"Arizona, US",0.9889378,53299939
2026-10-04T11:57:16.165220+00:00,vast.ai,marketplace,RTX 4080S,0.2902813419259259,1,15.99,55.664688617,191.760688617,23.57,379.1089162599213,"California, US",0.992075,47959563
2026-10-04T11:57:16.165220+00:00,vast.ai,marketplace,RTX 3060,0.29077777777777775,1,12.0,12.260688617,42.165688617,1511.73,5363.1,"Italy, IT",0.9991007,34463849
2026-10-04T11:57:16.165220+00:00,vast.ai,marketplace,RTX 3090,0.2938518518518518,1,24.0,44.589688617,151.74168861700002,31.34,330.0,"Spain, ES",0.9864695,53669939
2026-10-04T11:57:16.165220+00:00,vast.ai,marketplace,RTX 3090,0.2942592592592593,1,24.0,44.363688617,150.762688617,31.45,254.76289562007025,"Czechia, CZ",0.975545,48782873
2026-10-04T11:57:16.165220+00:00,vast.ai,marketplace,RTX 3090,0.2942592592592593,1,24.0,44.363688617,150.762688617,25.15,850.2,"Czechia, CZ",0.9919895,30717207
2026-10-04T11:57:16.165220+00:00,vast.ai,marketplace,RTX 3090,0.2942592592592593,1,24.0,44.371688617000004,150.789688617,41.92,109.83333333333333,"Czechia, CZ",0.9933094,18811408
2026-10-04T11:57:16.165220+00:00,vast.ai,marketplace,RTX 3090,0.2942592592592593,1,24.0,42.234688617,143.529688617,20.94,177.44378897561688,"Czechia, CZ",0.9890921,31013681
2026-10-04T11:57:16.165220+00:00,vast.ai,marketplace,RTX 3090,0.2947222222222222,1,24.0,44.352688617,150.49068861700002,31.46,258.25,"Czechia, CZ",0.9978435,46872544
2026-10-04T11:57:16.165220+00:00,vast.ai,marketplace,RTX 3090,0.2947222222222222,1,24.0,44.364688617,150.530688617,62.89,373.75,"Czechia, CZ",0.9862174,53194864
2026-10-04T11:57:16.165220+00:00,vast.ai,marketplace,RTX 5080,0.2947222222222222,1,15.92,83.691688617,283.96768861699996,31.28,736.0,"Taiwan, TW",0.996929,47178769
2026-10-04T11:57:16.165220+00:00,vast.ai,marketplace,RTX 3090,0.29518518518518516,1,24.0,43.825688617000004,148.468688617,31.24,267.0,"Spain, ES",0.9856464,54122362
2026-10-04T11:57:16.165220+00:00,vast.ai,marketplace,RTX PRO 4000,0.29518518518518516,1,23.89,65.74068861699999,222.708688617,30.28,587.0,"Norway, NO",0.9712514,53689673
2026-10-04T11:57:16.165220+00:00,vast.ai,marketplace,RTX 4080S,0.2961111111111111,1,15.99,55.658688617,187.965688617,31.28,416.0,"Arizona, US",0.987834,53299942
2026-10-04T11:57:16.165220+00:00,vast.ai,marketplace,RTX 4060 Ti,0.2961111111111111,1,16.0,22.522688617,76.06268861699999,251.76,543.0,"United Kingdom, GB",0.998684,43725433
2026-10-04T11:57:16.165220+00:00,vast.ai,marketplace,RTX 5080,0.2961111111111111,1,15.92,83.805688617,283.019688617,31.4,807.729852656631,"India, IN",0.995803,50388231
2026-10-04T11:57:16.165220+00:00,vast.ai,marketplace,RTX 5070 Ti,0.297962962962963,1,15.92,75.677688617,253.981688617,62.69,1566.9,"California, US",0.9627274,52677056
2026-10-04T11:57:16.165220+00:00,vast.ai,marketplace,RTX 5080,0.30759259259259264,1,15.92,83.670688617,272.01868861699995,61.86,625.0,"Nevada, US",0.9965727,53936862
2026-10-04T11:57:16.165220+00:00,vast.ai,marketplace,RTX 2060S,0.3080555555555556,1,8.0,3.8766886169999997,12.582688617,23.4,2416.0,"California, US",0.957808,50950849
2026-10-04T11:57:16.165220+00:00,vast.ai,marketplace,RTX 5080,0.3080555555555556,1,15.92,83.774688617,271.945688617,62.83,1098.5,"Ireland, IE",0.9962925,54000682
2026-10-04T11:57:16.165220+00:00,vast.ai,marketplace,RTX 5070 Ti,0.3080555555555556,1,15.92,78.299688617,254.17468861700002,125.64,227.0,"Latvia, LV",0.9917458,53471422
2026-10-04T11:57:16.165220+00:00,vast.ai,marketplace,RTX 3090,0.30842592592592594,1,24.0,44.370688617,143.85968861700002,31.41,240.6236009455275,"France, FR",0.9962455,47952508
2026-10-04T11:57:16.165220+00:00,vast.ai,marketplace,RTX 3090,0.31425925925925924,1,24.0,44.604688617,141.934688617,125.48,1527.0,"Quebec, CA",0.9984998,53584291
2026-10-04T11:57:16.165220+00:00,vast.ai,marketplace,RTX 3090,0.3198148148148148,1,24.0,37.180688617,116.257688617,31.33,677.5,"Thailand, TH",0.9953599,51927638
2026-10-04T11:57:16.165220+00:00,vast.ai,marketplace,RTX 5080,0.32092592592592595,1,15.92,45.882688617,142.969688617,30.2,3221.0,"Minnesota, US",0.9973385,50441921
2026-10-04T11:57:16.165220+00:00,vast.ai,marketplace,RTX 5070 Ti,0.3213888888888889,1,15.92,77.973688617,242.61568861700002,29.08,342.0,"Latvia, LV",0.9873591,53471395
2026-10-04T11:57:16.165220+00:00,vast.ai,marketplace,L4,0.3232407407407408,1,22.49,25.344688617000003,78.406688617,25.12,57.2,"Utah, US",0.9951011,35999128
2026-10-04T11:57:16.165220+00:00,vast.ai,marketplace,L4,0.3232407407407408,1,22.49,25.292688617000003,78.245688617,25.12,161.57606995795015,"Utah, US",0.9940885,49883396
2026-10-04T11:57:16.165220+00:00,vast.ai,marketplace,RTX 5070,0.32944444444444443,1,11.94,50.185688617000004,152.333688617,15.26,1503.5,"Ukraine, UA",0.9748017,53492112
2026-10-04T11:57:16.165220+00:00,vast.ai,marketplace,RTX 3090,0.33425925925925926,1,24.0,48.791688617,145.970688617,62.85,1276.2,"Latvia, LV",0.9249651,53851578
2026-10-04T11:57:16.165220+00:00,vast.ai,marketplace,L4,0.33425925925925926,1,22.49,25.336688617,75.799688617,62.75,546.5,"Czechia, CZ",0.9984119,36579964
2026-10-04T11:57:16.165220+00:00,vast.ai,marketplace,RTX 5000Ada,0.3347222222222222,1,31.99,64.30368861699999,192.10968861700002,62.88,260.10812787683983,"Missouri, US",0.9967663,50160633
2026-10-04T11:57:16.165220+00:00,vast.ai,marketplace,L4,0.3347222222222222,1,22.49,25.815688617000003,77.123688617,100.75,471.40000000000003,"Ireland, IE",0.9978857,24134627
2026-10-04T11:57:16.165220+00:00,vast.ai,marketplace,L4,0.3347222222222222,1,22.49,25.306688617000002,75.605688617,47.14,260.0,"Czechia, CZ",0.99774,49498409
2026-10-04T11:57:16.165220+00:00,vast.ai,marketplace,L4,0.3347222222222222,1,22.49,25.314688617,75.628688617,62.75,395.5,"Czechia, CZ",0.9984344,45699409
2026-10-04T11:57:16.165220+00:00,vast.ai,marketplace,Tesla V100,0.3347222222222222,1,32.0,25.713688617000003,76.819688617,94.32,1529.375,"Minnesota, US",0.9991671,38405395
2026-10-04T11:57:16.165220+00:00,vast.ai,marketplace,RTX 5080,0.3347222222222222,1,15.92,83.629688617,249.84768861700002,31.28,733.0,"Taiwan, TW",0.9979071,43993925
2026-10-04T11:57:16.165220+00:00,vast.ai,marketplace,RTX PRO 4500,0.3347222222222222,1,31.86,96.382688617,287.947688617,93.36,14.0,"France, FR",0.994497,53895006
2026-10-04T11:57:16.165220+00:00,vast.ai,marketplace,RTX 5060,0.3347222222222222,1,7.96,28.237688617,84.35968861699999,125.68,3328.0,"Minnesota, US",0.9957259,53750493
2026-10-04T11:57:16.165220+00:00,vast.ai,marketplace,RTX 5080,0.33518518518518514,1,15.92,83.81568861699999,250.057688617,30.95,788.05,"Ontario, CA",0.9907659,51362963
2026-10-04T11:57:16.165220+00:00,vast.ai,marketplace,RTX 3090,0.33564814814814814,1,24.0,44.851688617,133.625688617,27.47,697.75,"Quebec, CA",0.995443,49316125
2026-10-04T11:57:16.165220+00:00,vast.ai,marketplace,RTX PRO 4000,0.33564814814814814,1,23.89,65.70468861699999,195.753688617,62.88,714.6045330620309,"Norway, NO",0.996633,50472000
2026-10-04T11:57:16.165220+00:00,vast.ai,marketplace,RTX PRO 4000,0.33564814814814814,1,23.89,65.70468861699999,195.753688617,251.76,1324.0,"Norway, NO",0.9955354,50372390
2026-10-04T11:57:16.165220+00:00,vast.ai,marketplace,RTX 5060 Ti,0.33564814814814814,1,15.93,38.396688617,114.394688617,41.92,171.83333333333331,"Texas, US",0.9963523,50294993
2026-10-04T11:57:16.165220+00:00,vast.ai,marketplace,RTX 3090,0.34185185185185185,1,24.0,44.284688617,129.541688617,62.71,603.0,"Malaysia, MY",0.9956126,45104403
2026-10-04T11:57:16.165220+00:00,vast.ai,marketplace,RTX 5070 Ti,0.3427222222222222,1,15.92,78.67868861699999,229.56868861700002,31.35,595.0,"Japan, JP",0.9899463,50289923
2026-10-04T11:57:16.165220+00:00,vast.ai,marketplace,RTX 3090,0.34685185185185186,1,24.0,44.597688617,128.578688617,62.72,727.9,"Sweden, SE",0.990729,53583496
2026-10-04T11:57:16.165220+00:00,vast.ai,marketplace,RTX 4090,0.34805555555555556,1,23.99,97.040688617,278.808688617,62.85,336.25,"California, US",0.9833368,54036830
2026-10-04T11:57:16.165220+00:00,vast.ai,marketplace,RTX PRO 4500,0.34805555555555556,1,31.86,96.27668861699999,276.612688617,188.65,72.5,"Belgium, BE",0.9984071,44160786
2026-10-04T11:57:16.165220+00:00,vast.ai,marketplace,RTX 5080,0.3485185185185185,1,15.92,83.825688617,240.52068861700002,62.65,694.0,"Ontario, CA",0.9911591,51232338
2026-10-04T11:57:16.165220+00:00,vast.ai,marketplace,RTX 3090,0.34990740740740744,1,24.0,44.363688617,126.786688617,41.97,120.75,"Spain, ES",0.9980661,37930677
2026-10-04T11:57:16.165220+00:00,vast.ai,marketplace,RTX 3090,0.34990740740740744,1,24.0,44.358688617,126.771688617,62.96,259.625,"Spain, ES",0.9990671,43543261
2026-10-04T11:57:16.165220+00:00,vast.ai,marketplace,RTX 4500Ada,0.3613888888888889,1,23.99,40.454688617,111.941688617,23.34,115.69999999999999,"France, FR",0.9909281,51136774
2026-10-04T11:57:16.165220+00:00,vast.ai,marketplace,RTX 4090,0.3613888888888889,1,23.99,97.369688617,269.432688617,47.13,1374.75,"North Carolina, US",0.9969643,36792305
2026-10-04T11:57:16.165220+00:00,vast.ai,marketplace,RTX 4090,0.36185185185185187,1,23.99,98.561688617,272.38168861699995,31.41,278.0640684053396,"United States, US",0.9956768,46260852
2026-10-04T11:57:16.165220+00:00,vast.ai,marketplace,RTX 4090,0.3660185185185186,1,23.99,82.507688617,225.41968861700002,31.46,179.475,"United States, US",0.9916473,40912232
2026-10-04T11:57:16.165220+00:00,vast.ai,marketplace,RTX 4090,0.3680555555555556,1,23.99,51.311688617,139.411688617,62.96,615.875,"Hong Kong, HK",0.9988715,39184686
2026-10-04T11:57:16.165220+00:00,vast.ai,marketplace,RTX 5080,0.3734534814814815,1,15.92,83.72268861699999,224.184688617,62.38,1182.0,"India, IN",0.9951585,53875718
2026-10-04T11:57:16.165220+00:00,vast.ai,marketplace,RTX 4090,0.3742592592592593,1,23.99,97.19868861699999,259.709688617,31.41,388.75,"Japan, JP",0.9961814,53581247
2026-10-04T11:57:16.165220+00:00,vast.ai,marketplace,RTX 4090,0.37472222222222223,1,23.99,34.272688617,91.461688617,31.2,608.45,"Japan, JP",0.9700401,48857242
2026-10-04T11:57:16.165220+00:00,vast.ai,marketplace,RTX 4090,0.3751851851851852,1,23.99,97.24068861699999,259.180688617,60.71,383.0,"South Korea, KR",0.9967502,51522052
2026-10-04T11:57:16.165220+00:00,vast.ai,marketplace,RTX 5080,0.3751851851851852,1,15.92,73.760688617,196.59768861700002,30.51,781.0,"Ontario, CA",0.9977677,52119350
2026-10-04T11:57:16.165220+00:00,vast.ai,marketplace,RTX 5080,0.37703703703703706,1,15.92,83.825688617,222.326688617,125.78,331.0,"Florida, US",0.9973091,49863935
2026-10-04T11:57:16.165220+00:00,vast.ai,marketplace,RTX 5080,0.37785185185185177,1,15.92,83.732688617,221.602688617,30.21,723.5,"Spain, ES",0.9743273,52934371
2026-10-04T11:57:16.165220+00:00,vast.ai,marketplace,RTX PRO 4000,0.37885185185185183,1,23.89,65.69268861699999,173.398688617,62.88,546.0,"Slovakia, SK",0.9974859,45623848
2026-10-04T11:57:16.165220+00:00,vast.ai,marketplace,RTX 4090,0.3809259259259259,1,23.99,50.391688617,132.286688617,31.34,300.0,"Quebec, CA",0.9988179,28758519
2026-10-04T11:57:16.165220+00:00,vast.ai,marketplace,RTX 3070,0.38805555555555554,1,8.0,16.277688617000003,41.945688617,125.63,3283.2,"Taiwan, TW",0.9992356,54128213
2026-10-04T11:57:16.165220+00:00,vast.ai,marketplace,RTX 4090,0.38805555555555554,1,23.99,96.98468861699999,249.92568861700002,71.98,129.14285714285714,"Malaysia, MY",0.9948012,43681489
2026-10-04T11:57:16.165220+00:00,vast.ai,marketplace,RTX 4090,0.38805555555555554,1,23.99,97.019688617,250.015688617,78.72,193.87500000000003,"Malaysia, MY",0.9921636,47256384
2026-10-04T11:57:16.165220+00:00,vast.ai,marketplace,RTX 5080,0.38805555555555554,1,15.92,83.81568861699999,215.988688617,47.14,772.0,"Czechia, CZ",0.9533152,53060395
2026-10-04T11:57:16.165220+00:00,vast.ai,marketplace,RTX A6000,0.3885185185185185,1,47.99,54.474688617,140.21068861700002,62.83,1466.5,"Vietnam, VN",0.970138,53627382
2026-10-04T11:57:16.165220+00:00,vast.ai,marketplace,RTX PRO 4000,0.3885185185185185,1,23.89,65.74068861699999,169.207688617,62.88,1418.4693791854804,"Indiana, US",0.9933016,53804950
2026-10-04T11:57:16.165220+00:00,vast.ai,marketplace,RTX 4090,0.40005555555555555,1,23.99,88.878688617,222.165688617,70.65,1570.8,"Thailand, TH",0.9978385,36762812
2026-10-04T11:57:16.165220+00:00,vast.ai,marketplace,RTX A2000,0.40064814814814814,1,5.99,8.573688617,21.398688617,251.52,6651.0,"British Columbia, CA",0.986366,53955824
2026-10-04T11:57:16.165220+00:00,vast.ai,marketplace,RTX 3090,0.40074074074074073,1,24.0,44.360688617,110.69668861699999,62.88,1814.025,"Ohio, US",0.9955683,53860066
2026-10-04T11:57:16.165220+00:00,vast.ai,marketplace,RTX A6000,0.40138888888888885,1,47.99,37.411688617,93.206688617,62.97,155.63323519561953,"Kansas, US",0.992558,21004754
2026-10-04T11:57:16.165220+00:00,vast.ai,marketplace,RTX 4090,0.40138888888888885,1,23.99,97.159688617,242.057688617,62.5,1636.0,"South Korea, KR",0.9901136,35653858
2026-10-04T11:57:16.165220+00:00,vast.ai,marketplace,RTX 4090,0.40138888888888885,1,23.99,98.589688617,245.620688617,41.92,1050.5333333333333,"Brazil, BR",0.985958,53860911
2026-10-04T11:57:16.165220+00:00,vast.ai,marketplace,RTX 4090,0.40138888888888885,1,22.49,43.624688617000004,108.683688617,31.35,1527.05,"British Columbia, CA",0.9942612,53478255
2026-10-04T11:57:16.165220+00:00,vast.ai,marketplace,RTX 4090,0.40138888888888885,1,23.99,97.20568861699999,242.173688617,31.34,799.0,"Brazil, BR",0.5906127,53860863
2026-10-04T11:57:16.165220+00:00,vast.ai,marketplace,RTX 4090,0.40138888888888885,1,23.99,98.56868861699999,245.56868861700002,31.34,1469.5,"Brazil, BR",0.9942066,53860967
2026-10-04T11:57:16.165220+00:00,vast.ai,marketplace,CMP 170HX,0.40138888888888885,1,64.0,77.44068861699999,192.93068861700002,62.73,2263.0,"South Korea, KR",0.9849496,52199103
2026-10-04T11:57:16.165220+00:00,vast.ai,marketplace,CMP 170HX,0.40138888888888885,1,64.0,84.798688617,211.262688617,62.92,247.6280852314608,"Bulgaria, BG",0.9874041,52623829
2026-10-04T11:57:16.165220+00:00,vast.ai,marketplace,RTX 3090,0.4018518518518518,1,24.0,44.354688617,110.37468861699999,41.88,815.6666666666666,"Florida, US",0.9962091,50788267
2026-10-04T11:57:16.165220+00:00,vast.ai,marketplace,RTX A6000,0.4018518518518518,1,47.99,53.951688617,134.256688617,62.88,692.75,"India, IN",0.8825896,54143346
2026-10-04T11:57:16.165220+00:00,vast.ai,marketplace,RTX A6000,0.4018518518518518,1,47.99,53.951688617,134.256688617,125.63,429.9,"India, IN",0.743562,54143366
2026-10-04T11:57:16.165220+00:00,vast.ai,marketplace,A100 SXM4,0.4018518518518518,1,40.0,95.378688617,237.346688617,31.46,550.9470682637448,"California, US",0.9862835,52380861
2026-10-04T11:57:16.165220+00:00,vast.ai,marketplace,RTX A6000,0.4023148148148148,1,47.99,54.467688617,135.385688617,47.23,148.25,"Romania, RO",0.990724,51222099
2026-10-04T11:57:16.165220+00:00,vast.ai,marketplace,RTX A6000,0.4023148148148148,1,47.99,54.451688617,135.344688617,47.23,85.25,"Romania, RO",0.9815399,31805845
2026-10-04T11:57:16.165220+00:00,vast.ai,marketplace,RTX A6000,0.4023148148148148,1,47.99,54.465688617000005,135.379688617,47.19,297.5637834872015,"Romania, RO",0.9941374,51092050
2026-10-04T11:57:16.165220+00:00,vast.ai,marketplace,RTX 4080,0.4023148148148148,1,15.99,53.179688617000004,132.183688617,31.25,726.0,"Florida, US",0.9946542,54144922
2026-10-04T11:57:16.165220+00:00,vast.ai,marketplace,RTX 4080S,0.4023148148148148,1,15.99,55.670688617,138.375688617,83.84,405.0,"Norway, NO",0.99629,10764193
2026-10-04T11:57:16.165220+00:00,vast.ai,marketplace,RTX A6000,0.40277777777777773,1,44.99,51.252688617000004,127.24668861699999,47.12,533.5996471098024,"Delaware, US",0.9985412,45242137
2026-10-04T11:57:16.165220+00:00,vast.ai,marketplace,RTX A6000,0.40277777777777773,1,44.99,51.260688617,127.26768861699999,70.7,555.0226851764737,"Delaware, US",0.9986025,45241992
2026-10-04T11:57:16.165220+00:00,vast.ai,marketplace,A100 PCIE,0.40277777777777773,1,40.0,93.474688617,232.07368861700002,94.29,476.625,"California, US",0.9913287,51163383
2026-10-04T11:57:16.165220+00:00,vast.ai,marketplace,A100 SXM4,0.40277777777777773,1,40.0,95.363688617,236.763688617,62.96,273.20000000000005,"California, US",0.9940846,50441080
2026-10-04T11:57:16.165220+00:00,vast.ai,marketplace,RTX 4090,0.40277777777777773,1,23.99,97.040688617,240.929688617,62.88,319.475,"New Brunswick, CA",0.9915412,54092508
2026-10-04T11:57:16.165220+00:00,vast.ai,marketplace,RTX 5090,0.4060185185185185,1,31.84,195.09168861700002,480.49868861699997,62.88,676.0,"California, US",0.9936699,52224286
2026-10-04T11:57:16.165220+00:00,vast.ai,marketplace,RTX 5090,0.4060185185185185,1,31.84,143.112688617,352.476688617,62.96,287.5261332655077,"United States, US",0.9865212,49140895
2026-10-04T11:57:16.165220+00:00,vast.ai,marketplace,RTX 5000Ada,0.42759259259259264,1,31.99,64.233688617,150.221688617,62.85,1626.7,"Minnesota, US",0.9875496,51357842
2026-10-04T11:57:16.165220+00:00,vast.ai,marketplace,CMP 170HX,0.42759259259259264,1,64.0,91.098688617,213.04968861700002,62.88,668.2843390101859,"Latvia, LV",0.8903409,54042521
2026-10-04T11:57:16.165220+00:00,vast.ai,marketplace,RTX 4090,0.4280555555555556,1,23.99,97.00568861699999,226.619688617,31.27,671.0,"United Kingdom, GB",0.9646568,52969850
2026-10-04T11:57:16.165220+00:00,vast.ai,marketplace,RTX 4090,0.4285185185185185,1,23.99,98.918688617,230.838688617,62.88,1639.025,"Quebec, CA",0.9951385,54090483
2026-10-04T11:57:16.165220+00:00,vast.ai,marketplace,RTX 4090,0.42944444444444446,1,23.99,97.019688617,225.91968861700002,62.78,397.0,"Arizona, US",0.9932435,53299201
2026-10-04T11:57:16.165220+00:00,vast.ai,marketplace,RTX 4090,0.4303703703703704,1,23.99,82.53268861699999,191.77068861700002,108.06,842.0,"California, US",0.9900211,51516373
2026-10-04T11:57:16.165220+00:00,vast.ai,marketplace,RTX 5090,0.43268518518518523,1,31.84,199.308688617,460.630688617,62.88,702.5,"Beijing, CN",0.9945305,53658815
2026-10-04T11:57:16.165220+00:00,vast.ai,marketplace,RTX 5090,0.43268518518518523,1,31.84,199.21168861700002,460.408688617,31.41,654.5,"Beijing, CN",0.9950278,50338873
2026-10-04T11:57:16.165220+00:00,vast.ai,marketplace,RTX 5090,0.43268518518518523,1,31.84,199.099688617,460.149688617,31.36,606.75,"Sichuan, CN",0.9925494,50556735
2026-10-04T11:57:16.165220+00:00,vast.ai,marketplace,RTX 4090,0.4336111111111111,1,23.99,97.519688617,224.899688617,31.26,189.0,"Poland, PL",0.9949215,51009496
2026-10-04T11:57:16.165220+00:00,vast.ai,marketplace,A100 PCIE,0.4343148148148148,1,40.0,86.91668861699999,200.12268861700002,125.67,710.0,"Japan, JP",0.8920306,53308303
2026-10-04T11:57:16.165220+00:00,vast.ai,marketplace,RTX 4090,0.43651851851851853,1,23.99,97.14568861699999,222.546688617,31.4,340.75,"Norway, NO",0.9991051,53475837
2026-10-04T11:57:16.165220+00:00,vast.ai,marketplace,RTX 4090,0.43651851851851853,1,23.99,96.64268861699999,221.392688617,31.32,787.0,"Norway, NO",0.9976397,53475770
2026-10-04T11:57:16.165220+00:00,vast.ai,marketplace,RTX 4090,0.43651851851851853,1,23.99,96.78268861699999,221.713688617,35.93,204.0,"Norway, NO",0.9973306,53845026
2026-10-04T11:57:16.165220+00:00,vast.ai,marketplace,RTX 5070 Ti,0.43787384325925927,1,15.92,75.75868861699999,173.013688617,31.41,819.675,"California, US",0.9761672,52442708
2026-10-04T11:57:16.165220+00:00,vast.ai,marketplace,RTX 4090,0.44092592592592594,1,23.99,97.21968861699999,220.489688617,62.89,733.0,"Norway, NO",0.9545019,51305078
2026-10-04T11:57:16.165220+00:00,vast.ai,marketplace,RTX 4090,0.4411574074074074,1,23.99,97.226688617,220.38968861700002,62.86,615.5,"New Jersey, US",0.9949102,47635082
2026-10-04T11:57:16.165220+00:00,vast.ai,marketplace,RTX 4090,0.4411574074074074,1,23.99,96.998688617,219.873688617,62.71,3304.0,"New Jersey, US",0.9952801,47733837
2026-10-04T11:57:16.165220+00:00,vast.ai,marketplace,RTX 4500Ada,0.4413888888888889,1,23.99,40.618688617000004,92.024688617,124.94,2962.6,"Japan, JP",0.9938719,53869074
2026-10-04T11:57:16.165220+00:00,vast.ai,marketplace,RTX 4090,0.4413888888888889,1,23.99,62.975688617,142.676688617,30.92,1613.8,"United Kingdom, GB",0.9924634,49418051
2026-10-04T11:57:16.165220+00:00,vast.ai,marketplace,RTX 5090,0.4413888888888889,1,31.84,190.548688617,431.70068861699997,62.89,271.86630077982824,"South Korea, KR",0.960685,53550067
2026-10-04T11:57:16.165220+00:00,vast.ai,marketplace,RTX 4090,0.4423148148148148,1,23.99,96.85968861699999,218.982688617,62.89,798.175,"Texas, US",0.9934445,44637525
2026-10-04T11:57:16.165220+00:00,vast.ai,marketplace,A100 SXM4,0.4437037037037037,1,40.0,79.274688617,178.665688617,89.96,421.84285714285716,"California, US",0.8884287,54117856
2026-10-04T11:57:16.165220+00:00,vast.ai,marketplace,RTX 4090,0.4443974589725212,1,23.99,97.376688617,219.120688617,167.94,1100.9833333333331,"Sweden, SE",0.9827049,53250544
2026-10-04T11:57:16.165220+00:00,vast.ai,marketplace,RTX 6000Ada,0.4453888888888889,1,47.99,113.132688617,254.00868861700002,83.93,34.33333333333333,"Japan, JP",0.9991414,25318165
2026-10-04T11:57:16.165220+00:00,vast.ai,marketplace,RTX 4090,0.4454918853074003,1,23.99,97.061688617,217.875688617,35.94,836.2857142857142,"Sweden, SE",0.9869373,43266018
2026-10-04T11:57:16.165220+00:00,vast.ai,marketplace,RTX 4090,0.44855162252252356,1,23.99,97.019688617,216.295688617,41.93,1047.2865684377539,"Sweden, SE",0.9569782,53581241
2026-10-04T11:57:16.165220+00:00,vast.ai,marketplace,RTX 3090 Ti,0.4504814814814815,1,23.99,46.446688617,103.104688617,62.89,634.25,"Thailand, TH",0.991932,54114854
2026-10-04T11:57:16.165220+00:00,vast.ai,marketplace,RTX 4090,0.45472222222222225,1,23.99,97.724688617,214.909688617,30.22,369.0,"The Netherlands, NL",0.9960332,51890698
2026-10-04T11:57:16.165220+00:00,vast.ai,marketplace,RTX 5090,0.45472222222222225,1,31.84,198.254688617,435.98968861699996,62.89,239.5,"South Korea, KR",0.9891858,51724516
2026-10-04T11:57:16.165220+00:00,vast.ai,marketplace,RTX 4090,0.4551851851851852,1,23.99,98.554688617,216.515688617,62.94,260.0,"Quebec, CA",0.971233,26435135
2026-10-04T11:57:16.165220+00:00,vast.ai,marketplace,RTX 4090,0.4551851851851852,1,23.99,55.959688617000005,122.938688617,59.0,623.375,"Quebec, CA",0.9947856,29761281
2026-10-04T11:57:16.165220+00:00,vast.ai,marketplace,RTX 4090,0.4551851851851852,1,23.99,83.525688617,183.498688617,47.04,209.0,"Montana, US",0.9978752,53340325
2026-10-04T11:57:16.165220+00:00,vast.ai,marketplace,RTX 4090,0.4551851851851852,1,23.99,97.75268861699999,214.75268861700002,46.84,443.0,"Puerto Rico, PR",0.9541215,51950783
2026-10-04T11:57:16.165220+00:00,vast.ai,marketplace,RTX 4090,0.4551851851851852,1,23.99,96.950688617,212.99068861700002,62.72,636.0,"Germany, DE",0.9962218,49749424
2026-10-04T11:57:16.165220+00:00,vast.ai,marketplace,RTX 4090,0.4554166666666667,1,23.99,85.43168861699999,187.588688617,31.35,42.5,"Montana, US",0.9989085,45982651
2026-10-04T11:57:16.165220+00:00,vast.ai,marketplace,RTX 3090,0.46176488888888884,1,24.0,44.890688617,97.214688617,31.18,638.0,"Oklahoma, US",0.9745784,51065387
2026-10-04T11:57:16.165220+00:00,vast.ai,marketplace,L40,0.46759259259259256,1,44.99,93.206688617,199.332688617,70.66,92.31628995708512,"New York, US",0.9920185,51528885
2026-10-04T11:57:16.165220+00:00,vast.ai,marketplace,RTX 3090,0.4678703703703703,1,24.0,44.840688617000005,95.839688617,62.83,658.0,"Sweden, SE",0.9937404,53242275
2026-10-04T11:57:16.165220+00:00,vast.ai,marketplace,RTX 3090,0.4680555555555555,1,24.0,44.362688617,94.77968861699999,46.97,2250.0,"California, US",0.9887109,50545293
2026-10-04T11:57:16.165220+00:00,vast.ai,marketplace,RTX 4090,0.4680555555555555,1,23.99,97.504688617,208.319688617,62.81,232.5,"Oman, OM",0.9920722,54144429
2026-10-04T11:57:16.165220+00:00,vast.ai,marketplace,RTX 4090,0.46851851851851845,1,23.99,96.94368861699999,206.91368861700002,125.96,1329.75,"Utah, US",0.9952341,12239064
2026-10-04T11:57:16.165220+00:00,vast.ai,marketplace,RTX 5090,0.46851851851851845,1,31.84,195.20568861700002,416.64368861699995,62.96,389.7,"California, US",0.9737198,53483604
2026-10-04T11:57:16.165220+00:00,vast.ai,marketplace,CMP 170HX,0.46851851851851845,1,64.0,84.415688617,180.17468861700002,62.71,229.0,"Portugal, PT",0.990992,51218042
2026-10-04T11:57:16.165220+00:00,vast.ai,marketplace,CMP 170HX,0.46851851851851845,1,64.0,73.82168861699999,157.563688617,143.95,396.57142857142856,"Hungary, HU",0.9887657,52388439
2026-10-04T11:57:16.165220+00:00,vast.ai,marketplace,CMP 170HX,0.46851851851851845,1,64.0,82.36268861699999,175.79468861700002,62.69,249.0,"Portugal, PT",0.9756931,52991356
2026-10-04T11:57:16.165220+00:00,vast.ai,marketplace,CMP 170HX,0.46851851851851845,1,64.0,84.798688617,180.993688617,62.71,263.0,"Portugal, PT",0.9655459,52328216
2026-10-04T11:57:16.165220+00:00,vast.ai,marketplace,RTX 4090,0.46898148148148144,1,23.99,97.054688617,206.94868861700002,125.92,1459.0,"Norway, NO",0.9926959,13430351
2026-10-04T11:57:16.165220+00:00,vast.ai,marketplace,RTX 4090,0.46898148148148144,1,23.99,97.533688617,207.96768861700002,31.25,1556.0,"North Macedonia, MK",0.947338,49570424
2026-10-04T11:57:16.165220+00:00,vast.ai,marketplace,RTX 4090,0.46898148148148144,1,23.99,97.56868861699999,208.042688617,62.89,482.5,"Spain, ES",0.9988513,22694030
2026-10-04T11:57:16.165220+00:00,vast.ai,marketplace,RTX 5090,0.46898148148148144,1,31.84,199.146688617,424.63568861699997,30.47,577.0,"South Korea, KR",0.9982522,45669424
2026-10-04T11:57:16.165220+00:00,vast.ai,marketplace,RTX 5090,0.46898148148148144,1,31.84,199.132688617,424.607688617,30.47,282.0,"South Korea, KR",0.9977701,52190777
2026-10-04T11:57:16.165220+00:00,vast.ai,marketplace,RTX 5090,0.46898148148148144,1,31.84,199.106688617,424.550688617,30.46,18.0,"South Korea, KR",0.9979149,47994477
2026-10-04T11:57:16.165220+00:00,vast.ai,marketplace,RTX 5090,0.46898148148148144,1,31.84,199.053688617,424.43868861699997,30.46,220.0,"South Korea, KR",0.9957808,40649059
2026-10-04T11:57:16.165220+00:00,vast.ai,marketplace,RTX 5090,0.46898148148148144,1,31.84,194.541688617,414.81868861699996,30.47,5.0,"South Korea, KR",0.9980643,43982799
2026-10-04T11:57:16.165220+00:00,vast.ai,marketplace,RTX 5090,0.46898148148148144,1,31.84,194.284688617,414.269688617,30.47,533.0,"South Korea, KR",0.9979246,45380572
2026-10-04T11:57:16.165220+00:00,vast.ai,marketplace,RTX 5090,0.46898148148148144,1,31.84,194.310688617,414.324688617,30.47,481.0,"South Korea, KR",0.9977525,45669284
2026-10-04T11:57:16.165220+00:00,vast.ai,marketplace,A100 SXM4,0.4699074074074074,1,40.0,81.352688617,173.123688617,78.71,251.2223033053192,"California, US",0.9826004,54098330
2026-10-04T11:57:16.165220+00:00,vast.ai,marketplace,RTX 4090,0.47013888888888883,1,23.99,97.04768861699999,206.423688617,62.71,293.0,"Poland, PL",0.9941913,45843293
2026-10-04T11:57:16.165220+00:00,vast.ai,marketplace,RTX 5090,0.47027777777777774,1,31.84,199.542688617,424.307688617,62.92,231.0,"Pennsylvania, US",0.5913797,52234103
2026-10-04T11:57:16.165220+00:00,vast.ai,marketplace,RTX 4090,0.4703703703703703,1,47.99,125.589688617,267.00168861699996,62.94,308.25,"California, US",0.9957485,48882876
2026-10-04T11:57:16.165220+00:00,vast.ai,marketplace,RTX 4090,0.4703703703703703,1,23.99,97.033688617,206.292688617,62.88,523.5,"United Kingdom, GB",0.5962614,36643055
2026-10-04T11:57:16.165220+00:00,vast.ai,marketplace,RTX 5090,0.4703703703703703,1,31.84,199.013688617,423.09968861699997,62.84,530.3820082373982,"United States, US",0.9918047,51079084
2026-10-04T11:57:16.165220+00:00,vast.ai,marketplace,RTX 5090,0.4703703703703703,1,31.84,188.197688617,400.10468861699997,71.95,268.9571428571429,"United States, US",0.9938118,52324014
2026-10-04T11:57:16.165220+00:00,vast.ai,marketplace,RTX 5090,0.4703703703703703,1,31.84,198.885688617,422.826688617,71.96,407.52857142857135,"Estonia, EE",0.9791002,51332100
2026-10-04T11:57:16.165220+00:00,vast.ai,marketplace,L40S,0.47129629629629627,1,44.99,93.488688617,198.36568861700002,61.94,24.0,"Virginia, US",0.9972025,45594082
2026-10-04T11:57:16.165220+00:00,vast.ai,marketplace,RTX 5090,0.47268518518518515,1,31.84,171.37168861700002,362.54968861699996,31.46,119.875,"United States, US",0.9964647,46753300
2026-10-04T11:57:16.165220+00:00,vast.ai,marketplace,RTX 5090,0.47268518518518515,1,31.84,194.64568861700002,411.786688617,31.46,301.9875,"United States, US",0.9964105,43165154
2026-10-04T11:57:16.165220+00:00,vast.ai,marketplace,RTX 4090,0.4813888888888889,1,23.99,97.54768861699999,202.637688617,31.32,2449.0,"Taiwan, TW",0.9976984,53492597
2026-10-04T11:57:16.165220+00:00,vast.ai,marketplace,RTX 5090,0.48185185185185186,1,31.84,199.628688617,414.293688617,62.81,964.5,"Vietnam, VN",0.9931937,53517699
2026-10-04T11:57:16.165220+00:00,vast.ai,marketplace,RTX 4090,0.4947222222222222,1,23.99,97.040688617,196.152688617,62.66,1470.9,"Nevada, US",0.9953974,53014776
2026-10-04T11:57:16.165220+00:00,vast.ai,marketplace,CMP 170HX,0.4951851851851851,1,40.0,69.260688617,139.867688617,39.28,172.60000000000002,"Hungary, HU",0.9894482,54016882
2026-10-04T11:57:16.165220+00:00,vast.ai,marketplace,RTX 5080,0.4955925925925926,1,15.92,75.662688617,152.671688617,251.55,2522.7,"The Netherlands, NL",0.9560915,54144741
2026-10-04T11:57:16.165220+00:00,vast.ai,marketplace,RTX 5090,0.497037037037037,1,31.84,197.845688617,398.04968861699996,71.96,659.6049334044949,"Estonia, EE",0.9783224,40819924
2026-10-04T11:57:16.165220+00:00,vast.ai,marketplace,RTX 4090,0.5002592592592592,1,23.99,95.81468861699999,191.528688617,31.34,188.0,"Taiwan, TW",0.9975841,53334700
2026-10-04T11:57:16.165220+00:00,vast.ai,marketplace,RTX 4090,0.5080555555555555,1,23.99,97.04768861699999,191.018688617,62.67,1346.9,"Nevada, US",0.9908304,53045894
2026-10-04T11:57:16.165220+00:00,vast.ai,marketplace,RTX 4090,0.5080555555555555,1,23.99,97.191688617,191.301688617,31.16,3249.9,"Nevada, US",0.9709204,54075859
2026-10-04T11:57:16.165220+00:00,vast.ai,marketplace,A100 SXM4,0.5169259259259259,1,40.0,95.200688617,184.167688617,125.75,123.77448439916625,"United Kingdom, GB",0.9762918,38565866
2026-10-04T11:57:16.165220+00:00,vast.ai,marketplace,RTX 4090,0.5213888888888889,1,23.99,97.040688617,186.119688617,62.68,2960.0,"Nevada, US",0.9970171,53061818
2026-10-04T11:57:16.165220+00:00,vast.ai,marketplace,RTX 4090,0.5241111111111111,1,23.99,98.589688617,188.107688617,62.88,750.925,"Texas, US",0.9974419,46126405
2026-10-04T11:57:16.165220+00:00,vast.ai,marketplace,A100 PCIE,0.5342592592592592,1,40.0,95.35368861699999,178.47868861700002,62.96,328.25580886730404,"California, US",0.9922312,50954789
2026-10-04T11:57:16.165220+00:00,vast.ai,marketplace,RTX 4090,0.5344444444444444,1,23.99,97.418688617,182.280688617,125.59,1238.0,"Virginia, US",0.9968771,49588631
2026-10-04T11:57:16.165220+00:00,vast.ai,marketplace,RTX 5080,0.5344444444444444,1,15.92,83.70468861699999,156.619688617,62.35,3277.4,"Washington, US",0.9688594,53656665
2026-10-04T11:57:16.165220+00:00,vast.ai,marketplace,RTX 4090,0.5347222222222222,1,23.99,97.04768861699999,181.492688617,31.28,655.0,"Taiwan, TW",0.9954777,53492622
2026-10-04T11:57:16.165220+00:00,vast.ai,marketplace,RTX 4090,0.5347222222222222,1,23.99,98.319688617,183.870688617,55.97,648.4444444444445,"Bulgaria, BG",0.9963315,26537137
2026-10-04T11:57:16.165220+00:00,vast.ai,marketplace,RTX 4090,0.5347222222222222,1,23.99,97.369688617,182.094688617,62.82,236.0,"Quebec, CA",0.9837082,53851836
2026-10-04T11:57:16.165220+00:00,vast.ai,marketplace,RTX 4090,0.5347222222222222,1,23.99,51.751688617,96.78268861699999,61.31,565.0,"Qatar, QA",0.9969954,49465154
2026-10-04T11:57:16.165220+00:00,vast.ai,marketplace,RTX 4090,0.5351851851851852,1,23.99,96.991688617,181.230688617,52.47,551.9446323120159,"Bulgaria, BG",0.9952824,29805954
2026-10-04T11:57:16.165220+00:00,vast.ai,marketplace,RTX 4090,0.5351851851851852,1,23.99,97.012688617,181.269688617,62.94,124.375,"Quebec, CA",0.9888228,51842861
2026-10-04T11:57:16.165220+00:00,vast.ai,marketplace,RTX 5070 Ti,0.5351851851851852,1,15.92,75.839688617,141.706688617,251.91,760.375,"Texas, US",0.9992017,53317847
2026-10-04T11:57:16.165220+00:00,vast.ai,marketplace,RTX 5070 Ti,0.5351851851851852,1,15.92,75.88668861699999,141.79468861700002,251.91,1389.4072482719348,"Texas, US",0.9943013,53320379
2026-10-04T11:57:16.165220+00:00,vast.ai,marketplace,RTX 4090,0.5356481481481481,1,23.99,96.95768861699999,181.00868861700002,75.54,591.4747163684877,"Norway, NO",0.9993936,53588574
2026-10-04T11:57:16.165220+00:00,vast.ai,marketplace,RTX 4090,0.5356481481481481,1,23.99,97.745688617,182.480688617,47.01,1615.8,"Texas, US",0.9978494,54068542
2026-10-04T11:57:16.165220+00:00,vast.ai,marketplace,RTX 4090,0.5356481481481481,1,23.99,97.16368861699999,181.394688617,100.75,423.8,"Finland, FI",0.9939219,32539113
2026-10-04T11:57:16.165220+00:00,vast.ai,marketplace,RTX 5090,0.5356481481481481,1,31.84,199.19868861700002,371.88368861699996,30.47,433.0,"South Korea, KR",0.9989321,50466037
2026-10-04T11:57:16.165220+00:00,vast.ai,marketplace,RTX 5090,0.5356481481481481,1,31.84,199.542688617,372.524688617,30.46,421.0,"South Korea, KR",0.9986747,41674405
2026-10-04T11:57:16.165220+00:00,vast.ai,marketplace,RTX 5090,0.5356481481481481,1,31.84,193.945688617,362.077688617,30.47,638.0,"South Korea, KR",0.9989892,50465588
2026-10-04T11:57:16.165220+00:00,vast.ai,marketplace,RTX 5090,0.5356481481481481,1,31.84,194.065688617,362.30168861699997,30.47,437.0,"South Korea, KR",0.9987766,52159510
2026-10-04T11:57:16.165220+00:00,vast.ai,marketplace,RTX 5090,0.537037037037037,1,31.84,199.225688617,370.971688617,62.91,1137.1799999999998,"Estonia, EE",0.9945816,45558076
2026-10-04T11:57:16.165220+00:00,vast.ai,marketplace,RTX 4090,0.537962962962963,1,47.99,123.57968861699999,229.71768861700002,75.57,685.8000000000001,"California, US",0.984804,47667750
2026-10-04T11:57:16.165220+00:00,vast.ai,marketplace,RTX 4090,0.537962962962963,1,47.99,125.61568861699999,233.50268861700002,62.97,606.1538461538462,"California, US",0.990777,50701964
2026-10-04T11:57:16.165220+00:00,vast.ai,marketplace,RTX 5080,0.537962962962963,1,15.92,83.546688617,155.301688617,93.92,151.0,"New Jersey, US",0.9795464,54056748
2026-10-04T11:57:16.165220+00:00,vast.ai,marketplace,RTX 5090,0.5422592592592592,1,31.84,199.482688617,367.87368861699997,62.63,623.6565980555823,"South Korea, KR",0.9696362,53372951
2026-10-04T11:57:16.165220+00:00,vast.ai,marketplace,RTX 5090,0.5480555555555555,1,31.84,199.340688617,363.72268861699996,62.82,628.0,"South Korea, KR",0.944695,53438652
2026-10-04T11:57:16.165220+00:00,vast.ai,marketplace,RTX 5090,0.5480555555555555,1,31.84,199.33068861700002,363.70568861699996,50.27,2496.2000000000003,"Denmark, DK",0.9613029,51929834
2026-10-04T11:57:16.165220+00:00,vast.ai,marketplace,A100 SXM4,0.5526851851851852,1,40.0,95.31568861699999,172.458688617,51.15,351.25,"United States, US",0.9923081,50213964
2026-10-04T11:57:16.165220+00:00,vast.ai,marketplace,RTX 5090,0.560462962962963,1,31.84,237.736688617,424.178688617,30.99,1131.0,"Finland, FI",0.9941728,53974470
2026-10-04T11:57:16.165220+00:00,vast.ai,marketplace,RTX 4090,0.5613888888888889,1,23.99,97.040688617,172.858688617,31.44,1550.9,"Taiwan, TW",0.9989402,45087816
2026-10-04T11:57:16.165220+00:00,vast.ai,marketplace,RTX 5090,0.5613888888888889,1,31.84,198.42568861700002,353.454688617,83.93,556.5555555555555,"Germany, DE",0.9655008,53844505
2026-10-04T11:57:16.165220+00:00,vast.ai,marketplace,RTX 5090,0.577037037037037,1,31.84,199.55568861700002,345.827688617,93.96,1088.0,"Croatia, HR",0.998541,47251469
2026-10-04T11:57:16.165220+00:00,vast.ai,marketplace,RTX 5090,0.5775,1,31.84,198.868688617,344.360688617,163.73,933.18,"Estonia, EE",0.9812341,50584161
2026-10-04T11:57:16.165220+00:00,vast.ai,marketplace,RTX 4080S,0.5813888888888888,1,31.99,70.924688617,121.991688617,125.77,1425.8,"Minnesota, US",0.9997654,53490446
2026-10-04T11:57:16.165220+00:00,vast.ai,marketplace,RTX 5090,0.5848407407407408,1,31.84,198.947688617,340.17468861699996,62.93,669.125,"North Carolina, US",0.9912457,29436767
2026-10-04T11:57:16.165220+00:00,vast.ai,marketplace,RTX 5090,0.5911851851851853,1,31.84,190.809688617,322.757688617,125.6,3283.0,"Norway, NO",0.9986319,53475830
2026-10-04T11:57:16.165220+00:00,vast.ai,marketplace,L40S,0.6009259259259259,1,44.99,93.625688617,155.802688617,125.87,1024.75,"Japan, JP",0.9995893,24964702
2026-10-04T11:57:16.165220+00:00,vast.ai,marketplace,A100 SXM4,0.6009259259259259,1,40.0,70.596688617,117.479688617,31.34,644.0,"New York, US",0.9915971,50943246
2026-10-04T11:57:16.165220+00:00,vast.ai,marketplace,RTX 5090,0.6009259259259259,1,31.84,179.260688617,298.307688617,62.79,139.0,"Maryland, US",0.9889476,51969548
2026-10-04T11:57:16.165220+00:00,vast.ai,marketplace,RTX 5090,0.6009259259259259,1,31.84,199.212688617,331.50868861699996,31.18,1478.0,"South Korea, KR",0.9862516,43649319
2026-10-04T11:57:16.165220+00:00,vast.ai,marketplace,A800 PCIE,0.6009259259259259,1,80.0,100.21968861699999,166.77568861700001,251.88,480.53906840533955,"California, US",0.9280627,53873023
2026-10-04T11:57:16.165220+00:00,vast.ai,marketplace,RTX PRO 5000,0.6009259259259259,1,47.79,165.74668861700002,275.81868861699996,91.97,690.0,"Hong Kong, HK",0.9582975,52959249
2026-10-04T11:57:16.165220+00:00,vast.ai,marketplace,A40,0.6013888888888889,1,44.99,44.048688617,73.245688617,125.55,3168.4,"United Kingdom, GB",0.9793653,52628048
2026-10-04T11:57:16.165220+00:00,vast.ai,marketplace,A100 PCIE,0.6013888888888889,1,40.0,94.34768861699999,156.88368861700002,251.84,1622.8500000000001,"Japan, JP",0.9993201,24622079
2026-10-04T11:57:16.165220+00:00,vast.ai,marketplace,RTX 4090,0.6013888888888889,1,23.99,96.894688617,161.117688617,251.91,734.475,"Norway, NO",0.9965696,53748556
2026-10-04T11:57:16.165220+00:00,vast.ai,marketplace,RTX 4090,0.6013888888888889,1,23.99,97.36268861699999,161.896688617,31.44,721.75,"Taiwan, TW",0.9951872,49035055
2026-10-04T11:57:16.165220+00:00,vast.ai,marketplace,RTX 5090,0.6013888888888889,1,31.84,100.57468861699999,167.237688617,35.93,834.0378861599017,"Belgium, BE",0.9926746,52015844
2026-10-04T11:57:16.165220+00:00,vast.ai,marketplace,RTX 5090,0.6013888888888889,1,31.84,179.517688617,298.505688617,31.4,424.16666666666663,"Poland, PL",0.9876773,45090673
2026-10-04T11:57:16.165220+00:00,vast.ai,marketplace,RTX 5090,0.6013888888888889,1,31.84,199.046688617,330.978688617,62.83,1612.5,"Belgium, BE",0.9967432,42852286
2026-10-04T11:57:16.165220+00:00,vast.ai,marketplace,RTX 5090,0.6013888888888889,1,31.84,199.013688617,330.923688617,62.62,1254.0,"South Korea, KR",0.9950536,44587608
2026-10-04T11:57:16.165220+00:00,vast.ai,marketplace,RTX 5090,0.6013888888888889,1,31.84,166.891688617,277.51068861699997,31.34,719.0,"South Korea, KR",0.9903193,50734484
2026-10-04T11:57:16.165220+00:00,vast.ai,marketplace,RTX 5090,0.6013888888888889,1,31.84,198.132688617,329.457688617,251.84,1511.0,"Texas, US",0.9509473,53910978
2026-10-04T11:57:16.165220+00:00,vast.ai,marketplace,RTX 5090,0.6013888888888889,1,31.84,179.178688617,297.940688617,62.93,565.5,"Michigan, US",0.9913981,50849755
2026-10-04T11:57:16.165220+00:00,vast.ai,marketplace,RTX 5090,0.6018518518518519,1,31.84,189.07368861700002,314.15268861699997,125.96,1295.0613578352672,"Nevada, US",0.9975668,52827132
2026-10-04T11:57:16.165220+00:00,vast.ai,marketplace,RTX 5090,0.6027777777777777,1,31.84,197.86668861700002,328.25868861699996,123.44,3257.9,"Sweden, SE",0.9987718,48822557
2026-10-04T11:57:16.165220+00:00,vast.ai,marketplace,A100 PCIE,0.6064814814814815,1,40.0,83.61568861699999,137.870688617,47.14,2907.3332000351934,"Estonia, EE",0.9531205,52618403
2026-10-04T11:57:16.165220+00:00,vast.ai,marketplace,GTX 1660 Ti,0.6069444444444444,1,6.0,2.458688617,4.050688617,7.7,679.4000000000026,"Vietnam, VN",0.9939692,33521707
2026-10-04T11:57:16.165220+00:00,vast.ai,marketplace,RTX 5090,0.6142592592592593,1,31.84,199.904688617,325.440688617,61.7,1580.8,"Minnesota, US",0.9965054,51954046
2026-10-04T11:57:16.165220+00:00,vast.ai,marketplace,RTX PRO 5000,0.6160555555555556,1,47.79,165.74668861700002,269.04468861699996,125.89,1607.125,"Alberta, CA",0.9794765,53472758
2026-10-04T11:57:16.165220+00:00,vast.ai,marketplace,RTX 5090,0.6169444444444445,1,31.84,198.93768861700002,322.456688617,125.69,1012.0,"Spain, ES",0.9962572,53424353
2026-10-04T11:57:16.165220+00:00,vast.ai,marketplace,RTX 5090,0.617037037037037,1,31.84,199.231688617,322.884688617,108.05,1808.0,"California, US",0.9636969,54041079
2026-10-04T11:57:16.165220+00:00,vast.ai,marketplace,RTX 6000Ada,0.6280555555555555,1,47.99,112.96068861699999,179.858688617,62.96,600.396777083289,"Germany, DE",0.9975537,44922348
2026-10-04T11:57:16.165220+00:00,vast.ai,marketplace,RTX 6000Ada,0.6280555555555555,1,47.99,113.075688617,180.040688617,125.78,377.5,"South Korea, KR",0.9859551,48629723
2026-10-04T11:57:16.165220+00:00,vast.ai,marketplace,RTX 5090,0.6307777777777778,1,31.84,198.611688617,314.867688617,500.96,2324.75,"Italy, IT",0.9959836,50894161
2026-10-04T11:57:16.165220+00:00,vast.ai,marketplace,RTX 5090,0.6356481481481481,1,31.84,199.482688617,313.82568861699997,62.88,1556.25,"Denmark, DK",0.9934529,51905769
2026-10-04T11:57:16.165220+00:00,vast.ai,marketplace,RTX 5090,0.6412037037037037,1,31.84,196.064688617,305.776688617,62.53,29.0,"Thailand, TH",0.9916478,50555599
2026-10-04T11:57:16.165220+00:00,vast.ai,marketplace,RTX 5090,0.6446296296296297,1,31.84,198.630688617,308.13168861699995,50.27,858.0,"Michigan, US",0.9962508,53034147
2026-10-04T11:57:16.165220+00:00,vast.ai,marketplace,RTX 5090,0.6453888888888889,1,31.84,198.888688617,308.168688617,250.48,1254.625,"Italy, IT",0.9788018,53406664
2026-10-04T11:57:16.165220+00:00,vast.ai,marketplace,RTX 4090,0.6528240740740741,1,47.99,125.63368861699999,192.446688617,125.88,475.25,"British Columbia, CA",0.9974611,46211615
2026-10-04T11:57:16.165220+00:00,vast.ai,marketplace,A100 SXM4,0.6547222222222222,1,40.0,95.30068861699999,145.558688617,125.92,452.59763649368875,"Massachusetts, US",0.99685,48716609
2026-10-04T11:57:16.165220+00:00,vast.ai,marketplace,RTX PRO 5000,0.6673148148148148,1,47.79,165.74668861700002,248.378688617,125.77,2836.6,"Czechia, CZ",0.98288,53567988
2026-10-04T11:57:16.165220+00:00,vast.ai,marketplace,RTX 3090,0.6675925925925925,1,24.0,49.479688617,74.117688617,62.83,401.4,"Latvia, LV",0.9397741,53684216
2026-10-04T11:57:16.165220+00:00,vast.ai,marketplace,RTX 3060,0.6675925925925925,1,12.0,12.407688617,18.585688617000002,1486.89,1616.4114827447572,"Quebec, CA",0.9893846,53839880
2026-10-04T11:57:16.165220+00:00,vast.ai,marketplace,RTX 5090,0.6675925925925925,1,31.84,84.194688617,126.116688617,62.79,275.0,"Maryland, US",0.9854687,51969541
2026-10-04T11:57:16.165220+00:00,vast.ai,marketplace,RTX 6000Ada,0.667962962962963,1,47.99,113.113688617,169.340688617,94.21,1529.0,"Oklahoma, US",0.9916454,50293331
2026-10-04T11:57:16.165220+00:00,vast.ai,marketplace,RTX 3090,0.6680555555555555,1,24.0,44.366688617,66.41068861699999,31.28,159.0,"British Columbia, CA",0.9949159,19448806
2026-10-04T11:57:16.165220+00:00,vast.ai,marketplace,RTX 6000Ada,0.6680555555555555,1,47.99,113.141688617,169.36068861700002,93.18,319.0,"Australia, AU",0.999401,24311378
2026-10-04T11:57:16.165220+00:00,vast.ai,marketplace,RTX 5090,0.6680555555555555,1,31.84,199.13968861700002,298.088688617,62.41,811.8,"Slovakia, SK",0.9639847,52295894
2026-10-04T11:57:16.165220+00:00,vast.ai,marketplace,RTX PRO 5000,0.6680555555555555,1,47.79,165.581688617,247.855688617,62.73,439.0,"Slovakia, SK",0.9965869,47409124
2026-10-04T11:57:16.165220+00:00,vast.ai,marketplace,RTX PRO 5000,0.6680555555555555,1,47.79,165.880688617,248.303688617,68.33,1177.5,"California, US",0.9946325,49725392
2026-10-04T11:57:16.165220+00:00,vast.ai,marketplace,RTX PRO 5000,0.6680555555555555,1,47.79,165.539688617,247.79368861700002,62.86,417.5,"Slovakia, SK",0.9955302,49063563
2026-10-04T11:57:16.165220+00:00,vast.ai,marketplace,RTX PRO 5000,0.6685185185185185,1,47.79,165.31268861700002,247.28168861700001,62.82,1303.5,"Sweden, SE",0.9989798,46110113
2026-10-04T11:57:16.165220+00:00,vast.ai,marketplace,RTX PRO 5000,0.6685185185185185,1,47.79,165.50868861700002,247.575688617,94.26,511.9254313097283,"Ohio, US",0.9952231,51838773
2026-10-04T11:57:16.165220+00:00,vast.ai,marketplace,RTX 5090,0.6694444444444444,1,31.84,59.436688617,88.78568861699999,125.96,173.375,"Spain, ES",0.9980703,50856199
2026-10-04T11:57:16.165220+00:00,vast.ai,marketplace,RTX 4090,0.6711851851851852,1,23.99,90.99668861699999,135.575688617,31.25,344.45,"Spain, ES",0.994176,52945057
2026-10-04T11:57:16.165220+00:00,vast.ai,marketplace,GTX 1660,0.673611111111111,1,6.0,2.3166886169999996,3.438688617,7.71,669.4000000000026,"Vietnam, VN",0.9938142,33521216
2026-10-04T11:57:16.165220+00:00,vast.ai,marketplace,RTX 5090,0.6809259259259259,1,31.84,192.355688617,282.490688617,30.71,327.0,"Georgia, US",0.9802979,52803264
2026-10-04T11:57:16.165220+00:00,vast.ai,marketplace,A100 SXM4,0.6813888888888889,1,40.0,95.420688617,140.03768861700001,125.92,240.02263649368876,"Massachusetts, US",0.9951737,46709205
2026-10-04T11:57:16.165220+00:00,vast.ai,marketplace,RTX 4090,0.6829142222222223,1,23.99,100.792688617,147.59168861700002,125.72,720.8,"Oklahoma, US",0.9945667,29933348
2026-10-04T11:57:16.165220+00:00,vast.ai,marketplace,RTX 4090,0.6928962962962965,1,22.49,86.117688617,124.286688617,62.46,1439.790037474405,"Texas, US",0.9736362,37996177
2026-10-04T11:57:16.165220+00:00,vast.ai,marketplace,RTX 5090,0.6942592592592592,1,31.84,179.38968861700002,258.389688617,62.79,395.0,"California, US",0.9753341,52002273
2026-10-04T11:57:16.165220+00:00,vast.ai,marketplace,A100 SXM4,0.6956481481481481,1,40.0,87.614688617,125.947688617,125.89,599.75,"Croatia, HR",0.9650925,41566564
2026-10-04T11:57:16.165220+00:00,vast.ai,marketplace,RTX 5090,0.7032407407407408,1,31.84,198.386688617,282.103688617,94.43,602.875,"Czechia, CZ",0.5984686,33038318
2026-10-04T11:57:16.165220+00:00,vast.ai,marketplace,RTX 5090,0.705388888888889,1,31.84,197.263688617,279.65268861699997,134.92,756.1428571428571,"Poland, PL",0.9936887,53258829
2026-10-04T11:57:16.165220+00:00,vast.ai,marketplace,RTX 6000Ada,0.7080555555555555,1,47.99,113.132688617,159.779688617,94.22,1847.0,"California, US",0.9962086,46256351
2026-10-04T11:57:16.165220+00:00,vast.ai,marketplace,A100 SXM4,0.7342592592592593,1,40.0,95.429688617,129.96768861700002,62.96,583.0,"Czechia, CZ",0.9978036,54026813
2026-10-04T11:57:16.165220+00:00,vast.ai,marketplace,A100 SXM4,0.7342592592592593,1,40.0,95.370688617,129.886688617,62.97,607.75,"Czechia, CZ",0.9898968,50365133
2026-10-04T11:57:16.165220+00:00,vast.ai,marketplace,RTX PRO 5000,0.7342592592592593,1,47.79,165.601688617,225.535688617,62.83,1489.0,"Belgium, BE",0.9989771,48229993
2026-10-04T11:57:16.165220+00:00,vast.ai,marketplace,RTX PRO 5000,0.7342592592592593,1,47.79,165.31268861700002,225.141688617,55.07,714.514440994096,"Czechia, CZ",0.9983786,44193892
2026-10-04T11:57:16.165220+00:00,vast.ai,marketplace,RTX 5090,0.7346296296296297,1,31.84,199.16268861700001,271.106688617,251.91,419.475,"Norway, NO",0.9986363,54013404
2026-10-04T11:57:16.165220+00:00,vast.ai,marketplace,RTX 5090,0.7347222222222223,1,31.84,198.564688617,270.257688617,251.91,1582.575,"Norway, NO",0.9882363,53264486
2026-10-04T11:57:16.165220+00:00,vast.ai,marketplace,RTX PRO 5000,0.7347222222222223,1,47.79,165.22968861700002,224.887688617,62.96,739.5,"Czechia, CZ",0.9739911,53720472
2026-10-04T11:57:16.165220+00:00,vast.ai,marketplace,RTX PRO 5000,0.7347222222222223,1,47.79,165.488688617,225.239688617,62.96,236.10000000000014,"Czechia, CZ",0.9801167,53969989
2026-10-04T11:57:16.165220+00:00,vast.ai,marketplace,RTX 5090,0.735462962962963,1,31.84,198.928688617,270.480688617,125.96,471.25,"Hungary, HU",0.9949748,50576327
2026-10-04T11:57:16.165220+00:00,vast.ai,marketplace,RTX 5090,0.735462962962963,1,31.84,198.789688617,270.291688617,251.68,1276.0,"Hawaii, US",0.9936015,52858375
2026-10-04T11:57:16.165220+00:00,vast.ai,marketplace,RTX PRO 5000,0.7356481481481482,1,47.79,165.66368861700002,225.194688617,94.36,1209.75,"France, FR",0.9934405,38260159
2026-10-04T11:57:16.165220+00:00,vast.ai,marketplace,RTX 5090,0.737962962962963,1,31.84,98.44668861699999,133.402688617,62.42,955.0,"Taiwan, TW",0.9937351,40871605
2026-10-04T11:57:16.165220+00:00,vast.ai,marketplace,RTX 5090,0.7604629629629629,1,31.84,199.07368861700002,261.779688617,60.37,1229.0,"Florida, US",0.9972254,51322942
2026-10-04T11:57:16.165220+00:00,vast.ai,marketplace,RTX 5090,0.7818515555555555,1,31.84,199.397688617,255.03168861700001,186.37,2932.0,"The Netherlands, NL",0.9946016,53702088
2026-10-04T11:57:16.165220+00:00,vast.ai,marketplace,A40,0.7880555555555555,1,44.99,44.048688617,55.895688617000005,500.96,31.5,"Belgium, BE",0.9831549,51337966
2026-10-04T11:57:16.165220+00:00,vast.ai,marketplace,RTX PRO 5000,0.7880555555555555,1,47.79,165.62268861700002,210.166688617,62.96,1536.7,"Nebraska, US",0.9813785,52507510
2026-10-04T11:57:16.165220+00:00,vast.ai,marketplace,RTX PRO 5000,0.7880555555555555,1,47.79,165.22968861700002,209.667688617,71.95,1750.9133508794378,"Nebraska, US",0.9819012,52514689
2026-10-04T11:57:16.165220+00:00,vast.ai,marketplace,RTX PRO 5000,0.7997777777777777,1,47.79,165.694688617,207.176688617,62.71,2762.0,"Texas, US",0.997905,49279286
2026-10-04T11:57:16.165220+00:00,vast.ai,marketplace,RTX 6000Ada,0.8002777777777778,1,47.99,113.16068861699999,141.402688617,62.49,303.5375481194035,"The Netherlands, NL",0.9986187,39914433
2026-10-04T11:57:16.165220+00:00,vast.ai,marketplace,RTX 5090,0.8004629629629629,1,31.84,199.819688617,249.630688617,61.72,2777.5000000000005,"Ohio, US",0.9823754,52172893
2026-10-04T11:57:16.165220+00:00,vast.ai,marketplace,L40S,0.8009259259259258,1,44.99,93.527688617,116.774688617,251.94,207.12500000000003,"Taiwan, TW",0.9981403,38574926
2026-10-04T11:57:16.165220+00:00,vast.ai,marketplace,RTX 4090,0.8009259259259258,1,23.99,61.295688617,76.530688617,110.03,1625.8,"Virginia, US",0.9950926,13917960
2026-10-04T11:57:16.165220+00:00,vast.ai,marketplace,RTX 5060 Ti,0.8009259259259258,1,15.93,38.558688617,48.142688617000005,503.83,1510.8,"Quebec, CA",0.9859748,53770088
2026-10-04T11:57:16.165220+00:00,vast.ai,marketplace,A100 SXM4,0.8013888888888888,1,80.0,128.91268861700001,160.86068861700002,125.93,1150.4795761224125,"Poland, PL",0.9713264,53645769
2026-10-04T11:57:16.165220+00:00,vast.ai,marketplace,RTX 5090,0.8013888888888888,1,31.84,199.334688617,248.736688617,125.58,2315.0,"Texas, US",0.9951087,48229908
2026-10-04T11:57:16.165220+00:00,vast.ai,marketplace,RTX 5090,0.8013888888888888,1,31.84,199.56868861700002,249.028688617,251.76,3089.5,"Estonia, EE",0.924602,52395190
2026-10-04T11:57:16.165220+00:00,vast.ai,marketplace,RTX PRO 5000,0.8013888888888888,1,47.79,79.275688617,98.92268861699999,83.93,945.0166666666667,"Belgium, BE",0.9974808,49974697
2026-10-04T11:57:16.165220+00:00,vast.ai,marketplace,RTX PRO 5000,0.8013888888888888,1,47.79,165.736688617,206.81168861700002,62.73,1268.0,"Taiwan, TW",0.9966523,51984963
2026-10-04T11:57:16.165220+00:00,vast.ai,marketplace,RTX 4090,0.8018518518518518,1,23.99,97.738688617,121.890688617,110.13,482.25,"Hungary, HU",0.9921557,50466169
2026-10-04T11:57:16.165220+00:00,vast.ai,marketplace,RTX 5090,0.8018518518518518,1,31.84,199.046688617,248.23468861700002,251.55,3141.0,"Utah, US",0.9960792,51814430
2026-10-04T11:57:16.165220+00:00,vast.ai,marketplace,RTX 5090,0.8023148148148147,1,31.84,199.535688617,248.69968861700002,93.51,1585.8,"Texas, US",0.9979739,54068718
2026-10-04T11:57:16.165220+00:00,vast.ai,marketplace,RTX 5090,0.8023148148148147,1,31.84,198.756688617,247.72868861700002,500.98,370.25,"Spain, ES",0.999349,25507614
2026-10-04T11:57:16.165220+00:00,vast.ai,marketplace,RTX PRO 5000,0.8032407407407407,1,47.79,165.808688617,206.42468861700002,62.88,1190.75,"Czechia, CZ",0.9986355,40114414
2026-10-04T11:57:16.165220+00:00,vast.ai,marketplace,RTX 2080 Ti,0.8069444444444444,1,11.0,8.975688617,11.123688617,15.46,8.600000000000364,"Vietnam, VN",0.9827675,32011773
2026-10-04T11:57:16.165220+00:00,vast.ai,marketplace,L40S,0.8155925925925925,1,44.99,93.537688617,114.686688617,62.94,3575.0925749488097,"Romania, RO",0.9824028,50740338
2026-10-04T11:57:16.165220+00:00,vast.ai,marketplace,RTX 5090,0.8272407407407407,1,31.84,173.78768861700001,210.081688617,94.44,590.625,"Czechia, CZ",0.9962257,28247746
2026-10-04T11:57:16.165220+00:00,vast.ai,marketplace,RTX 4090,0.8289814814814814,1,23.99,97.226688617,117.284688617,125.88,619.25,"Hungary, HU",0.9911557,53016492
2026-10-04T11:57:16.165220+00:00,vast.ai,marketplace,RTX 4090,0.8383148148148147,1,23.99,97.56868861699999,116.38668861699999,75.49,2545.2000000000003,"Hungary, HU",0.9913999,49591158
2026-10-04T11:57:16.165220+00:00,vast.ai,marketplace,RTX PRO 5000,0.8418518518518519,1,47.79,165.519688617,196.613688617,125.88,805.4,"Hungary, HU",0.9864565,53001951
2026-10-04T11:57:16.165220+00:00,vast.ai,marketplace,RTX 5090,0.8680555555555556,1,31.84,199.82368861700002,230.196688617,78.33,959.0,"Australia, AU",0.9972764,50816937
2026-10-04T11:57:16.165220+00:00,vast.ai,marketplace,RTX 5090,0.8680555555555556,1,31.84,199.535688617,229.864688617,93.99,2572.5,"Washington, US",0.9971549,47408439
2026-10-04T11:57:16.165220+00:00,vast.ai,marketplace,RTX 5090,0.8680555555555556,1,31.84,198.71668861700002,228.921688617,94.44,375.875,"Quebec, CA",0.9948079,49760558
2026-10-04T11:57:16.165220+00:00,vast.ai,marketplace,RTX 5090,0.8680555555555556,1,31.84,198.53868861700002,228.71668861700002,62.96,1174.75,"Czechia, CZ",0.9822101,53194856
2026-10-04T11:57:16.165220+00:00,vast.ai,marketplace,RTX 5090,0.8680555555555556,1,31.84,177.769688617,204.790688617,62.95,192.96340603399187,"Czechia, CZ",0.9983946,44096422
2026-10-04T11:57:16.165220+00:00,vast.ai,marketplace,RTX 5090,0.8680555555555556,1,31.84,69.90168861699999,80.52668861699999,59.02,429.25,"Alberta, CA",0.9974156,45028230
2026-10-04T11:57:16.165220+00:00,vast.ai,marketplace,RTX 5090,0.8689814814814815,1,31.84,198.703688617,228.66268861700001,30.46,3021.0,"Spain, ES",0.9994627,28841131
2026-10-04T11:57:16.165220+00:00,vast.ai,marketplace,RTX 5090,0.8689814814814815,1,31.84,198.809688617,228.784688617,60.44,2943.0,"Spain, ES",0.9995256,26918731
2026-10-04T11:57:16.165220+00:00,vast.ai,marketplace,RTX 5090,0.8689814814814815,1,31.84,198.29468861700002,228.191688617,83.95,460.7047070098146,"Finland, FI",0.9833017,47357387
2026-10-04T11:57:16.165220+00:00,vast.ai,marketplace,RTX 5090,0.8699074074074075,1,31.84,199.033688617,228.798688617,94.4,781.75,"Spain, ES",0.9983469,31191988
2026-10-04T11:57:16.165220+00:00,vast.ai,marketplace,RTX 5090,0.8731481481481482,1,31.84,198.291688617,227.099688617,62.71,1528.0,"Hungary, HU",0.9959868,54107691
2026-10-04T11:57:16.165220+00:00,vast.ai,marketplace,A100 SXM4,0.8811998029629635,1,40.0,95.43768861699999,108.30368861699999,87.53,489.5,"Germany, DE",0.9953769,54142095
2026-10-04T11:57:16.165220+00:00,vast.ai,marketplace,RTX 5090,0.8823148148148148,1,31.84,198.815688617,225.334688617,110.21,407.875,"Hungary, HU",0.9943012,51326859
2026-10-04T11:57:16.165220+00:00,vast.ai,marketplace,RTX 5090,0.8933888888888889,1,31.84,198.590688617,222.289688617,251.66,3057.6,"Thailand, TH",0.9908413,43920286
2026-10-04T11:57:16.165220+00:00,vast.ai,marketplace,RTX 5090,0.921111111111111,1,31.84,81.759688617,88.76168861699999,251.52,6091.0,"Texas, US",0.9886654,53746626
2026-10-04T11:57:16.165220+00:00,vast.ai,marketplace,A100 SXM4,0.9237037037037036,1,40.0,95.39568861699999,103.274688617,251.96,2541.875,"Virginia, US",0.9985141,42274235
2026-10-04T11:57:16.165220+00:00,vast.ai,marketplace,A100 SXM4,0.9237037037037036,1,40.0,95.311688617,103.18468861699999,251.96,2756.5,"California, US",0.9915783,50245543
2026-10-04T11:57:16.165220+00:00,vast.ai,marketplace,RTX 4090,0.9347222222222221,1,47.99,125.677688617,134.45468861700002,251.34,6366.0,"Japan, JP",0.9976533,53998662
2026-10-04T11:57:16.165220+00:00,vast.ai,marketplace,RTX PRO 5000,0.9347222222222221,1,47.79,165.374688617,176.923688617,125.84,766.75,"Arizona, US",0.9909911,53922863
2026-10-04T11:57:16.165220+00:00,vast.ai,marketplace,RTX 5090,0.935648148148148,1,31.84,198.809688617,212.482688617,377.71,2281.325422702036,"Norway, NO",0.9986267,30220756
2026-10-04T11:57:16.165220+00:00,vast.ai,marketplace,RTX 5090,0.9889444444444444,1,31.84,190.784688617,192.917688617,125.93,579.0,"Czechia, CZ",0.9964167,30374680
2026-10-04T11:57:16.165220+00:00,vast.ai,marketplace,A100 SXM4,1.0013888888888889,1,80.0,117.159688617,116.997688617,125.93,94.75,"France, FR",0.9906209,43131368
2026-10-04T11:57:16.165220+00:00,vast.ai,marketplace,RTX 3090,1.0018518518518518,1,24.0,44.369688617,44.287688617,251.15,3164.0,"Norway, NO",0.9977464,53476195
2026-10-04T11:57:16.165220+00:00,vast.ai,marketplace,RTX 4090,1.0018518518518518,1,23.99,97.061688617,96.882688617,251.14,3286.0,"Norway, NO",0.9964971,53475966
2026-10-04T11:57:16.165220+00:00,vast.ai,marketplace,RTX PRO 6000 Max-Q,1.0023148148148149,1,95.59,283.872688617,283.216688617,125.78,107.0,"Australia, AU",0.9896982,40230781
2026-10-04T11:57:16.165220+00:00,vast.ai,marketplace,RTX A2000,1.0085185185185184,1,5.99,8.574688617,8.502688617,125.5,6364.8,"British Columbia, CA",0.9710577,46480357
2026-10-04T11:57:16.165220+00:00,vast.ai,marketplace,RTX 5090,1.0107222222222223,1,31.84,199.32468861700002,197.209688617,167.84,2259.0,"Germany, DE",0.9666041,53334401
2026-10-04T11:57:16.165220+00:00,vast.ai,marketplace,RTX 5090,1.0374814814814814,1,31.84,192.655688617,185.695688617,40.22,565.85,"Taiwan, TW",0.9935344,52965012
2026-10-04T11:57:16.165220+00:00,vast.ai,marketplace,A40,1.0547222222222223,1,44.99,44.034688617,41.750688617,500.96,283.7,"Belgium, BE",0.9848722,51338028
2026-10-04T11:57:16.165220+00:00,vast.ai,marketplace,A100 SXM4,1.0550925925925927,1,80.0,119.810688617,113.554688617,125.97,1036.125,"Sweden, SE",0.9978655,21050987
2026-10-04T11:57:16.165220+00:00,vast.ai,marketplace,RTX A2000,1.0673148148148148,1,5.99,8.574688617,8.034688617,125.41,12875.4,"British Columbia, CA",0.9929451,53937623
2026-10-04T11:57:16.165220+00:00,vast.ai,marketplace,RTX 5090,1.0689814814814815,1,31.84,198.422688617,185.618688617,251.66,1504.0,"Norway, NO",0.9927334,51549088
2026-10-04T11:57:16.165220+00:00,vast.ai,marketplace,RTX 5060 Ti,1.0703703703703704,1,15.93,38.246688617000004,35.731688617,31.27,287.0,"Chile, CL",0.996651,32922874
2026-10-04T11:57:16.165220+00:00,vast.ai,marketplace,RTX PRO 6000 WS,1.072685185185185,1,95.59,280.949688617,261.91268861699996,125.92,711.75,"Jiangsu, CN",0.9864181,51010704
2026-10-04T11:57:16.165220+00:00,vast.ai,marketplace,RTX PRO 6000 WS,1.0993518518518517,1,95.59,282.80668861699996,257.24868861699997,47.1,2626.5,"Beijing, CN",0.9745083,50041228
2026-10-04T11:57:16.165220+00:00,vast.ai,marketplace,RTX 3090,1.135185185185185,1,24.0,44.368688617000004,39.084688617000005,251.0,6629.1,"Norway, NO",0.9975857,53476071
2026-10-04T11:57:16.165220+00:00,vast.ai,marketplace,RTX 4090,1.136462962962963,1,23.99,97.025688617,85.375688617,881.76,6559.0,"Quebec, CA",0.9902845,20266704
2026-10-04T11:57:16.165220+00:00,vast.ai,marketplace,RTX 5090,1.1747222222222222,1,31.84,100.491688617,85.54468861699999,30.07,294.5,"Delaware, US",0.9893969,53337124
2026-10-04T11:57:16.165220+00:00,vast.ai,marketplace,RTX 5090,1.1875925925925928,1,31.84,198.66368861700002,167.28268861700002,251.69,2620.5,"United Kingdom, GB",0.997269,51953915
2026-10-04T11:57:16.165220+00:00,vast.ai,marketplace,RTX 3090,1.200925925925926,1,24.0,44.601688617,37.139688617000004,251.66,2038.0,"Quebec, CA",0.997481,54137460
2026-10-04T11:57:16.165220+00:00,vast.ai,marketplace,RTX PRO 6000 Max-Q,1.2013888888888888,1,95.59,283.28768861699996,235.80068861700002,125.88,1033.345171983004,"Japan, JP",0.9642893,53877816
2026-10-04T11:57:16.165220+00:00,vast.ai,marketplace,RTX PRO 6000 WS,1.2013888888888888,1,95.59,283.346688617,235.84868861700002,125.27,13411.8,"Utah, US",0.9798607,42871298
2026-10-04T11:57:16.165220+00:00,vast.ai,marketplace,RTX 5090,1.2018518518518517,1,31.84,198.405688617,165.083688617,70.83,469.125,"Hungary, HU",0.9868224,54003596
2026-10-04T11:57:16.165220+00:00,vast.ai,marketplace,RTX PRO 6000 Max-Q,1.2027777777777777,1,95.59,180.53168861700001,150.095688617,194.56,912.5,"New York, US",0.9957769,51615802
2026-10-04T11:57:16.165220+00:00,vast.ai,marketplace,RTX 5090,1.2156481481481485,1,31.84,198.624688617,163.38968861700002,94.42,2782.25,"Hungary, HU",0.9971709,50716297
2026-10-04T11:57:16.165220+00:00,vast.ai,marketplace,RTX 3060 Ti,1.2280555555555557,1,8.0,13.774688616999999,11.216688616999999,503.41,6170.7,"Taiwan, TW",0.9993727,52009200
2026-10-04T11:57:16.165220+00:00,vast.ai,marketplace,RTX 4090,1.2536666666666667,1,23.99,97.040688617,77.405688617,167.97,530.3333333333333,"Washington, US",0.9978098,41755369
2026-10-04T11:57:16.165220+00:00,vast.ai,marketplace,RTX 6000D,1.2579629629629627,1,83.64,229.165688617,182.171688617,94.42,549.25,"Czechia, CZ",0.9902564,51063966
2026-10-04T11:57:16.165220+00:00,vast.ai,marketplace,RTX PRO 6000 Max-Q,1.2680555555555555,1,95.59,282.937688617,223.126688617,179.91,519.0144852123927,"Poland, PL",0.740382,51932037
2026-10-04T11:57:16.165220+00:00,vast.ai,marketplace,RTX 4090,1.2680555555555555,1,47.99,125.64268861699999,99.08268861699999,107.97,439.71428571428567,"Washington, US",0.9780169,48484836
2026-10-04T11:57:16.165220+00:00,vast.ai,marketplace,RTX 5090,1.2680555555555555,1,31.84,199.548688617,157.36568861700002,125.66,1277.8,"Florida, US",0.9915946,38597207
2026-10-04T11:57:16.165220+00:00,vast.ai,marketplace,RTX 5090,1.268287037037037,1,31.84,198.89568861700002,156.821688617,94.42,1139.5,"Hungary, HU",0.9904646,51932576
2026-10-04T11:57:16.165220+00:00,vast.ai,marketplace,RTX 5090,1.2689814814814815,1,31.84,199.344688617,157.089688617,94.42,988.125,"Hungary, HU",0.996028,49155152
2026-10-04T11:57:16.165220+00:00,vast.ai,marketplace,RTX 4090,1.2800555555555555,1,47.99,125.536688617,98.07168861699999,125.75,1651.0,"Washington, US",0.9948995,54003173
2026-10-04T11:57:16.165220+00:00,vast.ai,marketplace,RTX 4090,1.281388888888889,1,47.99,125.65168861699999,98.058688617,220.06,6512.0,"Washington, US",0.9986402,38637438
2026-10-04T11:57:16.165220+00:00,vast.ai,marketplace,RTX 4090,1.282314814814815,1,47.99,125.57168861699999,97.92568861699999,125.87,2991.5,"Washington, US",0.9986192,46255395
2026-10-04T11:57:16.165220+00:00,vast.ai,marketplace,A100 SXM4,1.3228666481481481,1,80.0,128.88368861700002,97.427688617,125.96,638.1000000000001,"North Carolina, US",0.9896521,53572347
2026-10-04T11:57:16.165220+00:00,vast.ai,marketplace,RTX PRO 5000,1.3347222222222221,1,71.69,190.994688617,143.096688617,62.71,2591.1,"Florida, US",0.9629848,53704980
2026-10-04T11:57:16.165220+00:00,vast.ai,marketplace,RTX A2000,1.3347222222222221,1,5.99,8.574688617,6.424688617,31.16,761.5,"British Columbia, CA",0.9714911,46186923
2026-10-04T11:57:16.165220+00:00,vast.ai,marketplace,RTX 5090,1.3347222222222221,1,31.84,199.68768861700002,149.60968861700002,61.47,774.0,"Texas, US",0.9953095,53387129
2026-10-04T11:57:16.165220+00:00,vast.ai,marketplace,RTX 5080,1.3347222222222221,1,15.92,83.90168861699999,62.860688617,62.8,780.3,"Oman, OM",0.9974777,53892729
2026-10-04T11:57:16.165220+00:00,vast.ai,marketplace,RTX 5070 Ti,1.335185185185185,1,15.92,75.879688617,56.830688617,62.89,285.22774634750397,"Texas, US",0.9926433,53558643
2026-10-04T11:57:16.165220+00:00,vast.ai,marketplace,RTX 5090,1.336111111111111,1,31.84,199.397688617,149.236688617,125.64,420.0,"Illinois, US",0.9990372,53294830
2026-10-04T11:57:16.165220+00:00,vast.ai,marketplace,RTX PRO 6000 Max-Q,1.3402777777777777,1,95.59,283.482688617,211.510688617,100.7,510.8,"France, FR",0.9849471,54001868
2026-10-04T11:57:16.165220+00:00,vast.ai,marketplace,RTX PRO 6000 WS,1.3748148148148147,1,95.59,283.24868861699997,206.02668861700002,90.29,2856.0,"Greece, GR",0.9866096,53806679
2026-10-04T11:57:16.165220+00:00,vast.ai,marketplace,RTX 5090,1.3756481481481482,1,31.84,198.129688617,144.02568861700001,125.96,1476.375,"Hungary, HU",0.9939618,52070431
2026-10-04T11:57:16.165220+00:00,vast.ai,marketplace,RTX PRO 6000 S,1.3853888888888892,1,95.59,279.255688617,201.571688617,94.01,1383.0,"New York, US",0.9956127,49963042
2026-10-04T11:57:16.165220+00:00,vast.ai,marketplace,RTX PRO 6000 S,1.3903703703703705,1,95.59,234.590688617,168.725688617,125.93,1115.625,"Czechia, CZ",0.9983057,44623528
2026-10-04T11:57:16.165220+00:00,vast.ai,marketplace,RTX PRO 6000 WS,1.3908148148148147,1,95.59,129.72268861700002,93.27068861699999,93.17,1390.5,"Taiwan, TW",0.996669,52761166
2026-10-04T11:57:16.165220+00:00,vast.ai,marketplace,RTX PRO 6000 Max-Q,1.3973888888888888,1,95.59,283.79468861699996,203.088688617,124.5,554.2907446398261,"Japan, JP",0.9982215,43317266
2026-10-04T11:57:16.165220+00:00,vast.ai,marketplace,RTX PRO 6000 S,1.401388888888889,1,95.59,278.67468861699996,198.856688617,98.34,234.5,"South Korea, KR",0.9978478,46877438
2026-10-04T11:57:16.165220+00:00,vast.ai,marketplace,RTX PRO 6000 S,1.402314814814815,1,95.59,279.37168861699996,199.221688617,188.92,207.875,"Bulgaria, BG",0.998178,44647858
2026-10-04T11:57:16.165220+00:00,vast.ai,marketplace,RTX PRO 6000 WS,1.402777777777778,1,95.59,282.605688617,201.46168861700002,186.45,67.5,"Colorado, US",0.9971403,50938078
2026-10-04T11:57:16.165220+00:00,vast.ai,marketplace,RTX PRO 6000 S,1.4063888888888891,1,95.59,52.333688617,37.210688617,377.39,9946.5,"Montana, US",0.9948321,44176946
2026-10-04T11:57:16.165220+00:00,vast.ai,marketplace,RTX PRO 6000 WS,1.4213148148148147,1,95.59,283.22968861699997,199.272688617,123.46,6382.0,"Texas, US",0.9967036,46205793
2026-10-04T11:57:16.165220+00:00,vast.ai,marketplace,RTX PRO 6000 WS,1.4543148148148148,1,95.59,282.683688617,194.375688617,188.92,144.625,"Poland, PL",0.9953639,37051760
2026-10-04T11:57:16.165220+00:00,vast.ai,marketplace,RTX PRO 6000 S,1.459814814814815,1,95.59,279.04268861699995,191.149688617,188.93,145.25,"Maryland, US",0.9991869,53694987
2026-10-04T11:57:16.165220+00:00,vast.ai,marketplace,RTX A2000,1.467314814814815,1,5.99,8.575688616999999,5.844688617,503.5,11888.0,"British Columbia, CA",0.98128,50563157
2026-10-04T11:57:16.165220+00:00,vast.ai,marketplace,RTX PRO 6000 S,1.4675925925925928,1,95.59,277.82368861699996,189.30568861700002,188.92,951.3987644962474,", CA",0.9964731,48926599
2026-10-04T11:57:16.165220+00:00,vast.ai,marketplace,RTX PRO 6000 WS,1.4680555555555557,1,95.59,283.677688617,193.233688617,92.01,2676.0,"Alberta, CA",0.9814753,51993288
2026-10-04T11:57:16.165220+00:00,vast.ai,marketplace,RTX 6000D,1.4680555555555557,1,83.64,229.771688617,156.51468861700002,94.39,1176.25,"Czechia, CZ",0.9742801,52400794
2026-10-04T11:57:16.165220+00:00,vast.ai,marketplace,RTX PRO 6000 S,1.4694444444444446,1,95.59,279.874688617,190.463688617,283.09,1134.0,"France, FR",0.9743278,52632730
2026-10-04T11:57:16.165220+00:00,vast.ai,marketplace,RTX PRO 6000 WS,1.4712962962962963,1,95.59,282.800688617,192.21168861700002,251.91,326.0,"Florida, US",0.9966839,52869190
2026-10-04T11:57:16.165220+00:00,vast.ai,marketplace,RTX PRO 6000 WS,1.473851851851852,1,95.59,283.930688617,192.64568861700002,110.14,826.0,"Czechia, CZ",0.8900245,54136211
2026-10-04T11:57:16.165220+00:00,vast.ai,marketplace,RTX PRO 6000 WS,1.5080555555555555,1,95.59,283.872688617,188.237688617,125.55,3230.0,"Massachusetts, US",0.9434901,54078995
2026-10-04T11:57:16.165220+00:00,vast.ai,marketplace,RTX PRO 6000 WS,1.534722222222222,1,95.59,283.696688617,184.852688617,186.24,2993.0,"Japan, JP",0.988022,54096640
2026-10-04T11:57:16.165220+00:00,vast.ai,marketplace,RTX PRO 6000 WS,1.534722222222222,1,95.59,283.365688617,184.636688617,186.41,2796.0,"Japan, JP",0.9945997,54008577
2026-10-04T11:57:16.165220+00:00,vast.ai,marketplace,RTX PRO 6000 S,1.5475925925925926,1,95.59,279.75868861699996,180.77068861700002,94.42,619.4366820195081,"Bulgaria, BG",0.9677878,48905156
2026-10-04T11:57:16.165220+00:00,vast.ai,marketplace,RTX PRO 6000 WS,1.5480555555555555,1,95.59,283.81368861699997,183.33568861700002,125.55,1397.0,"Massachusetts, US",0.9947952,39351028
2026-10-04T11:57:16.165220+00:00,vast.ai,marketplace,RTX PRO 6000 S,1.5877777777777777,1,95.59,279.449688617,176.000688617,94.42,459.75,"Bulgaria, BG",0.9921106,51056495
2026-10-04T11:57:16.165220+00:00,vast.ai,marketplace,RTX PRO 6000 WS,1.6009259259259259,1,95.59,283.59968861699997,177.147688617,251.76,1665.5,"Japan, JP",0.9973991,53902271
2026-10-04T11:57:16.165220+00:00,vast.ai,marketplace,RTX PRO 6000 WS,1.6013888888888888,1,95.59,282.995688617,176.718688617,110.2,1899.4068666206667,"Texas, US",0.9921803,52611622
2026-10-04T11:57:16.165220+00:00,vast.ai,marketplace,RTX PRO 6000 S,1.6016666666666666,1,95.59,279.584688617,174.558688617,102.08,799.0,"The Netherlands, NL",0.9985429,46385240
2026-10-04T11:57:16.165220+00:00,vast.ai,marketplace,RTX PRO 6000 WS,1.6018518518518516,1,95.59,283.112688617,176.74068861700002,94.39,661.5,"Czechia, CZ",0.9837925,53983167
2026-10-04T11:57:16.165220+00:00,vast.ai,marketplace,RTX 5090,1.6023148148148147,1,31.84,198.888688617,124.125688617,94.26,1600.85,"Denmark, DK",0.9202363,53894948
2026-10-04T11:57:16.165220+00:00,vast.ai,marketplace,RTX 5090,1.6041666666666665,1,31.84,198.16268861700001,123.52968861699999,141.69,501.75,"Czechia, CZ",0.9942162,31183535
2026-10-04T11:57:16.165220+00:00,vast.ai,marketplace,RTX PRO 6000 WS,1.604648148148148,1,95.59,282.605688617,176.117688617,461.83,890.1999999999998,"Bulgaria, BG",0.9983213,53318215
2026-10-04T11:57:16.165220+00:00,vast.ai,marketplace,RTX 5090,1.6055555555555554,1,31.84,199.462688617,124.232688617,247.81,364.25,"Norway, NO",0.9984274,50806300
2026-10-04T11:57:16.165220+00:00,vast.ai,marketplace,RTX PRO 6000 WS,1.6156481481481482,1,95.59,283.44368861699996,175.43668861700002,167.78,4185.0,"Hungary, HU",0.9922012,51122668
2026-10-04T11:57:16.165220+00:00,vast.ai,marketplace,RTX PRO 5000,1.6685185185185185,1,47.79,165.70568861700002,99.31268861699999,503.52,2193.5,"Texas, US",0.9990719,53430598
2026-10-04T11:57:16.165220+00:00,vast.ai,marketplace,RTX PRO 6000 WS,1.6736111111111112,1,95.59,283.482688617,169.38368861700002,121.18,878.0,"California, US",0.9870847,50460702
2026-10-04T11:57:16.165220+00:00,vast.ai,marketplace,RTX PRO 6000 Max-Q,1.7017065185185185,1,95.59,282.820688617,166.197688617,125.53,735.5,"Michigan, US",0.9898578,45192567
2026-10-04T11:57:16.165220+00:00,vast.ai,marketplace,RTX PRO 6000 Max-Q,1.7232037037037036,1,95.59,282.644688617,164.022688617,125.92,417.875,"Czechia, CZ",0.9969003,47792401
2026-10-04T11:57:16.165220+00:00,vast.ai,marketplace,RTX PRO 6000 Max-Q,1.8623703703703705,1,95.59,283.307688617,152.12168861700002,125.94,1163.875,"Czechia, CZ",0.9838289,30474084
2026-10-04T11:57:16.165220+00:00,vast.ai,marketplace,RTX PRO 6000 WS,1.86787037037037,1,95.59,283.618688617,151.840688617,314.58,2265.5,"Japan, JP",0.9950136,54142049
2026-10-04T11:57:16.165220+00:00,vast.ai,marketplace,RTX PRO 6000 WS,1.8914457777777778,1,95.59,283.949688617,150.123688617,188.39,3068.0,"Idaho, US",0.9938881,51720139
2026-10-04T11:57:16.165220+00:00,vast.ai,marketplace,RTX PRO 6000 WS,1.940277777777778,1,95.59,283.540688617,146.134688617,125.32,2416.0,"Texas, US",0.9960184,50005350
2026-10-04T11:57:16.165220+00:00,vast.ai,marketplace,RTX PRO 6000 WS,1.988703703703704,1,95.59,283.014688617,142.31168861700002,125.92,958.375,"Hungary, HU",0.9961919,43620830
2026-10-04T11:57:16.165220+00:00,vast.ai,marketplace,RTX 4090,2.001388888888889,1,23.99,97.16368861699999,48.548688617,125.71,1349.0,"Ontario, CA",0.996453,52814544
2026-10-04T11:57:16.165220+00:00,vast.ai,marketplace,RTX 5060 Ti,2.001388888888889,1,15.93,38.389688617000004,19.181688617000002,629.39,3099.0,"Spain, ES",0.999284,28164421
2026-10-04T11:57:16.165220+00:00,vast.ai,marketplace,H100 PCIE,2.001388888888889,1,79.65,255.969688617,127.89568861699999,125.79,305.0,"France, FR",0.9771802,50562987
2026-10-04T11:57:16.165220+00:00,vast.ai,marketplace,RTX PRO 6000 WS,2.002314814814815,1,95.59,282.995688617,141.334688617,94.44,397.0,"Alberta, CA",0.9960128,53217074
2026-10-04T11:57:16.165220+00:00,vast.ai,marketplace,RTX PRO 6000 WS,2.267777777777778,1,95.59,283.65768861699996,125.081688617,503.53,4992.0,"Japan, JP",0.9966727,49751924
2026-10-04T11:57:16.165220+00:00,vast.ai,marketplace,RTX PRO 6000 WS,2.3151222222222225,1,95.59,237.456688617,102.56768861699999,91.96,732.0,"Nevada, US",0.9974821,49795582
2026-10-04T11:57:16.165220+00:00,vast.ai,marketplace,H100 NVL,2.3333888888888894,1,93.58,378.096688617,162.03768861700001,125.79,135.5,"Japan, JP",0.999632,13527068
2026-10-04T11:57:16.165220+00:00,vast.ai,marketplace,RTX PRO 6000 WS,2.3347222222222226,1,95.59,282.683688617,121.078688617,503.54,12307.0,"Maryland, US",0.9880239,54047760
2026-10-04T11:57:16.165220+00:00,vast.ai,marketplace,RTX PRO 6000 Max-Q,2.340277777777778,1,95.59,283.565688617,121.167688617,754.51,1057.0,"Texas, US",0.9977762,47655702
2026-10-04T11:57:16.165220+00:00,vast.ai,marketplace,H100 NVL,2.3742592592592593,1,93.58,368.649688617,155.269688617,335.85,308.19859633098366,"South Korea, KR",0.9988558,43751089
2026-10-04T11:57:16.165220+00:00,vast.ai,marketplace,H100 PCIE,2.4689814814814817,1,79.65,255.864688617,103.631688617,251.71,11719.401333849819,"Maryland, US",0.9988698,53443542
2026-10-04T11:57:16.165220+00:00,vast.ai,marketplace,RTX PRO 6000 WS,2.4736111111111114,1,95.59,283.46268861699997,114.59468861699999,251.49,1401.5,"New Jersey, US",0.9612784,51371152
2026-10-04T11:57:16.165220+00:00,vast.ai,marketplace,H100 NVL,2.534259259259259,1,93.58,377.548688617,148.977688617,188.94,2509.875,"Bulgaria, BG",0.9926365,24548921
2026-10-04T11:57:16.165220+00:00,vast.ai,marketplace,H100 PCIE,2.5881259259259255,1,79.65,256.113688617,98.95768861699999,62.84,387.5,"Czechia, CZ",0.9800775,50491378
2026-10-04T11:57:16.165220+00:00,vast.ai,marketplace,H100 SXM,2.6685185185185185,1,79.65,292.582688617,109.64268861699999,235.95,366.0,"New Jersey, US",0.9775956,51448486
2026-10-04T11:57:16.165220+00:00,vast.ai,marketplace,H100 SXM,2.6685185185185185,1,79.65,292.588688617,109.644688617,235.95,298.0,"New Jersey, US",0.9878445,51448227
2026-10-04T11:57:16.165220+00:00,vast.ai,marketplace,H100 NVL,2.6800555555555556,1,93.58,357.564688617,133.416688617,94.21,1006.5,"Texas, US",0.9982067,35408172
2026-10-04T11:57:16.165220+00:00,vast.ai,marketplace,RTX 4090,2.7080555555555557,1,23.99,55.889688617000004,20.638688617000003,24.95,283.46,"United Kingdom, GB",0.9502015,53154221
2026-10-04T11:57:16.165220+00:00,vast.ai,marketplace,H100 SXM,2.737944444444444,1,79.65,262.615688617,95.917688617,125.94,1306.3808462616712,"Czechia, CZ",0.994941,49793513
2026-10-04T11:57:16.165220+00:00,vast.ai,marketplace,H100 NVL,2.9213888888888837,1,93.58,347.82368861699996,119.061688617,314.69,311.7,"Ireland, IE",0.9823338,54140001
2026-10-04T11:57:16.165220+00:00,vast.ai,marketplace,H100 SXM,2.9380555555555556,1,79.65,324.086688617,110.30668861699999,110.19,1070.875,"Czechia, CZ",0.9945927,41555530
2026-10-04T11:57:16.165220+00:00,vast.ai,marketplace,H100 NVL,3.028055555555548,1,93.58,347.97468861699997,114.91668861699999,314.69,310.20000000000005,"Virginia, US",0.9924542,54144982
2026-10-04T11:57:16.165220+00:00,vast.ai,marketplace,H100 SXM,3.0979444444444444,1,79.65,259.021688617,83.610688617,125.94,1349.7603528911836,"Czechia, CZ",0.9961089,48704103
2026-10-04T11:57:16.165220+00:00,vast.ai,marketplace,RTX 4090,3.339814814814815,1,23.99,96.74068861699999,28.965688617,62.53,703.0,"Alberta, CA",0.9942921,53752192
2026-10-04T11:57:16.165220+00:00,vast.ai,marketplace,H200 NVL,4.003240740740741,1,140.4,453.23468861699996,113.21668861699999,167.94,618.7593789368935,"Spain, ES",0.9935419,51909401
2026-10-04T11:57:16.165220+00:00,vast.ai,marketplace,RTX 4090,4.006481481481481,1,23.99,97.512688617,24.338688617000003,30.94,757.0,"The Netherlands, NL",0.9963573,42544505
2026-10-04T11:57:16.165220+00:00,vast.ai,marketplace,RTX 5080,4.006481481481481,1,15.92,83.94568861699999,20.952688617000003,30.94,750.8,"The Netherlands, NL",0.9928773,49691112
2026-10-04T11:57:16.165220+00:00,vast.ai,marketplace,RTX 5080,4.006481481481481,1,15.92,84.10068861699999,20.991688617,30.94,1606.7,"The Netherlands, NL",0.9976153,53189390
2026-10-04T11:57:16.165220+00:00,vast.ai,marketplace,H200 NVL,4.134722222222223,1,140.4,452.86168861699997,109.52668861699999,188.03,2838.7,"New York, US",0.9947387,48842896
2026-10-04T11:57:16.165220+00:00,vast.ai,marketplace,H200 NVL,4.134722222222223,1,140.4,452.310688617,109.393688617,503.75,645.0,"Japan, JP",0.9964523,48217153
2026-10-04T11:57:16.165220+00:00,vast.ai,marketplace,H200 NVL,4.206944444444445,1,140.4,436.858688617,103.842688617,125.77,1222.5,"Washington, US",0.9972884,54026526
2026-10-04T11:57:16.165220+00:00,vast.ai,marketplace,H200 NVL,4.216277777777778,1,140.4,453.22768861699996,107.494688617,188.39,366.625,"Texas, US",0.9619506,53712097
2026-10-04T11:57:16.165220+00:00,vast.ai,marketplace,H200 NVL,4.420277777777778,1,140.4,405.90268861699997,91.82768861699999,125.76,639.9,"Washington, US",0.9973397,54103820
2026-10-04T11:57:16.165220+00:00,vast.ai,marketplace,H200 NVL,4.668055555555556,1,140.4,427.399688617,91.558688617,181.06,212.5,"Bulgaria, BG",0.9531013,44335863
2026-10-04T11:57:16.165220+00:00,vast.ai,marketplace,H200 NVL,4.668055555555556,1,140.4,452.52768861699997,96.941688617,251.4,775.8851498976197,"South Korea, KR",0.9838321,52223705
2026-10-04T11:57:16.165220+00:00,vast.ai,marketplace,H200,5.0027412280701755,1,140.4,255.511688617,51.074688617,188.93,744.6,"Germany, DE",0.9491937,53594623
2026-10-04T11:57:16.165220+00:00,vast.ai,marketplace,H200,5.120248538011696,1,140.4,493.68668861699996,96.418688617,377.93,2621.7266256861267,"Saudi Arabia, SA",0.9976165,39605030
2026-10-04T11:57:16.165220+00:00,vast.ai,marketplace,H100 SXM,5.494722222222222,1,79.65,304.65268861699997,55.444688617000004,221.46,2287.1079233166006,", US",0.9983077,36346704
2026-10-04T11:57:16.165220+00:00,vast.ai,marketplace,B200,6.251302083333333,1,179.06,680.246688617,108.816688617,249.5,1491.473712042147,"Oregon, US",0.9919414,51577286
2026-10-04T11:57:16.165220+00:00,vast.ai,marketplace,B200,6.251302083333333,1,179.06,680.6666886170001,108.88368861699999,249.5,2688.375,"Oregon, US",0.9973866,51575929
2026-10-04T11:57:16.165220+00:00,vast.ai,marketplace,B200,7.506510416666668,1,179.06,509.85268861699996,67.921688617,354.07,652.2199999999978,"Virginia, US",0.994464,53976631
2026-10-04T11:57:16.165220+00:00,vast.ai,marketplace,B200,7.813802083333332,1,179.06,422.25368861699997,54.039688617,220.48,89.75,", US",0.9962306,53384348
2026-10-04T11:57:16.165220+00:00,vast.ai,marketplace,RTX PRO 6000 WS,8.006944444444445,1,95.59,283.521688617,35.409688617,123.49,1489.0,"Virginia, US",0.9500382,54131997
2026-10-04T11:57:16.165220+00:00,vast.ai,marketplace,B200,8.618576388888888,1,179.06,661.217688617,76.71968861699999,283.43,276.7679608543614,"Maryland, US",0.9930158,53943893
2026-10-04T11:57:16.165220+00:00,vast.ai,marketplace,RTX 5090,9.334898148148149,1,31.84,194.875688617,20.875688617,31.36,843.5,"Taiwan, TW",0.99045,53630594
2026-10-04T11:57:16.165220+00:00,vast.ai,marketplace,B200,9.381510416666666,1,179.06,697.1716886170001,74.313688617,249.5,2364.0125,", US",0.9958312,51061905
2026-10-04T11:57:16.165220+00:00,vast.ai,marketplace,B300,9.938802083333334,1,268.59,892.370688617,89.786688617,251.92,552.2338582946456,"Croatia, HR",0.9944311,53579014
2026-10-04T11:57:16.165220+00:00,vast.ai,marketplace,RTX 5090,53.33435185185186,1,31.84,199.046688617,3.732688617,60.44,3349.0,"Ukraine, UA",0.9979729,46363452
