collected_at,provider,tier,gpu_model,price_usd_per_hr,num_gpus,gpu_ram_gb,dlperf,dlperf_per_dollar,cpu_ram_gb,disk_space_gb,region,reliability,offer_id
2026-09-07T11:54:52.013189+00:00,vast.ai,marketplace,Quadro P2000,0.028055555555555556,1,5.0,1.0177623801653413,36.27667889698246,6.83,29.64862064991116,"Nevada, US",0.9662088,49574207
2026-09-07T11:54:52.013189+00:00,vast.ai,marketplace,GTX 1070,0.04805555555555556,1,8.0,2.4978679556144425,51.97875514573406,7.78,192.0,"South Korea, KR",0.9977847,50037971
2026-09-07T11:54:52.013189+00:00,vast.ai,marketplace,GTX 1070,0.04805555555555556,1,8.0,2.6128927489656055,54.37233466055595,15.61,115.19999999999999,"South Korea, KR",0.9977184,47671684
2026-09-07T11:54:52.013189+00:00,vast.ai,marketplace,GTX 1070,0.04805555555555556,1,8.0,2.6128927489656055,54.37233466055595,8.96,179.57142857142856,"South Korea, KR",0.9906117,48484309
2026-09-07T11:54:52.013189+00:00,vast.ai,marketplace,GTX 1070,0.04805555555555556,1,8.0,2.061638399481459,42.9011458851633,7.83,104.83333333333333,"South Korea, KR",0.9948789,47635953
2026-09-07T11:54:52.013189+00:00,vast.ai,marketplace,Titan Xp,0.04805555555555556,1,12.0,5.757466410549852,119.80854958369633,8.96,58.857142857142854,"South Korea, KR",0.9961331,48455478
2026-09-07T11:54:52.013189+00:00,vast.ai,marketplace,GTX TITAN X,0.04805555555555556,1,12.0,3.355057349444435,69.81622230057783,7.76,146.0,"South Korea, KR",0.9971368,45748279
2026-09-07T11:54:52.013189+00:00,vast.ai,marketplace,RTX 3060,0.04805555555555556,1,12.0,12.546474106930363,261.0826981788977,15.46,121.30000000000001,"South Korea, KR",0.8332216,50050724
2026-09-07T11:54:52.013189+00:00,vast.ai,marketplace,RTX 3060 Ti,0.04805555555555556,1,8.0,6.479316847229198,134.82971474002954,7.76,39.3,"South Korea, KR",0.989229,49263535
2026-09-07T11:54:52.013189+00:00,vast.ai,marketplace,GTX 1070,0.04851851851851852,1,8.0,2.6625625460945153,54.87724331645184,15.62,350.5,"South Korea, KR",0.9899292,50016781
2026-09-07T11:54:52.013189+00:00,vast.ai,marketplace,RTX 3060,0.04851851851851852,1,12.0,12.261658353271434,252.72120270101428,23.59,343.1,"United States, US",0.9934078,50121279
2026-09-07T11:54:52.013189+00:00,vast.ai,marketplace,GTX 1080,0.049388888888888885,1,8.0,3.330490607485923,67.43400555089609,15.54,142.0,"South Korea, KR",0.9985658,43071595
2026-09-07T11:54:52.013189+00:00,vast.ai,marketplace,GTX 1080,0.049388888888888885,1,8.0,3.351404206277043,67.85745299548569,15.52,146.0,"South Korea, KR",0.9961723,45045921
2026-09-07T11:54:52.013189+00:00,vast.ai,marketplace,GTX 1660 S,0.04961111111111111,1,6.0,1.724191995348428,34.75414996223035,15.56,239.0,"Oregon, US",0.9612777,50115743
2026-09-07T11:54:52.013189+00:00,vast.ai,marketplace,RTX 3060,0.04961111111111111,1,12.0,12.335948398435573,248.65293524282228,31.35,328.0,"Norway, NO",0.9962862,47255148
2026-09-07T11:54:52.013189+00:00,vast.ai,marketplace,GTX 1080,0.050722222222222224,1,8.0,3.330490607485923,65.66137013663375,10.46,251.81666666666666,"South Korea, KR",0.9958978,43057689
2026-09-07T11:54:52.013189+00:00,vast.ai,marketplace,GTX 1080,0.050722222222222224,1,8.0,3.330490607485923,65.66137013663375,31.37,61.71355907516039,"South Korea, KR",0.9977089,47674508
2026-09-07T11:54:52.013189+00:00,vast.ai,marketplace,RTX 3060,0.050722222222222224,1,12.0,12.548035631767766,247.38733994722867,10.46,200.5,"South Korea, KR",0.9773258,43057255
2026-09-07T11:54:52.013189+00:00,vast.ai,marketplace,RTX 3060,0.050722222222222224,1,12.0,12.413935479816589,244.7435253414004,15.52,23.80000000000001,"South Korea, KR",0.9880175,50036226
2026-09-07T11:54:52.013189+00:00,vast.ai,marketplace,GTX 1650,0.053611111111111116,1,4.0,1.2522539465998532,23.35810470341695,11.75,6.4158156276981515,"Oregon, US",0.9850794,50115693
2026-09-07T11:54:52.013189+00:00,vast.ai,marketplace,RTX 3060,0.05159259259259259,1,12.0,12.04541429711627,233.47177747461544,15.63,349.5,"Poland, PL",0.9977525,45601904
2026-09-07T11:54:52.013189+00:00,vast.ai,marketplace,GTX 1070 Ti,0.052055555555555556,1,8.0,3.1639660771116267,60.780564981866895,10.46,178.66666666666666,"South Korea, KR",0.9972837,43057529
2026-09-07T11:54:52.013189+00:00,vast.ai,marketplace,RTX 3060,0.052055555555555556,1,12.0,12.26689919347755,235.65014459188464,125.56,1565.8,"Romania, RO",0.9960182,50102640
2026-09-07T11:54:52.013189+00:00,vast.ai,marketplace,RTX 3060,0.054259259259259264,1,12.0,12.061237292319248,222.28901494376768,15.65,82.0,"Romania, RO",0.9979457,42699570
2026-09-07T11:54:52.013189+00:00,vast.ai,marketplace,Quadro P4000,0.05472222222222223,1,8.0,2.0836915595552954,38.077612255832804,30.91,495.0,"Romania, RO",0.997312,44056938
2026-09-07T11:54:52.013189+00:00,vast.ai,marketplace,GTX 1080 Ti,0.05472222222222223,1,11.0,5.316102491579529,97.14705060754468,18.85,24.0,"Quebec, CA",0.9979589,49328818
2026-09-07T11:54:52.013189+00:00,vast.ai,marketplace,GTX 1080 Ti,0.05472222222222223,1,11.0,5.212453494822205,95.25295726578649,62.66,41.0,"South Korea, KR",0.9978262,49396017
2026-09-07T11:54:52.013189+00:00,vast.ai,marketplace,GTX 1080 Ti,0.05472222222222223,1,11.0,5.384292621025136,98.39316464817506,31.29,70.0,"South Korea, KR",0.998429,37709426
2026-09-07T11:54:52.013189+00:00,vast.ai,marketplace,Titan Xp,0.05472222222222223,1,12.0,5.757466410549852,105.21258415218003,8.96,100.57142857142857,"South Korea, KR",0.9964427,32784727
2026-09-07T11:54:52.013189+00:00,vast.ai,marketplace,Titan Xp,0.05472222222222223,1,12.0,5.757466410549852,105.21258415218003,18.85,24.0,"Quebec, CA",0.9979589,49328820
2026-09-07T11:54:52.013189+00:00,vast.ai,marketplace,GTX TITAN X,0.05472222222222223,1,12.0,3.355057349444435,61.31069268020287,15.51,154.0,"South Korea, KR",0.9916641,47194499
2026-09-07T11:54:52.013189+00:00,vast.ai,marketplace,GTX TITAN X,0.05472222222222223,1,12.0,3.355057349444435,61.31069268020287,15.5,161.0,"South Korea, KR",0.9943295,48612705
2026-09-07T11:54:52.013189+00:00,vast.ai,marketplace,GTX TITAN X,0.05472222222222223,1,12.0,3.355057349444435,61.31069268020287,15.5,134.0,"South Korea, KR",0.9878533,49183619
2026-09-07T11:54:52.013189+00:00,vast.ai,marketplace,RTX 3060,0.05472222222222223,1,12.0,12.406307808405456,226.7142543668002,31.18,53.18260155965626,"South Korea, KR",0.9961656,43057835
2026-09-07T11:54:52.013189+00:00,vast.ai,marketplace,RTX 3060,0.05472222222222223,1,12.0,12.272867045677101,224.2757429666881,22.03,100.47000000000001,"Quebec, CA",0.9977212,49605664
2026-09-07T11:54:52.013189+00:00,vast.ai,marketplace,RTX 3060,0.05472222222222223,1,12.0,12.265403621581047,224.139355521278,15.46,27.032939337019883,"South Korea, KR",0.9733905,49061660
2026-09-07T11:54:52.013189+00:00,vast.ai,marketplace,RTX 3060,0.05472222222222223,1,12.0,12.337738291774793,225.46120736238197,25.15,239.37152058999948,"Quebec, CA",0.878983,48147863
2026-09-07T11:54:52.013189+00:00,vast.ai,marketplace,RTX 3060,0.05472222222222223,1,12.0,12.26615158836682,224.1530239498505,15.72,129.13750000000005,"California, US",0.9883041,34596400
2026-09-07T11:54:52.013189+00:00,vast.ai,marketplace,RTX 2070,0.05472222222222223,1,8.0,4.104189194763423,75.00041168095595,7.77,196.65,"South Korea, KR",0.995845,49868123
2026-09-07T11:54:52.013189+00:00,vast.ai,marketplace,RTX 2070,0.05472222222222223,1,8.0,4.104189194763423,75.00041168095595,7.77,196.0,"South Korea, KR",0.9978441,49864038
2026-09-07T11:54:52.013189+00:00,vast.ai,marketplace,RTX 3060 Ti,0.05472222222222223,1,8.0,13.777221262848961,251.7664799302348,18.85,24.0,"Quebec, CA",0.9979589,49328822
2026-09-07T11:54:52.013189+00:00,vast.ai,marketplace,Quadro P4000,0.055648148148148155,1,8.0,2.0836915595552954,37.44404133643459,23.56,279.825,"United States, US",0.9826549,50141339
2026-09-07T11:54:52.013189+00:00,vast.ai,marketplace,RTX 3070,0.055648148148148155,1,8.0,16.281633360172783,292.58176420942766,31.18,257.5,"Vietnam, VN",0.9903668,49948874
2026-09-07T11:54:52.013189+00:00,vast.ai,marketplace,Quadro P4000,0.05611111111111111,1,8.0,2.0836915595552954,37.13509710098546,31.44,239.0,"Nevada, US",0.9949667,48453750
2026-09-07T11:54:52.013189+00:00,vast.ai,marketplace,GTX 1660 S,0.05738888888888889,1,6.0,1.688020135306153,29.413710005334707,15.61,163.5,"Vietnam, VN",0.9973547,31605643
2026-09-07T11:54:52.013189+00:00,vast.ai,marketplace,RTX 3060,0.05831481481481482,1,12.0,12.610040356754828,216.2407682644524,31.42,22.5,"Wisconsin, US",0.9993011,45640327
2026-09-07T11:54:52.013189+00:00,vast.ai,marketplace,RTX 3060,0.06005555555555555,1,12.0,12.337460403838445,205.43412328315637,15.65,116.25,"Texas, US",0.9963693,45760394
2026-09-07T11:54:52.013189+00:00,vast.ai,marketplace,RTX 2060,0.060277777777777784,1,12.0,3.941650081068745,65.39142991634783,8.96,134.41428571428577,"South Korea, KR",0.9960784,35050674
2026-09-07T11:54:52.013189+00:00,vast.ai,marketplace,RTX 3060,0.06092592592592593,1,12.0,12.265403621581047,201.31665518704452,31.26,755.0,"Poland, PL",0.9994937,48642328
2026-09-07T11:54:52.013189+00:00,vast.ai,marketplace,RTX 3060,0.06092592592592593,1,12.0,12.335948398435573,202.47453298344098,15.63,345.5,"Poland, PL",0.9984175,45602526
2026-09-07T11:54:52.013189+00:00,vast.ai,marketplace,RTX 3060,0.06092592592592593,1,12.0,12.458735858081765,204.489889463956,15.64,351.5,"Poland, PL",0.9984215,45598450
2026-09-07T11:54:52.013189+00:00,vast.ai,marketplace,GTX 1080 Ti,0.061388888888888896,1,11.0,5.1919013571606385,84.57395875917781,15.59,196.2,"South Korea, KR",0.9929385,50020019
2026-09-07T11:54:52.013189+00:00,vast.ai,marketplace,GTX 1080 Ti,0.061388888888888896,1,11.0,5.212453494822205,84.90874471203591,8.96,109.71428571428571,"South Korea, KR",0.9976995,48484207
2026-09-07T11:54:52.013189+00:00,vast.ai,marketplace,GTX 1080 Ti,0.061388888888888896,1,11.0,5.212453494822205,84.90874471203591,7.73,182.0,"South Korea, KR",0.9953564,50029618
2026-09-07T11:54:52.013189+00:00,vast.ai,marketplace,GTX 1080 Ti,0.061388888888888896,1,11.0,5.212453494822205,84.90874471203591,15.67,402.34130077982815,"South Korea, KR",0.989967,47444989
2026-09-07T11:54:52.013189+00:00,vast.ai,marketplace,Titan Xp,0.061388888888888896,1,12.0,5.757466410549852,93.78678315827813,10.46,246.55622600679067,"South Korea, KR",0.9965069,48474941
2026-09-07T11:54:52.013189+00:00,vast.ai,marketplace,RTX 3070,0.061388888888888896,1,8.0,16.280507674579923,265.2028399479082,10.42,240.0,"France, FR",0.9980764,47700170
2026-09-07T11:54:52.013189+00:00,vast.ai,marketplace,RTX 2060,0.061388888888888896,1,12.0,3.941650081068745,64.20787462374426,10.46,255.5,"South Korea, KR",0.9864029,49698947
2026-09-07T11:54:52.013189+00:00,vast.ai,marketplace,RTX 2070S,0.061388888888888896,1,8.0,4.701597091193644,76.58710193799601,15.52,166.0,"South Korea, KR",0.9655374,50038031
2026-09-07T11:54:52.013189+00:00,vast.ai,marketplace,RTX 2070,0.061388888888888896,1,8.0,4.104189194763423,66.85557059343132,7.82,374.575,"South Korea, KR",0.956645,48462307
2026-09-07T11:54:52.013189+00:00,vast.ai,marketplace,RTX 3060 Ti,0.061388888888888896,1,8.0,13.782804006534729,224.5162643598417,31.28,66.30000000000001,"Romania, RO",0.9970905,50121254
2026-09-07T11:54:52.013189+00:00,vast.ai,marketplace,RTX 3060,0.06185185185185186,1,12.0,12.26615158836682,198.31502568018212,31.44,301.0,"United States, US",0.997206,19911148
2026-09-07T11:54:52.013189+00:00,vast.ai,marketplace,GTX 1080 Ti,0.06538888888888889,1,11.0,5.212453494822205,79.71466687068794,8.96,217.0,"South Korea, KR",0.9880295,47868291
2026-09-07T11:54:52.013189+00:00,vast.ai,marketplace,RTX 2060S,0.06538888888888889,1,8.0,3.98692664634161,60.97254004600593,31.22,290.4713300793703,"Vietnam, VN",0.9948334,25469153
2026-09-07T11:54:52.013189+00:00,vast.ai,marketplace,RTX 3060 laptop,0.06718518518518521,1,12.0,12.78187728671498,190.2484491407411,15.59,395.5,"New Zealand, NZ",0.9967318,46581857
2026-09-07T11:54:52.013189+00:00,vast.ai,marketplace,RTX A4000,0.06759259259259259,1,15.99,19.58776071148011,289.7915283342263,41.93,72.66666666666666,"Japan, JP",0.9594215,49635424
2026-09-07T11:54:52.013189+00:00,vast.ai,marketplace,RTX 3080 Ti,0.06759259259259259,1,12.0,32.88915099000583,486.5792201261137,15.62,120.5,"Ukraine, UA",0.9641752,27032912
2026-09-07T11:54:52.013189+00:00,vast.ai,marketplace,Tesla V100,0.06768518518518518,1,16.0,20.174061839263175,298.0572747798116,20.91,198.0,"Malaysia, MY",0.9863293,50070987
2026-09-07T11:54:52.013189+00:00,vast.ai,marketplace,RTX 4070,0.06805555555555555,1,11.99,2.8367280625769338,41.682534797048824,41.92,72.66666666666666,"United Kingdom, GB",0.9912559,35125841
2026-09-07T11:54:52.013189+00:00,vast.ai,marketplace,RTX 3070,0.06805555555555555,1,8.0,16.399724488826596,240.97554350928877,31.43,141.525,"Quebec, CA",0.9995216,38525269
2026-09-07T11:54:52.013189+00:00,vast.ai,marketplace,RTX 3070,0.06805555555555555,1,8.0,16.277128119288,239.17412746708902,62.83,243.3,"Texas, US",0.9723716,49968680
2026-09-07T11:54:52.013189+00:00,vast.ai,marketplace,RTX 3060,0.06805555555555555,1,12.0,12.33670458367849,181.27402653568396,15.59,355.5,"Florida, US",0.9654621,49921191
2026-09-07T11:54:52.013189+00:00,vast.ai,marketplace,RTX 3060,0.06805555555555555,1,12.0,12.41317436446121,182.3976641308586,15.61,166.87542270203585,"Vietnam, VN",0.9942975,31603382
2026-09-07T11:54:52.013189+00:00,vast.ai,marketplace,RTX 3060,0.06805555555555555,1,12.0,12.546474106930363,184.3563542242829,31.26,1564.1,"South Korea, KR",0.9993215,47774858
2026-09-07T11:54:52.013189+00:00,vast.ai,marketplace,RTX 3060,0.06805555555555555,1,12.0,12.546474106930363,184.3563542242829,31.26,778.0,"South Korea, KR",0.9988971,47774834
2026-09-07T11:54:52.013189+00:00,vast.ai,marketplace,RTX 3060,0.06805555555555555,1,12.0,12.407072230538473,182.308000122198,31.26,80.0,"France, FR",0.9959177,45783662
2026-09-07T11:54:52.013189+00:00,vast.ai,marketplace,RTX 2080 Ti,0.06805555555555555,1,11.0,8.666419931501098,127.34331327919982,15.66,162.875,"Hong Kong, HK",0.9628038,48393009
2026-09-07T11:54:52.013189+00:00,vast.ai,marketplace,GTX 1660 Ti,0.06805555555555555,1,6.0,2.54473177213438,37.39197705993375,15.51,88.40000000000029,"Japan, JP",0.9626495,49175569
2026-09-07T11:54:52.013189+00:00,vast.ai,marketplace,RTX 3060 laptop,0.06851851851851852,1,12.0,12.78187728671498,186.54631715746186,15.59,360.5,"New Zealand, NZ",0.9968449,46071109
2026-09-07T11:54:52.013189+00:00,vast.ai,marketplace,RTX A2000,0.06898148148148148,1,5.99,8.575741297328419,124.31947115590192,62.89,722.75,"Norway, NO",0.9986503,29318080
2026-09-07T11:54:52.013189+00:00,vast.ai,marketplace,GTX 1660,0.06898148148148148,1,6.0,2.2840734829747817,33.11140082701697,62.93,315.2,"United Kingdom, GB",0.9970868,43339011
2026-09-07T11:54:52.013189+00:00,vast.ai,marketplace,RTX 5060,0.06898148148148148,1,7.96,28.556792571464417,413.97766412324256,20.96,227.16666666666666,"United States, US",0.9928177,50138878
2026-09-07T11:54:52.013189+00:00,vast.ai,marketplace,RTX 3070,0.06944444444444445,1,8.0,16.280507674579923,234.4393105139509,23.59,180.15,"Hong Kong, HK",0.9976352,50148850
2026-09-07T11:54:52.013189+00:00,vast.ai,marketplace,RTX 4070S,0.06944444444444445,1,11.99,34.71010035274704,499.82544507955737,19.62,348.525,"United States, US",0.9826205,47867589
2026-09-07T11:54:52.013189+00:00,vast.ai,marketplace,GTX 1660 Ti,0.06944444444444445,1,6.0,2.4740447784639805,35.62624480988132,62.93,338.5,"United Kingdom, GB",0.9976956,46831476
2026-09-07T11:54:52.013189+00:00,vast.ai,marketplace,RTX 3060 laptop,0.07118518518518518,1,12.0,12.782884360734636,179.5722568885719,31.32,175.5,"New Zealand, NZ",0.9976671,49633820
2026-09-07T11:54:52.013189+00:00,vast.ai,marketplace,RTX 2080 Ti,0.07205555555555555,1,11.0,9.09974092807615,126.28784634184325,25.15,233.01999999999998,"Quebec, CA",0.9978423,47984766
2026-09-07T11:54:52.013189+00:00,vast.ai,marketplace,RTX 3060 laptop,0.07251851851851852,1,12.0,12.78187728671498,176.25673480148336,31.32,354.5,"New Zealand, NZ",0.9957629,48347454
2026-09-07T11:54:52.013189+00:00,vast.ai,marketplace,RTX 4060 Ti,0.07268518518518519,1,16.0,22.535055162917324,310.03642771911734,31.47,175.625,", US",0.9922505,42171819
2026-09-07T11:54:52.013189+00:00,vast.ai,marketplace,RTX A4000,0.07292592592592592,1,15.99,21.189996229700604,290.56876495780415,62.7,921.1500000000001,"Japan, JP",0.9977124,43086110
2026-09-07T11:54:52.013189+00:00,vast.ai,marketplace,Q RTX 4000,0.07472222222222222,1,8.0,4.104189194763423,54.92595204887853,7.67,100.0,"Spain, ES",0.967875,48583412
2026-09-07T11:54:52.013189+00:00,vast.ai,marketplace,RTX 3060,0.07490740740740741,1,12.0,12.659374334649373,169.0003001411783,15.62,278.0,"Poland, PL",0.9956021,50130287
2026-09-07T11:54:52.013189+00:00,vast.ai,marketplace,RTX A4000,0.07496296296296295,1,15.99,21.178766442627047,282.5230701338589,15.69,2124.5,"Quebec, CA",0.998257,19031535
2026-09-07T11:54:52.013189+00:00,vast.ai,marketplace,RTX A4000,0.07692592592592593,1,15.99,19.616057330885447,254.99930088295957,41.93,111.64999999999999,"Japan, JP",0.9625649,49634065
2026-09-07T11:54:52.013189+00:00,vast.ai,marketplace,RTX A4000,0.07703703703703704,1,15.99,21.191598078871984,275.08324429304975,20.96,1556.0,"Quebec, CA",0.996411,18976388
2026-09-07T11:54:52.013189+00:00,vast.ai,marketplace,RTX 5060 Ti,0.07894444444444444,1,15.93,38.43516708680588,486.86348174701334,31.34,680.5,"Slovenia, SI",0.9910555,48690995
2026-09-07T11:54:52.013189+00:00,vast.ai,marketplace,RTX 3060,0.07977777777777778,1,12.0,12.26689919347755,153.76336036392473,31.44,618.2500000000001,"Texas, US",0.9791227,49591761
2026-09-07T11:54:52.013189+00:00,vast.ai,marketplace,RTX 3070,0.08009259259259259,1,8.0,16.280507674579923,203.27107848030425,31.18,247.60000000000002,"Vietnam, VN",0.9818797,49948973
2026-09-07T11:54:52.013189+00:00,vast.ai,marketplace,RTX A4000,0.08092592592592593,1,15.99,20.723927360959014,256.0851435907979,23.48,380.0,"Poland, PL",0.9993862,45603637
2026-09-07T11:54:52.013189+00:00,vast.ai,marketplace,RTX 3060,0.08115740740740741,1,12.0,12.265403621581047,151.13104291280695,31.26,294.8,"New Jersey, US",0.9989462,39458906
2026-09-07T11:54:52.013189+00:00,vast.ai,marketplace,RTX 3070,0.08138888888888889,1,8.0,16.280507674579923,200.03354139415606,31.26,353.5,"Japan, JP",0.9916785,48014409
2026-09-07T11:54:52.013189+00:00,vast.ai,marketplace,RTX 3060,0.08138888888888889,1,12.0,12.685909613945316,155.8678314341404,31.4,677.65,"Nebraska, US",0.9990829,10692455
2026-09-07T11:54:52.013189+00:00,vast.ai,marketplace,RTX 3060,0.08138888888888889,1,12.0,12.622009315137383,155.08270830885522,15.63,1649.9,"Texas, US",0.998877,41246762
2026-09-07T11:54:52.013189+00:00,vast.ai,marketplace,RTX 4070S,0.08138888888888889,1,11.99,34.704784700971466,426.4069110016972,15.68,279.1992674679168,"Sichuan, CN",0.9954971,32951705
2026-09-07T11:54:52.013189+00:00,vast.ai,marketplace,RTX 2080 Ti,0.08138888888888889,1,11.0,8.914031929543983,109.52394179644484,15.63,687.5,"Florida, US",0.9940966,39588999
2026-09-07T11:54:52.013189+00:00,vast.ai,marketplace,RTX 3070,0.08231481481481481,1,8.0,16.280507674579923,197.78344531548163,31.41,346.25,"Virginia, US",0.9985841,47711907
2026-09-07T11:54:52.013189+00:00,vast.ai,marketplace,RTX 2080 Ti,0.08231481481481481,1,11.0,8.666419931501098,105.2838416875274,15.62,288.5,"Vietnam, VN",0.9956114,40187095
2026-09-07T11:54:52.013189+00:00,vast.ai,marketplace,RTX 4060 Ti,0.08231481481481481,1,16.0,22.50490209483634,273.400385404086,23.54,334.1,"United States, US",0.988158,47543121
2026-09-07T11:54:52.013189+00:00,vast.ai,marketplace,RTX 2080 Ti,0.08672222222222221,1,22.0,11.045877624506199,127.37078618905291,17.97,157.57142857142856,"Thailand, TH",0.9384234,42378426
2026-09-07T11:54:52.013189+00:00,vast.ai,marketplace,RTX 3080,0.08680555555555555,1,10.0,27.248071252709792,313.89778083121683,15.69,351.0,"Hong Kong, HK",0.9889458,48836270
2026-09-07T11:54:52.013189+00:00,vast.ai,marketplace,RTX 4060 Ti,0.08680555555555555,1,16.0,22.510935115624875,259.32597253199856,23.57,263.37681206798374,"Jiangsu, CN",0.9656109,49517347
2026-09-07T11:54:52.013189+00:00,vast.ai,marketplace,RTX 4060,0.08718518518518519,1,8.0,15.653315498872239,179.54100189870454,15.62,345.0,"New Zealand, NZ",0.9922913,47696169
2026-09-07T11:54:52.013189+00:00,vast.ai,marketplace,RTX 3060,0.08731481481481482,1,12.0,12.47802773029457,142.90848301928034,62.91,2902.175,"Quebec, CA",0.9883179,49744840
2026-09-07T11:54:52.013189+00:00,vast.ai,marketplace,Titan V,0.08805555555555555,1,12.0,21.927781429603275,249.02212349076274,15.59,379.0,"South Korea, KR",0.9970805,43056230
2026-09-07T11:54:52.013189+00:00,vast.ai,marketplace,RTX 5060 Ti,0.08805555555555555,1,15.93,38.375975201203396,435.81549124395025,30.38,353.25,"Switzerland, CH",0.9885994,49012217
2026-09-07T11:54:52.013189+00:00,vast.ai,marketplace,RTX 5060 Ti,0.08805555555555555,1,15.93,38.375975201203396,435.81549124395025,47.2,348.75,"Switzerland, CH",0.9900742,49006546
2026-09-07T11:54:52.013189+00:00,vast.ai,marketplace,RTX 4060 Ti,0.09136111111111112,1,16.0,22.492832436120686,246.19701055042404,125.78,729.0,"Vietnam, VN",0.9987511,48921053
2026-09-07T11:54:52.013189+00:00,vast.ai,marketplace,RTX 5060 Ti,0.09140740740740741,1,15.93,38.83188327565067,424.82206176765317,15.7,312.5011378513811,"British Columbia, CA",0.9957243,46481724
2026-09-07T11:54:52.013189+00:00,vast.ai,marketplace,RTX 3060 Ti,0.09385185185185187,1,8.0,13.77861855750952,146.81243135467915,15.62,256.6500000000001,"New Zealand, NZ",0.9582025,49511512
2026-09-07T11:54:52.013189+00:00,vast.ai,marketplace,RTX A4000,0.09425925925925926,1,15.99,21.189996229700604,224.80546098307124,23.48,295.0,"The Netherlands, NL",0.9983759,36172986
2026-09-07T11:54:52.013189+00:00,vast.ai,marketplace,RTX A4000,0.09425925925925926,1,15.99,16.904277138929963,179.33810717135913,23.48,342.5,"Poland, PL",0.9990763,45600587
2026-09-07T11:54:52.013189+00:00,vast.ai,marketplace,RTX A4000,0.09425925925925926,1,15.99,20.434457624712696,216.7899237199382,15.64,226.0,"Poland, PL",0.9994958,47628560
2026-09-07T11:54:52.013189+00:00,vast.ai,marketplace,RTX A4000,0.09425925925925926,1,15.99,20.438513856242103,216.8329564316451,15.64,346.5,"Poland, PL",0.9995035,45598788
2026-09-07T11:54:52.013189+00:00,vast.ai,marketplace,RTX A4000,0.09425925925925926,1,15.99,20.2951281031988,215.31177162529175,23.49,137.5,"Poland, PL",0.998034,49383453
2026-09-07T11:54:52.013189+00:00,vast.ai,marketplace,RTX 4060 Ti,0.09430644192592595,1,16.0,22.535055162917324,238.9556291458619,23.57,188.8625,"California, US",0.9383727,49904908
2026-09-07T11:54:52.013189+00:00,vast.ai,marketplace,RTX 3070 Ti,0.09453703703703704,1,8.0,18.313692484189414,193.71976378966272,23.54,2274.945621414297,"South Carolina, US",0.9771489,47975554
2026-09-07T11:54:52.013189+00:00,vast.ai,marketplace,RTX 3060,0.09462962962962963,1,12.0,12.249612301992684,129.44795779013796,15.63,1435.3000000000002,"New Jersey, US",0.996747,44021691
2026-09-07T11:54:52.013189+00:00,vast.ai,marketplace,RTX 4070,0.09472222222222222,1,11.99,33.65229434678948,355.2734887051089,23.56,187.5,"Fujian, CN",0.9974918,34049710
2026-09-07T11:54:52.013189+00:00,vast.ai,marketplace,RTX 4060 Ti,0.09472222222222222,1,8.0,17.522568258704627,184.988990414477,62.69,396.0,"Kentucky, US",0.9975595,13544719
2026-09-07T11:54:52.013189+00:00,vast.ai,marketplace,RTX 3080,0.09472222222222222,1,10.0,27.041773761277664,285.485001585336,15.59,174.5,"South Korea, KR",0.9960604,48273978
2026-09-07T11:54:52.013189+00:00,vast.ai,marketplace,RTX 4060 Ti,0.09472222222222222,1,16.0,22.535055162917324,237.90674072288084,19.43,343.0,"Kentucky, US",0.9843253,40407013
2026-09-07T11:54:52.013189+00:00,vast.ai,marketplace,RTX 4060 Ti,0.09472222222222222,1,16.0,22.639250935002206,239.00675473902623,31.18,357.0,"Kentucky, US",0.9948641,37529335
2026-09-07T11:54:52.013189+00:00,vast.ai,marketplace,RTX 4060 Ti,0.09472222222222222,1,16.0,22.626965166069397,238.87705160659775,15.63,214.0,"Ireland, IE",0.9848441,50049740
2026-09-07T11:54:52.013189+00:00,vast.ai,marketplace,RTX 3060 Ti,0.09477777777777778,1,8.0,11.27033794717717,118.91329604290097,15.56,330.2,"Argentina, AR",0.9972403,20690878
2026-09-07T11:54:52.013189+00:00,vast.ai,marketplace,RTX 4070,0.09518518518518519,1,11.99,34.20498319921441,359.35196357151324,31.42,394.825,"Alberta, CA",0.9965581,45498591
2026-09-07T11:54:52.013189+00:00,vast.ai,marketplace,GTX 1660 Ti,0.09518518518518519,1,6.0,2.52706002371678,26.54887962659652,15.49,759.4,"Florida, US",0.9939648,49898905
2026-09-07T11:54:52.013189+00:00,vast.ai,marketplace,RTX 5060 Ti,0.09518518518518519,1,15.93,38.3076188761938,402.453583524215,62.88,231.52562029370637,"Florida, US",0.9969774,46505661
2026-09-07T11:54:52.013189+00:00,vast.ai,marketplace,Tesla P100,0.09564814814814815,1,16.0,6.489584450329015,67.84851119414652,39.01,579.925,"Texas, US",0.9687809,48981926
2026-09-07T11:54:52.013189+00:00,vast.ai,marketplace,RTX 4060 Ti,0.09761111111111112,1,16.0,22.535055162917324,230.86567611412167,31.35,355.5,"Norway, NO",0.9862691,48216963
2026-09-07T11:54:52.013189+00:00,vast.ai,marketplace,RTX 4070S,0.09935185185185186,1,11.99,34.72072986113998,349.4723974839811,11.78,369.2375,", US",0.9950225,44275545
2026-09-07T11:54:52.013189+00:00,vast.ai,marketplace,RTX 4070S,0.09935185185185186,1,11.99,34.76690296644834,349.93714076201496,11.78,146.625,", US",0.9873671,39568830
2026-09-07T11:54:52.013189+00:00,vast.ai,marketplace,RTX 5060 Ti,0.1007037037037037,1,15.93,38.375975201203396,381.0780913690665,21.98,219.4,"Denmark, DK",0.9983452,36415232
2026-09-07T11:54:52.013189+00:00,vast.ai,marketplace,RTX 3070,0.10092592592592592,1,8.0,16.4191418619224,162.6850753291394,31.41,200.0,"British Columbia, CA",0.999072,32999046
2026-09-07T11:54:52.013189+00:00,vast.ai,marketplace,RTX 3070,0.10138888888888888,1,8.0,16.620222247918274,163.92547970549532,31.36,682.5,"Florida, US",0.9992848,39588782
2026-09-07T11:54:52.013189+00:00,vast.ai,marketplace,RTX 5060 Ti,0.10147222222222221,1,15.93,38.38963549353913,378.32654743153813,15.54,329.0,"Virginia, US",0.9968796,40256217
2026-09-07T11:54:52.013189+00:00,vast.ai,marketplace,RTX 5060 Ti,0.10405555555555555,1,15.93,33.53802635844803,322.3088491468577,27.47,269.75,"Taiwan, TW",0.9933407,41702074
2026-09-07T11:54:52.013189+00:00,vast.ai,marketplace,RTX A4000,0.1063148148148148,1,15.99,21.193199327537638,199.34380137380813,39.26,353.2238114349676,"Estonia, EE",0.9955239,46119328
2026-09-07T11:54:52.013189+00:00,vast.ai,marketplace,RTX 3060,0.10662962962962963,1,12.0,12.265403621581047,115.02809926456696,31.45,718.25,"Texas, US",0.9978953,29182840
2026-09-07T11:54:52.013189+00:00,vast.ai,marketplace,Tesla P40,0.10672222222222222,1,24.0,5.87904,55.08730869338886,62.81,692.75,"Thailand, TH",0.9933724,47185196
2026-09-07T11:54:52.013189+00:00,vast.ai,marketplace,RTX 3080,0.1075925925925926,1,10.0,27.112868686745884,251.99568142586534,31.34,232.0,"Quebec, CA",0.9973714,45587623
2026-09-07T11:54:52.013189+00:00,vast.ai,marketplace,RTX 5060 Ti,0.1079537037037037,1,15.93,32.956068773411396,305.2796489860563,31.27,154.0,"Romania, RO",0.981658,49310986
2026-09-07T11:54:52.013189+00:00,vast.ai,marketplace,RTX 4070,0.10805555555555556,1,11.99,33.73777018282411,312.22615079220253,20.96,101.83333333333333,"Washington, US",0.9992764,16213984
2026-09-07T11:54:52.013189+00:00,vast.ai,marketplace,RTX A4000,0.10805555555555556,1,15.99,21.175552507977233,195.9691234671415,17.95,366.1060798694744,"Michigan, US",0.9788989,46301466
2026-09-07T11:54:52.013189+00:00,vast.ai,marketplace,RTX A4000,0.10805555555555556,1,15.99,21.189996229700604,196.10279287126522,23.57,108.0,"Delaware, US",0.9980773,48328449
2026-09-07T11:54:52.013189+00:00,vast.ai,marketplace,RTX A4000,0.10805555555555556,1,15.99,21.193199327537638,196.13243593608095,31.2,109.5,"Romania, RO",0.9956211,45565872
2026-09-07T11:54:52.013189+00:00,vast.ai,marketplace,RTX 4070S,0.10805555555555556,1,11.99,34.71010035274704,321.22457909997263,15.46,337.0,"Bulgaria, BG",0.9960761,43944522
2026-09-07T11:54:52.013189+00:00,vast.ai,marketplace,RTX 4070S,0.10805555555555556,1,11.99,34.704784700971466,321.175385407448,31.35,371.4,"Ontario, CA",0.9811403,44231987
2026-09-07T11:54:52.013189+00:00,vast.ai,marketplace,RTX 3080,0.10805555555555556,1,10.0,26.89354027486059,248.88623390616485,15.63,165.0,"Jordan, JO",0.9344241,49909728
2026-09-07T11:54:52.013189+00:00,vast.ai,marketplace,RTX 3080,0.10805555555555556,1,10.0,24.978624954906547,231.1646525389809,15.58,193.63333333333333,"Utah, US",0.9890205,50102831
2026-09-07T11:54:52.013189+00:00,vast.ai,marketplace,RTX 3080 Ti,0.10805555555555556,1,12.0,34.934210909689966,323.2986099611411,31.26,171.0,"Oregon, US",0.9539985,38474894
2026-09-07T11:54:52.013189+00:00,vast.ai,marketplace,RTX 5060 Ti,0.10805555555555556,1,15.93,38.50384941987168,356.33382496539343,62.88,384.0,"Malaysia, MY",0.9878213,48597476
2026-09-07T11:54:52.013189+00:00,vast.ai,marketplace,RTX 5060 Ti,0.10805555555555556,1,15.93,38.36231125551517,355.0239602052818,62.64,291.0,"Spain, ES",0.9878484,49817855
2026-09-07T11:54:52.013189+00:00,vast.ai,marketplace,RTX 4060 Ti,0.10898148148148148,1,16.0,22.602745180137415,207.39987081179615,62.96,142.66250000000002,"Norway, NO",0.9985902,31011001
2026-09-07T11:54:52.013189+00:00,vast.ai,marketplace,RTX 3080,0.11047222222222222,1,10.0,27.543325069306945,249.32353595550669,20.55,119.66666666666666,"France, FR",0.9579131,47316816
2026-09-07T11:54:52.013189+00:00,vast.ai,marketplace,RTX 3080 Ti,0.11072222222222222,1,12.0,34.17557028348966,308.6604441057772,37.72,221.66935401867386,"Quebec, CA",0.9992265,48624484
2026-09-07T11:54:52.013189+00:00,vast.ai,marketplace,RTX 3080,0.11129629629629631,1,10.0,26.95410481285339,242.183304474889,14.78,1329.0,"Illinois, US",0.9978243,40730744
2026-09-07T11:54:52.013189+00:00,vast.ai,marketplace,RTX 3080 Ti,0.11205555555555556,1,12.0,34.31485418448977,306.230726485283,50.35,101.18,"Quebec, CA",0.9992314,36659113
2026-09-07T11:54:52.013189+00:00,vast.ai,marketplace,RTX 3090,0.1126851851851852,1,24.0,43.04262107493062,381.9723152089159,35.98,139.14285714285714,", US",0.9898522,48373629
2026-09-07T11:54:52.013189+00:00,vast.ai,marketplace,RTX 3090,0.1126851851851852,1,24.0,44.369958247214115,393.7514782825903,31.47,91.125,", US",0.9862998,45465074
2026-09-07T11:54:52.013189+00:00,vast.ai,marketplace,RTX 3090,0.1126851851851852,1,24.0,43.90580989802932,389.6324953974664,35.98,170.0806709188369,"California, US",0.939354,49828253
2026-09-07T11:54:52.013189+00:00,vast.ai,marketplace,RTX 3090,0.1126851851851852,1,24.0,44.84166420172791,397.9375294812337,53.96,368.71428571428567,", US",0.9865207,48317503
2026-09-07T11:54:52.013189+00:00,vast.ai,marketplace,RTX 3090,0.1126851851851852,1,24.0,44.35549918675223,393.6231645167823,23.59,326.125,", US",0.9880944,43751728
2026-09-07T11:54:52.013189+00:00,vast.ai,marketplace,RTX 3090,0.1126851851851852,1,24.0,44.3633895822079,393.69318610340616,31.44,335.875,"United States, US",0.4879948,49509918
2026-09-07T11:54:52.013189+00:00,vast.ai,marketplace,RTX 3090,0.1126851851851852,1,24.0,44.35286711381634,393.59980676188695,31.46,380.45,"California, US",0.9811237,44375068
2026-09-07T11:54:52.013189+00:00,vast.ai,marketplace,RTX 5070,0.1131111111111111,1,11.94,50.17368149912717,443.5787165934622,15.58,724.0,"Missouri, US",0.9972573,44455690
2026-09-07T11:54:52.013189+00:00,vast.ai,marketplace,RTX 3080 Ti,0.11472222222222223,1,12.0,32.05374802357249,279.4031304718183,31.22,203.374927409784,"Ukraine, UA",0.9883276,46729089
2026-09-07T11:54:52.013189+00:00,vast.ai,marketplace,RTX 5070 Ti,0.11472222222222223,1,15.92,49.30247256343702,429.75520878540743,15.67,108.0,"South Korea, KR",0.9966649,38752056
2026-09-07T11:54:52.013189+00:00,vast.ai,marketplace,RTX 5060 Ti,0.11472222222222223,1,15.93,38.873669107392224,338.85038447121553,31.46,413.875,"Connecticut, US",0.9580323,49816740
2026-09-07T11:54:52.013189+00:00,vast.ai,marketplace,RTX 5060 Ti,0.11657407407407408,1,15.93,38.355477911679834,329.0223681065466,31.17,694.5,"Spain, ES",0.9474615,50053531
2026-09-07T11:54:52.013189+00:00,vast.ai,marketplace,RTX 5060 Ti,0.11711111111111111,1,15.93,38.38963549353913,327.8052366620988,62.82,728.5,"Ukraine, UA",0.9950672,47065423
2026-09-07T11:54:52.013189+00:00,vast.ai,marketplace,RTX 4060 Ti,0.1187222222222222,1,16.0,22.516966931916716,189.6609287667295,62.89,600.5616808265737,"Quebec, CA",0.9982178,49645022
2026-09-07T11:54:52.013189+00:00,vast.ai,marketplace,RTX 5060 Ti,0.12115740740740742,1,15.93,38.3691436852251,316.6883850213458,31.25,684.0,"New Jersey, US",0.997786,45234936
2026-09-07T11:54:52.013189+00:00,vast.ai,marketplace,RTX 5060 Ti,0.12115740740740742,1,15.93,38.42377026159708,317.13925779537516,23.38,412.0233616531475,"New Jersey, US",0.995797,44747196
2026-09-07T11:54:52.013189+00:00,vast.ai,marketplace,RTX A4000,0.1213888888888889,1,15.99,21.189996229700604,174.56289800211024,18.17,105.0,"Delaware, US",0.9991022,46653907
2026-09-07T11:54:52.013189+00:00,vast.ai,marketplace,RTX 4070 Ti,0.1213888888888889,1,11.99,35.679431143168415,293.92666387964823,62.83,333.5,"Texas, US",0.9817035,47900264
2026-09-07T11:54:52.013189+00:00,vast.ai,marketplace,RTX 3060 Ti,0.1213888888888889,1,8.0,13.782107101098495,113.53680907083428,110.12,124.25,"Massachusetts, US",0.9887324,46460412
2026-09-07T11:54:52.013189+00:00,vast.ai,marketplace,RTX 3060 Ti,0.1213888888888889,1,8.0,13.93294757671982,114.77943083796649,94.31,148.25,"Massachusetts, US",0.9685599,47798929
2026-09-07T11:54:52.013189+00:00,vast.ai,marketplace,RTX 3080 Ti,0.1213888888888889,1,12.0,34.93215036235967,287.77057506749384,31.26,687.0,"Oregon, US",0.9890177,38475407
2026-09-07T11:54:52.013189+00:00,vast.ai,marketplace,RTX 5070 Ti,0.1213888888888889,1,15.92,75.85262324627291,624.8728688480148,62.63,1603.0,"South Korea, KR",0.999358,47773086
2026-09-07T11:54:52.013189+00:00,vast.ai,marketplace,RTX 5060 Ti,0.1213888888888889,1,15.93,38.42377026159708,316.5344918575503,59.02,212.67577948666886,"Malaysia, MY",0.9864792,48647154
2026-09-07T11:54:52.013189+00:00,vast.ai,marketplace,RTX 5060 Ti,0.1213888888888889,1,15.93,38.545014706903494,317.53330193330106,62.96,370.6875,"Malaysia, MY",0.9878473,48591579
2026-09-07T11:54:52.013189+00:00,vast.ai,marketplace,Tesla V100,0.12277777777777779,1,32.0,23.192176196426026,188.8955527310717,39.31,242.75,"United States, US",0.9705752,47619162
2026-09-07T11:54:52.013189+00:00,vast.ai,marketplace,Tesla V100,0.12277777777777779,1,32.0,23.192176196426026,188.8955527310717,39.31,333.0,"Nevada, US",0.9619948,49757626
2026-09-07T11:54:52.013189+00:00,vast.ai,marketplace,RTX 5060 Ti,0.12462962962962965,1,15.93,38.382805803843624,307.9749648451048,31.3,334.0,"Texas, US",0.9800322,47987038
2026-09-07T11:54:52.013189+00:00,vast.ai,marketplace,RTX 5060 Ti,0.12462962962962965,1,15.93,38.63746859040913,310.0183215277998,31.32,640.0,"Texas, US",0.9879318,48664024
2026-09-07T11:54:52.013189+00:00,vast.ai,marketplace,RTX 4070S Ti,0.12601851851851853,1,15.99,51.48466217195658,408.5483846121462,23.54,283.0,"California, US",0.9583123,50022955
2026-09-07T11:54:52.013189+00:00,vast.ai,marketplace,RTX 4070S Ti,0.13083333333333333,1,15.99,50.626278494348924,386.95244709056504,31.36,133.67354906787585,"Saskatchewan, CA",0.9897108,46408966
2026-09-07T11:54:52.013189+00:00,vast.ai,marketplace,RTX 4070S Ti,0.13118518518518518,1,15.99,52.099420406333465,397.1440855367034,50.34,293.2,"Bulgaria, BG",0.991235,48740794
2026-09-07T11:54:52.013189+00:00,vast.ai,marketplace,RTX 4060 Ti,0.1320555555555556,1,16.0,22.522997544622854,170.55698603416545,62.94,324.0018120679837,"Quebec, CA",0.9975006,49744625
2026-09-07T11:54:52.013189+00:00,vast.ai,marketplace,RTX 3090,0.1333888888888889,1,24.0,44.4071560022183,332.91495545186564,25.15,92.80000000000001,"Quebec, CA",0.9505947,49607481
2026-09-07T11:54:52.013189+00:00,vast.ai,marketplace,RTX 3080,0.13425925925925924,1,10.0,26.960074480764245,200.80607199465786,31.26,750.0,"Argentina, AR",0.9978416,16764823
2026-09-07T11:54:52.013189+00:00,vast.ai,marketplace,RTX 3080,0.13425925925925924,1,10.0,25.57298330296061,190.47463425653422,31.3,797.0,"Argentina, AR",0.9963962,29430969
2026-09-07T11:54:52.013189+00:00,vast.ai,marketplace,RTX PRO 4000,0.13425925925925924,1,23.89,65.70436311526555,489.3842218240469,62.63,587.0,"France, FR",0.9368818,49903635
2026-09-07T11:54:52.013189+00:00,vast.ai,marketplace,RTX 3090,0.13472222222222222,1,24.0,34.6027344577918,256.8450392743309,31.33,391.0,"Taiwan, TW",0.9750812,49382727
2026-09-07T11:54:52.013189+00:00,vast.ai,marketplace,RTX 3070 Ti,0.13472222222222222,1,8.0,18.211237100582657,135.1761929115414,62.57,248.5,"Massachusetts, US",0.9711692,44162569
2026-09-07T11:54:52.013189+00:00,vast.ai,marketplace,RTX 4070S Ti,0.13472222222222222,1,15.99,51.20734667824677,380.0957691581204,62.83,142.5,"Texas, US",0.9911635,50108792
2026-09-07T11:54:52.013189+00:00,vast.ai,marketplace,RTX 3060,0.13472222222222222,1,12.0,12.407072230538473,92.09373202049176,31.18,1555.0,"South Korea, KR",0.9763356,49731373
2026-09-07T11:54:52.013189+00:00,vast.ai,marketplace,Titan RTX,0.13472222222222222,1,24.0,12.057292800000003,89.49743109278353,15.59,352.0,"South Korea, KR",0.9985306,33751682
2026-09-07T11:54:52.013189+00:00,vast.ai,marketplace,Titan RTX,0.13472222222222222,1,24.0,12.057292800000003,89.49743109278353,15.46,118.19999999999999,"South Korea, KR",0.9976473,48453001
2026-09-07T11:54:52.013189+00:00,vast.ai,marketplace,RTX 4060 Ti,0.13472222222222222,1,8.0,18.01660140112473,133.7314743176269,31.18,689.0,"Mexico, MX",0.9962652,49172165
2026-09-07T11:54:52.013189+00:00,vast.ai,marketplace,RTX 3080,0.13472222222222222,1,10.0,27.25720588395656,202.32152821081158,15.59,331.0,"Taiwan, TW",0.9981339,37206301
2026-09-07T11:54:52.013189+00:00,vast.ai,marketplace,RTX 3080,0.13472222222222222,1,10.0,27.16335788509094,201.6249245078915,15.59,379.0,"Taiwan, TW",0.9978385,37459479
2026-09-07T11:54:52.013189+00:00,vast.ai,marketplace,RTX 3080 Ti,0.13472222222222222,1,12.0,33.97594752269374,252.19260016844837,36.64,514.3333333333333,"Quebec, CA",0.9991547,44116404
2026-09-07T11:54:52.013189+00:00,vast.ai,marketplace,RTX 4060 Ti,0.13472222222222222,1,16.0,22.918401728513995,170.11597159309358,31.11,394.0,"The Netherlands, NL",0.9961508,49563293
2026-09-07T11:54:52.013189+00:00,vast.ai,marketplace,RTX 4060 Ti,0.13472222222222222,1,16.0,21.19488629401121,157.3228673369904,62.58,2433.0,"Utah, US",0.9949724,49984008
2026-09-07T11:54:52.013189+00:00,vast.ai,marketplace,RTX 4060 Ti,0.13472222222222222,1,16.0,22.522997544622854,167.18101270235522,125.7,509.1,"Norway, NO",0.9967199,46084498
2026-09-07T11:54:52.013189+00:00,vast.ai,marketplace,Q RTX 6000,0.13472222222222222,1,22.5,11.787989876642415,87.49848155858288,61.95,1424.0,"Pennsylvania, US",0.9794865,50015275
2026-09-07T11:54:52.013189+00:00,vast.ai,marketplace,RTX 5070 Ti,0.13472222222222222,1,15.92,75.90657225050073,563.4302270140261,61.91,1293.0,"South Korea, KR",0.590742,46849270
2026-09-07T11:54:52.013189+00:00,vast.ai,marketplace,RTX 5060 Ti,0.13564814814814816,1,15.93,38.3691436852251,282.8578510583147,31.44,641.75,"Norway, NO",0.9980229,29204620
2026-09-07T11:54:52.013189+00:00,vast.ai,marketplace,RTX 3090,0.13587962962962963,1,24.0,36.23364693070788,266.6598888256525,31.32,309.0,"Quebec, CA",0.9973598,11997121
2026-09-07T11:54:52.013189+00:00,vast.ai,marketplace,RTX 3080,0.1413888888888889,1,10.0,26.960074480764245,190.680291023087,31.14,176.0,"Argentina, AR",0.9969469,45863091
2026-09-07T11:54:52.013189+00:00,vast.ai,marketplace,RTX 3090,0.14759259259259258,1,24.0,44.35813028876885,300.5444210280449,31.25,36.79999999999984,"United Arab Emirates, AE",0.9909437,48685439
2026-09-07T11:54:52.013189+00:00,vast.ai,marketplace,RTX 3090,0.14805555555555555,1,24.0,44.84166420172791,302.8705274413142,62.89,237.6890362919485,"Croatia, HR",0.994794,46771995
2026-09-07T11:54:52.013189+00:00,vast.ai,marketplace,RTX 3090,0.14805555555555555,1,24.0,44.36864499845682,299.675651021472,31.44,266.1759931431946,"Yunnan, CN",0.991467,35580411
2026-09-07T11:54:52.013189+00:00,vast.ai,marketplace,RTX 3090,0.14805555555555555,1,24.0,44.36733150764498,299.6667794137372,31.17,1459.9,"Nevada, US",0.9081263,49784184
2026-09-07T11:54:52.013189+00:00,vast.ai,marketplace,RTX 3070,0.14805555555555555,1,8.0,16.277128119288,109.93932688449682,15.53,784.0,"Japan, JP",0.9879325,50020378
2026-09-07T11:54:52.013189+00:00,vast.ai,marketplace,RTX 4070S Ti,0.14805555555555555,1,15.99,51.28923324131734,346.41883615148674,62.51,1625.4,"Washington, US",0.9978836,49576243
2026-09-07T11:54:52.013189+00:00,vast.ai,marketplace,RTX 4000Ada,0.14805555555555555,1,20.0,31.294558411854798,211.37037576487293,41.88,519.0,"Romania, RO",0.9529652,49678386
2026-09-07T11:54:52.013189+00:00,vast.ai,marketplace,RTX 4070 Ti,0.14805555555555555,1,11.99,35.81577193212052,241.90765282482903,31.23,130.0,"Mexico, MX",0.9480112,49416186
2026-09-07T11:54:52.013189+00:00,vast.ai,marketplace,RTX 3080,0.14805555555555555,1,10.0,26.545727550420363,179.29572079083172,15.65,150.45,"Taiwan, TW",0.998674,40278911
2026-09-07T11:54:52.013189+00:00,vast.ai,marketplace,RTX 3080 Ti,0.14805555555555555,1,12.0,31.801060227062624,214.79140115839672,13.68,135.5,"Ukraine, UA",0.9880317,44146976
2026-09-07T11:54:52.013189+00:00,vast.ai,marketplace,RTX 3080 Ti,0.14805555555555555,1,12.0,34.51918464822855,233.1502152600803,15.59,284.0,"Taiwan, TW",0.9988903,39066401
2026-09-07T11:54:52.013189+00:00,vast.ai,marketplace,RTX 5070 Ti,0.14805555555555555,1,15.92,75.69735888314636,511.27672041149515,15.59,345.5,"South Korea, KR",0.9966261,43056421
2026-09-07T11:54:52.013189+00:00,vast.ai,marketplace,RTX 5070 Ti,0.14805555555555555,1,15.92,75.92005499694929,512.7808592664493,15.59,258.0,"South Korea, KR",0.9980344,43056447
2026-09-07T11:54:52.013189+00:00,vast.ai,marketplace,RTX 3060,0.14816666666666667,1,12.0,12.506938192344968,84.41128138815502,62.86,291.5,"New York, US",0.9978299,48275195
2026-09-07T11:54:52.013189+00:00,vast.ai,marketplace,RTX 3090,0.14851851851851852,1,24.0,44.600282167686146,300.30115175250023,31.24,287.0,"Spain, ES",0.9963133,30706870
2026-09-07T11:54:52.013189+00:00,vast.ai,marketplace,RTX 3090,0.14851851851851852,1,24.0,43.82333961351188,295.06986772190044,31.24,259.0,"Spain, ES",0.9959859,30705873
2026-09-07T11:54:52.013189+00:00,vast.ai,marketplace,RTX 5060 Ti,0.14851851851851852,1,15.93,38.81847938970741,261.37130761149626,62.88,115.97500000000001,"Hungary, HU",0.989649,43204475
2026-09-07T11:54:52.013189+00:00,vast.ai,marketplace,RTX 3090,0.14921296296296296,1,24.0,15.855916685254641,106.26366751520331,31.34,213.0,"Quebec, CA",0.9865551,49745163
2026-09-07T11:54:52.013189+00:00,vast.ai,marketplace,RTX 3090,0.14921296296296296,1,24.0,36.23364693070788,242.8317634822495,31.32,313.0,"Quebec, CA",0.9765664,33847859
2026-09-07T11:54:52.013189+00:00,vast.ai,marketplace,RTX 4080S,0.15054535525925924,1,15.99,55.6005979405428,369.3278869002045,23.57,305.21905462397444,"California, US",0.9888283,47959561
2026-09-07T11:54:52.013189+00:00,vast.ai,marketplace,Tesla V100,0.15083333333333335,1,32.0,25.71306491342886,170.47335854206978,94.27,718.5,"Bulgaria, BG",0.9732862,44696066
2026-09-07T11:54:52.013189+00:00,vast.ai,marketplace,RTX 3090,0.15268518518518517,1,24.0,44.3633895822079,290.55464371609787,31.47,119.89422821365673,"United States, US",0.9906198,44579218
2026-09-07T11:54:52.013189+00:00,vast.ai,marketplace,RTX 5060 Ti,0.1562777777777778,1,15.93,38.36231125551517,245.4751520082734,62.7,614.0,"Norway, NO",0.9977536,43555491
2026-09-07T11:54:52.013189+00:00,vast.ai,marketplace,RTX A2000,0.15472222222222223,1,5.99,8.574884920896874,55.42115927330116,110.01,701.0,"Denmark, DK",0.9982763,46793390
2026-09-07T11:54:52.013189+00:00,vast.ai,marketplace,RTX 5070,0.15611111111111112,1,11.94,50.1388141321627,321.1738983554906,15.26,1612.5,"Ukraine, UA",0.9896101,49788271
2026-09-07T11:54:52.013189+00:00,vast.ai,marketplace,RTX 3090,0.15651851851851853,1,24.0,44.64679718637501,285.24929579558096,41.92,173.2978415781988,"Czechia, CZ",0.9936524,18990233
2026-09-07T11:54:52.013189+00:00,vast.ai,marketplace,RTX 5060 Ti,0.15825925925925924,1,15.93,38.34180848005654,242.27213408881974,94.29,1675.8,"Quebec, CA",0.9488203,50118831
2026-09-07T11:54:52.013189+00:00,vast.ai,marketplace,RTX 3090,0.16005555555555553,1,24.0,44.35286711381634,277.1092009887866,31.44,297.25,"Thailand, TH",0.976076,49290341
2026-09-07T11:54:52.013189+00:00,vast.ai,marketplace,Tesla V100,0.16046296296296297,1,32.0,23.192176196426026,144.53289262631336,62.85,436.25,"Sri Lanka, LK",0.9972165,46568462
2026-09-07T11:54:52.013189+00:00,vast.ai,marketplace,RTX 5060 Ti,0.16046296296296297,1,15.93,38.331970505158374,238.8836015324353,62.6,1615.0,"Thailand, TH",0.9990366,45887066
2026-09-07T11:54:52.013189+00:00,vast.ai,marketplace,RTX 4080S,0.16092592592592592,1,15.99,45.1254740569873,280.4114613437646,15.64,89.5,"France, FR",0.9956347,40949835
2026-09-07T11:54:52.013189+00:00,vast.ai,marketplace,RTX 4060 Ti,0.16092592592592592,1,16.0,22.541082170323037,140.07116653595443,94.44,807.175,"Portugal, PT",0.9820301,49994858
2026-09-07T11:54:52.013189+00:00,vast.ai,marketplace,RTX 4070,0.1613888888888889,1,11.99,33.657026942060945,208.54612218832943,62.85,796.5,"California, US",0.9983854,49981502
2026-09-07T11:54:52.013189+00:00,vast.ai,marketplace,RTX 3070,0.1613888888888889,1,8.0,16.279381572723597,100.87052265370903,15.67,346.5,"Oklahoma, US",0.9919222,43271041
2026-09-07T11:54:52.013189+00:00,vast.ai,marketplace,RTX 4070S Ti,0.1613888888888889,1,15.99,51.00472990722599,316.0361921962368,31.01,1555.5,"Ontario, CA",0.9913371,44330776
2026-09-07T11:54:52.013189+00:00,vast.ai,marketplace,RTX 4060 Ti,0.1613888888888889,1,8.0,18.025958633896906,111.6926868881736,31.17,634.0,"Mexico, MX",0.9977939,40172426
2026-09-07T11:54:52.013189+00:00,vast.ai,marketplace,RTX 5070,0.1613888888888889,1,11.94,49.92922632968191,309.3721424902838,31.26,315.9,"France, FR",0.9943384,47117052
2026-09-07T11:54:52.013189+00:00,vast.ai,marketplace,RTX 5070,0.1613888888888889,1,11.94,49.91756319571737,309.2998752230336,31.36,406.5,"Texas, US",0.9942434,49068011
2026-09-07T11:54:52.013189+00:00,vast.ai,marketplace,RTX 3090,0.16185185185185186,1,24.0,39.184235785651495,242.09939730265225,31.37,337.75,"Norway, NO",0.9992734,49854067
2026-09-07T11:54:52.013189+00:00,vast.ai,marketplace,RTX 3090,0.16185185185185186,1,24.0,44.49753285586766,274.92754853739746,31.36,314.699927409784,"Norway, NO",0.9993229,49892426
2026-09-07T11:54:52.013189+00:00,vast.ai,marketplace,RTX 3090,0.16185185185185186,1,24.0,42.0061336973411,259.53446449158116,31.37,760.25,"Norway, NO",0.9985699,49976419
2026-09-07T11:54:52.013189+00:00,vast.ai,marketplace,Titan RTX,0.16185185185185186,1,24.0,12.057292800000003,74.49585940503434,78.28,3189.0,"Norway, NO",0.9975925,49976509
2026-09-07T11:54:52.013189+00:00,vast.ai,marketplace,RTX 3090,0.16231481481481483,1,24.0,44.608251904692125,274.825510878879,31.41,529.2151364867519,"Estonia, EE",0.9950879,45558038
2026-09-07T11:54:52.013189+00:00,vast.ai,marketplace,RTX 4000Ada,0.16231481481481483,1,20.0,26.50740749079361,163.30861431863718,61.94,849.0,"Norway, NO",0.9982168,31921484
2026-09-07T11:54:52.013189+00:00,vast.ai,marketplace,RTX 5070,0.16278044444444442,1,11.94,50.05022762272681,307.470764031539,62.86,759.0,"Idaho, US",0.9950826,50023044
2026-09-07T11:54:52.013189+00:00,vast.ai,marketplace,RTX 4070,0.16416666666666668,1,11.99,33.685682778267136,205.19197631431757,62.86,728.5,"New York, US",0.9970998,49056459
2026-09-07T11:54:52.013189+00:00,vast.ai,marketplace,RTX 3080 Ti,0.16759259259259257,1,12.0,34.693254592474794,207.0094749164242,31.28,517.0,"Japan, JP",0.9916026,46117245
2026-09-07T11:54:52.013189+00:00,vast.ai,marketplace,RTX 3080 Ti,0.16759259259259257,1,12.0,33.89298678582117,202.23439629108768,15.54,1114.0,"Japan, JP",0.9964044,46117025
2026-09-07T11:54:52.013189+00:00,vast.ai,marketplace,RTX 4060 Ti,0.17402777777777778,1,16.0,22.52902695465334,129.45649965962014,251.88,819.0,"Germany, DE",0.9986821,49407384
2026-09-07T11:54:52.013189+00:00,vast.ai,marketplace,RTX 3090,0.17425925925925925,1,24.0,44.35944547585151,254.56004842677805,31.37,617.75,"Utah, US",0.9981787,11087700
2026-09-07T11:54:52.013189+00:00,vast.ai,marketplace,RTX 3090,0.17425925925925925,1,24.0,44.60293972467846,255.95735867509424,62.72,610.0,"Chile, CL",0.990013,48416848
2026-09-07T11:54:52.013189+00:00,vast.ai,marketplace,RTX 4080,0.17425925925925925,1,15.99,53.16193574502214,305.0738076760038,31.26,311.95,"Germany, DE",0.9958394,47551307
2026-09-07T11:54:52.013189+00:00,vast.ai,marketplace,RTX 4080S,0.17425925925925925,1,15.99,56.11058527299715,321.99485703951603,188.8,473.75,"Denmark, DK",0.9940417,48094819
2026-09-07T11:54:52.013189+00:00,vast.ai,marketplace,RTX 5070,0.17425925925925925,1,11.94,50.20853068745782,288.12546834460386,23.26,271.0,"France, FR",0.9863326,48332797
2026-09-07T11:54:52.013189+00:00,vast.ai,marketplace,RTX 3090,0.17472222222222222,1,24.0,45.79389887515871,262.0954466622756,15.59,349.30000000000007,"Poland, PL",0.9663177,50153109
2026-09-07T11:54:52.013189+00:00,vast.ai,marketplace,RTX A5000,0.17472222222222222,1,22.49,33.126055082261175,189.59268409561244,94.38,723.0,"Australia, AU",0.9958786,11925443
2026-09-07T11:54:52.013189+00:00,vast.ai,marketplace,RTX 3090,0.17472222222222222,1,24.0,43.24651070500455,247.51580053738695,29.35,1514.0,"Taiwan, TW",0.9990603,47957869
2026-09-07T11:54:52.013189+00:00,vast.ai,marketplace,RTX 3090,0.17472222222222222,1,24.0,43.30944318780608,247.87598644849268,31.2,16.600000000000136,"Austria, AT",0.9986849,47795743
2026-09-07T11:54:52.013189+00:00,vast.ai,marketplace,RTX 3060,0.17472222222222222,1,12.0,12.337460403838445,70.61185604740605,62.68,672.0,"Japan, JP",0.9923935,49855702
2026-09-07T11:54:52.013189+00:00,vast.ai,marketplace,RTX 3090 Ti,0.17472222222222222,1,23.99,46.189226799926615,264.3580548167501,62.82,131.5,"Oman, OM",0.9863006,50153750
2026-09-07T11:54:52.013189+00:00,vast.ai,marketplace,RTX 3090 Ti,0.17472222222222222,1,23.99,46.200368524112925,264.42182303148894,62.81,1343.4511938198084,"Vietnam, VN",0.995366,43359414
2026-09-07T11:54:52.013189+00:00,vast.ai,marketplace,RTX 3080 Ti,0.17472222222222222,1,12.0,33.80149292154468,193.45846505176604,15.59,362.0,"Taiwan, TW",0.9972811,42962522
2026-09-07T11:54:52.013189+00:00,vast.ai,marketplace,RTX 3080 Ti,0.17472222222222222,1,12.0,34.521308690230704,197.5782373367735,15.59,374.0,"Taiwan, TW",0.9982932,40734395
2026-09-07T11:54:52.013189+00:00,vast.ai,marketplace,RTX 5060 Ti,0.17472222222222222,1,15.93,38.94323749445901,222.88657389515492,46.71,3320.95,"Ohio, US",0.9983677,49213096
2026-09-07T11:54:52.013189+00:00,vast.ai,marketplace,RTX 3080 Ti,0.1761111111111111,1,12.0,33.97270769362298,192.90496482183394,62.84,834.5,"Thailand, TH",0.9736406,50135206
2026-09-07T11:54:52.013189+00:00,vast.ai,marketplace,RTX 5060 Ti,0.1773888888888889,1,15.93,38.88063014190477,219.18300737685115,62.94,362.56639601564854,"Germany, DE",0.99717,44053796
2026-09-07T11:54:52.013189+00:00,vast.ai,marketplace,RTX 5060 Ti,0.1773888888888889,1,15.93,38.901507646301404,219.30070079343102,62.94,355.55,"Germany, DE",0.9890209,48190500
2026-09-07T11:54:52.013189+00:00,vast.ai,marketplace,RTX 3090,0.17751851851851852,1,24.0,41.81569362901703,235.55679699216768,31.38,320.3500000000005,"Poland, PL",0.9951612,39105514
2026-09-07T11:54:52.013189+00:00,vast.ai,marketplace,Tesla V100,0.17796296296296296,1,32.0,25.71306491342886,144.4854844250945,62.87,1636.75,"Bulgaria, BG",0.9840618,35822233
2026-09-07T11:54:52.013189+00:00,vast.ai,marketplace,RTX 5080,0.18005555555555555,1,15.92,83.68125391799292,464.75241299718374,62.81,309.5,"Australia, AU",0.996954,49504458
2026-09-07T11:54:52.013189+00:00,vast.ai,marketplace,RTX 5080,0.18005555555555555,1,15.92,83.75693263409569,465.1727205843019,62.84,677.5,"Australia, AU",0.9958953,49519254
2026-09-07T11:54:52.013189+00:00,vast.ai,marketplace,Tesla V100,0.18092592592592593,1,32.0,25.71306491342886,142.11929430144917,41.87,1025.3333333333333,"Virginia, US",0.9974164,25913999
2026-09-07T11:54:52.013189+00:00,vast.ai,marketplace,RTX 5080,0.1813888888888889,1,15.92,83.98057839511304,462.9863433727518,31.31,241.0,"Vietnam, VN",0.9952182,50112410
2026-09-07T11:54:52.013189+00:00,vast.ai,marketplace,RTX 4000Ada,0.18405555555555558,1,20.0,31.32953734754484,170.217830442441,30.93,524.0,"Switzerland, CH",0.9868208,50065772
2026-09-07T11:54:52.013189+00:00,vast.ai,marketplace,RTX 4000Ada,0.1875925925925926,1,20.0,31.315549335464773,166.9338266648665,31.39,298.5,"Romania, RO",0.9957423,49640240
2026-09-07T11:54:52.013189+00:00,vast.ai,marketplace,RTX 3090,0.18805555555555556,1,24.0,43.333693556286065,230.4302759270751,31.38,92.0,"Finland, FI",0.991687,36742572
2026-09-07T11:54:52.013189+00:00,vast.ai,marketplace,RTX 4070S Ti,0.18805555555555556,1,15.99,51.30009333364665,272.792224521607,62.85,823.05,"California, US",0.9984336,50074567
2026-09-07T11:54:52.013189+00:00,vast.ai,marketplace,Tesla V100,0.18805555555555556,1,32.0,25.71306491342886,136.73121667406778,62.88,286.5,"Virginia, US",0.9938584,46657930
2026-09-07T11:54:52.013189+00:00,vast.ai,marketplace,Tesla V100,0.19037037037037038,1,32.0,25.71306491342886,135.06862892268077,125.81,755.5,"Bulgaria, BG",0.9838088,21161541
2026-09-07T11:54:52.013189+00:00,vast.ai,marketplace,RTX 4090,0.19268518518518518,1,24.0,99.14816723013723,514.560406576397,31.46,108.5,"United States, US",0.9743274,49941296
2026-09-07T11:54:52.013189+00:00,vast.ai,marketplace,RTX 3090,0.2009259259259259,1,24.0,44.64805968936109,222.21154131110592,31.37,457.7279940409012,"Utah, US",0.9985763,7899211
2026-09-07T11:54:52.013189+00:00,vast.ai,marketplace,RTX 3090,0.2009259259259259,1,24.0,44.35286711381634,220.74238010562973,31.25,348.0,"United Arab Emirates, AE",0.9860069,48405102
2026-09-07T11:54:52.013189+00:00,vast.ai,marketplace,RTX 3090,0.2009259259259259,1,24.0,44.84434922304307,223.18846617920056,46.97,737.0,"Poland, PL",0.9970881,45598969
2026-09-07T11:54:52.013189+00:00,vast.ai,marketplace,RTX 3090,0.20138888888888887,1,24.0,44.35155071308448,220.22838974772984,31.36,289.5,"Colorado, US",0.9985699,32787876
2026-09-07T11:54:52.013189+00:00,vast.ai,marketplace,RTX 5070 Ti,0.20138888888888887,1,15.92,75.73282655954554,376.0526560198124,23.53,344.75,"Vietnam, VN",0.9941258,45769829
2026-09-07T11:54:52.013189+00:00,vast.ai,marketplace,RTX 5060 Ti,0.20138888888888887,1,15.93,38.3691436852251,190.52264450594532,62.94,393.69102697445584,"Texas, US",0.9985722,50125005
2026-09-07T11:54:52.013189+00:00,vast.ai,marketplace,RTX 5060 Ti,0.20138888888888887,1,15.93,38.89454941096453,193.1315556958239,124.44,133.22156741710307,"Texas, US",0.9896544,49701014
2026-09-07T11:54:52.013189+00:00,vast.ai,marketplace,Tesla P100,0.20166666666666666,1,16.0,5.823086587862793,28.87480952659236,251.88,121.0,"United Kingdom, GB",0.9960196,35888791
2026-09-07T11:54:52.013189+00:00,vast.ai,marketplace,RTX 3090,0.20185185185185184,1,24.0,44.36601777471118,219.7949504435233,31.43,273.7214262582231,"Utah, US",0.9852493,6299076
2026-09-07T11:54:52.013189+00:00,vast.ai,marketplace,RTX 4060 Ti,0.20185185185185184,1,16.0,22.52902695465334,111.61169316984224,124.44,498.13229695220866,"Texas, US",0.9978157,37119317
2026-09-07T11:54:52.013189+00:00,vast.ai,marketplace,RTX 5080,0.20185185185185184,1,15.92,83.77429713409488,415.02862800377284,31.4,824.15,"India, IN",0.9917626,49649008
2026-09-07T11:54:52.013189+00:00,vast.ai,marketplace,RTX 4080S,0.20203703703703701,1,15.99,55.64713778313993,275.4303794949181,50.31,568.6,"Denmark, DK",0.998673,27875864
2026-09-07T11:54:52.013189+00:00,vast.ai,marketplace,RTX 5080,0.2023148148148148,1,15.92,83.76395913187872,414.0278071507049,125.78,698.5,"Spain, ES",0.9961361,49250735
2026-09-07T11:54:52.013189+00:00,vast.ai,marketplace,RTX PRO 4000,0.2023148148148148,1,23.89,65.7403190579597,324.9407074718374,62.91,222.52499999999998,"Utah, US",0.9911515,47510354
2026-09-07T11:54:52.013189+00:00,vast.ai,marketplace,RTX 4070S Ti,0.2089259259259259,1,15.99,48.61580310233808,232.6939698215083,125.0,1530.0,"The Netherlands, NL",0.5850798,50153964
2026-09-07T11:54:52.013189+00:00,vast.ai,marketplace,Tesla V100,0.20938888888888887,1,32.0,25.71306491342886,122.80052227161568,94.14,850.5250000000001,"Minnesota, US",0.9976722,46400809
2026-09-07T11:54:52.013189+00:00,vast.ai,marketplace,RTX 3090,0.21416666666666667,1,24.0,44.84837490551634,209.40875442264436,251.88,487.5,"Pennsylvania, US",0.9851441,47997544
2026-09-07T11:54:52.013189+00:00,vast.ai,marketplace,RTX 5080,0.21425925925925926,1,15.92,83.71226862252136,390.70548881729934,110.1,8.5,"Latvia, LV",0.9962765,49614258
2026-09-07T11:54:52.013189+00:00,vast.ai,marketplace,RTX 3090,0.21481481481481482,1,24.0,44.84837490551634,208.77691766361053,62.86,628.0,"Japan, JP",0.9977332,45289255
2026-09-07T11:54:52.013189+00:00,vast.ai,marketplace,RTX 3090,0.21611111111111111,1,24.0,37.180719811370466,172.04446185209983,31.33,719.5,"Thailand, TH",0.9945192,50052615
2026-09-07T11:54:52.013189+00:00,vast.ai,marketplace,CMP 170HX,0.21750000000000003,1,64.0,65.93565530926179,303.15243820350247,62.87,135.5,"Ontario, CA",0.9619864,50009161
2026-09-07T11:54:52.013189+00:00,vast.ai,marketplace,RTX 5080,0.22092592592592591,1,15.92,83.80531094157901,379.33669663413804,62.72,610.0,"Nevada, US",0.9929247,50083246
2026-09-07T11:54:52.013189+00:00,vast.ai,marketplace,RTX 4080,0.22731481481481483,1,15.99,53.1387641723698,233.7672721228488,62.88,529.8558404132868,"Pennsylvania, US",0.9848942,49416072
2026-09-07T11:54:52.013189+00:00,vast.ai,marketplace,RTX 3090 Ti,0.2277777777777778,1,23.99,46.19789408720616,202.82002282188068,62.83,3038.4,"California, US",0.9920146,47726702
2026-09-07T11:54:52.013189+00:00,vast.ai,marketplace,RTX 3090,0.22805555555555557,1,24.0,44.837634818885704,196.60838653835387,62.86,648.0,"Japan, JP",0.9974348,48414828
2026-09-07T11:54:52.013189+00:00,vast.ai,marketplace,RTX 4080S,0.22805555555555557,1,15.99,55.77623196323231,244.57300251843643,30.47,677.0,"New Jersey, US",0.9977953,36029272
2026-09-07T11:54:52.013189+00:00,vast.ai,marketplace,RTX 3090,0.22811111111111115,1,24.0,44.32781389264723,194.32553581774232,125.77,788.15,"United Kingdom, GB",0.8881608,48681439
2026-09-07T11:54:52.013189+00:00,vast.ai,marketplace,RTX A5000,0.23170370370370372,1,23.99,35.32182770835365,152.44394950855954,100.72,30.400000000000002,"Iceland, IS",0.9993587,9817742
2026-09-07T11:54:52.013189+00:00,vast.ai,marketplace,RTX A5000,0.2413888888888889,1,22.49,33.003554016485914,136.72358395782427,30.5,1502.0,"Puerto Rico, PR",0.996101,48465829
2026-09-07T11:54:52.013189+00:00,vast.ai,marketplace,RTX 4070S Ti,0.2413888888888889,1,15.99,51.30552278655832,212.54301729759487,15.33,246.0,"Wisconsin, US",0.984071,48937549
2026-09-07T11:54:52.013189+00:00,vast.ai,marketplace,RTX 3090 Ti,0.2413888888888889,1,23.99,46.19294263955015,191.36316858731936,46.98,581.0,"Florida, US",0.9959272,48604147
2026-09-07T11:54:52.013189+00:00,vast.ai,marketplace,RTX 3090 Ti,0.2413888888888889,1,23.99,45.456061653832045,188.31049706996012,31.35,292.5,"Florida, US",0.9727699,48610460
2026-09-07T11:54:52.013189+00:00,vast.ai,marketplace,RTX 4070 Ti,0.2413888888888889,1,11.99,35.605437593639685,147.5023881899918,47.19,1662.5,"North Carolina, US",0.9927028,39047405
2026-09-07T11:54:52.013189+00:00,vast.ai,marketplace,RTX 4080S,0.2413888888888889,1,15.99,55.63550548884802,230.48080524724148,125.67,1395.8273794811873,"Japan, JP",0.9603219,49961706
2026-09-07T11:54:52.013189+00:00,vast.ai,marketplace,Q RTX 6000,0.2413888888888889,1,24.0,12.057292800000003,49.94965947065593,31.19,1616.0,"Spain, ES",0.9958137,44027628
2026-09-07T11:54:52.013189+00:00,vast.ai,marketplace,RTX PRO 4000,0.2413888888888889,1,23.89,65.75230423708362,272.39159407767664,41.92,455.9333333333333,"France, FR",0.9893671,47658246
2026-09-07T11:54:52.013189+00:00,vast.ai,marketplace,A10,0.2416666666666667,1,22.49,29.110952051880957,120.45911193881774,83.77,893.0,"The Netherlands, NL",0.9993716,25353518
2026-09-07T11:54:52.013189+00:00,vast.ai,marketplace,A10,0.2416666666666667,1,22.49,29.11269408515854,120.46632035238015,62.83,731.5,"The Netherlands, NL",0.999597,44544437
2026-09-07T11:54:52.013189+00:00,vast.ai,marketplace,A10,0.2416666666666667,1,22.49,29.10746639534422,120.44468853245883,62.83,660.5,"Illinois, US",0.9984484,47574081
2026-09-07T11:54:52.013189+00:00,vast.ai,marketplace,RTX 4070S Ti,0.24185185185185187,1,15.99,51.30552278655832,212.13615853553975,15.33,318.0,"Wisconsin, US",0.9891221,47591200
2026-09-07T11:54:52.013189+00:00,vast.ai,marketplace,RTX 5070 Ti,0.24185185185185187,1,15.92,77.08917605811364,318.74544465069954,15.33,324.0,"Wisconsin, US",0.9551732,48943264
2026-09-07T11:54:52.013189+00:00,vast.ai,marketplace,RTX 5070 Ti,0.24185185185185187,1,15.92,75.92679569502333,313.93927775890194,15.33,56.5,"Wisconsin, US",0.9883492,49279622
2026-09-07T11:54:52.013189+00:00,vast.ai,marketplace,RTX PRO 4000,0.24805555555555553,1,23.89,65.7283338112971,264.9742460477823,31.12,639.0,"Thailand, TH",0.9695627,49285250
2026-09-07T11:54:52.013189+00:00,vast.ai,marketplace,RTX PRO 4000,0.2516407407407407,1,23.89,65.7283338112971,261.19909525705697,41.92,677.1666666666666,"North Carolina, US",0.9913542,49462099
2026-09-07T11:54:52.013189+00:00,vast.ai,marketplace,RTX 3090,0.25170370370370376,1,24.0,44.35681485909163,176.22630976978718,100.72,5.800000000000001,"Iceland, IS",0.9996327,9107071
2026-09-07T11:54:52.013189+00:00,vast.ai,marketplace,RTX 3080,0.25170370370370376,1,12.0,30.08141335759099,119.51120668848684,100.72,5.800000000000001,"Iceland, IS",0.9996327,9107064
2026-09-07T11:54:52.013189+00:00,vast.ai,marketplace,RTX 4070S Ti,0.2520555555555556,1,15.99,51.00472990722599,202.3551109389614,31.44,736.1,"Minnesota, US",0.9995769,47095371
2026-09-07T11:54:52.013189+00:00,vast.ai,marketplace,RTX 3090,0.2536591111111111,1,24.0,44.362075122503484,174.8885538870765,30.27,701.9,"Indonesia, ID",0.9861,50100551
2026-09-07T11:54:52.013189+00:00,vast.ai,marketplace,RTX PRO 4000,0.2547222222222222,1,23.89,65.75230423708362,258.1333645076348,62.71,1545.0,"Indiana, US",0.9764404,49667971
2026-09-07T11:54:52.013189+00:00,vast.ai,marketplace,RTX 4500Ada,0.2551851851851851,1,23.99,40.6032011921891,159.11268972265688,23.34,120.5,"France, FR",0.9671763,49670450
2026-09-07T11:54:52.013189+00:00,vast.ai,marketplace,Tesla V100,0.2613888888888889,1,32.0,25.71306491342886,98.37091784096056,94.32,1257.2770773914215,"Minnesota, US",0.9994483,44175682
2026-09-07T11:54:52.013189+00:00,vast.ai,marketplace,RTX 4080,0.26805555555555555,1,15.99,53.173518772770116,198.36753117302842,23.45,1512.0,"North Carolina, US",0.9965086,39750748
2026-09-07T11:54:52.013189+00:00,vast.ai,marketplace,RTX 5080,0.26805555555555555,1,15.92,83.46414258923559,311.3688220945577,62.4,715.0,"Japan, JP",0.9980438,49337546
2026-09-07T11:54:52.013189+00:00,vast.ai,marketplace,RTX PRO 4000,0.26805555555555555,1,23.89,65.7283338112971,245.2041468607975,30.2,127.5,"Puerto Rico, PR",0.9882371,44170201
2026-09-07T11:54:52.013189+00:00,vast.ai,marketplace,RTX A5000,0.26944444444444443,1,22.49,32.006000371370405,118.78515601745718,47.19,45.0,"Delaware, US",0.999622,45242052
2026-09-07T11:54:52.013189+00:00,vast.ai,marketplace,RTX 5080,0.26944444444444443,1,15.92,83.71226862252136,310.68470828977,62.61,1515.0,"Thailand, TH",0.9837321,50119359
2026-09-07T11:54:52.013189+00:00,vast.ai,marketplace,RTX 4090,0.27338888888888885,1,23.99,98.27825392850836,359.48152219328404,62.96,589.125,"Hong Kong, HK",0.9965016,39184686
2026-09-07T11:54:52.013189+00:00,vast.ai,marketplace,RTX PRO 4000,0.28092592592592597,1,23.89,65.7283338112971,233.97033789123554,62.88,91.25,"South Korea, KR",0.9949227,45704061
2026-09-07T11:54:52.013189+00:00,vast.ai,marketplace,RTX 5080,0.28185185185185185,1,15.92,83.67032631258716,296.8592392168007,125.78,299.00000000000006,"Florida, US",0.9949816,49863935
2026-09-07T11:54:52.013189+00:00,vast.ai,marketplace,RTX 4080,0.2947222222222222,1,15.99,53.15614354172503,180.36014773818107,62.66,1529.0,"North Carolina, US",0.9969169,42608333
2026-09-07T11:54:52.013189+00:00,vast.ai,marketplace,RTX 4090,0.2947222222222222,1,23.99,98.88362018345929,335.5146396422747,41.95,149.83333333333331,"Sweden, SE",0.9820468,30714842
2026-09-07T11:54:52.013189+00:00,vast.ai,marketplace,RTX 5070 Ti,0.29877777777777775,1,15.92,75.85936844944787,253.8989646876277,503.53,4808.0,"Italy, IT",0.9964295,47564332
2026-09-07T11:54:52.013189+00:00,vast.ai,marketplace,RTX 4090,0.29935185185185187,1,23.99,98.45111793291728,328.88093834689346,31.46,92.937890625,", US",0.9980243,40912235
2026-09-07T11:54:52.013189+00:00,vast.ai,marketplace,RTX 4090,0.29935185185185187,1,23.99,98.32667861821773,328.4652425229667,31.46,114.2099099357102,", US",0.9978195,41130302
2026-09-07T11:54:52.013189+00:00,vast.ai,marketplace,RTX 5060 Ti,0.30712962962962964,1,15.93,38.375975201203396,124.95041669369812,125.94,10737.287996795354,"Denmark, DK",0.958554,49967734
2026-09-07T11:54:52.013189+00:00,vast.ai,marketplace,RTX 3090,0.3080555555555556,1,24.0,44.3633895822079,144.01100315234305,23.4,2298.0,"California, US",0.9680737,48277082
2026-09-07T11:54:52.013189+00:00,vast.ai,marketplace,RTX 3090,0.3080555555555556,1,24.0,44.35944547585151,143.99819992160994,31.28,183.0,"British Columbia, CA",0.9948958,19448806
2026-09-07T11:54:52.013189+00:00,vast.ai,marketplace,RTX 3090,0.30814814814814817,1,24.0,44.34628268015064,143.91221542837346,125.91,635.517320406145,"Slovakia, SK",0.9933397,48588774
2026-09-07T11:54:52.013189+00:00,vast.ai,marketplace,RTX 4080S,0.3085185185185185,1,31.99,70.98359170726499,230.07886867901018,94.27,735.5,"Ontario, CA",0.9962259,50006217
2026-09-07T11:54:52.013189+00:00,vast.ai,marketplace,L4,0.30990740740740746,1,22.49,25.321792081050233,81.70760516144084,46.19,530.0000000000001,"Utah, US",0.9890281,48000711
2026-09-07T11:54:52.013189+00:00,vast.ai,marketplace,RTX 3090,0.32005555555555554,1,24.0,44.36601777471118,138.61973961895526,41.88,748.0,"Florida, US",0.9975539,47122361
2026-09-07T11:54:52.013189+00:00,vast.ai,marketplace,RTX 3090,0.3213888888888889,1,24.0,44.36470379958797,138.04056497711036,46.97,2398.0,"California, US",0.9850093,48141306
2026-09-07T11:54:52.013189+00:00,vast.ai,marketplace,RTX 4090,0.3213888888888889,1,23.99,97.19418042234778,302.4192303547554,30.99,633.95,"Türkiye, TR",0.9983026,24912145
2026-09-07T11:54:52.013189+00:00,vast.ai,marketplace,RTX PRO 4500,0.3213888888888889,1,31.86,96.15774770433917,299.19437487953417,188.65,250.0,"Belgium, BE",0.9982431,44160786
2026-09-07T11:54:52.013189+00:00,vast.ai,marketplace,RTX 3090,0.32231481481481483,1,24.0,44.36864499845682,137.65623843244288,27.47,812.9,"Quebec, CA",0.9760706,49316123
2026-09-07T11:54:52.013189+00:00,vast.ai,marketplace,L4,0.3232407407407408,1,22.49,25.299532782286814,78.2683913058429,25.12,259.8,"Utah, US",0.9893755,49883396
2026-09-07T11:54:52.013189+00:00,vast.ai,marketplace,L4,0.33425925925925926,1,22.49,25.32920853949707,75.77713358076686,62.75,552.0,"Czechia, CZ",0.9986255,36579966
2026-09-07T11:54:52.013189+00:00,vast.ai,marketplace,L4,0.3347222222222222,1,22.49,25.321792081050233,75.65016721309614,47.14,430.5,"Czechia, CZ",0.9971365,49498409
2026-09-07T11:54:52.013189+00:00,vast.ai,marketplace,L4,0.3347222222222222,1,22.49,25.314373969525715,75.62800522015982,62.75,263.5,"Czechia, CZ",0.9981337,45699409
2026-09-07T11:54:52.013189+00:00,vast.ai,marketplace,Tesla V100,0.3347222222222222,1,32.0,25.71306491342886,76.81911509406133,94.32,1241.921865926223,"Minnesota, US",0.9995771,38405405
2026-09-07T11:54:52.013189+00:00,vast.ai,marketplace,RTX 4090,0.3347222222222222,1,23.99,97.05853957703305,289.9674211430033,62.82,688.5,"Texas, US",0.9935597,49553569
2026-09-07T11:54:52.013189+00:00,vast.ai,marketplace,RTX 4090,0.3347222222222222,1,23.99,96.83813651542455,289.3089555647539,62.53,1540.3,"Alberta, CA",0.998603,49932555
2026-09-07T11:54:52.013189+00:00,vast.ai,marketplace,RTX 5080,0.33501555555555557,1,15.92,83.78463510311158,250.09177548240024,62.38,1398.0,"India, IN",0.9951093,46501355
2026-09-07T11:54:52.013189+00:00,vast.ai,marketplace,RTX 3090 Ti,0.3361111111111111,1,23.99,45.939634532877186,136.6799043953371,62.89,630.5,"Thailand, TH",0.9946809,49710712
2026-09-07T11:54:52.013189+00:00,vast.ai,marketplace,RTX 4090,0.33648148148148144,1,23.99,97.04783583155114,288.41954512403754,39.26,728.0866925233423,"Estonia, EE",0.9946021,34926590
2026-09-07T11:54:52.013189+00:00,vast.ai,marketplace,RTX 3090,0.34027777777777773,1,24.0,44.83897819337376,131.77169101726167,125.76,767.5,"Michigan, US",0.9980591,50149183
2026-09-07T11:54:52.013189+00:00,vast.ai,marketplace,RTX 5080,0.34027777777777773,1,15.92,83.92563988851663,246.6386151825795,30.17,579.0,"Florida, US",0.9838361,45305430
2026-09-07T11:54:52.013189+00:00,vast.ai,marketplace,RTX 3090,0.34990740740740744,1,24.0,44.35681485909163,126.76729306117744,41.97,132.33333333333331,"Spain, ES",0.9980138,37930668
2026-09-07T11:54:52.013189+00:00,vast.ai,marketplace,RTX 5090,0.3526851851851852,1,31.84,191.55460602648304,543.1319887335302,62.96,312.8121337339584,"United States, US",0.9663027,49140888
2026-09-07T11:54:52.013189+00:00,vast.ai,marketplace,RTX 4090,0.3547222222222222,1,23.99,98.89758400456837,278.8028993081019,62.7,1479.0,"Austria, AT",0.9790545,46795897
2026-09-07T11:54:52.013189+00:00,vast.ai,marketplace,RTX 4090,0.3613888888888889,1,23.99,97.03386640801217,268.5026280313941,31.41,775.9678325198425,"Montana, US",0.9983859,47126431
2026-09-07T11:54:52.013189+00:00,vast.ai,marketplace,RTX 4090,0.36314814814814816,1,23.99,96.73315955378968,266.37382029090475,41.92,216.38955934012398,"Estonia, EE",0.9977926,47176359
2026-09-07T11:54:52.013189+00:00,vast.ai,marketplace,RTX 4090,0.3646296296296297,1,23.99,97.21964556817686,266.62574203562974,47.01,249.0,"Illinois, US",0.9915128,47235745
2026-09-07T11:54:52.013189+00:00,vast.ai,marketplace,RTX 5090,0.3660185185185186,1,31.84,192.37970069597304,525.6010036722764,31.46,107.4125,"California, US",0.9942433,46753295
2026-09-07T11:54:52.013189+00:00,vast.ai,marketplace,RTX 5090,0.3660185185185186,1,31.84,120.31318389693588,328.70791451730514,31.46,265.7375,"United States, US",0.9940177,43165158
2026-09-07T11:54:52.013189+00:00,vast.ai,marketplace,RTX 4090,0.3742592592592593,1,23.99,96.845131956058,258.7648256124261,62.78,433.0,"Arizona, US",0.9499992,49729218
2026-09-07T11:54:52.013189+00:00,vast.ai,marketplace,RTX 4090,0.37472222222222223,1,23.99,97.0548199803455,259.0047086206403,31.44,1555.759339010186,"Taiwan, TW",0.998893,45087814
2026-09-07T11:54:52.013189+00:00,vast.ai,marketplace,RTX 4090,0.37472222222222223,1,23.99,98.34051098774569,262.4357594928721,55.97,57.666666666666664,"Bulgaria, BG",0.9938438,46962440
2026-09-07T11:54:52.013189+00:00,vast.ai,marketplace,RTX 3090,0.3769259259259259,1,24.0,44.36733150764498,117.70835714910234,41.92,160.83333333333331,"Czechia, CZ",0.9928017,18811400
2026-09-07T11:54:52.013189+00:00,vast.ai,marketplace,RTX 5090,0.3793518518518519,1,31.84,199.38358155438448,525.5901100286435,62.88,721.875,"Beijing, CN",0.9841291,50041177
2026-09-07T11:54:52.013189+00:00,vast.ai,marketplace,RTX 5090,0.3793518518518519,1,31.84,199.1856912968035,525.0684564328723,62.88,670.5,"United States, US",0.9896167,49957163
2026-09-07T11:54:52.013189+00:00,vast.ai,marketplace,RTX 5090,0.3793518518518519,1,31.84,185.7958259615546,489.7717647998022,62.96,310.825,"California, US",0.996054,48272203
2026-09-07T11:54:52.013189+00:00,vast.ai,marketplace,RTX 4090,0.3805185185185185,1,23.99,85.39489180472785,224.4171772170189,31.35,143.5,"Montana, US",0.9986947,45982649
2026-09-07T11:54:52.013189+00:00,vast.ai,marketplace,RTX 4090,0.3805185185185185,1,23.99,83.52834604507572,219.5119080413709,47.04,303.0,"Montana, US",0.991694,49910715
2026-09-07T11:54:52.013189+00:00,vast.ai,marketplace,RTX 4090,0.382037037037037,1,23.99,97.7310513696193,255.81564585358421,61.91,561.9070963631832,"Israel, IL",0.9954109,45992367
2026-09-07T11:54:52.013189+00:00,vast.ai,marketplace,RTX 5090,0.3875925925925926,1,31.84,162.4414577814746,419.1036177830687,62.96,212.84133359367374,"California, US",0.877459,47365340
2026-09-07T11:54:52.013189+00:00,vast.ai,marketplace,RTX 5090,0.3875925925925926,1,31.84,188.5734943826117,486.52502134070863,62.96,184.41903882619525,"United States, US",0.9886165,49863098
2026-09-07T11:54:52.013189+00:00,vast.ai,marketplace,RTX 5090,0.3875925925925926,1,31.84,198.6177520363579,512.4394940259592,62.96,264.75,"California, US",0.9786457,49924276
2026-09-07T11:54:52.013189+00:00,vast.ai,marketplace,RTX 3090,0.38805555555555554,1,24.0,44.3607604204072,114.31548855652537,62.72,1281.0,"Italy, IT",0.9623553,49635670
2026-09-07T11:54:52.013189+00:00,vast.ai,marketplace,RTX 3090,0.3885185185185185,1,24.0,44.608251904692125,114.8162823095031,41.93,100.66666666666666,"Czechia, CZ",0.9956381,31183837
2026-09-07T11:54:52.013189+00:00,vast.ai,marketplace,RTX 4090,0.3912962962962963,1,23.99,99.14095357974941,253.36542798421522,62.89,741.154998549696,"Michigan, US",0.9838407,34176464
2026-09-07T11:54:52.013189+00:00,vast.ai,marketplace,RTX 4090,0.39379629629629626,1,23.99,98.46493730832667,250.04028284268236,125.96,1186.5625,"Pennsylvania, US",0.9983175,48654831
2026-09-07T11:54:52.013189+00:00,vast.ai,marketplace,RTX 4090,0.39564814814814814,1,23.99,96.17886855809903,243.09192146676094,62.94,205.7143982048743,"Hungary, HU",0.9973627,42494307
2026-09-07T11:54:52.013189+00:00,vast.ai,marketplace,RTX 4090,0.39877777777777773,1,23.99,97.37828673002271,244.19185861527012,125.96,1231.1179386969973,"Italy, IT",0.9903115,49274466
2026-09-07T11:54:52.013189+00:00,vast.ai,marketplace,RTX 4090,0.40138888888888885,1,23.99,2.9901863757721396,7.449599275280072,100.72,201.60000000000002,"Iceland, IS",0.9974143,25814729
2026-09-07T11:54:52.013189+00:00,vast.ai,marketplace,RTX 4090,0.40138888888888885,1,23.99,97.7310513696193,243.48220410424187,46.84,425.5,"Puerto Rico, PR",0.991772,44324855
2026-09-07T11:54:52.013189+00:00,vast.ai,marketplace,RTX 5090,0.40138888888888885,1,31.84,202.14942547206056,503.624866227971,83.92,836.5333333333333,"Romania, RO",0.9800366,50150377
2026-09-07T11:54:52.013189+00:00,vast.ai,marketplace,RTX 4090,0.4018518518518518,1,23.99,96.09446327548018,239.12907911870647,31.4,375.0,"Norway, NO",0.9983934,49976425
2026-09-07T11:54:52.013189+00:00,vast.ai,marketplace,RTX 4090,0.4018518518518518,1,23.99,96.60006637368814,240.3872619437401,62.93,212.28571428571428,"Norway, NO",0.9968002,48980134
2026-09-07T11:54:52.013189+00:00,vast.ai,marketplace,RTX 5070 Ti,0.4018518518518518,1,15.92,76.8229444126331,191.17230406830362,125.91,501.0214709384321,"Texas, US",0.9989219,43421241
2026-09-07T11:54:52.013189+00:00,vast.ai,marketplace,RTX 4090,0.402037037037037,1,23.99,97.1426197957756,241.62604647498307,47.18,123.23750000000001,"Denmark, DK",0.9682851,37888571
2026-09-07T11:54:52.013189+00:00,vast.ai,marketplace,RTX 4080S,0.4023148148148148,1,15.99,55.67621075232372,138.38966078828452,83.84,391.0,"Norway, NO",0.9952786,10764195
2026-09-07T11:54:52.013189+00:00,vast.ai,marketplace,RTX 5090,0.4023148148148148,1,31.84,199.19889864386437,495.13189996633724,30.46,511.0,"South Korea, KR",0.8099158,45380600
2026-09-07T11:54:52.013189+00:00,vast.ai,marketplace,RTX 5090,0.4023148148148148,1,31.84,199.05361647130263,494.7707843245267,30.47,582.2,"South Korea, KR",0.9684549,49025116
2026-09-07T11:54:52.013189+00:00,vast.ai,marketplace,RTX 5090,0.4023148148148148,1,31.84,194.0574098649183,482.352134992202,30.47,494.0,"South Korea, KR",0.9973321,45669165
2026-09-07T11:54:52.013189+00:00,vast.ai,marketplace,RTX 5090,0.4023148148148148,1,31.84,194.10883341601433,482.4799541755938,30.47,610.0,"South Korea, KR",0.9756993,48989827
2026-09-07T11:54:52.013189+00:00,vast.ai,marketplace,RTX 4090,0.40277777777777773,1,23.99,90.9126738414279,225.71422470975207,100.75,682.6,"Texas, US",0.9985421,35283301
2026-09-07T11:54:52.013189+00:00,vast.ai,marketplace,RTX 5090,0.4037037037037037,1,31.84,203.22413864106875,503.3992425053997,71.96,457.2428571428571,"Estonia, EE",0.9214488,50151503
2026-09-07T11:54:52.013189+00:00,vast.ai,marketplace,RTX 5090,0.4060185185185185,1,31.84,199.13286166227866,490.4526581419862,62.88,291.75,", US",0.9978361,46579456
2026-09-07T11:54:52.013189+00:00,vast.ai,marketplace,RTX 4090,0.4147222222222222,1,23.99,98.32667861821773,237.09045078739706,125.75,902.7417503866596,"Washington, US",0.9982381,48828904
2026-09-07T11:54:52.013189+00:00,vast.ai,marketplace,RTX A6000,0.41518518518518516,1,47.99,54.474568636689504,131.20547307677222,62.88,146.75,"India, IN",0.9962305,49984417
2026-09-07T11:54:52.013189+00:00,vast.ai,marketplace,RTX 5090,0.4218518518518518,1,31.84,199.12620584472205,472.0287583676467,94.22,1495.0,"Taiwan, TW",0.9830765,47700687
2026-09-07T11:54:52.013189+00:00,vast.ai,marketplace,RTX 5090,0.42759259259259264,1,31.84,192.02869285363556,449.09265543942485,62.97,456.32104014601487,"Taiwan, TW",0.9443094,40661447
2026-09-07T11:54:52.013189+00:00,vast.ai,marketplace,RTX 4090,0.42870370370370375,1,23.99,97.06878715236337,226.42395275281302,62.88,623.5863629043887,"Denmark, DK",0.9985559,27743078
2026-09-07T11:54:52.013189+00:00,vast.ai,marketplace,RTX 4090,0.42870370370370375,1,23.99,97.37674898053568,227.14230863710264,125.88,609.75,"Denmark, DK",0.9966897,36913052
2026-09-07T11:54:52.013189+00:00,vast.ai,marketplace,RTX 3090,0.43072222222222223,1,24.0,44.35813028876885,102.98546952119686,31.46,234.0,"Czechia, CZ",0.9973575,46872558
2026-09-07T11:54:52.013189+00:00,vast.ai,marketplace,RTX 5090,0.43222222222222223,1,31.84,188.3175968264462,435.69623944422,62.96,312.4875,"United States, US",0.9970503,49452560
2026-09-07T11:54:52.013189+00:00,vast.ai,marketplace,RTX 5000Ada,0.4413888888888889,1,31.99,64.26156336093389,145.58944499645187,125.88,1352.75,"Japan, JP",0.9987848,50008897
2026-09-07T11:54:52.013189+00:00,vast.ai,marketplace,RTX 5090,0.4413888888888889,1,31.84,198.86208742938717,450.53713955053104,62.63,1443.0,"South Korea, KR",0.9994556,47513476
2026-09-07T11:54:52.013189+00:00,vast.ai,marketplace,RTX 5090,0.4437037037037037,1,31.84,199.03376551672807,448.57359507109,62.91,1104.6000000000001,"Estonia, EE",0.9975787,45317003
2026-09-07T11:54:52.013189+00:00,vast.ai,marketplace,RTX 5090,0.4546481481481482,1,31.84,192.6397183480732,423.7116529182498,40.22,428.0,"Taiwan, TW",0.9960773,48537016
2026-09-07T11:54:52.013189+00:00,vast.ai,marketplace,RTX 3090,0.45472222222222225,1,24.0,47.45663215900278,104.36400474795968,250.0,2933.1,"The Netherlands, NL",0.9211029,49983763
2026-09-07T11:54:52.013189+00:00,vast.ai,marketplace,RTX 5090,0.45472222222222225,1,31.84,199.42998584705245,438.57541175894244,45.92,622.5,"Puerto Rico, PR",0.9950659,44457597
2026-09-07T11:54:52.013189+00:00,vast.ai,marketplace,RTX 5090,0.45611111111111113,1,31.84,163.94733628343045,359.44604788084627,62.96,309.0,"California, US",0.988915,50072700
2026-09-07T11:54:52.013189+00:00,vast.ai,marketplace,RTX 5090,0.46672222222222226,1,31.84,183.4591153347222,393.0798804933936,62.71,1238.3,"Thailand, TH",0.9857184,47185114
2026-09-07T11:54:52.013189+00:00,vast.ai,marketplace,RTX 5090,0.4678981481481481,1,31.84,198.73623360515256,424.74250943653607,94.22,1253.0,"Taiwan, TW",0.9716911,47700683
2026-09-07T11:54:52.013189+00:00,vast.ai,marketplace,RTX 4090,0.4680555555555555,1,23.99,72.7147690622565,155.35499621609696,62.51,452.0,"Spain, ES",0.9937376,47098169
2026-09-07T11:54:52.013189+00:00,vast.ai,marketplace,RTX 5090,0.4680555555555555,1,31.84,198.74323093471222,424.6146180207502,62.83,1276.3232354692163,"Vietnam, VN",0.9943876,45823534
2026-09-07T11:54:52.013189+00:00,vast.ai,marketplace,RTX 5070 Ti,0.4680555555555555,1,15.92,75.96723043755253,162.30387511880662,251.91,1609.2,"Texas, US",0.951731,49702290
2026-09-07T11:54:52.013189+00:00,vast.ai,marketplace,RTX 5070 Ti,0.4680555555555555,1,15.92,75.78514639040552,161.91485282223138,251.83,1277.0,"Texas, US",0.9986091,49691947
2026-09-07T11:54:52.013189+00:00,vast.ai,marketplace,RTX A6000,0.4683796296296296,1,47.99,54.213614647854136,115.74716579951067,94.47,334.625,"Virginia, US",0.9970786,50154250
2026-09-07T11:54:52.013189+00:00,vast.ai,marketplace,RTX 4090,0.46842592592592586,1,23.99,50.84490781969286,108.5441795715918,62.88,602.9488578352673,"The Netherlands, NL",0.9821514,48593991
2026-09-07T11:54:52.013189+00:00,vast.ai,marketplace,RTX PRO 4000,0.46851851851851845,1,23.89,65.69237766585148,140.2129799982601,41.92,201.0,"Hungary, HU",0.9975252,47934451
2026-09-07T11:54:52.013189+00:00,vast.ai,marketplace,RTX 5090,0.4694444444444444,1,31.84,199.06017716172198,424.03351348059124,62.91,559.1,"Estonia, EE",0.9965741,47196651
2026-09-07T11:54:52.013189+00:00,vast.ai,marketplace,RTX 4090,0.4703703703703703,1,23.99,97.0408513074653,206.30732167728846,62.88,506.0,"United Kingdom, GB",0.6065116,36643058
2026-09-07T11:54:52.013189+00:00,vast.ai,marketplace,RTX 4090,0.4703703703703703,1,23.99,97.3712445628836,207.00973253526436,86.58,782.8578417317127,"Estonia, EE",0.9966369,49867005
2026-09-07T11:54:52.013189+00:00,vast.ai,marketplace,RTX A6000,0.4813888888888889,1,47.99,55.26860480227614,114.81071972775192,47.23,157.25,"Romania, RO",0.8769204,31805849
2026-09-07T11:54:52.013189+00:00,vast.ai,marketplace,RTX 5090,0.4813888888888889,1,31.84,186.46026316593793,387.3381115968705,37.68,466.14,"Poland, PL",0.9963979,43203657
2026-09-07T11:54:52.013189+00:00,vast.ai,marketplace,RTX 4090,0.4827777777777778,1,23.99,97.03386640801217,200.99074745042796,108.06,758.0,"California, US",0.9980857,46753808
2026-09-07T11:54:52.013189+00:00,vast.ai,marketplace,RTX 4090,0.4918518518518518,1,23.99,97.0548199803455,197.32531170702777,83.92,89.66666666666666,"Oklahoma, US",0.9969061,38597840
2026-09-07T11:54:52.013189+00:00,vast.ai,marketplace,RTX 5090,0.49379629629629623,1,31.84,199.59510762059136,404.20535576643294,50.31,95.0,"California, US",0.9669296,49345309
2026-09-07T11:54:52.013189+00:00,vast.ai,marketplace,RTX 5090,0.49416666666666664,1,31.84,199.00078585089983,402.69973528006716,125.88,483.75,"Bulgaria, BG",0.9841478,45014284
2026-09-07T11:54:52.013189+00:00,vast.ai,marketplace,RTX A6000,0.49425925925925923,1,47.99,54.469860175908345,110.20503744844702,94.28,821.6,"Arizona, US",0.9459708,49831384
2026-09-07T11:54:52.013189+00:00,vast.ai,marketplace,RTX 5090,0.4947222222222222,1,31.84,157.91204866068597,319.1933605718526,62.93,242.72499999999997,"Texas, US",0.9877309,47824251
2026-09-07T11:54:52.013189+00:00,vast.ai,marketplace,RTX 5090,0.5000555555555556,1,31.84,140.33085841677587,280.6305356629225,60.54,494.0,"Texas, US",0.9897181,44785440
2026-09-07T11:54:52.013189+00:00,vast.ai,marketplace,RTX 5090,0.5027222222222223,1,31.84,173.97226939411993,346.0604319918398,60.54,635.2000000000003,"Texas, US",0.9876306,46491761
2026-09-07T11:54:52.013189+00:00,vast.ai,marketplace,RTX 5090,0.5080555555555555,1,31.84,198.83604076622376,391.3667286814684,93.85,499.0,"Denmark, DK",0.9944514,50053962
2026-09-07T11:54:52.013189+00:00,vast.ai,marketplace,RTX 5090,0.5165740740740741,1,31.84,199.2781422092802,385.76876426962286,70.8,649.125,"North Carolina, US",0.8660571,33657245
2026-09-07T11:54:52.013189+00:00,vast.ai,marketplace,RTX 4090,0.5347222222222222,1,23.99,97.21964556817686,181.8133631404866,125.77,333.5,"Oman, OM",0.9934561,50153861
2026-09-07T11:54:52.013189+00:00,vast.ai,marketplace,RTX 4500Ada,0.535,1,23.99,40.62603259534593,75.93650952401109,125.75,386.95,"France, FR",0.9556703,49445415
2026-09-07T11:54:52.013189+00:00,vast.ai,marketplace,RTX 4090,0.5356481481481481,1,23.99,97.0408513074653,181.16528852560506,62.89,480.25,"Spain, ES",0.9987879,22694032
2026-09-07T11:54:52.013189+00:00,vast.ai,marketplace,RTX 4090,0.5365740740740741,1,23.99,96.9709854088716,180.7224577076468,62.96,208.375,"Spain, ES",0.9990017,29301947
2026-09-07T11:54:52.013189+00:00,vast.ai,marketplace,RTX 4090,0.5375,1,23.99,97.24064468209968,180.91282731553432,125.92,487.25,"Spain, ES",0.998905,36368074
2026-09-07T11:54:52.013189+00:00,vast.ai,marketplace,RTX 5090,0.5432407407407408,1,31.84,203.60472627600592,374.79649629808483,62.9,599.125,"North Carolina, US",0.9791546,29717007
2026-09-07T11:54:52.013189+00:00,vast.ai,marketplace,RTX 5090,0.5600555555555555,1,31.84,190.91292772837812,340.8821247010025,62.96,372.75,"Thailand, TH",0.9711471,49015629
2026-09-07T11:54:52.013189+00:00,vast.ai,marketplace,RTX 5090,0.5613888888888889,1,31.84,199.34417783718007,355.0910639356003,62.82,578.5,"Illinois, US",0.9778916,49916631
2026-09-07T11:54:52.013189+00:00,vast.ai,marketplace,RTX 4090,0.5669259259259259,1,23.99,95.81687161354294,169.01127154672108,31.34,187.0,"Taiwan, TW",0.9963606,49802395
2026-09-07T11:54:52.013189+00:00,vast.ai,marketplace,RTX 5090,0.5699074074074074,1,31.84,198.7230218000229,348.6935232234358,62.93,674.125,"North Carolina, US",0.9894921,29436756
2026-09-07T11:54:52.013189+00:00,vast.ai,marketplace,RTX 6000Ada,0.5746296296296297,1,47.99,113.17050638309215,196.94512873628665,125.78,526.0,"South Korea, KR",0.989012,48629721
2026-09-07T11:54:52.013189+00:00,vast.ai,marketplace,RTX 5090,0.5925185185185186,1,31.84,199.4892653522608,336.6802203094787,45.98,1416.5,"Kansas, US",0.9266564,49932349
2026-09-07T11:54:52.013189+00:00,vast.ai,marketplace,RTX 4090,0.6009259259259259,1,23.99,96.93603835955032,161.31112700818855,62.78,420.8,"Arizona, US",0.9515131,49708333
2026-09-07T11:54:52.013189+00:00,vast.ai,marketplace,RTX 4090,0.6009259259259259,1,23.99,61.267526023234126,101.955205092593,110.03,1621.0,"Virginia, US",0.994961,13917962
2026-09-07T11:54:52.013189+00:00,vast.ai,marketplace,RTX 4090,0.6009259259259259,1,23.99,96.83114069721402,161.13656695376142,62.51,1511.0,"Texas, US",0.9958151,34094296
2026-09-07T11:54:52.013189+00:00,vast.ai,marketplace,RTX 5090,0.6009259259259259,1,31.84,199.03376551672807,331.2118131865429,125.96,513.0,"Utah, US",0.9530652,48248618
2026-09-07T11:54:52.013189+00:00,vast.ai,marketplace,RTX 4090,0.6013888888888889,1,23.99,97.0618037539243,161.39607090721825,83.85,867.1999999999999,"Slovakia, SK",0.9918804,39348309
2026-09-07T11:54:52.013189+00:00,vast.ai,marketplace,RTX 5090,0.6013888888888889,1,31.84,198.97404183405501,330.85752914669655,93.17,1570.6,"Ontario, CA",0.9787382,48818530
2026-09-07T11:54:52.013189+00:00,vast.ai,marketplace,RTX 5090,0.6017592592592592,1,31.84,198.66399216381865,330.13865446518565,83.92,635.9499999999999,"The Netherlands, NL",0.9795529,47172826
2026-09-07T11:54:52.013189+00:00,vast.ai,marketplace,RTX PRO 5000,0.6018518518518519,1,47.79,165.6535137784548,275.2396844318941,247.94,520.4000000000002,"India, IN",0.9951822,48494994
2026-09-07T11:54:52.013189+00:00,vast.ai,marketplace,RTX 5090,0.6023148148148147,1,31.84,199.5328085982445,331.27660766503317,125.96,471.625,"Hungary, HU",0.9502932,36766655
2026-09-07T11:54:52.013189+00:00,vast.ai,marketplace,RTX 4090,0.6046296296296296,1,47.99,123.69502138126602,204.57982096748438,62.97,538.7692307692308,"California, US",0.9950046,43022833
2026-09-07T11:54:52.013189+00:00,vast.ai,marketplace,GTX 1660 Ti,0.6069444444444444,1,6.0,2.4740447784639805,4.076229383281616,7.7,679.4000000000026,"Vietnam, VN",0.9928305,33521707
2026-09-07T11:54:52.013189+00:00,vast.ai,marketplace,RTX 5090,0.6133796296296297,1,31.84,199.10644669720355,324.60557390441517,41.71,812.3000000000002,"Denmark, DK",0.9981433,46826365
2026-09-07T11:54:52.013189+00:00,vast.ai,marketplace,RTX 5090,0.6147222222222223,1,31.84,198.4988752428156,322.9082471189047,47.17,224.27421875000005,"United Kingdom, GB",0.9907253,48313937
2026-09-07T11:54:52.013189+00:00,vast.ai,marketplace,RTX 5090,0.6211111111111111,1,31.84,100.57469360794367,161.9270558982993,62.78,362.5,"Virginia, US",0.996182,33085155
2026-09-07T11:54:52.013189+00:00,vast.ai,marketplace,RTX 6000Ada,0.6280555555555555,1,47.99,113.07526512411883,180.04022753066246,62.96,633.875,"Germany, DE",0.9986189,43933071
2026-09-07T11:54:52.013189+00:00,vast.ai,marketplace,RTX 6000Ada,0.6280555555555555,1,47.99,113.08479199298664,180.05539636211938,94.21,2025.85,"Oklahoma, US",0.9924022,49777130
2026-09-07T11:54:52.013189+00:00,vast.ai,marketplace,RTX 5090,0.6335925925925925,1,31.84,184.60100849735383,291.356008033469,47.05,845.1,"Taiwan, TW",0.9991302,49803433
2026-09-07T11:54:52.013189+00:00,vast.ai,marketplace,RTX 5090,0.6413888888888889,1,31.84,198.36678756163212,309.2769316682008,125.7,2911.0,"Minnesota, US",0.999177,46531587
2026-09-07T11:54:52.013189+00:00,vast.ai,marketplace,RTX 5090,0.6418518518518519,1,31.84,198.5319255741845,309.31113620905836,94.45,551.1046536284115,"The Netherlands, NL",0.9966461,45485617
2026-09-07T11:54:52.013189+00:00,vast.ai,marketplace,RTX 5090,0.6432407407407408,1,31.84,199.00735377352854,309.3823838713269,71.89,363.82587241606075,"Minnesota, US",0.9963671,48425188
2026-09-07T11:54:52.013189+00:00,vast.ai,marketplace,RTX 6000Ada,0.657037037037037,1,47.99,113.08479199298664,172.1132685349853,117.9,400.0,"California, US",0.9979576,50035529
2026-09-07T11:54:52.013189+00:00,vast.ai,marketplace,RTX 5090,0.6587777777777778,1,31.84,199.07338294739972,302.18594139426506,250.48,456.875,"Italy, IT",0.9965838,47343840
2026-09-07T11:54:52.013189+00:00,vast.ai,marketplace,RTX 4090,0.6674074074074073,1,23.99,97.03386640801217,145.3892559942469,125.87,2882.0,"Ohio, US",0.9935936,39952498
2026-09-07T11:54:52.013189+00:00,vast.ai,marketplace,A100 PCIE,0.6675925925925925,1,40.0,95.42012598057562,142.9316727586986,82.53,656.3,"Idaho, US",0.9957773,49317260
2026-09-07T11:54:52.013189+00:00,vast.ai,marketplace,A100 SXM4,0.6675925925925925,1,40.0,93.12299088860576,139.490749181268,125.96,473.5078093932307,"Slovenia, SI",0.9992153,31632919
2026-09-07T11:54:52.013189+00:00,vast.ai,marketplace,RTX 3060,0.6680555555555555,1,12.0,12.471838859875662,18.668864821435506,31.25,125.0,"South Africa, ZA",0.9666709,50108416
2026-09-07T11:54:52.013189+00:00,vast.ai,marketplace,RTX 6000Ada,0.6680555555555555,1,47.99,112.96089507636164,169.08907371097794,62.77,270.85198718141737,"Japan, JP",0.9814168,40396208
2026-09-07T11:54:52.013189+00:00,vast.ai,marketplace,RTX 4090,0.6680555555555555,1,23.99,97.0548199803455,145.2795642117438,62.57,3288.5,"Ohio, US",0.9943773,49470930
2026-09-07T11:54:52.013189+00:00,vast.ai,marketplace,RTX 5090,0.6680555555555555,1,31.84,199.38379891884597,298.45391937956157,62.21,1413.0,"Slovakia, SK",0.9808099,49829953
2026-09-07T11:54:52.013189+00:00,vast.ai,marketplace,RTX 5090,0.6680555555555555,1,31.84,198.59795917718924,297.27761041076144,141.69,434.1292428377975,"Iceland, IS",0.9989537,30193807
2026-09-07T11:54:52.013189+00:00,vast.ai,marketplace,RTX PRO 5000,0.6680555555555555,1,47.79,165.48813814829904,247.71613194755784,83.93,875.85,"Belgium, BE",0.9964896,49974696
2026-09-07T11:54:52.013189+00:00,vast.ai,marketplace,RTX PRO 5000,0.6680555555555555,1,47.79,165.6845079708195,248.01007430143463,94.36,1237.0,"France, FR",0.9872585,38260154
2026-09-07T11:54:52.013189+00:00,vast.ai,marketplace,RTX 3090,0.6685185185185185,1,24.0,44.36470379958797,66.36271482486843,251.15,2823.7,"Norway, NO",0.9969158,48980180
2026-09-07T11:54:52.013189+00:00,vast.ai,marketplace,RTX 4090,0.6689814814814814,1,47.99,125.457409563411,187.5349513197009,125.95,409.25,"Romania, RO",0.9966002,48289324
2026-09-07T11:54:52.013189+00:00,vast.ai,marketplace,RTX 4090,0.6689814814814814,1,23.99,97.73809914391943,146.0998575438519,110.13,369.814266855979,"Hungary, HU",0.9779507,49945359
2026-09-07T11:54:52.013189+00:00,vast.ai,marketplace,RTX 5090,0.6703703703703703,1,31.84,198.98094193209846,296.8223995672187,137.49,1357.0,"California, US",0.9963739,49868115
2026-09-07T11:54:52.013189+00:00,vast.ai,marketplace,GTX 1660,0.673611111111111,1,6.0,2.316471688407048,3.4388858054702576,7.71,669.4000000000026,"Vietnam, VN",0.9924028,33521216
2026-09-07T11:54:52.013189+00:00,vast.ai,marketplace,RTX 5090,0.6809259259259259,1,31.84,93.9392677641001,137.95813052111518,62.79,393.0,"Maryland, US",0.9895742,48468119
2026-09-07T11:54:52.013189+00:00,vast.ai,marketplace,RTX 5090,0.6809259259259259,1,31.84,101.9935897003379,149.7866152792561,62.79,40.0,"Maryland, US",0.9965552,47346088
2026-09-07T11:54:52.013189+00:00,vast.ai,marketplace,RTX 5090,0.6809259259259259,1,31.84,96.31800533076097,141.4515172113433,62.79,8.0,"Maryland, US",0.9966646,47351539
2026-09-07T11:54:52.013189+00:00,vast.ai,marketplace,RTX 6000Ada,0.6837037037037037,1,47.99,113.15146300519584,165.49780612894298,117.9,696.0,"California, US",0.9976286,49434661
2026-09-07T11:54:52.013189+00:00,vast.ai,marketplace,RTX 4090,0.7083333333333334,1,23.99,97.39078210772227,137.49286885796084,167.97,518.1666666666666,"Washington, US",0.9974044,41755379
2026-09-07T11:54:52.013189+00:00,vast.ai,marketplace,RTX 4090,0.7089814814814814,1,23.99,97.07255672777268,136.91832475642485,125.96,1112.5,"Maryland, US",0.9988498,49212917
2026-09-07T11:54:52.013189+00:00,vast.ai,marketplace,RTX 4090,0.7209814814814814,1,47.99,125.41335448404905,173.9480939598451,125.75,1475.0,"Washington, US",0.9936944,39518987
2026-09-07T11:54:52.013189+00:00,vast.ai,marketplace,RTX PRO 5000,0.7339074074074076,1,47.79,165.82909026353855,225.95369468928564,125.88,1071.25,"Czechia, CZ",0.9982618,39309139
2026-09-07T11:54:52.013189+00:00,vast.ai,marketplace,RTX 6000Ada,0.7342592592592593,1,47.99,116.95948558944895,159.2890850398548,251.94,161.875,"Taiwan, TW",0.998616,26051037
2026-09-07T11:54:52.013189+00:00,vast.ai,marketplace,RTX 5090,0.7342592592592593,1,31.84,199.03376551672807,271.0674234023535,62.39,1686.0,"Japan, JP",0.996248,50127610
2026-09-07T11:54:52.013189+00:00,vast.ai,marketplace,RTX 5880Ada,0.7356481481481482,1,47.99,106.9787766970841,145.42111873234842,125.96,681.9708263200475,"United Kingdom, GB",0.9975761,44120926
2026-09-07T11:54:52.013189+00:00,vast.ai,marketplace,A100 SXM4,0.7480555555555556,1,40.0,95.54304763102488,127.72186092524677,125.92,348.4,"Massachusetts, US",0.9962601,46709205
2026-09-07T11:54:52.013189+00:00,vast.ai,marketplace,RTX 5090,0.7693888888888888,1,31.84,198.98094193209846,258.6220633098255,500.96,1661.3136400264905,"Italy, IT",0.9841258,50131141
2026-09-07T11:54:52.013189+00:00,vast.ai,marketplace,RTX 5090,0.7758595555555555,1,31.84,196.78156256760857,253.63039116880222,31.22,3269.0,"Florida, US",0.9985512,48603608
2026-09-07T11:54:52.013189+00:00,vast.ai,marketplace,RTX 6000Ada,0.7880555555555555,1,47.99,113.15146300519584,143.58310427166197,167.85,2592.2302807984033,"North Carolina, US",0.9945595,36884542
2026-09-07T11:54:52.013189+00:00,vast.ai,marketplace,RTX 4090,0.7880555555555555,1,23.99,97.24764363369964,123.40201518551946,62.38,2595.7,"India, IN",0.9980482,48116846
2026-09-07T11:54:52.013189+00:00,vast.ai,marketplace,RTX 5090,0.7885185185185185,1,31.84,199.0272012104265,252.4065022396203,60.53,705.0,"Florida, US",0.9862908,48848482
2026-09-07T11:54:52.013189+00:00,vast.ai,marketplace,L40S,0.8013888888888888,1,44.99,93.46935562038495,116.63420458696216,251.94,224.5926512018752,"Taiwan, TW",0.9978153,25990407
2026-09-07T11:54:52.013189+00:00,vast.ai,marketplace,RTX 4080S,0.8023148148148147,1,15.99,55.682024015840724,69.40171487260011,503.48,6097.3,"Norway, NO",0.998929,13721306
2026-09-07T11:54:52.013189+00:00,vast.ai,marketplace,A100 SXM4,0.8275925925925925,1,40.0,95.4049366281017,115.2800755855335,62.97,532.1527861683453,"Czechia, CZ",0.9924963,44397669
2026-09-07T11:54:52.013189+00:00,vast.ai,marketplace,A100 SXM4,0.8275925925925925,1,40.0,95.39163501294603,115.26400292457117,62.97,507.9826353671488,"Czechia, CZ",0.9972742,30895674
2026-09-07T11:54:52.013189+00:00,vast.ai,marketplace,RTX 5090,0.8289814814814814,1,31.84,199.2382637408297,240.3410307607462,125.95,783.7625,"Hungary, HU",0.9890897,49018600
2026-09-07T11:54:52.013189+00:00,vast.ai,marketplace,A100 SXM4,0.8332639209629633,1,40.0,95.43530202363641,114.53190234535343,87.53,454.0,"Germany, DE",0.9955335,50136627
2026-09-07T11:54:52.013189+00:00,vast.ai,marketplace,RTX PRO 5000,0.8547222222222223,1,47.79,165.50881685627,193.64047470996812,62.96,687.125,"Czechia, CZ",0.9889589,44408376
2026-09-07T11:54:52.013189+00:00,vast.ai,marketplace,RTX PRO 5000,0.8547222222222223,1,47.79,165.23984283785595,193.32578297571706,62.96,326.0426360125758,"Czechia, CZ",0.9916748,48330155
2026-09-07T11:54:52.013189+00:00,vast.ai,marketplace,RTX 5090,0.8680555555555556,1,31.84,199.57485514778128,229.91023313024402,91.86,3302.95,"Washington, US",0.9932569,47725584
2026-09-07T11:54:52.013189+00:00,vast.ai,marketplace,RTX 5090,0.8680555555555556,1,31.84,198.22816305027933,228.35884383392178,94.44,361.5043731565843,"Quebec, CA",0.9501076,49760569
2026-09-07T11:54:52.013189+00:00,vast.ai,marketplace,RTX 5090,0.8680555555555556,1,31.84,199.13405118902563,229.40242696975753,53.93,115.71428571428571,"Quebec, CA",0.9505754,50088753
2026-09-07T11:54:52.013189+00:00,vast.ai,marketplace,RTX 5090,0.8680555555555556,1,31.84,198.6904051859734,228.89134677424133,59.02,506.625,"Alberta, CA",0.9972179,45028234
2026-09-07T11:54:52.013189+00:00,vast.ai,marketplace,RTX 4090,0.8689814814814815,1,47.99,125.58070267920019,144.51482034473756,125.87,2954.5,"Washington, US",0.9983226,46255395
2026-09-07T11:54:52.013189+00:00,vast.ai,marketplace,RTX 5090,0.8712962962962963,1,31.84,198.40641412645655,227.7140565957206,41.94,666.0,"California, US",0.9963531,45618801
2026-09-07T11:54:52.013189+00:00,vast.ai,marketplace,RTX 5090,0.8947222222222223,1,31.84,199.4955826775683,222.96929451699654,251.76,1258.448515590886,"Quebec, CA",0.9965255,48215003
2026-09-07T11:54:52.013189+00:00,vast.ai,marketplace,A100 SXM4,0.9342592592592591,1,40.0,95.43530202363641,102.15076926216783,216.26,266.0,"Arizona, US",0.9576265,49678088
2026-09-07T11:54:52.013189+00:00,vast.ai,marketplace,A100 SXM4,0.9351851851851851,1,40.0,95.38973394857916,102.00090362818366,251.96,2557.046040146015,"California, US",0.9982824,39460476
2026-09-07T11:54:52.013189+00:00,vast.ai,marketplace,RTX 5090,0.935648148148148,1,31.84,198.8884997131652,212.56761968354127,30.46,3048.0,"Spain, ES",0.9993206,28841131
2026-09-07T11:54:52.013189+00:00,vast.ai,marketplace,RTX 5090,0.935648148148148,1,31.84,199.15261714619382,212.8499025412067,61.92,3305.7,"Spain, ES",0.9991599,28154504
2026-09-07T11:54:52.013189+00:00,vast.ai,marketplace,RTX 5090,0.935648148148148,1,31.84,198.86208742938717,212.53939082012684,60.47,929.0,"The Netherlands, NL",0.9876178,43153899
2026-09-07T11:54:52.013189+00:00,vast.ai,marketplace,RTX 5090,0.936574074074074,1,31.84,198.74323093471222,212.20236224368682,94.4,747.975,"Spain, ES",0.9982757,31191994
2026-09-07T11:54:52.013189+00:00,vast.ai,marketplace,RTX 5090,0.936574074074074,1,31.84,198.57154580997442,212.01905039522728,125.96,276.0,"Spain, ES",0.9991836,27039361
2026-09-07T11:54:52.013189+00:00,vast.ai,marketplace,RTX 5090,0.936574074074074,1,31.84,198.32061389793702,211.75112507145033,62.96,283.375,"Spain, ES",0.9986159,26371146
2026-09-07T11:54:52.013189+00:00,vast.ai,marketplace,RTX 5090,0.9374999999999999,1,31.84,182.00395099997516,194.13754773330686,94.43,650.8500000000001,"Czechia, CZ",0.9241882,49900243
2026-09-07T11:54:52.013189+00:00,vast.ai,marketplace,RTX 5090,0.9379629629629629,1,31.84,199.29134938405377,212.4725146444009,61.47,573.8000000000002,"Texas, US",0.9972489,49164831
2026-09-07T11:54:52.013189+00:00,vast.ai,marketplace,RTX 4090,0.946722222222222,1,47.99,125.55429029862785,132.61998857903302,107.97,398.37394997298884,"Washington, US",0.9933669,48484837
2026-09-07T11:54:52.013189+00:00,vast.ai,marketplace,RTX A2000,0.9574814814814815,1,5.99,8.576597161264104,8.957454872123272,125.5,6420.8,"British Columbia, CA",0.9908477,48708879
2026-09-07T11:54:52.013189+00:00,vast.ai,marketplace,RTX 5090,0.960925925925926,1,31.84,198.37000620594858,206.4363140320143,62.94,1439.5,"Czechia, CZ",0.9019504,47627485
2026-09-07T11:54:52.013189+00:00,vast.ai,marketplace,RTX 5090,0.960925925925926,1,31.84,198.03005000695768,206.08253421421688,62.95,636.0,"Czechia, CZ",0.9951894,46900072
2026-09-07T11:54:52.013189+00:00,vast.ai,marketplace,RTX 5090,0.961388888888889,1,31.84,199.8064100431405,207.83099571086555,62.08,959.8000000000001,"Czechia, CZ",0.9946481,48083247
2026-09-07T11:54:52.013189+00:00,vast.ai,marketplace,RTX 5090,0.9663148148148147,1,31.84,112.02323756912455,115.92830395608988,94.42,2823.125,"Hungary, HU",0.9958816,49174084
2026-09-07T11:54:52.013189+00:00,vast.ai,marketplace,RTX A4000,0.9704444444444443,1,15.99,21.188393779682055,21.833700940821906,125.5,6436.8,"British Columbia, CA",0.9870305,48544090
2026-09-07T11:54:52.013189+00:00,vast.ai,marketplace,RTX 5090,1.0687037037037037,1,31.84,198.88191551155515,186.09640335512006,70.83,450.5,"Hungary, HU",0.9872964,40694887
2026-09-07T11:54:52.013189+00:00,vast.ai,marketplace,RTX 5090,1.0689814814814815,1,31.84,198.82908360763275,185.99862303702326,94.42,969.25,"Hungary, HU",0.9946405,49155142
2026-09-07T11:54:52.013189+00:00,vast.ai,marketplace,RTX 5090,1.0827777777777778,1,31.84,199.09979444513232,183.87872242239,125.64,2692.0,"Italy, IT",0.9945423,47802004
2026-09-07T11:54:52.013189+00:00,vast.ai,marketplace,RTX 5090,1.086961185185185,1,31.84,199.07338294739972,183.14672654431877,62.56,1285.0,"Pennsylvania, US",0.9936514,50060200
2026-09-07T11:54:52.013189+00:00,vast.ai,marketplace,RTX PRO 5000,1.0876555555555556,1,47.79,165.6845079708195,152.33178107217108,68.33,982.5,"California, US",0.9922155,49725394
2026-09-07T11:54:52.013189+00:00,vast.ai,marketplace,RTX 5090,1.0953703703703703,1,31.84,198.47245790498954,181.19210020066672,94.42,1340.625,"Hungary, HU",0.9907205,32292339
2026-09-07T11:54:52.013189+00:00,vast.ai,marketplace,RTX 3060,1.1063148148148148,1,12.0,12.414696229085743,11.22166680120236,755.41,6633.9,"Vietnam, VN",0.9938087,50143650
2026-09-07T11:54:52.013189+00:00,vast.ai,marketplace,RTX 4090,1.136462962962963,1,23.99,96.8508488109331,85.22129798090872,881.76,6617.0,"Quebec, CA",0.9899023,20266704
2026-09-07T11:54:52.013189+00:00,vast.ai,marketplace,RTX PRO 6000 WS,1.1393518518518517,1,95.59,282.5669114430435,248.0067162604527,94.35,2654.5,"Beijing, CN",0.9841208,50041230
2026-09-07T11:54:52.013189+00:00,vast.ai,marketplace,RTX PRO 5000,1.1475925925925927,1,47.79,165.30194279338878,144.04235776735507,125.84,804.6,"Arizona, US",0.9523406,50105188
2026-09-07T11:54:52.013189+00:00,vast.ai,marketplace,RTX PRO 6000 Max-Q,1.1613888888888888,1,95.59,5.734952743168364,4.938012407415956,125.76,1854.5090603399187,"Ohio, US",0.9718515,47585465
2026-09-07T11:54:52.013189+00:00,vast.ai,marketplace,RTX 5090,1.2000555555555557,1,31.84,199.17901616372103,165.97482944988556,251.78,1402.0,"Washington, US",0.9971627,46558542
2026-09-07T11:54:52.013189+00:00,vast.ai,marketplace,RTX PRO 5000,1.2432407407407406,1,47.79,165.83941396375195,133.39284060538625,62.88,1058.0,"Czechia, CZ",0.9982378,40114414
2026-09-07T11:54:52.013189+00:00,vast.ai,marketplace,RTX PRO 6000 WS,1.2680555555555555,1,95.59,283.44348923787163,223.5260813266896,249.01,2920.7,"Nevada, US",0.5934035,49722127
2026-09-07T11:54:52.013189+00:00,vast.ai,marketplace,A100 PCIE,1.3096666666666668,1,40.0,95.00333975662812,72.54009144054068,125.96,1460.393867700553,"Japan, JP",0.9936693,46773557
2026-09-07T11:54:52.013189+00:00,vast.ai,marketplace,RTX 3090,1.3347222222222221,1,24.0,44.362075122503484,33.23693453507025,62.72,441.0,"Washington, US",0.9688901,50123795
2026-09-07T11:54:52.013189+00:00,vast.ai,marketplace,RTX A2000,1.3347222222222221,1,5.99,8.574884920896874,6.4244715328259625,31.16,768.0,"British Columbia, CA",0.9707941,46186923
2026-09-07T11:54:52.013189+00:00,vast.ai,marketplace,RTX PRO 6000 WS,1.4396481481481482,1,95.59,282.7227536962681,196.38323020797876,188.92,264.875,"Poland, PL",0.9948175,37051756
2026-09-07T11:54:52.013189+00:00,vast.ai,marketplace,RTX PRO 6000 S,1.4597222222222224,1,95.59,12.979374419460202,8.891674197917549,377.39,9757.5,"Montana, US",0.9705601,44176946
2026-09-07T11:54:52.013189+00:00,vast.ai,marketplace,RTX PRO 6000 WS,1.4675925925925928,1,95.59,249.1004864079905,169.7340853757916,125.75,49.5,"Slovakia, SK",0.9976959,31985333
2026-09-07T11:54:52.013189+00:00,vast.ai,marketplace,RTX PRO 6000 WS,1.4675925925925928,1,95.59,283.44348923787163,193.13499582138886,91.74,3176.6,"Alberta, CA",0.9646417,49270977
2026-09-07T11:54:52.013189+00:00,vast.ai,marketplace,RTX PRO 6000 Max-Q,1.4680555555555557,1,95.59,283.1460504995976,192.8714818918735,188.27,683.0,"Romania, RO",0.9833532,49870079
2026-09-07T11:54:52.013189+00:00,vast.ai,marketplace,RTX PRO 6000 WS,1.4689814814814817,1,95.59,283.75514094198843,193.1645459926552,125.56,1293.0,"Australia, AU",0.9963629,42467420
2026-09-07T11:54:52.013189+00:00,vast.ai,marketplace,RTX PRO 6000 WS,1.4713055555555556,1,95.59,282.54743097248956,192.03858090904947,215.93,169.28571428571428,"Bulgaria, BG",0.9991595,50126657
2026-09-07T11:54:52.013189+00:00,vast.ai,marketplace,RTX PRO 6000 WS,1.4956481481481483,1,95.59,283.4045320237227,189.4860983010094,83.8,1997.8999999999999,"Texas, US",0.9888091,49477674
2026-09-07T11:54:52.013189+00:00,vast.ai,marketplace,RTX PRO 6000 S,1.5342592592592592,1,95.59,279.4490605951443,182.13939978440305,94.42,1412.625,"Bulgaria, BG",0.9896801,48388061
2026-09-07T11:54:52.013189+00:00,vast.ai,marketplace,RTX 5090,1.6007407407407406,1,31.84,198.9017058181739,124.25604019182545,251.04,6786.83240008135,"Texas, US",0.9647278,50099318
2026-09-07T11:54:52.013189+00:00,vast.ai,marketplace,RTX PRO 6000 WS,1.6013888888888888,1,95.59,283.32661709420836,176.92555447339987,91.88,1476.0,"California, US",0.9571754,48249653
2026-09-07T11:54:52.013189+00:00,vast.ai,marketplace,RTX PRO 6000 S,1.6013888888888888,1,95.59,278.9265013174149,174.17786725805612,94.47,16.75,"Australia, AU",0.9966867,50133438
2026-09-07T11:54:52.013189+00:00,vast.ai,marketplace,RTX PRO 5000,1.6685185185185185,1,47.79,165.82909026353855,99.38702413131057,503.52,9749.621140048775,"Texas, US",0.9989336,49700895
2026-09-07T11:54:52.013189+00:00,vast.ai,marketplace,RTX 5090,1.6689814814814816,1,31.84,198.65078561578386,119.0251586491243,125.76,711.65,"Norway, NO",0.9983996,29801200
2026-09-07T11:54:52.013189+00:00,vast.ai,marketplace,RTX PRO 6000 Max-Q,1.9342592592592596,1,95.59,283.3955272550594,146.51372399974346,83.84,88.20000000000023,"Czechia, CZ",0.9833456,47868568
2026-09-07T11:54:52.013189+00:00,vast.ai,marketplace,RTX PRO 6000 WS,1.940277777777778,1,95.59,283.24870149612656,145.98358273243457,125.32,2622.0,"Texas, US",0.9889367,50005350
2026-09-07T11:54:52.013189+00:00,vast.ai,marketplace,RTX PRO 6000 WS,2.0012962962962964,1,95.59,283.2681804583436,141.54234981725318,125.81,1245.0,"Tennessee, US",0.9796498,50143182
2026-09-07T11:54:52.013189+00:00,vast.ai,marketplace,RTX PRO 6000 WS,2.001388888888889,1,95.59,283.1318268447069,141.467671983476,251.5,1438.0,"New Jersey, US",0.9436089,49077058
2026-09-07T11:54:52.013189+00:00,vast.ai,marketplace,H100 NVL,2.1347222222222224,1,93.58,136.8260365694851,64.09547581654473,313.72,110.13916463645432,"The Netherlands, NL",0.9927841,47931040
2026-09-07T11:54:52.013189+00:00,vast.ai,marketplace,RTX PRO 6000 Max-Q,2.2069444444444444,1,95.59,283.5992158785752,128.50310599910267,754.51,1122.0,"Texas, US",0.9963721,47655702
2026-09-07T11:54:52.013189+00:00,vast.ai,marketplace,H100 PCIE,2.534259259259259,1,79.65,255.09282823300396,100.65774734806149,221.18,18.0,", US",0.9864013,48591365
2026-09-07T11:54:52.013189+00:00,vast.ai,marketplace,H100 NVL,2.6680555555555556,1,93.58,377.6575398543442,141.54785460443924,181.07,2698.2578566227085,"Bulgaria, BG",0.9936616,24548928
2026-09-07T11:54:52.013189+00:00,vast.ai,marketplace,H100 NVL,2.701388888888889,1,93.58,377.87248835609506,139.88081831176785,125.79,263.0,"Japan, JP",0.9996155,13527066
2026-09-07T11:54:52.013189+00:00,vast.ai,marketplace,H100 NVL,2.7080555555555557,1,93.58,347.89819515802355,128.4678944064914,314.69,419.291122184421,"United Kingdom, GB",0.9713082,50148837
2026-09-07T11:54:52.013189+00:00,vast.ai,marketplace,H100 NVL,2.7747222222222203,1,93.58,347.8589552629218,125.36712773516062,314.69,303.3,"Ireland, IE",0.9805118,50153668
2026-09-07T11:54:52.013189+00:00,vast.ai,marketplace,H100 NVL,2.8013888888888894,1,93.58,347.78237086898434,124.1464090360281,314.69,303.0,"Germany, DE",0.9600347,50153834
2026-09-07T11:54:52.013189+00:00,vast.ai,marketplace,H100 NVL,2.817592591111111,1,93.58,377.5448800872081,133.9955539627268,188.62,2336.5,"Romania, RO",0.994264,48393942
2026-09-07T11:54:52.013189+00:00,vast.ai,marketplace,H100 PCIE,2.9342592592592593,1,79.65,256.0500834939405,87.26225628698509,62.84,645.5693525992784,"Czechia, CZ",0.9658496,49516579
2026-09-07T11:54:52.013189+00:00,vast.ai,marketplace,H100 PCIE,3.0680555555555555,1,79.65,255.80094344663658,83.37559043982722,188.94,346.5,"United Arab Emirates, AE",0.9863554,48991234
2026-09-07T11:54:52.013189+00:00,vast.ai,marketplace,H100 PCIE,3.0680555555555555,1,79.65,255.7951411331696,83.37369923761074,188.94,224.493776893829,"United Arab Emirates, AE",0.9954016,46096698
2026-09-07T11:54:52.013189+00:00,vast.ai,marketplace,H100 NVL,3.110740740740741,1,93.58,377.5216661890654,121.36069754857441,188.94,585.25,"Czechia, CZ",0.9962891,31183486
2026-09-07T11:54:52.013189+00:00,vast.ai,marketplace,H200 NVL,3.601388888888889,1,140.4,431.2599004936239,119.74821764574206,181.06,146.125,"Bulgaria, BG",0.9937745,44335863
2026-09-07T11:54:52.013189+00:00,vast.ai,marketplace,H200 NVL,3.6069444444444447,1,140.4,438.60104954799965,121.59905878881776,125.77,1291.0,"Washington, US",0.996393,44499509
2026-09-07T11:54:52.013189+00:00,vast.ai,marketplace,H100 SXM,3.695277777777778,1,79.65,260.06525640634317,70.37772856219163,125.94,1302.0369008852315,"Czechia, CZ",0.9876024,48704107
2026-09-07T11:54:52.013189+00:00,vast.ai,marketplace,H200 NVL,3.7480555555555557,1,140.4,396.39869216463916,105.76115702902993,214.36,155.2142857142857,"Mississippi, US",0.9610734,49881904
2026-09-07T11:54:52.013189+00:00,vast.ai,marketplace,H200 NVL,3.9669444444444455,1,140.4,391.14099207177946,98.6000680245365,125.76,633.5,"Washington, US",0.9968421,48497455
2026-09-07T11:54:52.013189+00:00,vast.ai,marketplace,H200,3.9755116959064325,1,140.4,493.7242003882414,124.19135903854266,377.93,2464.0659661687573,"Saudi Arabia, SA",0.9984909,39605027
2026-09-07T11:54:52.013189+00:00,vast.ai,marketplace,H200 NVL,4.006944444444445,1,140.4,452.0507604435458,112.81682756303395,188.39,486.125,"Texas, US",0.9849004,49880245
2026-09-07T11:54:52.013189+00:00,vast.ai,marketplace,H200 NVL,4.129388888888889,1,140.4,452.62554976033726,109.61078308178598,188.86,346.0,"Texas, US",0.9948674,28418866
2026-09-07T11:54:52.013189+00:00,vast.ai,marketplace,H200 NVL,4.504166666666666,1,140.4,452.83932404849514,100.53787027903685,283.35,1601.5,"Czechia, CZ",0.9994882,28875919
2026-09-07T11:54:52.013189+00:00,vast.ai,marketplace,H200,5.001370614035087,1,140.4,492.99101996795366,98.57118338411044,251.95,2648.125,", US",0.9981075,36326115
2026-09-07T11:54:52.013189+00:00,vast.ai,marketplace,H100 SXM,5.321388888888889,1,79.65,318.48502736032293,59.84998165146747,221.46,2162.975,", US",0.9967096,46368151
2026-09-07T11:54:52.013189+00:00,vast.ai,marketplace,H200 NVL,5.444537037037038,1,140.4,452.8518824455474,83.17546181887913,251.93,1635.125,"Czechia, CZ",0.9976323,21829059
2026-09-07T11:54:52.013189+00:00,vast.ai,marketplace,B200,5.631510416666667,1,179.06,509.8529617310624,90.53573979409386,354.07,1417.1,"Virginia, US",0.9545328,49853949
2026-09-07T11:54:52.013189+00:00,vast.ai,marketplace,H100 SXM,6.334722222222222,1,79.65,319.0089983941849,50.358798255604725,221.46,2030.2608885416444,", US",0.9976382,36346695
2026-09-07T11:54:52.013189+00:00,vast.ai,marketplace,RTX PRO 6000 Max-Q,6.668981481481482,1,95.59,283.2292224921032,42.469636972089056,335.9,1676.1,"Australia, AU",0.9633425,49402015
2026-09-07T11:54:52.013189+00:00,vast.ai,marketplace,B200,7.506510416666668,1,179.06,698.2143428832885,93.01450396086132,249.5,2445.110864942106,", US",0.9750232,50002676
2026-09-07T11:54:52.013189+00:00,vast.ai,marketplace,B200,7.506510416666668,1,179.06,679.0612274039606,90.4629701034244,249.5,25.945873386976018,"Ohio, US",0.9812754,49801745
2026-09-07T11:54:52.013189+00:00,vast.ai,marketplace,B200,7.751302083333333,1,179.06,556.0537176732471,71.73681424039204,377.94,269.375,", US",0.9681705,46064164
2026-09-07T11:54:52.013189+00:00,vast.ai,marketplace,B200,8.379340277777777,1,179.06,509.8529617310624,60.846432395543765,354.07,1785.0,"Virginia, US",0.9804054,48796642
2026-09-07T11:54:52.013189+00:00,vast.ai,marketplace,B200,9.994010416666665,1,179.06,661.8220009452456,66.22186423195517,283.43,270.2679608543612,"Maryland, US",0.998687,49410052
2026-09-07T11:54:52.013189+00:00,vast.ai,marketplace,RTX 5090,26.668055555555558,1,31.84,183.3439936417913,6.875041686479335,251.53,1535.4,"Latvia, LV",0.9493955,49947942
2026-09-07T11:54:52.013189+00:00,vast.ai,marketplace,RTX 5090,53.33435185185186,1,31.84,199.21864497077152,3.735278259762977,60.44,3268.0,"Ukraine, UA",0.99784,46363452
