collected_at,provider,tier,gpu_model,price_usd_per_hr,num_gpus,gpu_ram_gb,dlperf,dlperf_per_dollar,cpu_ram_gb,disk_space_gb,region,reliability,offer_id
2026-09-08T10:51:33.199253+00:00,vast.ai,marketplace,GTX 1660 S,0.0457962962962963,1,6.0,1.724191995348428,37.64915800599074,15.56,216.0,"Oregon, US",0.9661056,50115743
2026-09-08T10:51:33.199253+00:00,vast.ai,marketplace,RTX 3060,0.04736111111111111,1,12.0,12.26615158836682,258.9920569977745,31.32,141.5,"Vietnam, VN",0.9748193,50229758
2026-09-08T10:51:33.199253+00:00,vast.ai,marketplace,GTX 1080 Ti,0.04805555555555556,1,11.0,5.452482750470743,113.46206879592297,15.57,174.0,"Spain, ES",0.9440953,50047470
2026-09-08T10:51:33.199253+00:00,vast.ai,marketplace,GTX 1080,0.04805555555555556,1,8.0,3.351404206277043,69.7402031364009,10.46,249.79269086129892,"South Korea, KR",0.9669981,50018377
2026-09-08T10:51:33.199253+00:00,vast.ai,marketplace,GTX 1070,0.04805555555555556,1,8.0,2.4978679556144425,51.97875514573406,7.78,180.1,"South Korea, KR",0.9978009,50037971
2026-09-08T10:51:33.199253+00:00,vast.ai,marketplace,GTX 1070,0.04805555555555556,1,8.0,2.6128927489656055,54.37233466055595,15.61,115.19999999999999,"South Korea, KR",0.9976076,47671684
2026-09-08T10:51:33.199253+00:00,vast.ai,marketplace,GTX 1070,0.04805555555555556,1,8.0,2.6128927489656055,54.37233466055595,8.96,178.7142857142857,"South Korea, KR",0.9911747,48484309
2026-09-08T10:51:33.199253+00:00,vast.ai,marketplace,GTX 1070,0.04805555555555556,1,8.0,2.5135531547077825,52.305152352300674,8.96,47.672672199696606,"South Korea, KR",0.9970087,47060235
2026-09-08T10:51:33.199253+00:00,vast.ai,marketplace,Titan Xp,0.04805555555555556,1,12.0,5.757466410549852,119.80854958369633,8.96,78.85714285714285,"South Korea, KR",0.9961417,48455480
2026-09-08T10:51:33.199253+00:00,vast.ai,marketplace,GTX TITAN X,0.04805555555555556,1,12.0,3.355057349444435,69.81622230057783,7.76,122.0,"South Korea, KR",0.997184,45748279
2026-09-08T10:51:33.199253+00:00,vast.ai,marketplace,GTX 1650,0.04805555555555556,1,4.0,1.2522539465998532,26.058463628667464,11.75,73.20741994015833,"Oregon, US",0.9863776,50115691
2026-09-08T10:51:33.199253+00:00,vast.ai,marketplace,RTX 3060,0.04898148148148149,1,12.0,12.273611407557551,250.57656559852842,23.59,324.825,"United States, US",0.9946144,50121239
2026-09-08T10:51:33.199253+00:00,vast.ai,marketplace,GTX 1080,0.049388888888888885,1,8.0,3.330490607485923,67.43400555089609,10.46,243.48317737416318,"South Korea, KR",0.9934754,43057229
2026-09-08T10:51:33.199253+00:00,vast.ai,marketplace,GTX 1080,0.049388888888888885,1,8.0,3.330490607485923,67.43400555089609,15.54,117.30000000000001,"South Korea, KR",0.998571,43071595
2026-09-08T10:51:33.199253+00:00,vast.ai,marketplace,GTX 1080,0.049388888888888885,1,8.0,3.351404206277043,67.85745299548569,15.52,146.0,"South Korea, KR",0.9961824,45045921
2026-09-08T10:51:33.199253+00:00,vast.ai,marketplace,GTX 1080,0.050722222222222224,1,8.0,3.351404206277043,66.07368643262517,15.52,97.30000000000001,"South Korea, KR",0.9988331,43070750
2026-09-08T10:51:33.199253+00:00,vast.ai,marketplace,GTX 1080,0.050722222222222224,1,8.0,3.330490607485923,65.66137013663375,10.46,260.5,"South Korea, KR",0.995941,43057689
2026-09-08T10:51:33.199253+00:00,vast.ai,marketplace,GTX 1080,0.050722222222222224,1,8.0,3.330490607485923,65.66137013663375,31.37,31.71355907516039,"South Korea, KR",0.9972517,47674510
2026-09-08T10:51:33.199253+00:00,vast.ai,marketplace,RTX 3060,0.050722222222222224,1,12.0,12.548035631767766,247.38733994722867,10.46,198.0,"South Korea, KR",0.9774569,43057253
2026-09-08T10:51:33.199253+00:00,vast.ai,marketplace,RTX 3060,0.050722222222222224,1,12.0,12.265403621581047,241.81518640575996,15.56,78.0,"South Korea, KR",0.9901091,50036201
2026-09-08T10:51:33.199253+00:00,vast.ai,marketplace,RTX 3060,0.05159259259259259,1,12.0,12.04541429711627,233.47177747461544,15.63,320.5,"Poland, PL",0.9978061,45601904
2026-09-08T10:51:33.199253+00:00,vast.ai,marketplace,GTX 1070 Ti,0.052055555555555556,1,8.0,3.1639660771116267,60.780564981866895,10.46,180.0,"South Korea, KR",0.9973253,43057537
2026-09-08T10:51:33.199253+00:00,vast.ai,marketplace,GTX 1070 Ti,0.052055555555555556,1,8.0,3.1639660771116267,60.780564981866895,10.46,211.16666666666666,"South Korea, KR",0.9952711,43057494
2026-09-08T10:51:33.199253+00:00,vast.ai,marketplace,RTX 3060,0.052055555555555556,1,12.0,12.330585699091085,236.87357799748082,15.52,77.0,"South Korea, KR",0.9975121,43056812
2026-09-08T10:51:33.199253+00:00,vast.ai,marketplace,RTX 3060,0.052055555555555556,1,12.0,12.407836284181814,238.35758069933047,10.46,168.0,"South Korea, KR",0.9976355,43062658
2026-09-08T10:51:33.199253+00:00,vast.ai,marketplace,Quadro P4000,0.05472222222222223,1,8.0,2.0836915595552954,38.077612255832804,30.91,490.0,"Romania, RO",0.9973593,44056938
2026-09-08T10:51:33.199253+00:00,vast.ai,marketplace,GTX 1080 Ti,0.05472222222222223,1,11.0,5.316102491579529,97.14705060754468,18.85,21.400000000000002,"Quebec, CA",0.9980258,49328818
2026-09-08T10:51:33.199253+00:00,vast.ai,marketplace,GTX 1080 Ti,0.05472222222222223,1,11.0,5.212453494822205,95.25295726578649,31.28,73.0,"South Korea, KR",0.9970255,40234662
2026-09-08T10:51:33.199253+00:00,vast.ai,marketplace,GTX 1080 Ti,0.05472222222222223,1,11.0,5.212453494822205,95.25295726578649,62.66,41.0,"South Korea, KR",0.9979004,49396017
2026-09-08T10:51:33.199253+00:00,vast.ai,marketplace,GTX 1080 Ti,0.05472222222222223,1,11.0,5.384292621025136,98.39316464817506,31.29,71.0,"South Korea, KR",0.9984382,37709426
2026-09-08T10:51:33.199253+00:00,vast.ai,marketplace,Titan Xp,0.05472222222222223,1,12.0,5.757466410549852,105.21258415218003,8.96,100.69999999999999,"South Korea, KR",0.9964928,32784734
2026-09-08T10:51:33.199253+00:00,vast.ai,marketplace,Titan Xp,0.05472222222222223,1,12.0,5.757466410549852,105.21258415218003,10.45,235.84522167989508,"South Korea, KR",0.9963547,48369191
2026-09-08T10:51:33.199253+00:00,vast.ai,marketplace,Titan Xp,0.05472222222222223,1,12.0,5.757466410549852,105.21258415218003,18.85,21.400000000000002,"Quebec, CA",0.9980258,49328820
2026-09-08T10:51:33.199253+00:00,vast.ai,marketplace,GTX TITAN X,0.05472222222222223,1,12.0,3.355057349444435,61.31069268020287,15.51,147.0,"South Korea, KR",0.9968102,40865803
2026-09-08T10:51:33.199253+00:00,vast.ai,marketplace,GTX TITAN X,0.05472222222222223,1,12.0,3.355057349444435,61.31069268020287,15.51,117.30000000000001,"South Korea, KR",0.9917312,47194499
2026-09-08T10:51:33.199253+00:00,vast.ai,marketplace,GTX TITAN X,0.05472222222222223,1,12.0,3.355057349444435,61.31069268020287,15.5,164.0,"South Korea, KR",0.9943758,48612705
2026-09-08T10:51:33.199253+00:00,vast.ai,marketplace,RTX 3060,0.05472222222222223,1,12.0,12.335948398435573,225.4284986516145,20.96,63.63333333333334,"Quebec, CA",0.991746,38992720
2026-09-08T10:51:33.199253+00:00,vast.ai,marketplace,RTX 3060,0.05472222222222223,1,12.0,12.406307808405456,226.7142543668002,31.18,91.30000000000001,"South Korea, KR",0.997879,43056979
2026-09-08T10:51:33.199253+00:00,vast.ai,marketplace,RTX 3060,0.05472222222222223,1,12.0,12.269139841397305,224.2076316194431,22.03,108.47000000000001,"Quebec, CA",0.9975259,49605664
2026-09-08T10:51:33.199253+00:00,vast.ai,marketplace,RTX 3060,0.05472222222222223,1,12.0,12.265403621581047,224.139355521278,15.46,27.032939337019883,"South Korea, KR",0.9753513,49061660
2026-09-08T10:51:33.199253+00:00,vast.ai,marketplace,RTX 3060,0.05472222222222223,1,12.0,12.337738291774793,225.46120736238197,25.15,239.37152058999948,"Quebec, CA",0.9447923,48147863
2026-09-08T10:51:33.199253+00:00,vast.ai,marketplace,RTX 3060,0.05472222222222223,1,12.0,12.33670458367849,225.44231726519064,10.45,189.66666666666666,"South Korea, KR",0.9949197,45389040
2026-09-08T10:51:33.199253+00:00,vast.ai,marketplace,RTX 2070,0.05472222222222223,1,8.0,4.104189194763423,75.00041168095595,7.77,185.0,"South Korea, KR",0.9958502,49868123
2026-09-08T10:51:33.199253+00:00,vast.ai,marketplace,RTX 3060 Ti,0.05472222222222223,1,8.0,13.77861855750952,251.7920142489049,18.85,21.400000000000002,"Quebec, CA",0.9980258,49328822
2026-09-08T10:51:33.199253+00:00,vast.ai,marketplace,GTX 1660 Ti,0.05518518518518519,1,6.0,2.52706002371678,45.792362845874536,15.49,751.4,"Florida, US",0.9940056,50159069
2026-09-08T10:51:33.199253+00:00,vast.ai,marketplace,Quadro P4000,0.055648148148148155,1,8.0,2.0836915595552954,37.44404133643459,23.56,263.825,"United States, US",0.9875344,50141337
2026-09-08T10:51:33.199253+00:00,vast.ai,marketplace,GTX 1660 S,0.05738888888888889,1,6.0,1.688020135306153,29.413710005334707,15.61,173.0,"Vietnam, VN",0.996051,25468746
2026-09-08T10:51:33.199253+00:00,vast.ai,marketplace,RTX 3060,0.06005555555555555,1,12.0,12.338215859181451,205.44670255806304,15.65,104.0,"Texas, US",0.9964362,45760394
2026-09-08T10:51:33.199253+00:00,vast.ai,marketplace,RTX 2060,0.060277777777777784,1,12.0,4.02611401137736,66.7926748431267,8.96,139.42857142857142,"South Korea, KR",0.9960875,35050681
2026-09-08T10:51:33.199253+00:00,vast.ai,marketplace,RTX 3060,0.06092592592592593,1,12.0,12.226745448408504,200.6821441380119,15.63,341.0,"Poland, PL",0.9992559,45600908
2026-09-08T10:51:33.199253+00:00,vast.ai,marketplace,GTX 1080 Ti,0.061388888888888896,1,11.0,5.316102491579529,86.59714465921404,15.62,190.2,"South Korea, KR",0.9976623,48302207
2026-09-08T10:51:33.199253+00:00,vast.ai,marketplace,GTX 1080 Ti,0.061388888888888896,1,11.0,5.212453494822205,84.90874471203591,8.96,109.14285714285714,"South Korea, KR",0.9977335,48484199
2026-09-08T10:51:33.199253+00:00,vast.ai,marketplace,GTX 1080 Ti,0.061388888888888896,1,11.0,5.212453494822205,84.90874471203591,7.73,166.65,"South Korea, KR",0.997619,50029605
2026-09-08T10:51:33.199253+00:00,vast.ai,marketplace,GTX 1080 Ti,0.061388888888888896,1,11.0,5.212453494822205,84.90874471203591,7.73,182.0,"South Korea, KR",0.9953983,50029618
2026-09-08T10:51:33.199253+00:00,vast.ai,marketplace,GTX 1080 Ti,0.061388888888888896,1,11.0,5.212453494822205,84.90874471203591,15.67,402.34130077982815,"South Korea, KR",0.9900123,47444987
2026-09-08T10:51:33.199253+00:00,vast.ai,marketplace,Titan Xp,0.061388888888888896,1,12.0,5.757466410549852,93.78678315827813,10.46,244.88955934012398,"South Korea, KR",0.9965297,48474943
2026-09-08T10:51:33.199253+00:00,vast.ai,marketplace,RTX 4060,0.061388888888888896,1,8.0,15.645243999875872,254.85465339164313,41.91,24.666666666666664,"Bulgaria, BG",0.9965442,37627850
2026-09-08T10:51:33.199253+00:00,vast.ai,marketplace,RTX 3070,0.061388888888888896,1,8.0,12.164251648103855,198.15070557997228,10.42,229.66666666666666,"France, FR",0.9980996,47700171
2026-09-08T10:51:33.199253+00:00,vast.ai,marketplace,RTX 2060,0.061388888888888896,1,12.0,4.02611401137736,65.5837576513959,10.46,265.06666666666666,"South Korea, KR",0.9901192,49698955
2026-09-08T10:51:33.199253+00:00,vast.ai,marketplace,RTX 2070,0.061388888888888896,1,8.0,4.104189194763423,66.85557059343132,7.82,411.85,"South Korea, KR",0.8387041,48462304
2026-09-08T10:51:33.199253+00:00,vast.ai,marketplace,RTX 3060,0.06185185185185186,1,12.0,12.26615158836682,198.31502568018212,31.44,304.25,"United States, US",0.9972665,19911148
2026-09-08T10:51:33.199253+00:00,vast.ai,marketplace,RTX 4060,0.06277777777777778,1,8.0,15.653315498872239,249.34484865460203,15.72,130.25,"Nevada, US",0.9203453,50245326
2026-09-08T10:51:33.199253+00:00,vast.ai,marketplace,GTX 1080 Ti,0.06538888888888889,1,11.0,5.212453494822205,79.71466687068794,8.96,220.84285714285716,"South Korea, KR",0.9881461,47868291
2026-09-08T10:51:33.199253+00:00,vast.ai,marketplace,RTX 2060S,0.06538888888888889,1,8.0,3.98692664634161,60.97254004600593,15.61,131.15000000000006,"Vietnam, VN",0.9887678,47528461
2026-09-08T10:51:33.199253+00:00,vast.ai,marketplace,RTX 2060S,0.06538888888888889,1,8.0,3.98692664634161,60.97254004600593,15.59,146.5,"Vietnam, VN",0.9926558,30053150
2026-09-08T10:51:33.199253+00:00,vast.ai,marketplace,RTX 2060S,0.06538888888888889,1,8.0,3.98692664634161,60.97254004600593,31.22,289.5713300793703,"Vietnam, VN",0.9952899,25469153
2026-09-08T10:51:33.199253+00:00,vast.ai,marketplace,RTX 3070,0.06538888888888889,1,8.0,16.277128119288,248.92804260593377,31.26,360.0,"Japan, JP",0.99185,48014409
2026-09-08T10:51:33.199253+00:00,vast.ai,marketplace,GTX 1660 S,0.06708333333333333,1,6.0,1.724191995348428,25.702240924448617,62.85,400.5,"Quebec, CA",0.9909811,50112059
2026-09-08T10:51:33.199253+00:00,vast.ai,marketplace,RTX 3060 laptop,0.06718518518518521,1,12.0,12.78187728671498,190.2484491407411,15.59,379.0,"New Zealand, NZ",0.9967589,46581855
2026-09-08T10:51:33.199253+00:00,vast.ai,marketplace,GTX 1660 Ti,0.0675462962962963,1,6.0,2.4740447784639805,36.62739356738998,125.96,504.8235490678759,"Quebec, CA",0.9959518,48161397
2026-09-08T10:51:33.199253+00:00,vast.ai,marketplace,RTX 2070S,0.06759259259259259,1,8.0,4.635840488519608,68.58503736439968,31.3,561.0,"Ontario, CA",0.9973171,44217462
2026-09-08T10:51:33.199253+00:00,vast.ai,marketplace,RTX 3080 Ti,0.06759259259259259,1,12.0,32.85480294365529,486.0710572485988,15.62,162.95,"Ukraine, UA",0.9701344,27032910
2026-09-08T10:51:33.199253+00:00,vast.ai,marketplace,RTX A4000,0.06805555555555555,1,15.99,21.189996229700604,311.3632099058048,19.63,135.6,"Ohio, US",0.9629407,47976748
2026-09-08T10:51:33.199253+00:00,vast.ai,marketplace,RTX 3070,0.06805555555555555,1,8.0,16.40513089308707,241.05498455148347,31.43,149.025,"Quebec, CA",0.999523,38525271
2026-09-08T10:51:33.199253+00:00,vast.ai,marketplace,RTX 3060,0.06805555555555555,1,12.0,12.412412882753602,182.38647501188967,15.61,166.87542270203585,"Vietnam, VN",0.9946374,31603382
2026-09-08T10:51:33.199253+00:00,vast.ai,marketplace,RTX 3060,0.06805555555555555,1,12.0,12.545692781290583,184.3448735210045,31.26,828.0,"South Korea, KR",0.9989025,47774834
2026-09-08T10:51:33.199253+00:00,vast.ai,marketplace,RTX 2080 Ti,0.06805555555555555,1,11.0,8.666419931501098,127.34331327919982,15.66,170.875,"Hong Kong, HK",0.9644636,48393007
2026-09-08T10:51:33.199253+00:00,vast.ai,marketplace,GTX 1660 Ti,0.06805555555555555,1,6.0,2.54473177213438,37.39197705993375,15.51,80.40000000000032,"Japan, JP",0.9636012,49175569
2026-09-08T10:51:33.199253+00:00,vast.ai,marketplace,RTX 3060 laptop,0.06851851851851852,1,12.0,12.782884360734636,186.56101499450548,15.59,357.65,"New Zealand, NZ",0.9968927,46071109
2026-09-08T10:51:33.199253+00:00,vast.ai,marketplace,RTX 3060,0.06872222222222221,1,12.0,12.547255056998587,182.579297514935,31.42,716.75,"Washington, US",0.9952718,46767977
2026-09-08T10:51:33.199253+00:00,vast.ai,marketplace,GTX 1660,0.06898148148148148,1,6.0,2.3488698938393147,34.05073134693235,62.93,295.2,"United Kingdom, GB",0.9973106,43339014
2026-09-08T10:51:33.199253+00:00,vast.ai,marketplace,RTX 3060 Ti,0.06898148148148148,1,8.0,13.776522212633388,199.7133421428733,62.96,336.392169505093,"Norway, NO",0.9978819,36930520
2026-09-08T10:51:33.199253+00:00,vast.ai,marketplace,RTX 5060,0.06898148148148148,1,7.96,28.57644632421783,414.2625775859766,20.96,216.65,"United States, US",0.993461,50138873
2026-09-08T10:51:33.199253+00:00,vast.ai,marketplace,RTX 3070,0.06944444444444445,1,8.0,16.279381572723597,234.42309464721978,23.59,180.2625,"Hong Kong, HK",0.9983393,50148848
2026-09-08T10:51:33.199253+00:00,vast.ai,marketplace,RTX 2080 Ti,0.06944444444444445,1,22.0,11.045877624506199,159.06063779288925,31.47,145.5,"United States, US",0.9810317,43529666
2026-09-08T10:51:33.199253+00:00,vast.ai,marketplace,RTX 2080 Ti,0.07205555555555555,1,11.0,9.037837928565429,125.42874534632053,25.15,233.01999999999998,"Quebec, CA",0.9978687,47984762
2026-09-08T10:51:33.199253+00:00,vast.ai,marketplace,RTX 3060,0.07233333333333333,1,12.0,12.663421996416591,175.07035018087453,15.62,267.0,"Poland, PL",0.995713,50202242
2026-09-08T10:51:33.199253+00:00,vast.ai,marketplace,RTX 4060 Ti,0.07268518518518519,1,16.0,13.44524084841482,184.97910976163064,31.47,168.5375,", US",0.9925672,42171800
2026-09-08T10:51:33.199253+00:00,vast.ai,marketplace,RTX 3070,0.07472222222222222,1,8.0,16.279381572723597,217.86532959778793,31.32,113.0,"Vietnam, VN",0.9580987,49499650
2026-09-08T10:51:33.199253+00:00,vast.ai,marketplace,RTX 3060,0.07472222222222222,1,12.0,12.33670458367849,165.10087918677533,15.59,356.0,"Florida, US",0.968857,49921191
2026-09-08T10:51:33.199253+00:00,vast.ai,marketplace,Q RTX 4000,0.07472222222222222,1,8.0,4.104189194763423,54.92595204887853,7.67,114.0,"Spain, ES",0.9727889,48583412
2026-09-08T10:51:33.199253+00:00,vast.ai,marketplace,RTX 5060 Ti,0.07564814814814814,1,15.93,38.3691436852251,507.20532656111516,23.48,309.0,"Romania, RO",0.9499907,50207422
2026-09-08T10:51:33.199253+00:00,vast.ai,marketplace,RTX 5060 Ti,0.07618518518518519,1,7.96,12.12768300060763,159.1868940283938,7.7,177.0,"Virginia, US",0.9978272,40636088
2026-09-08T10:51:33.199253+00:00,vast.ai,marketplace,RTX A4000,0.07894444444444444,1,15.99,10.804061707087202,136.85651704966196,31.42,353.9,"Germany, DE",0.9886306,46831160
2026-09-08T10:51:33.199253+00:00,vast.ai,marketplace,RTX 3060,0.07977777777777778,1,12.0,12.26615158836682,153.753989269222,31.44,611.8875000000002,"Texas, US",0.9816488,49591765
2026-09-08T10:51:33.199253+00:00,vast.ai,marketplace,RTX 3060,0.07977777777777778,1,12.0,12.26615158836682,153.753989269222,27.51,1018.0,"Texas, US",0.9953683,50069467
2026-09-08T10:51:33.199253+00:00,vast.ai,marketplace,RTX 3060,0.08115740740740741,1,12.0,12.264655292856059,151.12182220518588,31.26,316.0,"New Jersey, US",0.9989514,39458906
2026-09-08T10:51:33.199253+00:00,vast.ai,marketplace,RTX 3060 Ti,0.08120370370370371,1,8.0,14.705263257102143,181.0910412505167,31.33,328.5,"Ontario, CA",0.9981935,18012462
2026-09-08T10:51:33.199253+00:00,vast.ai,marketplace,RTX 3070,0.08138888888888889,1,8.0,16.27148718475028,199.92270943720482,31.26,505.0,"Virginia, US",0.9952959,39826844
2026-09-08T10:51:33.199253+00:00,vast.ai,marketplace,RTX 3070,0.08138888888888889,1,8.0,16.278255054370714,200.00586414926474,31.36,84.0,"India, IN",0.9797192,49349144
2026-09-08T10:51:33.199253+00:00,vast.ai,marketplace,RTX 3060,0.08138888888888889,1,12.0,12.48096834603272,153.3497817259993,15.63,1674.9,"Texas, US",0.9988845,41246764
2026-09-08T10:51:33.199253+00:00,vast.ai,marketplace,RTX 4070S,0.08138888888888889,1,11.99,34.726043718288956,426.6681139448473,23.56,628.1920802920297,"California, US",0.983065,36067099
2026-09-08T10:51:33.199253+00:00,vast.ai,marketplace,RTX 2080 Ti,0.08138888888888889,1,11.0,8.666419931501098,106.48161007987697,15.63,692.0,"Florida, US",0.9941252,39588997
2026-09-08T10:51:33.199253+00:00,vast.ai,marketplace,RTX 2080 Ti,0.08138888888888889,1,11.0,8.975934929054704,110.2845247255868,31.18,129.0,"British Columbia, CA",0.9956279,39401236
2026-09-08T10:51:33.199253+00:00,vast.ai,marketplace,RTX 4060 Ti,0.08138888888888889,1,16.0,22.191574377276407,272.66098210988076,18.34,208.83333333333331,"United States, US",0.8888087,50241032
2026-09-08T10:51:33.199253+00:00,vast.ai,marketplace,RTX 4070,0.08185185185185186,1,11.99,32.942137163949845,402.460499288075,15.61,98.79999999999998,"Indiana, US",0.9943799,50032525
2026-09-08T10:51:33.199253+00:00,vast.ai,marketplace,RTX 3070,0.08231481481481481,1,8.0,16.281633360172783,197.79712068601359,31.41,337.5,"Virginia, US",0.9986055,47711912
2026-09-08T10:51:33.199253+00:00,vast.ai,marketplace,RTX 4070S,0.08231481481481481,1,11.99,34.731356977760385,421.93324562408566,15.71,219.33333333333331,"United States, US",0.9949063,44983905
2026-09-08T10:51:33.199253+00:00,vast.ai,marketplace,RTX 4060 Ti,0.08231481481481481,1,16.0,22.535055162917324,273.7666993920215,23.54,319.1,"United States, US",0.9892169,47543119
2026-09-08T10:51:33.199253+00:00,vast.ai,marketplace,RTX 5060 Ti,0.08277777777777778,1,7.96,30.13550226627537,364.0530475120514,15.6,1588.35,"Illinois, US",0.9912573,48367019
2026-09-08T10:51:33.199253+00:00,vast.ai,marketplace,RTX 5060 Ti,0.08413888888888889,1,7.96,30.171355490584737,358.5898968838067,15.41,104.39999999999998,"Virginia, US",0.9907819,44355658
2026-09-08T10:51:33.199253+00:00,vast.ai,marketplace,RTX 4070S,0.08601851851851852,1,11.99,34.69946845045516,403.3953275187467,11.78,368.125,", US",0.995131,44275548
2026-09-08T10:51:33.199253+00:00,vast.ai,marketplace,RTX 4060 Ti,0.08680555555555555,1,16.0,22.522997544622854,259.4649317140553,23.57,263.37681206798374,"Jiangsu, CN",0.9716991,49517350
2026-09-08T10:51:33.199253+00:00,vast.ai,marketplace,RTX 5060 Ti,0.08685185185185186,1,7.96,12.122100656927206,139.57216108189104,15.56,101.44999999999999,"Virginia, US",0.9966438,40931302
2026-09-08T10:51:33.199253+00:00,vast.ai,marketplace,RTX 4060 Ti,0.08694444444444445,1,16.0,22.50490209483634,258.84232441345307,31.35,371.0,"Norway, NO",0.9869042,48216963
2026-09-08T10:51:33.199253+00:00,vast.ai,marketplace,Titan V,0.08805555555555555,1,12.0,21.929328568462733,249.03969352197427,15.59,379.0,"South Korea, KR",0.9970877,43056228
2026-09-08T10:51:33.199253+00:00,vast.ai,marketplace,RTX 4070S,0.08805555555555555,1,11.99,19.659415039949554,223.2614957218246,26.93,183.72857142857143,"France, FR",0.996024,47699670
2026-09-08T10:51:33.199253+00:00,vast.ai,marketplace,RTX 5060 Ti,0.08805555555555555,1,15.93,38.60174190702525,438.37940336053913,23.46,286.0,"Vietnam, VN",0.9947779,39739170
2026-09-08T10:51:33.199253+00:00,vast.ai,marketplace,RTX 5060 Ti,0.08805555555555555,1,15.93,38.375975201203396,435.81549124395025,23.46,230.5,"Vietnam, VN",0.9834889,47797618
2026-09-08T10:51:33.199253+00:00,vast.ai,marketplace,RTX 3060 laptop,0.08851851851851852,1,12.0,12.78187728671498,144.39777687920687,15.63,281.65,"New Zealand, NZ",0.9967145,47920591
2026-09-08T10:51:33.199253+00:00,vast.ai,marketplace,RTX 4070S,0.08898148148148148,1,11.99,34.81810653600832,391.2960984275649,31.43,724.5,"Delaware, US",0.9922621,49914159
2026-09-08T10:51:33.199253+00:00,vast.ai,marketplace,RTX 3060 laptop,0.08985185185185186,1,12.0,12.782884360734636,142.26623154980837,15.63,235.66666666666666,"New Zealand, NZ",0.9990655,48182302
2026-09-08T10:51:33.199253+00:00,vast.ai,marketplace,RTX 5060 Ti,0.09140740740740741,1,15.93,38.8667071390311,425.2030359618475,15.7,320.1136378513811,"British Columbia, CA",0.9923811,46481724
2026-09-08T10:51:33.199253+00:00,vast.ai,marketplace,RTX A4000,0.0915925925925926,1,15.99,18.094493111205544,197.5541099889,41.93,106.16666666666666,"Japan, JP",0.953802,49633888
2026-09-08T10:51:33.199253+00:00,vast.ai,marketplace,RTX 4060 Ti,0.09337962962962963,1,16.0,22.468678624543735,240.61648898866864,62.86,135.05362413596742,"Pennsylvania, US",0.9829865,48406167
2026-09-08T10:51:33.199253+00:00,vast.ai,marketplace,RTX 3060 Ti,0.09385185185185187,1,8.0,13.775822893619656,146.78264330218258,15.62,256.6500000000001,"New Zealand, NZ",0.9603733,49511510
2026-09-08T10:51:33.199253+00:00,vast.ai,marketplace,RTX 4060 Ti,0.09430644192592595,1,16.0,22.52902695465334,238.8917076560795,23.57,196.3625,"California, US",0.9143121,49904905
2026-09-08T10:51:33.199253+00:00,vast.ai,marketplace,RTX 3070 Ti,0.09453703703703704,1,8.0,18.312988822797344,193.71232055456542,23.54,2291.945621414297,"South Carolina, US",0.978517,47975556
2026-09-08T10:51:33.199253+00:00,vast.ai,marketplace,RTX 4070,0.09472222222222222,1,11.99,33.657026942060945,355.3234515877402,23.56,185.5,"Fujian, CN",0.9978675,34049708
2026-09-08T10:51:33.199253+00:00,vast.ai,marketplace,RTX A4000,0.09472222222222222,1,15.99,21.191598078871984,223.72361608193296,31.24,1514.0,"Michigan, US",0.9974385,41839112
2026-09-08T10:51:33.199253+00:00,vast.ai,marketplace,RTX 3070,0.09472222222222222,1,8.0,16.292867372765926,172.00681097348192,31.22,765.0,"France, FR",0.9890395,20155807
2026-09-08T10:51:33.199253+00:00,vast.ai,marketplace,RTX 4070S,0.09472222222222222,1,11.99,34.87148523394084,368.144712147176,31.44,416.25,"Anhui, CN",0.7529433,50254269
2026-09-08T10:51:33.199253+00:00,vast.ai,marketplace,RTX 4060 Ti,0.09472222222222222,1,8.0,17.532086811927844,185.08947953941419,62.69,390.0,"Kentucky, US",0.9976541,13544719
2026-09-08T10:51:33.199253+00:00,vast.ai,marketplace,RTX 3080,0.09472222222222222,1,10.0,27.255177561405496,287.7379449297941,15.59,128.2,"South Korea, KR",0.9960395,48273980
2026-09-08T10:51:33.199253+00:00,vast.ai,marketplace,RTX 4060 Ti,0.09472222222222222,1,16.0,22.50490209483634,237.58840921234844,19.43,296.0,"Kentucky, US",0.9845252,40407013
2026-09-08T10:51:33.199253+00:00,vast.ai,marketplace,RTX 4060 Ti,0.09472222222222222,1,16.0,22.633156987681527,238.9424198113006,31.18,323.0,"Kentucky, US",0.9950382,37529335
2026-09-08T10:51:33.199253+00:00,vast.ai,marketplace,RTX 4060 Ti,0.09472222222222222,1,16.0,22.60880199197326,238.6852996220051,15.63,204.5,"Ireland, IE",0.9864657,50049740
2026-09-08T10:51:33.199253+00:00,vast.ai,marketplace,RTX A4000,0.09518518518518519,1,15.99,21.191598078871984,222.63546619826596,31.29,812.5,"Spain, ES",0.9968206,44704805
2026-09-08T10:51:33.199253+00:00,vast.ai,marketplace,RTX 5060 Ti,0.09518518518518519,1,15.93,38.39646427068305,403.3869787192382,30.96,353.0,"Norway, NO",0.9934288,50057873
2026-09-08T10:51:33.199253+00:00,vast.ai,marketplace,RTX 3070,0.09541666666666668,1,8.0,16.279381572723597,170.61360600234335,83.85,1047.0,"British Columbia, CA",0.9985463,27970172
2026-09-08T10:51:33.199253+00:00,vast.ai,marketplace,Tesla P100,0.09564814814814815,1,16.0,6.429372443260594,67.2189955345735,39.01,564.925,"Texas, US",0.9736317,48981930
2026-09-08T10:51:33.199253+00:00,vast.ai,marketplace,RTX 3070 Ti,0.09564814814814815,1,8.0,18.311580887807093,191.44731228297832,31.41,369.25,"Norway, NO",0.9971065,36538843
2026-09-08T10:51:33.199253+00:00,vast.ai,marketplace,RTX 4070S,0.09935185185185186,1,11.99,34.69946845045516,349.2583963326334,11.78,157.0,", US",0.9901239,42643523
2026-09-08T10:51:33.199253+00:00,vast.ai,marketplace,RTX 5070,0.09981481481481481,1,11.94,50.162061064944815,502.5512611330278,31.23,672.0,"Poland, PL",0.9965339,45470581
2026-09-08T10:51:33.199253+00:00,vast.ai,marketplace,RTX 3080 Ti,0.10005555555555555,1,12.0,33.949002914351134,339.3015282944589,31.44,47.75,"Quebec, CA",0.9967296,50234897
2026-09-08T10:51:33.199253+00:00,vast.ai,marketplace,RTX 5060 Ti,0.10005555555555555,1,15.93,38.382805803843624,383.6149386280873,20.94,464.65622600679063,"Denmark, DK",0.9965662,46374309
2026-09-08T10:51:33.199253+00:00,vast.ai,marketplace,RTX 5060 Ti,0.10092592592592592,1,15.93,38.39646427068305,380.4420313058504,23.53,61.0,"Bulgaria, BG",0.9880823,46881314
2026-09-08T10:51:33.199253+00:00,vast.ai,marketplace,RTX 5070,0.10092592592592592,1,11.94,48.09016379084638,476.4896962762761,12.4,160.0,"New York, US",0.9852981,46719693
2026-09-08T10:51:33.199253+00:00,vast.ai,marketplace,RTX 3070,0.10138888888888888,1,8.0,16.61905058466479,163.91392357477605,31.36,694.0,"Florida, US",0.9992877,39588782
2026-09-08T10:51:33.199253+00:00,vast.ai,marketplace,RTX 4070S,0.10138888888888888,1,11.99,34.69415160093192,342.18889250234224,31.35,345.85,"Ontario, CA",0.989815,33899814
2026-09-08T10:51:33.199253+00:00,vast.ai,marketplace,RTX 5060 Ti,0.10138888888888888,1,15.93,32.957330260439996,325.0585998289973,30.93,281.0,"Pennsylvania, US",0.9965824,50246797
2026-09-08T10:51:33.199253+00:00,vast.ai,marketplace,RTX 4060 Ti,0.10175925925925926,1,16.0,22.54710797777778,221.57303563239313,31.28,402.0,"Poland, PL",0.9837315,49003103
2026-09-08T10:51:33.199253+00:00,vast.ai,marketplace,RTX 3060 Ti,0.10501851851851851,1,8.0,11.242548710093518,107.05301187533945,7.61,210.30000000000013,"Spain, ES",0.9886277,46485962
2026-09-08T10:51:33.199253+00:00,vast.ai,marketplace,RTX 3060,0.10579629629629629,1,12.0,12.26689919347755,115.94828574265496,125.94,646.75,"Texas, US",0.9972324,31947962
2026-09-08T10:51:33.199253+00:00,vast.ai,marketplace,RTX 3060,0.10662962962962963,1,12.0,12.26615158836682,115.03511388881701,31.45,727.625,"Texas, US",0.9978983,29182842
2026-09-08T10:51:33.199253+00:00,vast.ai,marketplace,RTX 5060 Ti,0.10662962962962963,1,15.93,38.375975201203396,359.8997326962458,83.85,429.3333333333333,"Texas, US",0.9967949,32665031
2026-09-08T10:51:33.199253+00:00,vast.ai,marketplace,Tesla P40,0.10672222222222222,1,24.0,5.87904,55.08730869338886,62.81,687.5,"Thailand, TH",0.9934488,47185200
2026-09-08T10:51:33.199253+00:00,vast.ai,marketplace,RTX 3080,0.10675925925925926,1,10.0,26.965043038800065,252.57802672943686,31.28,225.39999999999998,"Argentina, AR",0.9932957,46846602
2026-09-08T10:51:33.199253+00:00,vast.ai,marketplace,RTX 4070,0.10805555555555556,1,11.99,33.73777018282411,312.22615079220253,20.96,101.66666666666666,"Washington, US",0.9992777,16213984
2026-09-08T10:51:33.199253+00:00,vast.ai,marketplace,RTX A4000,0.10805555555555556,1,15.99,21.172336157599645,195.93935775670622,17.95,366.1060798694744,"Michigan, US",0.9791409,46301464
2026-09-08T10:51:33.199253+00:00,vast.ai,marketplace,RTX A4000,0.10805555555555556,1,15.99,21.189996229700604,196.10279287126522,23.57,119.75,"Delaware, US",0.9983769,48328449
2026-09-08T10:51:33.199253+00:00,vast.ai,marketplace,RTX A4000,0.10805555555555556,1,15.99,21.188393779682055,196.08796299962827,31.2,111.5,"Romania, RO",0.9956713,45565872
2026-09-08T10:51:33.199253+00:00,vast.ai,marketplace,RTX 3070 Ti,0.10805555555555556,1,8.0,17.905510019097918,165.70651945694732,62.62,26.0,"Indonesia, ID",0.9914119,47060063
2026-09-08T10:51:33.199253+00:00,vast.ai,marketplace,RTX 4070S,0.10805555555555556,1,11.99,34.731356977760385,321.42129850883646,15.46,342.0,"Bulgaria, BG",0.9961146,43944522
2026-09-08T10:51:33.199253+00:00,vast.ai,marketplace,RTX 3080,0.10805555555555556,1,10.0,27.18735187442736,251.60531297670565,15.63,165.0,"Jordan, JO",0.9452894,49909728
2026-09-08T10:51:33.199253+00:00,vast.ai,marketplace,RTX 3080,0.10805555555555556,1,10.0,24.80763081260781,229.58218746886402,15.58,160.0,"Utah, US",0.9898976,50102832
2026-09-08T10:51:33.199253+00:00,vast.ai,marketplace,RTX 3080,0.10805555555555556,1,10.0,25.909594937097133,239.78031304254415,31.26,647.0,"Japan, JP",0.9942517,49359467
2026-09-08T10:51:33.199253+00:00,vast.ai,marketplace,RTX 3080 Ti,0.10805555555555556,1,12.0,34.934210909689966,323.2986099611411,31.26,178.0,"Oregon, US",0.967274,38474894
2026-09-08T10:51:33.199253+00:00,vast.ai,marketplace,RTX 3080 Ti,0.10805555555555556,1,12.0,30.56315986453476,282.84672368206975,31.3,371.0,"Ukraine, UA",0.9942795,50044294
2026-09-08T10:51:33.199253+00:00,vast.ai,marketplace,RTX 5060 Ti,0.10805555555555556,1,15.93,38.382805803843624,355.21362697644486,23.47,358.95,"Denmark, DK",0.9881697,49841370
2026-09-08T10:51:33.199253+00:00,vast.ai,marketplace,RTX 5060 Ti,0.10805555555555556,1,15.93,38.50384941987168,356.33382496539343,30.56,695.0,"South Korea, KR",0.9417662,49950804
2026-09-08T10:51:33.199253+00:00,vast.ai,marketplace,RTX 5060 Ti,0.10805555555555556,1,15.93,38.300778205151055,354.4545026697784,62.88,368.05,"Malaysia, MY",0.9886079,48597473
2026-09-08T10:51:33.199253+00:00,vast.ai,marketplace,RTX 5060 Ti,0.10805555555555556,1,15.93,38.355477911679834,354.9607210335409,62.64,232.0,"Spain, ES",0.9886442,49817855
2026-09-08T10:51:33.199253+00:00,vast.ai,marketplace,Tesla V100,0.10898148148148148,1,16.0,20.174061839263175,185.11458612068162,43.19,598.25,"Texas, US",0.9878799,30970800
2026-09-08T10:51:33.199253+00:00,vast.ai,marketplace,RTX 3060 Ti,0.10898148148148148,1,8.0,13.77861855750952,126.43082448691827,62.89,363.25,"Norway, NO",0.9990217,31574347
2026-09-08T10:51:33.199253+00:00,vast.ai,marketplace,RTX 4060 Ti,0.10898148148148148,1,16.0,22.602745180137415,207.39987081179615,62.96,142.66250000000002,"Norway, NO",0.9986093,31011001
2026-09-08T10:51:33.199253+00:00,vast.ai,marketplace,RTX 5070,0.10898148148148148,1,11.94,50.2601971696559,461.1810785321017,62.54,726.65,"Norway, NO",0.9943733,34206619
2026-09-08T10:51:33.199253+00:00,vast.ai,marketplace,RTX 3080 Ti,0.10938888888888888,1,12.0,34.17061555983725,312.37738957697843,37.72,217.60000000000002,"Quebec, CA",0.9992285,48624484
2026-09-08T10:51:33.199253+00:00,vast.ai,marketplace,RTX 5060 Ti,0.11129629629629631,1,15.93,38.375975201203396,344.8090949858541,60.53,601.0,"New Jersey, US",0.9775258,48048608
2026-09-08T10:51:33.199253+00:00,vast.ai,marketplace,RTX 3080 Ti,0.11205555555555556,1,12.0,34.311687624292276,306.20246764365936,50.35,117.18,"Quebec, CA",0.9992413,36659113
2026-09-08T10:51:33.199253+00:00,vast.ai,marketplace,RTX 3090,0.1126851851851852,1,24.0,44.34628268015064,393.54137464718724,31.47,106.9028045172136,"United States, US",0.9962163,43824368
2026-09-08T10:51:33.199253+00:00,vast.ai,marketplace,RTX 3090,0.1126851851851852,1,24.0,42.431621259817874,376.5501311471101,35.98,163.94285714285712,"California, US",0.9565424,49828262
2026-09-08T10:51:33.199253+00:00,vast.ai,marketplace,RTX 3090,0.1126851851851852,1,24.0,44.8430068357311,397.9494443926835,47.19,612.632220497048,", US",0.9932577,41028909
2026-09-08T10:51:33.199253+00:00,vast.ai,marketplace,RTX 3090,0.1126851851851852,1,24.0,42.46571398165153,376.85267954136117,53.96,356.1428571428571,", US",0.9876395,48317506
2026-09-08T10:51:33.199253+00:00,vast.ai,marketplace,RTX 3090,0.1126851851851852,1,24.0,44.36470379958797,393.7048488377568,23.59,289.702134126151,", US",0.9889604,43751729
2026-09-08T10:51:33.199253+00:00,vast.ai,marketplace,RTX 3090,0.1126851851851852,1,24.0,44.34891718275436,393.5647539636377,31.46,366.95,"California, US",0.9858169,44375063
2026-09-08T10:51:33.199253+00:00,vast.ai,marketplace,RTX 4070S Ti,0.1126851851851852,1,15.99,51.48466217195658,456.8893602770181,23.54,292.5,"United States, US",0.9695814,50022960
2026-09-08T10:51:33.199253+00:00,vast.ai,marketplace,RTX 3080 Ti,0.11472222222222223,1,12.0,32.00849370295282,279.0086618175064,31.22,197.0,"Ukraine, UA",0.9888573,46729089
2026-09-08T10:51:33.199253+00:00,vast.ai,marketplace,RTX 5070 Ti,0.11472222222222223,1,15.92,51.98616470215253,453.1481668952763,15.67,62.25,"South Korea, KR",0.9933282,38692160
2026-09-08T10:51:33.199253+00:00,vast.ai,marketplace,RTX 5070 Ti,0.11472222222222223,1,15.92,54.62883511049548,476.1835505999606,15.67,121.25,"South Korea, KR",0.996959,38692213
2026-09-08T10:51:33.199253+00:00,vast.ai,marketplace,RTX 5070 Ti,0.11472222222222223,1,15.92,52.297892164639926,455.8654038564255,15.66,134.75,"South Korea, KR",0.9943631,38751996
2026-09-08T10:51:33.199253+00:00,vast.ai,marketplace,RTX 5060 Ti,0.11692592592592593,1,15.93,38.430594481871786,328.6747073204112,47.09,821.5,"Japan, JP",0.9740709,48757600
2026-09-08T10:51:33.199253+00:00,vast.ai,marketplace,RTX 4060 Ti,0.1187222222222222,1,16.0,22.52902695465334,189.76251061476844,62.89,775.25,"Quebec, CA",0.9982668,49645022
2026-09-08T10:51:33.199253+00:00,vast.ai,marketplace,RTX 5060 Ti,0.12046296296296297,1,15.93,38.42377026159708,318.9675010186383,39.09,693.0,"South Korea, KR",0.9931915,46875491
2026-09-08T10:51:33.199253+00:00,vast.ai,marketplace,RTX 5060 Ti,0.12092592592592594,1,15.93,38.36231125551517,317.2381022661285,94.29,1575.8,"Quebec, CA",0.9554766,50118829
2026-09-08T10:51:33.199253+00:00,vast.ai,marketplace,RTX 5060 Ti,0.12115740740740742,1,15.93,38.382805803843624,316.8011484000849,31.36,310.5,"New Jersey, US",0.9981494,47407720
2026-09-08T10:51:33.199253+00:00,vast.ai,marketplace,RTX 5060 Ti,0.12115740740740742,1,15.93,38.41694513073294,317.08292503776516,31.25,592.0,"New Jersey, US",0.9978171,45234936
2026-09-08T10:51:33.199253+00:00,vast.ai,marketplace,RTX A4000,0.1213888888888889,1,15.99,21.191598078871984,174.5760940135907,18.17,94.375,"Delaware, US",0.9992816,46653902
2026-09-08T10:51:33.199253+00:00,vast.ai,marketplace,RTX A4000,0.1213888888888889,1,15.99,21.189996229700604,174.56289800211024,125.83,232.95,"France, FR",0.9961561,45096200
2026-09-08T10:51:33.199253+00:00,vast.ai,marketplace,RTX 3080,0.1213888888888889,1,10.0,25.823424081314958,212.7330130268509,15.57,263.0,"Austria, AT",0.9959672,47278881
2026-09-08T10:51:33.199253+00:00,vast.ai,marketplace,RTX 3080,0.1213888888888889,1,10.0,26.926702008350162,221.82180144178622,15.52,662.0,"Austria, AT",0.9964565,49142168
2026-09-08T10:51:33.199253+00:00,vast.ai,marketplace,RTX 3060 Ti,0.1213888888888889,1,8.0,13.782804006534729,113.54255016824948,110.12,144.25,"Massachusetts, US",0.9892755,46460414
2026-09-08T10:51:33.199253+00:00,vast.ai,marketplace,RTX 3060 Ti,0.1213888888888889,1,8.0,13.93294757671982,114.77943083796649,94.31,144.0,"Massachusetts, US",0.9687652,47798929
2026-09-08T10:51:33.199253+00:00,vast.ai,marketplace,RTX 5060 Ti,0.1213888888888889,1,15.93,38.26656107681462,315.2394047517909,59.02,203.67577948666886,"Malaysia, MY",0.9876068,48647152
2026-09-08T10:51:33.199253+00:00,vast.ai,marketplace,RTX 5060 Ti,0.1213888888888889,1,15.93,38.5107125949733,317.25072160618737,15.55,79.0,"Spain, ES",0.9944512,43384717
2026-09-08T10:51:33.199253+00:00,vast.ai,marketplace,RTX 5060 Ti,0.1213888888888889,1,15.93,38.29393661642846,315.4649240712642,62.96,360.6875,"Malaysia, MY",0.98874,48591593
2026-09-08T10:51:33.199253+00:00,vast.ai,marketplace,RTX 3080 Ti,0.12166666666666667,1,12.0,34.93627070041391,287.1474304143609,15.54,725.0,"Japan, JP",0.997616,46116454
2026-09-08T10:51:33.199253+00:00,vast.ai,marketplace,RTX 3080 Ti,0.12231481481481482,1,12.0,34.70399268081675,283.72681374172663,41.88,486.66666666666663,"Norway, NO",0.9953413,30003865
2026-09-08T10:51:33.199253+00:00,vast.ai,marketplace,Tesla V100,0.12277777777777779,1,32.0,23.192176196426026,188.8955527310717,39.31,252.75,"United States, US",0.9708776,47619162
2026-09-08T10:51:33.199253+00:00,vast.ai,marketplace,Tesla V100,0.12277777777777779,1,32.0,23.192176196426026,188.8955527310717,39.31,330.0,"Nevada, US",0.967714,49757626
2026-09-08T10:51:33.199253+00:00,vast.ai,marketplace,RTX 5060 Ti,0.12462962962962965,1,15.93,38.62367643504418,309.9076563881702,31.32,640.0,"Texas, US",0.9889025,48664024
2026-09-08T10:51:33.199253+00:00,vast.ai,marketplace,RTX 5070,0.1307222222222222,1,11.94,49.95837521761415,382.1720161143454,23.53,331.3500000000001,"Poland, PL",0.991607,50051082
2026-09-08T10:51:33.199253+00:00,vast.ai,marketplace,RTX 4070S Ti,0.13083333333333333,1,15.99,50.62277144807641,386.9256416413484,31.36,133.67354906787585,"Saskatchewan, CA",0.9898458,46408966
2026-09-08T10:51:33.199253+00:00,vast.ai,marketplace,RTX 4070S Ti,0.1320555555555556,1,15.99,51.02631744509022,386.40038452319044,62.71,804.6,"Norway, NO",0.9502837,49834182
2026-09-08T10:51:33.199253+00:00,vast.ai,marketplace,RTX 4060 Ti,0.1320555555555556,1,16.0,22.510935115624875,170.46564244057535,62.94,342.7518120679837,"Quebec, CA",0.9975443,49744621
2026-09-08T10:51:33.199253+00:00,vast.ai,marketplace,RTX 3090,0.1333888888888889,1,24.0,43.77215435268481,328.15442663403854,25.15,91.4,"Quebec, CA",0.9543352,49607479
2026-09-08T10:51:33.199253+00:00,vast.ai,marketplace,RTX 4070S Ti,0.13385185185185186,1,15.99,51.92192107062301,387.90588514300526,50.34,287.8,"Bulgaria, BG",0.9721945,50223792
2026-09-08T10:51:33.199253+00:00,vast.ai,marketplace,RTX A4000,0.13425925925925924,1,15.99,21.189996229700604,157.82893743501143,62.85,325.5,"France, FR",0.9971724,49299793
2026-09-08T10:51:33.199253+00:00,vast.ai,marketplace,RTX 3070,0.13472222222222222,1,8.0,16.280507674579923,120.84500541956231,188.64,1842.3,"Quebec, CA",0.9979916,49987060
2026-09-08T10:51:33.199253+00:00,vast.ai,marketplace,RTX 3070 Ti,0.13472222222222222,1,8.0,18.209148669404808,135.16069115434496,62.57,311.0,"Massachusetts, US",0.9731919,44162569
2026-09-08T10:51:33.199253+00:00,vast.ai,marketplace,RTX 3060,0.13472222222222222,1,12.0,12.407836284181814,92.09940334650419,31.18,1547.0,"South Korea, KR",0.9915061,49906677
2026-09-08T10:51:33.199253+00:00,vast.ai,marketplace,Titan RTX,0.13472222222222222,1,24.0,12.057292800000003,89.49743109278353,15.59,377.0,"South Korea, KR",0.9985355,33751682
2026-09-08T10:51:33.199253+00:00,vast.ai,marketplace,Titan RTX,0.13472222222222222,1,24.0,12.057292800000003,89.49743109278353,31.32,299.0,"South Korea, KR",0.9985916,43056528
2026-09-08T10:51:33.199253+00:00,vast.ai,marketplace,Titan RTX,0.13472222222222222,1,24.0,12.057292800000003,89.49743109278353,15.46,137.3,"South Korea, KR",0.9977661,48452921
2026-09-08T10:51:33.199253+00:00,vast.ai,marketplace,RTX 3080,0.13472222222222222,1,10.0,27.112868686745884,201.25015932429935,15.59,329.0,"Taiwan, TW",0.9956864,45563020
2026-09-08T10:51:33.199253+00:00,vast.ai,marketplace,RTX 3080,0.13472222222222222,1,10.0,27.16427204672634,201.63171003755633,15.59,379.0,"Taiwan, TW",0.9978447,37459479
2026-09-08T10:51:33.199253+00:00,vast.ai,marketplace,RTX 4060 Ti,0.13472222222222222,1,16.0,21.185044660680017,157.24981603803724,62.58,2427.0,"Utah, US",0.9951334,49984008
2026-09-08T10:51:33.199253+00:00,vast.ai,marketplace,RTX 4060 Ti,0.13472222222222222,1,16.0,22.50490209483634,167.04669596167182,125.7,510.0,"Norway, NO",0.9967642,46084498
2026-09-08T10:51:33.199253+00:00,vast.ai,marketplace,Q RTX 6000,0.13472222222222222,1,22.5,11.787989876642415,87.49848155858288,61.95,1408.0,"Pennsylvania, US",0.9805181,50015275
2026-09-08T10:51:33.199253+00:00,vast.ai,marketplace,RTX 5070 Ti,0.13472222222222222,1,15.92,75.91331384880787,563.4802677437286,61.91,1295.0,"South Korea, KR",0.5910003,46849270
2026-09-08T10:51:33.199253+00:00,vast.ai,marketplace,RTX 5070,0.13472222222222222,1,11.94,50.34941168402611,373.72759188143095,31.36,244.5,"Texas, US",0.9941826,49008837
2026-09-08T10:51:33.199253+00:00,vast.ai,marketplace,RTX 4070S Ti,0.13518518518518519,1,15.99,51.20734667824677,378.79407131853776,31.18,598.0,"Spain, ES",0.9977084,46955231
2026-09-08T10:51:33.199253+00:00,vast.ai,marketplace,RTX 5060 Ti,0.13518518518518519,1,15.93,38.382805803843624,283.9276045763775,62.88,118.47500000000001,"Hungary, HU",0.9905072,43204472
2026-09-08T10:51:33.199253+00:00,vast.ai,marketplace,RTX 3070,0.13564814814814816,1,8.0,16.411605677014865,120.98658110017784,62.89,370.0,"Norway, NO",0.9978159,16581611
2026-09-08T10:51:33.199253+00:00,vast.ai,marketplace,RTX 5060 Ti,0.13564814814814816,1,15.93,38.375975201203396,282.90821308736975,31.44,637.875,"Norway, NO",0.9980478,29204633
2026-09-08T10:51:33.199253+00:00,vast.ai,marketplace,RTX 3090,0.13587962962962963,1,24.0,44.59097300724927,328.16525279611045,31.32,266.5,"Quebec, CA",0.9973718,11997119
2026-09-08T10:51:33.199253+00:00,vast.ai,marketplace,RTX 5070 Ti,0.1361111111111111,1,15.92,76.25615258512119,560.2492842988496,62.7,387.0,"Vietnam, VN",0.9908103,45254237
2026-09-08T10:51:33.199253+00:00,vast.ai,marketplace,RTX 5060 Ti,0.13877777777777775,1,15.93,38.3076188761938,276.03568445616037,125.96,1255.2025374744048,"Italy, IT",0.9931349,48540472
2026-09-08T10:51:33.199253+00:00,vast.ai,marketplace,RTX 3090,0.1413888888888889,1,24.0,44.36470379958797,313.77786577311724,26.51,324.9263157894737,"Bulgaria, BG",0.9397506,50092486
2026-09-08T10:51:33.199253+00:00,vast.ai,marketplace,RTX 3080 Ti,0.1413888888888889,1,12.0,30.600713281966144,216.42940631645993,15.61,364.0,"Quebec, CA",0.9775416,38607428
2026-09-08T10:51:33.199253+00:00,vast.ai,marketplace,RTX 3080,0.14538888888888887,1,10.0,27.110861842221155,186.47134625906796,31.41,596.0,"Florida, US",0.9899456,50235033
2026-09-08T10:51:33.199253+00:00,vast.ai,marketplace,RTX 3090,0.14712962962962964,1,24.0,44.36470379958797,301.53480241381374,31.18,671.0,"Thailand, TH",0.9345445,50021769
2026-09-08T10:51:33.199253+00:00,vast.ai,marketplace,RTX 3080,0.14759259259259258,1,10.0,26.536541004147537,179.7958863518152,15.66,220.45,"Taiwan, TW",0.9992171,36729000
2026-09-08T10:51:33.199253+00:00,vast.ai,marketplace,RTX 3090,0.14805555555555555,1,24.0,6.855681818181818,46.3047927682074,26.16,124.13333333333333,"Australia, AU",0.9969232,45520838
2026-09-08T10:51:33.199253+00:00,vast.ai,marketplace,RTX 3090,0.14805555555555555,1,24.0,44.58431625361795,301.1323424259374,31.41,257.0,"Thailand, TH",0.9811848,49249796
2026-09-08T10:51:33.199253+00:00,vast.ai,marketplace,RTX 3090,0.14805555555555555,1,24.0,44.3607604204072,299.622396835771,47.08,340.80000000000007,"Fujian, CN",0.9960782,35376519
2026-09-08T10:51:33.199253+00:00,vast.ai,marketplace,RTX 3070,0.14805555555555555,1,8.0,16.278255054370714,109.94693845353578,15.53,778.0,"Japan, JP",0.9882705,50020378
2026-09-08T10:51:33.199253+00:00,vast.ai,marketplace,RTX 4070 Ti,0.14805555555555555,1,11.99,35.57248795989432,240.26445901617177,31.22,806.0,"Czechia, CZ",0.9764367,50232667
2026-09-08T10:51:33.199253+00:00,vast.ai,marketplace,RTX 3080,0.14805555555555555,1,10.0,27.112868686745884,183.12631758402475,31.32,392.0,"Taiwan, TW",0.9991769,35966568
2026-09-08T10:51:33.199253+00:00,vast.ai,marketplace,RTX 3080 Ti,0.14805555555555555,1,12.0,31.836321762990735,215.02956537854905,15.66,196.0,"Taiwan, TW",0.9994663,49746673
2026-09-08T10:51:33.199253+00:00,vast.ai,marketplace,RTX 3080 Ti,0.14805555555555555,1,12.0,34.52555438175147,233.19323785047897,15.59,350.0,"Taiwan, TW",0.9973169,47987427
2026-09-08T10:51:33.199253+00:00,vast.ai,marketplace,RTX 5070 Ti,0.14805555555555555,1,15.92,75.90657225050073,512.6897938120125,15.59,253.5,"South Korea, KR",0.998052,43056449
2026-09-08T10:51:33.199253+00:00,vast.ai,marketplace,RTX 3060,0.14816666666666667,1,12.0,12.50763235647156,84.41596641038174,62.86,289.0,"New York, US",0.9977128,48275195
2026-09-08T10:51:33.199253+00:00,vast.ai,marketplace,RTX 3090,0.14921296296296296,1,24.0,15.855916685254641,106.26366751520331,31.34,213.0,"Quebec, CA",0.9895072,49745163
2026-09-08T10:51:33.199253+00:00,vast.ai,marketplace,RTX 3090,0.14921296296296296,1,24.0,36.23364693070788,242.8317634822495,31.32,313.0,"Quebec, CA",0.9804927,33847859
2026-09-08T10:51:33.199253+00:00,vast.ai,marketplace,RTX 3090,0.14944444444444444,1,24.0,44.3633895822079,296.85539497388186,31.12,484.0,"Argentina, AR",0.9478321,49816705
2026-09-08T10:51:33.199253+00:00,vast.ai,marketplace,Tesla V100,0.15083333333333335,1,32.0,25.71306491342886,170.47335854206978,94.27,705.0,"Bulgaria, BG",0.9821628,44696067
2026-09-08T10:51:33.199253+00:00,vast.ai,marketplace,RTX A2000,0.15472222222222223,1,5.99,8.574884920896874,55.42115927330116,110.01,749.95,"Denmark, DK",0.998291,46793390
2026-09-08T10:51:33.199253+00:00,vast.ai,marketplace,RTX 3090,0.1552777777777778,1,24.0,44.36864499845682,285.7372486483802,50.31,556.4,"Germany, DE",0.9913188,50050000
2026-09-08T10:51:33.199253+00:00,vast.ai,marketplace,RTX 5070,0.15611111111111112,1,11.94,50.16787153459305,321.36003118244656,15.26,1612.5,"Ukraine, UA",0.989652,49788269
2026-09-08T10:51:33.199253+00:00,vast.ai,marketplace,RTX 4080S,0.1565900459259259,1,15.99,55.682024015840724,355.59108298736186,23.57,297.66097496848505,"California, US",0.9875825,47959561
2026-09-08T10:51:33.199253+00:00,vast.ai,marketplace,RTX 5060 Ti,0.16046296296296297,1,15.93,38.5381561183504,240.1685436111854,62.6,1586.0,"Thailand, TH",0.9990378,45887068
2026-09-08T10:51:33.199253+00:00,vast.ai,marketplace,RTX 3090,0.1613888888888889,1,24.0,37.607130666766245,233.02180791800083,30.95,82.5,"Türkiye, TR",0.9978866,30908687
2026-09-08T10:51:33.199253+00:00,vast.ai,marketplace,RTX 3090,0.1613888888888889,1,24.0,37.17996086670864,230.3749726680742,41.96,407.16666666666663,"Argentina, AR",0.9930968,48814699
2026-09-08T10:51:33.199253+00:00,vast.ai,marketplace,RTX 3090,0.1613888888888889,1,24.0,41.839261080891895,259.2449912069033,31.28,169.0,"New Brunswick, CA",0.9966048,48412778
2026-09-08T10:51:33.199253+00:00,vast.ai,marketplace,RTX 3070,0.1613888888888889,1,8.0,16.281633360172783,100.88447520933222,15.67,343.5,"Oklahoma, US",0.9922264,43271042
2026-09-08T10:51:33.199253+00:00,vast.ai,marketplace,RTX 5070 Ti,0.1613888888888889,1,15.92,75.79056994199941,469.61454697280186,23.53,271.05000000000007,"Vietnam, VN",0.9931666,45771648
2026-09-08T10:51:33.199253+00:00,vast.ai,marketplace,RTX 5070,0.1613888888888889,1,11.94,50.20272375041296,311.06679088035565,23.26,394.95,"France, FR",0.9775012,50183577
2026-09-08T10:51:33.199253+00:00,vast.ai,marketplace,RTX 3090,0.16185185185185186,1,24.0,44.25823806517881,273.4490681372604,31.36,297.699927409784,"Norway, NO",0.999325,50188998
2026-09-08T10:51:33.199253+00:00,vast.ai,marketplace,Titan RTX,0.16185185185185186,1,24.0,12.057292800000003,74.49585940503434,78.28,3182.0,"Norway, NO",0.9976356,50189096
2026-09-08T10:51:33.199253+00:00,vast.ai,marketplace,RTX 4070,0.16416666666666668,1,11.99,33.69042731220426,205.22087702865534,62.86,728.5,"New York, US",0.9971096,49056459
2026-09-08T10:51:33.199253+00:00,vast.ai,marketplace,RTX 3090,0.1653888888888889,1,24.0,44.83897819337376,271.11239754139325,31.21,252.5,"France, FR",0.9953273,45406698
2026-09-08T10:51:33.199253+00:00,vast.ai,marketplace,RTX 5080,0.1660185185185185,1,15.92,83.74659326991305,504.44127569161236,31.46,151.6625,", US",0.9921052,50249432
2026-09-08T10:51:33.199253+00:00,vast.ai,marketplace,RTX 5080,0.16694444444444445,1,15.92,83.74328302781548,501.62365873566677,62.4,490.0,"Japan, JP",0.9984541,41758462
2026-09-08T10:51:33.199253+00:00,vast.ai,marketplace,RTX 3080 Ti,0.16759259259259257,1,12.0,33.89298678582117,202.23439629108768,15.54,1112.0,"Japan, JP",0.9964327,46117025
2026-09-08T10:51:33.199253+00:00,vast.ai,marketplace,RTX 4060 Ti,0.16805555555555554,1,16.0,22.50490209483634,133.9134670105964,125.88,743.25,"Norway, NO",0.9919783,47588722
2026-09-08T10:51:33.199253+00:00,vast.ai,marketplace,RTX 3080 Ti,0.17338888888888887,1,12.0,34.7050653824969,200.1573780470824,31.41,671.25,"Florida, US",0.9962565,49921402
2026-09-08T10:51:33.199253+00:00,vast.ai,marketplace,RTX 3090,0.17425925925925925,1,24.0,44.35418327168303,254.5298508683192,31.37,632.0,"Utah, US",0.9982032,11087700
2026-09-08T10:51:33.199253+00:00,vast.ai,marketplace,RTX 3090,0.17472222222222222,1,24.0,39.24545641693579,224.61628473921914,62.88,163.5000000000001,"Sweden, SE",0.9953258,41666482
2026-09-08T10:51:33.199253+00:00,vast.ai,marketplace,RTX 3090,0.17472222222222222,1,24.0,44.35681485909163,253.87048250036543,62.89,85.5,"Oman, OM",0.9934593,50256181
2026-09-08T10:51:33.199253+00:00,vast.ai,marketplace,RTX 3090,0.17472222222222222,1,24.0,43.24651070500455,247.51580053738695,29.35,1551.0,"Taiwan, TW",0.9991442,47957869
2026-09-08T10:51:33.199253+00:00,vast.ai,marketplace,RTX 3060,0.17472222222222222,1,12.0,12.337460403838445,70.61185604740605,62.68,666.0,"Japan, JP",0.9927413,49855702
2026-09-08T10:51:33.199253+00:00,vast.ai,marketplace,RTX 3090 Ti,0.17472222222222222,1,23.99,46.186748499390674,264.3438705847479,62.82,160.5,"Oman, OM",0.9869628,50254833
2026-09-08T10:51:33.199253+00:00,vast.ai,marketplace,RTX 3090 Ti,0.17472222222222222,1,23.99,46.19418082333483,264.3864085278305,62.81,1499.5776119773698,"Vietnam, VN",0.995483,43359414
2026-09-08T10:51:33.199253+00:00,vast.ai,marketplace,RTX 3080 Ti,0.17472222222222222,1,12.0,34.51918464822855,197.5660806575879,15.59,386.0,"Taiwan, TW",0.9981867,42962386
2026-09-08T10:51:33.199253+00:00,vast.ai,marketplace,RTX 3080 Ti,0.17472222222222222,1,12.0,34.522370412086474,197.58431396424692,15.59,374.0,"Taiwan, TW",0.9982995,40734395
2026-09-08T10:51:33.199253+00:00,vast.ai,marketplace,RTX 5060 Ti,0.17472222222222222,1,15.93,38.88759024296388,222.5680840614785,46.71,3320.95,"Ohio, US",0.9982125,49213096
2026-09-08T10:51:33.199253+00:00,vast.ai,marketplace,RTX 4080,0.17657407407407408,1,15.99,53.214044907481146,301.36952543303426,62.88,94.0725830020305,"Ontario, CA",0.9978318,49852985
2026-09-08T10:51:33.199253+00:00,vast.ai,marketplace,RTX 5060 Ti,0.1773888888888889,1,15.93,38.92933126889754,219.45755178207193,62.94,360.4375,"Germany, DE",0.91765,44053714
2026-09-08T10:51:33.199253+00:00,vast.ai,marketplace,RTX 5060 Ti,0.1773888888888889,1,15.93,38.89454941096453,219.26147491304775,62.94,326.05,"Germany, DE",0.9893794,48190500
2026-09-08T10:51:33.199253+00:00,vast.ai,marketplace,Tesla V100,0.17796296296296296,1,32.0,25.71306491342886,144.4854844250945,62.87,1652.25,"Bulgaria, BG",0.9854659,35822236
2026-09-08T10:51:33.199253+00:00,vast.ai,marketplace,Tesla V100,0.17981481481481482,1,32.0,25.71306491342886,142.99747737643239,125.81,755.5,"Bulgaria, BG",0.9876838,21161536
2026-09-08T10:51:33.199253+00:00,vast.ai,marketplace,Tesla V100,0.18092592592592593,1,32.0,25.71306491342886,142.11929430144917,41.87,1004.6666666666666,"Virginia, US",0.9974172,25913999
2026-09-08T10:51:33.199253+00:00,vast.ai,marketplace,RTX 4000Ada,0.18405555555555558,1,20.0,31.357499147816377,170.36975087856766,30.93,408.0,"Switzerland, CH",0.9875115,50065772
2026-09-08T10:51:33.199253+00:00,vast.ai,marketplace,RTX 3090,0.18614814814814817,1,24.0,17.64269073514526,94.77768600257102,30.84,245.25,"New Zealand, NZ",0.9696751,48399575
2026-09-08T10:51:33.199253+00:00,vast.ai,marketplace,RTX 3090,0.18625925925925926,1,24.0,28.65625039115725,153.85141391156208,41.12,218.09789809029132,"New Zealand, NZ",0.990079,50015370
2026-09-08T10:51:33.199253+00:00,vast.ai,marketplace,RTX 4000Ada,0.1875925925925926,1,20.0,31.231521346619864,166.4858985900763,31.39,336.25,"Romania, RO",0.9958461,49640238
2026-09-08T10:51:33.199253+00:00,vast.ai,marketplace,RTX 4060 Ti,0.1875925925925926,1,16.0,22.522997544622854,120.06336302168155,251.88,818.5,"Germany, DE",0.9986895,49407382
2026-09-08T10:51:33.199253+00:00,vast.ai,marketplace,RTX 3090,0.18805555555555556,1,24.0,44.35944547585151,235.88479130438026,31.38,96.0,"Finland, FI",0.9893669,36742572
2026-09-08T10:51:33.199253+00:00,vast.ai,marketplace,RTX 3090,0.18805555555555556,1,24.0,44.64553445532404,237.4060916383553,94.31,1463.0,"Utah, US",0.9688416,49980276
2026-09-08T10:51:33.199253+00:00,vast.ai,marketplace,RTX 4070,0.18805555555555556,1,11.99,29.78167868474744,158.3663859159391,15.35,345.4,"France, FR",0.9974968,39309239
2026-09-08T10:51:33.199253+00:00,vast.ai,marketplace,RTX 5080,0.1947222222222222,1,15.92,83.81511438480551,430.4342536166902,62.71,718.0,"Australia, AU",0.9979579,47821758
2026-09-08T10:51:33.199253+00:00,vast.ai,marketplace,RTX 3090,0.2009259259259259,1,24.0,44.79451606210728,222.94044860403625,46.97,530.0,"Poland, PL",0.9984851,46688409
2026-09-08T10:51:33.199253+00:00,vast.ai,marketplace,RTX 3090,0.20138888888888887,1,24.0,44.35155071308448,220.22838974772984,31.32,360.0,"Taiwan, TW",0.9985602,40989944
2026-09-08T10:51:33.199253+00:00,vast.ai,marketplace,RTX 3090,0.20138888888888887,1,24.0,44.34232910204534,220.18259967912172,31.36,275.0,"Colorado, US",0.9985835,32787876
2026-09-08T10:51:33.199253+00:00,vast.ai,marketplace,RTX 5070 Ti,0.20138888888888887,1,15.92,75.70715009372225,375.92515908606913,23.53,296.3112915010153,"Vietnam, VN",0.9945401,45769831
2026-09-08T10:51:33.199253+00:00,vast.ai,marketplace,RTX PRO 4000,0.20138888888888887,1,23.89,59.6847153532127,296.3654831331941,31.24,176.76516280925753,"Illinois, US",0.9778963,49806052
2026-09-08T10:51:33.199253+00:00,vast.ai,marketplace,RTX 5060 Ti,0.20138888888888887,1,15.93,38.36231125551517,190.48871795842018,124.44,261.3729776687991,"Texas, US",0.9902788,49701022
2026-09-08T10:51:33.199253+00:00,vast.ai,marketplace,RTX 3090,0.20185185185185184,1,24.0,44.362075122503484,219.77541803809066,31.43,269.7214262582231,"Utah, US",0.9870345,6299076
2026-09-08T10:51:33.199253+00:00,vast.ai,marketplace,RTX 4060 Ti,0.20185185185185184,1,16.0,22.522997544622854,111.58182269813157,124.44,332.4490675799518,"Texas, US",0.9976431,37119317
2026-09-08T10:51:33.199253+00:00,vast.ai,marketplace,RTX 5080,0.20185185185185184,1,15.92,83.7949730389369,415.131059091981,31.4,820.25,"India, IN",0.992168,49649012
2026-09-08T10:51:33.199253+00:00,vast.ai,marketplace,RTX 4080S,0.20203703703703701,1,15.99,55.66458289537779,275.51672560498633,50.31,573.0,"Denmark, DK",0.99868,27875864
2026-09-08T10:51:33.199253+00:00,vast.ai,marketplace,RTX 3090,0.20277777777777775,1,24.0,43.59611960157136,214.9945624187081,31.33,262.0,"Thailand, TH",0.9668199,50130170
2026-09-08T10:51:33.199253+00:00,vast.ai,marketplace,Tesla V100,0.20938888888888887,1,32.0,25.71306491342886,122.80052227161568,94.14,1143.25,"Minnesota, US",0.9977058,46400809
2026-09-08T10:51:33.199253+00:00,vast.ai,marketplace,RTX 5080,0.21425925925925926,1,15.92,83.87767533162472,391.4774821009278,110.1,8.5,"Latvia, LV",0.9963623,49614256
2026-09-08T10:51:33.199253+00:00,vast.ai,marketplace,RTX 4000Ada,0.21453703703703705,1,20.0,31.315549335464773,145.96803315624493,41.88,503.0,"Romania, RO",0.9563173,49678383
2026-09-08T10:51:33.199253+00:00,vast.ai,marketplace,RTX 3090,0.21611111111111111,1,24.0,36.73023243417562,169.9599444254913,31.33,718.0,"Thailand, TH",0.9946079,50052615
2026-09-08T10:51:33.199253+00:00,vast.ai,marketplace,RTX 5070,0.21611111111111111,1,11.94,49.888396402982934,230.84605019375135,62.59,3051.5,"Texas, US",0.9976988,41863838
2026-09-08T10:51:33.199253+00:00,vast.ai,marketplace,CMP 170HX,0.21750000000000003,1,64.0,65.93565530926179,303.15243820350247,62.87,99.67500000000001,"Ontario, CA",0.968412,50009163
2026-09-08T10:51:33.199253+00:00,vast.ai,marketplace,RTX 3090,0.22138888888888889,1,24.0,44.362075122503484,200.38076592347872,83.87,180.96666666666664,"Quebec, CA",0.9981703,50116671
2026-09-08T10:51:33.199253+00:00,vast.ai,marketplace,Tesla V100,0.2253888888888889,1,32.0,25.71306491342886,114.08310782393873,94.14,504.5,"Minnesota, US",0.9996067,44261419
2026-09-08T10:51:33.199253+00:00,vast.ai,marketplace,RTX 3090,0.2266481481481482,1,24.0,44.3633895822079,195.73682796300565,125.7,3266.0,"Sweden, SE",0.9858967,50191898
2026-09-08T10:51:33.199253+00:00,vast.ai,marketplace,RTX 4080,0.22731481481481483,1,15.99,53.16193574502214,233.86920816547416,62.88,520.3058404132869,"Pennsylvania, US",0.9865171,49416072
2026-09-08T10:51:33.199253+00:00,vast.ai,marketplace,RTX 3090,0.22805555555555557,1,24.0,44.84569136373229,196.64371365339372,62.86,625.5,"Japan, JP",0.9974508,48414828
2026-09-08T10:51:33.199253+00:00,vast.ai,marketplace,RTX 4080S,0.22805555555555557,1,15.99,55.764578377873406,244.52190275315988,30.47,677.0,"New Jersey, US",0.9978113,36029272
2026-09-08T10:51:33.199253+00:00,vast.ai,marketplace,RTX PRO 4000,0.22805555555555557,1,23.89,65.7642893486914,288.3696000673435,30.92,777.7,"Switzerland, CH",0.9498752,50064533
2026-09-08T10:51:33.199253+00:00,vast.ai,marketplace,RTX 3090,0.22944444444444445,1,24.0,44.59097300724927,194.34322376040842,125.78,794.5,"Thailand, TH",0.9528214,46596470
2026-09-08T10:51:33.199253+00:00,vast.ai,marketplace,RTX 5080,0.22944444444444445,1,15.92,83.73294492595217,364.9377744956753,62.61,1492.0,"Thailand, TH",0.9843276,50119359
2026-09-08T10:51:33.199253+00:00,vast.ai,marketplace,RTX A5000,0.23205555555555557,1,23.99,35.347142584820624,152.32189766022773,100.7,45.0,"Romania, RO",0.9982315,13273578
2026-09-08T10:51:33.199253+00:00,vast.ai,marketplace,RTX A5000,0.23205555555555557,1,23.99,34.88561306114384,150.33302252827127,55.97,523.6666666666666,"Romania, RO",0.9951467,13185443
2026-09-08T10:51:33.199253+00:00,vast.ai,marketplace,RTX A5000,0.23205555555555557,1,23.99,35.083505084753334,151.18580117920996,125.88,1511.25,"Romania, RO",0.9987602,19951401
2026-09-08T10:51:33.199253+00:00,vast.ai,marketplace,RTX A5000,0.2413888888888889,1,22.49,33.006536320814305,136.73593872834465,30.5,1458.0,"Puerto Rico, PR",0.9962501,48465829
2026-09-08T10:51:33.199253+00:00,vast.ai,marketplace,RTX 3090,0.2413888888888889,1,24.0,44.90341017107487,186.02103177890623,62.89,644.4949941987836,"Quebec, CA",0.9967078,50097541
2026-09-08T10:51:33.199253+00:00,vast.ai,marketplace,RTX 3090 Ti,0.2413888888888889,1,23.99,45.456569808778895,188.31260219977446,31.35,292.5,"Florida, US",0.977661,48610460
2026-09-08T10:51:33.199253+00:00,vast.ai,marketplace,RTX 4070 Ti,0.2413888888888889,1,11.99,35.62739136381597,147.59333591454254,47.19,1662.0,"North Carolina, US",0.9929002,39047405
2026-09-08T10:51:33.199253+00:00,vast.ai,marketplace,RTX 4080S,0.2413888888888889,1,15.99,55.65295326430979,230.5530860201556,125.67,1648.0,"Japan, JP",0.9604934,49961706
2026-09-08T10:51:33.199253+00:00,vast.ai,marketplace,A10,0.2416666666666667,1,22.49,29.123135170323813,120.50952484271922,83.77,909.0,"The Netherlands, NL",0.9993729,25353518
2026-09-08T10:51:33.199253+00:00,vast.ai,marketplace,A10,0.2416666666666667,1,22.49,29.1161765629528,120.48073060532191,62.83,729.75,"The Netherlands, NL",0.9995979,44544437
2026-09-08T10:51:33.199253+00:00,vast.ai,marketplace,RTX PRO 4000,0.24231481481481484,1,23.89,65.75230423708362,271.35073968685634,41.92,453.26666666666665,"France, FR",0.9900292,47658246
2026-09-08T10:51:33.199253+00:00,vast.ai,marketplace,RTX 5080,0.24462962962962964,1,15.92,83.77374703794926,342.45135049578045,15.27,95.0,"Illinois, US",0.9964636,32458130
2026-09-08T10:51:33.199253+00:00,vast.ai,marketplace,RTX PRO 4000,0.24805555555555553,1,23.89,65.71634849707324,264.9259289915607,31.12,657.0,"Thailand, TH",0.9699853,49285250
2026-09-08T10:51:33.199253+00:00,vast.ai,marketplace,Tesla V100,0.24938888888888888,1,32.0,25.71306491342886,103.10429236839373,94.14,990.75,"Minnesota, US",0.9995723,17928792
2026-09-08T10:51:33.199253+00:00,vast.ai,marketplace,RTX 3090,0.25170370370370376,1,24.0,44.35813028876885,176.2315358735666,100.72,6.0,"Iceland, IS",0.9996331,9107071
2026-09-08T10:51:33.199253+00:00,vast.ai,marketplace,RTX 3080,0.25170370370370376,1,12.0,30.07921621012031,119.50247758582228,100.72,6.0,"Iceland, IS",0.9996331,9107064
2026-09-08T10:51:33.199253+00:00,vast.ai,marketplace,RTX 4070S Ti,0.2520555555555556,1,15.99,51.015524456552086,202.3979370107863,31.44,728.1,"Minnesota, US",0.9995773,47095368
2026-09-08T10:51:33.199253+00:00,vast.ai,marketplace,RTX 4090,0.2520555555555556,1,23.99,82.44018051643782,327.0714677751555,31.46,128.83214052678426,"United States, US",0.9882621,48448044
2026-09-08T10:51:33.199253+00:00,vast.ai,marketplace,RTX 3090,0.2547222222222222,1,24.0,43.507099336265554,170.80213479886152,125.87,279.5,"Massachusetts, US",0.9850775,47766457
2026-09-08T10:51:33.199253+00:00,vast.ai,marketplace,RTX 3090,0.2547222222222222,1,24.0,43.74306939312336,171.7285167014658,125.87,61.5,"Massachusetts, US",0.9961487,44280029
2026-09-08T10:51:33.199253+00:00,vast.ai,marketplace,Tesla V100,0.25796296296296295,1,16.0,20.174061839263175,78.20526484710778,125.77,1452.1967280780325,"Quebec, CA",0.9724258,50115955
2026-09-08T10:51:33.199253+00:00,vast.ai,marketplace,RTX 4500Ada,0.258212962962963,1,23.99,40.595588553291606,157.21746920627868,124.94,3032.6,"Japan, JP",0.992559,48892595
2026-09-08T10:51:33.199253+00:00,vast.ai,marketplace,Tesla V100,0.2613888888888889,1,32.0,25.71306491342886,98.37091784096056,94.32,1281.8670802920296,"Minnesota, US",0.9994498,44175690
2026-09-08T10:51:33.199253+00:00,vast.ai,marketplace,RTX 4080,0.26805555555555555,1,15.99,53.173518772770116,198.36753117302842,23.45,1510.0,"North Carolina, US",0.9966209,39750750
2026-09-08T10:51:33.199253+00:00,vast.ai,marketplace,L4,0.26805555555555555,1,22.49,25.33662334610389,94.52004564349639,62.75,605.5,"Czechia, CZ",0.9984761,36610194
2026-09-08T10:51:33.199253+00:00,vast.ai,marketplace,RTX PRO 4000,0.26805555555555555,1,23.89,65.71634849707324,245.15943480773439,30.2,149.0,"Puerto Rico, PR",0.9889144,44170201
2026-09-08T10:51:33.199253+00:00,vast.ai,marketplace,RTX PRO 4000,0.26805555555555555,1,23.89,65.75230423708362,245.2935702108819,62.88,745.0,"Slovakia, SK",0.9956786,45623848
2026-09-08T10:51:33.199253+00:00,vast.ai,marketplace,RTX 4500Ada,0.2685185185185185,1,23.99,40.56512712797418,151.07012861452455,23.34,120.5,"France, FR",0.9679544,49670450
2026-09-08T10:51:33.199253+00:00,vast.ai,marketplace,RTX 4090,0.27338888888888885,1,23.99,98.4027387634971,359.9368619676789,62.96,623.625,"Hong Kong, HK",0.9984918,39184681
2026-09-08T10:51:33.199253+00:00,vast.ai,marketplace,RTX PRO 4000,0.28092592592592597,1,23.89,65.75230423708362,234.0556643904097,62.88,112.5,"South Korea, KR",0.995284,45704065
2026-09-08T10:51:33.199253+00:00,vast.ai,marketplace,RTX 5080,0.28185185185185185,1,15.92,83.69101072743325,296.93262675961864,125.78,314.00000000000006,"Florida, US",0.9951423,49863935
2026-09-08T10:51:33.199253+00:00,vast.ai,marketplace,RTX 5060 Ti,0.2937962962962963,1,15.93,38.375975201203396,130.62103125527787,125.94,10771.453072583898,"Denmark, DK",0.9599603,49967736
2026-09-08T10:51:33.199253+00:00,vast.ai,marketplace,RTX 4090,0.2947222222222222,1,23.99,98.84880711127663,335.3965180024466,41.95,138.5,"Sweden, SE",0.9837331,30714846
2026-09-08T10:51:33.199253+00:00,vast.ai,marketplace,RTX PRO 4500,0.2947222222222222,1,31.86,96.52754032599488,327.5204007291061,46.87,359.56014989761957,"India, IN",0.9821968,49957889
2026-09-08T10:51:33.199253+00:00,vast.ai,marketplace,RTX 5080,0.2953902222222222,1,15.92,83.72260679085683,283.43052847521903,62.38,1394.0,"India, IN",0.9951596,46501355
2026-09-08T10:51:33.199253+00:00,vast.ai,marketplace,RTX 3090,0.3080555555555556,1,24.0,44.362075122503484,144.00673619568306,46.97,2396.0,"California, US",0.9689981,50225234
2026-09-08T10:51:33.199253+00:00,vast.ai,marketplace,RTX PRO 4000,0.32092592592592595,1,23.89,65.7283338112971,204.8084261863845,125.68,3101.0,"Germany, DE",0.9947822,49407398
2026-09-08T10:51:33.199253+00:00,vast.ai,marketplace,RTX 3090,0.32231481481481483,1,24.0,44.375208823045156,137.67660307063707,27.47,812.9,"Quebec, CA",0.9792646,49316123
2026-09-08T10:51:33.199253+00:00,vast.ai,marketplace,RTX 4090,0.32601851851851854,1,23.99,96.9080739434031,297.2471452964366,35.96,402.3714285714285,"United States, US",0.9948988,41890581
2026-09-08T10:51:33.199253+00:00,vast.ai,marketplace,RTX 5000Ada,0.3347222222222222,1,31.99,64.34516470095245,192.2345169489036,62.88,191.70705394891192,"Missouri, US",0.9889715,50160636
2026-09-08T10:51:33.199253+00:00,vast.ai,marketplace,L4,0.3347222222222222,1,22.49,25.314373969525715,75.62800522015982,47.14,427.5,"Czechia, CZ",0.99716,49498409
2026-09-08T10:51:33.199253+00:00,vast.ai,marketplace,L4,0.3347222222222222,1,22.49,25.314373969525715,75.62800522015982,62.75,240.0,"Czechia, CZ",0.9981436,45699407
2026-09-08T10:51:33.199253+00:00,vast.ai,marketplace,Tesla V100,0.3347222222222222,1,32.0,25.71306491342886,76.81911509406133,94.32,1241.921865926223,"Minnesota, US",0.9995774,38405405
2026-09-08T10:51:33.199253+00:00,vast.ai,marketplace,RTX 4090,0.3347222222222222,1,23.99,96.99194912432674,289.76847871168155,31.23,298.0,"Texas, US",0.8861658,50229938
2026-09-08T10:51:33.199253+00:00,vast.ai,marketplace,RTX 5080,0.33564814814814814,1,15.92,83.77053451659044,249.5784200770143,30.17,596.0,"Florida, US",0.9920146,45511280
2026-09-08T10:51:33.199253+00:00,vast.ai,marketplace,RTX 3090 Ti,0.3361111111111111,1,23.99,45.929824897237026,136.6507187025234,62.89,630.5,"Thailand, TH",0.9948422,49710712
2026-09-08T10:51:33.199253+00:00,vast.ai,marketplace,RTX 4090,0.3475925925925926,1,23.99,96.91126798105762,278.8070575906825,46.96,1433.0,"Bulgaria, BG",0.9978034,40961905
2026-09-08T10:51:33.199253+00:00,vast.ai,marketplace,RTX 4090,0.34870370370370374,1,23.99,97.00592305500766,278.1901139123958,47.18,113.23750000000001,"Denmark, DK",0.9754355,37888578
2026-09-08T10:51:33.199253+00:00,vast.ai,marketplace,RTX 3090,0.34990740740740744,1,24.0,44.85105746163062,128.1797884587485,41.97,133.0,"Spain, ES",0.9980162,37930658
2026-09-08T10:51:33.199253+00:00,vast.ai,marketplace,RTX 3090,0.34990740740740744,1,24.0,44.36601777471118,126.79359406374192,62.96,239.625,"Spain, ES",0.999045,43543259
2026-09-08T10:51:33.199253+00:00,vast.ai,marketplace,RTX 5090,0.3526851851851852,1,31.84,185.54803952476126,526.101030944453,62.96,263.25,"California, US",0.9677041,42230258
2026-09-08T10:51:33.199253+00:00,vast.ai,marketplace,RTX 4090,0.3607407407407408,1,23.99,97.04783583155114,269.0237748923902,83.92,558.0990135760469,"Taiwan, TW",0.9936149,43720864
2026-09-08T10:51:33.199253+00:00,vast.ai,marketplace,RTX 4090,0.3613888888888889,1,23.99,96.845131956058,267.98038050869235,31.44,1432.75,"Taiwan, TW",0.9982081,49112072
2026-09-08T10:51:33.199253+00:00,vast.ai,marketplace,RTX 4090,0.36231481481481487,1,23.99,96.87310994435018,267.3727542547871,62.89,771.0,"Texas, US",0.9944887,44637530
2026-09-08T10:51:33.199253+00:00,vast.ai,marketplace,RTX 5090,0.3660185185185186,1,31.84,199.18542015484968,544.1949247843097,62.87,731.775,", US",0.994234,44614429
2026-09-08T10:51:33.199253+00:00,vast.ai,marketplace,RTX 5090,0.3660185185185186,1,31.84,111.9498882471698,305.8585360661355,31.46,247.9875,"United States, US",0.9944575,43165161
2026-09-08T10:51:33.199253+00:00,vast.ai,marketplace,RTX 4090,0.3690348148148148,1,23.99,97.06878715236337,263.03422673298024,73.34,957.1999999999999,"Italy, IT",0.930071,50168682
2026-09-08T10:51:33.199253+00:00,vast.ai,marketplace,RTX 3090,0.3742592592592593,1,24.0,44.36601777471118,118.54354081318178,251.77,3321.5,"Germany, DE",0.9990075,40384849
2026-09-08T10:51:33.199253+00:00,vast.ai,marketplace,RTX 4090,0.3742592592592593,1,23.99,98.51329377884551,263.2220615565392,59.0,486.875,"Quebec, CA",0.99541,29761284
2026-09-08T10:51:33.199253+00:00,vast.ai,marketplace,RTX 4090,0.3742592592592593,1,23.99,97.02688113311575,259.25044934132853,62.94,254.0,"South Korea, KR",0.9936722,46384002
2026-09-08T10:51:33.199253+00:00,vast.ai,marketplace,RTX 4090,0.37444444444444447,1,23.99,96.65612230524633,258.1320773730614,125.96,628.375,"Washington, US",0.9980662,50180311
2026-09-08T10:51:33.199253+00:00,vast.ai,marketplace,RTX 4090,0.37456481481481485,1,47.99,125.457409563411,334.94179004890583,94.46,430.3227933859109,"Japan, JP",0.9972157,45473518
2026-09-08T10:51:33.199253+00:00,vast.ai,marketplace,RTX 4090,0.37472222222222223,1,23.99,97.0548199803455,259.0047086206403,83.97,132.0,"Texas, US",0.9822183,44533590
2026-09-08T10:51:33.199253+00:00,vast.ai,marketplace,RTX 4090,0.37472222222222223,1,23.99,92.82401110579896,247.71418827344422,62.89,720.186617734608,"Pennsylvania, US",0.9954045,47795179
2026-09-08T10:51:33.199253+00:00,vast.ai,marketplace,RTX 4090,0.37472222222222223,1,23.99,98.31976189098664,262.3803875519288,55.97,44.888888888888886,"Bulgaria, BG",0.9938635,46962444
2026-09-08T10:51:33.199253+00:00,vast.ai,marketplace,RTX 3090,0.3769259259259259,1,24.0,44.36733150764498,117.70835714910234,41.92,155.16666666666666,"Czechia, CZ",0.9931429,18811400
2026-09-08T10:51:33.199253+00:00,vast.ai,marketplace,RTX 3090,0.3769259259259259,1,24.0,44.36470379958797,117.70138573144104,31.45,187.14879150101538,"Czechia, CZ",0.9825652,30293566
2026-09-08T10:51:33.199253+00:00,vast.ai,marketplace,RTX 5090,0.3793518518518519,1,31.84,199.22505288158797,525.1722165294484,62.88,767.875,"Beijing, CN",0.9883427,50041181
2026-09-08T10:51:33.199253+00:00,vast.ai,marketplace,RTX 5090,0.3793518518518519,1,31.84,199.20543945488362,525.1205140621779,31.36,659.25,"Sichuan, CN",0.9291763,50214005
2026-09-08T10:51:33.199253+00:00,vast.ai,marketplace,RTX 4090,0.3805185185185185,1,23.99,83.51996209806806,219.48987508738932,47.04,297.0,"Montana, US",0.9946962,49910715
2026-09-08T10:51:33.199253+00:00,vast.ai,marketplace,RTX 5090,0.3889814814814815,1,31.84,190.45140324793695,489.61560463644827,62.83,1439.85,"Romania, RO",0.9888961,50247688
2026-09-08T10:51:33.199253+00:00,vast.ai,marketplace,RTX 5090,0.3894444444444444,1,31.84,199.28467218265936,511.71527807244917,30.06,193.0,"Alaska, US",0.9927389,49686449
2026-09-08T10:51:33.199253+00:00,vast.ai,marketplace,RTX 4090,0.3912962962962963,1,23.99,98.74380234187956,252.35046504787013,62.89,766.154998549696,"Michigan, US",0.986179,34176463
2026-09-08T10:51:33.199253+00:00,vast.ai,marketplace,RTX 3090,0.3915925925925926,1,24.0,44.3633895822079,113.28965465994641,31.45,266.7052146291422,"Czechia, CZ",0.9913989,48782872
2026-09-08T10:51:33.199253+00:00,vast.ai,marketplace,RTX 5090,0.3926851851851852,1,31.84,189.92035355773996,483.64532384428003,62.96,290.825,"California, US",0.9961527,48272203
2026-09-08T10:51:33.199253+00:00,vast.ai,marketplace,RTX 4090,0.39877777777777773,1,23.99,97.38532851568458,244.20951703570947,125.96,1237.2554386969973,"Italy, IT",0.9909762,49274461
2026-09-08T10:51:33.199253+00:00,vast.ai,marketplace,RTX 5090,0.4009259259259259,1,31.84,84.96831158783965,211.93019980338758,62.96,189.0242399514775,"United States, US",0.9895,49863085
2026-09-08T10:51:33.199253+00:00,vast.ai,marketplace,RTX 3090,0.40138888888888885,1,24.0,44.36601777471118,110.53125535568185,31.28,164.0,"British Columbia, CA",0.9948969,19448806
2026-09-08T10:51:33.199253+00:00,vast.ai,marketplace,RTX 4090,0.40138888888888885,1,23.99,2.9901863757721396,7.449599275280072,100.72,192.0,"Iceland, IS",0.9974175,25814730
2026-09-08T10:51:33.199253+00:00,vast.ai,marketplace,RTX 4090,0.40138888888888885,1,23.99,98.57544048698891,245.5858724935364,100.72,123.80000000000001,"Iceland, IS",0.9989099,25814665
2026-09-08T10:51:33.199253+00:00,vast.ai,marketplace,RTX 5090,0.40138888888888885,1,31.84,203.00464583156963,505.75551902674795,83.92,1015.0,"Romania, RO",0.9800038,50256043
2026-09-08T10:51:33.199253+00:00,vast.ai,marketplace,RTX 4090,0.4018518518518518,1,23.99,96.08039033080108,239.0940588877078,31.4,372.75,"Norway, NO",0.9984061,49976423
2026-09-08T10:51:33.199253+00:00,vast.ai,marketplace,RTX 4090,0.4018518518518518,1,23.99,97.0408513074653,241.48414611074318,35.93,172.67613419100286,"Norway, NO",0.9968895,50045322
2026-09-08T10:51:33.199253+00:00,vast.ai,marketplace,RTX 4080S,0.4023148148148148,1,15.99,53.62528820830846,133.29185561558836,83.84,391.0,"Norway, NO",0.9953415,10764193
2026-09-08T10:51:33.199253+00:00,vast.ai,marketplace,RTX 5090,0.4023148148148148,1,31.84,199.06682406475457,494.80361332551195,30.47,476.0,"South Korea, KR",0.9982584,44173735
2026-09-08T10:51:33.199253+00:00,vast.ai,marketplace,RTX 5090,0.4023148148148148,1,31.84,199.05361647130263,494.7707843245267,30.46,632.0,"South Korea, KR",0.9666343,48989562
2026-09-08T10:51:33.199253+00:00,vast.ai,marketplace,RTX 5090,0.4023148148148148,1,31.84,194.1002628857693,482.4586511314864,30.47,423.60000000000014,"South Korea, KR",0.9980221,43995356
2026-09-08T10:51:33.199253+00:00,vast.ai,marketplace,RTX 5090,0.4023148148148148,1,31.84,194.11740392162505,482.5012571584697,30.47,548.0,"South Korea, KR",0.9765665,49024363
2026-09-08T10:51:33.199253+00:00,vast.ai,marketplace,RTX A6000,0.40277777777777773,1,44.99,48.667071521370445,120.8285913634025,47.12,670.25,"Delaware, US",0.9983563,45242142
2026-09-08T10:51:33.199253+00:00,vast.ai,marketplace,RTX A6000,0.40277777777777773,1,44.99,51.257615957182544,127.26028789369461,70.7,550.1250000000002,"Delaware, US",0.9983982,45241992
2026-09-08T10:51:33.199253+00:00,vast.ai,marketplace,RTX 5090,0.40277777777777773,1,31.84,198.9215391801651,493.87416624041,62.91,1063.237421666631,"Estonia, EE",0.9961497,45543729
2026-09-08T10:51:33.199253+00:00,vast.ai,marketplace,RTX 5090,0.40324074074074073,1,31.84,199.20543945488362,494.01119313725445,62.83,5437.632053948912,"Virginia, US",0.9846436,48598255
2026-09-08T10:51:33.199253+00:00,vast.ai,marketplace,RTX 5090,0.4060185185185185,1,31.84,185.9941787764392,458.0928462452779,62.96,321.66223926549657,"United States, US",0.9810232,48521258
2026-09-08T10:51:33.199253+00:00,vast.ai,marketplace,RTX 5090,0.4060185185185185,1,31.84,199.2781422092802,490.81047568078134,62.88,617.5250000000001,"United States, US",0.9969693,47347946
2026-09-08T10:51:33.199253+00:00,vast.ai,marketplace,RTX 5090,0.41425925925925927,1,31.84,162.20831058118682,391.562305381497,62.96,263.375,"United States, US",0.9911119,49927796
2026-09-08T10:51:33.199253+00:00,vast.ai,marketplace,RTX A6000,0.41518518518518516,1,47.99,54.474568636689504,131.20547307677222,62.88,135.75,"India, IN",0.9962646,49984421
2026-09-08T10:51:33.199253+00:00,vast.ai,marketplace,RTX 4090,0.4187222222222222,1,23.99,99.28645143130724,237.11770276814786,31.2,402.0,"Switzerland, CH",0.9968118,49934932
2026-09-08T10:51:33.199253+00:00,vast.ai,marketplace,RTX 5090,0.4218518518518518,1,31.84,165.8875703234666,393.2365582733625,31.33,295.0,"Indiana, US",0.9468534,49899251
2026-09-08T10:51:33.199253+00:00,vast.ai,marketplace,RTX 4500Ada,0.42244444444444446,1,23.99,40.6032011921891,96.11488972375115,125.75,405.0,"France, FR",0.9600972,49445415
2026-09-08T10:51:33.199253+00:00,vast.ai,marketplace,RTX 5090,0.42759259259259264,1,31.84,191.84789677555457,448.66983221654164,62.97,456.4335401460148,"Taiwan, TW",0.9539934,40661437
2026-09-08T10:51:33.199253+00:00,vast.ai,marketplace,RTX 5090,0.42759259259259264,1,31.84,130.23001871962796,304.56565659852356,62.96,203.85815038991407,"United States, US",0.992488,49506108
2026-09-08T10:51:33.199253+00:00,vast.ai,marketplace,RTX 4090,0.4280555555555556,1,23.99,97.03751101234549,226.6937311125527,61.98,1437.0,"Florida, US",0.998452,46851625
2026-09-08T10:51:33.199253+00:00,vast.ai,marketplace,RTX 5090,0.4303703703703704,1,31.84,181.17366886097287,420.9715197285944,71.96,376.8631543274328,"Estonia, EE",0.9898327,50151604
2026-09-08T10:51:33.199253+00:00,vast.ai,marketplace,RTX 3090,0.4382592592592593,1,24.0,44.84434922304307,102.3237918551646,500.0,2906.1,"The Netherlands, NL",0.9389836,50254894
2026-09-08T10:51:33.199253+00:00,vast.ai,marketplace,RTX 5090,0.4437037037037037,1,31.84,198.51871877958382,447.412805262835,71.96,741.9857142857142,"Estonia, EE",0.9966861,45409908
2026-09-08T10:51:33.199253+00:00,vast.ai,marketplace,RTX 5090,0.4575,1,31.84,199.51568605396184,436.099860227239,93.96,1141.0,"Croatia, HR",0.9976856,47251469
2026-09-08T10:51:33.199253+00:00,vast.ai,marketplace,RTX 5090,0.4600555555555555,1,31.84,189.83101374649934,412.6262827480967,43.2,190.5,"Romania, RO",0.9900308,48219169
2026-09-08T10:51:33.199253+00:00,vast.ai,marketplace,RTX 5090,0.4666481481481482,1,31.84,192.59251513450127,412.71462428124397,31.36,882.195166004061,"Taiwan, TW",0.9202567,50076765
2026-09-08T10:51:33.199253+00:00,vast.ai,marketplace,RTX 5090,0.46672222222222226,1,31.84,183.16776515532032,392.45563299556784,62.71,1036.3,"Thailand, TH",0.9887501,47185114
2026-09-08T10:51:33.199253+00:00,vast.ai,marketplace,RTX 3090,0.4680555555555555,1,24.0,44.36733150764498,94.79073793918215,62.72,1281.0,"Italy, IT",0.9650058,49635670
2026-09-08T10:51:33.199253+00:00,vast.ai,marketplace,RTX 5090,0.4680555555555555,1,31.84,199.0800316335533,425.3341922141198,124.91,1454.0,"South Korea, KR",0.9990203,37820802
2026-09-08T10:51:33.199253+00:00,vast.ai,marketplace,RTX 5090,0.4680555555555555,1,31.84,199.6147990654003,426.47672203883747,62.83,1463.5597053132622,"British Columbia, CA",0.930046,50230586
2026-09-08T10:51:33.199253+00:00,vast.ai,marketplace,RTX 5090,0.4680555555555555,1,31.84,199.08658870853546,425.34820139509065,30.93,1489.0,"Poland, PL",0.995881,50157116
2026-09-08T10:51:33.199253+00:00,vast.ai,marketplace,RTX 5090,0.4680555555555555,1,31.84,197.75268237293227,422.49831248816395,141.68,269.25,"Malaysia, MY",0.9865266,49863303
2026-09-08T10:51:33.199253+00:00,vast.ai,marketplace,RTX 5070 Ti,0.4680555555555555,1,15.92,75.98070508897437,162.33266369157732,251.91,1560.2,"Texas, US",0.9554833,49702290
2026-09-08T10:51:33.199253+00:00,vast.ai,marketplace,RTX 5070 Ti,0.4680555555555555,1,15.92,75.71086963463189,161.75616064372394,251.83,1294.75,"Texas, US",0.9986274,49691949
2026-09-08T10:51:33.199253+00:00,vast.ai,marketplace,RTX A6000,0.4683796296296296,1,47.99,54.21835328956096,115.75728289557347,94.47,324.375,"Virginia, US",0.9971299,50254854
2026-09-08T10:51:33.199253+00:00,vast.ai,marketplace,RTX PRO 4000,0.46851851851851845,1,23.89,65.66840656411382,140.16181638190304,41.92,225.33333333333331,"Hungary, HU",0.9975357,47934445
2026-09-08T10:51:33.199253+00:00,vast.ai,marketplace,RTX A6000,0.46898148148148144,1,47.99,54.47221465859,116.15003323055716,125.89,666.25,"Virginia, US",0.9886721,50121679
2026-09-08T10:51:33.199253+00:00,vast.ai,marketplace,RTX 5090,0.46898148148148144,1,31.84,198.98757813413474,424.29730382007017,30.46,385.0,"South Korea, KR",0.998351,40650259
2026-09-08T10:51:33.199253+00:00,vast.ai,marketplace,RTX 5090,0.46898148148148144,1,31.84,193.80885017754863,413.2548039323841,30.47,640.268202676787,"South Korea, KR",0.9977564,43995386
2026-09-08T10:51:33.199253+00:00,vast.ai,marketplace,RTX 4090,0.4751851851851851,1,23.99,102.30507269655803,215.2951646770902,125.88,794.7738578352672,"Hungary, HU",0.9889221,50167761
2026-09-08T10:51:33.199253+00:00,vast.ai,marketplace,RTX 5090,0.4787222222222222,1,31.84,192.9908242244925,403.1373837809986,47.04,260.0,"Romania, RO",0.9902798,48022726
2026-09-08T10:51:33.199253+00:00,vast.ai,marketplace,RTX A6000,0.4813888888888889,1,47.99,55.26860480227614,114.81071972775192,47.23,142.625,"Romania, RO",0.9348253,31805847
2026-09-08T10:51:33.199253+00:00,vast.ai,marketplace,RTX 5090,0.4813888888888889,1,31.84,199.13029398925866,413.65785248778485,83.91,386.65407127495007,"Texas, US",0.9686342,47982611
2026-09-08T10:51:33.199253+00:00,vast.ai,marketplace,RTX 5090,0.4813888888888889,1,31.84,199.09979444513232,413.59449509663955,31.44,276.0,", CN",0.9964689,41974074
2026-09-08T10:51:33.199253+00:00,vast.ai,marketplace,RTX 4090,0.486925925925926,1,23.99,95.81687161354294,196.7791536902456,31.34,187.0,"Taiwan, TW",0.9964451,49802395
2026-09-08T10:51:33.199253+00:00,vast.ai,marketplace,RTX A6000,0.49425925925925923,1,47.99,54.45572267440619,110.17643403589113,94.27,775.4666105603792,"Arizona, US",0.9539352,49830899
2026-09-08T10:51:33.199253+00:00,vast.ai,marketplace,RTX 5090,0.4947222222222222,1,31.84,199.35069878224763,402.954809441938,30.85,315.95,"Georgia, US",0.9304204,49479901
2026-09-08T10:51:33.199253+00:00,vast.ai,marketplace,RTX 5090,0.5080555555555555,1,31.84,195.0652897393092,383.94480211127023,62.94,461.30533251984264,"Belgium, BE",0.9967522,45807063
2026-09-08T10:51:33.199253+00:00,vast.ai,marketplace,RTX 5090,0.5080555555555555,1,31.84,199.28467218265936,392.2497648209808,62.44,1126.01839546061,"Mexico, MX",0.9664039,42143436
2026-09-08T10:51:33.199253+00:00,vast.ai,marketplace,RTX 5090,0.5099074074074074,1,31.84,199.07338294739972,390.4108472547516,62.9,590.875,"North Carolina, US",0.9821558,29717005
2026-09-08T10:51:33.199253+00:00,vast.ai,marketplace,RTX 4090,0.5103703703703703,1,23.99,97.0618037539243,190.17915104179656,62.88,453.32500000000016,"United Kingdom, GB",0.948474,45980515
2026-09-08T10:51:33.199253+00:00,vast.ai,marketplace,RTX 5880Ada,0.5347222222222222,1,47.99,93.20218586291126,174.30019174362627,125.65,3020.281489279652,"Vietnam, VN",0.988326,49097099
2026-09-08T10:51:33.199253+00:00,vast.ai,marketplace,RTX 4090,0.5347222222222222,1,23.99,97.21964556817686,181.8133631404866,125.77,334.55,"Oman, OM",0.9935975,50256854
2026-09-08T10:51:33.199253+00:00,vast.ai,marketplace,RTX 4090,0.5347222222222222,1,23.99,97.4048137225236,182.15965163692726,62.72,1551.095431341069,"Oklahoma, US",0.9780111,49421692
2026-09-08T10:51:33.199253+00:00,vast.ai,marketplace,RTX 4090,0.5356481481481481,1,23.99,96.88709667502137,180.87824444083506,125.96,342.0668536019524,"Spain, ES",0.9974343,37930538
2026-09-08T10:51:33.199253+00:00,vast.ai,marketplace,RTX 4090,0.5356481481481481,1,23.99,97.20564427553269,181.47294004766692,45.71,676.5,"Texas, US",0.9852479,49793451
2026-09-08T10:51:33.199253+00:00,vast.ai,marketplace,RTX 4090,0.5356481481481481,1,23.99,97.0618037539243,181.20440458813871,62.89,457.25,"Spain, ES",0.9987905,22694032
2026-09-08T10:51:33.199253+00:00,vast.ai,marketplace,RTX 4090,0.5365740740740741,1,23.99,97.00592305500766,180.78757014565707,62.96,204.25,"Spain, ES",0.9990028,29301942
2026-09-08T10:51:33.199253+00:00,vast.ai,marketplace,RTX 5090,0.5619444444444445,1,31.84,197.59418166213072,351.62582994743974,125.92,1259.25,"Hungary, HU",0.9865974,44098936
2026-09-08T10:51:33.199253+00:00,vast.ai,marketplace,RTX 4090,0.585111111111111,1,47.99,125.61591276889759,214.68727970377486,125.88,483.25,"British Columbia, CA",0.9972294,46211616
2026-09-08T10:51:33.199253+00:00,vast.ai,marketplace,RTX 5090,0.5904444444444444,1,31.84,100.54687211593594,170.29014848389602,62.78,371.5,"Virginia, US",0.9962276,33085155
2026-09-08T10:51:33.199253+00:00,vast.ai,marketplace,RTX 5090,0.5925185185185186,1,31.84,199.44963411392246,336.6133342340234,45.98,1407.0,"Kansas, US",0.9331949,49932349
2026-09-08T10:51:33.199253+00:00,vast.ai,marketplace,RTX 5090,0.5925185185185186,1,31.84,199.24505592902756,336.26806538840754,46.72,742.45,"Kansas, US",0.9841879,49968470
2026-09-08T10:51:33.199253+00:00,vast.ai,marketplace,RTX 5000Ada,0.6009259259259259,1,31.99,64.23369624759437,106.89120484961775,503.53,5935.0,"Japan, JP",0.99635,49499215
2026-09-08T10:51:33.199253+00:00,vast.ai,marketplace,L40S,0.6009259259259259,1,44.99,93.4986640088238,155.59099711791941,125.87,665.0973087129909,"Japan, JP",0.9980216,24964748
2026-09-08T10:51:33.199253+00:00,vast.ai,marketplace,RTX 4090,0.6009259259259259,1,23.99,96.83813651542455,161.1482086851441,62.78,419.0,"Arizona, US",0.9561899,49694924
2026-09-08T10:51:33.199253+00:00,vast.ai,marketplace,RTX 4090,0.6009259259259259,1,23.99,81.14384498894249,135.03135991996595,110.03,1643.5,"Virginia, US",0.9949653,13917960
2026-09-08T10:51:33.199253+00:00,vast.ai,marketplace,RTX 5090,0.6009259259259259,1,31.84,199.49595514796883,331.98094231094973,125.96,515.722439284972,"Utah, US",0.9575071,48248627
2026-09-08T10:51:33.199253+00:00,vast.ai,marketplace,RTX 6000Ada,0.6013888888888889,1,47.99,57.85730377062912,96.20614021905998,125.95,392.05283825561526,"Türkiye, TR",0.9991098,47545539
2026-09-08T10:51:33.199253+00:00,vast.ai,marketplace,RTX 5090,0.6013888888888889,1,31.84,178.83786262798355,297.3747369333676,78.46,228.0,"New York, US",0.9534952,49759783
2026-09-08T10:51:33.199253+00:00,vast.ai,marketplace,RTX 4090,0.6023148148148147,1,23.99,97.21964556817686,161.4100187757587,83.85,867.5,"Slovakia, SK",0.9925073,39348311
2026-09-08T10:51:33.199253+00:00,vast.ai,marketplace,RTX 5090,0.6023148148148147,1,31.84,198.98094193209846,330.360364775813,125.96,431.875,"Hungary, HU",0.965972,36766659
2026-09-08T10:51:33.199253+00:00,vast.ai,marketplace,RTX 4090,0.6046296296296296,1,47.99,125.53667975149449,207.62574905300772,52.47,633.1666666666666,"California, US",0.9918814,48463821
2026-09-08T10:51:33.199253+00:00,vast.ai,marketplace,RTX 6000Ada,0.6046296296296296,1,47.99,116.95948558944895,193.4398842827027,83.92,795.1666666666666,"Estonia, EE",0.995123,35415075
2026-09-08T10:51:33.199253+00:00,vast.ai,marketplace,GTX 1660 Ti,0.6069444444444444,1,6.0,2.4740447784639805,4.076229383281616,7.7,679.4000000000026,"Vietnam, VN",0.9932788,33521707
2026-09-08T10:51:33.199253+00:00,vast.ai,marketplace,RTX 5090,0.6133796296296297,1,31.84,199.79320382545055,325.7252021005156,41.71,843.6333333333334,"Denmark, DK",0.9981821,46826365
2026-09-08T10:51:33.199253+00:00,vast.ai,marketplace,RTX 3070,0.6147222222222223,1,8.0,16.27487299799914,26.47516619647397,251.65,6320.7,"Taiwan, TW",0.9965644,49762912
2026-09-08T10:51:33.199253+00:00,vast.ai,marketplace,RTX 4090,0.6161111111111112,1,23.99,97.0408513074653,157.50543945305458,108.06,822.0,"California, US",0.9981192,46753808
2026-09-08T10:51:33.199253+00:00,vast.ai,marketplace,RTX 5090,0.6255740740740741,1,31.84,198.38664947599128,317.1273518162141,201.5,1168.4,"Poland, PL",0.9951082,49425335
2026-09-08T10:51:33.199253+00:00,vast.ai,marketplace,RTX 6000Ada,0.6280555555555555,1,47.99,113.11336894069257,180.10089703073564,94.21,2025.85,"Oklahoma, US",0.9929251,49777132
2026-09-08T10:51:33.199253+00:00,vast.ai,marketplace,RTX 6000Ada,0.6303703703703702,1,47.99,113.15146300519584,179.49997068979366,117.9,640.0,"California, US",0.9980143,50035529
2026-09-08T10:51:33.199253+00:00,vast.ai,marketplace,RTX PRO 5000,0.6347222222222222,1,47.79,165.66384565755752,261.00212007317594,93.99,1346.0,"Alberta, CA",0.9927439,47893686
2026-09-08T10:51:33.199253+00:00,vast.ai,marketplace,RTX 5090,0.6409259259259259,1,31.84,95.62246803056776,149.1942581233938,62.79,187.7494241629759,"Maryland, US",0.9958363,39567399
2026-09-08T10:51:33.199253+00:00,vast.ai,marketplace,RTX 5090,0.6409259259259259,1,31.84,96.55448801282671,150.64843550108762,62.79,8.0,"Maryland, US",0.9967861,47351539
2026-09-08T10:51:33.199253+00:00,vast.ai,marketplace,RTX 5090,0.6413888888888889,1,31.84,94.1340182081542,146.76590106078612,62.79,364.0,"Maryland, US",0.9957674,37509309
2026-09-08T10:51:33.199253+00:00,vast.ai,marketplace,RTX 5090,0.6413888888888889,1,31.84,198.96707662307867,310.2128522490616,167.84,996.5,"Virginia, US",0.9941856,50113349
2026-09-08T10:51:33.199253+00:00,vast.ai,marketplace,RTX 5090,0.6533888888888889,1,31.84,178.84030262765134,273.7118822632195,31.46,151.5110462123526,"Thailand, TH",0.995081,45330013
2026-09-08T10:51:33.199253+00:00,vast.ai,marketplace,RTX 5090,0.6602777777777777,1,31.84,198.67058552291783,300.88940171750284,62.84,1313.25,"Michigan, US",0.9898969,48426441
2026-09-08T10:51:33.199253+00:00,vast.ai,marketplace,RTX 4090,0.6674074074074073,1,23.99,97.0618037539243,145.43111550255028,125.87,2878.25,"Ohio, US",0.9935229,39952498
2026-09-08T10:51:33.199253+00:00,vast.ai,marketplace,RTX 6000Ada,0.6680555555555555,1,47.99,113.00855995345381,169.16042238354834,62.77,270.85198718141737,"Japan, JP",0.9841817,40396208
2026-09-08T10:51:33.199253+00:00,vast.ai,marketplace,RTX 4090,0.6680555555555555,1,23.99,97.24764363369964,145.5681983706107,62.38,2595.7,"India, IN",0.9980671,48116846
2026-09-08T10:51:33.199253+00:00,vast.ai,marketplace,RTX 5090,0.6680555555555555,1,31.84,199.5290743264192,298.67137944910985,110.0,1336.0,"Japan, JP",0.9826183,50209388
2026-09-08T10:51:33.199253+00:00,vast.ai,marketplace,RTX PRO 5000,0.6680555555555555,1,47.79,165.56050517975865,247.82445681793396,83.93,899.1833333333334,"Belgium, BE",0.9966694,49974692
2026-09-08T10:51:33.199253+00:00,vast.ai,marketplace,RTX PRO 5000,0.6680555555555555,1,47.79,76.35682720360504,114.29712180165411,62.73,602.0,"Slovakia, SK",0.9645195,49726305
2026-09-08T10:51:33.199253+00:00,vast.ai,marketplace,RTX 4090,0.6689814814814814,1,23.99,97.75219355021532,146.1209259989378,110.13,426.43514943885145,"Hungary, HU",0.9816754,49945359
2026-09-08T10:51:33.199253+00:00,vast.ai,marketplace,RTX 5090,0.6702592592592592,1,31.84,198.60740046811736,296.31429588545996,94.22,1499.0,"Taiwan, TW",0.9940726,40353196
2026-09-08T10:51:33.199253+00:00,vast.ai,marketplace,GTX 1660,0.673611111111111,1,6.0,2.316471688407048,3.4388858054702576,7.71,669.4000000000026,"Vietnam, VN",0.9910967,33521216
2026-09-08T10:51:33.199253+00:00,vast.ai,marketplace,RTX 5090,0.6867777777777778,1,31.84,198.9017058181739,289.6158149754999,250.48,676.0,"Italy, IT",0.9966766,47343842
2026-09-08T10:51:33.199253+00:00,vast.ai,marketplace,RTX 4090,0.7023148148148148,1,23.99,97.04783583155114,138.1828117311473,125.77,1298.0,"Maryland, US",0.99942,49213080
2026-09-08T10:51:33.199253+00:00,vast.ai,marketplace,RTX 5090,0.7067764444444444,1,31.84,199.23852053732833,281.89751102123677,125.88,1587.5,"Texas, US",0.995569,46545761
2026-09-08T10:51:33.199253+00:00,vast.ai,marketplace,RTX PRO 5000,0.7331111111111112,1,47.79,165.7671379682277,226.11461681025298,62.71,2815.0,"Texas, US",0.9973825,49279286
2026-09-08T10:51:33.199253+00:00,vast.ai,marketplace,RTX 4090,0.7336666666666668,1,23.99,97.49090957552231,132.88174862633662,167.97,520.6666666666666,"Washington, US",0.9974247,41755375
2026-09-08T10:51:33.199253+00:00,vast.ai,marketplace,RTX 6000Ada,0.7342592592592593,1,47.99,116.94091208605752,159.26378947407582,251.94,141.125,"Taiwan, TW",0.9986672,26051035
2026-09-08T10:51:33.199253+00:00,vast.ai,marketplace,RTX 5090,0.7503703703703704,1,31.84,199.03376551672807,265.2473676679002,137.49,1814.3,"California, US",0.9980162,49806468
2026-09-08T10:51:33.199253+00:00,vast.ai,marketplace,RTX 6000Ada,0.7880555555555555,1,47.99,113.12289337074097,143.54685094630509,167.85,2867.930280798403,"North Carolina, US",0.9947946,36884542
2026-09-08T10:51:33.199253+00:00,vast.ai,marketplace,RTX 4090,0.8013888888888888,1,47.99,125.63351506493366,156.76972417114774,251.76,1326.0,"United Kingdom, GB",0.9991448,30055166
2026-09-08T10:51:33.199253+00:00,vast.ai,marketplace,L40S,0.8013888888888888,1,44.99,93.57678558190193,116.76825930497296,251.94,214.5926512018752,"Taiwan, TW",0.9978574,25990403
2026-09-08T10:51:33.199253+00:00,vast.ai,marketplace,RTX 5090,0.8013888888888888,1,31.84,198.61116582381257,247.8336904560573,62.96,342.875,"Alberta, CA",0.9983749,45508884
2026-09-08T10:51:33.199253+00:00,vast.ai,marketplace,RTX 5090,0.8027777777777777,1,31.84,199.36390402872362,248.34257941294294,137.49,1667.0,"California, US",0.998322,49177741
2026-09-08T10:51:33.199253+00:00,vast.ai,marketplace,RTX 5090,0.8046296296296296,1,31.84,198.4658913544105,246.65496278799006,36.69,625.1068412364453,"California, US",0.9891596,45996302
2026-09-08T10:51:33.199253+00:00,vast.ai,marketplace,RTX 5090,0.8268333333333333,1,31.84,181.63417706778262,219.67447337365365,94.43,660.1958263200474,"Czechia, CZ",0.9455417,49900246
2026-09-08T10:51:33.199253+00:00,vast.ai,marketplace,A100 SXM4,0.8275925925925925,1,40.0,95.41253296911681,115.28925442676903,62.97,643.4541174171276,"Czechia, CZ",0.9771252,49646726
2026-09-08T10:51:33.199253+00:00,vast.ai,marketplace,RTX PRO 5000,0.8547222222222223,1,47.79,165.5294936333453,193.66466593436564,62.96,670.8039208658565,"Czechia, CZ",0.9892858,44408376
2026-09-08T10:51:33.199253+00:00,vast.ai,marketplace,RTX PRO 5000,0.8547222222222223,1,47.79,165.14666019225564,193.21676200588894,62.96,318.2926360125758,"Czechia, CZ",0.991757,48330151
2026-09-08T10:51:33.199253+00:00,vast.ai,marketplace,RTX 5090,0.8613888888888889,1,31.84,199.46915832184794,231.56690421111017,251.76,1050.8985155908863,"Quebec, CA",0.9965579,48215003
2026-09-08T10:51:33.199253+00:00,vast.ai,marketplace,RTX 5090,0.8680555555555556,1,31.84,198.45268443640867,228.61749247074277,59.02,524.25,"Alberta, CA",0.9972241,45028234
2026-09-08T10:51:33.199253+00:00,vast.ai,marketplace,RTX 5090,0.8685185185185186,1,31.84,199.132576171384,229.27844591161482,125.95,804.7625,"Hungary, HU",0.9899172,50157564
2026-09-08T10:51:33.199253+00:00,vast.ai,marketplace,A100 PCIE,0.8708333333333333,1,80.0,127.22414262404548,146.09470923335365,125.88,390.4509269159358,"Oklahoma, US",0.9979034,47195595
2026-09-08T10:51:33.199253+00:00,vast.ai,marketplace,RTX 5090,0.8720555555555556,1,31.84,180.73003723235013,207.2460132625535,62.95,284.6126787735029,"Czechia, CZ",0.9982244,44096408
2026-09-08T10:51:33.199253+00:00,vast.ai,marketplace,RTX 5090,0.8837037037037037,1,31.84,187.88408224078336,212.60981645017398,108.05,1567.0,"California, US",0.9947392,49020866
2026-09-08T10:51:33.199253+00:00,vast.ai,marketplace,RTX 5090,0.8961111111111112,1,31.84,198.9281179544462,221.99046020954938,137.49,1456.0,"California, US",0.9978237,49811111
2026-09-08T10:51:33.199253+00:00,vast.ai,marketplace,RTX PRO 5000,0.8965740740740742,1,47.79,165.70516835795735,184.82038813032523,55.01,1029.75,"Czechia, CZ",0.9983633,39270915
2026-09-08T10:51:33.199253+00:00,vast.ai,marketplace,RTX 5090,0.9265961481481483,1,31.84,199.64793381440458,215.46380719735518,186.37,3170.7,"The Netherlands, NL",0.9900414,49960496
2026-09-08T10:51:33.199253+00:00,vast.ai,marketplace,RTX 4090,0.9333888888888887,1,47.99,125.58070267920019,134.54274437388273,107.97,418.1428571428571,"Washington, US",0.9936499,48484843
2026-09-08T10:51:33.199253+00:00,vast.ai,marketplace,A100 SXM4,0.9342592592592591,1,40.0,95.45046477488822,102.16699896618364,216.26,129.0,"Arizona, US",0.9648725,49678088
2026-09-08T10:51:33.199253+00:00,vast.ai,marketplace,RTX 5090,0.9347222222222221,1,31.84,195.39825984282407,209.04420072337794,125.96,1391.9625,"Ohio, US",0.9940158,50189871
2026-09-08T10:51:33.199253+00:00,vast.ai,marketplace,RTX 5090,0.935648148148148,1,31.84,198.57812666146643,212.23589984600076,110.2,486.5,"Hungary, HU",0.9953433,49846909
2026-09-08T10:51:33.199253+00:00,vast.ai,marketplace,RTX 5090,0.936111111111111,1,31.84,199.02688701118862,212.61032440364366,125.96,148.125,"Spain, ES",0.9984958,36425650
2026-09-08T10:51:33.199253+00:00,vast.ai,marketplace,RTX 5090,0.936574074074074,1,31.84,199.0469713514992,212.52667232784887,61.92,2948.0,"Spain, ES",0.9993952,47394570
2026-09-08T10:51:33.199253+00:00,vast.ai,marketplace,RTX 5090,0.936574074074074,1,31.84,198.76964366134663,212.23056367202608,94.4,712.975,"Spain, ES",0.9982779,31191988
2026-09-08T10:51:33.199253+00:00,vast.ai,marketplace,RTX 5090,0.936574074074074,1,31.84,198.61116582381257,212.0613535241894,62.96,292.375,"Spain, ES",0.9986185,26371146
2026-09-08T10:51:33.199253+00:00,vast.ai,marketplace,RTX PRO 5000,0.936574074074074,1,47.79,165.7671379682277,176.99308848807308,62.88,1085.0,"Czechia, CZ",0.9982582,40114420
2026-09-08T10:51:33.199253+00:00,vast.ai,marketplace,RTX 5090,0.960925925925926,1,31.84,198.63096044513034,206.70787943798493,62.95,645.875,"Czechia, CZ",0.9953108,46900077
2026-09-08T10:51:33.199253+00:00,vast.ai,marketplace,RTX 5090,0.960925925925926,1,31.84,198.68379383268083,206.76286118644757,31.44,1451.375,"Czechia, CZ",0.9174266,47627487
2026-09-08T10:51:33.199253+00:00,vast.ai,marketplace,RTX 5090,0.9609814814814815,1,31.84,155.59189868947252,161.90936213422842,250.48,1395.0,"Hungary, HU",0.9855364,48688103
2026-09-08T10:51:33.199253+00:00,vast.ai,marketplace,RTX 5090,0.961388888888889,1,31.84,199.4894540554165,207.5013101992197,62.08,859.8,"Czechia, CZ",0.9933798,48083247
2026-09-08T10:51:33.199253+00:00,vast.ai,marketplace,RTX 5090,0.961388888888889,1,31.84,199.69402724491297,207.71409941684098,31.04,1620.0,"Czechia, CZ",0.9906102,48062097
2026-09-08T10:51:33.199253+00:00,vast.ai,marketplace,RTX 5090,0.961851851851852,1,31.84,171.0239891590861,177.80699681537638,62.94,486.25,"Hungary, HU",0.9928668,47094822
2026-09-08T10:51:33.199253+00:00,vast.ai,marketplace,RTX 5090,0.9658518518518519,1,31.84,111.34161101493515,115.27814623066375,94.42,2823.625,"Hungary, HU",0.9959696,49174084
2026-09-08T10:51:33.199253+00:00,vast.ai,marketplace,RTX 5090,1.0013888888888889,1,31.84,199.50637009124478,199.22966222704056,125.58,2344.0,"Texas, US",0.9943035,48229908
2026-09-08T10:51:33.199253+00:00,vast.ai,marketplace,A100 PCIE,1.0013888888888889,1,80.0,120.46767340434121,120.30058925260148,125.87,9.75,"United Kingdom, GB",0.9977243,32304446
2026-09-08T10:51:33.199253+00:00,vast.ai,marketplace,A100 PCIE,1.0013888888888889,1,80.0,5.388433994584872,5.3809604384203995,125.87,92.25,"United Kingdom, GB",0.9981946,32303770
2026-09-08T10:51:33.199253+00:00,vast.ai,marketplace,RTX 5090,1.002037037037037,1,31.84,198.56491815363398,198.16125633517345,94.42,1332.75,"Hungary, HU",0.9909962,32292339
2026-09-08T10:51:33.199253+00:00,vast.ai,marketplace,RTX 5090,1.0027777777777778,1,31.84,198.8356750472405,198.28488370361933,125.64,2717.0,"Italy, IT",0.9946291,47802004
2026-09-08T10:51:33.199253+00:00,vast.ai,marketplace,RTX PRO 5000,1.0142592592592592,1,47.79,165.3226389047546,162.99840242572117,125.84,796.375,"Arizona, US",0.9558919,50105192
2026-09-08T10:51:33.199253+00:00,vast.ai,marketplace,RTX 5090,1.043611111111111,1,31.84,191.0631510407679,183.07887776065064,125.93,495.875,"Czechia, CZ",0.9971883,30374673
2026-09-08T10:51:33.199253+00:00,vast.ai,marketplace,A100 SXM4,1.0550925925925927,1,80.0,119.7685444198032,113.51472397840057,125.97,923.5,"Sweden, SE",0.9983896,21050982
2026-09-08T10:51:33.199253+00:00,vast.ai,marketplace,RTX 5090,1.0561111111111112,1,31.84,199.3110828959487,188.72169869158736,137.49,1650.0,"California, US",0.9980192,49806480
2026-09-08T10:51:33.199253+00:00,vast.ai,marketplace,RTX 5090,1.0570370370370372,1,31.84,199.15261714619382,188.4064703205057,137.49,1792.0,"California, US",0.9981397,49806812
2026-09-08T10:51:33.199253+00:00,vast.ai,marketplace,RTX 5090,1.0689814814814815,1,31.84,199.25826137140203,186.40010591694602,125.85,2640.2001924776137,"Maryland, US",0.9673787,50226122
2026-09-08T10:51:33.199253+00:00,vast.ai,marketplace,RTX 5090,1.0689814814814815,1,31.84,199.32428821586325,186.46187204255722,125.29,6555.0,"Maryland, US",0.992788,49905830
2026-09-08T10:51:33.199253+00:00,vast.ai,marketplace,RTX 5090,1.0689814814814815,1,31.84,198.88191551155515,186.04804569292295,94.42,985.375,"Hungary, HU",0.9947435,49155152
2026-09-08T10:51:33.199253+00:00,vast.ai,marketplace,A100 SXM4,1.0795925925925927,1,40.0,82.63790364057398,76.54545261571572,125.75,195.77448439916637,"United Kingdom, GB",0.9705528,38565866
2026-09-08T10:51:33.199253+00:00,vast.ai,marketplace,RTX 5090,1.0828333333333333,1,31.84,173.5636594949183,160.28658718939664,141.69,457.25,"Czechia, CZ",0.9742031,31183547
2026-09-08T10:51:33.199253+00:00,vast.ai,marketplace,RTX 4090,1.136462962962963,1,23.99,96.89959389540374,85.2641899061709,881.76,6599.0,"Quebec, CA",0.989912,20266704
2026-09-08T10:51:33.199253+00:00,vast.ai,marketplace,RTX 5090,1.137037037037037,1,31.84,199.11300015719345,175.1156678906913,108.05,1574.0,"California, US",0.9950231,49647370
2026-09-08T10:51:33.199253+00:00,vast.ai,marketplace,A100 SXM4,1.1883333333333335,1,80.0,119.28827715347097,100.38284192437949,125.87,1368.25,"Czechia, CZ",0.8492113,34475479
2026-09-08T10:51:33.199253+00:00,vast.ai,marketplace,RTX PRO 6000 Max-Q,1.2677777777777777,1,95.59,283.34609588925207,223.49823514489648,123.44,477.0,"India, IN",0.9266959,50054713
2026-09-08T10:51:33.199253+00:00,vast.ai,marketplace,RTX PRO 6000 Max-Q,1.2680555555555555,1,95.59,5.734952743168364,4.522635241052817,125.76,1889.6765603399185,"Ohio, US",0.9756532,47585464
2026-09-08T10:51:33.199253+00:00,vast.ai,marketplace,RTX 5090,1.3341666666666665,1,31.84,199.08658870853546,149.22167798266244,251.04,6785.93240008135,"Texas, US",0.973514,50099318
2026-09-08T10:51:33.199253+00:00,vast.ai,marketplace,RTX 3090,1.3347222222222221,1,24.0,44.35944547585151,33.23496435235493,62.72,535.0,"Washington, US",0.9690366,50230220
2026-09-08T10:51:33.199253+00:00,vast.ai,marketplace,RTX A2000,1.3347222222222221,1,5.99,8.574028031505451,6.423829534530619,31.16,768.0,"British Columbia, CA",0.9708317,46186923
2026-09-08T10:51:33.199253+00:00,vast.ai,marketplace,RTX PRO 6000 Max-Q,1.4085814814814814,1,95.59,281.82662399461043,200.07832539314524,125.96,274.375,"Australia, AU",0.9920701,43112694
2026-09-08T10:51:33.199253+00:00,vast.ai,marketplace,RTX PRO 6000 S,1.409388888888889,1,95.59,279.4490605951443,198.2767586705269,188.8,1165.75,"New York, US",0.9233605,42702274
2026-09-08T10:51:33.199253+00:00,vast.ai,marketplace,RTX PRO 6000 WS,1.4550925925925926,1,95.59,283.7746188190745,195.02169158421918,125.69,738.0,"Indiana, US",0.9875952,48072595
2026-09-08T10:51:33.199253+00:00,vast.ai,marketplace,RTX PRO 6000 Max-Q,1.4680555555555557,1,95.59,283.24870149612656,192.94140499263113,125.83,168.25,"Japan, JP",0.9889602,34531895
2026-09-08T10:51:33.199253+00:00,vast.ai,marketplace,RTX PRO 6000 WS,1.4680555555555557,1,95.59,246.3918454604855,167.83550494943194,503.88,1937.5,"Serbia, RS",0.9623961,48332828
2026-09-08T10:51:33.199253+00:00,vast.ai,marketplace,RTX PRO 6000 WS,1.4713055555555556,1,95.59,282.8591134654696,192.25042167305878,215.93,194.85714285714283,"Bulgaria, BG",0.9992014,50126649
2026-09-08T10:51:33.199253+00:00,vast.ai,marketplace,RTX PRO 6000 S,1.4997222222222224,1,95.59,73.59262459614726,49.07083692278757,377.39,9877.5,"Montana, US",0.9793565,44176946
2026-09-08T10:51:33.199253+00:00,vast.ai,marketplace,RTX PRO 6000 S,1.499814814814815,1,95.59,278.98456470402147,186.01267433037606,188.93,220.9625000000001,"Maryland, US",0.9990571,49410159
2026-09-08T10:51:33.199253+00:00,vast.ai,marketplace,RTX PRO 6000 WS,1.5223148148148147,1,95.59,283.4240106516768,186.17963110748187,83.8,2040.5666666666666,"Texas, US",0.9895614,49477672
2026-09-08T10:51:33.199253+00:00,vast.ai,marketplace,RTX PRO 6000 Max-Q,1.5353814814814815,1,95.59,237.78267300861944,154.86879051008495,125.78,320.71368974059396,"Australia, AU",0.9959781,40230781
2026-09-08T10:51:33.199253+00:00,vast.ai,marketplace,RTX PRO 6000 Max-Q,1.6675925925925927,1,95.59,283.2386022898462,169.84880092894718,335.9,172.33333333333331,"Czechia, CZ",0.5338574,47868568
2026-09-08T10:51:33.199253+00:00,vast.ai,marketplace,RTX PRO 6000 Max-Q,1.6685185185185185,1,95.59,283.59931642472293,169.97073348429566,251.14,2973.7,"Norway, NO",0.995123,50045346
2026-09-08T10:51:33.199253+00:00,vast.ai,marketplace,RTX PRO 6000 WS,1.6685185185185185,1,95.59,283.34609588925207,169.81896978934085,503.34,74.54709813575164,"Hungary, HU",0.9946752,49174108
2026-09-08T10:51:33.199253+00:00,vast.ai,marketplace,RTX 5090,1.6689814814814816,1,31.84,198.7168181095962,119.06472319465402,125.76,712.1,"Norway, NO",0.9984063,29801200
2026-09-08T10:51:33.199253+00:00,vast.ai,marketplace,RTX PRO 6000 WS,1.7361017777777776,1,95.59,283.3850533540039,163.2306682599788,125.58,2683.0,"Texas, US",0.9970601,37117681
2026-09-08T10:51:33.199253+00:00,vast.ai,marketplace,RTX PRO 6000 S,1.7757037037037038,1,95.59,234.42863721219007,132.02013191909586,125.93,1195.125,"Czechia, CZ",0.9976099,44623538
2026-09-08T10:51:33.199253+00:00,vast.ai,marketplace,RTX PRO 6000 WS,1.7876555555555553,1,95.59,238.0602287968478,133.16895867160778,91.96,683.5,"Nevada, US",0.9952693,49795582
2026-09-08T10:51:33.199253+00:00,vast.ai,marketplace,RTX PRO 6000 WS,1.800925925925926,1,95.59,249.232905508663,138.3915362207486,125.75,45.0,"Slovakia, SK",0.9977405,31985333
2026-09-08T10:51:33.199253+00:00,vast.ai,marketplace,H100 PCIE,1.8680555555555554,1,79.65,255.82994930751948,136.9498613393413,188.94,379.4375,"United Arab Emirates, AE",0.9502064,50164244
2026-09-08T10:51:33.199253+00:00,vast.ai,marketplace,RTX PRO 6000 Max-Q,1.8689814814814814,1,95.59,283.8720075796294,151.88593915580864,109.91,1379.5,"Norway, NO",0.9871342,49638702
2026-09-08T10:51:33.199253+00:00,vast.ai,marketplace,RTX PRO 6000 WS,2.001388888888889,1,95.59,283.2681804583436,141.5358014781453,251.5,1422.5,"New Jersey, US",0.9476647,49077058
2026-09-08T10:51:33.199253+00:00,vast.ai,marketplace,RTX PRO 6000 Max-Q,2.2069444444444444,1,95.59,283.2255475585155,128.33379121594157,754.51,1184.0,"Texas, US",0.9964564,47655702
2026-09-08T10:51:33.199253+00:00,vast.ai,marketplace,H100 NVL,2.3609259259259257,1,93.58,378.08357950951586,160.14207619039814,335.85,455.0333333333333,"South Korea, KR",0.9986982,43751089
2026-09-08T10:51:33.199253+00:00,vast.ai,marketplace,H100 SXM,2.4037037037037035,1,79.65,363.7197133811311,151.31636766241203,251.83,337.0,"Japan, JP",0.9915801,48184680
2026-09-08T10:51:33.199253+00:00,vast.ai,marketplace,RTX PRO 6000 WS,2.4675925925925926,1,95.59,283.7940966544953,115.00848945097746,188.19,246.59999999998763,"Texas, US",0.9987105,50160087
2026-09-08T10:51:33.199253+00:00,vast.ai,marketplace,H100 PCIE,2.640925925925926,1,79.65,255.99220656868206,96.93274773654605,62.84,612.1315970423516,"Czechia, CZ",0.9731519,49516579
2026-09-08T10:51:33.199253+00:00,vast.ai,marketplace,H100 PCIE,2.6680555555555556,1,79.65,254.6966987416588,95.46154247474978,188.94,361.5,"United Arab Emirates, AE",0.9865748,48991220
2026-09-08T10:51:33.199253+00:00,vast.ai,marketplace,H100 SXM,2.9379444444444447,1,79.65,271.45187992077894,92.3951712000836,125.94,1496.8838497569714,"Czechia, CZ",0.963268,49793520
2026-09-08T10:51:33.199253+00:00,vast.ai,marketplace,H100 PCIE,3.201388888888889,1,79.65,254.4141291022364,79.46992319028642,188.94,297.625,"United Arab Emirates, AE",0.9873527,48203973
2026-09-08T10:51:33.199253+00:00,vast.ai,marketplace,RTX PRO 6000 WS,3.3342592592592593,1,95.59,283.36557464251547,84.98606515243452,124.97,6238.907456507947,"Texas, US",0.9171556,50085862
2026-09-08T10:51:33.199253+00:00,vast.ai,marketplace,H200 NVL,3.468055555555556,1,140.4,452.3544243576803,130.43459572988777,503.75,1018.5,"Japan, JP",0.9912133,48217153
2026-09-08T10:51:33.199253+00:00,vast.ai,marketplace,H200 NVL,3.601388888888889,1,140.4,452.74193412235167,125.71314792444781,503.75,724.0,"Japan, JP",0.9941827,47379027
2026-09-08T10:51:33.199253+00:00,vast.ai,marketplace,H200 NVL,3.7069444444444444,1,140.4,437.55158934551883,118.03564793135016,251.73,2986.0,"Washington, US",0.9725861,49820427
2026-09-08T10:51:33.199253+00:00,vast.ai,marketplace,H200 NVL,3.721388888888889,1,140.4,396.3548618157808,106.5072406163179,214.36,59.21428571428571,"Mississippi, US",0.9675145,50176561
2026-09-08T10:51:33.199253+00:00,vast.ai,marketplace,H200 NVL,3.9669444444444455,1,140.4,391.96763891259536,98.80845179506638,125.76,645.0,"Washington, US",0.9968654,48497455
2026-09-08T10:51:33.199253+00:00,vast.ai,marketplace,H200,3.9755116959064325,1,140.4,493.3703318107885,124.10234695543969,377.93,2627.0579702626574,"Saudi Arabia, SA",0.9984915,40323388
2026-09-08T10:51:33.199253+00:00,vast.ai,marketplace,H200 NVL,4.246944444444445,1,140.4,451.81277640884224,106.38537478395133,188.39,551.0,"Texas, US",0.9858525,49880235
2026-09-08T10:51:33.199253+00:00,vast.ai,marketplace,H100 SXM,4.920462962962963,1,79.65,334.53724988195125,67.98897835428527,221.33,1607.5,", US",0.9987607,36346574
2026-09-08T10:51:33.199253+00:00,vast.ai,marketplace,H200,5.001370614035087,1,140.4,490.55002003718835,98.08311718803306,251.95,2718.0,", US",0.9981155,36326122
2026-09-08T10:51:33.199253+00:00,vast.ai,marketplace,H100 SXM,5.100277777777778,1,79.65,334.6050232711949,65.60525482143137,221.33,899.9363563203169,", US",0.9986538,36551369
2026-09-08T10:51:33.199253+00:00,vast.ai,marketplace,H200 NVL,5.4375,1,140.4,452.8550217576784,83.28368216233166,283.35,1595.625,"Czechia, CZ",0.9994897,28875921
2026-09-08T10:51:33.199253+00:00,vast.ai,marketplace,H200 NVL,5.844537037037037,1,140.4,452.94287589545354,77.49850382077119,251.93,1625.25,"Czechia, CZ",0.9976866,21829059
2026-09-08T10:51:33.199253+00:00,vast.ai,marketplace,H100 SXM,6.034722222222223,1,79.65,315.7943790238037,52.329563382540535,221.46,2038.0875000000003,", US",0.9967642,46368161
2026-09-08T10:51:33.199253+00:00,vast.ai,marketplace,RTX PRO 6000 Max-Q,6.668981481481482,1,95.59,282.8201537410476,42.4082979576996,335.9,1676.1,"Australia, AU",0.9641727,49402016
2026-09-08T10:51:33.199253+00:00,vast.ai,marketplace,B200,7.506510416666668,1,179.06,698.0525363865638,92.99294847265931,249.5,22.833373386976064,"Ohio, US",0.9822178,49801745
2026-09-08T10:51:33.199253+00:00,vast.ai,marketplace,B200,7.751302083333333,1,179.06,556.0537176732471,71.73681424039204,377.94,258.875,", US",0.9718098,46064172
2026-09-08T10:51:33.199253+00:00,vast.ai,marketplace,B200,8.623090277777777,1,179.06,509.8529617310624,59.12647847894904,354.07,1727.0,"Virginia, US",0.9819334,48796642
2026-09-08T10:51:33.199253+00:00,vast.ai,marketplace,B200,9.994010416666665,1,179.06,664.2793389385652,66.46774530380412,283.43,295.2679608543612,"Maryland, US",0.9987068,49410065
2026-09-08T10:51:33.199253+00:00,vast.ai,marketplace,RTX 5090,53.33435185185186,1,31.84,199.3110828959487,3.7370114377611636,60.44,3268.0,"Ukraine, UA",0.9978423,46363452
