collected_at,provider,tier,gpu_model,price_usd_per_hr,num_gpus,gpu_ram_gb,dlperf,dlperf_per_dollar,cpu_ram_gb,disk_space_gb,region,reliability,offer_id
2026-09-20T10:53:43.681784+00:00,vast.ai,marketplace,Quadro P2000,0.028055555555555556,1,5.0,1.0177623801653413,36.27667889698246,6.83,31.3375,"Nevada, US",0.9913594,49574211
2026-09-20T10:53:43.681784+00:00,vast.ai,marketplace,GTX 1660 S,0.04312962962962963,1,6.0,1.724191995348428,39.97697198317523,15.56,254.0,"Oregon, US",0.9762142,51054704
2026-09-20T10:53:43.681784+00:00,vast.ai,marketplace,GTX 1650,0.04712962962962963,1,4.0,1.314866643929846,27.89893861383563,11.75,121.375,"Oregon, US",0.9513583,51115338
2026-09-20T10:53:43.681784+00:00,vast.ai,marketplace,GTX 1650,0.04712962962962963,1,4.0,1.2880326307884207,27.32957251967572,11.75,138.725,"Oregon, US",0.9655986,50967988
2026-09-20T10:53:43.681784+00:00,vast.ai,marketplace,GTX 1070,0.04805555555555556,1,8.0,2.597207549872264,54.04593745398931,8.96,166.0,"South Korea, KR",0.9900647,48484315
2026-09-20T10:53:43.681784+00:00,vast.ai,marketplace,GTX 1070,0.04805555555555556,1,8.0,2.5135531547077825,52.305152352300674,7.83,117.66666666666666,"South Korea, KR",0.9938134,47635963
2026-09-20T10:53:43.681784+00:00,vast.ai,marketplace,Titan Xp,0.04805555555555556,1,12.0,5.757466410549852,119.80854958369633,8.96,88.71428571428571,"South Korea, KR",0.9967975,32784732
2026-09-20T10:53:43.681784+00:00,vast.ai,marketplace,Titan Xp,0.04805555555555556,1,12.0,5.001412476036875,104.07563533949566,8.96,103.42857142857142,"South Korea, KR",0.9967401,32787365
2026-09-20T10:53:43.681784+00:00,vast.ai,marketplace,GTX 1660 S,0.04805555555555556,1,6.0,1.7121347086676697,35.6282367121596,31.35,165.0,"Vietnam, VN",0.9797142,50512285
2026-09-20T10:53:43.681784+00:00,vast.ai,marketplace,GTX 1070,0.049388888888888885,1,8.0,2.4978679556144425,50.57550416317207,7.82,73.0,"South Korea, KR",0.9980285,50595372
2026-09-20T10:53:43.681784+00:00,vast.ai,marketplace,GTX 1070,0.049388888888888885,1,8.0,2.6128927489656055,52.90446510841497,15.61,165.1,"South Korea, KR",0.9983198,47671684
2026-09-20T10:53:43.681784+00:00,vast.ai,marketplace,GTX 1070,0.050722222222222224,1,8.0,2.5135531547077825,49.55526482446888,15.62,175.0,"South Korea, KR",0.9859232,50850384
2026-09-20T10:53:43.681784+00:00,vast.ai,marketplace,GTX TITAN X,0.050722222222222224,1,12.0,3.355057349444435,66.14570897042698,7.76,125.0,"South Korea, KR",0.9961923,45748277
2026-09-20T10:53:43.681784+00:00,vast.ai,marketplace,RTX 3060,0.050722222222222224,1,12.0,12.265403621581047,241.81518640575996,15.56,125.0,"South Korea, KR",0.997138,48521540
2026-09-20T10:53:43.681784+00:00,vast.ai,marketplace,RTX A2000,0.05159259259259259,1,11.99,10.9484689951207,212.21009538281328,15.63,354.5,"Poland, PL",0.998554,45604045
2026-09-20T10:53:43.681784+00:00,vast.ai,marketplace,RTX 3060,0.052055555555555556,1,12.0,11.24625668853526,216.0433515406987,125.56,1545.8,"Romania, RO",0.9949467,51462484
2026-09-20T10:53:43.681784+00:00,vast.ai,marketplace,Quadro P4000,0.05298148148148148,1,8.0,2.0529025928897995,38.74754981336917,31.43,278.325,"United States, US",0.9801256,51010729
2026-09-20T10:53:43.681784+00:00,vast.ai,marketplace,Quadro P4000,0.05344444444444444,1,8.0,2.0836915595552954,38.987991758830894,31.44,255.25,"Nevada, US",0.9961712,48453750
2026-09-20T10:53:43.681784+00:00,vast.ai,marketplace,GTX 1080,0.05472222222222223,1,8.0,3.351404206277043,61.24393473399672,10.46,217.33333333333331,"South Korea, KR",0.9694325,51265259
2026-09-20T10:53:43.681784+00:00,vast.ai,marketplace,GTX 1080,0.05472222222222223,1,8.0,3.330490607485923,60.86175729415899,10.46,218.5,"South Korea, KR",0.9966245,50870182
2026-09-20T10:53:43.681784+00:00,vast.ai,marketplace,GTX 1080,0.05472222222222223,1,8.0,3.330490607485923,60.86175729415899,7.72,167.5,"South Korea, KR",0.998232,50608973
2026-09-20T10:53:43.681784+00:00,vast.ai,marketplace,GTX 1080,0.05472222222222223,1,8.0,3.330490607485923,60.86175729415899,15.54,179.0,"South Korea, KR",0.9963408,50870754
2026-09-20T10:53:43.681784+00:00,vast.ai,marketplace,GTX 1080,0.05472222222222223,1,8.0,3.351404206277043,61.24393473399672,15.52,163.8,"South Korea, KR",0.9842823,50870717
2026-09-20T10:53:43.681784+00:00,vast.ai,marketplace,GTX 1070 Ti,0.05472222222222223,1,8.0,3.1639660771116267,57.81866942945104,10.46,207.33333333333331,"South Korea, KR",0.9907081,51265137
2026-09-20T10:53:43.681784+00:00,vast.ai,marketplace,GTX 1070,0.05472222222222223,1,8.0,2.4978679556144425,45.64631797061925,7.78,167.5,"South Korea, KR",0.9978802,50037971
2026-09-20T10:53:43.681784+00:00,vast.ai,marketplace,Titan Xp,0.05472222222222223,1,12.0,5.757466410549852,105.21258415218003,10.45,233.84522167989508,"South Korea, KR",0.9929865,48369184
2026-09-20T10:53:43.681784+00:00,vast.ai,marketplace,Titan Xp,0.05472222222222223,1,12.0,5.757466410549852,105.21258415218003,10.46,249.88955934012398,"South Korea, KR",0.9966203,48474943
2026-09-20T10:53:43.681784+00:00,vast.ai,marketplace,Titan Xp,0.05472222222222223,1,12.0,5.757466410549852,105.21258415218003,18.85,14.600000000000001,"Quebec, CA",0.9981125,49328820
2026-09-20T10:53:43.681784+00:00,vast.ai,marketplace,Titan Xp,0.05472222222222223,1,12.0,5.757466410549852,105.21258415218003,10.45,247.31666666666666,"South Korea, KR",0.9969396,48453493
2026-09-20T10:53:43.681784+00:00,vast.ai,marketplace,GTX TITAN X,0.05472222222222223,1,12.0,3.355057349444435,61.31069268020287,11.6,143.0,"South Korea, KR",0.99665,51267676
2026-09-20T10:53:43.681784+00:00,vast.ai,marketplace,GTX TITAN X,0.05472222222222223,1,12.0,3.355057349444435,61.31069268020287,15.51,118.0,"South Korea, KR",0.9894598,51263121
2026-09-20T10:53:43.681784+00:00,vast.ai,marketplace,RTX 3060,0.05472222222222223,1,12.0,12.26689919347755,224.1666857691329,15.62,150.05,"South Korea, KR",0.9877846,51258912
2026-09-20T10:53:43.681784+00:00,vast.ai,marketplace,RTX 3060,0.05611111111111111,1,12.0,12.26689919347755,218.61800542831278,23.59,309.6,"United States, US",0.9926006,50121272
2026-09-20T10:53:43.681784+00:00,vast.ai,marketplace,RTX 3060,0.05692592592592593,1,12.0,12.254893962291758,215.27790304611415,15.54,467.0,"Finland, FI",0.9967499,49932833
2026-09-20T10:53:43.681784+00:00,vast.ai,marketplace,GTX 1660 S,0.05738888888888889,1,6.0,1.688020135306153,29.413710005334707,15.59,178.0,"Vietnam, VN",0.9962917,34815247
2026-09-20T10:53:43.681784+00:00,vast.ai,marketplace,RTX 3060,0.058777777777777776,1,12.0,12.47725542502038,212.27844768465675,31.42,331.25,"New Brunswick, CA",0.9987197,48529474
2026-09-20T10:53:43.681784+00:00,vast.ai,marketplace,RTX 3060,0.06092592592592593,1,12.0,12.29689768248067,201.8335789829654,15.63,300.0,"Poland, PL",0.9994327,45600362
2026-09-20T10:53:43.681784+00:00,vast.ai,marketplace,RTX 3060,0.06092592592592593,1,12.0,12.181136709949532,199.93355086239353,15.64,315.0,"Poland, PL",0.9994887,45598187
2026-09-20T10:53:43.681784+00:00,vast.ai,marketplace,RTX 3060,0.061388888888888896,1,12.0,12.472928192580342,203.17892078411415,31.18,119.0,"South Korea, KR",0.9983066,51265167
2026-09-20T10:53:43.681784+00:00,vast.ai,marketplace,RTX 3060,0.061388888888888896,1,12.0,12.407836284181814,202.1186001043191,10.46,173.33333333333331,"South Korea, KR",0.9786022,50735547
2026-09-20T10:53:43.681784+00:00,vast.ai,marketplace,RTX 3060,0.061388888888888896,1,12.0,12.387850428637922,201.79303865654532,10.46,190.0,"South Korea, KR",0.9955111,38722535
2026-09-20T10:53:43.681784+00:00,vast.ai,marketplace,RTX 3060,0.061388888888888896,1,12.0,12.548035631767766,204.40239038173735,31.24,280.0,"South Korea, KR",0.9956954,48296463
2026-09-20T10:53:43.681784+00:00,vast.ai,marketplace,RTX 3060,0.061388888888888896,1,12.0,12.337460403838445,200.9722056733864,10.45,181.83333333333331,"South Korea, KR",0.9949492,45389029
2026-09-20T10:53:43.681784+00:00,vast.ai,marketplace,RTX 3060,0.061388888888888896,1,12.0,12.26689919347755,199.822792291942,31.24,131.0,"South Korea, KR",0.9978895,51614960
2026-09-20T10:53:43.681784+00:00,vast.ai,marketplace,RTX 3060,0.061388888888888896,1,12.0,12.029450345990615,195.95484726500547,15.54,161.3,"South Korea, KR",0.9981133,50736627
2026-09-20T10:53:43.681784+00:00,vast.ai,marketplace,RTX 3060,0.061388888888888896,1,12.0,12.538643904715455,204.24940297274043,31.04,20.0,"South Korea, KR",0.9954888,51377733
2026-09-20T10:53:43.681784+00:00,vast.ai,marketplace,RTX 2070S,0.061388888888888896,1,8.0,4.701597091193644,76.58710193799601,15.52,81.0,"South Korea, KR",0.9909548,50038031
2026-09-20T10:53:43.681784+00:00,vast.ai,marketplace,RTX 2070,0.061388888888888896,1,8.0,4.104189194763423,66.85557059343132,7.77,159.0,"South Korea, KR",0.9983586,49864036
2026-09-20T10:53:43.681784+00:00,vast.ai,marketplace,GTX 1080 Ti,0.06272222222222221,1,11.0,5.212453494822205,83.10377582533191,15.59,186.5,"South Korea, KR",0.9952757,48536994
2026-09-20T10:53:43.681784+00:00,vast.ai,marketplace,RTX 3060,0.06277777777777778,1,12.0,12.256283372576265,195.23283248351572,23.59,136.775,"California, US",0.9962242,50492819
2026-09-20T10:53:43.681784+00:00,vast.ai,marketplace,RTX 3060 laptop,0.06318518518518518,1,12.0,12.782884360734636,202.30825189908276,15.59,367.5,"New Zealand, NZ",0.9973186,46071111
2026-09-20T10:53:43.681784+00:00,vast.ai,marketplace,RTX 3060 laptop,0.06318518518518518,1,12.0,12.78187728671498,202.2923134474235,15.59,307.85,"New Zealand, NZ",0.9952325,51286013
2026-09-20T10:53:43.681784+00:00,vast.ai,marketplace,GTX 1080 Ti,0.06405555555555556,1,11.0,5.212453494822205,81.3739487483085,15.59,189.5,"South Korea, KR",0.9973932,48610055
2026-09-20T10:53:43.681784+00:00,vast.ai,marketplace,GTX 1080 Ti,0.06405555555555556,1,11.0,5.212453494822205,81.3739487483085,7.73,192.5,"South Korea, KR",0.9969769,50029569
2026-09-20T10:53:43.681784+00:00,vast.ai,marketplace,GTX 1080 Ti,0.06405555555555556,1,11.0,5.212453494822205,81.3739487483085,7.73,178.0,"South Korea, KR",0.99764,50029605
2026-09-20T10:53:43.681784+00:00,vast.ai,marketplace,GTX 1080 Ti,0.06405555555555556,1,11.0,5.212453494822205,81.3739487483085,15.67,419.85,"South Korea, KR",0.9911395,47444985
2026-09-20T10:53:43.681784+00:00,vast.ai,marketplace,RTX 2060S,0.06538888888888889,1,8.0,3.98692664634161,60.97254004600593,15.61,133.0,"Vietnam, VN",0.9911952,47528463
2026-09-20T10:53:43.681784+00:00,vast.ai,marketplace,RTX 2060S,0.06538888888888889,1,8.0,3.98692664634161,60.97254004600593,15.59,152.5,"Vietnam, VN",0.9642096,30053150
2026-09-20T10:53:43.681784+00:00,vast.ai,marketplace,RTX 3060,0.06644444444444447,1,12.0,12.26615158836682,184.60763260083837,31.44,616.5000000000001,"Texas, US",0.9900067,49591761
2026-09-20T10:53:43.681784+00:00,vast.ai,marketplace,RTX 3060 laptop,0.06718518518518521,1,12.0,12.78187728671498,190.2484491407411,15.66,169.5,"New Zealand, NZ",0.9991378,50875267
2026-09-20T10:53:43.681784+00:00,vast.ai,marketplace,RTX 3060 laptop,0.06718518518518521,1,12.0,12.780869711099143,190.23345214976666,15.63,296.0,"New Zealand, NZ",0.9972639,51669653
2026-09-20T10:53:43.681784+00:00,vast.ai,marketplace,GTX 1660 S,0.06731481481481481,1,6.0,1.724191995348428,25.613856327046797,62.85,601.5,"Quebec, CA",0.9947836,51586778
2026-09-20T10:53:43.681784+00:00,vast.ai,marketplace,Quadro P4000,0.06805555555555555,1,8.0,2.0836915595552954,30.617508630200263,15.46,165.0,"Romania, RO",0.9982835,43521340
2026-09-20T10:53:43.681784+00:00,vast.ai,marketplace,Quadro P4000,0.06805555555555555,1,8.0,2.0836915595552954,30.617508630200263,62.73,120.0,"United Kingdom, GB",0.9972184,45254580
2026-09-20T10:53:43.681784+00:00,vast.ai,marketplace,GTX 1080 Ti,0.06805555555555555,1,11.0,5.212453494822205,76.59115339330589,31.28,73.0,"South Korea, KR",0.9974535,40234662
2026-09-20T10:53:43.681784+00:00,vast.ai,marketplace,GTX 1080 Ti,0.06805555555555555,1,11.0,5.384292621025136,79.11613647220608,31.29,72.0,"South Korea, KR",0.9984883,37709426
2026-09-20T10:53:43.681784+00:00,vast.ai,marketplace,GTX 1080 Ti,0.06805555555555555,1,11.0,5.212453494822205,76.59115339330589,31.22,473.0,"South Korea, KR",0.997541,49315857
2026-09-20T10:53:43.681784+00:00,vast.ai,marketplace,RTX 3060,0.06805555555555555,1,12.0,12.337460403838445,181.28513246456492,47.22,130.875,"Vietnam, VN",0.9926327,23739096
2026-09-20T10:53:43.681784+00:00,vast.ai,marketplace,RTX 3060,0.06805555555555555,1,12.0,12.332018925135726,181.20517604281068,10.46,242.66666666666666,"South Korea, KR",0.9950161,51265064
2026-09-20T10:53:43.681784+00:00,vast.ai,marketplace,RTX 2070,0.06805555555555555,1,8.0,4.104189194763423,60.30645347407479,7.82,354.6820963631832,"South Korea, KR",0.9789526,50701342
2026-09-20T10:53:43.681784+00:00,vast.ai,marketplace,RTX A2000,0.06898148148148148,1,5.99,8.575741297328419,124.31947115590192,62.89,735.5,"Norway, NO",0.9954352,29318077
2026-09-20T10:53:43.681784+00:00,vast.ai,marketplace,RTX A2000,0.06898148148148148,1,5.99,8.576597161264104,124.33187831094273,125.78,1303.5,"Norway, NO",0.9975621,29431159
2026-09-20T10:53:43.681784+00:00,vast.ai,marketplace,RTX 4060,0.06944444444444445,1,8.0,15.653315498872239,225.40774318376023,15.72,117.69026642313429,"Nevada, US",0.9888432,50944078
2026-09-20T10:53:43.681784+00:00,vast.ai,marketplace,RTX 3060,0.06944444444444445,1,12.0,12.338215859181451,177.6703083722129,62.9,291.95,"Wisconsin, US",0.9987899,45640248
2026-09-20T10:53:43.681784+00:00,vast.ai,marketplace,RTX 3060,0.06944444444444445,1,12.0,12.404777857596699,178.62880114939244,62.89,173.75,"Wisconsin, US",0.9994142,47491626
2026-09-20T10:53:43.681784+00:00,vast.ai,marketplace,RTX 3060,0.07425925925925926,1,12.0,12.191317131883723,164.1723504044192,20.9,205.66666666666666,"Sweden, SE",0.9974523,45168672
2026-09-20T10:53:43.681784+00:00,vast.ai,marketplace,GTX 1080 Ti,0.07472222222222222,1,11.0,5.316102491579529,71.1448660583134,15.64,382.5,"South Korea, KR",0.9979604,47674539
2026-09-20T10:53:43.681784+00:00,vast.ai,marketplace,RTX 3060,0.07472222222222222,1,12.0,12.407836284181814,166.05282759499826,47.19,118.21250000000002,"Connecticut, US",0.9879516,47594085
2026-09-20T10:53:43.681784+00:00,vast.ai,marketplace,RTX A4000,0.07496296296296295,1,15.99,21.181977964298408,282.56591157907957,15.69,2127.833333333333,"Quebec, CA",0.9982427,19031535
2026-09-20T10:53:43.681784+00:00,vast.ai,marketplace,RTX 4060,0.07518518518518519,1,8.0,15.653315498872239,208.19680712785734,15.62,302.5,"New Zealand, NZ",0.995287,47696169
2026-09-20T10:53:43.681784+00:00,vast.ai,marketplace,RTX 2080 Ti,0.07611111111111112,1,22.0,11.045877624506199,145.12831915409603,31.47,139.1625,"United States, US",0.9883481,43529661
2026-09-20T10:53:43.681784+00:00,vast.ai,marketplace,RTX 3070,0.08092592592592593,1,8.0,16.279381572723597,201.16398282084077,31.18,145.0,"Vietnam, VN",0.989572,51136788
2026-09-20T10:53:43.681784+00:00,vast.ai,marketplace,RTX 3060,0.08115740740740741,1,12.0,12.26615158836682,151.14025916070923,15.63,362.0,"New Jersey, US",0.9961941,44022329
2026-09-20T10:53:43.681784+00:00,vast.ai,marketplace,RTX 3060 laptop,0.08451851851851852,1,12.0,12.78187728671498,151.23167692432273,15.62,365.85,"New Zealand, NZ",0.969812,51698405
2026-09-20T10:53:43.681784+00:00,vast.ai,marketplace,RTX A4000,0.0875925925925926,1,15.99,21.193199327537638,241.95195849620134,23.48,318.0,"The Netherlands, NL",0.9989347,36172970
2026-09-20T10:53:43.681784+00:00,vast.ai,marketplace,RTX A4000,0.0875925925925926,1,15.99,16.904277138929963,192.9875191336613,23.49,340.0,"Poland, PL",0.998365,45601701
2026-09-20T10:53:43.681784+00:00,vast.ai,marketplace,RTX A4000,0.0875925925925926,1,15.99,21.18518707573644,241.86048669973948,23.48,394.0,"Poland, PL",0.9994336,45603639
2026-09-20T10:53:43.681784+00:00,vast.ai,marketplace,RTX A4000,0.0875925925925926,1,15.99,20.2951281031988,231.699136907555,15.64,323.0,"Poland, PL",0.9995622,45598790
2026-09-20T10:53:43.681784+00:00,vast.ai,marketplace,RTX A4000,0.08805555555555555,1,15.99,21.18679072847466,240.60708713725165,31.19,335.0,"Michigan, US",0.9945913,50923400
2026-09-20T10:53:43.681784+00:00,vast.ai,marketplace,RTX A4000,0.0915925925925926,1,15.99,19.52556565184079,213.17843615030378,41.93,84.16666666666666,"Japan, JP",0.9899457,49635424
2026-09-20T10:53:43.681784+00:00,vast.ai,marketplace,RTX A4000,0.0915925925925926,1,15.99,21.194799976038738,231.40299205541686,62.7,875.5,"Japan, JP",0.9980719,43086112
2026-09-20T10:53:43.681784+00:00,vast.ai,marketplace,RTX A4000,0.0915925925925926,1,15.99,21.191598078871984,231.36803401922504,31.37,485.075,"Japan, JP",0.9498448,51276968
2026-09-20T10:53:43.681784+00:00,vast.ai,marketplace,RTX A4000,0.0915925925925926,1,15.99,21.189996229700604,231.35054516858725,31.37,490.575,"Japan, JP",0.9544751,51198251
2026-09-20T10:53:43.681784+00:00,vast.ai,marketplace,GTX 1660 S,0.09407407407407407,1,6.0,1.700077421986912,18.071689131356937,125.9,1089.0500000000002,"Quebec, CA",0.9988812,47927849
2026-09-20T10:53:43.681784+00:00,vast.ai,marketplace,Tesla P40,0.09472222222222222,1,22.5,5.747730038070885,60.67984790925274,31.03,644.0,"Japan, JP",0.9954414,50687938
2026-09-20T10:53:43.681784+00:00,vast.ai,marketplace,RTX 3060,0.09472222222222222,1,12.0,12.33670458367849,130.24086950511017,15.59,345.5,"Florida, US",0.9899176,49921191
2026-09-20T10:53:43.681784+00:00,vast.ai,marketplace,Tesla P100,0.09564814814814815,1,16.0,6.489584450329015,67.84851119414652,39.01,563.925,"Texas, US",0.9910811,48981933
2026-09-20T10:53:43.681784+00:00,vast.ai,marketplace,RTX 2080 Ti,0.10405555555555555,1,22.0,11.045877624506199,106.153655761405,17.97,165.7142857142857,"Thailand, TH",0.9857173,50286311
2026-09-20T10:53:43.681784+00:00,vast.ai,marketplace,RTX A4000,0.1063148148148148,1,15.99,21.189996229700604,199.3136729496312,39.26,346.35,"Estonia, EE",0.9922179,46119328
2026-09-20T10:53:43.681784+00:00,vast.ai,marketplace,Tesla P40,0.10672222222222222,1,24.0,5.87904,55.08730869338886,62.81,701.25,"Thailand, TH",0.9872782,47185201
2026-09-20T10:53:43.681784+00:00,vast.ai,marketplace,A16,0.1075925925925926,1,15.0,15.796279124906949,146.8156751712522,31.47,436.575,"Vietnam, VN",0.9966414,46601059
2026-09-20T10:53:43.681784+00:00,vast.ai,marketplace,RTX A4000,0.10805555555555556,1,15.99,20.438153826083965,189.14486831337345,39.28,261.58626449624734,"Delaware, US",0.9994344,45415104
2026-09-20T10:53:43.681784+00:00,vast.ai,marketplace,RTX A4000,0.10805555555555556,1,15.99,21.188393779682055,196.08796299962827,23.57,58.0,"Delaware, US",0.9986272,48328454
2026-09-20T10:53:43.681784+00:00,vast.ai,marketplace,RTX A4000,0.10805555555555556,1,15.99,21.188393779682055,196.08796299962827,31.2,80.5,"Romania, RO",0.9960492,45565872
2026-09-20T10:53:43.681784+00:00,vast.ai,marketplace,RTX 3080,0.10805555555555556,1,10.0,21.535640111004884,199.30155372652334,15.58,196.0,"Utah, US",0.9927365,50102831
2026-09-20T10:53:43.681784+00:00,vast.ai,marketplace,RTX 3070,0.10851851851851853,1,8.0,16.279381572723597,150.01477899779422,31.23,391.4,"Spain, ES",0.9570455,51710062
2026-09-20T10:53:43.681784+00:00,vast.ai,marketplace,RTX 4060 Ti,0.10851851851851853,1,16.0,22.52902695465334,207.6053678415154,20.96,541.1166666666666,"Japan, JP",0.9611048,51188706
2026-09-20T10:53:43.681784+00:00,vast.ai,marketplace,RTX 4060 Ti,0.10898148148148148,1,16.0,22.578505806103635,207.17745344598066,62.96,71.68400498119519,"Norway, NO",0.9963353,31010996
2026-09-20T10:53:43.681784+00:00,vast.ai,marketplace,RTX 3080,0.11129629629629631,1,10.0,26.95510031861693,242.19224911902063,14.78,1475.0,"Illinois, US",0.9976076,40730744
2026-09-20T10:53:43.681784+00:00,vast.ai,marketplace,RTX 3070,0.11222222222222222,1,8.0,16.262439934340087,144.91283109807998,15.54,300.0,"Illinois, US",0.9978901,49013107
2026-09-20T10:53:43.681784+00:00,vast.ai,marketplace,RTX 4060 Ti,0.11351851851851852,1,16.0,22.54710797777778,198.62052704730834,29.96,506.0,"India, IN",0.9434021,48558068
2026-09-20T10:53:43.681784+00:00,vast.ai,marketplace,RTX 5070 Ti,0.11472222222222223,1,15.92,49.00573271885559,427.1686144984991,15.67,91.75,"South Korea, KR",0.9968226,38752056
2026-09-20T10:53:43.681784+00:00,vast.ai,marketplace,RTX 5060 Ti,0.11472222222222223,1,15.93,32.973341656984324,287.4189587533742,62.88,722.25,"Vietnam, VN",0.9970975,28674393
2026-09-20T10:53:43.681784+00:00,vast.ai,marketplace,RTX 4060 Ti,0.11657407407407408,1,16.0,22.516966931916716,193.1558720132649,15.56,779.6757468552674,"Romania, RO",0.946773,51432770
2026-09-20T10:53:43.681784+00:00,vast.ai,marketplace,RTX 5060 Ti,0.11877777777777779,1,7.96,30.098005256439453,253.39761207479427,15.6,1587.8,"Illinois, US",0.9951498,48367021
2026-09-20T10:53:43.681784+00:00,vast.ai,marketplace,RTX 4060 Ti,0.12013888888888889,1,16.0,22.52902695465334,187.52484863988906,23.57,326.05,"Jiangsu, CN",0.9909292,49517347
2026-09-20T10:53:43.681784+00:00,vast.ai,marketplace,RTX 3080,0.12064814814814816,1,10.0,26.979738891693003,223.6233154491822,15.54,97.4,"Germany, DE",0.9950563,50691464
2026-09-20T10:53:43.681784+00:00,vast.ai,marketplace,RTX 3060,0.12089629629629632,1,12.0,12.262253510417715,101.42786740434968,62.94,1446.5,"Texas, US",0.9997755,31850488
2026-09-20T10:53:43.681784+00:00,vast.ai,marketplace,RTX 3060 Ti,0.12105555555555557,1,8.0,13.908275690635818,114.89167619616553,7.61,296.0,"Spain, ES",0.9936148,46485962
2026-09-20T10:53:43.681784+00:00,vast.ai,marketplace,RTX A4000,0.1213888888888889,1,15.99,21.189996229700604,174.56289800211024,15.66,228.16666666666666,"Utah, US",0.9409775,50591550
2026-09-20T10:53:43.681784+00:00,vast.ai,marketplace,Titan V,0.1213888888888889,1,12.0,21.929328568462733,180.65350765781656,15.59,392.0,"South Korea, KR",0.9970012,50869938
2026-09-20T10:53:43.681784+00:00,vast.ai,marketplace,RTX 3080 Ti,0.1213888888888889,1,12.0,34.934210909689966,287.78754982810955,31.26,644.0,"Oregon, US",0.5435477,38475407
2026-09-20T10:53:43.681784+00:00,vast.ai,marketplace,RTX 5060 Ti,0.1213888888888889,1,15.93,38.47638753062185,316.96795219734247,31.41,59.25,"Quebec, CA",0.9984925,39173109
2026-09-20T10:53:43.681784+00:00,vast.ai,marketplace,RTX A4000,0.12231481481481482,1,15.99,21.189996229700604,173.24145289989895,62.96,802.7625,"Estonia, EE",0.979345,50747389
2026-09-20T10:53:43.681784+00:00,vast.ai,marketplace,RTX 3070 Ti,0.12231481481481482,1,8.0,18.312284957366362,149.71436604054256,31.41,371.9883556087871,"Norway, NO",0.9972741,36538844
2026-09-20T10:53:43.681784+00:00,vast.ai,marketplace,Tesla V100,0.12277777777777779,1,32.0,23.192176196426026,188.8955527310717,39.31,247.75,"United States, US",0.9703572,47619164
2026-09-20T10:53:43.681784+00:00,vast.ai,marketplace,RTX 5060 Ti,0.12685185185185183,1,7.96,30.119436412982026,237.43789289066126,15.56,66.44999999999999,"Virginia, US",0.9954409,40931299
2026-09-20T10:53:43.681784+00:00,vast.ai,marketplace,RTX 3060,0.12694444444444444,1,12.0,12.26615158836682,96.62613942695964,31.35,27.0,"Norway, NO",0.9933866,45120306
2026-09-20T10:53:43.681784+00:00,vast.ai,marketplace,RTX A4000,0.13425925925925924,1,15.99,21.188393779682055,157.8170019452181,62.85,277.5,"France, FR",0.997405,49299791
2026-09-20T10:53:43.681784+00:00,vast.ai,marketplace,RTX 5060 Ti,0.13425925925925924,1,15.93,38.39646427068305,285.98745801612205,15.53,90.0,"Ukraine, UA",0.9372803,51022649
2026-09-20T10:53:43.681784+00:00,vast.ai,marketplace,RTX 4060,0.13472222222222222,1,8.0,15.942150356978468,118.33348718581956,31.18,635.0,"Mexico, MX",0.9981598,40179084
2026-09-20T10:53:43.681784+00:00,vast.ai,marketplace,Tesla T4,0.13472222222222222,1,15.0,4.302423311844853,31.935513242559736,125.82,574.5,"Pennsylvania, US",0.9857488,50006709
2026-09-20T10:53:43.681784+00:00,vast.ai,marketplace,RTX 3080,0.13472222222222222,1,10.0,26.965043038800065,200.15289678284586,30.46,296.5,"Jordan, JO",0.8862253,51422913
2026-09-20T10:53:43.681784+00:00,vast.ai,marketplace,RTX 3060 Ti,0.13472222222222222,1,8.0,13.777221262848961,102.2639104046521,94.31,123.19999999999999,"Massachusetts, US",0.9355911,51361323
2026-09-20T10:53:43.681784+00:00,vast.ai,marketplace,RTX 3080 Ti,0.13472222222222222,1,12.0,33.96859251721157,252.138006313323,36.64,522.3333333333333,"Quebec, CA",0.9991761,44116402
2026-09-20T10:53:43.681784+00:00,vast.ai,marketplace,RTX 4060 Ti,0.13472222222222222,1,16.0,22.535055162917324,167.2705125494894,19.43,341.0,"Kentucky, US",0.9841391,40407013
2026-09-20T10:53:43.681784+00:00,vast.ai,marketplace,RTX 4060 Ti,0.13472222222222222,1,16.0,22.535055162917324,167.2705125494894,31.18,294.0,"Kentucky, US",0.9948574,48221836
2026-09-20T10:53:43.681784+00:00,vast.ai,marketplace,Tesla V100,0.13472222222222222,1,32.0,25.71306491342886,190.85986327493586,31.48,122.875,"Ukraine, UA",0.9533277,51159029
2026-09-20T10:53:43.681784+00:00,vast.ai,marketplace,RTX 4070,0.13518518518518519,1,11.99,34.209680453214474,253.0579102018605,31.42,378.325,"Alberta, CA",0.9960859,45498588
2026-09-20T10:53:43.681784+00:00,vast.ai,marketplace,RTX 3070,0.13564814814814816,1,8.0,16.411605677014865,120.98658110017784,62.89,364.4549985496959,"Norway, NO",0.9979544,16581606
2026-09-20T10:53:43.681784+00:00,vast.ai,marketplace,RTX 3060,0.13804444444444444,1,12.0,12.47725542502038,90.3857846307014,125.88,736.5,"Texas, US",0.9934452,50441952
2026-09-20T10:53:43.681784+00:00,vast.ai,marketplace,RTX 5060 Ti,0.13825925925925925,1,15.93,32.79664113934889,237.21117352328426,15.55,63.0,"Ukraine, UA",0.9853894,44318240
2026-09-20T10:53:43.681784+00:00,vast.ai,marketplace,RTX 5060 Ti,0.1413888888888889,1,15.93,38.375975201203396,271.42143560772536,30.38,332.75,"Switzerland, CH",0.9946879,49012223
2026-09-20T10:53:43.681784+00:00,vast.ai,marketplace,RTX 5060 Ti,0.1413888888888889,1,15.93,38.42377026159708,271.7594753276021,47.2,283.45000000000005,"Switzerland, CH",0.9949796,49006544
2026-09-20T10:53:43.681784+00:00,vast.ai,marketplace,RTX 5060 Ti,0.1413888888888889,1,15.93,38.300778205151055,270.8895904490055,31.45,324.0,"Switzerland, CH",0.991939,49157198
2026-09-20T10:53:43.681784+00:00,vast.ai,marketplace,RTX 3080,0.14680555555555555,1,20.0,34.33939239065273,233.91071448694387,50.37,243.64000000000007,"Henan, CN",0.9896729,50005213
2026-09-20T10:53:43.681784+00:00,vast.ai,marketplace,RTX 3080 Ti,0.14731481481481482,1,12.0,27.019526396012843,183.41350413383952,11.71,90.0,"Poland, PL",0.989495,48148275
2026-09-20T10:53:43.681784+00:00,vast.ai,marketplace,RTX 3060,0.14759259259259258,1,12.0,12.274355410390498,83.16376313188042,62.59,2638.0,"Maryland, US",0.970648,51070855
2026-09-20T10:53:43.681784+00:00,vast.ai,marketplace,RTX 3090,0.14805555555555555,1,24.0,44.31591584225063,299.3195066268336,62.89,728.25,"Pennsylvania, US",0.9970898,44127792
2026-09-20T10:53:43.681784+00:00,vast.ai,marketplace,RTX 3060,0.14805555555555555,1,12.0,12.547255056998587,84.74693847128502,110.06,133.0,"Massachusetts, US",0.9745995,50113629
2026-09-20T10:53:43.681784+00:00,vast.ai,marketplace,RTX 3060 Ti,0.14805555555555555,1,8.0,13.854407299751063,93.57573410713664,110.12,83.25,"Massachusetts, US",0.9942828,46460412
2026-09-20T10:53:43.681784+00:00,vast.ai,marketplace,RTX 3060 Ti,0.14805555555555555,1,8.0,13.932156277121331,94.10086791301462,94.31,151.5,"Massachusetts, US",0.9891779,47798927
2026-09-20T10:53:43.681784+00:00,vast.ai,marketplace,RTX 5060 Ti,0.14805555555555555,1,15.93,38.51757485197853,260.1562278932884,31.31,717.0,"Thailand, TH",0.9982687,48795947
2026-09-20T10:53:43.681784+00:00,vast.ai,marketplace,RTX 5060 Ti,0.14805555555555555,1,15.93,38.630572974506386,260.9194422293114,31.44,71.875,"Poland, PL",0.9927375,51539898
2026-09-20T10:53:43.681784+00:00,vast.ai,marketplace,RTX 5060 Ti,0.14805555555555555,1,15.93,38.85974423642603,262.46731566816834,31.46,392.375,"Connecticut, US",0.988785,49816738
2026-09-20T10:53:43.681784+00:00,vast.ai,marketplace,RTX 3090,0.14921296296296296,1,24.0,44.59363399213143,298.85898052436823,31.32,263.5,"Quebec, CA",0.9974957,11997119
2026-09-20T10:53:43.681784+00:00,vast.ai,marketplace,RTX 3090,0.1511851851851852,1,24.0,44.90602909277286,297.0266500501879,41.93,169.0,"Czechia, CZ",0.9926478,25325627
2026-09-20T10:53:43.681784+00:00,vast.ai,marketplace,RTX 3090,0.15268518518518517,1,24.0,44.33177551217862,290.34758977048466,31.47,153.2,"United States, US",0.9786032,50743740
2026-09-20T10:53:43.681784+00:00,vast.ai,marketplace,RTX 3090,0.15268518518518517,1,24.0,44.3607604204072,290.5374242209811,31.47,121.2875,"United States, US",0.9852605,48086797
2026-09-20T10:53:43.681784+00:00,vast.ai,marketplace,RTX 3090,0.15268518518518517,1,24.0,45.301553597452155,296.6990775333434,31.46,129.125,"United States, US",0.9473652,51394867
2026-09-20T10:53:43.681784+00:00,vast.ai,marketplace,RTX 3090,0.15268518518518517,1,24.0,44.34628268015064,290.4426033630242,39.26,414.95,"United States, US",0.9195304,51515500
2026-09-20T10:53:43.681784+00:00,vast.ai,marketplace,RTX 3090,0.15472222222222223,1,24.0,44.806668904052515,289.59426939782594,25.15,93.0,"Quebec, CA",0.9780423,49607479
2026-09-20T10:53:43.681784+00:00,vast.ai,marketplace,RTX 3080,0.15738888888888888,1,10.0,27.10694119237722,172.22906511217437,31.35,465.5,"The Netherlands, NL",0.9956769,39787603
2026-09-20T10:53:43.681784+00:00,vast.ai,marketplace,RTX 3090,0.16005555555555553,1,24.0,44.33705425654779,277.0104049350435,50.35,217.2253013979415,"Quebec, CA",0.9868677,40751577
2026-09-20T10:53:43.681784+00:00,vast.ai,marketplace,RTX 3080,0.16092592592592592,1,10.0,28.79009471270964,178.90277496965714,31.33,122.5,"Ontario, CA",0.9978665,32302643
2026-09-20T10:53:43.681784+00:00,vast.ai,marketplace,RTX 5060 Ti,0.16092592592592592,1,15.93,38.382805803843624,238.5122570089247,31.35,1648.75,"Maryland, US",0.905493,51621272
2026-09-20T10:53:43.681784+00:00,vast.ai,marketplace,RTX 3090,0.1613888888888889,1,24.0,44.53888712439836,275.97245034050616,31.46,265.625,"Oregon, US",0.9980556,47676613
2026-09-20T10:53:43.681784+00:00,vast.ai,marketplace,RTX 4060 Ti,0.1613888888888889,1,8.0,18.02128046755836,111.6636999711017,31.17,616.0,"Mexico, MX",0.9849476,40172426
2026-09-20T10:53:43.681784+00:00,vast.ai,marketplace,RTX 3080,0.1613888888888889,1,10.0,26.961068640394856,167.05653546544144,15.5,290.0,"Austria, AT",0.9785721,50662269
2026-09-20T10:53:43.681784+00:00,vast.ai,marketplace,RTX 5060 Ti,0.1613888888888889,1,15.93,38.728057814881744,239.96731176174575,30.93,351.0,"Pennsylvania, US",0.9947232,51702265
2026-09-20T10:53:43.681784+00:00,vast.ai,marketplace,RTX 5060 Ti,0.1613888888888889,1,15.93,38.38963549353913,237.8703748308793,27.47,253.25,"Taiwan, TW",0.9942964,41702076
2026-09-20T10:53:43.681784+00:00,vast.ai,marketplace,RTX 3090,0.16324074074074074,1,24.0,44.280453802495096,271.25859391205165,31.47,289.35,"United States, US",0.9955954,50484110
2026-09-20T10:53:43.681784+00:00,vast.ai,marketplace,RTX 5060 Ti,0.16462962962962963,1,15.93,38.382805803843624,233.14640195810526,31.3,353.0,"Texas, US",0.9906292,47987040
2026-09-20T10:53:43.681784+00:00,vast.ai,marketplace,RTX 5060 Ti,0.16462962962962963,1,15.93,38.382805803843624,233.14640195810526,31.19,678.0,"Illinois, US",0.915933,51526997
2026-09-20T10:53:43.681784+00:00,vast.ai,marketplace,RTX 5060 Ti,0.16694444444444445,1,15.93,38.36231125551517,229.79088272854347,62.7,565.0,"Norway, NO",0.9975979,43555491
2026-09-20T10:53:43.681784+00:00,vast.ai,marketplace,RTX 3060,0.1681666666666667,1,12.0,12.548035631767766,74.61666381626024,62.86,278.0,"New York, US",0.9979431,48275197
2026-09-20T10:53:43.681784+00:00,vast.ai,marketplace,RTX 3090,0.16898148148148148,1,24.0,19.82172238865433,117.3011516698448,47.0,299.02615530478096,"Michigan, US",0.9819645,51414289
2026-09-20T10:53:43.681784+00:00,vast.ai,marketplace,RTX 3090,0.17338888888888887,1,24.0,44.64679718637501,257.4951455798623,25.15,213.58141927263665,"Quebec, CA",0.9753867,50989952
2026-09-20T10:53:43.681784+00:00,vast.ai,marketplace,RTX A5000,0.17472222222222222,1,23.99,35.3425490173302,202.27849994020463,47.14,693.0,"Australia, AU",0.9989649,23307643
2026-09-20T10:53:43.681784+00:00,vast.ai,marketplace,RTX 3090,0.17472222222222222,1,24.0,44.35155071308448,253.84035384277286,31.46,308.4066201727326,", CN",0.9967826,45174325
2026-09-20T10:53:43.681784+00:00,vast.ai,marketplace,RTX 3070,0.17472222222222222,1,8.0,16.279381572723597,93.17293109984888,7.79,226.33333333333331,"France, FR",0.99745,51557375
2026-09-20T10:53:43.681784+00:00,vast.ai,marketplace,RTX 3070 Ti,0.17472222222222222,1,8.0,18.209148669404808,104.21770303633912,62.57,198.5,"Massachusetts, US",0.9915332,44162569
2026-09-20T10:53:43.681784+00:00,vast.ai,marketplace,RTX 3080 Ti,0.17639259259259257,1,12.0,33.95519670548177,192.4978606324293,30.79,757.0,"Spain, ES",0.9964813,48150924
2026-09-20T10:53:43.681784+00:00,vast.ai,marketplace,RTX 5060 Ti,0.1773888888888889,1,15.93,38.5107125949733,217.09765947683036,62.94,327.1718268091236,"Germany, DE",0.9958732,44053706
2026-09-20T10:53:43.681784+00:00,vast.ai,marketplace,RTX 5060 Ti,0.17750000000000002,1,15.93,9.922559564261746,55.90174402400983,62.84,143.5,"Saskatchewan, CA",0.9972445,42382319
2026-09-20T10:53:43.681784+00:00,vast.ai,marketplace,RTX 3090,0.17751851851851852,1,24.0,41.81423175739198,235.54856195484737,31.38,490.5,"Poland, PL",0.9948868,39105514
2026-09-20T10:53:43.681784+00:00,vast.ai,marketplace,RTX 4080S,0.17935185185185185,1,15.99,55.59477845901785,309.97604922942327,31.46,170.875,"United States, US",0.9962797,51028595
2026-09-20T10:53:43.681784+00:00,vast.ai,marketplace,RTX 3090,0.1813888888888889,1,24.0,44.36470379958797,244.58335938517104,31.21,299.0,"France, FR",0.9972432,49277907
2026-09-20T10:53:43.681784+00:00,vast.ai,marketplace,RTX 5060,0.1813888888888889,1,7.96,28.281155015915996,155.91448400811268,125.86,232.5,"Denmark, DK",0.9986009,51327255
2026-09-20T10:53:43.681784+00:00,vast.ai,marketplace,RTX 4060 Ti,0.18805555555555556,1,16.0,21.198166604235826,112.72289479357308,62.58,2485.7,"Utah, US",0.9963345,49984008
2026-09-20T10:53:43.681784+00:00,vast.ai,marketplace,RTX 4060 Ti,0.18805555555555556,1,16.0,22.93625429973316,121.96531089961503,62.87,1697.25,"Utah, US",0.9938053,49992670
2026-09-20T10:53:43.681784+00:00,vast.ai,marketplace,RTX 5060 Ti,0.18833333333333335,1,15.93,38.3691436852251,203.72996647022174,251.76,640.0,"Ukraine, UA",0.9961372,50310585
2026-09-20T10:53:43.681784+00:00,vast.ai,marketplace,RTX 4070S Ti,0.18851851851851853,1,15.99,51.015524456552086,270.61280163593443,62.7,711.0,"Spain, ES",0.9933355,49130709
2026-09-20T10:53:43.681784+00:00,vast.ai,marketplace,RTX PRO 4000,0.1889814814814815,1,23.89,65.71634849707324,347.7396196807403,94.31,715.4,"Alberta, CA",0.8339087,51441099
2026-09-20T10:53:43.681784+00:00,vast.ai,marketplace,RTX 3090,0.19205555555555553,1,24.0,43.850879351343394,228.3239306694189,62.73,1174.0,"Finland, FI",0.9548411,49962811
2026-09-20T10:53:43.681784+00:00,vast.ai,marketplace,RTX 3090,0.19268518518518518,1,24.0,42.44971648306459,220.30607305002286,31.47,120.375,"United States, US",0.9947405,44579227
2026-09-20T10:53:43.681784+00:00,vast.ai,marketplace,RTX 5060 Ti,0.19268518518518518,1,15.93,38.3691436852251,199.12866496897215,23.4,270.0,"Romania, RO",0.9909086,49310986
2026-09-20T10:53:43.681784+00:00,vast.ai,marketplace,Q RTX 6000,0.1947222222222222,1,22.5,11.787989876642415,60.53746584295677,61.95,1412.0,"Pennsylvania, US",0.9645879,51665258
2026-09-20T10:53:43.681784+00:00,vast.ai,marketplace,RTX 4070,0.19483333333333333,1,11.99,33.704658271663014,172.99225802393335,62.86,742.0,"New York, US",0.9972548,50860552
2026-09-20T10:53:43.681784+00:00,vast.ai,marketplace,RTX 4070S Ti,0.19785185185185183,1,15.99,51.74594600163435,261.53885100039827,50.34,274.40000000000003,"Bulgaria, BG",0.9880979,50223787
2026-09-20T10:53:43.681784+00:00,vast.ai,marketplace,RTX 4070S,0.2000009045925926,1,11.99,34.74729317276283,173.7356800637679,15.7,174.5,"California, US",0.5861069,48453447
2026-09-20T10:53:43.681784+00:00,vast.ai,marketplace,RTX 3090,0.2009259259259259,1,24.0,44.35286711381634,220.74238010562973,46.97,749.8,"Poland, PL",0.9978021,45603654
2026-09-20T10:53:43.681784+00:00,vast.ai,marketplace,RTX 4000Ada,0.2010185185185185,1,20.0,31.30855354901924,155.7495984935089,31.39,260.9187604207017,"Romania, RO",0.9968507,51392045
2026-09-20T10:53:43.681784+00:00,vast.ai,marketplace,RTX A5000,0.20138888888888887,1,23.99,34.919310668818035,173.39243918309646,125.83,213.5,"France, FR",0.9834415,50483956
2026-09-20T10:53:43.681784+00:00,vast.ai,marketplace,RTX 3090,0.20138888888888887,1,24.0,44.35549918675223,220.2479959618042,125.89,228.5,"Poland, PL",0.9996273,47622722
2026-09-20T10:53:43.681784+00:00,vast.ai,marketplace,RTX 4070S Ti,0.20138888888888887,1,15.99,51.0209211458545,253.34526362079478,30.98,1589.5,"Ontario, CA",0.9949441,39160561
2026-09-20T10:53:43.681784+00:00,vast.ai,marketplace,RTX 4070S Ti,0.20138888888888887,1,15.99,51.201927880432116,254.2440556821457,62.83,158.0,"Texas, US",0.9922332,50764746
2026-09-20T10:53:43.681784+00:00,vast.ai,marketplace,RTX 4000Ada,0.20138888888888887,1,20.0,31.315549335464773,155.49790014851476,41.88,510.0,"Romania, RO",0.9740437,50976691
2026-09-20T10:53:43.681784+00:00,vast.ai,marketplace,RTX 4000Ada,0.20138888888888887,1,20.0,26.95163284703451,133.82879758527483,62.73,1802.0,"Arizona, US",0.9971773,51454432
2026-09-20T10:53:43.681784+00:00,vast.ai,marketplace,RTX 4000Ada,0.20138888888888887,1,20.0,31.231521346619864,155.08065772114693,31.41,462.75,"Hungary, HU",0.9982963,36173713
2026-09-20T10:53:43.681784+00:00,vast.ai,marketplace,Titan RTX,0.20138888888888887,1,24.0,12.057292800000003,59.87069528275864,15.59,371.0,"South Korea, KR",0.9970875,50869879
2026-09-20T10:53:43.681784+00:00,vast.ai,marketplace,Titan RTX,0.20138888888888887,1,24.0,12.057292800000003,59.87069528275864,31.32,346.0,"South Korea, KR",0.9985865,50736362
2026-09-20T10:53:43.681784+00:00,vast.ai,marketplace,RTX 4060 Ti,0.20138888888888887,1,16.0,22.486795796367005,111.65857223023617,124.44,625.1784382204748,"Texas, US",0.9980224,37119324
2026-09-20T10:53:43.681784+00:00,vast.ai,marketplace,RTX 5060 Ti,0.20138888888888887,1,15.93,38.62367643504418,191.78653126366768,62.94,637.4809363644654,"Texas, US",0.9993395,49766578
2026-09-20T10:53:43.681784+00:00,vast.ai,marketplace,RTX 5060 Ti,0.20203703703703701,1,15.93,38.40329213566825,190.08045603355507,31.47,319.0,"Denmark, DK",0.9969918,51634730
2026-09-20T10:53:43.681784+00:00,vast.ai,marketplace,RTX PRO 4000,0.2023148148148148,1,23.89,65.71634849707324,324.822225980957,62.91,146.75,"Utah, US",0.9872266,47510358
2026-09-20T10:53:43.681784+00:00,vast.ai,marketplace,RTX 5070,0.20416666666666666,1,11.94,13.18439036257714,64.57660585752069,62.85,144.5,"Saskatchewan, CA",0.9945049,48609915
2026-09-20T10:53:43.681784+00:00,vast.ai,marketplace,RTX 3070,0.20561022222222222,1,8.0,16.281633360172783,79.18688664504091,15.67,341.75,"Oklahoma, US",0.9941184,43271041
2026-09-20T10:53:43.681784+00:00,vast.ai,marketplace,RTX A5000,0.21472222222222223,1,23.99,34.91557681537209,162.6081197093655,62.39,651.0,"Quebec, CA",0.9913906,49301745
2026-09-20T10:53:43.681784+00:00,vast.ai,marketplace,RTX 3080 Ti,0.21472222222222223,1,12.0,34.51918464822855,160.76205010817955,15.59,384.0,"Taiwan, TW",0.9973855,47987427
2026-09-20T10:53:43.681784+00:00,vast.ai,marketplace,RTX 3090,0.21935185185185185,1,24.0,44.362075122503484,202.241625716774,46.98,280.0,"Romania, RO",0.9765108,50151821
2026-09-20T10:53:43.681784+00:00,vast.ai,marketplace,RTX 4060 Ti,0.2253888888888889,1,16.0,22.516966931916716,99.90273718868644,62.89,768.5,"Quebec, CA",0.9984772,49645021
2026-09-20T10:53:43.681784+00:00,vast.ai,marketplace,RTX 4060 Ti,0.2253888888888889,1,16.0,22.498867868639216,99.82243570014934,62.94,283.375,"Quebec, CA",0.9978069,49744624
2026-09-20T10:53:43.681784+00:00,vast.ai,marketplace,RTX 3090,0.2275925925925926,1,24.0,44.825533326809655,196.95515050022144,83.85,256.1267832632502,"California, US",0.9455204,50650301
2026-09-20T10:53:43.681784+00:00,vast.ai,marketplace,RTX 5080,0.22851851851851854,1,15.92,3.579802808269954,15.665263504584887,61.82,162.25,"Serbia, RS",0.965421,51066114
2026-09-20T10:53:43.681784+00:00,vast.ai,marketplace,RTX A5000,0.23205555555555557,1,23.99,35.13394949390257,151.4031819224913,125.88,1461.0,"Romania, RO",0.9987776,19951405
2026-09-20T10:53:43.681784+00:00,vast.ai,marketplace,Tesla V100,0.23222222222222225,1,32.0,25.71306491342886,110.72611685208598,94.27,744.0,"Bulgaria, BG",0.9921576,44696067
2026-09-20T10:53:43.681784+00:00,vast.ai,marketplace,RTX 3070,0.23339022222222217,1,8.0,16.280507674579923,69.75659699693186,31.4,101.50000000000003,"Oklahoma, US",0.986166,51372572
2026-09-20T10:53:43.681784+00:00,vast.ai,marketplace,RTX 5060 Ti,0.240462962962963,1,15.93,38.42377026159708,159.7908043223906,125.94,10705.725,"Denmark, DK",0.9906762,49967734
2026-09-20T10:53:43.681784+00:00,vast.ai,marketplace,RTX 3090,0.24092592592592593,1,24.0,44.32781389264723,183.98938894719063,78.53,1594.5,"Quebec, CA",0.9895583,49987155
2026-09-20T10:53:43.681784+00:00,vast.ai,marketplace,RTX 5060 Ti,0.24092592592592593,1,15.93,38.39646427068305,159.370412806832,30.2,1566.25,"Minnesota, US",0.9933326,51358361
2026-09-20T10:53:43.681784+00:00,vast.ai,marketplace,RTX 4070S Ti,0.2413888888888889,1,15.99,51.02631744509022,211.38635535365339,62.94,333.93750000000006,"Arizona, US",0.9865078,51147284
2026-09-20T10:53:43.681784+00:00,vast.ai,marketplace,RTX 4070S Ti,0.2413888888888889,1,15.99,51.02631744509022,211.38635535365339,60.48,621.0,"Saskatchewan, CA",0.9894541,50084549
2026-09-20T10:53:43.681784+00:00,vast.ai,marketplace,A10,0.2416666666666667,1,22.49,29.11965692402495,120.49513209941358,62.83,718.8500000000001,"The Netherlands, NL",0.9996099,44544435
2026-09-20T10:53:43.681784+00:00,vast.ai,marketplace,A10,0.2416666666666667,1,22.49,29.11965692402495,120.49513209941358,62.83,463.34529979523904,"Illinois, US",0.9986331,47574078
2026-09-20T10:53:43.681784+00:00,vast.ai,marketplace,RTX 5060 Ti,0.24185185185185187,1,15.93,38.375975201203396,158.67554830512887,251.56,1487.0,"Norway, NO",0.9989058,44003149
2026-09-20T10:53:43.681784+00:00,vast.ai,marketplace,RTX 3070 Ti,0.24231481481481484,1,8.0,14.569369301896591,60.12578848318042,31.36,562.7,"South Carolina, US",0.9146044,51269004
2026-09-20T10:53:43.681784+00:00,vast.ai,marketplace,RTX 3090,0.24370370370370373,1,24.0,44.88941751837439,184.19669802372468,28.26,514.4324427649701,"Estonia, EE",0.9891589,45557886
2026-09-20T10:53:43.681784+00:00,vast.ai,marketplace,RTX 3090,0.24451851851851852,1,24.0,44.64679718637501,182.59065798729554,41.92,180.23013388112423,"Czechia, CZ",0.9868982,18990232
2026-09-20T10:53:43.681784+00:00,vast.ai,marketplace,RTX 3090,0.24672222222222218,1,24.0,44.343647204730864,179.73106275279343,31.44,296.625,"Thailand, TH",0.976883,49290340
2026-09-20T10:53:43.681784+00:00,vast.ai,marketplace,Tesla V100,0.24938888888888888,1,32.0,25.71306491342886,103.10429236839373,94.14,956.25,"Minnesota, US",0.9995813,17928797
2026-09-20T10:53:43.681784+00:00,vast.ai,marketplace,RTX 3090,0.25170370370370376,1,24.0,44.59496411700897,177.1724589698708,100.72,56.800000000000004,"Iceland, IS",0.9991088,9107061
2026-09-20T10:53:43.681784+00:00,vast.ai,marketplace,RTX 4070S Ti,0.2520555555555556,1,15.99,51.010127377052676,202.376524749162,31.44,697.3956072664855,"Minnesota, US",0.9995866,47095371
2026-09-20T10:53:43.681784+00:00,vast.ai,marketplace,RTX 3090,0.25425925925925924,1,24.0,44.82418747957655,176.29323553511537,83.85,369.0,"Virginia, US",0.9699763,48711167
2026-09-20T10:53:43.681784+00:00,vast.ai,marketplace,RTX 3090,0.25425925925925924,1,24.0,44.362075122503484,174.47575066388845,31.25,34.79999999999984,"United Arab Emirates, AE",0.9941236,48685439
2026-09-20T10:53:43.681784+00:00,vast.ai,marketplace,RTX 3090,0.25425925925925924,1,24.0,44.3607604204072,174.47057994916162,31.25,376.0,"United Arab Emirates, AE",0.9932088,48405102
2026-09-20T10:53:43.681784+00:00,vast.ai,marketplace,Q RTX 8000,0.25425925925925924,1,45.0,11.59033456697642,45.5847098774018,47.22,71.57799750494411,"Indiana, US",0.9954757,24936692
2026-09-20T10:53:43.681784+00:00,vast.ai,marketplace,RTX PRO 4000,0.25425925925925924,1,23.89,65.7403190579597,258.5562439278823,62.88,7.0,"South Korea, KR",0.9966832,45704061
2026-09-20T10:53:43.681784+00:00,vast.ai,marketplace,RTX 5070 Ti,0.2547222222222222,1,15.92,75.77164559792735,297.4677471674356,23.46,390.0,"Romania, RO",0.9675799,51087812
2026-09-20T10:53:43.681784+00:00,vast.ai,marketplace,RTX 5070 Ti,0.25499999999999995,1,15.92,76.94662567616534,301.75147323986414,31.25,413.3,"Poland, PL",0.9960636,51153636
2026-09-20T10:53:43.681784+00:00,vast.ai,marketplace,Tesla V100,0.2613888888888889,1,32.0,25.71306491342886,98.37091784096056,94.32,1290.1160188003075,"Minnesota, US",0.9994626,44175690
2026-09-20T10:53:43.681784+00:00,vast.ai,marketplace,RTX 3090 Ti,0.26773148148148146,1,23.99,46.19913141285621,172.5577102745451,62.83,2800.0,"California, US",0.9945675,47726700
2026-09-20T10:53:43.681784+00:00,vast.ai,marketplace,RTX 2060S,0.26805555555555555,1,8.0,3.8761786839432335,14.460355712119835,23.4,2330.0,"California, US",0.9866892,50950849
2026-09-20T10:53:43.681784+00:00,vast.ai,marketplace,RTX 4080,0.26805555555555555,1,15.99,53.173518772770116,198.36753117302842,23.45,1485.0,"North Carolina, US",0.9969954,39750748
2026-09-20T10:53:43.681784+00:00,vast.ai,marketplace,Tesla V100,0.26805555555555555,1,32.0,25.71306491342886,95.92438724180714,125.94,559.070941306197,"Minnesota, US",0.9990826,42722539
2026-09-20T10:53:43.681784+00:00,vast.ai,marketplace,RTX 5070 Ti,0.26805555555555555,1,15.92,75.9402757413621,283.3005105377239,15.59,273.0,"South Korea, KR",0.9970979,50736268
2026-09-20T10:53:43.681784+00:00,vast.ai,marketplace,RTX 5070,0.26805555555555555,1,11.94,49.9000646564789,186.1556816200249,31.36,544.0,"Texas, US",0.9883216,49068011
2026-09-20T10:53:43.681784+00:00,vast.ai,marketplace,RTX 3090,0.2685185185185185,1,24.0,44.60161106848776,166.10255156540273,31.26,629.0,"Norway, NO",0.9978163,51723173
2026-09-20T10:53:43.681784+00:00,vast.ai,marketplace,RTX 3090,0.2685185185185185,1,24.0,44.258773212227524,164.82577610070942,31.36,322.325,"Norway, NO",0.9993492,50873686
2026-09-20T10:53:43.681784+00:00,vast.ai,marketplace,RTX 3090,0.2685185185185185,1,24.0,41.56081056711621,154.77819107753623,31.37,766.0,"Norway, NO",0.9948145,50370187
2026-09-20T10:53:43.681784+00:00,vast.ai,marketplace,RTX 3080 Ti,0.2685185185185185,1,12.0,33.967563237500705,126.49989067758885,31.41,685.0,"Florida, US",0.9844886,49921400
2026-09-20T10:53:43.681784+00:00,vast.ai,marketplace,RTX 3090,0.2689814814814815,1,24.0,44.33309556402823,164.8183931468175,83.84,898.0,"Ontario, CA",0.9973039,51727194
2026-09-20T10:53:43.681784+00:00,vast.ai,marketplace,RTX PRO 4000,0.2689814814814815,1,23.89,65.71634849707324,244.31551248481617,41.92,453.26666666666665,"France, FR",0.9943727,47658254
2026-09-20T10:53:43.681784+00:00,vast.ai,marketplace,RTX PRO 4000,0.2689814814814815,1,23.89,65.7403190579597,244.4046285115197,41.92,414.5,"Ontario, CA",0.9896636,44205407
2026-09-20T10:53:43.681784+00:00,vast.ai,marketplace,RTX 5060 Ti,0.2708333333333333,1,15.93,38.39646427068305,141.77156038406048,15.54,269.0,"Washington, US",0.993456,51336122
2026-09-20T10:53:43.681784+00:00,vast.ai,marketplace,RTX 3060,0.2712555555555555,1,12.0,12.274355410390498,45.25015307152521,15.73,181.875,"Czechia, CZ",0.9988222,46528536
2026-09-20T10:53:43.681784+00:00,vast.ai,marketplace,RTX 3090,0.2806592592592593,1,24.0,44.3607604204072,158.0591373948896,62.71,1464.0,"Japan, JP",0.998299,42785404
2026-09-20T10:53:43.681784+00:00,vast.ai,marketplace,RTX PRO 4000,0.2865740740740741,1,23.89,65.71634849707324,229.3171449978646,41.92,604.2285550132283,"North Carolina, US",0.9950116,49462097
2026-09-20T10:53:43.681784+00:00,vast.ai,marketplace,RTX PRO 4000,0.29338888888888887,1,23.89,66.87509557393984,227.940109890346,30.92,803.0,"Switzerland, CH",0.976716,51114264
2026-09-20T10:53:43.681784+00:00,vast.ai,marketplace,RTX 3090,0.29703703703703704,1,24.0,44.58564809506604,150.1013090482273,78.71,737.875,"Estonia, EE",0.9943697,50754491
2026-09-20T10:53:43.681784+00:00,vast.ai,marketplace,RTX 5080,0.3013888888888889,1,15.92,83.75362109645495,277.8921990297123,31.27,681.25,"Thailand, TH",0.9482301,51681594
2026-09-20T10:53:43.681784+00:00,vast.ai,marketplace,RTX 3090,0.3058518518518518,1,24.0,44.588311041742855,145.78401527331766,31.24,274.5,"Spain, ES",0.9931848,51708799
2026-09-20T10:53:43.681784+00:00,vast.ai,marketplace,RTX PRO 4000,0.30759259259259264,1,23.89,65.78825936944865,213.88115628839415,125.7,655.8000000000012,"Germany, DE",0.9951957,50042102
2026-09-20T10:53:43.681784+00:00,vast.ai,marketplace,L4,0.3213888888888889,1,22.49,25.314373969525715,78.7655542699158,31.32,332.5,"South Korea, KR",0.9843841,50457503
2026-09-20T10:53:43.681784+00:00,vast.ai,marketplace,L4,0.3232407407407408,1,22.49,25.306954203684622,78.29135073039069,25.12,245.86,"Utah, US",0.993594,49883396
2026-09-20T10:53:43.681784+00:00,vast.ai,marketplace,RTX 5070 Ti,0.32462962962962966,1,15.92,78.71009381053594,242.46121310718428,15.23,657.8713300793703,"Brazil, BR",0.9925503,51526910
2026-09-20T10:53:43.681784+00:00,vast.ai,marketplace,L4,0.33425925925925926,1,22.49,25.321792081050233,75.75494583804502,62.75,474.0,"Czechia, CZ",0.9987885,35835963
2026-09-20T10:53:43.681784+00:00,vast.ai,marketplace,RTX 3090,0.3347222222222222,1,24.0,44.3633895822079,132.53792738252983,125.87,308.5,"Nevada, US",0.980114,51607944
2026-09-20T10:53:43.681784+00:00,vast.ai,marketplace,L4,0.3347222222222222,1,22.49,25.32920853949707,75.67232426737715,47.14,354.5,"Czechia, CZ",0.9976299,49498409
2026-09-20T10:53:43.681784+00:00,vast.ai,marketplace,Tesla V100,0.3347222222222222,1,32.0,25.71306491342886,76.81911509406133,94.32,1350.625,"Minnesota, US",0.9995807,38405402
2026-09-20T10:53:43.681784+00:00,vast.ai,marketplace,RTX 5070 Ti,0.3347222222222222,1,15.92,75.95375398861009,226.91577955103432,15.59,359.0,"South Korea, KR",0.9982331,51264935
2026-09-20T10:53:43.681784+00:00,vast.ai,marketplace,RTX 5060 Ti,0.3347222222222222,1,15.93,38.430594481871786,114.8133943026875,41.92,474.0,"Texas, US",0.994602,50294985
2026-09-20T10:53:43.681784+00:00,vast.ai,marketplace,RTX 5060 Ti,0.3347222222222222,1,15.93,38.51757485197853,115.07325266981138,62.88,691.5,"Texas, US",0.9963198,51483444
2026-09-20T10:53:43.681784+00:00,vast.ai,marketplace,RTX 5060 Ti,0.3347222222222222,1,15.93,38.873669107392224,116.13710272747885,124.44,255.79724445390278,"Texas, US",0.9947268,49701017
2026-09-20T10:53:43.681784+00:00,vast.ai,marketplace,RTX PRO 4500,0.3347222222222222,1,31.86,96.64639383526536,288.73611436261854,46.87,502.56014989761957,"India, IN",0.9912807,51603503
2026-09-20T10:53:43.681784+00:00,vast.ai,marketplace,RTX 5080,0.33518518518518514,1,15.92,83.7949730389369,249.99605216036426,30.95,771.6,"Ontario, CA",0.9390167,51362961
2026-09-20T10:53:43.681784+00:00,vast.ai,marketplace,RTX PRO 4000,0.33564814814814814,1,23.89,65.75230423708362,195.89652020979398,62.88,711.3545330620309,"Norway, NO",0.9959937,50471998
2026-09-20T10:53:43.681784+00:00,vast.ai,marketplace,RTX 3090,0.33796296296296297,1,24.0,37.18126132427418,110.01578693209895,31.33,654.0,"Thailand, TH",0.993147,50052615
2026-09-20T10:53:43.681784+00:00,vast.ai,marketplace,RTX 3090,0.33796296296296297,1,24.0,43.59611960157136,128.99673745122485,31.33,177.5,"Thailand, TH",0.9831965,50130170
2026-09-20T10:53:43.681784+00:00,vast.ai,marketplace,RTX 4500Ada,0.34027777777777773,1,23.99,40.42548589152466,118.80142792611329,23.34,111.5,"France, FR",0.9889049,51136774
2026-09-20T10:53:43.681784+00:00,vast.ai,marketplace,RTX 3090,0.3467222222222222,1,24.0,44.59097300724927,128.60719662401647,62.82,550.0,"Thailand, TH",0.994443,44730078
2026-09-20T10:53:43.681784+00:00,vast.ai,marketplace,RTX 3090,0.3475925925925926,1,24.0,49.03577015114963,141.0725406586084,94.29,107.0,"Latvia, LV",0.9924268,51303729
2026-09-20T10:53:43.681784+00:00,vast.ai,marketplace,L4,0.34805555555555556,1,22.49,25.321792081050233,72.75215601897912,62.75,638.5,"Czechia, CZ",0.9622676,50594982
2026-09-20T10:53:43.681784+00:00,vast.ai,marketplace,RTX 3090,0.3485185185185185,1,24.0,44.84837490551634,128.6829035546165,31.13,1361.5,"The Netherlands, NL",0.9967783,50356202
2026-09-20T10:53:43.681784+00:00,vast.ai,marketplace,RTX 3090,0.34990740740740744,1,24.0,44.8295693832809,128.1183777029462,41.97,122.33333333333333,"Spain, ES",0.9978912,37930669
2026-09-20T10:53:43.681784+00:00,vast.ai,marketplace,RTX 5080,0.360925925925926,1,15.92,84.16767371014058,233.19930119792664,30.2,1607.8,"Minnesota, US",0.9946919,51178628
2026-09-20T10:53:43.681784+00:00,vast.ai,marketplace,RTX 3090,0.3615740740740741,1,24.0,44.83494732894469,123.99934216455894,125.92,686.75,"Slovakia, SK",0.9948205,51240127
2026-09-20T10:53:43.681784+00:00,vast.ai,marketplace,RTX PRO 4000,0.36185185185185187,1,23.89,65.77627439280556,181.7768074314995,31.34,1260.0,"Michigan, US",0.9201549,51671428
2026-09-20T10:53:43.681784+00:00,vast.ai,marketplace,RTX 4060 Ti,0.37472222222222223,1,16.0,22.498867868639216,60.04145613573104,125.61,3135.5,"Taiwan, TW",0.998711,51299171
2026-09-20T10:53:43.681784+00:00,vast.ai,marketplace,RTX 4090,0.3793518518518519,1,23.99,96.89408947475563,255.42010405842342,31.46,140.47500000000002,", US",0.9981128,40912232
2026-09-20T10:53:43.681784+00:00,vast.ai,marketplace,RTX 4090,0.38138888888888883,1,23.99,100.61828660432327,263.820707775356,46.99,1626.7,"Romania, RO",0.9971047,51575138
2026-09-20T10:53:43.681784+00:00,vast.ai,marketplace,RTX 4090,0.39964814814814814,1,23.99,97.5260842368299,244.0298664931567,50.37,280.54573935926595,"Vietnam, VN",0.9270726,51696483
2026-09-20T10:53:43.681784+00:00,vast.ai,marketplace,RTX A2000,0.40064814814814814,1,5.99,8.571454280923234,21.393969547947986,251.52,6483.0,"British Columbia, CA",0.9932652,51170475
2026-09-20T10:53:43.681784+00:00,vast.ai,marketplace,RTX 4090,0.40138888888888885,1,23.99,97.39937503044274,242.6558824287847,47.14,240.77499999999998,"France, FR",0.9826674,43574919
2026-09-20T10:53:43.681784+00:00,vast.ai,marketplace,RTX 3090,0.4018518518518518,1,24.0,44.60559630349915,111.00010140041265,30.41,475.0,"Texas, US",0.9978521,51359600
2026-09-20T10:53:43.681784+00:00,vast.ai,marketplace,RTX 4080S,0.4023148148148148,1,15.99,55.65295326430979,138.33185161209337,83.84,354.66666666666663,"Norway, NO",0.9958872,10764195
2026-09-20T10:53:43.681784+00:00,vast.ai,marketplace,CMP 170HX,0.4041666666666666,1,64.0,92.04541549407261,227.74123421213847,83.82,719.0,"Ontario, CA",0.9787856,51134028
2026-09-20T10:53:43.681784+00:00,vast.ai,marketplace,RTX 4090,0.4060185185185185,1,23.99,96.91506561246896,238.69617072170237,35.96,353.5142857142857,"United States, US",0.9961339,41890591
2026-09-20T10:53:43.681784+00:00,vast.ai,marketplace,RTX 2060,0.4069444444444444,1,6.0,3.2250940862119757,7.925145877380965,7.71,8.000000000002728,"Vietnam, VN",0.995204,21712215
2026-09-20T10:53:43.681784+00:00,vast.ai,marketplace,RTX 4090,0.4280555555555556,1,23.99,98.5823438804233,230.30268524952876,62.83,617.35,"Sweden, SE",0.9988256,29357619
2026-09-20T10:53:43.681784+00:00,vast.ai,marketplace,RTX 4090,0.4280555555555556,1,23.99,98.5823438804233,230.30268524952876,31.34,1451.5,"Brazil, BR",0.9860709,29055242
2026-09-20T10:53:43.681784+00:00,vast.ai,marketplace,RTX 4090,0.4298148148148148,1,23.99,97.04783583155114,225.7898808661681,39.26,752.175,"Estonia, EE",0.9938067,34926590
2026-09-20T10:53:43.681784+00:00,vast.ai,marketplace,RTX 4090,0.44092592592592594,1,23.99,97.02688113311575,220.05256535859934,83.85,272.91367881490874,"South Korea, KR",0.987656,44003622
2026-09-20T10:53:43.681784+00:00,vast.ai,marketplace,RTX 4090,0.44092592592592594,1,23.99,97.56828129557074,221.28043636962704,62.89,708.254852656631,"Norway, NO",0.9654008,51305081
2026-09-20T10:53:43.681784+00:00,vast.ai,marketplace,A100 SXM4,0.4413888888888889,1,40.0,95.38593119427756,216.10406060377548,62.96,296.45000000000005,"California, US",0.9876395,50441073
2026-09-20T10:53:43.681784+00:00,vast.ai,marketplace,A100 PCIE,0.44277777777777777,1,40.0,95.23503854076476,215.08540699294426,94.29,382.0,"California, US",0.9901621,51163387
2026-09-20T10:53:43.681784+00:00,vast.ai,marketplace,RTX 5090,0.44601851851851854,1,31.84,191.43156937183124,429.2009444085068,62.96,319.10511569339707,"United States, US",0.9866273,49140892
2026-09-20T10:53:43.681784+00:00,vast.ai,marketplace,RTX 5090,0.44601851851851854,1,31.84,170.22186526484847,381.6475285157491,31.46,306.1813930038254,"United States, US",0.9894757,43165154
2026-09-20T10:53:43.681784+00:00,vast.ai,marketplace,RTX 4090,0.4554166666666667,1,23.99,85.42555012416848,187.5766882872867,31.35,42.5,"Montana, US",0.9987526,45982651
2026-09-20T10:53:43.681784+00:00,vast.ai,marketplace,RTX 3090,0.4629259259259259,1,24.0,44.36733150764498,95.84110334478073,41.92,157.0,"Czechia, CZ",0.9692764,18811408
2026-09-20T10:53:43.681784+00:00,vast.ai,marketplace,RTX 3090,0.4629259259259259,1,24.0,42.22944146946539,91.22289140535769,20.94,135.37289267345733,"Czechia, CZ",0.9940726,31013675
2026-09-20T10:53:43.681784+00:00,vast.ai,marketplace,RTX 4090,0.46672222222222226,1,23.99,89.26251822620299,191.2540564303837,70.65,1508.8000000000002,"Thailand, TH",0.9972904,36762817
2026-09-20T10:53:43.681784+00:00,vast.ai,marketplace,RTX 4090,0.46672222222222226,1,23.99,96.27727135273983,206.283881008132,47.03,1256.4,"Thailand, TH",0.9979394,49009161
2026-09-20T10:53:43.681784+00:00,vast.ai,marketplace,RTX 5000Ada,0.46759259259259256,1,31.99,64.16402846424558,137.22208067601034,62.85,1675.8,"Minnesota, US",0.9359802,51357842
2026-09-20T10:53:43.681784+00:00,vast.ai,marketplace,RTX 5000Ada,0.4680555555555555,1,31.99,64.21976269092461,137.20542770761344,125.88,1328.2500000000002,"Japan, JP",0.9988757,50008897
2026-09-20T10:53:43.681784+00:00,vast.ai,marketplace,RTX 4070,0.4680555555555555,1,11.99,33.657026942060945,71.90818812547147,62.85,762.5,"California, US",0.9984876,51377939
2026-09-20T10:53:43.681784+00:00,vast.ai,marketplace,RTX 4090,0.4680555555555555,1,23.99,97.60412622931952,208.5310708756975,62.96,649.5,"Oregon, US",0.9912684,50629589
2026-09-20T10:53:43.681784+00:00,vast.ai,marketplace,RTX 4090,0.4680555555555555,1,23.99,61.519482949991776,131.4362840474602,31.34,485.0,"Romania, RO",0.9902346,48644508
2026-09-20T10:53:43.681784+00:00,vast.ai,marketplace,RTX 4090,0.4680555555555555,1,23.99,93.63883188009297,200.059225381801,75.52,281.8,"Taiwan, TW",0.9718944,50113438
2026-09-20T10:53:43.681784+00:00,vast.ai,marketplace,RTX 4090,0.4680555555555555,1,23.99,97.0408513074653,207.32763484087545,94.41,245.6375000000001,"Taiwan, TW",0.9975075,50987220
2026-09-20T10:53:43.681784+00:00,vast.ai,marketplace,RTX 3090,0.4680568888888889,1,24.0,44.83897819337376,95.79813748669768,94.25,1411.0,"Oklahoma, US",0.9869684,47335235
2026-09-20T10:53:43.681784+00:00,vast.ai,marketplace,RTX 3090,0.4680568888888889,1,24.0,44.883737289141095,95.89376495598584,31.18,597.0,"Oklahoma, US",0.9352695,51065387
2026-09-20T10:53:43.681784+00:00,vast.ai,marketplace,RTX A6000,0.4683796296296296,1,47.99,54.47221465859,116.29928206242404,94.47,326.0,"Virginia, US",0.9976201,51734304
2026-09-20T10:53:43.681784+00:00,vast.ai,marketplace,RTX 5090,0.4694444444444444,1,31.84,199.1658227601433,424.2585573588852,93.38,1025.0,"Japan, JP",0.9957025,46462197
2026-09-20T10:53:43.681784+00:00,vast.ai,marketplace,RTX A6000,0.4699074074074074,1,47.99,54.43684434528708,115.84589535548778,125.78,645.5,"Finland, FI",0.9881655,50075566
2026-09-20T10:53:43.681784+00:00,vast.ai,marketplace,RTX 3090 Ti,0.4699074074074074,1,23.99,46.42667652456816,98.79962688972141,62.89,618.25,"Thailand, TH",0.9841245,51694072
2026-09-20T10:53:43.681784+00:00,vast.ai,marketplace,RTX 4090,0.4699074074074074,1,23.99,97.21264511024168,206.8761708749971,39.26,334.4070342026698,"Estonia, EE",0.9910851,45147853
2026-09-20T10:53:43.681784+00:00,vast.ai,marketplace,RTX 5090,0.4703703703703703,1,31.84,188.79609670620817,401.37752843052135,62.96,286.625,"California, US",0.9578249,51675980
2026-09-20T10:53:43.681784+00:00,vast.ai,marketplace,RTX PRO 4500,0.47129629629629627,1,31.86,96.51433412872171,204.78483469355493,60.38,1540.0,"California, US",0.9899662,49487024
2026-09-20T10:53:43.681784+00:00,vast.ai,marketplace,RTX 4090,0.47516296296296295,1,23.99,97.22664564941427,204.61747490406296,62.57,1535.0,"Illinois, US",0.9786364,49938990
2026-09-20T10:53:43.681784+00:00,vast.ai,marketplace,RTX 4090,0.480462962962963,1,23.99,98.53401258317717,205.08139061443697,125.96,1362.9972590729872,"Pennsylvania, US",0.998346,50454636
2026-09-20T10:53:43.681784+00:00,vast.ai,marketplace,RTX 4090,0.4806481481481482,1,23.99,97.04783583155114,201.91035002518825,83.92,803.1833333333335,"Pennsylvania, US",0.9921523,51066983
2026-09-20T10:53:43.681784+00:00,vast.ai,marketplace,RTX 4090,0.4813888888888889,1,23.99,98.38891289686343,204.38550861437295,62.96,566.5,"Hong Kong, HK",0.9991552,39184681
2026-09-20T10:53:43.681784+00:00,vast.ai,marketplace,RTX 4090,0.482312881960454,1,23.99,97.0408513074653,201.1989622027593,93.94,685.5,"Sweden, SE",0.99015,49028154
2026-09-20T10:53:43.681784+00:00,vast.ai,marketplace,RTX 5090,0.48601851851851857,1,31.84,199.4799314830379,410.4368946498017,62.88,691.5,"Beijing, CN",0.9894053,50041016
2026-09-20T10:53:43.681784+00:00,vast.ai,marketplace,RTX 5090,0.48601851851851857,1,31.84,198.8718155025101,409.1856748765686,31.41,688.0,"Beijing, CN",0.9833873,50228941
2026-09-20T10:53:43.681784+00:00,vast.ai,marketplace,RTX 5090,0.48601851851851857,1,31.84,199.14606910785832,409.7499612049666,62.88,627.25,"California, US",0.9839752,49837277
2026-09-20T10:53:43.681784+00:00,vast.ai,marketplace,RTX 4090,0.49499999999999994,1,23.99,97.7310513696193,197.43646741337233,46.84,457.0,"Puerto Rico, PR",0.9771009,51380702
2026-09-20T10:53:43.681784+00:00,vast.ai,marketplace,RTX A6000,0.49981481481481477,1,47.99,54.460437196079866,108.96123040342027,94.28,765.0,"Arizona, US",0.9865767,50463871
2026-09-20T10:53:43.681784+00:00,vast.ai,marketplace,RTX A6000,0.49981481481481477,1,47.99,54.47221465859,108.98479405571916,94.28,405.0,"Arizona, US",0.987515,50463875
2026-09-20T10:53:43.681784+00:00,vast.ai,marketplace,RTX 5090,0.5040555555555556,1,31.84,139.62471751785824,277.00263587803903,31.39,161.5,"Romania, RO",0.9865096,48219167
2026-09-20T10:53:43.681784+00:00,vast.ai,marketplace,RTX 4090,0.5069999999999999,1,23.99,99.99726244154716,197.23325925354473,93.02,1637.0,"Brazil, BR",0.9485431,50679602
2026-09-20T10:53:43.681784+00:00,vast.ai,marketplace,RTX 4090,0.5075925925925925,1,23.99,98.52020040658607,194.09306172767782,62.94,615.25,"Quebec, CA",0.9952366,29761281
2026-09-20T10:53:43.681784+00:00,vast.ai,marketplace,RTX 4090,0.5075925925925925,1,23.99,98.91842411994207,194.87759585833174,62.96,1145.875,"Quebec, CA",0.8913137,29790068
2026-09-20T10:53:43.681784+00:00,vast.ai,marketplace,RTX 5090,0.5075925925925925,1,31.84,57.78523890005505,113.84176944921464,62.96,217.5170175232869,"United States, US",0.9868781,49971943
2026-09-20T10:53:43.681784+00:00,vast.ai,marketplace,RTX 5090,0.5075925925925925,1,31.84,52.785837749274705,103.99252967752042,62.96,286.875,"United States, US",0.987974,51012185
2026-09-20T10:53:43.681784+00:00,vast.ai,marketplace,RTX 5090,0.5075925925925925,1,31.84,78.63260863949945,154.91283715917444,62.96,258.2375,"United States, US",0.9881144,49872947
2026-09-20T10:53:43.681784+00:00,vast.ai,marketplace,RTX 4090,0.5080555555555555,1,23.99,98.75072172210584,194.3699279385353,83.92,573.2834625134138,"Taiwan, TW",0.9929315,40583611
2026-09-20T10:53:43.681784+00:00,vast.ai,marketplace,RTX 3090,0.5085259259259257,1,24.0,44.3607604204072,87.23401926781803,31.45,337.25,"Czechia, CZ",0.9934263,30293573
2026-09-20T10:53:43.681784+00:00,vast.ai,marketplace,RTX 3090,0.5085259259259257,1,24.0,44.362075122503484,87.236604587522,25.15,880.0,"Czechia, CZ",0.9809045,30717203
2026-09-20T10:53:43.681784+00:00,vast.ai,marketplace,CMP 170HX,0.5094444444444444,1,40.0,61.4764098273585,120.67343259459686,41.93,531.4616666666666,"Florida, US",0.987095,51529091
2026-09-20T10:53:43.681784+00:00,vast.ai,marketplace,RTX 5090,0.5094444444444444,1,31.84,161.87871045101383,317.7553749311068,62.96,282.975,"California, US",0.9936879,51659874
2026-09-20T10:53:43.681784+00:00,vast.ai,marketplace,RTX 3090,0.5156481481481481,1,24.0,44.36470379958797,86.03677519043816,83.87,130.0,"Quebec, CA",0.99827,51143667
2026-09-20T10:53:43.681784+00:00,vast.ai,marketplace,RTX 4090,0.5213888888888889,1,23.99,93.430050512279,179.19455612371038,83.97,147.41666666666666,"Texas, US",0.9889602,44533568
2026-09-20T10:53:43.681784+00:00,vast.ai,marketplace,A100 SXM4,0.5342592592592592,1,40.0,92.26732733914895,172.7014099242303,31.34,543.4,"New York, US",0.8460784,50943248
2026-09-20T10:53:43.681784+00:00,vast.ai,marketplace,RTX 4070S Ti,0.5347222222222222,1,15.99,51.30009333364665,95.93783688370283,62.85,761.5,"California, US",0.998523,51378006
2026-09-20T10:53:43.681784+00:00,vast.ai,marketplace,RTX 4500Ada,0.5347222222222222,1,23.99,40.61081274515178,75.94749396495918,125.84,795.5,"France, FR",0.8886851,50798655
2026-09-20T10:53:43.681784+00:00,vast.ai,marketplace,A100 SXM4,0.5347222222222222,1,40.0,68.27386145933951,127.68098766421936,83.46,20.0,"Japan, JP",0.9971662,51730967
2026-09-20T10:53:43.681784+00:00,vast.ai,marketplace,RTX 4090,0.5347222222222222,1,23.99,97.21964556817686,181.8133631404866,125.88,1281.7,"Arizona, US",0.9920787,50859187
2026-09-20T10:53:43.681784+00:00,vast.ai,marketplace,CMP 170HX,0.5347222222222222,1,64.0,84.41509075469855,157.86718271008561,62.71,196.0,"Portugal, PT",0.981427,51218042
2026-09-20T10:53:43.681784+00:00,vast.ai,marketplace,RTX 4090,0.5356481481481481,1,23.99,97.56828129557074,182.1499460660612,31.25,1524.0,"North Macedonia, MK",0.9278788,49570424
2026-09-20T10:53:43.681784+00:00,vast.ai,marketplace,RTX 5090,0.5356481481481481,1,31.84,199.0404088531943,371.587971584183,30.47,565.0,"South Korea, KR",0.9976869,45669052
2026-09-20T10:53:43.681784+00:00,vast.ai,marketplace,RTX 5090,0.5356481481481481,1,31.84,199.1724839251176,371.83454215925155,30.47,463.0,"South Korea, KR",0.9926645,48989870
2026-09-20T10:53:43.681784+00:00,vast.ai,marketplace,RTX 5090,0.5356481481481481,1,31.84,194.17739677139963,362.5092281989829,30.47,525.0,"South Korea, KR",0.9979462,45669280
2026-09-20T10:53:43.681784+00:00,vast.ai,marketplace,RTX 5090,0.5356481481481481,1,31.84,193.9974146002036,362.1732199969229,30.47,432.0,"South Korea, KR",0.9957665,48989701
2026-09-20T10:53:43.681784+00:00,vast.ai,marketplace,A100 SXM4,0.5361111111111111,1,40.0,95.42581855547405,177.99634549207596,109.9,1302.1000000000001,"United States, US",0.9384029,51129068
2026-09-20T10:53:43.681784+00:00,vast.ai,marketplace,RTX 4090,0.5361111111111111,1,23.99,96.71915619286702,180.40878875353434,62.74,1581.0,"Wisconsin, US",0.9924768,51365776
2026-09-20T10:53:43.681784+00:00,vast.ai,marketplace,RTX 5090,0.537037037037037,1,31.84,198.90833131532042,370.3810307250794,62.91,1086.2,"Estonia, EE",0.9849663,28375621
2026-09-20T10:53:43.681784+00:00,vast.ai,marketplace,RTX 5090,0.5607407407407408,1,31.84,199.30455653422746,355.4308471878561,60.43,638.2613280324877,"Spain, ES",0.6965672,49972514
2026-09-20T10:53:43.681784+00:00,vast.ai,marketplace,RTX A6000,0.5614814814814816,1,47.99,54.432119695812226,96.94374879861014,62.48,911.0,"France, FR",0.9721785,47952535
2026-09-20T10:53:43.681784+00:00,vast.ai,marketplace,RTX 3090,0.5649259259259258,1,24.0,44.25823806517881,78.34343589850049,31.43,222.0,"Czechia, CZ",0.9982153,20130144
2026-09-20T10:53:43.681784+00:00,vast.ai,marketplace,RTX 5090,0.5747222222222222,1,31.84,198.53850106364737,345.45123433017426,55.01,219.40625,"South Korea, KR",0.9643688,50615747
2026-09-20T10:53:43.681784+00:00,vast.ai,marketplace,RTX 5090,0.5880555555555556,1,31.84,203.57005590527484,346.1748706939015,62.63,810.0,"South Korea, KR",0.9209017,51455647
2026-09-20T10:53:43.681784+00:00,vast.ai,marketplace,RTX 5090,0.6009259259259259,1,31.84,198.41962293177212,330.1898193625792,62.62,1517.0,"South Korea, KR",0.9990224,36263957
2026-09-20T10:53:43.681784+00:00,vast.ai,marketplace,RTX 5090,0.6009259259259259,1,31.84,199.23852053732833,331.55254573238,62.63,854.0,"South Korea, KR",0.9625162,48827544
2026-09-20T10:53:43.681784+00:00,vast.ai,marketplace,RTX 5070 Ti,0.601111111111111,1,15.92,70.87092427782089,117.8998740296466,31.0,783.0,"Spain, ES",0.9885573,51724767
2026-09-20T10:53:43.681784+00:00,vast.ai,marketplace,RTX 4090,0.6013888888888889,1,23.99,97.56828129557074,162.23825065314304,62.93,290.225,"Denmark, DK",0.9966307,51634553
2026-09-20T10:53:43.681784+00:00,vast.ai,marketplace,RTX 5090,0.6013888888888889,1,31.84,198.7828499877411,330.53961198885355,31.44,224.125,", CN",0.9971199,41974053
2026-09-20T10:53:43.681784+00:00,vast.ai,marketplace,RTX 5090,0.6013888888888889,1,31.84,199.00687959476414,330.9121323515709,30.44,3212.9,"France, FR",0.784446,48509241
2026-09-20T10:53:43.681784+00:00,vast.ai,marketplace,RTX 5090,0.6013888888888889,1,31.84,181.6106245399343,301.98533410797387,62.93,618.875,"Michigan, US",0.9875055,50849757
2026-09-20T10:53:43.681784+00:00,vast.ai,marketplace,RTX 4090,0.602037037037037,1,23.99,97.41884382554863,161.8153665512035,125.88,577.9250000000001,"Denmark, DK",0.9991382,51634470
2026-09-20T10:53:43.681784+00:00,vast.ai,marketplace,RTX A6000,0.6023148148148147,1,47.99,54.425028915841274,90.35977129763042,47.19,249.20000000000005,"Romania, RO",0.9936741,51092053
2026-09-20T10:53:43.681784+00:00,vast.ai,marketplace,RTX A6000,0.6023148148148147,1,47.99,54.469860175908345,90.43420290542817,47.2,112.875,"Romania, RO",0.9764457,51222176
2026-09-20T10:53:43.681784+00:00,vast.ai,marketplace,RTX 6000Ada,0.6041666666666666,1,47.99,117.08015900203993,193.7878493826868,83.92,804.0,"Estonia, EE",0.9922325,35415085
2026-09-20T10:53:43.681784+00:00,vast.ai,marketplace,GTX 1660 Ti,0.6069444444444444,1,6.0,2.4740447784639805,4.076229383281616,7.7,679.4000000000026,"Vietnam, VN",0.9912967,33521707
2026-09-20T10:53:43.681784+00:00,vast.ai,marketplace,RTX 4090,0.6156481481481482,1,23.99,97.01290945668947,157.578496335125,23.48,765.65,"Denmark, DK",0.9862642,50300637
2026-09-20T10:53:43.681784+00:00,vast.ai,marketplace,RTX 5090,0.6294444444444444,1,31.84,199.26468538482564,316.5723157040478,61.91,662.0,"Chile, CL",0.9803286,51715783
2026-09-20T10:53:43.681784+00:00,vast.ai,marketplace,RTX 5090,0.6335925925925925,1,31.84,184.7639186259626,291.61312929800613,47.05,736.0,"Taiwan, TW",0.9942582,49803433
2026-09-20T10:53:43.681784+00:00,vast.ai,marketplace,RTX 5090,0.6433333333333333,1,31.84,199.4234197793093,309.9845903305326,62.92,228.75000000000006,"Pennsylvania, US",0.8686196,51063777
2026-09-20T10:53:43.681784+00:00,vast.ai,marketplace,RTX 4090,0.6551851851851852,1,23.99,97.22664564941427,148.39567170911164,62.38,2595.7,"India, IN",0.9981929,48116846
2026-09-20T10:53:43.681784+00:00,vast.ai,marketplace,RTX 5090,0.6587777777777778,1,31.84,198.9017058181739,301.9253419402201,250.48,1236.2589162599213,"Italy, IT",0.9813058,51191434
2026-09-20T10:53:43.681784+00:00,vast.ai,marketplace,RTX 5080,0.6671851851851852,1,15.92,83.97920174284016,125.8709030230201,31.26,1545.0,"Florida, US",0.9508798,51664155
2026-09-20T10:53:43.681784+00:00,vast.ai,marketplace,RTX 4090,0.6680555555555555,1,23.99,97.53355877628013,145.99617945721766,31.3,6345.0,"Taiwan, TW",0.9994131,34387546
2026-09-20T10:53:43.681784+00:00,vast.ai,marketplace,RTX 4090,0.6680555555555555,1,23.99,96.845131956058,144.96568608807019,46.96,347.0,"Texas, US",0.9896469,50685738
2026-09-20T10:53:43.681784+00:00,vast.ai,marketplace,RTX 5090,0.6680555555555555,1,31.84,199.45349277359838,298.5582428211868,44.83,902.0,"France, FR",0.9318047,51560712
2026-09-20T10:53:43.681784+00:00,vast.ai,marketplace,RTX 5090,0.6680555555555555,1,31.84,199.26468538482564,298.27562053445837,45.92,641.0,"Puerto Rico, PR",0.9954665,44457595
2026-09-20T10:53:43.681784+00:00,vast.ai,marketplace,RTX 5090,0.6680555555555555,1,31.84,199.1986310886011,298.17674508065033,125.07,2868.0,"Nevada, US",0.8341404,50859406
2026-09-20T10:53:43.681784+00:00,vast.ai,marketplace,RTX 5090,0.6680555555555555,1,31.84,198.7828499877411,297.55437004401995,62.82,619.25,"Pennsylvania, US",0.9929809,50103207
2026-09-20T10:53:43.681784+00:00,vast.ai,marketplace,RTX 5090,0.6680555555555555,1,31.84,198.1753334501896,296.6449897799096,251.84,1530.0,"Texas, US",0.9895738,29319880
2026-09-20T10:53:43.681784+00:00,vast.ai,marketplace,RTX PRO 5000,0.6680555555555555,1,47.79,165.56050517975865,247.82445681793396,62.73,474.0,"Slovakia, SK",0.9953311,47409124
2026-09-20T10:53:43.681784+00:00,vast.ai,marketplace,RTX PRO 5000,0.6680555555555555,1,47.79,165.79811627930894,248.18013247630446,68.33,1085.0,"California, US",0.9935944,49725394
2026-09-20T10:53:43.681784+00:00,vast.ai,marketplace,RTX PRO 5000,0.6684722222222221,1,47.79,165.66384565755752,247.82457692383426,125.88,619.0,"Maryland, US",0.9977231,46754493
2026-09-20T10:53:43.681784+00:00,vast.ai,marketplace,RTX 4090,0.6685185185185185,1,23.99,98.10516356416889,146.7501061624687,35.93,392.57142857142856,"Norway, NO",0.9951675,51723098
2026-09-20T10:53:43.681784+00:00,vast.ai,marketplace,RTX 4090,0.6685185185185185,1,23.99,96.65612230524633,144.58256522114408,62.87,249.0,"Norway, NO",0.9975339,51724545
2026-09-20T10:53:43.681784+00:00,vast.ai,marketplace,RTX 5880Ada,0.6689814814814814,1,47.99,106.80144603492788,159.64783628750467,125.96,629.6039616583002,"United Kingdom, GB",0.9977353,44120927
2026-09-20T10:53:43.681784+00:00,vast.ai,marketplace,RTX 3090,0.6694444444444444,1,24.0,44.3476000530206,66.2453776725619,125.72,1067.0,"Italy, IT",0.9818613,50732956
2026-09-20T10:53:43.681784+00:00,vast.ai,marketplace,RTX 4090,0.6694444444444444,1,47.99,125.52787378962786,187.5105168641744,251.91,505.0,"Texas, US",0.9984309,46640478
2026-09-20T10:53:43.681784+00:00,vast.ai,marketplace,A100 SXM4,0.6699074074074074,1,40.0,95.33832628015331,142.31567710098906,62.96,177.125,"Mississippi, US",0.8278401,51341850
2026-09-20T10:53:43.681784+00:00,vast.ai,marketplace,RTX 5090,0.6699074074074074,1,31.84,199.26493500990347,297.45145792770666,62.95,336.4871388456837,"North Carolina, US",0.9943687,36439830
2026-09-20T10:53:43.681784+00:00,vast.ai,marketplace,RTX 5090,0.6699074074074074,1,31.84,199.11965419206146,297.2345909155859,70.8,627.5,"North Carolina, US",0.8414218,33657246
2026-09-20T10:53:43.681784+00:00,vast.ai,marketplace,RTX 6000Ada,0.6703703703703703,1,47.99,113.14194040285908,168.77527021420968,117.9,882.0,"California, US",0.9424799,50926699
2026-09-20T10:53:43.681784+00:00,vast.ai,marketplace,RTX 6000Ada,0.6703703703703703,1,47.99,113.11336894069257,168.73264980103312,117.9,646.0,"California, US",0.9979411,51572668
2026-09-20T10:53:43.681784+00:00,vast.ai,marketplace,RTX 5090,0.6708333333333333,1,31.84,198.69659811490015,296.1936866309071,163.73,1019.98,"Estonia, EE",0.982099,50584162
2026-09-20T10:53:43.681784+00:00,vast.ai,marketplace,RTX 5090,0.6712962962962963,1,31.84,199.4931507997938,297.1760039500377,60.53,1576.0,"Washington, US",0.9838075,50516863
2026-09-20T10:53:43.681784+00:00,vast.ai,marketplace,GTX 1660,0.673611111111111,1,6.0,2.316471688407048,3.4388858054702576,7.71,669.4000000000026,"Vietnam, VN",0.9919598,33521216
2026-09-20T10:53:43.681784+00:00,vast.ai,marketplace,RTX 6000Ada,0.6946296296296297,1,47.99,113.09431825194905,162.81240164236866,94.21,1663.0,"Oklahoma, US",0.99398,50293333
2026-09-20T10:53:43.681784+00:00,vast.ai,marketplace,RTX 4090,0.6951851851851852,1,23.99,97.39078210772227,140.09329338883865,125.71,794.0,"New York, US",0.9940372,47039615
2026-09-20T10:53:43.681784+00:00,vast.ai,marketplace,RTX 4090,0.721388888888889,1,47.99,125.60711093381336,174.11844411310284,125.72,2110.0,"California, US",0.9945194,48073424
2026-09-20T10:53:43.681784+00:00,vast.ai,marketplace,RTX 5090,0.721388888888889,1,31.84,198.85549960900101,275.65644920770256,62.96,649.0635632491599,"Czechia, CZ",0.9966897,46907781
2026-09-20T10:53:43.681784+00:00,vast.ai,marketplace,RTX 4090,0.7227777777777779,1,23.99,97.06878715236337,134.29962865046429,62.82,1630.35,"South Africa, ZA",0.9935355,51484458
2026-09-20T10:53:43.681784+00:00,vast.ai,marketplace,RTX 4090,0.722779111111111,1,23.99,97.24764363369964,134.54683753132153,31.32,1471.5,"South Africa, ZA",0.990737,51484528
2026-09-20T10:53:43.681784+00:00,vast.ai,marketplace,A100 SXM4,0.7342592592592593,1,40.0,85.28068968717041,116.14520159160661,62.96,2601.9222624270938,"Slovenia, SI",0.9990495,36878329
2026-09-20T10:53:43.681784+00:00,vast.ai,marketplace,RTX 6000Ada,0.7342592592592593,1,47.99,116.95019911679657,159.2764376369991,251.94,96.375,"Taiwan, TW",0.998769,26051042
2026-09-20T10:53:43.681784+00:00,vast.ai,marketplace,RTX 5090,0.7344907407407408,1,31.84,198.77625130835352,270.6313916331822,62.9,1530.75,"New Jersey, US",0.9868208,49746317
2026-09-20T10:53:43.681784+00:00,vast.ai,marketplace,RTX 5090,0.7344907407407408,1,31.84,198.80266750742538,270.66735695936893,125.9,651.75,"New Jersey, US",0.9901397,45907548
2026-09-20T10:53:43.681784+00:00,vast.ai,marketplace,RTX 4090,0.7347222222222223,1,47.99,125.63351506493366,170.99457626985298,125.72,1779.0,"California, US",0.9977714,48274190
2026-09-20T10:53:43.681784+00:00,vast.ai,marketplace,RTX 4090,0.7347222222222223,1,23.99,97.0408513074653,132.0782853334121,125.88,509.5,"Washington, US",0.9991114,51362248
2026-09-20T10:53:43.681784+00:00,vast.ai,marketplace,RTX PRO 5000,0.7347222222222223,1,47.79,165.57084139705748,225.35161778049408,93.91,1240.0,"Washington, US",0.9988057,47651207
2026-09-20T10:53:43.681784+00:00,vast.ai,marketplace,RTX PRO 5000,0.7347222222222223,1,47.79,165.38471562531794,225.09828969797525,123.21,1417.0,"Slovakia, SK",0.9983288,45645837
2026-09-20T10:53:43.681784+00:00,vast.ai,marketplace,RTX PRO 5000,0.7351851851851853,1,47.79,165.49847774368163,225.11127955059968,62.82,1323.5,"Sweden, SE",0.9988917,46110111
2026-09-20T10:53:43.681784+00:00,vast.ai,marketplace,RTX 4090,0.7356481481481482,1,23.99,94.4366531236159,128.37203948836395,125.96,354.5,"Spain, ES",0.9974636,37930538
2026-09-20T10:53:43.681784+00:00,vast.ai,marketplace,RTX 4090,0.7356481481481482,1,23.99,5.945019245524038,8.081335160687175,125.78,1380.5,"Spain, ES",0.9977344,31829236
2026-09-20T10:53:43.681784+00:00,vast.ai,marketplace,RTX PRO 5000,0.7356481481481482,1,47.79,165.591512384818,225.09607725060218,94.36,1197.0,"France, FR",0.9359595,38260159
2026-09-20T10:53:43.681784+00:00,vast.ai,marketplace,RTX 4090,0.737037037037037,1,23.99,97.0618037539243,131.6918945405003,108.06,763.0,"California, US",0.9979799,50472243
2026-09-20T10:53:43.681784+00:00,vast.ai,marketplace,RTX 4090,0.737037037037037,1,23.99,97.0548199803455,131.68241906881047,108.06,921.6,"California, US",0.9462024,51255489
2026-09-20T10:53:43.681784+00:00,vast.ai,marketplace,RTX 4090,0.737962962962963,1,47.99,125.51026048883715,170.0766390563916,75.57,741.5,"California, US",0.9656202,47667751
2026-09-20T10:53:43.681784+00:00,vast.ai,marketplace,RTX 4090,0.737962962962963,1,47.99,125.457409563411,170.00502174213784,62.97,633.9230769230769,"California, US",0.9859646,50701944
2026-09-20T10:53:43.681784+00:00,vast.ai,marketplace,A100 SXM4,0.7393518518518519,1,40.0,68.79725963916368,93.05077070794837,51.15,371.625,"United States, US",0.9866152,50213962
2026-09-20T10:53:43.681784+00:00,vast.ai,marketplace,RTX 5090,0.7468333333333333,1,31.84,181.92422354948334,243.59413999038162,94.43,690.5937500000001,"Czechia, CZ",0.9896408,49900235
2026-09-20T10:53:43.681784+00:00,vast.ai,marketplace,RTX 4090,0.7489814814814815,1,23.99,96.9709854088716,129.47047130866773,110.21,2919.125,"Maryland, US",0.9992379,51363205
2026-09-20T10:53:43.681784+00:00,vast.ai,marketplace,RTX 5090,0.7613888888888888,1,31.84,199.12620584472205,261.5302229263041,62.21,1280.0,"Slovakia, SK",0.9944212,51388956
2026-09-20T10:53:43.681784+00:00,vast.ai,marketplace,RTX 5090,0.7668148148148148,1,31.84,186.45631469093243,243.15690188635895,31.36,835.5,"Taiwan, TW",0.985443,51445003
2026-09-20T10:53:43.681784+00:00,vast.ai,marketplace,RTX 5090,0.7747222222222222,1,31.84,199.26468538482564,257.20791229307,61.82,839.0,"California, US",0.9935725,47477303
2026-09-20T10:53:43.681784+00:00,vast.ai,marketplace,RTX 4090,0.7756481481481481,1,23.99,96.99893627757875,125.05533147879319,125.96,1136.0,"Maryland, US",0.9988885,51162090
2026-09-20T10:53:43.681784+00:00,vast.ai,marketplace,RTX PRO 5000,0.7761111111111111,1,47.79,165.8600599228032,213.70659116753455,188.42,1649.0,"Alberta, CA",0.9733689,50537119
2026-09-20T10:53:43.681784+00:00,vast.ai,marketplace,RTX 5090,0.777037037037037,1,31.84,198.91491189859983,255.99154534138208,108.05,1737.0,"California, US",0.9974152,50434615
2026-09-20T10:53:43.681784+00:00,vast.ai,marketplace,RTX 5090,0.777037037037037,1,31.84,199.0469713514992,256.16149792614294,108.05,1795.0,"California, US",0.9765849,50821007
2026-09-20T10:53:43.681784+00:00,vast.ai,marketplace,RTX 4090,0.7861574074074074,1,47.99,125.6599150750256,159.84065518052842,125.88,476.25,"British Columbia, CA",0.9973632,46211616
2026-09-20T10:53:43.681784+00:00,vast.ai,marketplace,RTX 4090,0.7880555555555555,1,23.99,96.70761722517003,122.7167507968319,123.23,900.0,"Qatar, QA",0.9977701,49590364
2026-09-20T10:53:43.681784+00:00,vast.ai,marketplace,RTX 4090,0.8007407407407406,1,23.99,97.0618037539243,121.21501856410529,125.87,2885.25,"Ohio, US",0.9947151,39952498
2026-09-20T10:53:43.681784+00:00,vast.ai,marketplace,A100 SXM4,0.8009259259259258,1,40.0,95.42771566468167,119.14674325763724,62.97,596.3847988693219,"Czechia, CZ",0.9852889,50365145
2026-09-20T10:53:43.681784+00:00,vast.ai,marketplace,RTX 4090,0.8009259259259258,1,23.99,61.274524826755176,76.50460903224925,110.03,1621.5,"Virginia, US",0.9933485,13917962
2026-09-20T10:53:43.681784+00:00,vast.ai,marketplace,RTX 4090,0.8013888888888888,1,23.99,97.19864306397382,121.28773484585989,31.21,318.0,"Texas, US",0.991133,50699220
2026-09-20T10:53:43.681784+00:00,vast.ai,marketplace,RTX 4090,0.8013888888888888,1,23.99,97.39779810413303,121.5362472009979,62.71,339.0,"Texas, US",0.9932054,50686367
2026-09-20T10:53:43.681784+00:00,vast.ai,marketplace,RTX 5090,0.8013888888888888,1,31.84,100.0043530217852,124.78879406531257,62.96,426.125,"Alberta, CA",0.9984776,45508892
2026-09-20T10:53:43.681784+00:00,vast.ai,marketplace,RTX PRO 5000,0.8013888888888888,1,47.79,78.04046157075717,97.38151183872647,83.93,767.3347807938804,"Belgium, BE",0.9970803,49974690
2026-09-20T10:53:43.681784+00:00,vast.ai,marketplace,L40S,0.8018518518518518,1,44.99,93.69387504418359,116.84686495117585,251.94,251.87353493583362,"Taiwan, TW",0.997956,25990403
2026-09-20T10:53:43.681784+00:00,vast.ai,marketplace,RTX 4090,0.8018518518518518,1,23.99,97.0548199803455,121.03834362444935,125.88,677.9000000000001,"Hungary, HU",0.9933941,50167762
2026-09-20T10:53:43.681784+00:00,vast.ai,marketplace,RTX 5090,0.8018518518518518,1,31.84,190.603299034833,237.7038833228864,125.6,2832.0,"Norway, NO",0.9991619,50760078
2026-09-20T10:53:43.681784+00:00,vast.ai,marketplace,RTX 5090,0.8018518518518518,1,31.84,190.44463104979852,237.50600639004898,125.6,1596.85,"Norway, NO",0.9991868,50760043
2026-09-20T10:53:43.681784+00:00,vast.ai,marketplace,RTX 5090,0.8023148148148147,1,31.84,199.09920687929358,248.15596471971966,47.15,843.6666666666666,"Finland, FI",0.9435879,45727090
2026-09-20T10:53:43.681784+00:00,vast.ai,marketplace,RTX 5090,0.8027777777777777,1,31.84,198.97437039269747,247.8573472019761,73.44,293.5,"South Africa, ZA",0.9870023,51529757
2026-09-20T10:53:43.681784+00:00,vast.ai,marketplace,RTX 5090,0.8027831111111111,1,31.84,199.10644669720355,248.02022357150182,186.37,3072.0,"The Netherlands, NL",0.9940929,51452843
2026-09-20T10:53:43.681784+00:00,vast.ai,marketplace,RTX 5090,0.8032407407407407,1,31.84,198.59795917718924,247.2458742494114,62.96,284.375,"Spain, ES",0.9986293,26371160
2026-09-20T10:53:43.681784+00:00,vast.ai,marketplace,RTX 5090,0.8046296296296296,1,31.84,198.624372445784,246.85192432847725,36.69,634.1111111111111,"California, US",0.9945624,45996302
2026-09-20T10:53:43.681784+00:00,vast.ai,marketplace,RTX 3090,0.8106428148148147,1,24.0,44.3633895822079,54.72618614690662,62.64,707.0,"Italy, IT",0.9477766,51093758
2026-09-20T10:53:43.681784+00:00,vast.ai,marketplace,L40S,0.8155925925925925,1,44.99,93.60606838859273,114.77062106589183,62.94,3493.155984876494,"Romania, RO",0.960911,50740345
2026-09-20T10:53:43.681784+00:00,vast.ai,marketplace,L40,0.8275925925925925,1,44.99,93.21630775627999,112.63550277107004,70.66,251.5,"New York, US",0.9908698,51528885
2026-09-20T10:53:43.681784+00:00,vast.ai,marketplace,RTX 5090,0.8336111111111111,1,31.84,198.82908360763275,238.51539519742684,62.84,1224.25,"Michigan, US",0.9943072,48426436
2026-09-20T10:53:43.681784+00:00,vast.ai,marketplace,RTX 5090,0.8542592592592593,1,31.84,199.2781422092802,233.27595229354282,125.78,1215.0,"Japan, JP",0.9987531,45681259
2026-09-20T10:53:43.681784+00:00,vast.ai,marketplace,RTX 5090,0.8547222222222223,1,31.84,198.98757813413474,232.80964617578323,60.47,585.9,"Denmark, DK",0.9968433,43092247
2026-09-20T10:53:43.681784+00:00,vast.ai,marketplace,RTX PRO 5000,0.8551851851851853,1,47.79,165.63284857495546,193.68068044711117,94.26,700.75,"Ohio, US",0.9918166,49695133
2026-09-20T10:53:43.681784+00:00,vast.ai,marketplace,RTX 5090,0.8565740740740742,1,31.84,196.36567917686082,229.24541510216156,71.89,427.71428571428567,"Minnesota, US",0.9967021,48425196
2026-09-20T10:53:43.681784+00:00,vast.ai,marketplace,A100 PCIE,0.8569814814814813,1,40.0,71.71227287469146,83.68007293543963,125.67,686.0,"Japan, JP",0.9922596,48072870
2026-09-20T10:53:43.681784+00:00,vast.ai,marketplace,A100 SXM4,0.8662592592592593,1,40.0,35.71071097238234,41.2240453313234,125.75,197.25778967935582,"United Kingdom, GB",0.9734526,38565864
2026-09-20T10:53:43.681784+00:00,vast.ai,marketplace,RTX 4090,0.8662694814814815,1,23.99,98.56163262280565,113.7771036955463,62.88,734.75,"Texas, US",0.9969711,46126404
2026-09-20T10:53:43.681784+00:00,vast.ai,marketplace,RTX 5090,0.8675925925925926,1,31.84,197.9176708610215,228.12282233714325,55.96,335.32222222222225,"Bulgaria, BG",0.9955179,45070588
2026-09-20T10:53:43.681784+00:00,vast.ai,marketplace,RTX 5090,0.8675925925925926,1,31.84,198.80266750742538,229.14288250589053,55.96,582.4888888888889,"Bulgaria, BG",0.9955145,45089954
2026-09-20T10:53:43.681784+00:00,vast.ai,marketplace,RTX PRO 5000,0.8675925925925926,1,47.79,165.61218144393024,190.88703944444467,62.83,1509.5,"Belgium, BE",0.9988807,48229993
2026-09-20T10:53:43.681784+00:00,vast.ai,marketplace,RTX 5090,0.8680555555555556,1,31.84,198.2170877588152,228.34608509815513,35.93,800.8950290170447,"Belgium, BE",0.9980354,46391333
2026-09-20T10:53:43.681784+00:00,vast.ai,marketplace,RTX 5090,0.8680555555555556,1,31.84,199.09979444513232,229.36296320079242,125.96,1497.575,"Ohio, US",0.9676059,51493264
2026-09-20T10:53:43.681784+00:00,vast.ai,marketplace,RTX PRO 5000,0.8689814814814815,1,47.79,165.71549782940474,190.7008392709186,93.88,1126.0,"Quebec, CA",0.9985298,51727124
2026-09-20T10:53:43.681784+00:00,vast.ai,marketplace,RTX 4090,0.8699074074074075,1,23.99,97.0618037539243,111.57716663569796,125.89,762.75,"Spain, ES",0.9984068,22692659
2026-09-20T10:53:43.681784+00:00,vast.ai,marketplace,A100 PCIE,0.8836481481481482,1,40.0,86.94716679493592,98.39568721685227,125.67,691.0,"Japan, JP",0.9944163,47909257
2026-09-20T10:53:43.681784+00:00,vast.ai,marketplace,RTX 4090,0.8951851851851853,1,23.99,97.0548199803455,108.41870663919438,110.13,398.7356650396853,"Hungary, HU",0.9900397,50466173
2026-09-20T10:53:43.681784+00:00,vast.ai,marketplace,RTX 5090,0.9222777777777778,1,31.84,187.1211163639857,202.89019303365717,125.9,536.25,"Ontario, CA",0.9467819,51204988
2026-09-20T10:53:43.681784+00:00,vast.ai,marketplace,A100 SXM4,0.9237037037037036,1,40.0,95.3840295042737,103.26258206156336,251.96,2589.956223757491,"California, US",0.9909636,50245532
2026-09-20T10:53:43.681784+00:00,vast.ai,marketplace,RTX 4090,0.9344444444444443,1,23.99,97.56828129557074,104.41314288467738,167.85,1660.7029154377235,"Japan, JP",0.9985512,50204245
2026-09-20T10:53:43.681784+00:00,vast.ai,marketplace,RTX 4090,0.9347222222222221,1,23.99,97.37674898053568,104.17720544722987,172.81,1499.0,"Oklahoma, US",0.9906004,51251185
2026-09-20T10:53:43.681784+00:00,vast.ai,marketplace,RTX PRO 5000,0.9347222222222221,1,47.79,165.64318141761083,177.21113019417507,62.73,1464.0,"Taiwan, TW",0.9957541,47566054
2026-09-20T10:53:43.681784+00:00,vast.ai,marketplace,RTX 5090,0.935648148148148,1,31.84,199.19889864386437,212.89936717998373,377.71,1787.3254227020361,"Norway, NO",0.9984863,30220754
2026-09-20T10:53:43.681784+00:00,vast.ai,marketplace,A100 PCIE,0.9374999999999999,1,80.0,127.52063299858148,136.02200853182026,216.26,554.6,"Virginia, US",0.9661727,51187292
2026-09-20T10:53:43.681784+00:00,vast.ai,marketplace,A100 PCIE,0.9476481481481479,1,40.0,95.39733695532497,100.66746517865964,125.96,1534.152840726097,"Japan, JP",0.9959753,46773564
2026-09-20T10:53:43.681784+00:00,vast.ai,marketplace,RTX 5090,0.9480555555555554,1,31.84,198.79605628952456,209.68819298045372,94.44,339.25,"Quebec, CA",0.9901119,49760560
2026-09-20T10:53:43.681784+00:00,vast.ai,marketplace,RTX 5090,0.9480555555555554,1,31.84,81.83462582272611,86.31838645233344,71.93,60.0,"Quebec, CA",0.978716,51147472
2026-09-20T10:53:43.681784+00:00,vast.ai,marketplace,A100 SXM4,0.953611111111111,1,80.0,120.85856850530035,126.73779394671755,125.96,502.0,"Texas, US",0.9961065,47239982
2026-09-20T10:53:43.681784+00:00,vast.ai,marketplace,A40,1.0013888888888889,1,44.99,44.03716169366207,43.9760837994961,500.96,353.7,"Belgium, BE",0.938201,51337966
2026-09-20T10:53:43.681784+00:00,vast.ai,marketplace,RTX 5090,1.0013888888888889,1,31.84,199.4931507997938,199.21646127025178,125.58,2319.0,"Texas, US",0.9947551,48229908
2026-09-20T10:53:43.681784+00:00,vast.ai,marketplace,A100 PCIE,1.0013888888888889,1,80.0,5.388433994584872,5.3809604384203995,125.87,47.0,"United Kingdom, GB",0.9986485,32303769
2026-09-20T10:53:43.681784+00:00,vast.ai,marketplace,RTX PRO 6000 Max-Q,1.0018518518518518,1,95.59,283.52140316516255,282.99733402807357,998.03,1494.0,"India, IN",0.681599,51711378
2026-09-20T10:53:43.681784+00:00,vast.ai,marketplace,RTX PRO 6000 Max-Q,1.0023148148148149,1,95.59,283.2292224921032,282.57511343322994,251.92,1064.020372319913,"Australia, AU",0.9926169,51191151
2026-09-20T10:53:43.681784+00:00,vast.ai,marketplace,RTX 4090,1.0023148148148149,1,47.99,125.35165804278182,125.06216229672458,125.95,412.0,"Romania, RO",0.99727,48289319
2026-09-20T10:53:43.681784+00:00,vast.ai,marketplace,RTX 5090,1.0023148148148149,1,31.84,198.38664947599128,197.92848169429152,125.96,278.5,"Spain, ES",0.9990583,31481779
2026-09-20T10:53:43.681784+00:00,vast.ai,marketplace,RTX 5090,1.0027777777777778,1,31.84,188.47797336019957,187.95587371100234,125.96,197.875,"Spain, ES",0.9982299,50856213
2026-09-20T10:53:43.681784+00:00,vast.ai,marketplace,RTX 5090,1.0027777777777778,1,31.84,198.6904051859734,198.14001625194024,500.97,396.5,"Spain, ES",0.9992196,24258042
2026-09-20T10:53:43.681784+00:00,vast.ai,marketplace,RTX PRO 6000 Max-Q,1.015185185185185,1,95.59,127.20815864646471,125.30537334748442,167.68,341.66666666666663,"South Korea, KR",0.99663,48618650
2026-09-20T10:53:43.681784+00:00,vast.ai,marketplace,RTX 5090,1.0212037037037034,1,31.84,199.23852053732833,195.10164310482787,251.75,2179.0,"Japan, JP",0.9871338,51115167
2026-09-20T10:53:43.681784+00:00,vast.ai,marketplace,A100 PCIE,1.0276481481481483,1,80.0,123.49588403963409,120.17331443858217,251.32,522.0,"Japan, JP",0.9705117,50994068
2026-09-20T10:53:43.681784+00:00,vast.ai,marketplace,RTX PRO 5000,1.0299074074074073,1,47.79,165.6535137784548,160.84311326146832,125.88,977.5,"Czechia, CZ",0.9984558,39309140
2026-09-20T10:53:43.681784+00:00,vast.ai,marketplace,RTX PRO 5000,1.033388888888889,1,47.79,165.46745750887,160.12118892315792,62.96,288.7926360125758,"Czechia, CZ",0.9859857,48330153
2026-09-20T10:53:43.681784+00:00,vast.ai,marketplace,RTX 5090,1.035325925925926,1,31.84,185.911200573825,179.56780171187012,62.94,1054.25,"Czechia, CZ",0.9875209,28733615
2026-09-20T10:53:43.681784+00:00,vast.ai,marketplace,A100 SXM4,1.0550925925925927,1,80.0,119.81229464268647,113.55618974471379,125.97,1044.125,"Sweden, SE",0.9974195,21050984
2026-09-20T10:53:43.681784+00:00,vast.ai,marketplace,RTX 4090,1.062314814814815,1,23.99,97.54718447457876,91.82511917767371,62.94,172.60814820487425,"Hungary, HU",0.9975515,42494300
2026-09-20T10:53:43.681784+00:00,vast.ai,marketplace,RTX A2000,1.0673148148148148,1,5.99,8.574884920896874,8.034072798272424,125.41,12875.4,"British Columbia, CA",0.993683,50563595
2026-09-20T10:53:43.681784+00:00,vast.ai,marketplace,RTX 5090,1.0680555555555555,1,31.84,199.4364236515873,186.72851109121308,125.75,1629.45,"Oklahoma, US",0.9735461,51271655
2026-09-20T10:53:43.681784+00:00,vast.ai,marketplace,RTX 5060 Ti,1.0680555555555555,1,15.93,38.41011908888741,35.9626602652782,31.27,754.0,"Connecticut, US",0.9844152,49261793
2026-09-20T10:53:43.681784+00:00,vast.ai,marketplace,RTX 5090,1.0689814814814815,1,31.84,199.13286166227866,186.28279826354347,188.39,2998.0,"Quebec, CA",0.9982356,45843162
2026-09-20T10:53:43.681784+00:00,vast.ai,marketplace,RTX PRO 5000,1.096574074074074,1,47.79,165.8187660827735,151.21528951228186,55.01,846.25,"Czechia, CZ",0.9985486,39270915
2026-09-20T10:53:43.681784+00:00,vast.ai,marketplace,RTX 5090,1.1000462962962962,1,31.84,199.75753182509308,181.5901135230845,123.44,2711.0,"Denmark, DK",0.9732208,51210954
2026-09-20T10:53:43.681784+00:00,vast.ai,marketplace,RTX 5090,1.1023148148148147,1,31.84,199.07012009497458,180.59280109413908,125.96,1493.875,"Hungary, HU",0.9879197,49441331
2026-09-20T10:53:43.681784+00:00,vast.ai,marketplace,RTX 3060,1.1063148148148148,1,12.0,12.313859010173955,11.130519853189496,755.41,6483.9,"Vietnam, VN",0.998051,51735757
2026-09-20T10:53:43.681784+00:00,vast.ai,marketplace,RTX 5090,1.121388888888889,1,31.84,203.5507933668151,181.5166846966892,251.76,1008.5341806305711,"Quebec, CA",0.9891174,50943585
2026-09-20T10:53:43.681784+00:00,vast.ai,marketplace,RTX 5090,1.1237037037037039,1,31.84,199.27146678927824,177.33452878413024,108.05,1565.0,"California, US",0.8623094,51298714
2026-09-20T10:53:43.681784+00:00,vast.ai,marketplace,RTX PRO 6000 Max-Q,1.1347222222222222,1,95.59,283.9109627923403,250.20305166522033,124.5,614.0,"Japan, JP",0.9914587,51180053
2026-09-20T10:53:43.681784+00:00,vast.ai,marketplace,RTX 4070S Ti,1.135185185185185,1,15.99,51.28380260163685,45.176596092795926,15.32,146.0,"Wisconsin, US",0.9898949,50270804
2026-09-20T10:53:43.681784+00:00,vast.ai,marketplace,RTX 4070S Ti,1.135185185185185,1,15.99,31.66743306627469,27.8962705640919,15.33,341.0,"Wisconsin, US",0.9622404,50963276
2026-09-20T10:53:43.681784+00:00,vast.ai,marketplace,RTX 4070S Ti,1.135185185185185,1,15.99,51.27294013458654,45.167027198493855,15.28,637.0,"Wisconsin, US",0.9915153,50271920
2026-09-20T10:53:43.681784+00:00,vast.ai,marketplace,RTX PRO 5000,1.1360555555555556,1,47.79,165.42609043338715,145.61443727326366,62.96,744.75,"Czechia, CZ",0.9914859,44408366
2026-09-20T10:53:43.681784+00:00,vast.ai,marketplace,RTX 5090,1.1387222222222222,1,31.84,198.7366268243198,174.52599321060433,62.97,700.5,"Czechia, CZ",0.9913217,49824496
2026-09-20T10:53:43.681784+00:00,vast.ai,marketplace,RTX PRO 5000,1.1480555555555556,1,47.79,165.2191389769839,143.9121462175519,125.84,723.125,"Arizona, US",0.9767048,51485313
2026-09-20T10:53:43.681784+00:00,vast.ai,marketplace,RTX 5090,1.1507222222222222,1,31.84,199.390314448259,173.27406266927352,31.04,1399.0,"Czechia, CZ",0.9938462,48062085
2026-09-20T10:53:43.681784+00:00,vast.ai,marketplace,RTX 4090,1.1623148148148148,1,23.99,97.5612494014192,83.93702649050644,75.49,2191.040000000001,"Hungary, HU",0.9886824,49591162
2026-09-20T10:53:43.681784+00:00,vast.ai,marketplace,RTX PRO 6000 Max-Q,1.1680555555555556,1,95.59,5.734952743168364,4.909828745637601,125.76,1875.5,"Ohio, US",0.9877771,47585464
2026-09-20T10:53:43.681784+00:00,vast.ai,marketplace,RTX 4090,1.1753703703703704,1,23.99,97.24064468209968,82.7319176435069,125.88,634.0,"Hungary, HU",0.9964838,51230445
2026-09-20T10:53:43.681784+00:00,vast.ai,marketplace,RTX 5090,1.202037037037037,1,31.84,198.94795483579426,165.50900571765354,94.42,1329.875,"Hungary, HU",0.9929447,32292348
2026-09-20T10:53:43.681784+00:00,vast.ai,marketplace,RTX 5090,1.2023148148148148,1,31.84,198.82908360763275,165.3718985723861,110.2,390.875,"Hungary, HU",0.9957952,49846909
2026-09-20T10:53:43.681784+00:00,vast.ai,marketplace,RTX PRO 6000 Max-Q,1.2222592592592594,1,95.59,283.4045320237227,231.86940894641108,123.44,320.0,"India, IN",0.9888914,50054713
2026-09-20T10:53:43.681784+00:00,vast.ai,marketplace,RTX PRO 5000,1.2317062222222221,1,47.79,165.5294936333453,134.3904014178803,62.69,534.8999999999999,"Bulgaria, BG",0.9932979,51288089
2026-09-20T10:53:43.681784+00:00,vast.ai,marketplace,RTX 4090,1.266722222222222,1,47.99,125.61591276889759,99.16610805842537,107.97,413.11341426770576,"Washington, US",0.9956758,48484840
2026-09-20T10:53:43.681784+00:00,vast.ai,marketplace,RTX PRO 6000 WS,1.2680555555555555,1,95.59,283.3071382573792,223.41855371885327,89.63,1273.0,"Utah, US",0.9656861,51257469
2026-09-20T10:53:43.681784+00:00,vast.ai,marketplace,RTX PRO 6000 Max-Q,1.2680555555555555,1,95.59,282.7032735614888,222.94234059613575,179.91,524.4285714285714,"Poland, PL",0.9967891,49155482
2026-09-20T10:53:43.681784+00:00,vast.ai,marketplace,RTX 4090,1.2689814814814815,1,47.99,125.40454208800212,98.8229882926248,125.75,1447.0,"Washington, US",0.994486,39518987
2026-09-20T10:53:43.681784+00:00,vast.ai,marketplace,RTX 5070 Ti,1.2699074074074073,1,15.92,81.1590523597273,63.909425117393724,15.32,377.0,"Wisconsin, US",0.9706725,51061007
2026-09-20T10:53:43.681784+00:00,vast.ai,marketplace,RTX 5070 Ti,1.2699074074074073,1,15.92,77.18580817797486,60.78065828086975,15.33,66.0,"Wisconsin, US",0.9929257,50306639
2026-09-20T10:53:43.681784+00:00,vast.ai,marketplace,RTX 5070 Ti,1.2699074074074073,1,15.92,77.10989058725991,60.72087629182699,15.33,233.0,"Wisconsin, US",0.9877706,49279622
2026-09-20T10:53:43.681784+00:00,vast.ai,marketplace,RTX PRO 6000 WS,1.2722222222222221,1,95.59,282.17729404680057,221.79874641233235,125.13,819.0,"India, IN",0.9972474,37021625
2026-09-20T10:53:43.681784+00:00,vast.ai,marketplace,RTX PRO 6000 Max-Q,1.273388888888889,1,95.59,282.878593264811,222.14627105128912,215.93,1952.8395407265737,"North Carolina, US",0.9911827,38606069
2026-09-20T10:53:43.681784+00:00,vast.ai,marketplace,RTX 4090,1.2800555555555555,1,47.99,125.65111552940162,98.16067356144391,220.06,6471.0,"Washington, US",0.9985072,38637438
2026-09-20T10:53:43.681784+00:00,vast.ai,marketplace,RTX 4090,1.2803333333333333,1,23.99,97.0408513074653,75.7934272122874,167.97,521.6666666666666,"Washington, US",0.9975877,41755380
2026-09-20T10:53:43.681784+00:00,vast.ai,marketplace,RTX 4090,1.294314814814815,1,47.99,125.57189901090452,97.01804968435813,125.87,2906.0,"Washington, US",0.9984905,46255397
2026-09-20T10:53:43.681784+00:00,vast.ai,marketplace,RTX 6000D,1.3246296296296296,1,83.64,229.66057458736282,173.37719876579885,94.42,673.2992745339379,"Czechia, CZ",0.9834599,51063959
2026-09-20T10:53:43.681784+00:00,vast.ai,marketplace,RTX PRO 6000 WS,1.333388888888889,1,95.59,283.36557464251547,212.51532617662923,125.71,2316.0,"Thailand, TH",0.994294,49836870
2026-09-20T10:53:43.681784+00:00,vast.ai,marketplace,RTX 5060 Ti,1.3342592592592593,1,15.93,38.375975201203396,28.762007784385613,125.65,3351.6,"Quebec, CA",0.9564608,51734908
2026-09-20T10:53:43.681784+00:00,vast.ai,marketplace,RTX 3090,1.3347222222222221,1,24.0,44.36470379958797,33.23890399136664,62.72,457.0,"Washington, US",0.9923661,50846640
2026-09-20T10:53:43.681784+00:00,vast.ai,marketplace,RTX A2000,1.3347222222222221,1,5.99,8.574884920896874,6.4244715328259625,31.16,761.5,"British Columbia, CA",0.9712074,46186923
2026-09-20T10:53:43.681784+00:00,vast.ai,marketplace,RTX 5090,1.3347222222222221,1,31.84,190.36529561560033,142.625403582968,62.25,2003.0,"British Columbia, CA",0.9630183,48515309
2026-09-20T10:53:43.681784+00:00,vast.ai,marketplace,CMP 170HX,1.3356481481481481,1,40.0,69.26055596586833,51.855390255208185,39.28,149.20000000000002,"Hungary, HU",0.9932518,51583575
2026-09-20T10:53:43.681784+00:00,vast.ai,marketplace,RTX PRO 6000 S,1.336111111111111,1,95.59,279.8748310406494,209.46972801379164,125.94,283.725,"California, US",0.9740112,51262198
2026-09-20T10:53:43.681784+00:00,vast.ai,marketplace,RTX 5080,1.337037037037037,1,15.92,90.43308822070478,67.63693578833875,15.33,346.9,"Wisconsin, US",0.9922899,50314095
2026-09-20T10:53:43.681784+00:00,vast.ai,marketplace,RTX PRO 5000,1.3692555555555557,1,47.79,153.2457098190878,111.91899802583643,68.34,438.0,"California, US",0.9963327,49725348
2026-09-20T10:53:43.681784+00:00,vast.ai,marketplace,RTX PRO 6000 Max-Q,1.401388888888889,1,95.59,283.3850533540039,202.21728286906125,125.73,1596.3,"The Netherlands, NL",0.9138722,51492257
2026-09-20T10:53:43.681784+00:00,vast.ai,marketplace,RTX PRO 6000 WS,1.401388888888889,1,95.59,283.5019247459527,202.30067969978782,249.01,2108.6489853070243,"Nevada, US",0.9750523,49076618
2026-09-20T10:53:43.681784+00:00,vast.ai,marketplace,RTX PRO 6000 WS,1.401851851851852,1,95.59,283.36557464251547,202.13660542530826,186.11,1969.0,"Quebec, CA",0.9682967,45841026
2026-09-20T10:53:43.681784+00:00,vast.ai,marketplace,RTX PRO 6000 WS,1.401851851851852,1,95.59,283.36557464251547,202.13660542530826,186.35,3006.0,"Quebec, CA",0.9886977,47559156
2026-09-20T10:53:43.681784+00:00,vast.ai,marketplace,RTX PRO 6000 WS,1.466314814814815,1,95.59,283.0149506871245,193.01104225893485,188.92,159.375,"Poland, PL",0.9950544,37051753
2026-09-20T10:53:43.681784+00:00,vast.ai,marketplace,RTX 3090,1.4675925925925928,1,24.0,44.89423629963056,30.590394450221453,251.66,2315.0,"Quebec, CA",0.9700945,51729518
2026-09-20T10:53:43.681784+00:00,vast.ai,marketplace,RTX PRO 6000 WS,1.4680555555555557,1,95.59,268.24857881064884,182.72372445001622,125.1,2793.0,"Utah, US",0.9957179,50295908
2026-09-20T10:53:43.681784+00:00,vast.ai,marketplace,RTX PRO 6000 WS,1.4680555555555557,1,95.59,249.20691765250896,169.7530564898831,503.88,1727.0,"Serbia, RS",0.9906612,48332828
2026-09-20T10:53:43.681784+00:00,vast.ai,marketplace,RTX PRO 6000 WS,1.4685185185185186,1,95.59,283.24870149612656,192.88057857239386,123.44,2814.0,"Spain, ES",0.9992594,42248483
2026-09-20T10:53:43.681784+00:00,vast.ai,marketplace,RTX PRO 6000 WS,1.4685185185185186,1,95.59,283.32661709420836,192.93363585229824,188.7,1370.0,"Nevada, US",0.9969857,45203746
2026-09-20T10:53:43.681784+00:00,vast.ai,marketplace,RTX PRO 6000 WS,1.4722222222222223,1,95.59,283.5603598783882,192.60703689852784,124.69,248.0,"Norway, NO",0.9985714,50049475
2026-09-20T10:53:43.681784+00:00,vast.ai,marketplace,RTX PRO 6000 S,1.484925925925926,1,95.59,279.72000735247394,188.37303765038277,176.87,30.0,"Oregon, US",0.9949867,48214233
2026-09-20T10:53:43.681784+00:00,vast.ai,marketplace,RTX PRO 6000 S,1.5002777777777778,1,95.59,279.2555230587443,186.13587909858904,188.93,202.125,"Maryland, US",0.9990767,51093066
2026-09-20T10:53:43.681784+00:00,vast.ai,marketplace,RTX PRO 6000 WS,1.5342592592592592,1,95.59,283.6187946353192,184.85715039598355,91.74,2894.0,"Alberta, CA",0.9894764,49270977
2026-09-20T10:53:43.681784+00:00,vast.ai,marketplace,RTX PRO 6000 Max-Q,1.534722222222222,1,95.59,283.2876593787593,184.58562421059432,125.83,11.25,"Japan, JP",0.9896109,34531895
2026-09-20T10:53:43.681784+00:00,vast.ai,marketplace,A100 SXM4,1.5363896851851853,1,80.0,128.89522003004433,83.89487463560278,122.02,576.225,"North Carolina, US",0.9752467,51216964
2026-09-20T10:53:43.681784+00:00,vast.ai,marketplace,RTX PRO 6000 S,1.6013888888888888,1,95.59,229.67686407322438,143.4235404446848,125.8,966.0,"Spain, ES",0.9257825,50992153
2026-09-20T10:53:43.681784+00:00,vast.ai,marketplace,RTX PRO 6000 Max-Q,1.6023148148148147,1,95.59,283.75514094198843,177.09075539864057,109.91,1412.0,"Norway, NO",0.9905686,49638702
2026-09-20T10:53:43.681784+00:00,vast.ai,marketplace,RTX PRO 6000 WS,1.604648148148148,1,95.59,282.9565120431682,176.3355489299729,215.93,297.1428571428571,"Bulgaria, BG",0.9992854,51536093
2026-09-20T10:53:43.681784+00:00,vast.ai,marketplace,RTX PRO 6000 WS,1.6069444444444443,1,95.59,283.2681804583436,176.27751938635038,125.32,2502.0,"Texas, US",0.9939342,50005350
2026-09-20T10:53:43.681784+00:00,vast.ai,marketplace,RTX PRO 6000 Max-Q,1.6685185185185185,1,95.59,283.52140316516255,169.924037413083,251.14,3053.7,"Norway, NO",0.9957214,51723131
2026-09-20T10:53:43.681784+00:00,vast.ai,marketplace,RTX PRO 6000 WS,1.7342592592592594,1,95.59,283.5408815426393,163.49394130595323,251.76,2129.5,"Japan, JP",0.9966382,51177036
2026-09-20T10:53:43.681784+00:00,vast.ai,marketplace,RTX PRO 6000 Max-Q,1.7356481481481483,1,95.59,283.4045320237227,163.2845529931291,188.81,2796.75,"Maryland, US",0.9930254,50836031
2026-09-20T10:53:43.681784+00:00,vast.ai,marketplace,RTX 5090,1.7356481481481483,1,31.84,198.55833908937663,114.40011001148399,94.42,2812.25,"Hungary, HU",0.9966633,50716299
2026-09-20T10:53:43.681784+00:00,vast.ai,marketplace,RTX PRO 6000 WS,1.7747222222222223,1,95.59,283.75514094198843,159.88707268604762,220.17,3091.109705313262,"Japan, JP",0.9854505,51697677
2026-09-20T10:53:43.681784+00:00,vast.ai,marketplace,RTX PRO 6000 Max-Q,1.8032037037037036,1,95.59,282.9759916330317,156.9295754283396,125.92,470.125,"Czechia, CZ",0.9956639,47792413
2026-09-20T10:53:43.681784+00:00,vast.ai,marketplace,RTX PRO 6000 WS,1.804638888888889,1,95.59,283.4240106516768,157.0530328237469,377.59,1413.0,"Bulgaria, BG",0.9980328,50697933
2026-09-20T10:53:43.681784+00:00,vast.ai,marketplace,RTX PRO 6000 Max-Q,1.9174074074074072,1,95.59,283.05390957373993,147.62324818410235,125.94,1201.625,"Czechia, CZ",0.9979244,30989543
2026-09-20T10:53:43.681784+00:00,vast.ai,marketplace,RTX PRO 6000 WS,1.9194444444444443,1,95.59,283.24870149612656,147.56806445529025,125.75,2165.5,"Slovakia, SK",0.9980692,31985333
2026-09-20T10:53:43.681784+00:00,vast.ai,marketplace,RTX PRO 6000 WS,1.9886222222222223,1,95.59,238.04390230102484,119.70292780647816,124.7,407.5,"Norway, NO",0.9977353,50049488
2026-09-20T10:53:43.681784+00:00,vast.ai,marketplace,RTX 5060 Ti,2.0009259259259258,1,15.93,38.3691436852251,19.17569420640588,755.39,972.9000000000004,"Spain, ES",0.9994084,31119271
2026-09-20T10:53:43.681784+00:00,vast.ai,marketplace,RTX 5060 Ti,2.0009259259259258,1,15.93,38.36231125551517,19.172279572399997,755.39,1332.0,"Spain, ES",0.9989161,29062021
2026-09-20T10:53:43.681784+00:00,vast.ai,marketplace,RTX 4090,2.001388888888889,1,23.99,97.17063444771811,48.551600834390726,125.71,1299.0,"Ontario, CA",0.9958158,47472164
2026-09-20T10:53:43.681784+00:00,vast.ai,marketplace,RTX 5090,2.002314814814815,1,31.84,198.90833131532042,99.3391897436051,110.21,596.75,"Hungary, HU",0.9869904,51326859
2026-09-20T10:53:43.681784+00:00,vast.ai,marketplace,RTX PRO 6000 WS,2.122037037037037,1,95.59,283.1902643586163,133.45208373649777,125.92,650.0,"Hungary, HU",0.9959493,43620831
2026-09-20T10:53:43.681784+00:00,vast.ai,marketplace,RTX PRO 6000 WS,2.135648148148148,1,95.59,283.17078522914227,132.5924335779205,121.18,988.0,"California, US",0.9863696,50460702
2026-09-20T10:53:43.681784+00:00,vast.ai,marketplace,RTX PRO 6000 WS,2.2069444444444444,1,95.59,167.3899131289438,75.84690840329738,251.49,1028.255840413287,"New Jersey, US",0.9548752,51371154
2026-09-20T10:53:43.681784+00:00,vast.ai,marketplace,RTX PRO 6000 S,2.377037037037037,1,95.59,234.07207241945287,98.47220248247471,125.93,1066.625,"Czechia, CZ",0.9979895,44623526
2026-09-20T10:53:43.681784+00:00,vast.ai,marketplace,RTX 5090,2.481388888888889,1,31.84,199.59494756482317,80.43678621217546,61.71,723.9,"Florida, US",0.9640256,51514074
2026-09-20T10:53:43.681784+00:00,vast.ai,marketplace,RTX 4090,2.6680555555555556,1,23.99,97.53311802917972,36.55587974024435,30.97,1199.0,"Italy, IT",0.9903594,49957627
2026-09-20T10:53:43.681784+00:00,vast.ai,marketplace,H100 NVL,2.6680555555555556,1,93.58,377.6674729873769,141.55157759027142,181.07,2719.125,"Bulgaria, BG",0.9964005,24548925
2026-09-20T10:53:43.681784+00:00,vast.ai,marketplace,H100 NVL,2.7747222222222203,1,93.58,347.889194548972,125.3780258660827,314.69,320.5,"Ireland, IE",0.9878098,51731744
2026-09-20T10:53:43.681784+00:00,vast.ai,marketplace,H100 NVL,2.8013888888888894,1,93.58,343.4782897180636,122.60999930441534,314.69,309.9072482719349,"Germany, DE",0.9503479,51736222
2026-09-20T10:53:43.681784+00:00,vast.ai,marketplace,H100 NVL,2.870740740740741,1,93.58,263.5546976245558,91.80720985502523,188.94,639.25,"Czechia, CZ",0.9546658,31183491
2026-09-20T10:53:43.681784+00:00,vast.ai,marketplace,H100 SXM,3.203333333333333,1,79.65,92.92416318043968,29.00858371917992,188.87,460.8,"Taiwan, TW",0.9512182,51178489
2026-09-20T10:53:43.681784+00:00,vast.ai,marketplace,H100 SXM,3.3379444444444446,1,79.65,262.8904716620778,78.75819266543616,125.94,1377.1043928637166,"Czechia, CZ",0.9905295,49793519
2026-09-20T10:53:43.681784+00:00,vast.ai,marketplace,H100 SXM,3.5100555555555553,1,79.65,324.5678928026903,92.46802156421117,110.19,970.1889253486022,"Czechia, CZ",0.9918169,41555522
2026-09-20T10:53:43.681784+00:00,vast.ai,marketplace,RTX 5090,3.5880555555555556,1,31.84,199.1922339144851,55.51537060402155,62.68,840.15,"Pennsylvania, US",0.9027915,51606006
2026-09-20T10:53:43.681784+00:00,vast.ai,marketplace,H200 NVL,3.601388888888889,1,140.4,431.6485592009258,119.85613676230872,181.06,136.625,"Bulgaria, BG",0.9845531,44335863
2026-09-20T10:53:43.681784+00:00,vast.ai,marketplace,H200 NVL,3.6069444444444447,1,140.4,437.05212223876447,121.16962957716996,251.73,2598.0,"Washington, US",0.98975,50451798
2026-09-20T10:53:43.681784+00:00,vast.ai,marketplace,H200 NVL,3.734722222222222,1,140.4,452.1172784498112,121.05780605573227,503.75,468.0,"Japan, JP",0.9972016,45172712
2026-09-20T10:53:43.681784+00:00,vast.ai,marketplace,H200 NVL,3.9880555555555555,1,140.4,396.00980973289205,99.29897019143354,214.36,114.64285714285717,"Mississippi, US",0.9907256,50176552
2026-09-20T10:53:43.681784+00:00,vast.ai,marketplace,H200 NVL,4.001388888888889,1,140.4,452.38283801983215,113.05645379183586,503.75,727.5,"Japan, JP",0.9947741,48217155
2026-09-20T10:53:43.681784+00:00,vast.ai,marketplace,H100 SXM,4.066944444444444,1,79.65,334.5870942591725,82.26989545338577,221.33,814.5,", US",0.9987759,36551372
2026-09-20T10:53:43.681784+00:00,vast.ai,marketplace,H200 NVL,4.0681666666666665,1,140.4,452.7953551822942,111.30206608602423,283.35,1430.5,"Czechia, CZ",0.999508,28875918
2026-09-20T10:53:43.681784+00:00,vast.ai,marketplace,H200 NVL,4.110722222222222,1,140.4,452.6790432386844,110.12153552763532,188.86,160.5,"Texas, US",0.9980757,28418866
2026-09-20T10:53:43.681784+00:00,vast.ai,marketplace,H200 NVL,4.169611111111111,1,140.4,453.5397756829478,108.77268013661093,188.39,257.25,"Texas, US",0.9912168,50998118
2026-09-20T10:53:43.681784+00:00,vast.ai,marketplace,H200 NVL,4.206944444444445,1,140.4,437.2702854967422,103.94011408308167,125.77,1238.5,"Washington, US",0.9971036,44499509
2026-09-20T10:53:43.681784+00:00,vast.ai,marketplace,H200 NVL,4.496537037037037,1,140.4,452.5751725173041,100.64971527856589,251.93,1591.375,"Czechia, CZ",0.9977723,21829064
2026-09-20T10:53:43.681784+00:00,vast.ai,marketplace,H100 SXM,4.554722222222223,1,79.65,318.33840952201297,69.89194817827935,221.46,2262.5,", US",0.9980379,36346704
2026-09-20T10:53:43.681784+00:00,vast.ai,marketplace,H200,4.7386695906432745,1,140.4,493.35656392535316,104.11288537599432,377.93,2673.783493157569,"Saudi Arabia, SA",0.9986599,39605030
2026-09-20T10:53:43.681784+00:00,vast.ai,marketplace,B200,6.251302083333333,1,179.06,679.8966197281507,108.76080065636737,249.5,2705.5,"Oregon, US",0.9937867,51575923
2026-09-20T10:53:43.681784+00:00,vast.ai,marketplace,B200,9.381510416666666,1,179.06,699.9843071080609,74.61317805121315,249.5,2311.249963619898,", US",0.9931909,51061905
2026-09-20T10:53:43.681784+00:00,vast.ai,marketplace,B200,9.381510416666666,1,179.06,700.8980088321449,74.7105719338081,249.5,346.875,"Ohio, US",0.9879976,51062343
2026-09-20T10:53:43.681784+00:00,vast.ai,marketplace,RTX 5090,53.33435185185186,1,31.84,198.5319255741845,3.722402516967892,60.44,3260.0,"Ukraine, UA",0.9979294,46363452
