collected_at,provider,tier,gpu_model,price_usd_per_hr,num_gpus,gpu_ram_gb,dlperf,dlperf_per_dollar,cpu_ram_gb,disk_space_gb,region,reliability,offer_id
2026-10-05T13:57:54.403504+00:00,vast.ai,marketplace,GTX 1070,0.049388888888888885,1,8.0,2.662274401,53.910274400999995,7.82,77.5,"South Korea, KR",0.9980423,50595371
2026-10-05T13:57:54.403504+00:00,vast.ai,marketplace,RTX 3060,0.05268518518518519,1,12.0,12.273274401,232.96127440100003,23.56,372.75,"California, US",0.9665353,52692480
2026-10-05T13:57:54.403504+00:00,vast.ai,marketplace,GTX 1080,0.052055555555555556,1,8.0,3.351274401,64.381274401,15.52,127.30000000000001,"South Korea, KR",0.9977184,53794589
2026-10-05T13:57:54.403504+00:00,vast.ai,marketplace,GTX 1080,0.052055555555555556,1,8.0,3.330274401,63.979274401,10.46,262.48333333333335,"South Korea, KR",0.9923637,52708524
2026-10-05T13:57:54.403504+00:00,vast.ai,marketplace,GTX 1080,0.052055555555555556,1,8.0,3.330274401,63.979274401,15.54,159.0,"South Korea, KR",0.9981248,52708889
2026-10-05T13:57:54.403504+00:00,vast.ai,marketplace,GTX 1080,0.052055555555555556,1,8.0,3.351274401,64.381274401,15.52,117.0,"South Korea, KR",0.9931969,52708846
2026-10-05T13:57:54.403504+00:00,vast.ai,marketplace,GTX 1080,0.05472222222222223,1,8.0,3.351274401,61.243274401,10.46,223.5,"South Korea, KR",0.9965198,50870183
2026-10-05T13:57:54.403504+00:00,vast.ai,marketplace,Titan Xp,0.05472222222222223,1,12.0,5.757274401,105.212274401,10.45,235.84522167989508,"South Korea, KR",0.9949748,48369188
2026-10-05T13:57:54.403504+00:00,vast.ai,marketplace,GTX TITAN X,0.05472222222222223,1,12.0,3.355274401,61.310274401,7.76,132.0,"South Korea, KR",0.9936684,45748277
2026-10-05T13:57:54.403504+00:00,vast.ai,marketplace,RTX 3060,0.05472222222222223,1,12.0,12.477274401,228.010274401,18.33,238.83333333333331,"Quebec, CA",0.9966547,28852189
2026-10-05T13:57:54.403504+00:00,vast.ai,marketplace,RTX 3060,0.06092592592592593,1,12.0,11.246274401,184.589274401,15.63,55.0,"Poland, PL",0.9989168,45600114
2026-10-05T13:57:54.403504+00:00,vast.ai,marketplace,RTX 3060,0.06092592592592593,1,12.0,12.377274401000001,203.16227440100002,15.61,368.0,"Poland, PL",0.9993109,45598049
2026-10-05T13:57:54.403504+00:00,vast.ai,marketplace,Titan Xp,0.061388888888888896,1,12.0,5.757274401,93.786274401,10.46,257.889559340124,"South Korea, KR",0.9955518,48474940
2026-10-05T13:57:54.403504+00:00,vast.ai,marketplace,RTX 3060,0.061388888888888896,1,12.0,12.265274401000001,199.79827440100001,15.56,75.30000000000001,"South Korea, KR",0.9935082,50036201
2026-10-05T13:57:54.403504+00:00,vast.ai,marketplace,RTX 3060,0.061388888888888896,1,12.0,12.264274401,199.78627440100001,15.56,67.0,"South Korea, KR",0.9950879,48521540
2026-10-05T13:57:54.403504+00:00,vast.ai,marketplace,GTX 1080 Ti,0.06166666666666667,1,11.0,5.452274401,88.418274401,15.57,166.0,"Spain, ES",0.9921369,50865915
2026-10-05T13:57:54.403504+00:00,vast.ai,marketplace,GTX 1660 S,0.06272222222222221,1,6.0,1.688274401,26.912274400999998,15.67,384.725,"South Korea, KR",0.9967287,53989928
2026-10-05T13:57:54.403504+00:00,vast.ai,marketplace,GTX 1080 Ti,0.06405555555555556,1,11.0,5.316274401,82.992274401,15.52,156.0,"South Korea, KR",0.9952035,52613126
2026-10-05T13:57:54.403504+00:00,vast.ai,marketplace,GTX 1080 Ti,0.06405555555555556,1,11.0,5.212274401,81.373274401,15.62,190.2,"South Korea, KR",0.9957619,48765467
2026-10-05T13:57:54.403504+00:00,vast.ai,marketplace,GTX 1080 Ti,0.06405555555555556,1,11.0,5.212274401,81.373274401,7.73,190.5,"South Korea, KR",0.9963389,50029620
2026-10-05T13:57:54.403504+00:00,vast.ai,marketplace,GTX 1080 Ti,0.06405555555555556,1,11.0,5.212274401,81.373274401,7.73,182.5,"South Korea, KR",0.9968723,50029567
2026-10-05T13:57:54.403504+00:00,vast.ai,marketplace,RTX 3060,0.06405555555555556,1,12.0,12.543274401,195.81727440100002,10.46,234.16666666666666,"South Korea, KR",0.9961535,38722751
2026-10-05T13:57:54.403504+00:00,vast.ai,marketplace,GTX 1080 Ti,0.06405555555555557,1,11.0,5.212274401,81.373274401,31.28,37.0,"South Korea, KR",0.9978864,52706152
2026-10-05T13:57:54.403504+00:00,vast.ai,marketplace,RTX 2060S,0.06538888888888889,1,8.0,3.986274401,60.972274401,15.61,116.70000000000005,"Vietnam, VN",0.9942356,47528461
2026-10-05T13:57:54.403504+00:00,vast.ai,marketplace,RTX 3060,0.06538888888888889,1,12.0,12.548274401,191.898274401,20.97,243.77777777777777,"Finland, FI",0.9860023,54148060
2026-10-05T13:57:54.403504+00:00,vast.ai,marketplace,RTX 3060,0.06538888888888889,1,12.0,12.266274401,187.599274401,31.24,114.0,"South Korea, KR",0.9981651,51882233
2026-10-05T13:57:54.403504+00:00,vast.ai,marketplace,RTX 3060 laptop,0.06718518518518521,1,12.0,12.767274401,190.040274401,15.63,331.0,"New Zealand, NZ",0.997876,51669657
2026-10-05T13:57:54.403504+00:00,vast.ai,marketplace,Quadro P4000,0.06805555555555555,1,8.0,2.083274401,30.617274401,30.91,399.0,"Romania, RO",0.9976649,44056938
2026-10-05T13:57:54.403504+00:00,vast.ai,marketplace,GTX 1080 Ti,0.06805555555555555,1,11.0,5.212274401,76.59127440099999,15.64,299.0,"South Korea, KR",0.9973135,51203225
2026-10-05T13:57:54.403504+00:00,vast.ai,marketplace,Titan Xp,0.06805555555555555,1,12.0,5.434274401000001,79.859274401,8.96,102.28571428571428,"South Korea, KR",0.9966351,32787365
2026-10-05T13:57:54.403504+00:00,vast.ai,marketplace,RTX 3060,0.06805555555555555,1,12.0,12.548274401,184.379274401,31.32,722.0,"South Korea, KR",0.9975459,33328749
2026-10-05T13:57:54.403504+00:00,vast.ai,marketplace,Q RTX 4000,0.06805555555555555,1,8.0,4.1042744010000005,60.306274400999996,7.67,68.0,"Spain, ES",0.9755185,48583410
2026-10-05T13:57:54.403504+00:00,vast.ai,marketplace,RTX 2070,0.06805555555555555,1,8.0,4.1042744010000005,60.306274400999996,7.82,359.85,"South Korea, KR",0.9808646,50701341
2026-10-05T13:57:54.403504+00:00,vast.ai,marketplace,GTX 1660,0.06851851851851852,1,6.0,2.284274401,33.335274401,62.93,325.6779288520951,"United Kingdom, GB",0.997761,43339013
2026-10-05T13:57:54.403504+00:00,vast.ai,marketplace,RTX 3060,0.07472222222222222,1,12.0,12.474274401,166.94327440100002,31.18,101.0,"South Korea, KR",0.9984646,51265167
2026-10-05T13:57:54.403504+00:00,vast.ai,marketplace,RTX 3060,0.07472222222222222,1,12.0,12.275274401,164.284274401,31.18,21.0,"South Korea, KR",0.996225,50734954
2026-10-05T13:57:54.403504+00:00,vast.ai,marketplace,RTX 3060,0.07472222222222222,1,12.0,12.548274401,167.92927440100001,10.46,189.66666666666666,"South Korea, KR",0.980156,50735544
2026-10-05T13:57:54.403504+00:00,vast.ai,marketplace,RTX 3060,0.07472222222222222,1,12.0,11.693274401,156.49627440100002,15.54,141.0,"South Korea, KR",0.9986516,50735856
2026-10-05T13:57:54.403504+00:00,vast.ai,marketplace,RTX 3060,0.07472222222222222,1,12.0,12.006274401,160.677274401,15.55,102.0,"South Korea, KR",0.9961365,53984179
2026-10-05T13:57:54.403504+00:00,vast.ai,marketplace,RTX 3060 laptop,0.07518518518518519,1,12.0,12.781274401000001,170.005274401,15.66,163.325,"New Zealand, NZ",0.9957237,53975353
2026-10-05T13:57:54.403504+00:00,vast.ai,marketplace,RTX 4060,0.07611111111111112,1,8.0,15.653274401000001,205.66327440100002,15.72,128.75,"Nevada, US",0.9917431,50944073
2026-10-05T13:57:54.403504+00:00,vast.ai,marketplace,RTX 3060,0.07977777777777778,1,12.0,12.266274401,153.753274401,31.44,578.8145587085638,"Texas, US",0.9901835,49591769
2026-10-05T13:57:54.403504+00:00,vast.ai,marketplace,RTX 3060,0.08005555555555555,1,12.0,12.634274401,157.819274401,20.97,206.67499999999998,"Thailand, TH",0.9881656,52389478
2026-10-05T13:57:54.403504+00:00,vast.ai,marketplace,Tesla P40,0.08138888888888889,1,22.5,5.747274401,70.620274401,94.38,151.5,"Mexico, MX",0.9680928,53521857
2026-10-05T13:57:54.403504+00:00,vast.ai,marketplace,Tesla P100,0.08138888888888889,1,16.0,5.823274401000001,71.546274401,20.88,148.33333333333331,"Missouri, US",0.9859232,52971260
2026-10-05T13:57:54.403504+00:00,vast.ai,marketplace,Tesla V100,0.08138888888888889,1,16.0,18.196274401,223.571274401,31.43,358.5,"California, US",0.9656237,51994890
2026-10-05T13:57:54.403504+00:00,vast.ai,marketplace,RTX 3070,0.08138888888888889,1,8.0,16.273274401,199.950274401,31.32,42.0,"Vietnam, VN",0.9944206,49499650
2026-10-05T13:57:54.403504+00:00,vast.ai,marketplace,RTX 3060,0.08138888888888889,1,12.0,12.444274401000001,152.896274401,15.52,114.0,"South Korea, KR",0.9374798,54132179
2026-10-05T13:57:54.403504+00:00,vast.ai,marketplace,RTX 3060,0.08138888888888889,1,12.0,11.933274401,146.623274401,15.52,87.30000000000001,"South Korea, KR",0.9954357,54058503
2026-10-05T13:57:54.403504+00:00,vast.ai,marketplace,RTX 3060,0.08157407407407408,1,12.0,12.477274401,152.956274401,31.47,350.5579324932336,"Texas, US",0.9933743,41247441
2026-10-05T13:57:54.403504+00:00,vast.ai,marketplace,Tesla V100,0.08185185185185186,1,16.0,18.741274401,228.970274401,31.26,386.1875,"California, US",0.9677113,53561990
2026-10-05T13:57:54.403504+00:00,vast.ai,marketplace,RTX 4060,0.08185185185185186,1,8.0,15.641274401,191.09127440100002,15.72,35.47500000000001,"Nevada, US",0.9959456,49481977
2026-10-05T13:57:54.403504+00:00,vast.ai,marketplace,RTX 3060,0.08185185185185186,1,12.0,12.544274401000001,153.259274401,62.88,1156.7,"Utah, US",0.9981262,49992708
2026-10-05T13:57:54.403504+00:00,vast.ai,marketplace,RTX 2080 Ti,0.08277777777777778,1,22.0,11.045274401,133.440274401,31.44,246.10000000000002,"United States, US",0.9859739,54058112
2026-10-05T13:57:54.403504+00:00,vast.ai,marketplace,RTX A4000,0.0875925925925926,1,15.99,19.601274400999998,223.78227440100002,41.93,21.333333333333332,"Japan, JP",0.9919161,49619751
2026-10-05T13:57:54.403504+00:00,vast.ai,marketplace,RTX A4000,0.0875925925925926,1,15.99,16.904274401,192.987274401,23.49,309.5,"Poland, PL",0.9968153,45601701
2026-10-05T13:57:54.403504+00:00,vast.ai,marketplace,RTX A4000,0.0875925925925926,1,15.99,20.440274401,233.35927440100002,15.64,330.0,"Poland, PL",0.9989603,45598788
2026-10-05T13:57:54.403504+00:00,vast.ai,marketplace,RTX 3060 laptop,0.08851851851851852,1,12.0,12.781274401000001,144.397274401,15.59,372.65,"New Zealand, NZ",0.9979139,50497809
2026-10-05T13:57:54.403504+00:00,vast.ai,marketplace,RTX A4000,0.0915925925925926,1,15.99,19.490274400999997,212.795274401,41.93,69.48646234328363,"Japan, JP",0.9948084,49635431
2026-10-05T13:57:54.403504+00:00,vast.ai,marketplace,RTX A4000,0.0915925925925926,1,15.99,18.018274401,196.725274401,41.93,55.83333333333337,"Japan, JP",0.9900143,49633888
2026-10-05T13:57:54.403504+00:00,vast.ai,marketplace,GTX 1660 S,0.09407407407407407,1,6.0,1.700274401,18.071274401,125.9,853.0500000000001,"Quebec, CA",0.9977571,47927849
2026-10-05T13:57:54.403504+00:00,vast.ai,marketplace,RTX 3070,0.09425925925925926,1,8.0,16.281274400999997,172.732274401,31.18,293.0,"Vietnam, VN",0.9961154,49948874
2026-10-05T13:57:54.403504+00:00,vast.ai,marketplace,RTX 3060 Ti,0.09425925925925926,1,8.0,13.932274401,147.815274401,7.75,90.0,"Israel, IL",0.9844434,50916083
2026-10-05T13:57:54.403504+00:00,vast.ai,marketplace,Quadro P4000,0.09472222222222222,1,8.0,2.083274401,21.997274401,62.73,280.0,"United Kingdom, GB",0.9947789,53524843
2026-10-05T13:57:54.403504+00:00,vast.ai,marketplace,RTX 3070,0.09472222222222222,1,8.0,16.278274400999997,171.85227440100002,62.83,290.5,"Texas, US",0.9350772,54111204
2026-10-05T13:57:54.403504+00:00,vast.ai,marketplace,RTX 3060 Ti,0.09472222222222222,1,8.0,13.757274401,145.243274401,41.9,240.66666666666666,"Quebec, CA",0.946654,53728561
2026-10-05T13:57:54.403504+00:00,vast.ai,marketplace,Q RTX 5000,0.09518518518518519,1,16.0,6.974274401000001,73.275274401,31.44,128.75,"New York, US",0.9169453,50606626
2026-10-05T13:57:54.403504+00:00,vast.ai,marketplace,Tesla P100,0.09564814814814815,1,16.0,6.489274401,67.848274401,23.23,707.2245321224896,"Texas, US",0.9780094,48743420
2026-10-05T13:57:54.403504+00:00,vast.ai,marketplace,Tesla P100,0.09564814814814815,1,16.0,6.489274401,67.848274401,39.01,522.925,"Texas, US",0.9954648,48981933
2026-10-05T13:57:54.403504+00:00,vast.ai,marketplace,RTX 4060 Ti,0.09564814814814815,1,16.0,22.535274401,235.60327440100002,23.54,304.285256743614,"United States, US",0.9924296,47543124
2026-10-05T13:57:54.403504+00:00,vast.ai,marketplace,RTX 2080 Ti,0.10005555555555555,1,22.0,11.045274401,110.397274401,31.44,141.1261865258802,"Thailand, TH",0.9755383,51470059
2026-10-05T13:57:54.403504+00:00,vast.ai,marketplace,RTX 2080 Ti,0.10005555555555555,1,22.0,11.045274401,110.397274401,17.97,125.13444471954708,"Thailand, TH",0.9848282,50286295
2026-10-05T13:57:54.403504+00:00,vast.ai,marketplace,RTX 5060,0.10018518518518518,1,7.96,28.256274401,282.044274401,30.45,468.0,"India, IN",0.9534429,48558059
2026-10-05T13:57:54.403504+00:00,vast.ai,marketplace,Tesla V100,0.10138888888888888,1,16.0,16.428274401,162.039274401,62.86,3374.1,"Quebec, CA",0.9727778,53747995
2026-10-05T13:57:54.403504+00:00,vast.ai,marketplace,RTX 3060,0.10337777777777779,1,12.0,12.266274401,118.660274401,27.51,1018.75,"Texas, US",0.9981714,50069463
2026-10-05T13:57:54.403504+00:00,vast.ai,marketplace,RTX A4000,0.1063148148148148,1,15.99,21.188274400999997,199.29827440100001,39.26,331.3633556087872,"Estonia, EE",0.9974408,46119328
2026-10-05T13:57:54.403504+00:00,vast.ai,marketplace,Tesla P40,0.10672222222222222,1,24.0,5.879274401,55.087274401,62.81,697.0,"Thailand, TH",0.9789833,47185198
2026-10-05T13:57:54.403504+00:00,vast.ai,marketplace,RTX 4060 Ti,0.10680555555555556,1,16.0,22.522274400999997,210.878274401,23.57,250.26690017352246,"Jiangsu, CN",0.995132,49517350
2026-10-05T13:57:54.403504+00:00,vast.ai,marketplace,RTX 2060,0.10694444444444445,1,12.0,3.969274401,37.120274400999996,8.96,147.7142857142857,"South Korea, KR",0.9962026,35050682
2026-10-05T13:57:54.403504+00:00,vast.ai,marketplace,RTX 3060,0.10712962962962963,1,12.0,12.695274401,118.505274401,31.18,575.9000000000001,"Thailand, TH",0.992318,50460350
2026-10-05T13:57:54.403504+00:00,vast.ai,marketplace,RTX A4000,0.10805555555555556,1,15.99,21.173274400999997,195.95427440100002,17.95,345.58511271327876,"Michigan, US",0.982879,46301464
2026-10-05T13:57:54.403504+00:00,vast.ai,marketplace,RTX A4000,0.10805555555555556,1,15.99,21.627274400999998,200.154274401,39.28,252.25,"Delaware, US",0.9994764,45415100
2026-10-05T13:57:54.403504+00:00,vast.ai,marketplace,RTX 2060,0.10805555555555556,1,12.0,4.026274401,37.259274401,10.46,244.66666666666666,"South Korea, KR",0.9958392,49698958
2026-10-05T13:57:54.403504+00:00,vast.ai,marketplace,RTX 3080,0.10805555555555556,1,10.0,25.367274401,234.759274401,15.67,391.35,"South Korea, KR",0.9930257,47465907
2026-10-05T13:57:54.403504+00:00,vast.ai,marketplace,RTX 4060 Ti,0.10851851851851853,1,16.0,22.639274400999998,208.62127440100002,20.88,198.66666666666666,"Ohio, US",0.9751619,51630298
2026-10-05T13:57:54.403504+00:00,vast.ai,marketplace,RTX 3060,0.10898148148148148,1,12.0,12.266274401,112.552274401,31.46,165.12500000000003,"Norway, NO",0.9984409,13388143
2026-10-05T13:57:54.403504+00:00,vast.ai,marketplace,RTX 3060,0.10898148148148148,1,12.0,12.476274401000001,114.482274401,31.46,167.625,"Norway, NO",0.9927886,51941434
2026-10-05T13:57:54.403504+00:00,vast.ai,marketplace,RTX A2000,0.10898148148148148,1,5.99,8.576274401000001,78.697274401,62.89,700.5337055382662,"Norway, NO",0.9971595,29318075
2026-10-05T13:57:54.403504+00:00,vast.ai,marketplace,RTX 3060 Ti,0.10898148148148148,1,8.0,13.773274401,126.379274401,31.28,268.0,"Colorado, US",0.9853799,53733018
2026-10-05T13:57:54.403504+00:00,vast.ai,marketplace,RTX 4060 Ti,0.1126851851851852,1,16.0,22.510274401,199.768274401,31.47,168.625,", US",0.9937871,42171796
2026-10-05T13:57:54.403504+00:00,vast.ai,marketplace,RTX 3070,0.115,1,8.0,16.278274400999997,141.55027440100002,15.64,339.0,"Spain, ES",0.990277,52230480
2026-10-05T13:57:54.403504+00:00,vast.ai,marketplace,RTX 3060 laptop,0.11785185185185186,1,12.0,12.782274401,108.465274401,15.59,320.85,"New Zealand, NZ",0.9960431,51286013
2026-10-05T13:57:54.403504+00:00,vast.ai,marketplace,RTX 3060,0.12064814814814816,1,12.0,12.407274401,102.843274401,62.91,988.3000000000002,"Quebec, CA",0.9933786,53879542
2026-10-05T13:57:54.403504+00:00,vast.ai,marketplace,RTX 3080,0.12064814814814816,1,10.0,27.755274400999998,230.053274401,15.68,156.75,"Poland, PL",0.9755085,54200177
2026-10-05T13:57:54.403504+00:00,vast.ai,marketplace,RTX A4000,0.1213888888888889,1,15.99,21.015274401,173.123274401,15.67,129.76326530612243,"Utah, US",0.9755118,50588421
2026-10-05T13:57:54.403504+00:00,vast.ai,marketplace,RTX 3080 Ti,0.1213888888888889,1,12.0,26.468274401,218.04427440100002,15.67,205.0,"Taiwan, TW",0.9945062,50375376
2026-10-05T13:57:54.403504+00:00,vast.ai,marketplace,RTX 5060,0.1213888888888889,1,7.96,28.266274400999997,232.85827440100002,62.88,656.7229951955909,"United Kingdom, GB",0.9978008,48742491
2026-10-05T13:57:54.403504+00:00,vast.ai,marketplace,RTX 3070,0.12139022222222223,1,8.0,16.448274401,135.49727440100003,20.93,95.00000000000001,"Oklahoma, US",0.9910325,53049419
2026-10-05T13:57:54.403504+00:00,vast.ai,marketplace,RTX 3070,0.12175925925925928,1,8.0,16.281274400999997,133.719274401,31.15,378.0,"Brazil, BR",0.9964058,41360120
2026-10-05T13:57:54.403504+00:00,vast.ai,marketplace,RTX 5060 Ti,0.12185185185185186,1,15.93,38.503274401,315.989274401,38.22,275.5,"Serbia, RS",0.9917157,54022243
2026-10-05T13:57:54.403504+00:00,vast.ai,marketplace,RTX 3070 Ti,0.12231481481481482,1,8.0,18.313274400999997,149.725274401,31.41,358.25,"Norway, NO",0.9974068,36538844
2026-10-05T13:57:54.403504+00:00,vast.ai,marketplace,Tesla V100,0.12277777777777779,1,32.0,23.192274401,188.89527440100002,39.31,237.5,"United States, US",0.9746463,47619164
2026-10-05T13:57:54.403504+00:00,vast.ai,marketplace,Tesla V100,0.12277777777777779,1,32.0,23.192274401,188.89527440100002,39.31,292.32500000000005,"Nevada, US",0.9951603,49757626
2026-10-05T13:57:54.403504+00:00,vast.ai,marketplace,RTX 4070S,0.12601851851851853,1,11.99,34.736274400999996,275.647274401,11.78,158.75,"United States, US",0.9869769,42643523
2026-10-05T13:57:54.403504+00:00,vast.ai,marketplace,RTX 4060 Ti,0.12662962962962965,1,16.0,22.661274401,178.957274401,31.45,108.825,"Quebec, CA",0.9990844,54049428
2026-10-05T13:57:54.403504+00:00,vast.ai,marketplace,RTX 5060 Ti,0.12685185185185185,1,7.96,30.151274401,237.69127440100002,29.96,581.0,"India, IN",0.9483539,48558068
2026-10-05T13:57:54.403504+00:00,vast.ai,marketplace,RTX 5060 Ti,0.12685185185185185,1,15.93,38.460274401,303.193274401,29.96,604.0,"India, IN",0.9925777,51103810
2026-10-05T13:57:54.403504+00:00,vast.ai,marketplace,RTX 3080 Ti,0.12805555555555553,1,12.0,26.913274401,210.170274401,37.72,251.60000000000002,"Quebec, CA",0.9992749,54119496
2026-10-05T13:57:54.403504+00:00,vast.ai,marketplace,RTX 4060 Ti,0.12937962962962962,1,16.0,22.438274400999997,173.43127440100002,62.86,343.95,"Pennsylvania, US",0.988529,52678380
2026-10-05T13:57:54.403504+00:00,vast.ai,marketplace,RTX 4060 Ti,0.13091111111111112,1,16.0,22.897274400999997,174.905274401,15.63,338.0,"Romania, RO",0.9083114,53307219
2026-10-05T13:57:54.403504+00:00,vast.ai,marketplace,RTX 2070S,0.1338888888888889,1,8.0,4.635274401,34.624274401,125.88,5706.867571454866,"Quebec, CA",0.9944658,48608938
2026-10-05T13:57:54.403504+00:00,vast.ai,marketplace,RTX 3090,0.13472222222222222,1,24.0,44.339274401,329.11927440100004,31.42,328.325,"California, US",0.89651,54025933
2026-10-05T13:57:54.403504+00:00,vast.ai,marketplace,Tesla T4,0.13472222222222222,1,15.0,4.302274401,31.935274400999997,125.82,581.0,"Pennsylvania, US",0.9860123,50006707
2026-10-05T13:57:54.403504+00:00,vast.ai,marketplace,RTX 4060 Ti,0.13472222222222222,1,8.0,17.527274401,130.099274401,62.69,355.0,"Kentucky, US",0.9961865,13544719
2026-10-05T13:57:54.403504+00:00,vast.ai,marketplace,RTX 4060 Ti,0.13472222222222222,1,16.0,22.522274400999997,167.18127440100002,31.25,305.0,"Kentucky, US",0.9913765,48221812
2026-10-05T13:57:54.403504+00:00,vast.ai,marketplace,RTX 4060 Ti,0.13472222222222222,1,16.0,22.620274401,167.908274401,31.18,281.0,"Kentucky, US",0.990925,37529335
2026-10-05T13:57:54.403504+00:00,vast.ai,marketplace,RTX 5060 Ti,0.13472222222222222,1,15.93,38.382274401,284.90327440100003,31.45,338.95,"Switzerland, CH",0.990729,53186469
2026-10-05T13:57:54.403504+00:00,vast.ai,marketplace,RTX A2000,0.13564814814814816,1,5.99,8.576274401000001,63.226274401,125.78,1514.0,"Norway, NO",0.9977286,52457955
2026-10-05T13:57:54.403504+00:00,vast.ai,marketplace,RTX 4070,0.1361111111111111,1,11.99,20.539274401,150.899274401,20.96,93.81666666666668,"Washington, US",0.9993136,16213982
2026-10-05T13:57:54.403504+00:00,vast.ai,marketplace,RTX 3080,0.1361111111111111,1,20.0,34.472274401,253.26927440100002,62.89,726.15,"United States, US",0.8882014,53259696
2026-10-05T13:57:54.403504+00:00,vast.ai,marketplace,RTX 5060 Ti,0.13796296296296295,1,15.93,38.348274401,277.96327440100004,31.28,301.0,"Ontario, CA",0.939453,53903141
2026-10-05T13:57:54.403504+00:00,vast.ai,marketplace,RTX 3080,0.1391851851851852,1,10.0,20.156274400999997,144.821274401,10.4,152.33333333333331,"Spain, ES",0.9911809,50715181
2026-10-05T13:57:54.403504+00:00,vast.ai,marketplace,RTX 3090,0.13935185185185184,1,24.0,44.366274401,318.37427440100004,31.44,149.26661741712746,"United States, US",0.9750577,53644723
2026-10-05T13:57:54.403504+00:00,vast.ai,marketplace,RTX 3090,0.13935185185185184,1,24.0,44.366274401,318.37427440100004,47.19,633.25,"United States, US",0.9866987,41028912
2026-10-05T13:57:54.403504+00:00,vast.ai,marketplace,RTX 3060,0.14150000000000001,1,12.0,12.507274401,88.393274401,62.86,291.5,"New York, US",0.9980284,52140337
2026-10-05T13:57:54.403504+00:00,vast.ai,marketplace,RTX 5060 Ti,0.1457962962962963,1,15.93,38.887274401,266.72527440100004,41.93,3627.7444183687535,"Texas, US",0.9889776,54076321
2026-10-05T13:57:54.403504+00:00,vast.ai,marketplace,Titan V,0.14805555555555555,1,12.0,21.927274401,148.105274401,15.59,379.0,"South Korea, KR",0.9969368,52709208
2026-10-05T13:57:54.403504+00:00,vast.ai,marketplace,RTX 3080,0.14805555555555555,1,10.0,27.109274401,183.105274401,15.55,359.6,"Austria, AT",0.9804699,52468283
2026-10-05T13:57:54.403504+00:00,vast.ai,marketplace,RTX 3060 Ti,0.14805555555555555,1,8.0,13.860274401,93.618274401,110.12,124.0,"Massachusetts, US",0.9886481,46460414
2026-10-05T13:57:54.403504+00:00,vast.ai,marketplace,RTX 3060 Ti,0.14805555555555555,1,8.0,13.782274401,93.087274401,94.31,132.5,"Massachusetts, US",0.981261,51361325
2026-10-05T13:57:54.403504+00:00,vast.ai,marketplace,RTX 5070 Ti,0.14805555555555555,1,15.92,54.632274401,368.997274401,15.67,223.75,"South Korea, KR",0.9910385,38751874
2026-10-05T13:57:54.403504+00:00,vast.ai,marketplace,RTX 5070 Ti,0.14805555555555555,1,15.92,53.015274401,358.078274401,15.66,51.25,"South Korea, KR",0.9954729,38752227
2026-10-05T13:57:54.403504+00:00,vast.ai,marketplace,RTX 5070 Ti,0.14805555555555555,1,15.92,51.509274401,347.904274401,15.66,63.25,"South Korea, KR",0.9923266,38751996
2026-10-05T13:57:54.403504+00:00,vast.ai,marketplace,RTX 5060 Ti,0.14805555555555555,1,15.93,38.334274401,258.92227440100004,31.46,335.37916169613044,"Connecticut, US",0.9946989,49816733
2026-10-05T13:57:54.403504+00:00,vast.ai,marketplace,RTX 5060 Ti,0.14938888888888888,1,15.93,38.396274401,257.02327440100004,27.47,191.25,"Taiwan, TW",0.9948334,41702079
2026-10-05T13:57:54.403504+00:00,vast.ai,marketplace,RTX 5060 Ti,0.15083333333333335,1,15.93,35.039274401,232.303274401,23.4,264.0,"Romania, RO",0.9934759,53815675
2026-10-05T13:57:54.403504+00:00,vast.ai,marketplace,RTX 3090,0.15268518518518517,1,24.0,44.342274401,290.416274401,27.53,365.0,"California, US",0.9223571,50559387
2026-10-05T13:57:54.403504+00:00,vast.ai,marketplace,RTX 3090,0.15268518518518517,1,24.0,43.141274401,282.553274401,35.98,169.44285714285715,"United States, US",0.9948566,49828255
2026-10-05T13:57:54.403504+00:00,vast.ai,marketplace,RTX 3090,0.15268518518518517,1,24.0,44.194274401,289.449274401,31.46,288.875,"United States, US",0.9935641,51737580
2026-10-05T13:57:54.403504+00:00,vast.ai,marketplace,RTX 3090,0.15268518518518517,1,24.0,44.358274400999996,290.520274401,39.26,355.95,"California, US",0.9875294,51515507
2026-10-05T13:57:54.403504+00:00,vast.ai,marketplace,RTX 3090,0.15268518518518517,1,24.0,44.338274401,290.390274401,31.46,386.5,"United States, US",0.9870471,44375066
2026-10-05T13:57:54.403504+00:00,vast.ai,marketplace,RTX 5060 Ti,0.15537777777777778,1,15.93,38.382274401,247.028274401,125.78,1387.8433088673041,"Texas, US",0.9978339,32097992
2026-10-05T13:57:54.403504+00:00,vast.ai,marketplace,RTX 3070,0.1592542222222222,1,8.0,16.714274400999997,104.953274401,15.61,331.0,"Oklahoma, US",0.9674095,52610192
2026-10-05T13:57:54.403504+00:00,vast.ai,marketplace,RTX 3080,0.1605185185185185,1,10.0,27.071274401,168.65027440100002,15.52,1349.1,"Spain, ES",0.9927599,50765355
2026-10-05T13:57:54.403504+00:00,vast.ai,marketplace,RTX 3090,0.16092592592592592,1,24.0,44.602274400999995,277.164274401,31.05,444.0,"Spain, ES",0.995979,43573725
2026-10-05T13:57:54.403504+00:00,vast.ai,marketplace,RTX 5060 Ti,0.16115740740740742,1,15.93,38.382274401,238.16927440100002,31.36,287.5,"New Jersey, US",0.9974162,47407718
2026-10-05T13:57:54.403504+00:00,vast.ai,marketplace,Titan V,0.1613888888888889,1,12.0,21.929274400999997,135.878274401,15.59,374.0,"South Korea, KR",0.9979699,50869993
2026-10-05T13:57:54.403504+00:00,vast.ai,marketplace,RTX 4060 Ti,0.1613888888888889,1,8.0,18.011274400999998,111.605274401,31.18,683.0,"Mexico, MX",0.9970258,54254159
2026-10-05T13:57:54.403504+00:00,vast.ai,marketplace,RTX 4060 Ti,0.1613888888888889,1,16.0,22.590274401,139.976274401,31.27,307.0,"Kentucky, US",0.9927782,30829053
2026-10-05T13:57:54.403504+00:00,vast.ai,marketplace,RTX 4060 Ti,0.1613888888888889,1,16.0,22.522274400999997,139.557274401,15.63,135.0,"Ireland, IE",0.995879,53187518
2026-10-05T13:57:54.403504+00:00,vast.ai,marketplace,Tesla V100,0.1613888888888889,1,32.0,23.192274401,143.70327440100002,31.45,188.2976732587614,"British Columbia, CA",0.994703,45783726
2026-10-05T13:57:54.403504+00:00,vast.ai,marketplace,RTX 5060 Ti,0.1613888888888889,1,15.93,38.517274401,238.66327440100002,30.81,226.5,"France, FR",0.9976136,45637386
2026-10-05T13:57:54.403504+00:00,vast.ai,marketplace,RTX 3060 Ti,0.16231481481481483,1,8.0,13.775274401,84.871274401,62.96,353.3373830306224,"Norway, NO",0.9918854,53038590
2026-10-05T13:57:54.403504+00:00,vast.ai,marketplace,RTX 4060 Ti,0.16231481481481483,1,16.0,22.608274401,139.289274401,62.96,92.625,"Norway, NO",0.9971491,31011001
2026-10-05T13:57:54.403504+00:00,vast.ai,marketplace,RTX 5060 Ti,0.16231481481481483,1,15.93,38.403274401,236.59727440100002,41.89,551.6666666666666,"France, FR",0.9763044,52554316
2026-10-05T13:57:54.403504+00:00,vast.ai,marketplace,RTX 4070 laptop,0.16277777777777777,1,8.0,7.748274401000001,47.599274400999995,30.64,140.0,"Romania, RO",0.9633969,53477141
2026-10-05T13:57:54.403504+00:00,vast.ai,marketplace,Tesla T4,0.16749999999999998,1,16.0,4.400274401000001,26.272274400999997,125.93,2947.725,"Norway, NO",0.9977552,41364914
2026-10-05T13:57:54.403504+00:00,vast.ai,marketplace,RTX 5060 Ti,0.16759259259259257,1,15.93,38.389274401,229.065274401,31.44,154.5,"Australia, AU",0.9959863,54073759
2026-10-05T13:57:54.403504+00:00,vast.ai,marketplace,RTX 3090,0.16805555555555554,1,24.0,6.855274401000001,40.794274400999996,26.16,166.50000000000003,"Australia, AU",0.9533469,54249467
2026-10-05T13:57:54.403504+00:00,vast.ai,marketplace,RTX 3080,0.16805555555555554,1,10.0,26.965274401,160.45327440100002,31.14,99.0,"Argentina, AR",0.9852479,45863091
2026-10-05T13:57:54.403504+00:00,vast.ai,marketplace,RTX 5060 Ti,0.16805555555555554,1,15.93,38.880274401,231.355274401,62.72,666.0,"Ontario, CA",0.9987966,51229108
2026-10-05T13:57:54.403504+00:00,vast.ai,marketplace,RTX 4060 Ti,0.17425925925925925,1,16.0,22.498274401,129.111274401,31.19,161.7,"Argentina, AR",0.9839011,54039597
2026-10-05T13:57:54.403504+00:00,vast.ai,marketplace,RTX 3070,0.17472222222222222,1,8.0,12.245274401,70.08527440099999,10.42,243.33333333333331,"France, FR",0.9982723,51557332
2026-10-05T13:57:54.403504+00:00,vast.ai,marketplace,RTX 3080,0.17472222222222222,1,10.0,27.142274400999998,155.344274401,15.54,367.0,"Switzerland, CH",0.9775119,51928957
2026-10-05T13:57:54.403504+00:00,vast.ai,marketplace,RTX 3080 Ti,0.17472222222222222,1,12.0,34.700274401,198.605274401,36.64,485.66666666666663,"Quebec, CA",0.997962,44116401
2026-10-05T13:57:54.403504+00:00,vast.ai,marketplace,RTX 4060 Ti,0.17564814814814816,1,16.0,22.516274400999997,128.19327440100002,62.62,1500.0,"Texas, US",0.9592432,54228391
2026-10-05T13:57:54.403504+00:00,vast.ai,marketplace,RTX 4060 Ti,0.17564814814814816,1,16.0,22.516274400999997,128.19327440100002,31.33,1670.85,"Texas, US",0.8812997,54228390
2026-10-05T13:57:54.403504+00:00,vast.ai,marketplace,RTX 3090,0.17587962962962964,1,24.0,36.233274400999996,206.01327440100002,31.32,18.0,"Quebec, CA",0.9970495,17580332
2026-10-05T13:57:54.403504+00:00,vast.ai,marketplace,RTX 3090,0.17587962962962964,1,24.0,38.038274400999995,216.27627440100002,29.37,112.5,"Quebec, CA",0.9929707,49745142
2026-10-05T13:57:54.403504+00:00,vast.ai,marketplace,RTX 3090,0.17587962962962964,1,24.0,40.636274401,231.04927440100002,31.34,294.5,"Quebec, CA",0.9881612,49745114
2026-10-05T13:57:54.403504+00:00,vast.ai,marketplace,RTX 3080 Ti,0.17657407407407408,1,12.0,33.968274401,192.375274401,62.84,837.15,"Thailand, TH",0.9918683,54225173
2026-10-05T13:57:54.403504+00:00,vast.ai,marketplace,RTX 5060 Ti,0.1773888888888889,1,15.93,38.887274401,219.22227440100002,62.94,321.13369098726207,"Germany, DE",0.9971367,44053699
2026-10-05T13:57:54.403504+00:00,vast.ai,marketplace,RTX 5060 Ti,0.1773888888888889,1,15.93,38.517274401,217.136274401,62.94,332.175,"Germany, DE",0.9927238,48190496
2026-10-05T13:57:54.403504+00:00,vast.ai,marketplace,RTX 3080 Ti,0.1835925925925926,1,12.0,33.970274401,185.03227440100002,31.34,290.8,"Spain, ES",0.9862475,54292670
2026-10-05T13:57:54.403504+00:00,vast.ai,marketplace,RTX 3090,0.18672222222222223,1,24.0,44.604274401,238.880274401,39.15,560.1,"Ukraine, UA",0.9973945,54192332
2026-10-05T13:57:54.403504+00:00,vast.ai,marketplace,RTX 4000Ada,0.1877777777777778,1,20.0,31.308274401,166.731274401,31.39,288.75,"Romania, RO",0.9972583,54258968
2026-10-05T13:57:54.403504+00:00,vast.ai,marketplace,RTX 3090,0.18805555555555556,1,24.0,44.362274401,235.898274401,31.4,688.0883241616798,", CN",0.99807,44743857
2026-10-05T13:57:54.403504+00:00,vast.ai,marketplace,RTX 4000Ada,0.18805555555555556,1,20.0,31.322274400999998,166.56027440100002,62.39,601.0,"Switzerland, CH",0.9940974,52180811
2026-10-05T13:57:54.403504+00:00,vast.ai,marketplace,RTX 5060,0.18805555555555556,1,7.96,28.369274401,150.855274401,125.76,304.0,"Denmark, DK",0.9986313,51327064
2026-10-05T13:57:54.403504+00:00,vast.ai,marketplace,RTX 3080,0.18811111111111112,1,10.0,21.326274401,113.370274401,31.26,786.0,"Argentina, AR",0.9975648,29430973
2026-10-05T13:57:54.403504+00:00,vast.ai,marketplace,RTX 3090,0.18851851851851853,1,24.0,47.179274401,250.266274401,46.79,508.0,"Pakistan, PK",0.9960562,53845354
2026-10-05T13:57:54.403504+00:00,vast.ai,marketplace,RTX 3080,0.1891388888888889,1,10.0,26.483274401,140.021274401,20.55,105.66666666666666,"France, FR",0.9745834,47316816
2026-10-05T13:57:54.403504+00:00,vast.ai,marketplace,RTX 3090,0.19083333333333335,1,24.0,44.364274400999996,232.47827440100002,46.98,292.0,"Romania, RO",0.9233056,50151821
2026-10-05T13:57:54.403504+00:00,vast.ai,marketplace,RTX 3090,0.19083333333333335,1,24.0,43.981274401,230.47227440100002,29.3,306.0,"Romania, RO",0.9562679,54274849
2026-10-05T13:57:54.403504+00:00,vast.ai,marketplace,RTX 5080,0.19268518518518518,1,15.92,83.605274401,433.894274401,31.46,353.375,"United States, US",0.9838641,52959656
2026-10-05T13:57:54.403504+00:00,vast.ai,marketplace,RTX 3090,0.19314814814814815,1,24.0,44.837274401,232.141274401,125.73,124.0,"Hong Kong, HK",0.9712261,53496805
2026-10-05T13:57:54.403504+00:00,vast.ai,marketplace,RTX 3090 Ti,0.19518518518518518,1,23.99,46.194274401,236.66827440100002,62.81,494.5,"Vietnam, VN",0.9913084,53518048
2026-10-05T13:57:54.403504+00:00,vast.ai,marketplace,RTX 3090,0.1985185185185185,1,24.0,44.366274401,223.48527440100003,41.24,461.79999999999995,"Oklahoma, US",0.9969937,53535519
2026-10-05T13:57:54.403504+00:00,vast.ai,marketplace,RTX 3090,0.19987037037037036,1,24.0,47.891274401,239.61027440100003,62.87,245.0,"Ontario, CA",0.9778784,53453596
2026-10-05T13:57:54.403504+00:00,vast.ai,marketplace,RTX 4000Ada,0.20046296296296295,1,20.0,31.427274401,156.773274401,187.61,676.0,"Finland, FI",0.9706451,52802442
2026-10-05T13:57:54.403504+00:00,vast.ai,marketplace,RTX 3080,0.2009259259259259,1,10.0,26.546274400999998,132.12127440100002,15.66,196.0,"Taiwan, TW",0.9993765,36729002
2026-10-05T13:57:54.403504+00:00,vast.ai,marketplace,RTX 3090,0.20138888888888887,1,24.0,44.358274400999996,220.261274401,62.83,562.45,"Michigan, US",0.9976274,39264707
2026-10-05T13:57:54.403504+00:00,vast.ai,marketplace,RTX 3090,0.20138888888888887,1,24.0,44.347274401,220.208274401,62.89,632.75,"Pennsylvania, US",0.9973779,53546320
2026-10-05T13:57:54.403504+00:00,vast.ai,marketplace,RTX 3090,0.20138888888888887,1,24.0,44.726274401,222.09227440100003,23.57,153.25,"Chile, CL",0.9736361,54311344
2026-10-05T13:57:54.403504+00:00,vast.ai,marketplace,RTX 3090,0.20138888888888887,1,24.0,44.356274401,220.254274401,31.46,304.95,", CN",0.997619,45174325
2026-10-05T13:57:54.403504+00:00,vast.ai,marketplace,RTX 4000Ada,0.20138888888888887,1,20.0,31.245274401,155.15027440100002,31.41,468.75,"Hungary, HU",0.998554,36173713
2026-10-05T13:57:54.403504+00:00,vast.ai,marketplace,RTX 3080,0.20138888888888887,1,10.0,27.258274400999998,135.351274401,30.47,619.0,"Switzerland, CH",0.9622981,54206579
2026-10-05T13:57:54.403504+00:00,vast.ai,marketplace,RTX 3080,0.20138888888888887,1,10.0,27.110274400999998,134.619274401,31.32,442.9,"Taiwan, TW",0.9992656,35966568
2026-10-05T13:57:54.403504+00:00,vast.ai,marketplace,RTX 3080,0.20138888888888887,1,10.0,27.005274400999998,134.09727440100002,15.59,387.0,"Taiwan, TW",0.9911305,50519288
2026-10-05T13:57:54.403504+00:00,vast.ai,marketplace,RTX 3080,0.20138888888888887,1,10.0,27.256274401,135.34127440100002,15.59,324.0,"Taiwan, TW",0.9984444,37206301
2026-10-05T13:57:54.403504+00:00,vast.ai,marketplace,RTX 5070 Ti,0.20138888888888887,1,15.92,75.71327440099999,375.957274401,23.53,307.0,"Vietnam, VN",0.995003,45769829
2026-10-05T13:57:54.403504+00:00,vast.ai,marketplace,RTX 5070,0.20138888888888887,1,11.94,50.620274400999996,251.355274401,15.22,490.70000000000005,"Florida, US",0.9849514,54225390
2026-10-05T13:57:54.403504+00:00,vast.ai,marketplace,RTX 5060 Ti,0.20143518518518516,1,15.93,38.375274401,190.512274401,31.0,674.0,"Japan, JP",0.9700996,53422793
2026-10-05T13:57:54.403504+00:00,vast.ai,marketplace,RTX 3090,0.20185185185185184,1,24.0,44.646274401,221.18527440100002,125.77,236.0,"Poland, PL",0.9760868,31250705
2026-10-05T13:57:54.403504+00:00,vast.ai,marketplace,RTX 4070S Ti,0.20185185185185184,1,15.99,52.698274401,261.073274401,50.34,285.2,"Bulgaria, BG",0.9765335,53719523
2026-10-05T13:57:54.403504+00:00,vast.ai,marketplace,RTX 5070,0.20185185185185184,1,11.94,49.876274400999996,247.095274401,30.46,1506.0,"Utah, US",0.9943887,50234335
2026-10-05T13:57:54.403504+00:00,vast.ai,marketplace,RTX PRO 4000,0.2023148148148148,1,23.89,65.668274401,324.585274401,62.86,651.5,"Alberta, CA",0.986398,53630776
2026-10-05T13:57:54.403504+00:00,vast.ai,marketplace,RTX 3090,0.20884259259259258,1,24.0,44.363274401,212.42527440100002,41.92,364.66666666666663,"Germany, DE",0.9935118,53232328
2026-10-05T13:57:54.403504+00:00,vast.ai,marketplace,Tesla V100,0.20938888888888887,1,32.0,25.713274401,122.800274401,94.14,1122.75,"Minnesota, US",0.998289,46400813
2026-10-05T13:57:54.403504+00:00,vast.ai,marketplace,RTX 5070 Ti,0.2111851851851852,1,15.92,75.845274401,359.143274401,29.97,477.5,"Kansas, US",0.9939482,42372178
2026-10-05T13:57:54.403504+00:00,vast.ai,marketplace,RTX 5070 Ti,0.21205555555555555,1,15.92,65.712274401,309.882274401,31.31,1571.0,"Vietnam, VN",0.9980577,52843292
2026-10-05T13:57:54.403504+00:00,vast.ai,marketplace,RTX 3080,0.2127925925925926,1,10.0,24.809274401,116.58827440099999,62.79,349.0,"Spain, ES",0.9761353,53658513
2026-10-05T13:57:54.403504+00:00,vast.ai,marketplace,RTX 5060 Ti,0.21379629629629632,1,15.93,38.389274401,179.56127440100002,125.94,10115.506763232575,"Denmark, DK",0.9949292,49967736
2026-10-05T13:57:54.403504+00:00,vast.ai,marketplace,RTX 4070S Ti,0.21472222222222223,1,15.99,50.885274401,236.98427440100002,62.94,374.25,"Arizona, US",0.9921963,54239516
2026-10-05T13:57:54.403504+00:00,vast.ai,marketplace,RTX 3080 Ti,0.21472222222222223,1,12.0,32.327274401,150.55627440100002,15.66,211.5,"Taiwan, TW",0.9995083,49746675
2026-10-05T13:57:54.403504+00:00,vast.ai,marketplace,RTX 3080 Ti,0.21472222222222223,1,12.0,34.522274401,160.77627440100002,15.59,377.0,"Taiwan, TW",0.9986876,37609801
2026-10-05T13:57:54.403504+00:00,vast.ai,marketplace,RTX 3080 Ti,0.21472222222222223,1,12.0,34.523274401,160.78127440100002,15.59,294.0,"Taiwan, TW",0.9982241,42962386
2026-10-05T13:57:54.403504+00:00,vast.ai,marketplace,Tesla V100,0.21472222222222223,1,32.0,25.713274401,119.750274401,39.28,779.75,"Utah, US",0.9739767,54056140
2026-10-05T13:57:54.403504+00:00,vast.ai,marketplace,RTX 5070,0.21472222222222223,1,11.94,49.975274401,232.74627440100002,31.41,170.475,"Connecticut, US",0.9903582,51996964
2026-10-05T13:57:54.403504+00:00,vast.ai,marketplace,RTX 3090,0.2151851851851852,1,24.0,44.643274401,207.463274401,62.96,335.9,"Quebec, CA",0.9513105,30580305
2026-10-05T13:57:54.403504+00:00,vast.ai,marketplace,RTX 5060 Ti,0.21564814814814817,1,15.93,38.382274401,177.988274401,47.04,1670.85,"Texas, US",0.9966139,54228206
2026-10-05T13:57:54.403504+00:00,vast.ai,marketplace,RTX 3090,0.2163888888888889,1,24.0,20.610274400999998,95.248274401,31.41,65.25,"Indonesia, ID",0.9943224,43373950
2026-10-05T13:57:54.403504+00:00,vast.ai,marketplace,Tesla V100,0.2188888888888889,1,32.0,25.713274401,117.470274401,62.87,1620.75,"Bulgaria, BG",0.9874185,35822233
2026-10-05T13:57:54.403504+00:00,vast.ai,marketplace,Tesla V100,0.2188888888888889,1,32.0,25.713274401,117.470274401,94.27,761.75,"Bulgaria, BG",0.9864946,44696067
2026-10-05T13:57:54.403504+00:00,vast.ai,marketplace,RTX 4070S,0.21990840325925926,1,11.99,34.694274401,157.766274401,15.68,384.75,"California, US",0.9879258,51485188
2026-10-05T13:57:54.403504+00:00,vast.ai,marketplace,RTX 3090,0.2202777777777778,1,24.0,44.367274400999996,201.415274401,31.03,1336.0,"Illinois, US",0.9964074,47118064
2026-10-05T13:57:54.403504+00:00,vast.ai,marketplace,RTX 4080S,0.22138888888888889,1,31.99,71.831274401,324.460274401,62.96,223.75,"Japan, JP",0.9962162,46468359
2026-10-05T13:57:54.403504+00:00,vast.ai,marketplace,RTX 5060 Ti,0.22225925925925927,1,15.93,38.453274401,173.01327440100002,31.36,837.9,"Japan, JP",0.9609955,52992623
2026-10-05T13:57:54.403504+00:00,vast.ai,marketplace,RTX 4060 Ti,0.2253888888888889,1,16.0,22.504274401,99.849274401,62.94,171.2518120679837,"Quebec, CA",0.9980962,49744628
2026-10-05T13:57:54.403504+00:00,vast.ai,marketplace,RTX 4060 Ti,0.2253888888888889,1,16.0,22.535274401,99.982274401,62.89,714.75,"Quebec, CA",0.9982432,49645018
2026-10-05T13:57:54.403504+00:00,vast.ai,marketplace,RTX 3090,0.22805555555555557,1,24.0,44.366274401,194.540274401,62.89,77.25,"Oman, OM",0.9908265,54323961
2026-10-05T13:57:54.403504+00:00,vast.ai,marketplace,RTX 5060 Ti,0.22805555555555557,1,15.93,38.369274401,168.244274401,30.98,684.0,"Japan, JP",0.9945107,53607565
2026-10-05T13:57:54.403504+00:00,vast.ai,marketplace,RTX 5070 Ti,0.22944444444444445,1,15.92,13.856274401,60.389274401,15.21,194.5,"Romania, RO",0.9817163,53551213
2026-10-05T13:57:54.403504+00:00,vast.ai,marketplace,RTX A5000,0.23205555555555557,1,23.99,35.344274401,152.31227440100002,100.7,28.0,"Romania, RO",0.9983888,13273577
2026-10-05T13:57:54.403504+00:00,vast.ai,marketplace,RTX 5060 Ti,0.23505925925925925,1,15.93,38.887274401,165.43727440100002,94.17,1675.8,"Japan, JP",0.9198055,54057250
2026-10-05T13:57:54.403504+00:00,vast.ai,marketplace,RTX 4070S Ti,0.2358333333333333,1,15.99,51.026274401,216.36627440100003,31.35,1670.85,"Texas, US",0.9917901,54228161
2026-10-05T13:57:54.403504+00:00,vast.ai,marketplace,RTX 3090,0.24092592592592593,1,24.0,44.329274401,183.994274401,78.53,1308.5500000000006,"Quebec, CA",0.9948236,49987155
2026-10-05T13:57:54.403504+00:00,vast.ai,marketplace,RTX 5080,0.24092592592592593,1,15.92,83.825274401,347.930274401,62.37,3647.693731852446,"Washington, US",0.9858304,53578812
2026-10-05T13:57:54.403504+00:00,vast.ai,marketplace,RTX 5070,0.24092592592592593,1,11.94,50.073274401,207.838274401,62.67,639.0,"Nevada, US",0.9954498,51172652
2026-10-05T13:57:54.403504+00:00,vast.ai,marketplace,RTX 4070S,0.24131263925925922,1,11.99,34.726274401,143.904274401,15.7,179.875,"California, US",0.9825433,52442788
2026-10-05T13:57:54.403504+00:00,vast.ai,marketplace,RTX 3090,0.2413888888888889,1,24.0,44.368274401,183.80527440100002,31.4,734.15,"Nevada, US",0.9893433,53433775
2026-10-05T13:57:54.403504+00:00,vast.ai,marketplace,Titan RTX,0.2413888888888889,1,24.0,12.057274401,49.949274401,15.59,352.5,"South Korea, KR",0.9975676,50869877
2026-10-05T13:57:54.403504+00:00,vast.ai,marketplace,Titan RTX,0.2413888888888889,1,24.0,12.057274401,49.949274401,31.32,341.0,"South Korea, KR",0.9986479,50736362
2026-10-05T13:57:54.403504+00:00,vast.ai,marketplace,RTX 3090 Ti,0.2413888888888889,1,23.99,46.195274401,191.373274401,62.82,632.0,"Vietnam, VN",0.9962301,35612014
2026-10-05T13:57:54.403504+00:00,vast.ai,marketplace,RTX 4080,0.2413888888888889,1,15.99,53.109274401,220.017274401,31.33,350.5,"Nevada, US",0.9947972,51350827
2026-10-05T13:57:54.403504+00:00,vast.ai,marketplace,RTX 5060 Ti,0.2413888888888889,1,15.93,38.859274401,160.98327440100002,46.71,3336.5,"Ohio, US",0.9982688,53119896
2026-10-05T13:57:54.403504+00:00,vast.ai,marketplace,RTX 3090,0.24185185185185187,1,24.0,44.367274400999996,183.44827440100002,31.4,245.0,"Utah, US",0.9960866,54055984
2026-10-05T13:57:54.403504+00:00,vast.ai,marketplace,RTX 3080 Ti,0.24185185185185187,1,12.0,33.970274401,140.46027440100002,31.19,725.2,"Florida, US",0.9963774,53420449
2026-10-05T13:57:54.403504+00:00,vast.ai,marketplace,RTX PRO 4000,0.24231481481481484,1,23.89,66.875274401,275.984274401,125.78,1562.35,"Hungary, HU",0.9873508,54126847
2026-10-05T13:57:54.403504+00:00,vast.ai,marketplace,RTX 5070,0.2427777777777778,1,11.94,50.167274401,206.641274401,15.26,1503.5,"Ukraine, UA",0.97792,53492114
2026-10-05T13:57:54.403504+00:00,vast.ai,marketplace,RTX 4080,0.2441666666666667,1,15.99,50.559274400999996,207.06827440100002,62.88,131.75,"Ontario, CA",0.9982767,49852981
2026-10-05T13:57:54.403504+00:00,vast.ai,marketplace,RTX 3090,0.24462962962962964,1,24.0,44.290274401,181.052274401,70.73,317.75,"Bulgaria, BG",0.9819694,51020105
2026-10-05T13:57:54.403504+00:00,vast.ai,marketplace,RTX 5070 Ti,0.24462962962962964,1,15.92,75.980274401,310.592274401,62.57,1558.0,"Illinois, US",0.9925336,49939692
2026-10-05T13:57:54.403504+00:00,vast.ai,marketplace,RTX 3090,0.24718518518518515,1,24.0,23.727274401,95.990274401,31.4,775.0,"Norway, NO",0.9982137,53475797
2026-10-05T13:57:54.403504+00:00,vast.ai,marketplace,RTX 3090 Ti,0.24805555555555553,1,23.99,45.455274401,183.24527440100002,31.35,257.5,"Florida, US",0.9949106,48610460
2026-10-05T13:57:54.403504+00:00,vast.ai,marketplace,RTX 3090,0.25385185185185183,1,24.0,44.597274401,175.683274401,31.24,275.023235469216,"Spain, ES",0.9925788,53110641
2026-10-05T13:57:54.403504+00:00,vast.ai,marketplace,Q RTX 8000,0.25425925925925924,1,45.0,11.590274401,45.584274401,47.22,82.40010729682564,"Indiana, US",0.9979499,24936692
2026-10-05T13:57:54.403504+00:00,vast.ai,marketplace,RTX PRO 4000,0.2546968888888889,1,23.89,66.850274401,262.471274401,62.92,593.5,"Quebec, CA",0.9971439,52493306
2026-10-05T13:57:54.403504+00:00,vast.ai,marketplace,RTX 4000Ada,0.2547222222222222,1,20.0,31.287274400999998,122.830274401,62.88,347.75,"France, FR",0.9539834,54111165
2026-10-05T13:57:54.403504+00:00,vast.ai,marketplace,RTX PRO 4000,0.2547222222222222,1,23.89,66.83827440099999,262.397274401,30.92,706.0,"Switzerland, CH",0.9922828,53482310
2026-10-05T13:57:54.403504+00:00,vast.ai,marketplace,RTX 3090,0.25914546807407407,1,24.0,44.606274401,172.130274401,31.41,375.725,"California, US",0.9408539,52591888
2026-10-05T13:57:54.403504+00:00,vast.ai,marketplace,RTX 5080,0.26046296296296295,1,15.92,83.675274401,321.255274401,62.43,1451.0,"France, FR",0.9906622,54196787
2026-10-05T13:57:54.403504+00:00,vast.ai,marketplace,RTX 4080,0.2613888888888889,1,15.99,53.173274401,203.426274401,31.23,654.0,"Taiwan, TW",0.9992665,54309929
2026-10-05T13:57:54.403504+00:00,vast.ai,marketplace,Tesla V100,0.2613888888888889,1,32.0,25.713274401,98.370274401,94.32,1236.5267008065507,"Minnesota, US",0.9994398,44175684
2026-10-05T13:57:54.403504+00:00,vast.ai,marketplace,RTX 4080,0.2675925925925926,1,15.99,53.173274401,198.71027440100002,62.71,575.0,"Nevada, US",0.9964204,54060858
2026-10-05T13:57:54.403504+00:00,vast.ai,marketplace,RTX 5080,0.2675925925925926,1,15.92,83.736274401,312.924274401,46.69,465.5,"California, US",0.9818273,53789538
2026-10-05T13:57:54.403504+00:00,vast.ai,marketplace,RTX PRO 4000,0.2675925925925926,1,23.89,65.740274401,245.67327440100001,32.72,2007.6171645701781,"Australia, AU",0.9974802,49601337
2026-10-05T13:57:54.403504+00:00,vast.ai,marketplace,RTX 5060 Ti,0.2677777777777778,1,15.93,38.845274401,145.06727440100002,503.88,669.4674144078094,"Texas, US",0.9947617,53710921
2026-10-05T13:57:54.403504+00:00,vast.ai,marketplace,RTX 3090,0.26805555555555555,1,24.0,44.843274401,167.289274401,31.37,66.0,"Ontario, CA",0.9459485,52513853
2026-10-05T13:57:54.403504+00:00,vast.ai,marketplace,RTX 4070,0.26805555555555555,1,11.99,33.723274401,125.808274401,62.68,1479.0,"Kentucky, US",0.9946812,53613016
2026-10-05T13:57:54.403504+00:00,vast.ai,marketplace,RTX 2060S,0.26805555555555555,1,8.0,3.876274401,14.460274401000001,23.4,2407.0,"California, US",0.9597694,50950849
2026-10-05T13:57:54.403504+00:00,vast.ai,marketplace,RTX 4070S Ti,0.26805555555555555,1,15.99,51.010274401,190.296274401,62.82,1562.3457636993585,"Minnesota, US",0.9997478,53490813
2026-10-05T13:57:54.403504+00:00,vast.ai,marketplace,RTX 3090 Ti,0.26805555555555555,1,23.99,46.189274401,172.31227440100002,62.82,136.5,"Oman, OM",0.9905437,54325695
2026-10-05T13:57:54.403504+00:00,vast.ai,marketplace,RTX 4080,0.26805555555555555,1,15.99,50.752274401,189.33627440100003,31.25,1421.0,"Norway, NO",0.9911616,51095354
2026-10-05T13:57:54.403504+00:00,vast.ai,marketplace,RTX 4080,0.26805555555555555,1,15.99,53.179274401,198.38927440100002,23.45,1522.0,"North Carolina, US",0.9961217,39750748
2026-10-05T13:57:54.403504+00:00,vast.ai,marketplace,L4,0.26805555555555555,1,22.49,25.336274400999997,94.520274401,23.52,293.0,"Brazil, BR",0.9865887,54178936
2026-10-05T13:57:54.403504+00:00,vast.ai,marketplace,RTX 5070 Ti,0.26805555555555555,1,15.92,75.764274401,282.646274401,15.59,364.0,"South Korea, KR",0.9969292,50736215
2026-10-05T13:57:54.403504+00:00,vast.ai,marketplace,RTX 3080 Ti,0.2685185185185185,1,12.0,34.702274401,129.238274401,31.41,691.25,"Florida, US",0.9941286,49921398
2026-10-05T13:57:54.403504+00:00,vast.ai,marketplace,RTX 4060 Ti,0.2685185185185185,1,16.0,22.529274401,83.901274401,124.44,525.5508865328034,"Texas, US",0.9982848,37119317
2026-10-05T13:57:54.403504+00:00,vast.ai,marketplace,RTX 3090,0.2689814814814815,1,24.0,44.289274401,164.655274401,83.84,934.0,"Ontario, CA",0.9978449,54314464
2026-10-05T13:57:54.403504+00:00,vast.ai,marketplace,RTX 5080,0.2689814814814815,1,15.92,83.732274401,311.296274401,125.78,631.5,"Spain, ES",0.997685,53424634
2026-10-05T13:57:54.403504+00:00,vast.ai,marketplace,RTX PRO 4000,0.2689814814814815,1,23.89,65.752274401,244.44927440100003,41.92,450.5,"France, FR",0.996338,47658246
2026-10-05T13:57:54.403504+00:00,vast.ai,marketplace,RTX PRO 4000,0.2689814814814815,1,23.89,65.824274401,244.71627440100002,41.92,402.16666666666663,"Ontario, CA",0.9956148,44205409
2026-10-05T13:57:54.403504+00:00,vast.ai,marketplace,RTX PRO 4000,0.2689814814814815,1,23.89,65.740274401,244.404274401,61.48,589.0,"Slovakia, SK",0.9928163,50296580
2026-10-05T13:57:54.403504+00:00,vast.ai,marketplace,RTX PRO 4000,0.2689814814814815,1,23.89,65.644274401,244.04827440100001,125.96,392.875,"United Kingdom, GB",0.9917072,51601836
2026-10-05T13:57:54.403504+00:00,vast.ai,marketplace,RTX A5000,0.26944444444444443,1,22.49,32.030274401,118.877274401,47.19,52.875,"Delaware, US",0.9996502,45242052
2026-10-05T13:57:54.403504+00:00,vast.ai,marketplace,RTX 3090,0.26944444444444443,1,24.0,44.366274401,164.65727440100002,62.62,1526.0,"Texas, US",0.9564684,54228079
2026-10-05T13:57:54.403504+00:00,vast.ai,marketplace,RTX 3060,0.2712555555555555,1,12.0,12.273274401,45.247274401,15.73,158.2016245994193,"Czechia, CZ",0.9991141,46528530
2026-10-05T13:57:54.403504+00:00,vast.ai,marketplace,RTX 5080,0.2712962962962963,1,15.92,83.805274401,308.906274401,61.7,646.0,"France, FR",0.9021198,53677293
2026-10-05T13:57:54.403504+00:00,vast.ai,marketplace,RTX 5070 Ti,0.2712962962962963,1,15.92,75.818274401,279.46827440100003,29.96,748.0,"Colorado, US",0.9951344,48756090
2026-10-05T13:57:54.403504+00:00,vast.ai,marketplace,RTX 3060,0.28069444444444447,1,12.0,12.415274401,44.231274401,743.44,1360.9499999999998,"Quebec, CA",0.8120201,54129484
2026-10-05T13:57:54.403504+00:00,vast.ai,marketplace,RTX 3090,0.2813888888888889,1,24.0,44.354274401,157.625274401,35.96,814.4571428571428,"Utah, US",0.99181,50807805
2026-10-05T13:57:54.403504+00:00,vast.ai,marketplace,RTX 4080,0.2827777777777778,1,15.99,53.179274401,188.06027440100002,31.32,414.0,"Arizona, US",0.9891898,53299939
2026-10-05T13:57:54.403504+00:00,vast.ai,marketplace,RTX PRO 4000,0.2827777777777778,1,23.89,65.644274401,232.141274401,30.28,605.0,"Norway, NO",0.9730204,53689673
2026-10-05T13:57:54.403504+00:00,vast.ai,marketplace,RTX 3090,0.2942592592592593,1,24.0,44.364274400999996,150.767274401,31.45,296.568438569285,"Czechia, CZ",0.9586489,30293576
2026-10-05T13:57:54.403504+00:00,vast.ai,marketplace,RTX 3090,0.2942592592592593,1,24.0,44.613274401,151.612274401,50.3,89.2,"Czechia, CZ",0.974617,33877197
2026-10-05T13:57:54.403504+00:00,vast.ai,marketplace,RTX 3090,0.2942592592592593,1,24.0,34.719274401,117.988274401,31.43,252.75,"Czechia, CZ",0.9969039,20130145
2026-10-05T13:57:54.403504+00:00,vast.ai,marketplace,RTX 5080,0.2947222222222222,1,15.92,83.815274401,284.388274401,31.28,701.0,"Taiwan, TW",0.9969592,47178769
2026-10-05T13:57:54.403504+00:00,vast.ai,marketplace,RTX 3090 Ti,0.295,1,23.99,42.071274401,142.61427440100002,31.3,597.0,"Spain, ES",0.980198,52056954
2026-10-05T13:57:54.403504+00:00,vast.ai,marketplace,RTX 4080S,0.2961111111111111,1,15.99,55.647274401,187.926274401,31.28,402.0,"Arizona, US",0.9882005,53299942
2026-10-05T13:57:54.403504+00:00,vast.ai,marketplace,RTX 5080,0.297962962962963,1,15.92,83.70127440099999,280.913274401,124.91,1463.0,"Georgia, US",0.9859432,52689966
2026-10-05T13:57:54.403504+00:00,vast.ai,marketplace,RTX 5080,0.30324074074074076,1,15.92,83.753274401,276.193274401,62.88,969.25,"North Carolina, US",0.9854347,46903149
2026-10-05T13:57:54.403504+00:00,vast.ai,marketplace,RTX 3090,0.30759259259259264,1,24.0,48.802274401,158.66127440100001,62.85,1276.2,"Latvia, LV",0.9420803,54261944
2026-10-05T13:57:54.403504+00:00,vast.ai,marketplace,RTX 5080,0.3080555555555556,1,15.92,83.856274401,272.21327440100004,62.83,1109.0,"Ireland, IE",0.9963743,54000682
2026-10-05T13:57:54.403504+00:00,vast.ai,marketplace,RTX 5070 Ti,0.3080555555555556,1,15.92,75.959274401,246.57827440100002,62.44,1675.8,"Japan, JP",0.9784497,52970479
2026-10-05T13:57:54.403504+00:00,vast.ai,marketplace,RTX 5070 Ti,0.3080555555555556,1,15.92,78.165274401,253.738274401,125.64,322.0,"Latvia, LV",0.9922673,53471422
2026-10-05T13:57:54.403504+00:00,vast.ai,marketplace,RTX 3090,0.30842592592592594,1,24.0,44.450274401,144.12127440100002,31.41,292.75,"France, FR",0.9963398,47952508
2026-10-05T13:57:54.403504+00:00,vast.ai,marketplace,RTX PRO 4000,0.3085740740740741,1,23.89,66.911274401,216.84127440100002,31.44,511.2319029943424,"North Carolina, US",0.9818689,53419827
2026-10-05T13:57:54.403504+00:00,vast.ai,marketplace,L4,0.30990740740740746,1,22.49,25.344274401,81.779274401,46.19,311.0,"Utah, US",0.9957364,48000711
2026-10-05T13:57:54.403504+00:00,vast.ai,marketplace,RTX 3090,0.31425925925925924,1,24.0,44.608274400999996,141.94727440100002,125.48,1384.0,"Quebec, CA",0.9976706,53584291
2026-10-05T13:57:54.403504+00:00,vast.ai,marketplace,RTX 3090,0.32092592592592595,1,24.0,40.527274401,126.283274401,251.8,1645.8,"Texas, US",0.9688993,54322417
2026-10-05T13:57:54.403504+00:00,vast.ai,marketplace,RTX 5080,0.32092592592592595,1,15.92,84.114274401,262.099274401,30.2,3253.0,"Minnesota, US",0.9973976,50441923
2026-10-05T13:57:54.403504+00:00,vast.ai,marketplace,RTX 3090,0.3227764444444444,1,24.0,44.367274400999996,137.45527440100003,30.27,633.0,"Indonesia, ID",0.9693105,53501408
2026-10-05T13:57:54.403504+00:00,vast.ai,marketplace,L4,0.3232407407407408,1,22.49,25.306274401,78.291274401,25.12,17.200000000000045,"Utah, US",0.9964124,35999128
2026-10-05T13:57:54.403504+00:00,vast.ai,marketplace,L4,0.3232407407407408,1,22.49,25.306274401,78.291274401,25.12,182.66,"Utah, US",0.995152,49883396
2026-10-05T13:57:54.403504+00:00,vast.ai,marketplace,RTX 4090,0.3329814814814815,1,23.99,97.307274401,292.23227440100004,50.37,221.3,"Vietnam, VN",0.9840942,53657603
2026-10-05T13:57:54.403504+00:00,vast.ai,marketplace,L4,0.33425925925925926,1,22.49,25.314274401,75.732274401,62.75,415.5,"Czechia, CZ",0.9970007,35835963
2026-10-05T13:57:54.403504+00:00,vast.ai,marketplace,L4,0.33425925925925926,1,22.49,25.321274401,75.754274401,62.75,554.5,"Czechia, CZ",0.984211,36578873
2026-10-05T13:57:54.403504+00:00,vast.ai,marketplace,L4,0.3347222222222222,1,22.49,25.829274401,77.167274401,100.75,477.8,"Ireland, IE",0.9971569,24134627
2026-10-05T13:57:54.403504+00:00,vast.ai,marketplace,L4,0.3347222222222222,1,22.49,25.329274401,75.672274401,47.14,254.0,"Czechia, CZ",0.9977715,49498406
2026-10-05T13:57:54.403504+00:00,vast.ai,marketplace,Tesla V100,0.3347222222222222,1,32.0,25.713274401,76.819274401,94.32,1523.875,"Minnesota, US",0.9993364,38405395
2026-10-05T13:57:54.403504+00:00,vast.ai,marketplace,RTX 5080,0.3347222222222222,1,15.92,83.743274401,250.18727440100002,31.28,730.0,"Taiwan, TW",0.9979163,43993925
2026-10-05T13:57:54.403504+00:00,vast.ai,marketplace,RTX PRO 4500,0.3347222222222222,1,31.86,96.461274401,288.183274401,30.96,108.41405992578356,"India, IN",0.9474829,54233822
2026-10-05T13:57:54.403504+00:00,vast.ai,marketplace,RTX PRO 4500,0.3347222222222222,1,31.86,96.435274401,288.104274401,93.36,13.0,"France, FR",0.9945765,53895006
2026-10-05T13:57:54.403504+00:00,vast.ai,marketplace,RTX PRO 4500,0.3347222222222222,1,31.86,96.514274401,288.341274401,46.87,580.0,"India, IN",0.9933324,53838266
2026-10-05T13:57:54.403504+00:00,vast.ai,marketplace,RTX 3090,0.3348148148148148,1,24.0,44.844274401,133.93727440100002,167.84,874.8202475186581,"Slovakia, SK",0.994226,52249107
2026-10-05T13:57:54.403504+00:00,vast.ai,marketplace,RTX 5080,0.33518518518518514,1,15.92,71.849274401,214.356274401,62.72,767.0,"Ontario, CA",0.9986648,51328808
2026-10-05T13:57:54.403504+00:00,vast.ai,marketplace,RTX PRO 4000,0.33564814814814814,1,23.89,65.764274401,195.932274401,62.88,714.3795330620309,"Norway, NO",0.9966695,50472000
2026-10-05T13:57:54.403504+00:00,vast.ai,marketplace,RTX PRO 4000,0.33564814814814814,1,23.89,65.728274401,195.825274401,251.76,1327.5,"Norway, NO",0.9957086,50372392
2026-10-05T13:57:54.403504+00:00,vast.ai,marketplace,RTX 5060 Ti,0.33564814814814814,1,15.93,38.396274401,114.394274401,41.92,174.5,"Texas, US",0.9964324,50294993
2026-10-05T13:57:54.403504+00:00,vast.ai,marketplace,RTX 3090,0.3365740740740741,1,24.0,37.180274401,110.467274401,31.33,668.0,"Thailand, TH",0.9952349,51927638
2026-10-05T13:57:54.403504+00:00,vast.ai,marketplace,RTX 4080S,0.33749999999999997,1,31.99,70.983274401,210.321274401,62.85,319.3805508800317,"Ontario, CA",0.9977952,50555695
2026-10-05T13:57:54.403504+00:00,vast.ai,marketplace,RTX 5070 Ti,0.34805555555555556,1,15.92,76.354274401,219.374274401,31.35,586.0,"Japan, JP",0.9906024,50289923
2026-10-05T13:57:54.403504+00:00,vast.ai,marketplace,RTX 4090,0.3485185185185185,1,23.99,98.520274401,282.68227440100003,31.41,310.70000000000005,"United States, US",0.9823652,53384084
2026-10-05T13:57:54.403504+00:00,vast.ai,marketplace,RTX 4070S Ti,0.348925925925926,1,15.99,51.305274401,147.03827440100002,125.0,1001.8,"The Netherlands, NL",0.98337,54324920
2026-10-05T13:57:54.403504+00:00,vast.ai,marketplace,RTX 3090,0.34990740740740744,1,24.0,44.847274401,128.16827440100002,41.97,117.0,"Spain, ES",0.9980687,37930671
2026-10-05T13:57:54.403504+00:00,vast.ai,marketplace,RTX 3090,0.34990740740740744,1,24.0,44.359274401,126.774274401,62.96,255.125,"Spain, ES",0.9990806,43543259
2026-10-05T13:57:54.403504+00:00,vast.ai,marketplace,RTX 3090 Ti,0.34990740740740744,1,23.99,46.194274401,132.018274401,62.89,632.25,"Thailand, TH",0.9935446,54225327
2026-10-05T13:57:54.403504+00:00,vast.ai,marketplace,RTX 4090,0.36185185185185187,1,23.99,97.547274401,269.577274401,62.71,842.693731852446,"Austria, AT",0.8936071,47490171
2026-10-05T13:57:54.403504+00:00,vast.ai,marketplace,RTX 4090,0.36370370370370375,1,23.99,97.547274401,268.205274401,41.93,891.3333333333333,"Estonia, EE",0.8193419,45415222
2026-10-05T13:57:54.403504+00:00,vast.ai,marketplace,RTX 4090,0.3660185185185186,1,23.99,96.705274401,264.20827440100004,31.46,171.975,"United States, US",0.9922679,40912232
2026-10-05T13:57:54.403504+00:00,vast.ai,marketplace,RTX 4090,0.37472222222222223,1,23.99,97.21927440099999,259.44427440100003,37.71,369.40000000000003,"Poland, PL",0.9737637,54274182
2026-10-05T13:57:54.403504+00:00,vast.ai,marketplace,RTX 5080,0.3751851851851852,1,15.92,73.760274401,196.59727440100002,30.51,761.0,"Ontario, CA",0.9978021,52119350
2026-10-05T13:57:54.403504+00:00,vast.ai,marketplace,RTX PRO 4000,0.37885185185185183,1,23.89,65.800274401,173.683274401,62.88,540.5,"Slovakia, SK",0.9975351,45623848
2026-10-05T13:57:54.403504+00:00,vast.ai,marketplace,RTX 3090,0.3827222222222222,1,24.0,44.604274401,116.544274401,94.13,1473.0,"Quebec, CA",0.9990681,52510293
2026-10-05T13:57:54.403504+00:00,vast.ai,marketplace,RTX 5080,0.385437037037037,1,15.92,83.711274401,217.18627440100002,125.78,309.0,"Florida, US",0.9973453,49863937
2026-10-05T13:57:54.403504+00:00,vast.ai,marketplace,RTX 4090,0.38805555555555554,1,23.99,97.390274401,250.97127440100002,62.82,180.0,"Quebec, CA",0.9860826,53851836
2026-10-05T13:57:54.403504+00:00,vast.ai,marketplace,RTX 4090,0.38805555555555554,1,23.99,96.648274401,249.058274401,125.48,652.0,"India, IN",0.9927101,45777644
2026-10-05T13:57:54.403504+00:00,vast.ai,marketplace,RTX 5080,0.38805555555555554,1,15.92,83.743274401,215.802274401,47.14,765.5,"Czechia, CZ",0.96487,53060398
2026-10-05T13:57:54.403504+00:00,vast.ai,marketplace,RTX PRO 4000,0.3885185185185185,1,23.89,65.680274401,169.053274401,62.88,1418.4693791854804,"Indiana, US",0.9940356,53804951
2026-10-05T13:57:54.403504+00:00,vast.ai,marketplace,RTX 4500Ada,0.3889814814814815,1,23.99,40.633274401,104.461274401,23.34,106.0,"France, FR",0.9914795,51136776
2026-10-05T13:57:54.403504+00:00,vast.ai,marketplace,RTX 5000Ada,0.4004629629629629,1,31.99,64.303274401,160.57227440100002,62.89,167.7743350105204,"Florida, US",0.9796193,53457490
2026-10-05T13:57:54.403504+00:00,vast.ai,marketplace,RTX 5060 Ti,0.4009259259259259,1,15.93,38.362274401,95.684274401,251.86,3217.95,"Norway, NO",0.9978247,54197769
2026-10-05T13:57:54.403504+00:00,vast.ai,marketplace,RTX 4090,0.401037037037037,1,23.99,96.83827440099999,241.469274401,100.72,40.6,"Ireland, IE",0.9958932,7527477
2026-10-05T13:57:54.403504+00:00,vast.ai,marketplace,RTX 3090,0.40138888888888885,1,24.0,44.360274401,110.518274401,46.97,2250.0,"California, US",0.9887848,50545293
2026-10-05T13:57:54.403504+00:00,vast.ai,marketplace,RTX A6000,0.40138888888888885,1,47.99,4.960274401,12.359274401,62.97,142.38323519561953,"Kansas, US",0.9933328,21004763
2026-10-05T13:57:54.403504+00:00,vast.ai,marketplace,A40,0.40138888888888885,1,44.99,44.037274401,109.711274401,500.96,31.5,"Belgium, BE",0.9836425,51337963
2026-10-05T13:57:54.403504+00:00,vast.ai,marketplace,A40,0.40138888888888885,1,44.99,44.034274401,109.706274401,500.96,283.70000000000005,"Belgium, BE",0.9861598,51338030
2026-10-05T13:57:54.403504+00:00,vast.ai,marketplace,RTX 4090,0.40138888888888885,1,23.99,97.397274401,242.65127440100002,62.51,1533.0,"South Korea, KR",0.9988106,50731321
2026-10-05T13:57:54.403504+00:00,vast.ai,marketplace,RTX 4090,0.40138888888888885,1,23.99,87.283274401,217.45327440100002,62.89,115.75,"United Kingdom, GB",0.771793,51976086
2026-10-05T13:57:54.403504+00:00,vast.ai,marketplace,RTX 4090,0.40138888888888885,1,23.99,92.143274401,229.56027440100002,30.97,715.5,"Türkiye, TR",0.9981366,25277878
2026-10-05T13:57:54.403504+00:00,vast.ai,marketplace,RTX A6000,0.4018518518518518,1,47.99,54.474274400999995,135.558274401,62.88,720.0,"India, IN",0.9484011,54161017
2026-10-05T13:57:54.403504+00:00,vast.ai,marketplace,CMP 170HX,0.4018518518518518,1,64.0,73.821274401,183.70327440100002,143.95,367.2449229784362,"Hungary, HU",0.9891346,52388441
2026-10-05T13:57:54.403504+00:00,vast.ai,marketplace,RTX A6000,0.4023148148148148,1,47.99,54.460274401,135.367274401,47.2,87.625,"Romania, RO",0.9907758,51222177
2026-10-05T13:57:54.403504+00:00,vast.ai,marketplace,RTX A6000,0.4023148148148148,1,47.99,54.465274401,135.379274401,47.19,269.16666666666663,"Romania, RO",0.992054,51092050
2026-10-05T13:57:54.403504+00:00,vast.ai,marketplace,RTX A6000,0.40277777777777773,1,44.99,51.260274401,127.267274401,70.7,578.4428325198428,"Delaware, US",0.9986094,45241994
2026-10-05T13:57:54.403504+00:00,vast.ai,marketplace,CMP 170HX,0.4041666666666666,1,64.0,84.798274401,209.81027440100002,83.82,523.3999999999999,"Ontario, CA",0.9932761,51134028
2026-10-05T13:57:54.403504+00:00,vast.ai,marketplace,RTX 2060,0.4069444444444444,1,6.0,3.225274401,7.925274401,7.71,9.000000000002046,"Vietnam, VN",0.9945512,21712215
2026-10-05T13:57:54.403504+00:00,vast.ai,marketplace,RTX 5080,0.4155925925925926,1,15.92,84.800274401,204.047274401,251.55,2522.7,"The Netherlands, NL",0.9587389,54318414
2026-10-05T13:57:54.403504+00:00,vast.ai,marketplace,RTX 4090,0.4161111111111111,1,23.99,96.96327440099999,233.024274401,62.78,413.0,"Arizona, US",0.9862592,53420166
2026-10-05T13:57:54.403504+00:00,vast.ai,marketplace,RTX 5000Ada,0.42759259259259264,1,31.99,64.247274401,150.254274401,62.85,1625.8,"Minnesota, US",0.9881584,51357844
2026-10-05T13:57:54.403504+00:00,vast.ai,marketplace,RTX 4090,0.4285185185185185,1,23.99,98.520274401,229.908274401,62.94,258.5,"Quebec, CA",0.9743388,26435149
2026-10-05T13:57:54.403504+00:00,vast.ai,marketplace,RTX 4090,0.4285185185185185,1,23.99,98.640274401,230.190274401,59.0,619.5,"Quebec, CA",0.9948193,29761288
2026-10-05T13:57:54.403504+00:00,vast.ai,marketplace,RTX 4090,0.42990740740740746,1,23.99,97.047274401,225.74127440100003,58.5,1437.0,"France, FR",0.990915,54183393
2026-10-05T13:57:54.403504+00:00,vast.ai,marketplace,RTX 4090,0.4303703703703704,1,23.99,97.061274401,225.530274401,108.06,880.0,"California, US",0.9911266,51256183
2026-10-05T13:57:54.403504+00:00,vast.ai,marketplace,RTX 5090,0.43268518518518523,1,31.84,199.152274401,460.271274401,31.36,658.75,"Sichuan, CN",0.9926501,50556735
2026-10-05T13:57:54.403504+00:00,vast.ai,marketplace,RTX 5070 Ti,0.43787384325925927,1,15.92,75.798274401,173.106274401,31.41,819.675,"California, US",0.9768918,52442711
2026-10-05T13:57:54.403504+00:00,vast.ai,marketplace,CMP 170HX,0.44092592592592594,1,64.0,84.415274401,191.44927440100003,62.88,668.2843390101859,"Latvia, LV",0.9471519,54263836
2026-10-05T13:57:54.403504+00:00,vast.ai,marketplace,RTX 4500Ada,0.4413888888888889,1,23.99,40.633274401,92.058274401,124.94,2962.6,"Japan, JP",0.9948379,53869074
2026-10-05T13:57:54.403504+00:00,vast.ai,marketplace,RTX 4090,0.4423148148148148,1,23.99,97.397274401,220.200274401,62.94,224.75,"Hungary, HU",0.99779,42494304
2026-10-05T13:57:54.403504+00:00,vast.ai,marketplace,A100 SXM4,0.44277777777777777,1,40.0,95.431274401,215.529274401,109.9,1195.1354818159157,"United States, US",0.9871889,52703613
2026-10-05T13:57:54.403504+00:00,vast.ai,marketplace,A100 SXM4,0.44324074074074077,1,40.0,91.499274401,206.433274401,78.71,314.1125,"California, US",0.9770576,53071384
2026-10-05T13:57:54.403504+00:00,vast.ai,marketplace,RTX 4090,0.4437037037037037,1,23.99,45.528274401,102.610274401,47.21,176.875,"Beijing, CN",0.9938858,51996800
2026-10-05T13:57:54.403504+00:00,vast.ai,marketplace,RTX 4090,0.4443974589725212,1,23.99,97.462274401,219.314274401,167.94,1075.65,"Sweden, SE",0.9850803,53250546
2026-10-05T13:57:54.403504+00:00,vast.ai,marketplace,RTX 5090,0.44601851851851854,1,31.84,199.172274401,446.556274401,62.88,317.0,"California, US",0.9983037,46579456
2026-10-05T13:57:54.403504+00:00,vast.ai,marketplace,RTX 4090,0.44726203742879317,1,23.99,97.026274401,216.93527440100002,100.71,1185.0,"Sweden, SE",0.9978,52308529
2026-10-05T13:57:54.403504+00:00,vast.ai,marketplace,RTX 4090,0.44855162252252356,1,23.99,97.054274401,216.373274401,41.93,1047.2865684377539,"Sweden, SE",0.9597445,53581237
2026-10-05T13:57:54.403504+00:00,vast.ai,marketplace,RTX 4090,0.45202314814814815,1,23.99,97.561274401,215.832274401,62.72,1696.5,"Sweden, SE",0.9980509,52603707
2026-10-05T13:57:54.403504+00:00,vast.ai,marketplace,RTX 4090,0.45311111111111113,1,23.99,97.575274401,215.345274401,30.96,1638.5,"Texas, US",0.9894915,54162020
2026-10-05T13:57:54.403504+00:00,vast.ai,marketplace,RTX 4090,0.45472222222222225,1,23.99,96.95727440099999,213.22227440100002,62.83,712.0,"Michigan, US",0.9960286,47414294
2026-10-05T13:57:54.403504+00:00,vast.ai,marketplace,RTX 4090,0.45472222222222225,1,23.99,97.054274401,213.43727440100002,47.14,99.225,"Finland, FI",0.9961932,46123863
2026-10-05T13:57:54.403504+00:00,vast.ai,marketplace,RTX 4090,0.4671851851851852,1,23.99,75.018274401,160.57427440100003,26.93,377.57142857142856,"Norway, NO",0.9946812,53845047
2026-10-05T13:57:54.403504+00:00,vast.ai,marketplace,RTX 4090,0.4671851851851852,1,23.99,97.973274401,209.71027440100002,35.93,395.0,"Norway, NO",0.9953613,53475904
2026-10-05T13:57:54.403504+00:00,vast.ai,marketplace,RTX 4090,0.4671851851851852,1,23.99,96.684274401,206.950274401,31.4,293.30000000000007,"Norway, NO",0.9955939,53475824
2026-10-05T13:57:54.403504+00:00,vast.ai,marketplace,RTX 4090,0.4671851851851852,1,23.99,60.581274401,129.67327440100001,31.44,176.65,"Norway, NO",0.9981116,53676424
2026-10-05T13:57:54.403504+00:00,vast.ai,marketplace,RTX 4090,0.4671851851851852,1,23.99,96.684274401,206.950274401,62.87,244.0,"Norway, NO",0.9977304,53475785
2026-10-05T13:57:54.403504+00:00,vast.ai,marketplace,L40,0.46759259259259256,1,44.99,93.255274401,199.43627440100002,70.66,119.59789449647549,"New York, US",0.9921086,51528885
2026-10-05T13:57:54.403504+00:00,vast.ai,marketplace,RTX 3090,0.4678703703703703,1,24.0,44.355274400999996,94.802274401,62.83,687.5,"Sweden, SE",0.9936587,53242280
2026-10-05T13:57:54.403504+00:00,vast.ai,marketplace,RTX 5090,0.4680555555555555,1,31.84,199.57227440100002,426.38627440100004,47.07,1536.5,"Vietnam, VN",0.9912825,53307682
2026-10-05T13:57:54.403504+00:00,vast.ai,marketplace,CMP 170HX,0.46851851851851845,1,64.0,84.415274401,180.17427440100002,62.71,169.0,"Portugal, PT",0.9913086,51218042
2026-10-05T13:57:54.403504+00:00,vast.ai,marketplace,CMP 170HX,0.46851851851851845,1,64.0,82.362274401,175.79427440100002,62.69,25.0,"Portugal, PT",0.9630993,52991400
2026-10-05T13:57:54.403504+00:00,vast.ai,marketplace,CMP 170HX,0.46851851851851845,1,64.0,82.362274401,175.79427440100002,62.69,92.0,"Portugal, PT",0.9771873,52991356
2026-10-05T13:57:54.403504+00:00,vast.ai,marketplace,CMP 170HX,0.46851851851851845,1,64.0,84.798274401,180.993274401,62.71,338.0,"Portugal, PT",0.9689204,52328216
2026-10-05T13:57:54.403504+00:00,vast.ai,marketplace,RTX 4090,0.46898148148148144,1,23.99,96.96327440099999,206.754274401,125.92,1459.25,"Norway, NO",0.9930485,13430355
2026-10-05T13:57:54.403504+00:00,vast.ai,marketplace,RTX 4090,0.46898148148148144,1,23.99,97.005274401,206.843274401,23.48,733.5,"Denmark, DK",0.993547,50300639
2026-10-05T13:57:54.403504+00:00,vast.ai,marketplace,RTX 4090,0.46898148148148144,1,23.99,97.040274401,206.91827440100002,62.89,443.5,"Spain, ES",0.9988552,22694028
2026-10-05T13:57:54.403504+00:00,vast.ai,marketplace,RTX 4090,0.46898148148148144,1,23.99,97.745274401,208.420274401,61.86,1512.3,"Norway, NO",0.998522,19063553
2026-10-05T13:57:54.403504+00:00,vast.ai,marketplace,RTX 5090,0.46898148148148144,1,31.84,199.027274401,424.381274401,30.46,564.0,"South Korea, KR",0.9984249,44188475
2026-10-05T13:57:54.403504+00:00,vast.ai,marketplace,RTX 5090,0.46898148148148144,1,31.84,199.08027440100003,424.49427440100004,30.47,293.0,"South Korea, KR",0.9981629,43982842
2026-10-05T13:57:54.403504+00:00,vast.ai,marketplace,RTX 5090,0.46898148148148144,1,31.84,194.22827440100002,414.150274401,30.47,168.0,"South Korea, KR",0.9984809,45669046
2026-10-05T13:57:54.403504+00:00,vast.ai,marketplace,RTX 5090,0.46898148148148144,1,31.84,194.17327440100001,414.032274401,30.47,5.0,"South Korea, KR",0.9980696,43982799
2026-10-05T13:57:54.403504+00:00,vast.ai,marketplace,RTX 5090,0.46898148148148144,1,31.84,194.396274401,414.507274401,30.47,459.0,"South Korea, KR",0.9979542,45380572
2026-10-05T13:57:54.403504+00:00,vast.ai,marketplace,RTX 5090,0.46898148148148144,1,31.84,194.04427440100002,413.758274401,30.47,401.20000000000016,"South Korea, KR",0.9982547,45669371
2026-10-05T13:57:54.403504+00:00,vast.ai,marketplace,RTX 5090,0.46944311111111103,1,31.84,199.779274401,425.568274401,30.7,842.5,"Indonesia, ID",0.9676224,50705264
2026-10-05T13:57:54.403504+00:00,vast.ai,marketplace,RTX 5090,0.4694444444444444,1,31.84,99.982274401,212.97927440100003,62.96,331.0,"California, US",0.9937342,51325614
2026-10-05T13:57:54.403504+00:00,vast.ai,marketplace,A100 SXM4,0.4699074074074074,1,40.0,84.558274401,179.946274401,78.71,247.0821774784593,"California, US",0.9847948,54098330
2026-10-05T13:57:54.403504+00:00,vast.ai,marketplace,RTX 4090,0.4703703703703703,1,23.99,97.061274401,206.351274401,62.88,510.5,"United Kingdom, GB",0.7617723,36643055
2026-10-05T13:57:54.403504+00:00,vast.ai,marketplace,RTX 5090,0.47268518518518515,1,31.84,95.900274401,202.884274401,62.87,689.0,"United States, US",0.9956607,44614424
2026-10-05T13:57:54.403504+00:00,vast.ai,marketplace,RTX 5090,0.47268518518518515,1,31.84,188.170274401,398.087274401,31.46,114.875,"United States, US",0.9965353,46753297
2026-10-05T13:57:54.403504+00:00,vast.ai,marketplace,RTX 5090,0.47268518518518515,1,31.84,95.122274401,201.23927440100002,31.46,313.0,"United States, US",0.9964851,43165150
2026-10-05T13:57:54.403504+00:00,vast.ai,marketplace,RTX 3090,0.4791368888888889,1,24.0,44.877274401,93.662274401,31.18,643.0,"Oklahoma, US",0.9755281,51065387
2026-10-05T13:57:54.403504+00:00,vast.ai,marketplace,RTX 5090,0.4795925925925926,1,31.84,65.965274401,137.545274401,125.66,43.0,"Texas, US",0.9762382,52183062
2026-10-05T13:57:54.403504+00:00,vast.ai,marketplace,RTX 4090,0.4813888888888889,1,23.99,97.512274401,202.564274401,31.32,2449.0,"Taiwan, TW",0.9981526,53492597
2026-10-05T13:57:54.403504+00:00,vast.ai,marketplace,RTX 5090,0.48370370370370375,1,31.84,183.041274401,378.41527440100003,71.96,417.9571428571428,"Estonia, EE",0.9898917,51620916
2026-10-05T13:57:54.403504+00:00,vast.ai,marketplace,RTX 4090,0.486925925925926,1,23.99,95.825274401,196.796274401,31.34,160.0,"Taiwan, TW",0.997618,53334700
2026-10-05T13:57:54.403504+00:00,vast.ai,marketplace,RTX 5880Ada,0.48725555555555555,1,47.99,106.836274401,219.262274401,62.72,551.0,"Hungary, HU",0.9908602,52420358
2026-10-05T13:57:54.403504+00:00,vast.ai,marketplace,RTX 5090,0.4947222222222222,1,31.84,199.49627440100002,403.248274401,55.01,614.2969562300616,"South Korea, KR",0.976834,53312269
2026-10-05T13:57:54.403504+00:00,vast.ai,marketplace,CMP 170HX,0.4951851851851851,1,40.0,69.260274401,139.867274401,39.28,174.60000000000002,"Hungary, HU",0.990276,54016884
2026-10-05T13:57:54.403504+00:00,vast.ai,marketplace,RTX 5090,0.497037037037037,1,31.84,193.88327440100002,390.077274401,71.96,650.1179239582003,"Estonia, EE",0.9815457,40819924
2026-10-05T13:57:54.403504+00:00,vast.ai,marketplace,RTX 4090,0.5067777777777778,1,23.99,98.58227440099999,194.527274401,62.88,743.425,"Texas, US",0.9974573,46126405
2026-10-05T13:57:54.403504+00:00,vast.ai,marketplace,RTX 4090,0.5080555555555555,1,23.99,97.026274401,190.976274401,62.71,1385.0,"Nevada, US",0.9908525,53070139
2026-10-05T13:57:54.403504+00:00,vast.ai,marketplace,RTX 5090,0.5080555555555555,1,31.84,199.271274401,392.223274401,62.8,648.5,"Australia, AU",0.9691352,54283057
2026-10-05T13:57:54.403504+00:00,vast.ai,marketplace,RTX 4090,0.5103703703703703,1,23.99,97.026274401,190.11027440100003,62.88,473.25,"United Kingdom, GB",0.9504386,45980512
2026-10-05T13:57:54.403504+00:00,vast.ai,marketplace,RTX 5090,0.5103703703703703,1,31.84,197.92427440100002,387.805274401,71.96,824.842857142857,"Estonia, EE",0.9871577,45409908
2026-10-05T13:57:54.403504+00:00,vast.ai,marketplace,RTX 4090,0.5222222222222223,1,23.99,2.380274401,4.559274401000001,93.9,741.1,"The Netherlands, NL",0.9896158,39884168
2026-10-05T13:57:54.403504+00:00,vast.ai,marketplace,RTX 4090,0.5343703703703704,1,23.99,2.990274401,5.595274401,100.72,314.98,"Ireland, IE",0.8295115,8993650
2026-10-05T13:57:54.403504+00:00,vast.ai,marketplace,RTX 4090,0.5344444444444444,1,23.99,97.177274401,181.82927440100002,31.14,460.0,"Massachusetts, US",0.996163,47334600
2026-10-05T13:57:54.403504+00:00,vast.ai,marketplace,RTX 5080,0.5344444444444444,1,15.92,83.787274401,156.774274401,62.35,3317.4,"Washington, US",0.9702393,53656665
2026-10-05T13:57:54.403504+00:00,vast.ai,marketplace,RTX 4090,0.5347222222222222,1,23.99,98.22227440099999,183.689274401,55.97,647.6666666666666,"Bulgaria, BG",0.953382,26537137
2026-10-05T13:57:54.403504+00:00,vast.ai,marketplace,RTX 4090,0.5347222222222222,1,23.99,97.404274401,182.159274401,50.3,995.8000000000001,"Ukraine, UA",0.9961785,48192781
2026-10-05T13:57:54.403504+00:00,vast.ai,marketplace,RTX 5090,0.5347222222222222,1,31.84,169.41227440100002,316.822274401,62.75,1343.0000000000002,"South Korea, KR",0.9301385,54020273
2026-10-05T13:57:54.403504+00:00,vast.ai,marketplace,RTX 4090,0.5351851851851852,1,23.99,96.998274401,181.243274401,62.94,114.65,"Quebec, CA",0.9896408,51842864
2026-10-05T13:57:54.403504+00:00,vast.ai,marketplace,RTX 4090,0.5351851851851852,1,23.99,96.803274401,180.87727440100002,62.94,136.375,"Quebec, CA",0.9796717,51840660
2026-10-05T13:57:54.403504+00:00,vast.ai,marketplace,RTX 5070 Ti,0.5351851851851852,1,15.92,75.751274401,141.54227440100001,125.91,1603.25,"Texas, US",0.9915466,54223779
2026-10-05T13:57:54.403504+00:00,vast.ai,marketplace,RTX 5070 Ti,0.5351851851851852,1,15.92,76.08827440099999,142.171274401,251.91,770.75,"Texas, US",0.9992048,53317848
2026-10-05T13:57:54.403504+00:00,vast.ai,marketplace,RTX 5070 Ti,0.5351851851851852,1,15.92,75.893274401,141.807274401,251.91,1609.2,"Texas, US",0.9944935,53320384
2026-10-05T13:57:54.403504+00:00,vast.ai,marketplace,RTX 4090,0.5356481481481481,1,23.99,97.019274401,181.12627440100002,75.54,586.4747163684877,"Norway, NO",0.9993957,53588576
2026-10-05T13:57:54.403504+00:00,vast.ai,marketplace,RTX 5090,0.5356481481481481,1,31.84,199.225274401,371.933274401,60.46,1584.9,"Nevada, US",0.9075477,54099949
2026-10-05T13:57:54.403504+00:00,vast.ai,marketplace,RTX 5090,0.5356481481481481,1,31.84,199.31727440100002,372.10527440100003,30.47,656.0,"South Korea, KR",0.9973873,50466059
2026-10-05T13:57:54.403504+00:00,vast.ai,marketplace,RTX 5090,0.5356481481481481,1,31.84,199.54227440100001,372.524274401,30.46,420.0,"South Korea, KR",0.9986755,41674405
2026-10-05T13:57:54.403504+00:00,vast.ai,marketplace,RTX 5090,0.5356481481481481,1,31.84,193.945274401,362.077274401,30.47,638.0,"South Korea, KR",0.9989857,50465588
2026-10-05T13:57:54.403504+00:00,vast.ai,marketplace,RTX 3070,0.5361111111111111,1,8.0,16.282274401,30.371274400999997,30.12,774.3,"Chile, CL",0.9440481,53687888
2026-10-05T13:57:54.403504+00:00,vast.ai,marketplace,RTX 6000Ada,0.537037037037037,1,47.99,116.866274401,217.613274401,83.92,742.8333333333333,"Estonia, EE",0.9944303,35415083
2026-10-05T13:57:54.403504+00:00,vast.ai,marketplace,RTX 5090,0.537037037037037,1,31.84,199.099274401,370.73727440100004,62.91,1099.8,"Estonia, EE",0.9980225,45317003
2026-10-05T13:57:54.403504+00:00,vast.ai,marketplace,RTX 5090,0.537037037037037,1,31.84,199.152274401,370.835274401,62.91,655.2,"Estonia, EE",0.9910984,45113320
2026-10-05T13:57:54.403504+00:00,vast.ai,marketplace,RTX 4090,0.537962962962963,1,47.99,123.712274401,229.96527440100002,62.97,612.7692307692308,"California, US",0.9833772,50701961
2026-10-05T13:57:54.403504+00:00,vast.ai,marketplace,RTX 5080,0.537962962962963,1,15.92,83.618274401,155.43527440100002,93.92,137.0,"New Jersey, US",0.9821129,54056748
2026-10-05T13:57:54.403504+00:00,vast.ai,marketplace,A100 SXM4,0.5393518518518519,1,40.0,95.401274401,176.881274401,51.15,351.625,"United States, US",0.9938018,50213962
2026-10-05T13:57:54.403504+00:00,vast.ai,marketplace,RTX 5090,0.5453888888888888,1,31.84,199.212274401,365.26627440100003,30.5,1387.0,"Finland, FI",0.9866035,52094003
2026-10-05T13:57:54.403504+00:00,vast.ai,marketplace,A100 PCIE,0.5474074074074073,1,40.0,94.406274401,172.46027440100002,251.69,3458.0,"Japan, JP",0.9986005,40796927
2026-10-05T13:57:54.403504+00:00,vast.ai,marketplace,RTX 5090,0.5485185185185185,1,31.84,198.89527440100002,362.604274401,123.46,702.0,"Chile, CL",0.9130245,54314899
2026-10-05T13:57:54.403504+00:00,vast.ai,marketplace,RTX 5090,0.560462962962963,1,31.84,199.819274401,356.525274401,61.96,8.0,"New Jersey, US",0.9960794,53873599
2026-10-05T13:57:54.403504+00:00,vast.ai,marketplace,RTX 6000Ada,0.5613888888888889,1,47.99,113.084274401,201.43727440100002,49.14,319.2487065890065,"Germany, DE",0.9727334,53243445
2026-10-05T13:57:54.403504+00:00,vast.ai,marketplace,RTX 4090,0.5613888888888889,1,23.99,97.040274401,172.85827440100002,31.44,1550.9,"Taiwan, TW",0.9989485,45087814
2026-10-05T13:57:54.403504+00:00,vast.ai,marketplace,RTX 5090,0.5613888888888889,1,31.84,146.903274401,261.678274401,62.73,557.0,"United Kingdom, GB",0.9475593,53873510
2026-10-05T13:57:54.403504+00:00,vast.ai,marketplace,A100 SXM4,0.5689259259259258,1,40.0,35.710274401,62.768274401,125.75,61.88724219958311,"United Kingdom, GB",0.9763558,38565864
2026-10-05T13:57:54.403504+00:00,vast.ai,marketplace,RTX 5090,0.5875925925925926,1,31.84,199.08027440100003,338.806274401,62.44,892.0,"South Korea, KR",0.9939708,46609967
2026-10-05T13:57:54.403504+00:00,vast.ai,marketplace,RTX 5090,0.5965740740740741,1,31.84,199.20527440100003,333.91527440100003,62.9,516.0,"North Carolina, US",0.9906869,29717005
2026-10-05T13:57:54.403504+00:00,vast.ai,marketplace,RTX 5090,0.5965740740740741,1,31.84,198.881274401,333.372274401,62.93,672.125,"North Carolina, US",0.9916274,29436767
2026-10-05T13:57:54.403504+00:00,vast.ai,marketplace,RTX 5090,0.6009259259259259,1,31.84,199.515274401,332.014274401,31.18,1077.0,"South Korea, KR",0.989909,43649319
2026-10-05T13:57:54.403504+00:00,vast.ai,marketplace,RTX 4090,0.6013888888888889,1,23.99,97.047274401,161.37227440100003,31.28,692.0,"Taiwan, TW",0.9958546,47554699
2026-10-05T13:57:54.403504+00:00,vast.ai,marketplace,RTX 4090,0.6013888888888889,1,23.99,97.362274401,161.896274401,31.44,722.0,"Taiwan, TW",0.9952516,49035057
2026-10-05T13:57:54.403504+00:00,vast.ai,marketplace,RTX 5090,0.6013888888888889,1,31.84,100.755274401,167.53827440100002,35.93,843.180743302759,"Belgium, BE",0.9931135,52015847
2026-10-05T13:57:54.403504+00:00,vast.ai,marketplace,RTX 5090,0.6013888888888889,1,31.84,167.24527440100002,278.098274401,31.34,719.0,"South Korea, KR",0.9904474,50734486
2026-10-05T13:57:54.403504+00:00,vast.ai,marketplace,RTX 5090,0.6013888888888889,1,31.84,197.78627440100001,328.882274401,251.84,1476.0,"Texas, US",0.9636313,53910978
2026-10-05T13:57:54.403504+00:00,vast.ai,marketplace,RTX 5090,0.6013888888888889,1,31.84,198.22127440100002,329.606274401,62.93,573.5,"Michigan, US",0.9917133,50849759
2026-10-05T13:57:54.403504+00:00,vast.ai,marketplace,RTX PRO 5000,0.6013888888888889,1,47.79,165.81827440100002,275.726274401,91.97,627.0,"Singapore, SG",0.9483555,52762454
2026-10-05T13:57:54.403504+00:00,vast.ai,marketplace,RTX PRO 5000,0.6013888888888889,1,47.79,165.71527440100002,275.554274401,91.97,720.0,"Jiangsu, CN",0.9405659,53881180
2026-10-05T13:57:54.403504+00:00,vast.ai,marketplace,RTX 3090,0.6018518518518519,1,24.0,44.610274401,74.122274401,62.83,1205.5,"Florida, US",0.996325,54273574
2026-10-05T13:57:54.403504+00:00,vast.ai,marketplace,RTX 5090,0.6018518518518519,1,31.84,104.180274401,173.099274401,125.96,1082.125,"Nevada, US",0.9903108,52827083
2026-10-05T13:57:54.403504+00:00,vast.ai,marketplace,RTX 5090,0.6027222222222223,1,31.84,198.88827440100002,329.983274401,60.44,1196.0,"Poland, PL",0.9929263,54321100
2026-10-05T13:57:54.403504+00:00,vast.ai,marketplace,A100 PCIE,0.6064814814814815,1,40.0,83.57927440099999,137.81027440100002,47.14,3131.1,"Estonia, EE",0.9762194,53415047
2026-10-05T13:57:54.403504+00:00,vast.ai,marketplace,GTX 1660 Ti,0.6069444444444444,1,6.0,2.458274401,4.050274401,7.7,579.4000000000024,"Vietnam, VN",0.9940714,33521707
2026-10-05T13:57:54.403504+00:00,vast.ai,marketplace,A100 SXM4,0.6142592592592593,1,40.0,71.116274401,115.776274401,31.34,630.0,"New York, US",0.9920571,50943246
2026-10-05T13:57:54.403504+00:00,vast.ai,marketplace,RTX 5090,0.6142592592592593,1,31.84,198.70327440100002,323.484274401,61.7,1585.0,"Minnesota, US",0.996855,51954046
2026-10-05T13:57:54.403504+00:00,vast.ai,marketplace,RTX PRO 5000,0.6151851851851853,1,47.79,165.581274401,269.156274401,247.94,517.5591605840592,"India, IN",0.992085,53758162
2026-10-05T13:57:54.403504+00:00,vast.ai,marketplace,RTX 3090,0.6155925925925926,1,24.0,44.368274401,72.074274401,503.55,2571.0,"The Netherlands, NL",0.9928601,54323096
2026-10-05T13:57:54.403504+00:00,vast.ai,marketplace,RTX 5090,0.6285185185185185,1,31.84,199.218274401,316.965274401,125.96,466.125,"Utah, US",0.9735512,48248627
2026-10-05T13:57:54.403504+00:00,vast.ai,marketplace,RTX 5090,0.6412037037037037,1,31.84,196.155274401,305.917274401,62.53,29.0,"Thailand, TH",0.9918244,50555596
2026-10-05T13:57:54.403504+00:00,vast.ai,marketplace,A100 SXM4,0.6413888888888889,1,40.0,95.370274401,148.694274401,125.92,303.0976364936887,"Massachusetts, US",0.9969366,48716614
2026-10-05T13:57:54.403504+00:00,vast.ai,marketplace,RTX 4090,0.6414444444444444,1,23.99,94.369274401,147.12127440100002,62.64,809.7,"Taiwan, TW",0.9947254,47789184
2026-10-05T13:57:54.403504+00:00,vast.ai,marketplace,RTX 5090,0.6469259259259259,1,31.84,184.712274401,285.52327440100004,35.17,705.5,"Taiwan, TW",0.9986064,53790221
2026-10-05T13:57:54.403504+00:00,vast.ai,marketplace,RTX PRO 5000,0.6480555555555555,1,47.79,165.74627440100002,255.759274401,93.67,2582.0,"Australia, AU",0.9880685,54242497
2026-10-05T13:57:54.403504+00:00,vast.ai,marketplace,RTX 4090,0.6528240740740741,1,47.99,125.668274401,192.500274401,125.88,550.0,"British Columbia, CA",0.9974774,46211616
2026-10-05T13:57:54.403504+00:00,vast.ai,marketplace,RTX 3070,0.6547222222222222,1,8.0,16.274274401,24.857274400999998,251.65,12807.9,"Taiwan, TW",0.9985688,54301459
2026-10-05T13:57:54.403504+00:00,vast.ai,marketplace,RTX PRO 5000,0.6673148148148148,1,47.79,165.612274401,248.176274401,125.77,2749.1,"Czechia, CZ",0.9847273,53567986
2026-10-05T13:57:54.403504+00:00,vast.ai,marketplace,RTX 3060,0.6675925925925925,1,12.0,12.407274401,18.585274401,1486.89,1636.4114827447572,"Quebec, CA",0.9901117,53839880
2026-10-05T13:57:54.403504+00:00,vast.ai,marketplace,A100 PCIE,0.6675925925925925,1,40.0,95.44827440099999,142.974274401,82.53,1156.3,"Idaho, US",0.9977154,49317260
2026-10-05T13:57:54.403504+00:00,vast.ai,marketplace,RTX 5090,0.6675925925925925,1,31.84,199.588274401,298.967274401,62.42,716.0,"Slovakia, SK",0.9923055,51920875
2026-10-05T13:57:54.403504+00:00,vast.ai,marketplace,RTX 5090,0.6675925925925925,1,31.84,198.743274401,297.70127440100003,62.71,1530.9,"Louisiana, US",0.9338448,53973398
2026-10-05T13:57:54.403504+00:00,vast.ai,marketplace,RTX 3090,0.6680555555555555,1,24.0,44.366274401,66.410274401,31.28,159.0,"British Columbia, CA",0.9949161,19448806
2026-10-05T13:57:54.403504+00:00,vast.ai,marketplace,A40,0.6680555555555555,1,44.99,44.046274401,65.932274401,125.55,3128.4,"United Kingdom, GB",0.9815071,52628046
2026-10-05T13:57:54.403504+00:00,vast.ai,marketplace,RTX PRO 5000,0.6680555555555555,1,47.79,165.601274401,247.886274401,62.73,421.0,"Slovakia, SK",0.9966504,47409124
2026-10-05T13:57:54.403504+00:00,vast.ai,marketplace,RTX PRO 5000,0.6680555555555555,1,47.79,165.653274401,247.963274401,68.33,1205.5,"California, US",0.9946857,49725392
2026-10-05T13:57:54.403504+00:00,vast.ai,marketplace,RTX PRO 5000,0.6680555555555555,1,47.79,165.66327440100002,247.97927440100003,62.86,401.0,"Slovakia, SK",0.9956427,49063563
2026-10-05T13:57:54.403504+00:00,vast.ai,marketplace,RTX PRO 5000,0.6685185185185185,1,47.79,164.980274401,246.785274401,62.82,1298.5,"Sweden, SE",0.9989907,46110113
2026-10-05T13:57:54.403504+00:00,vast.ai,marketplace,RTX PRO 5000,0.6685185185185185,1,47.79,165.63227440100002,247.761274401,94.26,534.0,"Ohio, US",0.9954027,51838779
2026-10-05T13:57:54.403504+00:00,vast.ai,marketplace,RTX 5090,0.6689814814814814,1,31.84,195.962274401,292.926274401,83.94,984.5833333333333,"Romania, RO",0.994256,53709026
2026-10-05T13:57:54.403504+00:00,vast.ai,marketplace,A100 SXM4,0.6699074074074074,1,40.0,95.378274401,142.375274401,62.96,223.75,"Mississippi, US",0.9878592,51341865
2026-10-05T13:57:54.403504+00:00,vast.ai,marketplace,RTX 5090,0.6699074074074074,1,31.84,198.88827440100002,296.889274401,62.96,298.625,"Spain, ES",0.9986364,26371160
2026-10-05T13:57:54.403504+00:00,vast.ai,marketplace,RTX 4090,0.6712962962962963,1,23.99,97.226274401,144.83427440100002,124.88,1616.0,"Washington, US",0.9973294,47654288
2026-10-05T13:57:54.403504+00:00,vast.ai,marketplace,GTX 1660,0.673611111111111,1,6.0,2.316274401,3.438274401,7.71,569.4000000000024,"Vietnam, VN",0.9939472,33521216
2026-10-05T13:57:54.403504+00:00,vast.ai,marketplace,RTX 5090,0.6809259259259259,1,31.84,192.355274401,282.490274401,30.71,241.39999999999998,"Georgia, US",0.9820364,52803264
2026-10-05T13:57:54.403504+00:00,vast.ai,marketplace,RTX 4090,0.6813888888888889,1,47.99,125.651274401,184.404274401,94.22,2258.0,"California, US",0.9963445,33497496
2026-10-05T13:57:54.403504+00:00,vast.ai,marketplace,RTX 5090,0.6823148148148148,1,31.84,198.77527440100002,291.325274401,250.48,1294.625,"Hungary, HU",0.9851446,48688104
2026-10-05T13:57:54.403504+00:00,vast.ai,marketplace,L40S,0.6944444444444444,1,44.99,93.498274401,134.63827440100002,188.39,1850.0,"Sweden, SE",0.9902294,43920184
2026-10-05T13:57:54.403504+00:00,vast.ai,marketplace,RTX PRO 5000,0.6947222222222222,1,47.79,165.66327440100002,238.46027440100002,62.73,1391.0,"Taiwan, TW",0.9965386,53492705
2026-10-05T13:57:54.403504+00:00,vast.ai,marketplace,A100 SXM4,0.6954592592592592,1,40.0,89.252274401,128.33627440100003,83.46,386.22026462199995,"Iowa, US",0.9964807,52240435
2026-10-05T13:57:54.403504+00:00,vast.ai,marketplace,A100 SXM4,0.6956481481481481,1,40.0,87.614274401,125.947274401,125.89,606.25,"Croatia, HR",0.9748547,41566564
2026-10-05T13:57:54.403504+00:00,vast.ai,marketplace,RTX PRO 5000,0.6956481481481481,1,47.79,165.51927440100002,237.93527440100002,94.36,1206.25,"France, FR",0.9938353,38260154
2026-10-05T13:57:54.403504+00:00,vast.ai,marketplace,RTX 5090,0.705388888888889,1,31.84,198.439274401,281.31927440100003,134.92,817.9857142857143,"Poland, PL",0.9941253,53258821
2026-10-05T13:57:54.403504+00:00,vast.ai,marketplace,RTX 4090,0.7223148148148149,1,23.99,96.950274401,134.22127440100002,110.21,2890.368566040472,"Maryland, US",0.9992508,52800682
2026-10-05T13:57:54.403504+00:00,vast.ai,marketplace,RTX 4090,0.7223148148148149,1,23.99,97.21927440099999,134.594274401,125.77,1049.0,"Maryland, US",0.9994385,50833953
2026-10-05T13:57:54.403504+00:00,vast.ai,marketplace,RTX 5090,0.7246296296296297,1,31.84,100.296274401,138.410274401,50.27,847.0,"Michigan, US",0.9963498,54316666
2026-10-05T13:57:54.403504+00:00,vast.ai,marketplace,A100 SXM4,0.7342592592592593,1,40.0,95.431274401,129.969274401,62.97,599.375,"Czechia, CZ",0.9900971,50365145
2026-10-05T13:57:54.403504+00:00,vast.ai,marketplace,RTX 5090,0.7347222222222223,1,31.84,198.24127440100003,269.818274401,125.7,2972.0,"Minnesota, US",0.9991833,53202662
2026-10-05T13:57:54.403504+00:00,vast.ai,marketplace,RTX 5090,0.7347222222222223,1,31.84,199.027274401,270.887274401,73.44,283.0,"South Africa, ZA",0.9920111,52725380
2026-10-05T13:57:54.403504+00:00,vast.ai,marketplace,RTX 5090,0.7347222222222223,1,31.84,199.10927440100002,271.000274401,251.91,1304.3708751933295,"Norway, NO",0.9893141,53264488
2026-10-05T13:57:54.403504+00:00,vast.ai,marketplace,RTX 5090,0.7347222222222223,1,31.84,198.670274401,270.402274401,251.91,1325.25,"United Kingdom, GB",0.9976507,48425037
2026-10-05T13:57:54.403504+00:00,vast.ai,marketplace,RTX PRO 5000,0.7347222222222223,1,47.79,165.51927440100002,225.28127440100002,62.96,1501.95,"Nebraska, US",0.9833675,52507510
2026-10-05T13:57:54.403504+00:00,vast.ai,marketplace,RTX PRO 5000,0.7347222222222223,1,47.79,165.643274401,225.450274401,71.95,1733.7704937365806,"Nebraska, US",0.9839069,52514698
2026-10-05T13:57:54.403504+00:00,vast.ai,marketplace,RTX PRO 5000,0.7347222222222223,1,47.79,165.74627440100002,225.59027440100002,62.96,245.10000000000014,"Czechia, CZ",0.9824257,53969989
2026-10-05T13:57:54.403504+00:00,vast.ai,marketplace,RTX 4090,0.7356481481481482,1,47.99,125.545274401,170.659274401,125.95,327.25,"Romania, RO",0.9977602,48289323
2026-10-05T13:57:54.403504+00:00,vast.ai,marketplace,RTX 5090,0.7361111111111112,1,31.84,198.399274401,269.524274401,500.97,279.5,"Spain, ES",0.9990721,24258047
2026-10-05T13:57:54.403504+00:00,vast.ai,marketplace,RTX 5090,0.7499074074074075,1,31.84,199.02627440100002,265.401274401,94.43,426.225,"Czechia, CZ",0.88283,33038304
2026-10-05T13:57:54.403504+00:00,vast.ai,marketplace,RTX PRO 5000,0.7512962962962964,1,47.79,90.371274401,120.286274401,62.88,1653.75,"Quebec, CA",0.9638791,52840369
2026-10-05T13:57:54.403504+00:00,vast.ai,marketplace,A100 PCIE,0.7543148148148147,1,40.0,87.676274401,116.232274401,125.67,704.0,"Japan, JP",0.9677527,53308303
2026-10-05T13:57:54.403504+00:00,vast.ai,marketplace,RTX 4090,0.7623148148148147,1,23.99,96.991274401,127.233274401,125.96,1074.75,"Maryland, US",0.9989288,52800773
2026-10-05T13:57:54.403504+00:00,vast.ai,marketplace,RTX PRO 5000,0.7864444444444444,1,47.79,165.70527440100003,210.701274401,62.71,2739.0,"Texas, US",0.9979199,49279286
2026-10-05T13:57:54.403504+00:00,vast.ai,marketplace,RTX 6000Ada,0.7880555555555555,1,47.99,113.141274401,143.571274401,167.85,3986.790726498869,"North Carolina, US",0.9963174,36884542
2026-10-05T13:57:54.403504+00:00,vast.ai,marketplace,L40S,0.8009259259259258,1,44.99,93.557274401,116.811274401,251.94,267.0,"Taiwan, TW",0.9988025,38575011
2026-10-05T13:57:54.403504+00:00,vast.ai,marketplace,L40S,0.8009259259259258,1,44.99,93.56727440099999,116.82327440099999,251.94,184.62500000000006,"Taiwan, TW",0.9981504,38574931
2026-10-05T13:57:54.403504+00:00,vast.ai,marketplace,L40S,0.8009259259259258,1,44.99,93.791274401,117.103274401,251.94,113.8749999999996,"Taiwan, TW",0.9977159,38575675
2026-10-05T13:57:54.403504+00:00,vast.ai,marketplace,RTX 4090,0.8009259259259258,1,23.99,61.344274401,76.59127440099999,110.03,1625.8,"Virginia, US",0.9951027,13917960
2026-10-05T13:57:54.403504+00:00,vast.ai,marketplace,RTX 5090,0.8009259259259258,1,31.84,178.857274401,223.313274401,62.79,147.7494241629759,"Maryland, US",0.9890791,51969548
2026-10-05T13:57:54.403504+00:00,vast.ai,marketplace,RTX 5060 Ti,0.8009259259259258,1,15.93,38.538274400999995,48.117274400999996,503.83,1510.8,"Quebec, CA",0.9481637,53770088
2026-10-05T13:57:54.403504+00:00,vast.ai,marketplace,RTX A6000,0.8013888888888888,1,47.99,54.465274401,67.96327440099999,62.79,111.0,"Spain, ES",0.9991864,37443777
2026-10-05T13:57:54.403504+00:00,vast.ai,marketplace,RTX 6000Ada,0.8013888888888888,1,47.99,113.303274401,141.38327440100002,251.74,2367.1622138248513,"Texas, US",0.9984834,40465232
2026-10-05T13:57:54.403504+00:00,vast.ai,marketplace,RTX 5090,0.8013888888888888,1,31.84,199.48927440100002,248.92927440100001,251.76,3070.0,"Estonia, EE",0.9597488,52395190
2026-10-05T13:57:54.403504+00:00,vast.ai,marketplace,RTX 5090,0.8013888888888888,1,31.84,199.125274401,248.475274401,110.1,1047.75,"Finland, FI",0.9967051,53406148
2026-10-05T13:57:54.403504+00:00,vast.ai,marketplace,RTX 5090,0.8013888888888888,1,31.84,183.69727440100002,229.224274401,125.83,3302.95,"United Kingdom, GB",0.9784307,52451718
2026-10-05T13:57:54.403504+00:00,vast.ai,marketplace,RTX PRO 5000,0.8013888888888888,1,47.79,79.275274401,98.922274401,83.93,943.6833333333334,"Belgium, BE",0.9975053,49974697
2026-10-05T13:57:54.403504+00:00,vast.ai,marketplace,RTX 4090,0.8018518518518518,1,23.99,91.983274401,114.714274401,188.48,1071.0,"Singapore, SG",0.9974387,34171098
2026-10-05T13:57:54.403504+00:00,vast.ai,marketplace,RTX PRO 5000,0.8018518518518518,1,47.79,165.756274401,206.71727440100003,125.88,794.5,"Hungary, HU",0.986836,53001956
2026-10-05T13:57:54.403504+00:00,vast.ai,marketplace,RTX 5090,0.8023148148148147,1,31.84,197.528274401,246.19727440100002,125.76,588.0,"Norway, NO",0.9955322,29801200
2026-10-05T13:57:54.403504+00:00,vast.ai,marketplace,RTX 5090,0.8046296296296296,1,31.84,198.89427440100002,247.18727440100002,41.94,259.9111111111111,"California, US",0.9870551,48885916
2026-10-05T13:57:54.403504+00:00,vast.ai,marketplace,L40S,0.8155925925925925,1,44.99,93.547274401,114.69827440099999,62.94,3722.5925749488097,"Romania, RO",0.9845454,50740347
2026-10-05T13:57:54.403504+00:00,vast.ai,marketplace,RTX 5090,0.8275925925925925,1,31.84,94.82927440099999,114.584274401,62.79,312.0,"California, US",0.9832443,52002277
2026-10-05T13:57:54.403504+00:00,vast.ai,marketplace,RTX 5090,0.8275925925925925,1,31.84,179.303274401,216.65627440100002,62.79,263.0,"Maryland, US",0.9943068,53809009
2026-10-05T13:57:54.403504+00:00,vast.ai,marketplace,RTX 4090,0.8289814814814814,1,23.99,97.247274401,117.309274401,125.88,617.25,"Hungary, HU",0.9916089,53016492
2026-10-05T13:57:54.403504+00:00,vast.ai,marketplace,A100 SXM4,0.832938322962963,1,40.0,91.517274401,109.872274401,87.53,489.5,"Germany, DE",0.9955194,54306543
2026-10-05T13:57:54.403504+00:00,vast.ai,marketplace,RTX 4090,0.8383148148148147,1,23.99,97.575274401,116.394274401,75.49,2522.834266015874,"Hungary, HU",0.991501,49591162
2026-10-05T13:57:54.403504+00:00,vast.ai,marketplace,L40S,0.8413888888888889,1,44.99,93.723274401,111.390274401,62.62,485.04999999999995,"South Korea, KR",0.9946866,49960119
2026-10-05T13:57:54.403504+00:00,vast.ai,marketplace,RTX 5090,0.8535,1,31.84,151.78827440100002,177.84227440100003,94.43,680.35,"Czechia, CZ",0.9931457,49900243
2026-10-05T13:57:54.403504+00:00,vast.ai,marketplace,RTX 5090,0.8660444444444445,1,31.84,81.759274401,94.405274401,251.52,6422.0,"Texas, US",0.9889552,38001277
2026-10-05T13:57:54.403504+00:00,vast.ai,marketplace,RTX 5090,0.8671851851851853,1,31.84,199.111274401,229.607274401,62.18,2877.0,"Florida, US",0.9916412,54209753
2026-10-05T13:57:54.403504+00:00,vast.ai,marketplace,RTX 5090,0.8671851851851853,1,31.84,198.99127440100003,229.46727440100003,61.95,714.6390362919492,"Florida, US",0.9897999,42585583
2026-10-05T13:57:54.403504+00:00,vast.ai,marketplace,RTX 5090,0.8675925925925926,1,31.84,199.66127440100001,230.13227440100002,251.51,7316.0,"Washington, US",0.9957601,51403844
2026-10-05T13:57:54.403504+00:00,vast.ai,marketplace,RTX 5090,0.8680555555555556,1,31.84,69.511274401,80.077274401,59.02,470.5,"Alberta, CA",0.9974336,45028228
2026-10-05T13:57:54.403504+00:00,vast.ai,marketplace,RTX 3090,0.8685185185185186,1,24.0,44.368274401,51.085274401,251.49,1338.0,"Norway, NO",0.9982868,53476074
2026-10-05T13:57:54.403504+00:00,vast.ai,marketplace,RTX 5090,0.8689814814814815,1,31.84,198.796274401,228.76927440100002,60.44,3261.0,"Spain, ES",0.9994045,27710040
2026-10-05T13:57:54.403504+00:00,vast.ai,marketplace,RTX 5090,0.8689814814814815,1,31.84,198.53127440100002,228.46527440100002,123.44,3072.0,"Spain, ES",0.9994304,27011987
2026-10-05T13:57:54.403504+00:00,vast.ai,marketplace,RTX 5090,0.8689814814814815,1,31.84,198.809274401,228.784274401,83.95,465.149151454259,"Finland, FI",0.9822722,47357379
2026-10-05T13:57:54.403504+00:00,vast.ai,marketplace,RTX 5090,0.8689814814814815,1,31.84,198.690274401,228.647274401,125.96,275.5,"Spain, ES",0.9990936,31481788
2026-10-05T13:57:54.403504+00:00,vast.ai,marketplace,RTX 5090,0.8699074074074075,1,31.84,198.921274401,228.66927440100002,60.44,600.0,"Spain, ES",0.9995442,25713902
2026-10-05T13:57:54.403504+00:00,vast.ai,marketplace,RTX 5090,0.8699074074074075,1,31.84,198.690274401,228.404274401,94.4,798.5,"Spain, ES",0.9983487,31191994
2026-10-05T13:57:54.403504+00:00,vast.ai,marketplace,A100 PCIE,0.8708333333333333,1,80.0,127.240274401,146.113274401,125.88,880.0,"Oklahoma, US",0.9921377,47546414
2026-10-05T13:57:54.403504+00:00,vast.ai,marketplace,A800 PCIE,0.8813888888888889,1,80.0,126.026274401,142.98527440100003,73.34,1349.7781549119927,"Idaho, US",0.9983688,16761518
2026-10-05T13:57:54.403504+00:00,vast.ai,marketplace,RTX 5090,0.8823148148148148,1,31.84,198.670274401,225.16927440100002,110.21,407.625,"Hungary, HU",0.9944982,51326860
2026-10-05T13:57:54.403504+00:00,vast.ai,marketplace,RTX 5090,0.8933888888888889,1,31.84,198.934274401,222.67327440100001,251.66,3207.6,"Thailand, TH",0.9915772,43920286
2026-10-05T13:57:54.403504+00:00,vast.ai,marketplace,RTX 5090,0.9013888888888889,1,31.84,198.617274401,220.34627440100002,62.97,664.75,"Czechia, CZ",0.9881841,52411641
2026-10-05T13:57:54.403504+00:00,vast.ai,marketplace,A100 SXM4,0.9237037037037036,1,40.0,95.366274401,103.244274401,251.96,2555.4928304394743,"California, US",0.9986983,39460469
2026-10-05T13:57:54.403504+00:00,vast.ai,marketplace,RTX 4090,0.9342592592592591,1,47.99,125.589274401,134.426274401,251.51,4725.0,"Japan, JP",0.9966934,53705188
2026-10-05T13:57:54.403504+00:00,vast.ai,marketplace,RTX PRO 5000,0.9342592592592591,1,47.79,165.022274401,176.634274401,125.84,765.75,"Arizona, US",0.991299,53922862
2026-10-05T13:57:54.403504+00:00,vast.ai,marketplace,RTX PRO 5000,0.9520629629629631,1,47.79,165.643274401,173.98327440100002,58.91,1177.2362644962473,"Texas, US",0.9702154,42735320
2026-10-05T13:57:54.403504+00:00,vast.ai,marketplace,RTX 5090,0.9542592592592591,1,31.84,198.749274401,208.27627440100002,31.44,1253.241707588701,"Czechia, CZ",0.9942609,47627478
2026-10-05T13:57:54.403504+00:00,vast.ai,marketplace,RTX 5090,0.9547222222222221,1,31.84,180.575274401,189.13927440100002,62.95,193.07590603399188,"Czechia, CZ",0.9984104,44096412
2026-10-05T13:57:54.403504+00:00,vast.ai,marketplace,RTX PRO 6000 Max-Q,1.000925925925926,1,95.59,283.268274401,283.006274401,41.71,116.33333333333333,"Germany, DE",0.9971499,48734591
2026-10-05T13:57:54.403504+00:00,vast.ai,marketplace,RTX 3090,1.0013888888888889,1,24.0,44.359274401,44.297274400999996,125.63,340.0,"Ontario, CA",0.9909524,52810281
2026-10-05T13:57:54.403504+00:00,vast.ai,marketplace,RTX 4090,1.0018518518518518,1,23.99,97.054274401,96.875274401,251.14,3275.0,"Norway, NO",0.996606,53475966
2026-10-05T13:57:54.403504+00:00,vast.ai,marketplace,RTX PRO 6000 Max-Q,1.0023148148148149,1,95.59,283.54027440100003,282.88627440100004,125.78,82.0,"Australia, AU",0.990404,40230781
2026-10-05T13:57:54.403504+00:00,vast.ai,marketplace,RTX PRO 6000 S,1.0023148148148149,1,95.59,276.584274401,275.945274401,125.77,1062.5,"Australia, AU",0.9903872,45612533
2026-10-05T13:57:54.403504+00:00,vast.ai,marketplace,RTX 5090,1.0107222222222223,1,31.84,198.95427440100002,196.843274401,167.84,2216.333333333333,"Germany, DE",0.9724001,53334404
2026-10-05T13:57:54.403504+00:00,vast.ai,marketplace,RTX 5090,1.0374814814814814,1,31.84,192.761274401,185.797274401,40.22,565.85,"Taiwan, TW",0.9938285,52965009
2026-10-05T13:57:54.403504+00:00,vast.ai,marketplace,RTX PRO 6000 Max-Q,1.058314814814815,1,95.59,283.599274401,267.972274401,125.89,505.0,"Australia, AU",0.9981943,45042215
2026-10-05T13:57:54.403504+00:00,vast.ai,marketplace,RTX PRO 6000 WS,1.072685185185185,1,95.59,282.39127440100003,263.256274401,125.92,634.275,"Jiangsu, CN",0.9725499,51010704
2026-10-05T13:57:54.403504+00:00,vast.ai,marketplace,RTX 5090,1.1235475555555556,1,31.84,203.482274401,181.107274401,123.5,2443.0,"Oklahoma, US",0.9922023,51432163
2026-10-05T13:57:54.403504+00:00,vast.ai,marketplace,RTX PRO 6000 WS,1.1347222222222222,1,95.59,283.69627440100004,250.01427440100002,125.85,2626.5,"Beijing, CN",0.9774703,54294206
2026-10-05T13:57:54.403504+00:00,vast.ai,marketplace,RTX PRO 6000 Max-Q,1.1347222222222222,1,95.59,16.111274401,14.198274401,62.71,3965.625,"Virginia, US",0.9920934,51921733
2026-10-05T13:57:54.403504+00:00,vast.ai,marketplace,RTX PRO 6000 Max-Q,1.1613888888888888,1,95.59,283.638274401,244.22327440100003,90.99,1017.5,"Japan, JP",0.9850765,53950592
2026-10-05T13:57:54.403504+00:00,vast.ai,marketplace,RTX 5090,1.1747222222222222,1,31.84,100.407274401,85.473274401,30.07,294.5,"Delaware, US",0.9903255,53337127
2026-10-05T13:57:54.403504+00:00,vast.ai,marketplace,RTX 5090,1.1875925925925928,1,31.84,99.670274401,83.926274401,121.21,661.9,"Germany, DE",0.9829485,51782800
2026-10-05T13:57:54.403504+00:00,vast.ai,marketplace,A100 SXM4,1.1883333333333335,1,80.0,119.456274401,100.524274401,125.87,1351.25,"Czechia, CZ",0.9761975,34475479
2026-10-05T13:57:54.403504+00:00,vast.ai,marketplace,RTX PRO 6000 Max-Q,1.2013888888888888,1,95.59,283.365274401,235.86427440100002,125.88,984.1651661817879,"Japan, JP",0.974055,53877820
2026-10-05T13:57:54.403504+00:00,vast.ai,marketplace,RTX 5090,1.2018518518518517,1,31.84,198.18127440100002,164.897274401,70.83,469.875,"Hungary, HU",0.9870059,54003589
2026-10-05T13:57:54.403504+00:00,vast.ai,marketplace,RTX 5090,1.2156481481481485,1,31.84,199.000274401,163.69927440100003,94.42,2784.5,"Hungary, HU",0.9972037,50716290
2026-10-05T13:57:54.403504+00:00,vast.ai,marketplace,RTX 4090,1.2680555555555555,1,47.99,125.580274401,99.034274401,107.97,439.1428571428571,"Washington, US",0.9820673,48484831
2026-10-05T13:57:54.403504+00:00,vast.ai,marketplace,RTX 5090,1.268287037037037,1,31.84,198.789274401,156.738274401,94.42,1139.0,"Hungary, HU",0.9908165,51932580
2026-10-05T13:57:54.403504+00:00,vast.ai,marketplace,RTX 4090,1.2683333333333333,1,23.99,95.839274401,75.563274401,167.97,529.3333333333333,"Washington, US",0.9977455,54232942
2026-10-05T13:57:54.403504+00:00,vast.ai,marketplace,RTX PRO 6000 Max-Q,1.2685185185185184,1,95.59,283.54027440100003,223.521274401,998.03,1473.5,"India, IN",0.8205138,54283430
2026-10-05T13:57:54.403504+00:00,vast.ai,marketplace,RTX 4090,1.2800555555555555,1,47.99,125.413274401,97.974274401,125.75,1650.0,"Washington, US",0.9949225,54003173
2026-10-05T13:57:54.403504+00:00,vast.ai,marketplace,RTX 4090,1.281388888888889,1,47.99,125.668274401,98.072274401,220.06,6516.0,"Washington, US",0.9986487,38637438
2026-10-05T13:57:54.403504+00:00,vast.ai,marketplace,RTX 4090,1.282314814814815,1,47.99,125.554274401,97.912274401,125.87,2973.5,"Washington, US",0.9986278,46255395
2026-10-05T13:57:54.403504+00:00,vast.ai,marketplace,RTX PRO 6000 Max-Q,1.3080555555555555,1,95.59,282.644274401,216.08027440100003,179.91,507.58591378382135,"Poland, PL",0.931406,54241114
2026-10-05T13:57:54.403504+00:00,vast.ai,marketplace,RTX PRO 6000 WS,1.3103703703703704,1,95.59,282.450274401,215.54927440100002,123.47,2099.0,"Pennsylvania, US",0.9977335,54323934
2026-10-05T13:57:54.403504+00:00,vast.ai,marketplace,RTX PRO 6000 S,1.3259222222222222,1,95.59,279.390274401,210.714274401,94.01,1223.3500000000001,"New York, US",0.9985527,41593766
2026-10-05T13:57:54.403504+00:00,vast.ai,marketplace,RTX PRO 6000 S,1.3347222222222221,1,95.59,279.87427440100004,209.68727440100002,283.09,1288.75,"France, FR",0.9827173,52569555
2026-10-05T13:57:54.403504+00:00,vast.ai,marketplace,RTX 3090,1.3347222222222221,1,24.0,44.364274400999996,33.238274401,62.72,439.0,"Washington, US",0.9959003,51860372
2026-10-05T13:57:54.403504+00:00,vast.ai,marketplace,RTX PRO 5000,1.3347222222222221,1,71.69,191.05427440100001,143.141274401,62.71,2548.6,"Florida, US",0.9639839,53704980
2026-10-05T13:57:54.403504+00:00,vast.ai,marketplace,RTX A2000,1.3347222222222221,1,5.99,8.575274401,6.425274401,31.16,761.5,"British Columbia, CA",0.9715086,46186923
2026-10-05T13:57:54.403504+00:00,vast.ai,marketplace,RTX 5090,1.3347222222222221,1,31.84,190.36527440100002,142.625274401,62.25,2003.0,"British Columbia, CA",0.968974,48515309
2026-10-05T13:57:54.403504+00:00,vast.ai,marketplace,RTX PRO 6000 S,1.3356481481481481,1,95.59,229.61627440100003,171.91327440100002,125.8,713.0,"Spain, ES",0.9931391,50349139
2026-10-05T13:57:54.403504+00:00,vast.ai,marketplace,RTX PRO 6000 S,1.336111111111111,1,95.59,279.93227440100003,209.51327440100002,125.94,320.0,"California, US",0.9931845,54261926
2026-10-05T13:57:54.403504+00:00,vast.ai,marketplace,RTX 5090,1.3756481481481482,1,31.84,198.683274401,144.42927440100001,125.96,1476.0,"Hungary, HU",0.9941516,52070431
2026-10-05T13:57:54.403504+00:00,vast.ai,marketplace,RTX PRO 6000 WS,1.3876481481481482,1,95.59,283.11227440100004,204.023274401,188.92,303.5,"Poland, PL",0.9954084,37051753
2026-10-05T13:57:54.403504+00:00,vast.ai,marketplace,RTX PRO 6000 WS,1.3908148148148147,1,95.59,132.07227440100002,94.96027440099999,93.17,1396.0,"Taiwan, TW",0.9967478,52761168
2026-10-05T13:57:54.403504+00:00,vast.ai,marketplace,RTX PRO 6000 WS,1.401851851851852,1,95.59,283.638274401,202.331274401,110.14,795.75,"Czechia, CZ",0.9603071,54136211
2026-10-05T13:57:54.403504+00:00,vast.ai,marketplace,RTX PRO 6000 S,1.402314814814815,1,95.59,279.661274401,199.428274401,188.92,200.875,"Bulgaria, BG",0.998201,44647853
2026-10-05T13:57:54.403504+00:00,vast.ai,marketplace,RTX PRO 6000 WS,1.402777777777778,1,95.59,282.97527440100004,201.725274401,186.45,40.0,"Colorado, US",0.9972095,50938080
2026-10-05T13:57:54.403504+00:00,vast.ai,marketplace,A100 SXM4,1.403677175925926,1,80.0,128.43027440100002,91.495274401,122.02,453.1000000000001,"North Carolina, US",0.9929309,51216958
2026-10-05T13:57:54.403504+00:00,vast.ai,marketplace,A100 SXM4,1.4036846574074073,1,80.0,128.75227440100002,91.724274401,125.96,609.3500000000001,"North Carolina, US",0.9903724,53572329
2026-10-05T13:57:54.403504+00:00,vast.ai,marketplace,RTX PRO 6000 WS,1.4213148148148147,1,95.59,283.599274401,199.533274401,123.46,6372.0,"Texas, US",0.9967332,46205793
2026-10-05T13:57:54.403504+00:00,vast.ai,marketplace,RTX PRO 6000 WS,1.4280555555555556,1,95.59,283.346274401,198.41327440100002,124.68,960.0,"The Netherlands, NL",0.9975262,52961581
2026-10-05T13:57:54.403504+00:00,vast.ai,marketplace,RTX PRO 6000 S,1.4675925925925928,1,95.59,279.10027440100004,190.17527440100002,188.92,924.8987644962474,", CA",0.9965393,48926597
2026-10-05T13:57:54.403504+00:00,vast.ai,marketplace,RTX PRO 6000 WS,1.4680555555555557,1,95.59,283.32627440100003,192.994274401,125.53,1074.632412021841,"Poland, PL",0.9737915,53822793
2026-10-05T13:57:54.403504+00:00,vast.ai,marketplace,RTX PRO 6000 S,1.4680555555555557,1,95.59,280.24227440100003,190.893274401,124.77,593.0,"Spain, ES",0.998557,53838806
2026-10-05T13:57:54.403504+00:00,vast.ai,marketplace,RTX PRO 6000 WS,1.4712962962962963,1,95.59,207.969274401,141.351274401,157.45,229.23148927965173,"Switzerland, CH",0.9930655,53364606
2026-10-05T13:57:54.403504+00:00,vast.ai,marketplace,RTX PRO 6000 WS,1.4712962962962963,1,95.59,282.820274401,192.225274401,251.91,397.25,"Florida, US",0.9967896,52869188
2026-10-05T13:57:54.403504+00:00,vast.ai,marketplace,RTX PRO 6000 Max-Q,1.4722222222222223,1,95.59,280.364274401,190.43627440100002,123.9,290.0625,"Norway, NO",0.9970713,54296939
2026-10-05T13:57:54.403504+00:00,vast.ai,marketplace,RTX PRO 6000 WS,1.5080555555555555,1,95.59,283.852274401,188.224274401,125.55,3230.0,"Massachusetts, US",0.9648917,54078995
2026-10-05T13:57:54.403504+00:00,vast.ai,marketplace,RTX PRO 6000 WS,1.5342592592592592,1,95.59,283.716274401,184.920274401,125.53,2466.0,"Japan, JP",0.9974382,54305058
2026-10-05T13:57:54.403504+00:00,vast.ai,marketplace,RTX PRO 6000 Max-Q,1.5420158518518516,1,95.59,282.722274401,183.34627440100002,125.53,735.5,"Michigan, US",0.9907604,45192567
2026-10-05T13:57:54.403504+00:00,vast.ai,marketplace,RTX PRO 6000 S,1.5877777777777777,1,95.59,279.429274401,175.987274401,94.42,508.5,"Bulgaria, BG",0.9925951,51056495
2026-10-05T13:57:54.403504+00:00,vast.ai,marketplace,RTX PRO 6000 WS,1.6009259259259259,1,95.59,283.657274401,177.183274401,251.76,1530.5,"Japan, JP",0.9974404,54293833
2026-10-05T13:57:54.403504+00:00,vast.ai,marketplace,RTX PRO 6000 Max-Q,1.6013888888888888,1,95.59,282.566274401,176.451274401,94.42,1870.6666666666665,"Czechia, CZ",0.9482162,54270161
2026-10-05T13:57:54.403504+00:00,vast.ai,marketplace,RTX PRO 6000 S,1.6016666666666666,1,95.59,279.661274401,174.606274401,102.08,707.4001081702424,"The Netherlands, NL",0.9985576,46385242
2026-10-05T13:57:54.403504+00:00,vast.ai,marketplace,RTX 5090,1.6023148148148147,1,31.84,199.654274401,124.603274401,62.78,1600.4,"Denmark, DK",0.924934,54028729
2026-10-05T13:57:54.403504+00:00,vast.ai,marketplace,RTX 5090,1.6023148148148147,1,31.84,199.37627440100002,124.430274401,94.26,1600.85,"Denmark, DK",0.9402021,53894950
2026-10-05T13:57:54.403504+00:00,vast.ai,marketplace,RTX 5090,1.6055555555555554,1,31.84,199.38327440100002,124.183274401,247.81,364.0,"Norway, NO",0.9984351,50806303
2026-10-05T13:57:54.403504+00:00,vast.ai,marketplace,RTX PRO 6000 WS,1.6156481481481482,1,95.59,283.48227440100004,175.46027440100002,167.78,4170.0,"Hungary, HU",0.9924955,51122669
2026-10-05T13:57:54.403504+00:00,vast.ai,marketplace,RTX PRO 6000 WS,1.6675925925925927,1,95.59,283.443274401,169.97127440100002,188.25,4698.4,"Japan, JP",0.9955156,54293797
2026-10-05T13:57:54.403504+00:00,vast.ai,marketplace,RTX PRO 6000 WS,1.6685185185185185,1,95.59,283.48227440100004,169.90027440100002,251.15,2992.0,"Norway, NO",0.9982906,53476108
2026-10-05T13:57:54.403504+00:00,vast.ai,marketplace,RTX PRO 6000 Max-Q,1.6685185185185185,1,95.59,283.443274401,169.87727440100002,125.57,1603.85,"Norway, NO",0.9916641,53476221
2026-10-05T13:57:54.403504+00:00,vast.ai,marketplace,RTX PRO 5000,1.6685185185185185,1,47.79,165.653274401,99.281274401,503.52,2193.5,"Texas, US",0.9990764,53430598
2026-10-05T13:57:54.403504+00:00,vast.ai,marketplace,RTX PRO 6000 WS,1.7223148148148149,1,95.59,283.209274401,164.43527440100002,94.2,3218.0,"Texas, US",0.9788063,54250814
2026-10-05T13:57:54.403504+00:00,vast.ai,marketplace,RTX PRO 6000 WS,1.7351851851851852,1,95.59,282.937274401,163.058274401,94.39,610.5,"Czechia, CZ",0.9846712,53983168
2026-10-05T13:57:54.403504+00:00,vast.ai,marketplace,RTX PRO 6000 WS,1.8003703703703704,1,95.59,283.872274401,157.67427440100002,124.97,4558.0,"Texas, US",0.9938622,52999913
2026-10-05T13:57:54.403504+00:00,vast.ai,marketplace,RTX PRO 6000 Max-Q,1.8437037037037036,1,95.59,283.131274401,153.56627440100002,125.94,1181.75,"Czechia, CZ",0.9838931,30474084
2026-10-05T13:57:54.403504+00:00,vast.ai,marketplace,H100 SXM,1.9085185185185183,1,79.65,343.604274401,180.03727440100002,92.01,342.0,"Germany, DE",0.9944107,50993801
2026-10-05T13:57:54.403504+00:00,vast.ai,marketplace,RTX PRO 6000 WS,1.988703703703704,1,95.59,283.131274401,142.37027440100002,125.92,1020.875,"Hungary, HU",0.996209,43620826
2026-10-05T13:57:54.403504+00:00,vast.ai,marketplace,RTX 4090,2.001388888888889,1,23.99,97.163274401,48.548274401,125.71,1349.0,"Ontario, CA",0.9964856,52814544
2026-10-05T13:57:54.403504+00:00,vast.ai,marketplace,H100 PCIE,2.001388888888889,1,79.65,256.026274401,127.924274401,125.79,311.0,"France, FR",0.9779261,50562987
2026-10-05T13:57:54.403504+00:00,vast.ai,marketplace,RTX PRO 6000 WS,2.002314814814815,1,95.59,282.89827440100004,141.285274401,94.44,371.75,"Alberta, CA",0.9960769,53217074
2026-10-05T13:57:54.403504+00:00,vast.ai,marketplace,RTX PRO 6000 Max-Q,2.016537037037037,1,95.59,282.372274401,140.028274401,125.92,442.75,"Czechia, CZ",0.9969663,47792410
2026-10-05T13:57:54.403504+00:00,vast.ai,marketplace,RTX PRO 6000 WS,2.267777777777778,1,95.59,283.579274401,125.047274401,503.53,5926.0,"Japan, JP",0.9987103,49751924
2026-10-05T13:57:54.403504+00:00,vast.ai,marketplace,H100 NVL,2.3742592592592593,1,93.58,369.666274401,155.69727440100002,335.85,124.8652629976503,"South Korea, KR",0.9988623,43751089
2026-10-05T13:57:54.403504+00:00,vast.ai,marketplace,RTX PRO 6000 WS,2.4736111111111114,1,95.59,283.404274401,114.571274401,251.49,1384.0,"New Jersey, US",0.9619436,51371152
2026-10-05T13:57:54.403504+00:00,vast.ai,marketplace,H100 PCIE,2.5881259259259255,1,79.65,256.073274401,98.941274401,62.84,398.25,"Czechia, CZ",0.9831772,50491378
2026-10-05T13:57:54.403504+00:00,vast.ai,marketplace,RTX 3090,2.6680555555555556,1,24.0,44.282274400999995,16.597274401,125.91,591.25,"Oregon, US",0.9887063,54219526
2026-10-05T13:57:54.403504+00:00,vast.ai,marketplace,RTX PRO 6000 Max-Q,2.6685185185185185,1,95.59,283.579274401,106.268274401,503.51,1063.3959412280988,"Texas, US",0.9990798,53315139
2026-10-05T13:57:54.403504+00:00,vast.ai,marketplace,H100 NVL,3.028055555555548,1,93.58,348.395274401,115.055274401,314.69,310.1281368106791,"Virginia, US",0.9647681,54324641
2026-10-05T13:57:54.403504+00:00,vast.ai,marketplace,H100 NVL,3.0413888888888883,1,93.58,346.49927440100004,113.928274401,314.69,559.8,"Iowa, US",0.9767836,54324639
2026-10-05T13:57:54.403504+00:00,vast.ai,marketplace,RTX 4090,3.339814814814815,1,23.99,96.740274401,28.965274401,62.53,703.0,"Alberta, CA",0.9945593,53752192
2026-10-05T13:57:54.403504+00:00,vast.ai,marketplace,H100 NVL,3.694740740740741,1,93.58,377.36227440100004,102.134274401,188.94,595.25,"Czechia, CZ",0.9944051,31183484
2026-10-05T13:57:54.403504+00:00,vast.ai,marketplace,H100 SXM,3.871388888888889,1,79.65,324.051274401,83.70427440099999,110.19,964.75,"Czechia, CZ",0.9947159,41555529
2026-10-05T13:57:54.403504+00:00,vast.ai,marketplace,H200 NVL,4.0616111111111115,1,140.4,451.873274401,111.254274401,188.39,348.25,"Texas, US",0.9269021,54220597
2026-10-05T13:57:54.403504+00:00,vast.ai,marketplace,H200 NVL,4.206944444444445,1,140.4,437.066274401,103.891274401,125.77,1239.0,"Washington, US",0.9935592,54173976
2026-10-05T13:57:54.403504+00:00,vast.ai,marketplace,H200 NVL,4.268055555555556,1,140.4,428.17027440100003,100.319274401,181.06,203.625,"Bulgaria, BG",0.9677073,44335863
2026-10-05T13:57:54.403504+00:00,vast.ai,marketplace,H200 NVL,4.428055555555556,1,140.4,376.530274401,85.033274401,214.36,16.857142857142858,"Mississippi, US",0.9939491,50176557
2026-10-05T13:57:54.403504+00:00,vast.ai,marketplace,H200 NVL,4.668055555555556,1,140.4,453.19627440100004,97.084274401,251.4,839.0101498976196,"South Korea, KR",0.8932359,52223708
2026-10-05T13:57:54.403504+00:00,vast.ai,marketplace,H200 NVL,4.883203703703704,1,140.4,453.158274401,92.799274401,251.93,1422.0,"Czechia, CZ",0.9978557,21829059
2026-10-05T13:57:54.403504+00:00,vast.ai,marketplace,H200,5.0027412280701755,1,140.4,272.74427440100004,54.519274401,188.93,635.85,"Germany, DE",0.9626824,53594629
2026-10-05T13:57:54.403504+00:00,vast.ai,marketplace,H200,5.120248538011696,1,140.4,493.525274401,96.386274401,377.93,2180.268565899185,"Saudi Arabia, SA",0.9976643,39605004
2026-10-05T13:57:54.403504+00:00,vast.ai,marketplace,H200,5.120248538011696,1,140.4,493.957274401,96.471274401,377.93,2732.6606891679266,"Saudi Arabia, SA",0.9965269,39605084
2026-10-05T13:57:54.403504+00:00,vast.ai,marketplace,B200,6.251302083333333,1,179.06,679.644274401,108.720274401,249.5,2419.4899751240832,"Oregon, US",0.9972601,50255935
2026-10-05T13:57:54.403504+00:00,vast.ai,marketplace,H100 SXM,6.748055555555555,1,79.65,269.14827440100004,39.885274401,221.46,2274.6079233166006,", US",0.9983297,36346706
2026-10-05T13:57:54.403504+00:00,vast.ai,marketplace,B200,7.431076388888889,1,179.06,658.0312744009999,88.551274401,283.43,197.01796085436126,"Maryland, US",0.9933406,54311060
2026-10-05T13:57:54.403504+00:00,vast.ai,marketplace,B200,7.813802083333332,1,179.06,430.43227440100003,55.086274401,220.48,89.75,", US",0.9963472,53384341
2026-10-05T13:57:54.403504+00:00,vast.ai,marketplace,RTX 5090,9.334898148148149,1,31.84,194.875274401,20.875274401,31.36,843.5,"Taiwan, TW",0.9906124,53630594
2026-10-05T13:57:54.403504+00:00,vast.ai,marketplace,B200,9.381510416666666,1,179.06,694.8622744009999,74.06727440099999,249.5,2364.0125,", US",0.9959432,51061890
2026-10-05T13:57:54.403504+00:00,vast.ai,marketplace,RTX 5090,53.33435185185186,1,31.84,199.535274401,3.741274401,60.44,3349.0,"Ukraine, UA",0.9979752,46363452
