collected_at,provider,tier,gpu_model,price_usd_per_hr,num_gpus,gpu_ram_gb,dlperf,dlperf_per_dollar,cpu_ram_gb,disk_space_gb,region,reliability,offer_id
2026-09-13T11:19:18.047504+00:00,vast.ai,marketplace,Quadro P2000,0.028055555555555556,1,5.0,1.0177623801653413,36.27667889698246,6.83,31.9625,"Nevada, US",0.985698,49574214
2026-09-13T11:19:18.047504+00:00,vast.ai,marketplace,GTX 1070,0.04805555555555556,1,8.0,2.5869284439112117,53.83203698312347,8.96,173.28571428571428,"South Korea, KR",0.9760574,48484307
2026-09-13T11:19:18.047504+00:00,vast.ai,marketplace,GTX 1070,0.04805555555555556,1,8.0,2.6625625460945153,55.40592581468355,8.96,54.71428571428571,"South Korea, KR",0.9958134,47060243
2026-09-13T11:19:18.047504+00:00,vast.ai,marketplace,RTX 3060,0.04805555555555556,1,12.0,7.796959269660054,162.24886341489128,15.53,59.0,"South Korea, KR",0.9861442,48521496
2026-09-13T11:19:18.047504+00:00,vast.ai,marketplace,RTX 3060,0.04805555555555556,1,12.0,12.26689919347755,255.26495431513976,7.76,140.5,"South Korea, KR",0.9951245,45753155
2026-09-13T11:19:18.047504+00:00,vast.ai,marketplace,RTX 3060,0.05077777777777777,1,12.0,12.26615158836682,241.56534856739913,23.59,332.3583802944125,"United States, US",0.9939027,50121275
2026-09-13T11:19:18.047504+00:00,vast.ai,marketplace,RTX A2000,0.05159259259259259,1,11.99,10.9484689951207,212.21009538281328,15.63,346.5,"Poland, PL",0.9984662,45604045
2026-09-13T11:19:18.047504+00:00,vast.ai,marketplace,RTX 3060,0.05251851851851852,1,12.0,12.41545661253443,236.40150108492918,19.63,169.475,"United States, US",0.9532257,50491873
2026-09-13T11:19:18.047504+00:00,vast.ai,marketplace,RTX 3060,0.05338888888888889,1,12.0,12.337738291774793,231.0918722704956,20.95,194.95059136359862,"Quebec, CA",0.9933745,40686457
2026-09-13T11:19:18.047504+00:00,vast.ai,marketplace,RTX 3060,0.0537962962962963,1,12.0,12.407836284181814,230.64480528255348,15.54,242.0,"Thailand, TH",0.9907394,50031505
2026-09-13T11:19:18.047504+00:00,vast.ai,marketplace,Quadro P4000,0.05472222222222223,1,8.0,2.0836915595552954,38.077612255832804,30.91,420.0,"Romania, RO",0.9972625,44056938
2026-09-13T11:19:18.047504+00:00,vast.ai,marketplace,GTX 1080 Ti,0.05472222222222223,1,11.0,5.212453494822205,95.25295726578649,31.28,34.0,"South Korea, KR",0.9972866,40234662
2026-09-13T11:19:18.047504+00:00,vast.ai,marketplace,GTX 1080 Ti,0.05472222222222223,1,11.0,5.384292621025136,98.39316464817506,31.29,72.0,"South Korea, KR",0.9984915,37709426
2026-09-13T11:19:18.047504+00:00,vast.ai,marketplace,GTX 1080 Ti,0.05472222222222223,1,11.0,5.212453494822205,95.25295726578649,31.22,453.29999999999995,"South Korea, KR",0.9967087,49315857
2026-09-13T11:19:18.047504+00:00,vast.ai,marketplace,GTX 1080,0.05472222222222223,1,8.0,3.330490607485923,60.86175729415899,31.37,68.71355907516039,"South Korea, KR",0.995063,47674508
2026-09-13T11:19:18.047504+00:00,vast.ai,marketplace,GTX 1070,0.05472222222222223,1,8.0,2.4978679556144425,45.64631797061925,7.82,87.0,"South Korea, KR",0.9975101,50595372
2026-09-13T11:19:18.047504+00:00,vast.ai,marketplace,GTX 1070,0.05472222222222223,1,8.0,2.4978679556144425,45.64631797061925,7.78,170.0,"South Korea, KR",0.9977633,50037971
2026-09-13T11:19:18.047504+00:00,vast.ai,marketplace,GTX 1070,0.05472222222222223,1,8.0,2.6128927489656055,47.748293889726796,15.61,144.2,"South Korea, KR",0.9971533,47671684
2026-09-13T11:19:18.047504+00:00,vast.ai,marketplace,Titan Xp,0.05472222222222223,1,12.0,5.757466410549852,105.21258415218003,18.85,21.400000000000002,"Quebec, CA",0.9980005,49328820
2026-09-13T11:19:18.047504+00:00,vast.ai,marketplace,Titan Xp,0.05472222222222223,1,12.0,5.757466410549852,105.21258415218003,10.45,244.66666666666666,"South Korea, KR",0.9959653,48453495
2026-09-13T11:19:18.047504+00:00,vast.ai,marketplace,GTX TITAN X,0.05472222222222223,1,12.0,3.355057349444435,61.31069268020287,15.51,157.0,"South Korea, KR",0.9923004,47194499
2026-09-13T11:19:18.047504+00:00,vast.ai,marketplace,GTX TITAN X,0.05472222222222223,1,12.0,3.355057349444435,61.31069268020287,7.61,119.0,"South Korea, KR",0.9459732,49183619
2026-09-13T11:19:18.047504+00:00,vast.ai,marketplace,GTX TITAN X,0.05472222222222223,1,12.0,3.355057349444435,61.31069268020287,15.5,157.0,"South Korea, KR",0.9864836,48612705
2026-09-13T11:19:18.047504+00:00,vast.ai,marketplace,GTX TITAN X,0.05472222222222223,1,12.0,3.355057349444435,61.31069268020287,15.51,126.0,"South Korea, KR",0.9953154,48634392
2026-09-13T11:19:18.047504+00:00,vast.ai,marketplace,RTX 3060,0.05472222222222223,1,12.0,9.12897953480733,166.82399149901718,20.96,72.71727068932792,"Quebec, CA",0.9992669,35849286
2026-09-13T11:19:18.047504+00:00,vast.ai,marketplace,RTX 3060,0.05472222222222223,1,12.0,12.337738291774793,225.46120736238197,25.15,252.90135150918513,"Quebec, CA",0.9847798,50547501
2026-09-13T11:19:18.047504+00:00,vast.ai,marketplace,Q RTX 4000,0.05472222222222223,1,8.0,4.104189194763423,75.00041168095595,7.67,72.0,"Spain, ES",0.9795415,48583412
2026-09-13T11:19:18.047504+00:00,vast.ai,marketplace,Quadro P4000,0.055648148148148155,1,8.0,2.0836915595552954,37.44404133643459,23.56,238.825,"United States, US",0.9894304,50141337
2026-09-13T11:19:18.047504+00:00,vast.ai,marketplace,Quadro P4000,0.05611111111111111,1,8.0,2.0836915595552954,37.13509710098546,31.44,248.5,"Nevada, US",0.9958657,48453748
2026-09-13T11:19:18.047504+00:00,vast.ai,marketplace,RTX 5060,0.05612962962962963,1,7.96,27.743528328419085,494.27599133442124,31.26,115.0,"Vietnam, VN",0.9945188,48886911
2026-09-13T11:19:18.047504+00:00,vast.ai,marketplace,RTX 3060 Ti,0.05872222222222222,1,8.0,13.775822893619656,234.59301048737353,31.28,120.0,"Romania, RO",0.99239,50250218
2026-09-13T11:19:18.047504+00:00,vast.ai,marketplace,RTX 3060,0.06092592592592593,1,12.0,12.263157548530447,201.27978955034774,15.63,355.0,"Poland, PL",0.9985482,45600974
2026-09-13T11:19:18.047504+00:00,vast.ai,marketplace,RTX 3060,0.06092592592592593,1,12.0,12.44342253995955,204.2385462485762,15.64,360.5,"Poland, PL",0.9983651,45598452
2026-09-13T11:19:18.047504+00:00,vast.ai,marketplace,GTX 1080 Ti,0.061388888888888896,1,11.0,5.212453494822205,84.90874471203591,8.96,101.25714285714284,"South Korea, KR",0.9975293,48484201
2026-09-13T11:19:18.047504+00:00,vast.ai,marketplace,Titan Xp,0.061388888888888896,1,12.0,5.757466410549852,93.78678315827813,8.96,96.0,"South Korea, KR",0.9962979,32784727
2026-09-13T11:19:18.047504+00:00,vast.ai,marketplace,Titan Xp,0.061388888888888896,1,12.0,5.757466410549852,93.78678315827813,10.46,241.88955934012398,"South Korea, KR",0.99604,48474941
2026-09-13T11:19:18.047504+00:00,vast.ai,marketplace,RTX 4060,0.061388888888888896,1,8.0,15.645243999875872,254.85465339164313,41.91,26.376841998433537,"Bulgaria, BG",0.9966655,37627850
2026-09-13T11:19:18.047504+00:00,vast.ai,marketplace,RTX 3060,0.061388888888888896,1,12.0,12.46777575336898,203.09498964763947,10.46,168.83333333333331,"South Korea, KR",0.9920072,38750416
2026-09-13T11:19:18.047504+00:00,vast.ai,marketplace,RTX 3060,0.061388888888888896,1,12.0,12.26689919347755,199.822792291942,31.24,35.0,"South Korea, KR",0.997498,50325605
2026-09-13T11:19:18.047504+00:00,vast.ai,marketplace,RTX 2060,0.061388888888888896,1,12.0,4.02611401137736,65.5837576513959,10.46,252.9845013728997,"South Korea, KR",0.9951894,49698958
2026-09-13T11:19:18.047504+00:00,vast.ai,marketplace,RTX 2070,0.061388888888888896,1,8.0,4.104189194763423,66.85557059343132,7.77,168.0,"South Korea, KR",0.9958539,49868123
2026-09-13T11:19:18.047504+00:00,vast.ai,marketplace,RTX 3060,0.06185185185185186,1,12.0,12.547255056998587,202.85981229877953,25.14,281.8,"New Brunswick, CA",0.9976142,50637015
2026-09-13T11:19:18.047504+00:00,vast.ai,marketplace,RTX 2060S,0.06538888888888889,1,8.0,3.98692664634161,60.97254004600593,15.61,134.70000000000005,"Vietnam, VN",0.9832321,47528461
2026-09-13T11:19:18.047504+00:00,vast.ai,marketplace,RTX 2060S,0.06538888888888889,1,8.0,3.98692664634161,60.97254004600593,15.59,135.0,"Vietnam, VN",0.84263,30053150
2026-09-13T11:19:18.047504+00:00,vast.ai,marketplace,GTX 1080 Ti,0.06805555555555555,1,11.0,5.212453494822205,76.59115339330589,7.73,195.5,"South Korea, KR",0.9957447,50029618
2026-09-13T11:19:18.047504+00:00,vast.ai,marketplace,GTX 1080 Ti,0.06805555555555555,1,11.0,5.212453494822205,76.59115339330589,7.73,162.5,"South Korea, KR",0.9938229,50029605
2026-09-13T11:19:18.047504+00:00,vast.ai,marketplace,GTX 1080,0.06805555555555555,1,8.0,3.330490607485923,48.93782117122173,10.46,213.5,"South Korea, KR",0.9829029,50870182
2026-09-13T11:19:18.047504+00:00,vast.ai,marketplace,GTX 1080,0.06805555555555555,1,8.0,3.330490607485923,48.93782117122173,10.46,260.96651070749647,"South Korea, KR",0.9630734,50870213
2026-09-13T11:19:18.047504+00:00,vast.ai,marketplace,GTX 1080,0.06805555555555555,1,8.0,3.330490607485923,48.93782117122173,15.54,142.0,"South Korea, KR",0.9847802,50870754
2026-09-13T11:19:18.047504+00:00,vast.ai,marketplace,GTX 1080,0.06805555555555555,1,8.0,3.351404206277043,49.24512303100962,15.52,141.0,"South Korea, KR",0.9406697,50870717
2026-09-13T11:19:18.047504+00:00,vast.ai,marketplace,RTX 4060,0.06805555555555555,1,8.0,15.641207250346808,229.82998408672862,15.72,73.36250000000001,"Nevada, US",0.9900961,49481983
2026-09-13T11:19:18.047504+00:00,vast.ai,marketplace,RTX 3070,0.06805555555555555,1,8.0,16.407290716178345,241.08672072751855,31.43,146.025,"Quebec, CA",0.9995303,38525269
2026-09-13T11:19:18.047504+00:00,vast.ai,marketplace,RTX 3070,0.06805555555555555,1,8.0,16.283883483499594,239.2733899616267,10.42,235.0,"France, FR",0.9982101,47700170
2026-09-13T11:19:18.047504+00:00,vast.ai,marketplace,RTX 3070,0.06805555555555555,1,8.0,12.275340864781436,180.3723555641354,7.79,200.66666666666666,"France, FR",0.9973969,48094854
2026-09-13T11:19:18.047504+00:00,vast.ai,marketplace,RTX 3060,0.06805555555555555,1,12.0,12.547255056998587,184.36782940895884,31.32,694.0,"South Korea, KR",0.9974548,33328747
2026-09-13T11:19:18.047504+00:00,vast.ai,marketplace,RTX 3060,0.06805555555555555,1,12.0,12.476482747851104,183.32790976434276,15.67,63.33333333333333,"Spain, ES",0.9925009,46810401
2026-09-13T11:19:18.047504+00:00,vast.ai,marketplace,RTX 3060,0.06805555555555555,1,12.0,12.545692781290583,184.3448735210045,31.26,1546.1,"South Korea, KR",0.9993354,47774858
2026-09-13T11:19:18.047504+00:00,vast.ai,marketplace,RTX 3060,0.06805555555555555,1,12.0,12.546474106930363,184.3563542242829,31.26,820.0,"South Korea, KR",0.9984829,47774834
2026-09-13T11:19:18.047504+00:00,vast.ai,marketplace,Q RTX 4000,0.06805555555555555,1,8.0,4.104189194763423,60.30645347407479,31.26,232.0,"Argentina, AR",0.9905323,37282264
2026-09-13T11:19:18.047504+00:00,vast.ai,marketplace,RTX 2080 Ti,0.06805555555555555,1,11.0,8.666419931501098,127.34331327919982,31.32,169.0,"India, IN",0.9839714,49772849
2026-09-13T11:19:18.047504+00:00,vast.ai,marketplace,RTX A4000,0.06851851851851852,1,15.99,21.188393779682055,309.23601732508945,19.63,116.60000000000001,"Ohio, US",0.968249,47976750
2026-09-13T11:19:18.047504+00:00,vast.ai,marketplace,RTX 3060 Ti,0.06898148148148148,1,8.0,13.77512330565164,199.69306268595668,62.96,357.0,"Norway, NO",0.9894587,36930527
2026-09-13T11:19:18.047504+00:00,vast.ai,marketplace,RTX 4060,0.06944444444444445,1,8.0,15.657350249471419,225.4658435923884,15.72,132.5,"Nevada, US",0.9855582,50360793
2026-09-13T11:19:18.047504+00:00,vast.ai,marketplace,RTX 3060,0.06944444444444445,1,12.0,12.541780509961603,180.60163934344706,62.9,309.95,"Wisconsin, US",0.9987382,45640246
2026-09-13T11:19:18.047504+00:00,vast.ai,marketplace,GTX 1660 Ti,0.06944444444444445,1,6.0,2.4740447784639805,35.62624480988132,62.93,348.0,"United Kingdom, GB",0.9977674,46831476
2026-09-13T11:19:18.047504+00:00,vast.ai,marketplace,GTX 1660 Ti,0.06944444444444445,1,6.0,2.4740447784639805,35.62624480988132,31.35,363.85,"United Kingdom, GB",0.9973035,50291701
2026-09-13T11:19:18.047504+00:00,vast.ai,marketplace,RTX 3060,0.07072222222222221,1,12.0,12.209031521623858,172.6335957495911,20.97,216.92566027638333,"Thailand, TH",0.9950739,42384443
2026-09-13T11:19:18.047504+00:00,vast.ai,marketplace,RTX 2080 Ti,0.07205555555555555,1,11.0,9.09974092807615,126.28784634184325,25.15,233.01999999999998,"Quebec, CA",0.9979951,47984766
2026-09-13T11:19:18.047504+00:00,vast.ai,marketplace,RTX 3060 Ti,0.07205555555555555,1,8.0,13.782804006534729,191.28024064581737,15.62,153.5,"Quebec, CA",0.9977021,43852027
2026-09-13T11:19:18.047504+00:00,vast.ai,marketplace,RTX 3070,0.07425925925925926,1,8.0,16.279381572723597,219.2235922511407,15.55,270.0,"Quebec, CA",0.9977374,49176384
2026-09-13T11:19:18.047504+00:00,vast.ai,marketplace,GTX 1080 Ti,0.07472222222222222,1,11.0,5.316102491579529,71.1448660583134,15.62,180.0,"South Korea, KR",0.9967541,48299921
2026-09-13T11:19:18.047504+00:00,vast.ai,marketplace,GTX 1080 Ti,0.07472222222222222,1,11.0,5.316102491579529,71.1448660583134,15.64,358.0,"South Korea, KR",0.998048,47674539
2026-09-13T11:19:18.047504+00:00,vast.ai,marketplace,RTX A4000,0.07496296296296295,1,15.99,21.181977964298408,282.56591157907957,15.69,2130.333333333333,"Quebec, CA",0.9982415,19031535
2026-09-13T11:19:18.047504+00:00,vast.ai,marketplace,RTX 3070,0.07611111111111112,1,8.0,16.281633360172783,213.9192704256278,23.59,170.0,"Hong Kong, HK",0.9984605,50148846
2026-09-13T11:19:18.047504+00:00,vast.ai,marketplace,RTX A4000,0.07692592592592593,1,15.99,19.64501120823906,255.37568734831711,41.93,83.16666666666666,"Japan, JP",0.9847741,49634068
2026-09-13T11:19:18.047504+00:00,vast.ai,marketplace,RTX A4000,0.07703703703703704,1,15.99,15.653154359935536,203.18998447993243,20.96,1582.1666666666665,"Quebec, CA",0.9966363,18976382
2026-09-13T11:19:18.047504+00:00,vast.ai,marketplace,RTX 3060 laptop,0.08051851851851852,1,12.0,12.782884360734636,158.7570734773851,31.35,338.0,"New Zealand, NZ",0.9816934,50868234
2026-09-13T11:19:18.047504+00:00,vast.ai,marketplace,RTX 3070,0.08092592592592593,1,8.0,16.278255054370714,201.1500624567548,31.18,237.0,"Vietnam, VN",0.9817669,49948891
2026-09-13T11:19:18.047504+00:00,vast.ai,marketplace,RTX 3070,0.08092592592592593,1,8.0,16.280507674579923,201.17789803828737,31.18,298.0,"Vietnam, VN",0.9832295,49948877
2026-09-13T11:19:18.047504+00:00,vast.ai,marketplace,GTX 1660 S,0.08138888888888889,1,6.0,1.688020135306153,20.74017913686741,15.67,386.25,"South Korea, KR",0.9885765,50723311
2026-09-13T11:19:18.047504+00:00,vast.ai,marketplace,RTX 3070,0.08138888888888889,1,8.0,16.278255054370714,200.00586414926474,31.26,307.5,"Japan, JP",0.9936754,48014409
2026-09-13T11:19:18.047504+00:00,vast.ai,marketplace,RTX 3070,0.08138888888888889,1,8.0,16.281633360172783,200.04737234341988,30.51,1590.9,"Washington, US",0.9155941,50639627
2026-09-13T11:19:18.047504+00:00,vast.ai,marketplace,RTX 3070,0.08138888888888889,1,8.0,16.617878491419276,204.1787118399638,31.36,90.5,"India, IN",0.9845949,49349142
2026-09-13T11:19:18.047504+00:00,vast.ai,marketplace,RTX 3060,0.08138888888888889,1,8.0,9.735439379400363,119.61632001993621,15.52,115.0,"South Korea, KR",0.9891518,50865488
2026-09-13T11:19:18.047504+00:00,vast.ai,marketplace,RTX 3060,0.08138888888888889,1,12.0,12.685909613945316,155.8678314341404,31.4,657.65,"Nebraska, US",0.9990911,10692455
2026-09-13T11:19:18.047504+00:00,vast.ai,marketplace,RTX 3060,0.08138888888888889,1,12.0,12.472195199263032,153.24198879640585,31.18,132.0,"South Korea, KR",0.9961407,50735457
2026-09-13T11:19:18.047504+00:00,vast.ai,marketplace,RTX 3060,0.08138888888888889,1,12.0,12.405543017514406,152.42305414010875,10.46,198.66666666666666,"South Korea, KR",0.9749166,50735547
2026-09-13T11:19:18.047504+00:00,vast.ai,marketplace,RTX 3060,0.08138888888888889,1,12.0,12.622009315137383,155.08270830885522,15.63,1644.5,"Texas, US",0.9887885,41246762
2026-09-13T11:19:18.047504+00:00,vast.ai,marketplace,RTX 3060,0.08138888888888889,1,12.0,11.977360267183252,147.16210567187613,15.54,151.0,"South Korea, KR",0.9990954,50870246
2026-09-13T11:19:18.047504+00:00,vast.ai,marketplace,RTX 2080 Ti,0.08138888888888889,1,11.0,8.914031929543983,109.52394179644484,15.63,676.0,"Florida, US",0.9944268,39588999
2026-09-13T11:19:18.047504+00:00,vast.ai,marketplace,RTX 3060,0.08157407407407408,1,12.0,12.478779708630777,152.97482503202315,31.47,342.1842887042217,"Texas, US",0.9958341,41247434
2026-09-13T11:19:18.047504+00:00,vast.ai,marketplace,GTX 1660 Ti,0.08185185185185186,1,6.0,2.52706002371678,30.873584000159756,15.49,757.0,"Florida, US",0.9949265,50159069
2026-09-13T11:19:18.047504+00:00,vast.ai,marketplace,RTX 2080 Ti,0.08277777777777778,1,22.0,11.045877624506199,133.44013237658496,31.47,145.75,"United States, US",0.9611856,43529654
2026-09-13T11:19:18.047504+00:00,vast.ai,marketplace,RTX 3080,0.08405555555555555,1,10.0,26.958085488933435,320.71747442220874,10.21,225.0,"Chile, CL",0.974897,50857969
2026-09-13T11:19:18.047504+00:00,vast.ai,marketplace,RTX 3070,0.08555555555555555,1,8.0,16.260173926305274,190.0539809568149,15.54,269.0,"Illinois, US",0.9976303,49013107
2026-09-13T11:19:18.047504+00:00,vast.ai,marketplace,RTX 4060 Ti,0.08601851851851852,1,16.0,13.44524084841482,156.30635216671695,31.47,155.52358889988656,", US",0.9934602,42171800
2026-09-13T11:19:18.047504+00:00,vast.ai,marketplace,RTX A4000,0.0875925925925926,1,15.99,16.904277138929963,192.9875191336613,23.48,192.0,"The Netherlands, NL",0.998457,36172984
2026-09-13T11:19:18.047504+00:00,vast.ai,marketplace,RTX A4000,0.0875925925925926,1,15.99,16.904277138929963,192.9875191336613,23.48,342.5,"The Netherlands, NL",0.9988935,36172968
2026-09-13T11:19:18.047504+00:00,vast.ai,marketplace,RTX A4000,0.0875925925925926,1,15.99,16.904277138929963,192.9875191336613,23.49,292.5,"Poland, PL",0.9982685,45601701
2026-09-13T11:19:18.047504+00:00,vast.ai,marketplace,RTX A4000,0.0875925925925926,1,15.99,20.43716290330025,233.32067585163077,15.64,296.5,"Poland, PL",0.9995569,45598788
2026-09-13T11:19:18.047504+00:00,vast.ai,marketplace,RTX A4000,0.0875925925925926,1,15.99,20.438513856242103,233.3360989930388,23.49,221.5,"Poland, PL",0.9982221,49383451
2026-09-13T11:19:18.047504+00:00,vast.ai,marketplace,RTX 5060 Ti,0.08805555555555555,1,15.93,38.382805803843624,435.89306275658373,23.45,79.15000000000012,"Vietnam, VN",0.9926289,31603462
2026-09-13T11:19:18.047504+00:00,vast.ai,marketplace,RTX 3060,0.09129629629629629,1,12.0,9.705248566896314,106.30495387675477,15.61,52.0,"Portugal, PT",0.9613976,50432860
2026-09-13T11:19:18.047504+00:00,vast.ai,marketplace,RTX A4000,0.0915925925925926,1,15.99,21.189996229700604,231.35054516858725,125.96,1305.3466923659373,"Japan, JP",0.9978282,43678944
2026-09-13T11:19:18.047504+00:00,vast.ai,marketplace,RTX A4000,0.0915925925925926,1,15.99,21.191598078871984,231.36803401922504,250.49,1506.091017101335,"Japan, JP",0.9970715,45433719
2026-09-13T11:19:18.047504+00:00,vast.ai,marketplace,RTX 2080 Ti,0.09205555555555556,1,22.0,11.282575002174186,122.56267352995495,17.97,152.5,"Thailand, TH",0.9746817,50286304
2026-09-13T11:19:18.047504+00:00,vast.ai,marketplace,RTX 3060,0.09462962962962963,1,12.0,12.249612301992684,129.44795779013796,15.63,1452.8000000000002,"New Jersey, US",0.9939202,44021691
2026-09-13T11:19:18.047504+00:00,vast.ai,marketplace,RTX 4070,0.09472222222222222,1,11.99,33.657026942060945,355.3234515877402,23.56,135.91875,"Fujian, CN",0.9984827,34049710
2026-09-13T11:19:18.047504+00:00,vast.ai,marketplace,RTX A4000,0.09472222222222222,1,15.99,21.189996229700604,223.70670506428792,31.19,371.0,"Michigan, US",0.9926542,48368153
2026-09-13T11:19:18.047504+00:00,vast.ai,marketplace,RTX 3070,0.09472222222222222,1,8.0,16.272616206987333,171.7930156749396,31.26,446.0,"Virginia, US",0.9959516,39826844
2026-09-13T11:19:18.047504+00:00,vast.ai,marketplace,RTX 2070,0.09472222222222222,1,8.0,4.104189194763423,43.32868358108013,7.82,349.0956503899141,"South Korea, KR",0.9757838,50701342
2026-09-13T11:19:18.047504+00:00,vast.ai,marketplace,RTX 3080,0.09472222222222222,1,10.0,25.590297163769225,270.16149498407395,15.67,399.25,"South Korea, KR",0.9962845,45173971
2026-09-13T11:19:18.047504+00:00,vast.ai,marketplace,RTX 3080,0.09472222222222222,1,10.0,26.960074480764245,284.6224871869539,7.59,93.0,"South Korea, KR",0.997119,48452986
2026-09-13T11:19:18.047504+00:00,vast.ai,marketplace,RTX 3080,0.09472222222222222,1,10.0,26.961068640394856,284.632982713846,15.46,130.0,"South Korea, KR",0.9959223,48452971
2026-09-13T11:19:18.047504+00:00,vast.ai,marketplace,RTX 4060 Ti,0.09472222222222222,1,16.0,22.54710797777778,238.03398451612907,18.34,145.33333333333331,"United States, US",0.9626211,50241029
2026-09-13T11:19:18.047504+00:00,vast.ai,marketplace,Tesla P100,0.09564814814814815,1,16.0,6.489584450329015,67.84851119414652,39.01,565.925,"Texas, US",0.9800001,48981926
2026-09-13T11:19:18.047504+00:00,vast.ai,marketplace,RTX 4060 Ti,0.09564814814814815,1,16.0,22.50490209483634,235.2884246120353,23.54,305.1,"United States, US",0.9921838,47543121
2026-09-13T11:19:18.047504+00:00,vast.ai,marketplace,RTX 5060,0.09564814814814815,1,7.96,28.52729298205798,298.25243388792467,20.96,216.66166666666666,"United States, US",0.9942148,50138873
2026-09-13T11:19:18.047504+00:00,vast.ai,marketplace,RTX 3060 Ti,0.09611111111111112,1,8.0,13.775822893619656,143.33226132089814,15.54,115.0,"Argentina, AR",0.9687982,50126692
2026-09-13T11:19:18.047504+00:00,vast.ai,marketplace,RTX 4070S,0.0972037037037037,1,11.99,34.73666963981971,357.3595276338854,14.33,576.5,"Missouri, US",0.9946273,46666971
2026-09-13T11:19:18.047504+00:00,vast.ai,marketplace,RTX 4070S,0.09935185185185186,1,11.99,34.726043718288956,349.5258827190314,11.78,360.625,", US",0.9957322,44275551
2026-09-13T11:19:18.047504+00:00,vast.ai,marketplace,RTX 4070S,0.09935185185185186,1,11.99,33.412093726878155,336.3006637933682,11.78,127.75,", US",0.9864343,47671304
2026-09-13T11:19:18.047504+00:00,vast.ai,marketplace,RTX A4000,0.10027777777777779,1,15.99,12.087638980646588,120.54155216157261,31.42,346.125,"Germany, DE",0.9884574,50614344
2026-09-13T11:19:18.047504+00:00,vast.ai,marketplace,RTX 3060,0.10103703703703702,1,12.0,9.998231936854001,98.95610787942012,19.5,448.0,"Spain, ES",0.9838652,48105707
2026-09-13T11:19:18.047504+00:00,vast.ai,marketplace,RTX 5060,0.10277777777777777,1,7.96,28.2272467005676,274.643481410928,62.88,713.4,"United Kingdom, GB",0.9975359,48742488
2026-09-13T11:19:18.047504+00:00,vast.ai,marketplace,RTX 4060 Ti,0.10092601925925926,1,16.0,22.522997544622854,223.16343902126633,23.57,150.03868838956217,"California, US",0.9587338,49904905
2026-09-13T11:19:18.047504+00:00,vast.ai,marketplace,RTX 3060,0.10351111111111111,1,12.0,9.907866802343728,95.71790599086899,15.4,269.0,"Spain, ES",0.9936641,47893736
2026-09-13T11:19:18.047504+00:00,vast.ai,marketplace,RTX A4000,0.1063148148148148,1,15.99,21.191598078871984,199.32873998590614,35.33,368.6127860076508,"Estonia, EE",0.9313058,50482919
2026-09-13T11:19:18.047504+00:00,vast.ai,marketplace,RTX 3080,0.10680555555555556,1,10.0,24.456371685424134,228.98033307549255,15.69,335.65,"California, US",0.992299,48836270
2026-09-13T11:19:18.047504+00:00,vast.ai,marketplace,RTX 5060 Ti,0.10740740740740741,1,15.93,38.81794717950279,361.40847374019836,15.7,313.4761378513811,"British Columbia, CA",0.9953639,46481722
2026-09-13T11:19:18.047504+00:00,vast.ai,marketplace,RTX 3060 Ti,0.10777777777777778,1,8.0,13.929780560750732,129.24538664614082,7.61,242.0,"Spain, ES",0.9910106,46485962
2026-09-13T11:19:18.047504+00:00,vast.ai,marketplace,RTX 4070,0.10805555555555556,1,11.99,33.808679794401186,312.88238370139914,20.96,104.16666666666666,"Washington, US",0.9992516,16213990
2026-09-13T11:19:18.047504+00:00,vast.ai,marketplace,RTX A4000,0.10805555555555556,1,15.99,21.191598078871984,196.11761718236284,31.2,90.0,"Romania, RO",0.9957357,45565872
2026-09-13T11:19:18.047504+00:00,vast.ai,marketplace,RTX 2080 Ti,0.10805555555555556,1,11.0,8.666419931501098,80.20337211671968,15.66,160.875,"California, US",0.9665019,48393010
2026-09-13T11:19:18.047504+00:00,vast.ai,marketplace,RTX 3080,0.10805555555555556,1,10.0,28.12128589066309,260.2484041295299,27.52,341.49534173171264,"Norway, NO",0.9935613,44685299
2026-09-13T11:19:18.047504+00:00,vast.ai,marketplace,RTX 3080 Ti,0.10805555555555556,1,12.0,34.935240899601496,323.3081420014534,31.26,179.0,"Oregon, US",0.7657283,38474894
2026-09-13T11:19:18.047504+00:00,vast.ai,marketplace,Tesla V100,0.10898148148148148,1,16.0,20.174061839263175,185.11458612068162,43.19,575.5,"Texas, US",0.9773973,30970798
2026-09-13T11:19:18.047504+00:00,vast.ai,marketplace,RTX 3070,0.10898148148148148,1,8.0,16.282758629735092,149.408490400288,125.88,376.725,"Norway, NO",0.9889785,50375418
2026-09-13T11:19:18.047504+00:00,vast.ai,marketplace,RTX 3060 Ti,0.10898148148148148,1,8.0,13.77861855750952,126.43082448691827,62.89,364.075,"Norway, NO",0.9944519,31574348
2026-09-13T11:19:18.047504+00:00,vast.ai,marketplace,RTX 4060 Ti,0.10898148148148148,1,16.0,22.492832436120686,206.39132566703773,62.96,126.10639300382539,"Norway, NO",0.9925022,31010992
2026-09-13T11:19:18.047504+00:00,vast.ai,marketplace,RTX 5060 Ti,0.10944444444444446,1,7.96,30.119436412982026,275.20297230135856,15.6,1560.2796935149254,"Illinois, US",0.9930987,48367021
2026-09-13T11:19:18.047504+00:00,vast.ai,marketplace,RTX 3080,0.11129629629629631,1,10.0,26.956095599833773,242.2011917455946,14.78,1440.0,"Illinois, US",0.9977978,40730744
2026-09-13T11:19:18.047504+00:00,vast.ai,marketplace,RTX 3090,0.1126851851851852,1,24.0,43.34879360353436,384.6893762680124,31.47,112.375,"United States, US",0.9957594,43824370
2026-09-13T11:19:18.047504+00:00,vast.ai,marketplace,RTX 3080,0.11347222222222222,1,20.0,34.34829228045426,302.70220859151857,50.37,143.15606995795028,"California, US",0.9808281,50005208
2026-09-13T11:19:18.047504+00:00,vast.ai,marketplace,RTX 3080,0.11472222222222223,1,10.0,26.67495703868705,232.51778532511713,15.52,660.0,"Austria, AT",0.994082,50569051
2026-09-13T11:19:18.047504+00:00,vast.ai,marketplace,RTX 5070 Ti,0.11472222222222223,1,15.92,55.76769554987082,486.1106633887045,15.67,77.25,"South Korea, KR",0.9944865,38692155
2026-09-13T11:19:18.047504+00:00,vast.ai,marketplace,RTX 5070 Ti,0.11472222222222223,1,15.92,54.45836968477611,474.6976534266198,15.67,117.5,"South Korea, KR",0.990717,45957837
2026-09-13T11:19:18.047504+00:00,vast.ai,marketplace,RTX 3070,0.1187222222222222,1,8.0,16.281633360172783,137.14057111984565,31.23,1564.0,"Quebec, CA",0.9986147,50693441
2026-09-13T11:19:18.047504+00:00,vast.ai,marketplace,RTX 4060 Ti,0.1212962962962963,1,16.0,22.721338461026534,187.3209583046462,31.45,114.1,"Quebec, CA",0.9990499,50694751
2026-09-13T11:19:18.047504+00:00,vast.ai,marketplace,RTX A4000,0.1213888888888889,1,15.99,21.191598078871984,174.5760940135907,31.24,1513.0,"Michigan, US",0.9972107,41839112
2026-09-13T11:19:18.047504+00:00,vast.ai,marketplace,RTX A4000,0.1213888888888889,1,15.99,21.193199327537638,174.58928507811325,15.66,210.33333333333331,"Utah, US",0.9775446,50591550
2026-09-13T11:19:18.047504+00:00,vast.ai,marketplace,RTX 3080,0.1213888888888889,1,10.0,27.175494266295896,223.87134864683117,15.63,135.5,"Jordan, JO",0.965639,49909728
2026-09-13T11:19:18.047504+00:00,vast.ai,marketplace,RTX 3080,0.1213888888888889,1,10.0,25.823424081314958,212.7330130268509,15.57,311.0,"Austria, AT",0.996422,47278881
2026-09-13T11:19:18.047504+00:00,vast.ai,marketplace,RTX 3080 Ti,0.1213888888888889,1,12.0,34.935240899601496,287.796034870859,31.26,674.0,"Oregon, US",0.9205608,38475407
2026-09-13T11:19:18.047504+00:00,vast.ai,marketplace,RTX 5060 Ti,0.1213888888888889,1,7.96,30.119436412982026,248.1235036309732,31.32,266.5,"South Korea, KR",0.9975914,47143597
2026-09-13T11:19:18.047504+00:00,vast.ai,marketplace,RTX 5060 Ti,0.1213888888888889,1,15.93,38.3076188761938,315.57763833935394,62.96,308.4375,"Malaysia, MY",0.9918639,48591593
2026-09-13T11:19:18.047504+00:00,vast.ai,marketplace,RTX 3080,0.12185185185185186,1,10.0,21.632536694494974,177.53145615542985,10.4,165.0,"Spain, ES",0.9948552,50715179
2026-09-13T11:19:18.047504+00:00,vast.ai,marketplace,RTX 5060 Ti,0.12231481481481482,1,15.93,38.34180848005654,313.4682298142397,62.88,297.325,"Florida, US",0.9972005,50388948
2026-09-13T11:19:18.047504+00:00,vast.ai,marketplace,Tesla V100,0.12277777777777779,1,32.0,23.192176196426026,188.8955527310717,39.31,333.25,"Nevada, US",0.9839415,49757628
2026-09-13T11:19:18.047504+00:00,vast.ai,marketplace,RTX 5060 Ti,0.13292592592592592,1,15.93,38.3691436852251,288.65056547814925,31.41,672.5087857274334,"British Columbia, CA",0.9981928,43619154
2026-09-13T11:19:18.047504+00:00,vast.ai,marketplace,RTX 2070S,0.1338888888888889,1,8.0,4.635840488519608,34.62453476902611,125.88,3702.0027463475017,"Quebec, CA",0.981194,48608938
2026-09-13T11:19:18.047504+00:00,vast.ai,marketplace,RTX 3090,0.13425925925925924,1,24.0,44.60559630349915,332.23478626054543,31.41,85.59185276913315,"Germany, DE",0.8242386,50865521
2026-09-13T11:19:18.047504+00:00,vast.ai,marketplace,RTX A4000,0.13425925925925924,1,15.99,21.193199327537638,157.85279499131482,62.85,277.5,"France, FR",0.9974058,49299793
2026-09-13T11:19:18.047504+00:00,vast.ai,marketplace,RTX 3080,0.13425925925925924,1,10.0,27.140257657112414,202.14812599780282,31.25,805.0,"Argentina, AR",0.9979278,29430929
2026-09-13T11:19:18.047504+00:00,vast.ai,marketplace,RTX 3060,0.13453703703703704,1,12.0,10.888788307005157,80.93524687932258,31.27,3084.0,"South Dakota, US",0.969778,50001453
2026-09-13T11:19:18.047504+00:00,vast.ai,marketplace,RTX 3060,0.13472222222222222,1,12.0,12.404777857596699,92.07670162339818,31.41,173.1,"Texas, US",0.9745456,50742236
2026-09-13T11:19:18.047504+00:00,vast.ai,marketplace,RTX 3060,0.13472222222222222,1,12.0,12.26689919347755,91.05327236395708,31.27,344.8,"New Jersey, US",0.9950452,41319271
2026-09-13T11:19:18.047504+00:00,vast.ai,marketplace,Titan V,0.13472222222222222,1,12.0,21.928555102326925,162.76865642964316,15.59,378.5,"South Korea, KR",0.9959389,50869993
2026-09-13T11:19:18.047504+00:00,vast.ai,marketplace,RTX 3080,0.13472222222222222,1,10.0,23.867372620954935,177.1598792483253,20.22,107.42857142857142,"Florida, US",0.9953451,50684595
2026-09-13T11:19:18.047504+00:00,vast.ai,marketplace,RTX 3080 Ti,0.13472222222222222,1,12.0,30.56315986453476,226.8605680666498,31.3,357.0,"Ukraine, UA",0.9944621,50044294
2026-09-13T11:19:18.047504+00:00,vast.ai,marketplace,Tesla V100,0.13472222222222222,1,32.0,23.192176196426026,172.14811197347154,31.45,241.125,"British Columbia, CA",0.9961122,45783721
2026-09-13T11:19:18.047504+00:00,vast.ai,marketplace,RTX 5070 Ti,0.13472222222222222,1,15.92,75.92679569502333,563.5803391795546,61.91,1264.0,"South Korea, KR",0.8090769,46849270
2026-09-13T11:19:18.047504+00:00,vast.ai,marketplace,RTX 4060,0.13518518518518519,1,8.0,15.657350249471419,115.82149499608995,15.62,220.72128180730053,"New Zealand, NZ",0.9939664,47696171
2026-09-13T11:19:18.047504+00:00,vast.ai,marketplace,RTX 3070,0.13518518518518519,1,8.0,16.278255054370714,120.41448944329021,31.18,675.0,"Utah, US",0.9979426,50508831
2026-09-13T11:19:18.047504+00:00,vast.ai,marketplace,RTX 3070,0.13564814814814816,1,8.0,16.412683442356215,120.9945264009878,62.89,377.5,"Norway, NO",0.9978447,16581611
2026-09-13T11:19:18.047504+00:00,vast.ai,marketplace,RTX 5060 Ti,0.13564814814814816,1,15.93,38.38963549353913,283.0089169489574,31.44,625.375,"Norway, NO",0.9733552,29204633
2026-09-13T11:19:18.047504+00:00,vast.ai,marketplace,RTX A2000,0.13738888888888887,1,5.99,8.574884920896874,62.41323436156238,125.73,4432.6,"Italy, IT",0.988745,48320575
2026-09-13T11:19:18.047504+00:00,vast.ai,marketplace,RTX 3060,0.1373962962962963,1,12.0,12.26689919347755,89.28114894031697,125.94,628.570985981208,"Texas, US",0.9973197,31947966
2026-09-13T11:19:18.047504+00:00,vast.ai,marketplace,RTX 5060 Ti,0.13796296296296295,1,15.93,38.3691436852251,278.11191396002084,31.3,354.5,"Texas, US",0.9861529,47987040
2026-09-13T11:19:18.047504+00:00,vast.ai,marketplace,RTX 3090,0.13935185185185184,1,24.0,44.635637826187406,320.3088960284545,35.98,168.78571428571428,"California, US",0.9822379,49828277
2026-09-13T11:19:18.047504+00:00,vast.ai,marketplace,RTX 3090,0.13935185185185184,1,24.0,44.36601777471118,318.3740810411168,31.47,130.625,", US",0.9976141,42492574
2026-09-13T11:19:18.047504+00:00,vast.ai,marketplace,RTX 3090,0.13935185185185184,1,24.0,44.35155071308448,318.27026425336373,31.47,124.4,"United States, US",0.9525254,48086802
2026-09-13T11:19:18.047504+00:00,vast.ai,marketplace,RTX 3090,0.13935185185185184,1,24.0,44.36470379958797,318.3646518508639,23.59,288.8288131340877,", US",0.9916337,43751732
2026-09-13T11:19:18.047504+00:00,vast.ai,marketplace,RTX 3080 Ti,0.1413888888888889,1,12.0,33.943836049978515,240.07428247529006,15.61,363.0,"Quebec, CA",0.986589,38607431
2026-09-13T11:19:18.047504+00:00,vast.ai,marketplace,RTX 3060,0.14272222222222222,1,12.0,12.274355410390498,86.0017117115722,15.73,136.4143483981648,"Czechia, CZ",0.9989611,46528529
2026-09-13T11:19:18.047504+00:00,vast.ai,marketplace,RTX 3060 laptop,0.1431851851851852,1,12.0,12.782884360734636,89.2751882410334,15.66,173.5,"New Zealand, NZ",0.9991258,50875263
2026-09-13T11:19:18.047504+00:00,vast.ai,marketplace,RTX 3060 laptop,0.1431851851851852,1,12.0,12.78187728671498,89.26815487359143,15.63,303.5,"New Zealand, NZ",0.9969477,50845974
2026-09-13T11:19:18.047504+00:00,vast.ai,marketplace,RTX 3090,0.14759259259259258,1,24.0,45.11959822815727,305.70367682816726,15.62,266.0,"Bulgaria, BG",0.9804065,33461586
2026-09-13T11:19:18.047504+00:00,vast.ai,marketplace,RTX 3090,0.14759259259259258,1,24.0,28.843825756622856,195.42868141250116,47.0,261.5,"Michigan, US",0.9764916,44465348
2026-09-13T11:19:18.047504+00:00,vast.ai,marketplace,RTX 5060 Ti,0.14759259259259258,1,15.93,38.43741779194883,260.42917951885033,23.53,59.0,"Bulgaria, BG",0.9891301,46881312
2026-09-13T11:19:18.047504+00:00,vast.ai,marketplace,RTX 3090,0.14805555555555555,1,24.0,44.36601777471118,299.65790617065716,62.71,1379.9,"Nevada, US",0.9947868,49780477
2026-09-13T11:19:18.047504+00:00,vast.ai,marketplace,RTX 4070 Ti,0.14805555555555555,1,11.99,35.556004586685184,240.15312666429017,31.22,775.0,"Czechia, CZ",0.9887597,50232667
2026-09-13T11:19:18.047504+00:00,vast.ai,marketplace,RTX 3070 Ti,0.14814814814814814,1,8.0,18.315802245025022,123.6316651539189,23.54,2246.795621414297,"South Carolina, US",0.9769263,47975556
2026-09-13T11:19:18.047504+00:00,vast.ai,marketplace,RTX 3070 Ti,0.1489814814814815,1,8.0,18.313692484189414,122.9259657111533,31.41,373.5,"Norway, NO",0.9971428,36538843
2026-09-13T11:19:18.047504+00:00,vast.ai,marketplace,RTX 3090,0.14921296296296296,1,24.0,15.855916685254641,106.26366751520331,31.34,143.5,"Quebec, CA",0.9932027,49745163
2026-09-13T11:19:18.047504+00:00,vast.ai,marketplace,RTX 3060 Ti,0.1511851851851852,1,8.0,13.77512330565164,91.11424038525091,15.62,314.65,"New Zealand, NZ",0.9746595,49511510
2026-09-13T11:19:18.047504+00:00,vast.ai,marketplace,RTX 3090,0.15268518518518517,1,24.0,44.596293996935074,292.08003345475976,35.98,163.43571428571428,"United States, US",0.9854911,50443920
2026-09-13T11:19:18.047504+00:00,vast.ai,marketplace,RTX 3090,0.15268518518518517,1,24.0,44.3633895822079,290.55464371609787,53.96,338.57142857142856,", US",0.9902558,48317506
2026-09-13T11:19:18.047504+00:00,vast.ai,marketplace,RTX 4060 Ti,0.15338888888888888,1,16.0,22.93625429973316,149.5300896034759,41.96,423.6333333333333,"Germany, DE",0.9984071,24992289
2026-09-13T11:19:18.047504+00:00,vast.ai,marketplace,RTX 3090,0.16005555555555553,1,24.0,44.35813028876885,277.1420844143837,23.93,47.5,"Serbia, RS",0.9885928,50830846
2026-09-13T11:19:18.047504+00:00,vast.ai,marketplace,RTX 3080,0.16005555555555553,1,10.0,26.96384668559913,168.4655468034656,31.35,452.5,"The Netherlands, NL",0.9938286,39787605
2026-09-13T11:19:18.047504+00:00,vast.ai,marketplace,Tesla V100,0.16064814814814815,1,16.0,20.174061839263175,125.57917456140765,62.9,707.9,"British Columbia, CA",0.9961552,50796235
2026-09-13T11:19:18.047504+00:00,vast.ai,marketplace,RTX 3090,0.1613888888888889,1,24.0,44.60692422626513,276.3940227444999,30.97,371.0,"Belgium, BE",0.9972459,47626119
2026-09-13T11:19:18.047504+00:00,vast.ai,marketplace,RTX 3090,0.1613888888888889,1,24.0,43.886591179853056,271.9306854517573,31.44,105.75,"Estonia, EE",0.9902145,48194980
2026-09-13T11:19:18.047504+00:00,vast.ai,marketplace,RTX 4070,0.1613888888888889,1,11.99,33.64756131412186,208.487471137416,62.68,763.0,"Texas, US",0.8713561,50417300
2026-09-13T11:19:18.047504+00:00,vast.ai,marketplace,RTX 3070,0.1613888888888889,1,8.0,16.278255054370714,100.86354250556725,15.67,332.75,"Oklahoma, US",0.9933062,43271041
2026-09-13T11:19:18.047504+00:00,vast.ai,marketplace,RTX 3070,0.1613888888888889,1,8.0,16.278255054370714,100.86354250556725,188.64,1843.2,"Quebec, CA",0.9980168,50819566
2026-09-13T11:19:18.047504+00:00,vast.ai,marketplace,Titan V,0.1613888888888889,1,12.0,21.927007550208472,135.86441855550862,15.59,372.0,"South Korea, KR",0.9955354,50869940
2026-09-13T11:19:18.047504+00:00,vast.ai,marketplace,RTX 5060 Ti,0.1613888888888889,1,15.93,38.66504182630643,239.5768512473376,31.32,616.0,"Texas, US",0.9913385,48664024
2026-09-13T11:19:18.047504+00:00,vast.ai,marketplace,RTX 4070,0.16185185185185186,1,11.99,34.14686656659155,210.97606345491346,31.42,410.25,"Alberta, CA",0.9965837,45498590
2026-09-13T11:19:18.047504+00:00,vast.ai,marketplace,Tesla V100,0.16462962962962963,1,16.0,20.174061839263175,122.54210791003503,31.41,802.9,"Quebec, CA",0.9697327,50796895
2026-09-13T11:19:18.047504+00:00,vast.ai,marketplace,RTX 3080 Ti,0.16759259259259257,1,12.0,34.70721018269628,207.09274584150268,31.28,582.0,"Japan, JP",0.9924753,46117245
2026-09-13T11:19:18.047504+00:00,vast.ai,marketplace,RTX 3080 Ti,0.16759259259259257,1,12.0,33.89212787994498,202.22927132784852,15.54,1064.0,"Japan, JP",0.9968127,46117025
2026-09-13T11:19:18.047504+00:00,vast.ai,marketplace,RTX 3090,0.1685185185185185,1,24.0,44.36733150764498,263.27867048492624,41.93,156.0,"Czechia, CZ",0.9902342,30243099
2026-09-13T11:19:18.047504+00:00,vast.ai,marketplace,RTX 3090,0.17425925925925925,1,24.0,44.34891718275436,254.49963101686882,61.87,163.25,"Wyoming, US",0.9954624,36949284
2026-09-13T11:19:18.047504+00:00,vast.ai,marketplace,RTX 4080S,0.17425925925925925,1,15.99,55.55699346200642,318.81802836858094,188.8,482.25,"Denmark, DK",0.9446443,48094821
2026-09-13T11:19:18.047504+00:00,vast.ai,marketplace,RTX A5000,0.17472222222222222,1,23.99,35.31836613946676,202.1400923721468,47.14,648.7500000000002,"Australia, AU",0.9989347,23307645
2026-09-13T11:19:18.047504+00:00,vast.ai,marketplace,RTX A5000,0.17472222222222222,1,23.99,35.34369778912185,202.28507478670693,94.38,623.6750000000002,"Australia, AU",0.9919592,11925445
2026-09-13T11:19:18.047504+00:00,vast.ai,marketplace,RTX 3090,0.17472222222222222,1,24.0,44.35944547585151,253.88553849453965,31.46,332.5,", CN",0.9959511,45174332
2026-09-13T11:19:18.047504+00:00,vast.ai,marketplace,RTX 3080 Ti,0.17472222222222222,1,12.0,31.811124489292673,182.06684922329669,13.68,150.5,"Ukraine, UA",0.9809812,44146976
2026-09-13T11:19:18.047504+00:00,vast.ai,marketplace,RTX 3090,0.17935185185185185,1,24.0,44.35681485909163,247.3172950326224,31.47,119.64422821365673,"United States, US",0.9939179,44579218
2026-09-13T11:19:18.047504+00:00,vast.ai,marketplace,RTX 5080,0.17935185185185185,1,15.92,83.68125391799292,466.57591239768897,31.46,305.942169505093,"United States, US",0.9965583,50318404
2026-09-13T11:19:18.047504+00:00,vast.ai,marketplace,RTX 5080,0.17935185185185185,1,15.92,83.39246358931808,464.9657236781803,31.46,332.625,"United States, US",0.9825147,50847616
2026-09-13T11:19:18.047504+00:00,vast.ai,marketplace,Tesla V100,0.18092592592592593,1,32.0,25.71306491342886,142.11929430144917,41.87,938.5333333333333,"Virginia, US",0.9974452,25913997
2026-09-13T11:19:18.047504+00:00,vast.ai,marketplace,RTX 5060,0.1813888888888889,1,7.96,28.413151564039385,156.64218320144224,125.86,163.0,"Denmark, DK",0.9985069,45303972
2026-09-13T11:19:18.047504+00:00,vast.ai,marketplace,RTX 4000Ada,0.1875925925925926,1,20.0,31.294558411854798,166.82193032972944,31.39,276.66876042070174,"Romania, RO",0.9963646,49640238
2026-09-13T11:19:18.047504+00:00,vast.ai,marketplace,RTX 4070,0.18805555555555556,1,11.99,33.494330061806544,178.10869752216183,15.35,294.0,"France, FR",0.9973885,39309239
2026-09-13T11:19:18.047504+00:00,vast.ai,marketplace,RTX 3060,0.18805555555555556,1,12.0,12.33670458367849,65.60138331055032,15.59,336.05000000000007,"Florida, US",0.9834163,49921191
2026-09-13T11:19:18.047504+00:00,vast.ai,marketplace,RTX 4060 Ti,0.18805555555555556,1,16.0,21.18832532231772,112.67056301380175,62.58,2446.0,"Utah, US",0.9956829,49984008
2026-09-13T11:19:18.047504+00:00,vast.ai,marketplace,RTX 3060,0.1881666666666667,1,12.0,12.548035631767766,66.68575180744604,62.86,283.0,"New York, US",0.997793,48275197
2026-09-13T11:19:18.047504+00:00,vast.ai,marketplace,RTX 5060 Ti,0.19077777777777774,1,15.93,38.3691436852251,201.1195650361246,125.96,1260.875,"Italy, IT",0.9947108,48540472
2026-09-13T11:19:18.047504+00:00,vast.ai,marketplace,RTX 3090,0.19425925925925924,1,24.0,44.3633895822079,228.3720722058367,62.89,260.2405840625941,"Japan, JP",0.9962327,48349156
2026-09-13T11:19:18.047504+00:00,vast.ai,marketplace,RTX 5080,0.20005555555555554,1,15.92,57.043325981230495,285.1374250658564,35.93,117.4502941012234,"Vietnam, VN",0.9945985,50545543
2026-09-13T11:19:18.047504+00:00,vast.ai,marketplace,RTX 5060 Ti,0.20046296296296295,1,15.93,38.355477911679834,191.33448565641675,31.23,35.0,"Indonesia, ID",0.9929101,48459000
2026-09-13T11:19:18.047504+00:00,vast.ai,marketplace,RTX 3060,0.20064814814814813,1,12.0,12.272867045677101,61.16611171818768,62.91,2878.992100954437,"Quebec, CA",0.992218,49744836
2026-09-13T11:19:18.047504+00:00,vast.ai,marketplace,RTX 4060 Ti,0.20078703703703701,1,16.0,22.498867868639216,112.05338850878651,251.88,731.1,"Germany, DE",0.9986565,49407382
2026-09-13T11:19:18.047504+00:00,vast.ai,marketplace,RTX 3090,0.2009259259259259,1,24.0,44.35549918675223,220.75547982346737,46.97,710.0,"Poland, PL",0.9976958,45603654
2026-09-13T11:19:18.047504+00:00,vast.ai,marketplace,Tesla T4,0.2009259259259259,1,16.0,4.40071446983927,21.9021733982784,125.93,2691.5858124772503,"Norway, NO",0.9964064,41364915
2026-09-13T11:19:18.047504+00:00,vast.ai,marketplace,RTX 3090,0.2010185185185185,1,24.0,44.3607604204072,220.6799689269451,62.71,3129.0,"California, US",0.9804384,49873892
2026-09-13T11:19:18.047504+00:00,vast.ai,marketplace,RTX 4060 Ti,0.2012037037037037,1,16.0,22.510935115624875,111.88131580706336,125.88,745.5,"Norway, NO",0.9938493,47588722
2026-09-13T11:19:18.047504+00:00,vast.ai,marketplace,RTX 3090,0.20138888888888887,1,24.0,44.63415960266933,221.6316890615305,31.32,261.7141927263664,"South Korea, KR",0.9959839,50704391
2026-09-13T11:19:18.047504+00:00,vast.ai,marketplace,RTX A5000,0.20138888888888887,1,23.99,34.91557681537209,173.37389866943386,125.83,342.65,"France, FR",0.9418811,50483954
2026-09-13T11:19:18.047504+00:00,vast.ai,marketplace,RTX 4070,0.20138888888888887,1,11.99,33.64756131412186,167.0775458356396,62.67,187.71532363905635,"Texas, US",0.9796789,50704660
2026-09-13T11:19:18.047504+00:00,vast.ai,marketplace,RTX 3070,0.20138888888888887,1,8.0,16.277128119288,80.82436031646456,62.83,271.3,"Texas, US",0.9642424,50764653
2026-09-13T11:19:18.047504+00:00,vast.ai,marketplace,RTX 4070S Ti,0.20138888888888887,1,15.99,51.20734667824677,254.27096281612194,62.83,147.5,"Texas, US",0.9892311,50764746
2026-09-13T11:19:18.047504+00:00,vast.ai,marketplace,RTX 4000Ada,0.20138888888888887,1,20.0,26.976213914844138,133.95085530129504,62.73,1812.6,"Arizona, US",0.9934061,50842109
2026-09-13T11:19:18.047504+00:00,vast.ai,marketplace,RTX 4000Ada,0.20138888888888887,1,20.0,31.259549744970535,155.21983321640542,31.41,454.0,"Hungary, HU",0.9981424,36173713
2026-09-13T11:19:18.047504+00:00,vast.ai,marketplace,Titan RTX,0.20138888888888887,1,24.0,12.057292800000003,59.87069528275864,15.59,382.0,"South Korea, KR",0.996243,50869877
2026-09-13T11:19:18.047504+00:00,vast.ai,marketplace,Titan RTX,0.20138888888888887,1,24.0,12.057292800000003,59.87069528275864,46.72,620.0,"France, FR",0.9820185,49694855
2026-09-13T11:19:18.047504+00:00,vast.ai,marketplace,RTX 4070 Ti,0.20138888888888887,1,11.99,35.67392985040589,177.13951373994652,62.83,345.5,"Texas, US",0.9802245,50764557
2026-09-13T11:19:18.047504+00:00,vast.ai,marketplace,RTX 4060 Ti,0.20138888888888887,1,8.0,18.03998773901531,89.57787015235189,31.17,620.0,"Mexico, MX",0.9972986,40172426
2026-09-13T11:19:18.047504+00:00,vast.ai,marketplace,RTX 5070 Ti,0.20138888888888887,1,15.92,75.79864537472838,376.3794804814099,62.63,1543.0,"South Korea, KR",0.9657643,50731379
2026-09-13T11:19:18.047504+00:00,vast.ai,marketplace,RTX 5070 Ti,0.20138888888888887,1,15.92,75.77839622023527,376.278932955651,15.59,353.5,"South Korea, KR",0.9965575,50736213
2026-09-13T11:19:18.047504+00:00,vast.ai,marketplace,RTX 5060 Ti,0.20203703703703701,1,15.93,38.40329213566825,190.08045603355507,31.47,323.75,"Denmark, DK",0.9967853,36999276
2026-09-13T11:19:18.047504+00:00,vast.ai,marketplace,RTX 5060 Ti,0.20203703703703701,1,15.93,38.382805803843624,189.97905714093088,21.98,236.0,"Denmark, DK",0.9984174,36415229
2026-09-13T11:19:18.047504+00:00,vast.ai,marketplace,RTX PRO 4000,0.2023148148148148,1,23.89,65.69237766585148,324.70374315386545,62.91,269.25,"Utah, US",0.9740546,47510359
2026-09-13T11:19:18.047504+00:00,vast.ai,marketplace,RTX 3090,0.20277644444444443,1,24.0,44.36864499845682,218.805715427231,30.27,601.0000000000001,"Indonesia, ID",0.9812756,50705193
2026-09-13T11:19:18.047504+00:00,vast.ai,marketplace,RTX 5070,0.20277777777777775,1,11.94,50.16787153459305,247.4032020884041,15.26,1510.23,"Ukraine, UA",0.9901077,50870315
2026-09-13T11:19:18.047504+00:00,vast.ai,marketplace,Tesla V100,0.2046296296296296,1,32.0,25.71306491342886,125.65660681675642,62.87,1595.0,"Bulgaria, BG",0.9911309,35822231
2026-09-13T11:19:18.047504+00:00,vast.ai,marketplace,Tesla V100,0.2060185185185185,1,32.0,25.71306491342886,124.80948362473336,94.27,712.75,"Bulgaria, BG",0.9896441,44696067
2026-09-13T11:19:18.047504+00:00,vast.ai,marketplace,RTX 3080 Ti,0.20648148148148146,1,12.0,33.967563237500705,164.5065842892411,62.84,848.6,"Thailand, TH",0.9685173,50135206
2026-09-13T11:19:18.047504+00:00,vast.ai,marketplace,RTX 5070,0.20648148148148146,1,11.94,50.17368149912717,242.99361443523475,30.4,979.0,"Sweden, SE",0.9963707,50786613
2026-09-13T11:19:18.047504+00:00,vast.ai,marketplace,Tesla V100,0.21205555555555555,1,32.0,25.71306491342886,121.25626629335066,94.13,1309.0,"Minnesota, US",0.9913772,50611286
2026-09-13T11:19:18.047504+00:00,vast.ai,marketplace,RTX 3090,0.21351851851851852,1,24.0,44.34232910204534,207.67439475372493,125.92,182.32133007937045,"Latvia, LV",0.9694509,50746311
2026-09-13T11:19:18.047504+00:00,vast.ai,marketplace,RTX 3090,0.21472222222222223,1,24.0,44.35549918675223,206.57153566922125,503.5,1558.0,"Nevada, US",0.9264115,50768240
2026-09-13T11:19:18.047504+00:00,vast.ai,marketplace,RTX 3080 Ti,0.21472222222222223,1,12.0,34.50109802218206,160.67781743836406,15.59,334.0,"Taiwan, TW",0.9959365,47987427
2026-09-13T11:19:18.047504+00:00,vast.ai,marketplace,RTX 3090,0.2261666666666667,1,24.0,44.84703325786723,198.2919672418595,251.88,436.0,"Pennsylvania, US",0.9706683,47997544
2026-09-13T11:19:18.047504+00:00,vast.ai,marketplace,RTX 4080,0.22740740740740742,1,15.99,53.26915989122064,234.2454913783318,31.41,632.7790592954454,"British Columbia, CA",0.9947921,46840703
2026-09-13T11:19:18.047504+00:00,vast.ai,marketplace,RTX 5060 Ti,0.2275925925925926,1,15.93,38.430594481871786,168.8569651766539,30.2,3322.5,"Minnesota, US",0.9885852,50441983
2026-09-13T11:19:18.047504+00:00,vast.ai,marketplace,RTX A5000,0.22805555555555557,1,22.49,33.01398543403803,144.76290811514846,30.5,1243.0,"Puerto Rico, PR",0.996232,48465829
2026-09-13T11:19:18.047504+00:00,vast.ai,marketplace,RTX 4080S,0.22805555555555557,1,15.99,55.77623196323231,244.57300251843643,30.47,645.9,"New Jersey, US",0.9979261,36029272
2026-09-13T11:19:18.047504+00:00,vast.ai,marketplace,RTX 5080,0.22805555555555557,1,15.92,83.61922361035322,366.6616382427181,50.34,1262.2,"Sweden, SE",0.9806934,42400293
2026-09-13T11:19:18.047504+00:00,vast.ai,marketplace,RTX 4070S Ti,0.22814814814814816,1,15.99,51.0209211458545,223.63066086657005,31.11,5324.0,"South Carolina, US",0.9955237,48982386
2026-09-13T11:19:18.047504+00:00,vast.ai,marketplace,RTX 4070,0.23883333333333331,1,11.99,31.246705254219865,130.83058724725694,62.86,765.5,"New York, US",0.9926626,50860550
2026-09-13T11:19:18.047504+00:00,vast.ai,marketplace,RTX 3090,0.24092592592592593,1,24.0,44.82687892645887,186.0608348984457,83.85,355.9333333333337,"California, US",0.8691643,50650298
2026-09-13T11:19:18.047504+00:00,vast.ai,marketplace,RTX 3090,0.2413888888888889,1,24.0,42.82181833432652,177.39763636775083,31.32,346.0,"Taiwan, TW",0.999529,47272935
2026-09-13T11:19:18.047504+00:00,vast.ai,marketplace,RTX 3090 Ti,0.2413888888888889,1,23.99,45.4570778678063,188.314706932224,31.35,329.5,"Florida, US",0.960289,48610460
2026-09-13T11:19:18.047504+00:00,vast.ai,marketplace,RTX 4070 Ti,0.2413888888888889,1,11.99,35.605437593639685,147.5023881899918,47.19,1639.5,"North Carolina, US",0.9864445,39047405
2026-09-13T11:19:18.047504+00:00,vast.ai,marketplace,RTX PRO 4000,0.2413888888888889,1,23.89,65.68039214880842,272.09368439092094,29.97,209.5,"Slovakia, SK",0.9979555,45680120
2026-09-13T11:19:18.047504+00:00,vast.ai,marketplace,A10,0.2416666666666667,1,22.49,29.11269408515854,120.46632035238015,83.77,929.6666666666666,"The Netherlands, NL",0.9993793,25353521
2026-09-13T11:19:18.047504+00:00,vast.ai,marketplace,RTX 5080,0.24185185185185187,1,15.92,83.75362109645495,346.3013429715595,31.4,807.0,"India, IN",0.9937756,50388232
2026-09-13T11:19:18.047504+00:00,vast.ai,marketplace,RTX 5080,0.24462962962962964,1,15.92,83.78408892515152,342.49362618911294,15.27,119.0,"Illinois, US",0.9910408,32458130
2026-09-13T11:19:18.047504+00:00,vast.ai,marketplace,RTX 5070 Ti,0.24462962962962964,1,15.92,37.67524175045086,154.00931525543876,15.23,363.0,"Minnesota, US",0.9805871,49856880
2026-09-13T11:19:18.047504+00:00,vast.ai,marketplace,RTX 5070 Ti,0.24462962962962964,1,15.92,37.47878915731409,153.20625393603035,30.46,1406.0,"Minnesota, US",0.9157457,46652248
2026-09-13T11:19:18.047504+00:00,vast.ai,marketplace,Tesla V100,0.2464814814814815,1,32.0,25.71306491342886,104.3204737284116,125.81,723.25,"Bulgaria, BG",0.9933336,21161536
2026-09-13T11:19:18.047504+00:00,vast.ai,marketplace,Tesla V100,0.24938888888888888,1,32.0,25.71306491342886,103.10429236839373,94.14,961.75,"Minnesota, US",0.9995761,17928796
2026-09-13T11:19:18.047504+00:00,vast.ai,marketplace,RTX 3090,0.25170370370370376,1,24.0,44.35813028876885,176.2315358735666,100.72,6.0,"Iceland, IS",0.9992338,9107067
2026-09-13T11:19:18.047504+00:00,vast.ai,marketplace,RTX 3080,0.25170370370370376,1,12.0,30.07994873591333,119.50538785604175,100.72,6.0,"Iceland, IS",0.9992338,9107064
2026-09-13T11:19:18.047504+00:00,vast.ai,marketplace,RTX 4070S Ti,0.2520555555555556,1,15.99,50.99393379606913,202.31227867076134,31.44,711.693678020372,"Minnesota, US",0.9995812,47095361
2026-09-13T11:19:18.047504+00:00,vast.ai,marketplace,RTX 3090,0.2533888888888889,1,24.0,44.35155071308448,175.03352616433253,31.44,270.75,"Thailand, TH",0.9705072,49290342
2026-09-13T11:19:18.047504+00:00,vast.ai,marketplace,Q RTX 8000,0.25425925925925924,1,45.0,11.59033456697642,45.5847098774018,47.22,89.625,"Indiana, US",0.9958812,24936695
2026-09-13T11:19:18.047504+00:00,vast.ai,marketplace,RTX PRO 4000,0.25425925925925924,1,23.89,65.78825936944865,258.74479285872013,62.88,59.75,"South Korea, KR",0.9960471,45704066
2026-09-13T11:19:18.047504+00:00,vast.ai,marketplace,RTX PRO 4000,0.2587777777777778,1,23.89,65.7283338112971,253.99527878989866,125.88,1022.0351498976195,"Italy, IT",0.9991682,34432513
2026-09-13T11:19:18.047504+00:00,vast.ai,marketplace,RTX PRO 4000,0.26231481481481483,1,23.89,65.70436311526555,250.47904046765547,41.92,408.0,"Ontario, CA",0.9643163,44205409
2026-09-13T11:19:18.047504+00:00,vast.ai,marketplace,RTX 4080,0.26805555555555555,1,15.99,53.15614354172503,198.30271165824882,31.23,749.0,"Taiwan, TW",0.9990465,50843287
2026-09-13T11:19:18.047504+00:00,vast.ai,marketplace,RTX 4080,0.26805555555555555,1,15.99,53.17930959751601,198.38913424980066,23.45,1512.5,"North Carolina, US",0.9968432,39750748
2026-09-13T11:19:18.047504+00:00,vast.ai,marketplace,RTX 5080,0.26805555555555555,1,15.92,83.50549826283492,311.52310232767434,62.4,673.0,"Japan, JP",0.998387,49337546
2026-09-13T11:19:18.047504+00:00,vast.ai,marketplace,RTX PRO 4000,0.26805555555555555,1,23.89,65.7403190579597,245.24885866181856,30.2,120.0,"Puerto Rico, PR",0.984985,44170201
2026-09-13T11:19:18.047504+00:00,vast.ai,marketplace,RTX 3090,0.2685185185185185,1,24.0,45.12089028915095,168.03641900787252,62.88,314.025,"Norway, NO",0.9995624,50759820
2026-09-13T11:19:18.047504+00:00,vast.ai,marketplace,RTX 3090,0.2685185185185185,1,24.0,44.25823806517881,164.8237831392866,31.36,357.325,"Norway, NO",0.9993355,50873688
2026-09-13T11:19:18.047504+00:00,vast.ai,marketplace,RTX 4080,0.2685185185185185,1,15.99,53.20825683585919,198.15488752664803,31.25,734.0,"Florida, US",0.9834563,50306362
2026-09-13T11:19:18.047504+00:00,vast.ai,marketplace,RTX 5060 Ti,0.2689814814814815,1,15.93,38.39646427068305,142.74761243489738,251.76,755.5,"Norway, NO",0.9665955,31574004
2026-09-13T11:19:18.047504+00:00,vast.ai,marketplace,RTX PRO 4000,0.2689814814814815,1,23.89,65.75230423708362,244.44918614819383,41.92,458.75,"France, FR",0.9924872,47658246
2026-09-13T11:19:18.047504+00:00,vast.ai,marketplace,RTX A5000,0.26944444444444443,1,22.49,32.02118019882187,118.84149352140075,47.19,19.0,"Delaware, US",0.9996284,45242052
2026-09-13T11:19:18.047504+00:00,vast.ai,marketplace,RTX 5080,0.26944444444444443,1,15.92,83.71226862252136,310.68470828977,50.3,594.54,"Illinois, US",0.9765321,50279544
2026-09-13T11:19:18.047504+00:00,vast.ai,marketplace,RTX 3090,0.26990740740740743,1,24.0,44.36601777471118,164.37495436256629,31.47,332.0,"United States, US",0.9941708,50484118
2026-09-13T11:19:18.047504+00:00,vast.ai,marketplace,RTX PRO 4000,0.26990740740740743,1,23.89,65.77627439280556,243.6994042683705,41.92,668.8333333333333,"North Carolina, US",0.9935192,49462099
2026-09-13T11:19:18.047504+00:00,vast.ai,marketplace,RTX 3090,0.2934259259259259,1,24.0,44.36470379958797,151.1955825293626,62.6,325.0,"Missouri, US",0.997142,50455784
2026-09-13T11:19:18.047504+00:00,vast.ai,marketplace,RTX 5060 Ti,0.2937962962962963,1,15.93,38.41694513073294,130.7604813778493,125.94,10831.975,"Denmark, DK",0.9832777,49967736
2026-09-13T11:19:18.047504+00:00,vast.ai,marketplace,RTX 4090,0.2947222222222222,1,23.99,98.48566366990981,334.16436306472696,62.96,609.375,"Hong Kong, HK",0.9978632,39184690
2026-09-13T11:19:18.047504+00:00,vast.ai,marketplace,RTX 5080,0.2947222222222222,1,15.92,83.8673376610381,284.56401091398413,31.28,673.0,"Taiwan, TW",0.9972552,43993925
2026-09-13T11:19:18.047504+00:00,vast.ai,marketplace,RTX 5080,0.30759259259259264,1,15.92,83.78408892515152,272.3865624297521,62.37,3684.6,"Washington, US",0.9889223,50773353
2026-09-13T11:19:18.047504+00:00,vast.ai,marketplace,L4,0.3213888888888889,1,22.49,25.314373969525715,78.7655542699158,31.32,330.0,"South Korea, KR",0.9584955,50457502
2026-09-13T11:19:18.047504+00:00,vast.ai,marketplace,RTX 4090,0.3213888888888889,1,23.99,64.52623992232282,200.77308878164402,30.99,703.0,"Türkiye, TR",0.9735717,45463205
2026-09-13T11:19:18.047504+00:00,vast.ai,marketplace,RTX 3090,0.3214814814814815,1,24.0,44.840321320964975,139.48026217350855,167.84,1013.1999999999999,"Slovakia, SK",0.9942982,50380600
2026-09-13T11:19:18.047504+00:00,vast.ai,marketplace,RTX 5080,0.3227777777777778,1,15.92,83.85699995732504,259.79793446331337,31.28,323.95000000000016,"New York, US",0.9794471,50027411
2026-09-13T11:19:18.047504+00:00,vast.ai,marketplace,RTX 4080,0.3236407407407408,1,15.99,53.1387641723698,164.1905900065212,62.88,128.5225830020305,"Ontario, CA",0.9979389,49852985
2026-09-13T11:19:18.047504+00:00,vast.ai,marketplace,RTX 3060 Ti,0.33025925925925925,1,8.0,13.775822893619656,41.71214737330164,251.52,3277.6,"British Columbia, CA",0.9949737,46027343
2026-09-13T11:19:18.047504+00:00,vast.ai,marketplace,L4,0.33425925925925926,1,22.49,25.306954203684622,75.71055551240829,62.75,534.081168125188,"Czechia, CZ",0.9987023,36579966
2026-09-13T11:19:18.047504+00:00,vast.ai,marketplace,RTX 3090,0.3347222222222222,1,24.0,44.596293996935074,133.23374140163176,15.46,631.0,"Oklahoma, US",0.9759286,49132459
2026-09-13T11:19:18.047504+00:00,vast.ai,marketplace,L4,0.3347222222222222,1,22.49,25.32920853949707,75.67232426737715,62.75,387.9107425559743,"Czechia, CZ",0.9982454,45699409
2026-09-13T11:19:18.047504+00:00,vast.ai,marketplace,Tesla V100,0.3347222222222222,1,32.0,25.71306491342886,76.81911509406133,94.32,1244.625,"Minnesota, US",0.9995788,38405402
2026-09-13T11:19:18.047504+00:00,vast.ai,marketplace,RTX 4090,0.3347222222222222,1,23.99,97.0548199803455,289.9563086549741,62.85,305.725,"California, US",0.9862022,49665528
2026-09-13T11:19:18.047504+00:00,vast.ai,marketplace,RTX PRO 4000,0.3347222222222222,1,23.89,65.7283338112971,196.36680640719467,62.88,710.0,"Slovakia, SK",0.996177,45623846
2026-09-13T11:19:18.047504+00:00,vast.ai,marketplace,RTX 5060 Ti,0.3347222222222222,1,15.93,38.38963549353913,114.69102720061484,62.94,910.0751164854419,"Texas, US",0.999349,49766582
2026-09-13T11:19:18.047504+00:00,vast.ai,marketplace,RTX 5060 Ti,0.3347222222222222,1,15.93,38.375975201203396,114.65021636874044,41.92,459.66666666666663,"Texas, US",0.9924647,50294992
2026-09-13T11:19:18.047504+00:00,vast.ai,marketplace,RTX 5060 Ti,0.3347222222222222,1,15.93,38.88063014190477,116.15789917913459,62.94,1161.875,"Texas, US",0.996769,50417804
2026-09-13T11:19:18.047504+00:00,vast.ai,marketplace,RTX 5060 Ti,0.3347222222222222,1,15.93,37.40154640246006,111.73905979158194,124.44,271.32941170467615,"Texas, US",0.9930226,49701014
2026-09-13T11:19:18.047504+00:00,vast.ai,marketplace,RTX PRO 4000,0.33564814814814814,1,23.89,65.65642091174499,195.6108540267161,62.88,757.1741656402631,"Norway, NO",0.9939543,50471998
2026-09-13T11:19:18.047504+00:00,vast.ai,marketplace,RTX 3090,0.337037037037037,1,24.0,44.82822427859303,133.00681928813316,78.71,761.5,"Estonia, EE",0.9910021,50754482
2026-09-13T11:19:18.047504+00:00,vast.ai,marketplace,RTX 4500Ada,0.33747222222222223,1,23.99,40.46151816127687,119.89584770812144,23.34,107.0,"France, FR",0.9822719,49670448
2026-09-13T11:19:18.047504+00:00,vast.ai,marketplace,RTX 4070S Ti,0.33749999999999997,1,15.99,14.505586357938041,42.979515134631235,31.36,140.5,"Saskatchewan, CA",0.9846641,46408966
2026-09-13T11:19:18.047504+00:00,vast.ai,marketplace,RTX 4090,0.33790740740740743,1,23.99,97.0548199803455,287.22312045479566,62.85,328.0,"India, IN",0.9681572,50621947
2026-09-13T11:19:18.047504+00:00,vast.ai,marketplace,RTX 4090,0.33879644444444446,1,23.99,97.22664564941427,286.97658208558147,31.32,1512.0,"South Africa, ZA",0.9778861,49640014
2026-09-13T11:19:18.047504+00:00,vast.ai,marketplace,RTX 4080S,0.3441666666666667,1,31.99,70.9761822819224,206.2261954922685,62.85,481.3333333333333,"Ontario, CA",0.9967093,50555695
2026-09-13T11:19:18.047504+00:00,vast.ai,marketplace,RTX 5080,0.360925925925926,1,15.92,84.18699215061196,233.2528258662414,30.2,3298.95,"Minnesota, US",0.9948553,50441921
2026-09-13T11:19:18.047504+00:00,vast.ai,marketplace,RTX 5080,0.360925925925926,1,15.92,84.07438512936781,232.94083104083433,30.2,3346.5,"Minnesota, US",0.9926394,50612425
2026-09-13T11:19:18.047504+00:00,vast.ai,marketplace,RTX 4090,0.3613888888888889,1,23.99,97.0548199803455,268.5606087081043,71.98,143.09733813240726,"Malaysia, MY",0.9927475,43681497
2026-09-13T11:19:18.047504+00:00,vast.ai,marketplace,RTX 4090,0.3613888888888889,1,23.99,97.02688113311575,268.4832990616577,78.72,181.20906219276404,"Malaysia, MY",0.9910409,47256370
2026-09-13T11:19:18.047504+00:00,vast.ai,marketplace,RTX 4090,0.36185185185185187,1,23.99,98.43729711602067,272.0375662366999,31.41,229.75181206798374,"United States, US",0.8922836,48657231
2026-09-13T11:19:18.047504+00:00,vast.ai,marketplace,RTX 4090,0.36185185185185187,1,23.99,98.547823321726,272.34301225041986,47.13,151.5018120679837,"United States, US",0.997239,44885355
2026-09-13T11:19:18.047504+00:00,vast.ai,marketplace,RTX 4090,0.36185185185185187,1,23.99,98.52020040658607,272.2666746139021,31.41,318.7,"United States, US",0.9969626,49080480
2026-09-13T11:19:18.047504+00:00,vast.ai,marketplace,RTX 4090,0.3660185185185186,1,23.99,98.45802780077194,268.9973944468345,31.46,130.29062499999998,", US",0.9981608,40912235
2026-09-13T11:19:18.047504+00:00,vast.ai,marketplace,RTX 4090,0.37472222222222223,1,23.99,97.38376573321523,259.8825475460154,125.88,1443.025,"Norway, NO",0.9987773,48580533
2026-09-13T11:19:18.047504+00:00,vast.ai,marketplace,RTX 4090,0.3883333333333333,1,23.99,98.40965115546473,253.41541070076755,62.66,3145.0,"Texas, US",0.9986957,41247191
2026-09-13T11:19:18.047504+00:00,vast.ai,marketplace,RTX PRO 4000,0.3885185185185185,1,23.89,65.71634849707324,169.14598755204744,62.85,1608.0,"Indiana, US",0.9914901,50748328
2026-09-13T11:19:18.047504+00:00,vast.ai,marketplace,RTX 4090,0.3912962962962963,1,23.99,97.20564427553269,248.41953577277638,62.89,753.25,"Michigan, US",0.9976857,35877320
2026-09-13T11:19:18.047504+00:00,vast.ai,marketplace,RTX 3090,0.4005185185185185,1,24.0,44.36601777471118,110.77145181405604,125.65,645.0,"Florida, US",0.9448337,50804085
2026-09-13T11:19:18.047504+00:00,vast.ai,marketplace,RTX A6000,0.40138888888888885,1,47.99,36.930923434557165,92.00783693038464,62.97,193.5082351956196,"Kansas, US",0.9896329,21004766
2026-09-13T11:19:18.047504+00:00,vast.ai,marketplace,RTX A6000,0.40138888888888885,1,47.99,55.26423044581931,137.6825118373353,47.19,377.8666666666666,"Romania, RO",0.9931067,40280188
2026-09-13T11:19:18.047504+00:00,vast.ai,marketplace,RTX 4090,0.40138888888888885,1,23.99,2.9901863757721396,7.449599275280072,100.72,73.4,"Iceland, IS",0.9969549,25814731
2026-09-13T11:19:18.047504+00:00,vast.ai,marketplace,RTX 4060 Ti,0.40138888888888885,1,16.0,22.516966931916716,56.09763387882366,62.96,489.5,"Portugal, PT",0.9958791,50873361
2026-09-13T11:19:18.047504+00:00,vast.ai,marketplace,RTX 3090,0.4018518518518518,1,24.0,44.60692422626513,111.00340590867822,31.35,167.0,"Michigan, US",0.997295,50575867
2026-09-13T11:19:18.047504+00:00,vast.ai,marketplace,RTX 4090,0.4018518518518518,1,23.99,97.08275282412565,241.588417166027,35.93,162.26152103973038,"Norway, NO",0.9970358,50190306
2026-09-13T11:19:18.047504+00:00,vast.ai,marketplace,Titan RTX,0.4023148148148148,1,24.0,12.057292800000003,29.969795682393563,251.52,1585.0,"Norway, NO",0.8760965,50384738
2026-09-13T11:19:18.047504+00:00,vast.ai,marketplace,RTX 4090,0.4147222222222222,1,23.99,97.23364535402986,234.45487158372907,62.89,616.25,"Sweden, SE",0.9946267,37165873
2026-09-13T11:19:18.047504+00:00,vast.ai,marketplace,RTX 4090,0.4149074074074074,1,23.99,97.0548199803455,233.91922691089744,125.88,766.25,"Sweden, SE",0.9790767,50194086
2026-09-13T11:19:18.047504+00:00,vast.ai,marketplace,RTX 4090,0.41703703703703704,1,23.99,97.21964556817686,233.11993164660527,62.78,422.0,"Arizona, US",0.9745402,50860094
2026-09-13T11:19:18.047504+00:00,vast.ai,marketplace,A100 SXM4,0.4280555555555556,1,40.0,95.3783231824351,222.81762716208067,62.96,331.432096793407,"California, US",0.9741917,50441073
2026-09-13T11:19:18.047504+00:00,vast.ai,marketplace,RTX A6000,0.4285185185185185,1,47.99,54.48397950654296,127.1449824266776,62.88,705.0048526566311,"India, IN",0.9779886,50757896
2026-09-13T11:19:18.047504+00:00,vast.ai,marketplace,RTX 4090,0.4303703703703704,1,23.99,97.57531281031149,226.72404869865835,41.93,857.1666666666666,"Estonia, EE",0.9900247,45415224
2026-09-13T11:19:18.047504+00:00,vast.ai,marketplace,RTX 5090,0.44092592592592594,1,31.84,156.941214751056,355.93555634426815,62.96,240.0488109826643,"United States, US",0.5917573,50864526
2026-09-13T11:19:18.047504+00:00,vast.ai,marketplace,RTX 5090,0.44092592592592594,1,31.84,187.15827950634383,424.466488590616,62.96,218.56940299434245,"United States, US",0.9000851,49864012
2026-09-13T11:19:18.047504+00:00,vast.ai,marketplace,RTX 5090,0.4427884444444445,1,31.84,197.32320736746456,445.6376625072974,73.44,256.0,"South Africa, ZA",0.9608426,50746457
2026-09-13T11:19:18.047504+00:00,vast.ai,marketplace,RTX 4090,0.4542592592592593,1,23.99,98.33359498377999,216.47020501932812,59.0,678.125,"Quebec, CA",0.9954471,29761284
2026-09-13T11:19:18.047504+00:00,vast.ai,marketplace,RTX 4090,0.4551851851851852,1,23.99,96.80315364707052,212.66762802855197,125.96,1408.125,"Utah, US",0.9603736,12239072
2026-09-13T11:19:18.047504+00:00,vast.ai,marketplace,RTX 4090,0.4556481481481482,1,23.99,96.845131956058,212.54367509153144,62.89,727.425,"Texas, US",0.9607153,44637530
2026-09-13T11:19:18.047504+00:00,vast.ai,marketplace,RTX 4090,0.4564814814814815,1,23.99,96.98496159517558,212.46198483324466,41.92,203.48333333333335,"Estonia, EE",0.9979317,47176359
2026-09-13T11:19:18.047504+00:00,vast.ai,marketplace,RTX 4090,0.4668437685925927,1,23.99,97.56828129557074,208.99557380772725,62.88,761.25,"California, US",0.9718987,49264955
2026-09-13T11:19:18.047504+00:00,vast.ai,marketplace,RTX 3090,0.46749999999999997,1,24.0,44.825533326809655,95.88349374718644,125.66,1382.0,"Sweden, SE",0.9931267,38935280
2026-09-13T11:19:18.047504+00:00,vast.ai,marketplace,RTX 4070,0.4680555555555555,1,11.99,33.657026942060945,71.90818812547147,62.85,791.5,"California, US",0.9983667,50672485
2026-09-13T11:19:18.047504+00:00,vast.ai,marketplace,A100 SXM4,0.4680555555555555,1,40.0,74.69596323891707,159.58781463507506,83.46,92.0,"Japan, JP",0.9967682,50720097
2026-09-13T11:19:18.047504+00:00,vast.ai,marketplace,RTX 4090,0.4680555555555555,1,23.99,34.272550034471394,73.22325229916737,31.2,723.0,"Japan, JP",0.9904523,48857242
2026-09-13T11:19:18.047504+00:00,vast.ai,marketplace,RTX 4090,0.4680555555555555,1,23.99,97.73809914391943,208.81730380896735,62.7,1484.0,"Quebec, CA",0.9937973,50686243
2026-09-13T11:19:18.047504+00:00,vast.ai,marketplace,RTX 4090,0.4687037037037037,1,23.99,97.4118289629701,207.8324284472693,125.88,721.675,"Denmark, DK",0.9968197,37356114
2026-09-13T11:19:18.047504+00:00,vast.ai,marketplace,RTX 4090,0.46888888888888886,1,23.99,25.208290522102427,53.76175703765921,62.5,1282.8,"The Netherlands, NL",0.9461608,40113383
2026-09-13T11:19:18.047504+00:00,vast.ai,marketplace,RTX 5090,0.4694444444444444,1,31.84,199.13697044442497,424.1970968046923,31.01,406.0,"Alaska, US",0.9829942,48940126
2026-09-13T11:19:18.047504+00:00,vast.ai,marketplace,RTX 5090,0.47268518518518515,1,31.84,198.96213114576636,420.9189062437369,62.88,682.025,"United States, US",0.9926817,49957164
2026-09-13T11:19:18.047504+00:00,vast.ai,marketplace,RTX 5090,0.47268518518518515,1,31.84,198.89512342578482,420.77714652271817,62.88,612.025,"United States, US",0.9972229,47347942
2026-09-13T11:19:18.047504+00:00,vast.ai,marketplace,RTX 5090,0.47268518518518515,1,31.84,40.36725860573223,85.39988108558435,62.88,308.6428325198426,"United States, US",0.9978713,46579458
2026-09-13T11:19:18.047504+00:00,vast.ai,marketplace,RTX 5090,0.47268518518518515,1,31.84,186.34998792725108,394.23699698615314,62.96,283.89519465983597,"California, US",0.9865361,42230251
2026-09-13T11:19:18.047504+00:00,vast.ai,marketplace,RTX 3090,0.47361111111111104,1,24.0,44.8430068357311,94.68318158864047,125.76,707.5,"Michigan, US",0.9981534,50149183
2026-09-13T11:19:18.047504+00:00,vast.ai,marketplace,RTX 4090,0.480462962962963,1,23.99,98.18827526032905,204.3617985761329,125.96,1370.8125,"Pennsylvania, US",0.9983276,50454640
2026-09-13T11:19:18.047504+00:00,vast.ai,marketplace,RTX 5090,0.480925925925926,1,31.84,179.71740608754925,373.6904092694516,62.96,198.0788435495424,"California, US",0.9657005,49872935
2026-09-13T11:19:18.047504+00:00,vast.ai,marketplace,RTX 5090,0.480925925925926,1,31.84,192.26708837511387,399.7852434445956,62.96,211.75,"United States, US",0.9716036,49924269
2026-09-13T11:19:18.047504+00:00,vast.ai,marketplace,RTX 5090,0.480925925925926,1,31.84,193.5441003791198,402.44056297545126,62.96,180.30316944792034,"China, CN",0.9891388,49881484
2026-09-13T11:19:18.047504+00:00,vast.ai,marketplace,RTX 5090,0.480925925925926,1,31.84,172.8226794139952,359.35405037950477,62.96,325.1475437237189,"United States, US",0.9652734,50742860
2026-09-13T11:19:18.047504+00:00,vast.ai,marketplace,RTX A6000,0.4813888888888889,1,47.99,55.283900844668054,114.84249454172243,47.23,109.5,"Romania, RO",0.9725104,31805852
2026-09-13T11:19:18.047504+00:00,vast.ai,marketplace,RTX 4090,0.4813888888888889,1,23.99,97.04783583155114,201.5996589691772,83.97,121.16666666666666,"Texas, US",0.9618901,44533568
2026-09-13T11:19:18.047504+00:00,vast.ai,marketplace,RTX 5090,0.48601851851851857,1,31.84,199.35690403139077,410.1837613905544,62.88,723.0983272168261,"Beijing, CN",0.9779963,50338902
2026-09-13T11:19:18.047504+00:00,vast.ai,marketplace,RTX 5090,0.48601851851851857,1,31.84,190.54239582921565,392.0476042971097,62.96,296.625,", US",0.995792,46809555
2026-09-13T11:19:18.047504+00:00,vast.ai,marketplace,RTX 5090,0.48601851851851857,1,31.84,199.08658870853546,409.6275782153139,31.36,545.5,"Sichuan, CN",0.9404967,50556735
2026-09-13T11:19:18.047504+00:00,vast.ai,marketplace,RTX 4090,0.4947222222222222,1,23.99,97.58234394571772,197.24673677966527,62.93,300.0,"Denmark, DK",0.995952,43630830
2026-09-13T11:19:18.047504+00:00,vast.ai,marketplace,RTX A6000,0.497037037037037,1,47.99,54.474568636689504,109.59861052091034,94.27,722.0,"Arizona, US",0.9731057,50463867
2026-09-13T11:19:18.047504+00:00,vast.ai,marketplace,RTX 4090,0.5003333333333333,1,23.99,97.23364535402986,194.33773221991314,93.02,1677.0,"Brazil, BR",0.9399007,50679602
2026-09-13T11:19:18.047504+00:00,vast.ai,marketplace,RTX 4090,0.5342592592592592,1,23.99,97.73809914391943,182.94132942016117,251.77,717.9,"Norway, NO",0.998893,50661793
2026-09-13T11:19:18.047504+00:00,vast.ai,marketplace,RTX 4070S Ti,0.5347222222222222,1,15.99,51.25121044604235,95.84641953545582,62.85,781.5,"California, US",0.9984535,50672605
2026-09-13T11:19:18.047504+00:00,vast.ai,marketplace,RTX 6000Ada,0.5347222222222222,1,47.99,112.94182484493369,211.2158802294864,125.47,1032.0,"Türkiye, TR",0.8264227,50479120
2026-09-13T11:19:18.047504+00:00,vast.ai,marketplace,RTX 5090,0.5347222222222222,1,31.84,198.63757904310674,371.478069898797,62.46,1266.0,"Alberta, CA",0.9986959,50685840
2026-09-13T11:19:18.047504+00:00,vast.ai,marketplace,RTX 4090,0.5351851851851852,1,23.99,98.02199945341088,183.15529309633868,26.93,358.7142857142857,"Norway, NO",0.9768034,50873691
2026-09-13T11:19:18.047504+00:00,vast.ai,marketplace,RTX 4090,0.5351851851851852,1,23.99,73.32490941807646,137.00848126561,35.93,382.4285714285714,"Norway, NO",0.9948575,50591734
2026-09-13T11:19:18.047504+00:00,vast.ai,marketplace,RTX 4090,0.5351851851851852,1,23.99,98.37508558615166,183.81503881149445,31.4,329.25,"Norway, NO",0.9976399,50759924
2026-09-13T11:19:18.047504+00:00,vast.ai,marketplace,RTX 4090,0.5351851851851852,1,23.99,96.69114492384014,180.66857529022033,31.4,807.175,"Norway, NO",0.9993103,50759906
2026-09-13T11:19:18.047504+00:00,vast.ai,marketplace,RTX 4090,0.5351851851851852,1,23.99,98.33359498377999,183.73751311848164,62.88,337.1,"Norway, NO",0.9967062,50591769
2026-09-13T11:19:18.047504+00:00,vast.ai,marketplace,RTX 4090,0.5351851851851852,1,23.99,96.10149916907532,179.56681505640373,31.44,144.15,"Norway, NO",0.9975859,50759777
2026-09-13T11:19:18.047504+00:00,vast.ai,marketplace,RTX 4090,0.5351851851851852,1,23.99,96.69114492384014,180.66857529022033,62.93,182.55714285714285,"Norway, NO",0.9969381,50759982
2026-09-13T11:19:18.047504+00:00,vast.ai,marketplace,RTX 5070 Ti,0.5351851851851852,1,15.92,75.75814299650284,141.5550076751264,251.91,1522.7,"Texas, US",0.9817049,49702287
2026-09-13T11:19:18.047504+00:00,vast.ai,marketplace,RTX 5070 Ti,0.5351851851851852,1,15.92,75.90657225050073,141.8323495338076,125.91,614.75,"Texas, US",0.9989596,43421243
2026-09-13T11:19:18.047504+00:00,vast.ai,marketplace,RTX 5090,0.5356481481481481,1,31.84,199.0272012104265,371.5633142735707,30.47,461.0,"South Korea, KR",0.9972727,45669457
2026-09-13T11:19:18.047504+00:00,vast.ai,marketplace,RTX 5090,0.5356481481481481,1,31.84,199.1856912968035,371.85919896378186,30.47,624.0,"South Korea, KR",0.9928218,48989894
2026-09-13T11:19:18.047504+00:00,vast.ai,marketplace,RTX 5090,0.5356481481481481,1,31.84,193.95456009949964,362.0932150517885,30.47,579.0,"South Korea, KR",0.9974526,45669183
2026-09-13T11:19:18.047504+00:00,vast.ai,marketplace,RTX 5090,0.5356481481481481,1,31.84,193.98884374942577,362.1572191000516,30.47,666.0,"South Korea, KR",0.9980967,45380586
2026-09-13T11:19:18.047504+00:00,vast.ai,marketplace,RTX 5080,0.5356481481481481,1,15.92,83.71226862252136,156.28219552691976,125.78,727.0,"Spain, ES",0.9966438,49250735
2026-09-13T11:19:18.047504+00:00,vast.ai,marketplace,RTX 5090,0.5361111111111111,1,31.84,195.19419956833883,364.09280748498435,62.94,350.6875,"Taiwan, TW",0.9086488,50499090
2026-09-13T11:19:18.047504+00:00,vast.ai,marketplace,CMP 170HX,0.5503703703703703,1,40.0,61.4764098273585,111.7000716917012,41.93,517.2178926734573,"Florida, US",0.9710396,50831262
2026-09-13T11:19:18.047504+00:00,vast.ai,marketplace,RTX 4090,0.5632407407407408,1,23.99,96.93603835955032,172.10409572302208,62.96,185.625,"Spain, ES",0.9990086,29301942
2026-09-13T11:19:18.047504+00:00,vast.ai,marketplace,RTX 3090,0.5649259259259258,1,24.0,44.36733150764498,78.53654695511798,25.15,826.2,"Czechia, CZ",0.982999,30717207
2026-09-13T11:19:18.047504+00:00,vast.ai,marketplace,RTX 3090,0.5649259259259258,1,24.0,44.36601777471118,78.5342214592016,31.45,171.35000000000016,"Czechia, CZ",0.9902508,30293564
2026-09-13T11:19:18.047504+00:00,vast.ai,marketplace,RTX 3090,0.5649259259259258,1,24.0,44.61083866558237,78.96758958701398,50.3,102.2,"Czechia, CZ",0.9775652,33877197
2026-09-13T11:19:18.047504+00:00,vast.ai,marketplace,RTX 3090,0.5653888888888888,1,24.0,44.35549918675223,78.45131034308149,31.46,256.75,"Czechia, CZ",0.9974334,46872558
2026-09-13T11:19:18.047504+00:00,vast.ai,marketplace,RTX 4090,0.5725185185185185,1,23.99,98.90452008281049,172.75339903195,31.25,316.45,"Spain, ES",0.9969144,30740611
2026-09-13T11:19:18.047504+00:00,vast.ai,marketplace,RTX 5090,0.5761111111111111,1,31.84,198.84888125061144,345.15717092680865,62.94,532.6,"Taiwan, TW",0.7605514,50248464
2026-09-13T11:19:18.047504+00:00,vast.ai,marketplace,RTX 5090,0.6009259259259259,1,31.84,199.1856912968035,331.4646326664835,62.62,1490.0,"South Korea, KR",0.996217,40374040
2026-09-13T11:19:18.047504+00:00,vast.ai,marketplace,RTX 5090,0.6009259259259259,1,31.84,198.9215391801651,331.0250574954982,125.96,510.875,"Utah, US",0.9636246,48248633
2026-09-13T11:19:18.047504+00:00,vast.ai,marketplace,A100 PCIE,0.6013888888888889,1,40.0,94.37613056535466,156.93028639042808,251.84,1442.4541259462408,"Japan, JP",0.999208,24622079
2026-09-13T11:19:18.047504+00:00,vast.ai,marketplace,RTX 5090,0.6013888888888889,1,31.84,199.38379891884597,331.53888041932817,30.52,425.5,"Croatia, HR",0.9853287,50268077
2026-09-13T11:19:18.047504+00:00,vast.ai,marketplace,RTX 5090,0.6013888888888889,1,31.84,199.38379891884597,331.53888041932817,47.14,567.0,"Spain, ES",0.9937105,49359207
2026-09-13T11:19:18.047504+00:00,vast.ai,marketplace,RTX 5090,0.6013888888888889,1,31.84,198.63096044513034,330.28704739144075,62.93,632.0,"Michigan, US",0.9585119,50849748
2026-09-13T11:19:18.047504+00:00,vast.ai,marketplace,RTX 4070S Ti,0.6032407407407407,1,15.99,51.31095184414318,85.05883037862569,15.33,233.0,"Wisconsin, US",0.9842392,50271651
2026-09-13T11:19:18.047504+00:00,vast.ai,marketplace,RTX 4070S Ti,0.6032407407407407,1,15.99,51.294663485276786,85.03182895487173,15.32,47.0,"Wisconsin, US",0.9873606,50270804
2026-09-13T11:19:18.047504+00:00,vast.ai,marketplace,RTX 4070S Ti,0.6032407407407407,1,15.99,51.30552278655832,85.04983055945202,15.28,540.0,"Wisconsin, US",0.9875749,50271920
2026-09-13T11:19:18.047504+00:00,vast.ai,marketplace,RTX 5090,0.6037037037037036,1,31.84,199.75358502547985,330.88017151459854,60.48,1379.0,"Sweden, SE",0.9882021,37582868
2026-09-13T11:19:18.047504+00:00,vast.ai,marketplace,RTX 5090,0.6037037037037036,1,31.84,198.32716077342477,328.5173828762251,71.96,429.2428571428571,"Estonia, EE",0.9757108,50793294
2026-09-13T11:19:18.047504+00:00,vast.ai,marketplace,RTX 5090,0.6037037037037036,1,31.84,197.85376153111065,327.7332246220852,71.96,836.3,"Estonia, EE",0.9920784,43624367
2026-09-13T11:19:18.047504+00:00,vast.ai,marketplace,RTX 3070,0.6147222222222223,1,8.0,16.278255054370714,26.48066796011503,251.69,12074.28109194951,"Taiwan, TW",0.9956449,50158395
2026-09-13T11:19:18.047504+00:00,vast.ai,marketplace,RTX 5090,0.6147222222222223,1,31.84,199.29789765182454,324.2080576351416,60.47,1115.0,"Ukraine, UA",0.9907844,34530722
2026-09-13T11:19:18.047504+00:00,vast.ai,marketplace,RTX 6000Ada,0.6280555555555555,1,47.99,113.14194040285908,180.14638896518917,125.77,629.5,"South Korea, KR",0.9908069,45124214
2026-09-13T11:19:18.047504+00:00,vast.ai,marketplace,RTX 4090,0.6280555555555555,1,23.99,96.59512067930918,153.8002806039421,123.23,705.0,"Qatar, QA",0.9975077,49590364
2026-09-13T11:19:18.047504+00:00,vast.ai,marketplace,RTX 5090,0.6285185185185185,1,31.84,199.17902834957266,316.90240220615567,125.96,1076.0,"Utah, US",0.9760127,21212912
2026-09-13T11:19:18.047504+00:00,vast.ai,marketplace,RTX 6000Ada,0.6427222222222222,1,47.99,113.26568677169611,176.2280544464111,83.93,98.33333333333333,"Japan, JP",0.9980808,25318164
2026-09-13T11:19:18.047504+00:00,vast.ai,marketplace,RTX 5090,0.6427777777777778,1,31.84,199.67821857880057,310.64891395146157,62.76,291.45,"New York, US",0.98952,49161358
2026-09-13T11:19:18.047504+00:00,vast.ai,marketplace,RTX 5080,0.6671851851851852,1,15.92,83.78246489355186,125.57602709703009,31.21,736.0,"Florida, US",0.9969792,50652638
2026-09-13T11:19:18.047504+00:00,vast.ai,marketplace,RTX 3090,0.6675925925925925,1,24.0,44.588311041742855,66.78970308610582,31.34,126.4,"Switzerland, CH",0.9696403,47932030
2026-09-13T11:19:18.047504+00:00,vast.ai,marketplace,RTX 4090,0.6678240740740741,1,23.99,73.84017666844063,110.56830613783832,62.86,585.5,"New Jersey, US",0.9729804,47635080
2026-09-13T11:19:18.047504+00:00,vast.ai,marketplace,RTX 4090,0.6680555555555555,1,23.99,97.37674898053568,145.76145377543804,31.44,692.5789951800039,"Taiwan, TW",0.9923631,49035058
2026-09-13T11:19:18.047504+00:00,vast.ai,marketplace,RTX 4090,0.6680555555555555,1,23.99,96.85212701919082,144.97615686864322,31.44,1454.25,"Taiwan, TW",0.9978978,49112070
2026-09-13T11:19:18.047504+00:00,vast.ai,marketplace,RTX 5090,0.6680555555555555,1,31.84,92.5942311088216,138.60259126476416,31.26,567.0,"Ontario, CA",0.9904855,39775306
2026-09-13T11:19:18.047504+00:00,vast.ai,marketplace,RTX 5090,0.6680555555555555,1,31.84,198.66399216381865,297.37645396663083,141.69,519.1958281243625,"Iceland, IS",0.9985175,30193807
2026-09-13T11:19:18.047504+00:00,vast.ai,marketplace,RTX 5090,0.6680555555555555,1,31.84,198.57154580997442,297.23807273010726,141.69,568.625,"Iceland, IS",0.9931115,29797726
2026-09-13T11:19:18.047504+00:00,vast.ai,marketplace,RTX PRO 5000,0.6680555555555555,1,47.79,165.46745750887,247.68517548105285,62.73,564.0,"Slovakia, SK",0.9805335,49726305
2026-09-13T11:19:18.047504+00:00,vast.ai,marketplace,RTX 5090,0.6683333333333333,1,31.84,194.04445104393395,290.34082450463933,62.5,629.0,"Portugal, PT",0.9864192,49807325
2026-09-13T11:19:18.047504+00:00,vast.ai,marketplace,RTX PRO 5000,0.6685185185185185,1,47.79,165.63284857495546,247.76104772985028,247.94,493.7333687625942,"India, IN",0.9957912,50856155
2026-09-13T11:19:18.047504+00:00,vast.ai,marketplace,RTX 5090,0.6689814814814814,1,31.84,198.3602353189081,296.51080158397343,83.94,1593.6666666666665,"Romania, RO",0.9316554,50715645
2026-09-13T11:19:18.047504+00:00,vast.ai,marketplace,RTX 4090,0.6694444444444444,1,47.99,125.33402634209635,187.22095221226013,251.91,593.5,"Texas, US",0.998311,46640477
2026-09-13T11:19:18.047504+00:00,vast.ai,marketplace,RTX PRO 4500,0.6712962962962963,1,31.86,96.51433412872171,143.7730770469234,60.38,1547.4,"California, US",0.9859403,49487024
2026-09-13T11:19:18.047504+00:00,vast.ai,marketplace,GTX 1660,0.673611111111111,1,6.0,2.316471688407048,3.4388858054702576,7.71,669.4000000000026,"Vietnam, VN",0.9950328,33521216
2026-09-13T11:19:18.047504+00:00,vast.ai,marketplace,RTX 5090,0.6802904885925926,1,31.84,187.0409600224089,274.94278276529406,62.96,278.5,"California, US",0.9882268,50583424
2026-09-13T11:19:18.047504+00:00,vast.ai,marketplace,RTX 5090,0.6942592592592592,1,31.84,199.06682406475457,286.73268870356753,62.44,1064.0,"South Korea, KR",0.9931978,46609967
2026-09-13T11:19:18.047504+00:00,vast.ai,marketplace,A100 SXM4,0.6956481481481481,1,40.0,87.61727995261239,125.95056881248688,125.89,609.9000000000002,"Croatia, HR",0.9976089,41566567
2026-09-13T11:19:18.047504+00:00,vast.ai,marketplace,RTX 5090,0.697374074074074,1,31.84,202.71478272714225,290.68299247615874,70.8,608.25,"North Carolina, US",0.8132709,33657246
2026-09-13T11:19:18.047504+00:00,vast.ai,marketplace,RTX 5090,0.6987777777777778,1,31.84,138.32475437264412,197.95242317598934,500.96,1901.5593870298508,"Italy, IT",0.8972822,50796939
2026-09-13T11:19:18.047504+00:00,vast.ai,marketplace,RTX 5880Ada,0.700925925925926,1,47.99,106.61501228498844,152.10596204463343,62.72,462.20000000000005,"Hungary, HU",0.9842321,50855790
2026-09-13T11:19:18.047504+00:00,vast.ai,marketplace,RTX 5090,0.7221296296296297,1,31.84,198.7828499877411,275.2730837117071,125.96,437.0,"Hungary, HU",0.9856808,50576339
2026-09-13T11:19:18.047504+00:00,vast.ai,marketplace,RTX 5090,0.7267777777777779,1,31.84,197.9904267292806,272.42223521839554,250.48,1244.725,"Italy, IT",0.9746606,50476698
2026-09-13T11:19:18.047504+00:00,vast.ai,marketplace,RTX 5090,0.7267777777777779,1,31.84,198.56773733317627,273.2165778930723,250.48,613.625,"Italy, IT",0.9970827,47343841
2026-09-13T11:19:18.047504+00:00,vast.ai,marketplace,RTX 5090,0.7333333333333334,1,31.84,196.25015771202928,267.61385142549443,62.96,250.8375000000001,"Thailand, TH",0.9840018,49015637
2026-09-13T11:19:18.047504+00:00,vast.ai,marketplace,RTX 6000Ada,0.7342592592592593,1,47.99,117.00590958556661,159.35231065877923,251.94,124.375,"Taiwan, TW",0.9986804,26051043
2026-09-13T11:19:18.047504+00:00,vast.ai,marketplace,RTX 5090,0.7342592592592593,1,31.84,96.94398890093491,132.02964440480417,62.79,293.0,"Maryland, US",0.9901072,48468119
2026-09-13T11:19:18.047504+00:00,vast.ai,marketplace,RTX 5090,0.7347222222222223,1,31.84,96.97181039294266,131.9843166028709,62.95,295.55,"Alberta, CA",0.9925373,50428995
2026-09-13T11:19:18.047504+00:00,vast.ai,marketplace,RTX PRO 5000,0.7347222222222223,1,47.79,165.57084139705748,225.35161778049408,125.77,1341.0,"Czechia, CZ",0.946022,50186570
2026-09-13T11:19:18.047504+00:00,vast.ai,marketplace,RTX PRO 5000,0.7347222222222223,1,47.79,165.73615532840682,225.57661972864443,68.33,999.0,"California, US",0.9929297,49725394
2026-09-13T11:19:18.047504+00:00,vast.ai,marketplace,GTX 1080 Ti,0.7348148148148149,1,11.0,5.452482750470743,7.420213420499498,15.57,157.0,"Spain, ES",0.9714728,50865915
2026-09-13T11:19:18.047504+00:00,vast.ai,marketplace,RTX 4500Ada,0.7350000000000001,1,23.99,40.55750905161522,55.18028442396628,125.84,280.0,"France, FR",0.9825095,49445413
2026-09-13T11:19:18.047504+00:00,vast.ai,marketplace,RTX 5090,0.735462962962963,1,31.84,174.0414444696552,236.64202445829991,125.88,166.49999999999991,"Hungary, HU",0.9949652,44204688
2026-09-13T11:19:18.047504+00:00,vast.ai,marketplace,RTX 5090,0.7360555555555556,1,31.84,199.21864497077152,270.6570767208006,62.17,1010.0,"Texas, US",0.9908452,38797209
2026-09-13T11:19:18.047504+00:00,vast.ai,marketplace,RTX 5090,0.7471296296296297,1,31.84,199.2517277859206,266.68963441417054,62.5,42847.9,"Denmark, DK",0.9711488,50085761
2026-09-13T11:19:18.047504+00:00,vast.ai,marketplace,RTX 5090,0.7480555555555556,1,31.84,166.77562358958022,222.94550498421418,31.34,432.31074255597423,"South Korea, KR",0.9801214,50734486
2026-09-13T11:19:18.047504+00:00,vast.ai,marketplace,RTX 5090,0.7507777777777779,1,31.84,198.32061389793702,264.15354818431746,500.96,2527.75,"Italy, IT",0.9967498,50876109
2026-09-13T11:19:18.047504+00:00,vast.ai,marketplace,RTX 5090,0.7615,1,31.84,198.67719868721403,260.90242769167963,141.69,475.5,"Czechia, CZ",0.5946284,31183540
2026-09-13T11:19:18.047504+00:00,vast.ai,marketplace,RTX PRO 5000,0.7680555555555555,1,47.79,165.13630413994824,215.00567627624366,60.47,1465.0,"Australia, AU",0.9525384,50546839
2026-09-13T11:19:18.047504+00:00,vast.ai,marketplace,RTX 5090,0.7751851851851852,1,31.84,198.77586887085238,256.42371999584395,83.92,624.9499999999999,"The Netherlands, NL",0.9874241,47172818
2026-09-13T11:19:18.047504+00:00,vast.ai,marketplace,RTX 5090,0.7867222222222222,1,31.84,178.81843267790225,227.29551502028391,31.46,175.8051999506814,"Thailand, TH",0.9949263,45330020
2026-09-13T11:19:18.047504+00:00,vast.ai,marketplace,RTX 2060,0.7875925925925925,1,12.0,4.02611401137736,5.111924679388137,1486.89,3421.7,"Quebec, CA",0.9975641,50392351
2026-09-13T11:19:18.047504+00:00,vast.ai,marketplace,RTX 6000Ada,0.7880555555555555,1,47.99,113.23713903857164,143.69182253748957,167.85,2761.930280798403,"North Carolina, US",0.9953003,36884541
2026-09-13T11:19:18.047504+00:00,vast.ai,marketplace,RTX 5090,0.793611111111111,1,31.84,198.47245790498954,250.08780135035437,62.84,1277.0,"Michigan, US",0.9923295,48426440
2026-09-13T11:19:18.047504+00:00,vast.ai,marketplace,RTX 5090,0.793611111111111,1,31.84,196.72476952706006,247.8856038842899,39.29,613.75,"Michigan, US",0.9908333,49059647
2026-09-13T11:19:18.047504+00:00,vast.ai,marketplace,L40S,0.8009259259259258,1,44.99,93.58654729160942,116.8479434392349,251.94,206.12500000000009,"Taiwan, TW",0.9985861,38575012
2026-09-13T11:19:18.047504+00:00,vast.ai,marketplace,L40S,0.8013888888888888,1,44.99,93.68412183987542,116.90219709655166,251.94,276.8735349358336,"Taiwan, TW",0.9974773,25990397
2026-09-13T11:19:18.047504+00:00,vast.ai,marketplace,RTX PRO 5000,0.8013888888888888,1,47.79,165.14666019225564,206.07555517924447,83.93,875.5848306530366,"Belgium, BE",0.9967539,49974699
2026-09-13T11:19:18.047504+00:00,vast.ai,marketplace,RTX 5880Ada,0.8023148148148147,1,47.99,106.76595356208534,133.0723945147746,125.96,615.6543928637168,"United Kingdom, GB",0.9977947,44120932
2026-09-13T11:19:18.047504+00:00,vast.ai,marketplace,RTX 4090,0.8023148148148147,1,23.99,97.0618037539243,120.97720490968061,62.94,273.78314820487424,"Hungary, HU",0.9975073,42494303
2026-09-13T11:19:18.047504+00:00,vast.ai,marketplace,RTX 5090,0.8032407407407407,1,31.84,197.73947411715858,246.17709745997843,125.96,263.125,"Spain, ES",0.9991643,27039368
2026-09-13T11:19:18.047504+00:00,vast.ai,marketplace,RTX 5090,0.8037037037037036,1,31.84,188.51508363464302,234.55793816291992,62.96,283.125,"California, US",0.9508611,50675998
2026-09-13T11:19:18.047504+00:00,vast.ai,marketplace,RTX 5090,0.8037037037037036,1,31.84,199.1856912968035,247.8347311066219,62.91,1084.6000000000001,"Estonia, EE",0.99823,45410071
2026-09-13T11:19:18.047504+00:00,vast.ai,marketplace,RTX 5090,0.8037037037037036,1,31.84,198.7564373103381,247.3006362847525,62.91,649.0,"Estonia, EE",0.9873887,45113320
2026-09-13T11:19:18.047504+00:00,vast.ai,marketplace,RTX 4090,0.8064814814814815,1,23.99,97.03386640801217,120.31753814081877,60.41,649.0,"Hungary, HU",0.991251,50867756
2026-09-13T11:19:18.047504+00:00,vast.ai,marketplace,RTX PRO 5000,0.8405740740740741,1,47.79,165.77746455279924,197.21934052678193,125.88,1085.75,"Czechia, CZ",0.9980716,39309140
2026-09-13T11:19:18.047504+00:00,vast.ai,marketplace,RTX 5090,0.8678240740740741,1,31.84,140.03920511017023,161.36819580579763,62.9,1487.75,"New Jersey, US",0.9439051,49746313
2026-09-13T11:19:18.047504+00:00,vast.ai,marketplace,RTX 5090,0.8678240740740741,1,31.84,140.15071719592345,161.4966919942356,125.9,663.5,"New Jersey, US",0.9761149,45907548
2026-09-13T11:19:18.047504+00:00,vast.ai,marketplace,RTX 5090,0.8680555555555556,1,31.84,198.42627052633293,228.58706364633554,35.93,652.8904197618767,"Belgium, BE",0.9979637,46391331
2026-09-13T11:19:18.047504+00:00,vast.ai,marketplace,RTX 5090,0.8685185185185186,1,31.84,198.94795483579426,229.06587550389958,60.46,1435.0,"South Carolina, US",0.9351659,50773766
2026-09-13T11:19:18.047504+00:00,vast.ai,marketplace,RTX 5090,0.8703703703703703,1,31.84,198.8356750472405,228.44949899044653,71.96,642.9915708085958,"Estonia, EE",0.9952439,40819919
2026-09-13T11:19:18.047504+00:00,vast.ai,marketplace,A100 PCIE,0.8783148148148148,1,40.0,88.58799329957532,100.86132193757126,125.67,592.0,"Japan, JP",0.9927884,47909257
2026-09-13T11:19:18.047504+00:00,vast.ai,marketplace,A800 PCIE,0.8813888888888889,1,80.0,126.0457803247415,143.0081339959248,73.34,1183.099175926618,"Idaho, US",0.9981339,16761515
2026-09-13T11:19:18.047504+00:00,vast.ai,marketplace,RTX 4090,0.8846296296296297,1,47.99,125.35165804278182,141.69959251225075,52.47,584.9817907733043,"Macao, MO",0.9933127,48463828
2026-09-13T11:19:18.047504+00:00,vast.ai,marketplace,RTX 5090,0.9023148148148148,1,31.84,198.68379383268083,220.19342979917425,125.96,1466.625,"Hungary, HU",0.9603902,49441332
2026-09-13T11:19:18.047504+00:00,vast.ai,marketplace,A100 SXM4,0.9102592592592593,1,40.0,95.41443153404131,104.82116008540974,62.97,573.140435663972,"Czechia, CZ",0.9724835,50365145
2026-09-13T11:19:18.047504+00:00,vast.ai,marketplace,A100 SXM4,0.9102592592592593,1,40.0,95.34785771795211,104.7480228825612,62.97,483.878103403536,"Czechia, CZ",0.9929163,44397674
2026-09-13T11:19:18.047504+00:00,vast.ai,marketplace,A100 SXM4,0.9195925925925925,1,40.0,82.63567534228514,89.86117983977199,125.75,208.0,"United Kingdom, GB",0.9717424,38565866
2026-09-13T11:19:18.047504+00:00,vast.ai,marketplace,RTX 5090,0.921574074074074,1,31.84,171.187516513801,185.75556900924857,201.5,1144.4,"Poland, PL",0.9953422,49425329
2026-09-13T11:19:18.047504+00:00,vast.ai,marketplace,RTX PRO 5000,0.9246296296296296,1,47.79,80.65410349309815,87.22855174498899,61.46,1614.85,"Illinois, US",0.980596,49806590
2026-09-13T11:19:18.047504+00:00,vast.ai,marketplace,RTX 6000Ada,0.9347222222222221,1,47.99,113.2561714682035,121.16559206107954,251.51,1514.0,"Japan, JP",0.9987664,50164335
2026-09-13T11:19:18.047504+00:00,vast.ai,marketplace,RTX 5090,0.9347222222222221,1,31.84,199.0469713514992,212.9477256657941,123.48,449.0,"Spain, ES",0.9582585,50481688
2026-09-13T11:19:18.047504+00:00,vast.ai,marketplace,RTX 5090,0.9347222222222221,1,31.84,190.8907014077091,204.22184994584035,125.96,1482.7,"Ohio, US",0.9426407,50414923
2026-09-13T11:19:18.047504+00:00,vast.ai,marketplace,RTX 5090,0.9347222222222221,1,31.84,198.82246881927114,212.70754465063186,125.94,309.89927453393796,"Quebec, CA",0.9650717,50430811
2026-09-13T11:19:18.047504+00:00,vast.ai,marketplace,A100 SXM4,0.9351851851851851,1,40.0,95.36880847120622,101.97852787020072,251.96,2126.623423744243,"Virginia, US",0.9981442,42274226
2026-09-13T11:19:18.047504+00:00,vast.ai,marketplace,A100 SXM4,0.9351851851851851,1,40.0,95.3459518490768,101.95408712574549,251.96,2782.875,"California, US",0.9919994,50245534
2026-09-13T11:19:18.047504+00:00,vast.ai,marketplace,RTX 5090,0.935648148148148,1,31.84,198.82908360763275,212.5041170670395,377.71,3000.775422702036,"Norway, NO",0.9972347,30220754
2026-09-13T11:19:18.047504+00:00,vast.ai,marketplace,RTX 5090,0.935648148148148,1,31.84,198.91491189859983,212.59584844184843,125.76,639.0,"Norway, NO",0.9780603,29801200
2026-09-13T11:19:18.047504+00:00,vast.ai,marketplace,RTX 5090,0.935648148148148,1,31.84,198.87529358357068,212.55350526497415,125.86,5552.5,"Maryland, US",0.9995147,50835643
2026-09-13T11:19:18.047504+00:00,vast.ai,marketplace,RTX 4090,0.936574074074074,1,23.99,97.04783583155114,103.62003232632253,125.89,696.5,"Spain, ES",0.998261,22692659
2026-09-13T11:19:18.047504+00:00,vast.ai,marketplace,RTX 4090,0.9374999999999999,1,23.99,97.1426197957756,103.61879444882732,125.92,508.75,"Spain, ES",0.9989125,36368079
2026-09-13T11:19:18.047504+00:00,vast.ai,marketplace,RTX 5090,0.9480555555555554,1,31.84,199.42705396290089,210.35376333619786,62.86,754.0,"Slovakia, SK",0.9794005,45620124
2026-09-13T11:19:18.047504+00:00,vast.ai,marketplace,A100 PCIE,0.9743148148148147,1,40.0,95.41253296911681,97.92782734936819,125.96,1422.2083904461583,"Japan, JP",0.9950233,46773564
2026-09-13T11:19:18.047504+00:00,vast.ai,marketplace,RTX 5090,0.975185185185185,1,31.84,199.41000265256457,204.4842412312664,62.65,1568.0,"Kansas, US",0.9782251,49599835
2026-09-13T11:19:18.047504+00:00,vast.ai,marketplace,RTX 5090,0.975185185185185,1,31.84,199.24505592902756,204.31509723067774,46.72,558.5,"Kansas, US",0.9661607,49968470
2026-09-13T11:19:18.047504+00:00,vast.ai,marketplace,RTX 5090,0.9898980740740742,1,31.84,199.3756789145849,201.41031095658604,61.73,1483.5,"New York, US",0.9904531,50728575
2026-09-13T11:19:18.047504+00:00,vast.ai,marketplace,RTX A2000,1.0006481481481482,1,5.99,8.575741297328419,8.570186546788833,125.41,7755.4000000000015,"British Columbia, CA",0.9468207,50563613
2026-09-13T11:19:18.047504+00:00,vast.ai,marketplace,RTX 5090,1.000925925925926,1,31.84,198.57154580997442,198.38785335316592,94.39,478.0,"Spain, ES",0.9992226,19921713
2026-09-13T11:19:18.047504+00:00,vast.ai,marketplace,RTX PRO 5000,1.000925925925926,1,47.79,165.61218144393024,165.45897868588773,62.83,1396.5,"Belgium, BE",0.9988309,48229993
2026-09-13T11:19:18.047504+00:00,vast.ai,marketplace,A100 PCIE,1.0013888888888889,1,80.0,5.388433994584872,5.3809604384203995,125.87,23.75,"United Kingdom, GB",0.9985817,32303767
2026-09-13T11:19:18.047504+00:00,vast.ai,marketplace,RTX 5090,1.0023148148148149,1,31.84,198.9215391801651,198.46213608737025,125.85,2714.2001924776137,"Maryland, US",0.9497903,50852224
2026-09-13T11:19:18.047504+00:00,vast.ai,marketplace,RTX 4090,1.0138905185185183,1,23.99,97.0548199803455,95.7251480388243,83.92,112.0,"Oklahoma, US",0.9970315,38597840
2026-09-13T11:19:18.047504+00:00,vast.ai,marketplace,RTX 5090,1.014722222222222,1,31.84,199.36394205808568,196.47144577309297,30.85,336.75,"Georgia, US",0.9208067,50500200
2026-09-13T11:19:18.047504+00:00,vast.ai,marketplace,A100 SXM4,1.0275925925925926,1,80.0,128.88001882843122,125.41937316156579,251.94,132.5,"Taiwan, TW",0.9985046,36994177
2026-09-13T11:19:18.047504+00:00,vast.ai,marketplace,RTX 5090,1.0325185185185186,1,31.84,173.87501069857868,168.39892707014937,125.64,215.0,"Illinois, US",0.9989698,47136715
2026-09-13T11:19:18.047504+00:00,vast.ai,marketplace,RTX PRO 5000,1.032925925925926,1,47.79,165.3536794420451,160.0828048669804,55.07,637.586984717815,"Czechia, CZ",0.9982005,44193906
2026-09-13T11:19:18.047504+00:00,vast.ai,marketplace,RTX PRO 5000,1.033388888888889,1,47.79,165.43643292701185,160.09116674835832,62.96,277.2086880539987,"Czechia, CZ",0.9741997,48330155
2026-09-13T11:19:18.047504+00:00,vast.ai,marketplace,RTX 5090,1.042314814814815,1,31.84,198.67058552291783,190.60516333370458,94.42,1215.0,"Hungary, HU",0.9126567,49138563
2026-09-13T11:19:18.047504+00:00,vast.ai,marketplace,RTX PRO 5000,1.0432407407407407,1,47.79,165.70516835795735,158.83694135670004,55.01,848.0,"Czechia, CZ",0.9984201,39270914
2026-09-13T11:19:18.047504+00:00,vast.ai,marketplace,A100 SXM4,1.0550925925925927,1,80.0,119.79879915146705,113.54339893250058,125.97,1002.0,"Sweden, SE",0.9979729,21050981
2026-09-13T11:19:18.047504+00:00,vast.ai,marketplace,RTX 5090,1.0556481481481483,1,31.84,198.9476190961409,188.4601601822929,125.95,738.8703417317128,"Hungary, HU",0.9923591,50157570
2026-09-13T11:19:18.047504+00:00,vast.ai,marketplace,RTX PRO 6000 Max-Q,1.0675925925925926,1,95.59,283.8135744482559,265.8444582863108,41.71,51.666666666666664,"Germany, DE",0.9946435,48734593
2026-09-13T11:19:18.047504+00:00,vast.ai,marketplace,RTX 5060 Ti,1.0680555555555555,1,15.93,38.42377026159708,35.97544159733407,31.27,656.0,"Connecticut, US",0.9812889,49261793
2026-09-13T11:19:18.047504+00:00,vast.ai,marketplace,RTX PRO 6000 WS,1.0689814814814815,1,95.59,268.7981409326097,251.4525701231862,251.93,263.7896441015316,"Pennsylvania, US",0.9988638,48361197
2026-09-13T11:19:18.047504+00:00,vast.ai,marketplace,RTX 5090,1.0689814814814815,1,31.84,198.98094193209846,186.14068192868456,30.46,2859.0,"Spain, ES",0.9994477,28841131
2026-09-13T11:19:18.047504+00:00,vast.ai,marketplace,RTX 5090,1.0689814814814815,1,31.84,198.80926256670014,185.98008104983643,123.44,3209.0,"Spain, ES",0.9993869,27011987
2026-09-13T11:19:18.047504+00:00,vast.ai,marketplace,RTX 5090,1.0689814814814815,1,31.84,199.31061009644418,186.44907657354673,110.1,1153.5,"Finland, FI",0.9951326,39179905
2026-09-13T11:19:18.047504+00:00,vast.ai,marketplace,RTX 5090,1.0689814814814815,1,31.84,199.36390402872362,186.49893144306756,125.29,6705.0,"Maryland, US",0.9940055,50835930
2026-09-13T11:19:18.047504+00:00,vast.ai,marketplace,RTX 5090,1.0703703703703704,1,31.84,199.1394115077211,186.0472010625768,61.92,3069.0,"Spain, ES",0.9994094,25698673
2026-09-13T11:19:18.047504+00:00,vast.ai,marketplace,RTX 5090,1.0712962962962962,1,31.84,198.77586887085238,185.54705132283542,41.94,259.9111111111111,"Hong Kong, HK",0.9872563,48885916
2026-09-13T11:19:18.047504+00:00,vast.ai,marketplace,RTX 5090,1.0712962962962962,1,31.84,198.79593995000366,185.56578664304578,41.94,646.2222222222222,"Macao, MO",0.9976217,40220265
2026-09-13T11:19:18.047504+00:00,vast.ai,marketplace,RTX 5090,1.1356481481481482,1,31.84,199.01563441255442,175.2440971590369,187.23,1234.0,"Alberta, CA",0.9995088,47653130
2026-09-13T11:19:18.047504+00:00,vast.ai,marketplace,A100 SXM4,1.1456111111111111,1,80.0,120.74197033325035,105.39525076371206,125.96,447.25,"Texas, US",0.9954267,47239993
2026-09-13T11:19:18.047504+00:00,vast.ai,marketplace,RTX 5090,1.1502592592592593,1,31.84,198.69700211769947,172.7410586076532,62.95,725.875,"Czechia, CZ",0.9767965,46900084
2026-09-13T11:19:18.047504+00:00,vast.ai,marketplace,RTX 5090,1.1502592592592593,1,31.84,185.12244481249346,160.93975625261047,31.44,1219.8241820195083,"Czechia, CZ",0.9839653,47627492
2026-09-13T11:19:18.047504+00:00,vast.ai,marketplace,RTX 5090,1.1507222222222222,1,31.84,199.28467218265936,173.18225748505134,31.04,1560.0,"Czechia, CZ",0.9925784,48062085
2026-09-13T11:19:18.047504+00:00,vast.ai,marketplace,RTX 5090,1.1507222222222222,1,31.84,199.77325454618864,173.60684506500243,31.04,1550.0,"Czechia, CZ",0.9923206,48062097
2026-09-13T11:19:18.047504+00:00,vast.ai,marketplace,RTX 4090,1.1756481481481482,1,23.99,97.5260842368299,82.95516340535268,75.49,2510.0,"Hungary, HU",0.9599195,49591158
2026-09-13T11:19:18.047504+00:00,vast.ai,marketplace,RTX 5090,1.1756481481481482,1,31.84,197.9772189204583,168.39835900928958,110.2,444.375,"Hungary, HU",0.9952397,49846917
2026-09-13T11:19:18.047504+00:00,vast.ai,marketplace,RTX 5090,1.1875925925925928,1,31.84,198.99414786509388,167.56095407321172,121.21,723.1,"Germany, DE",0.980251,50867387
2026-09-13T11:19:18.047504+00:00,vast.ai,marketplace,RTX 5090,1.1889814814814816,1,31.84,182.81017978195266,153.7535971999913,62.94,453.125,"Hungary, HU",0.9941511,47094832
2026-09-13T11:19:18.047504+00:00,vast.ai,marketplace,RTX 5090,1.201147851851852,1,31.84,198.62077481877537,165.35913918719893,31.22,3140.0,"Florida, US",0.9985224,48603608
2026-09-13T11:19:18.047504+00:00,vast.ai,marketplace,RTX PRO 5000,1.2013888888888888,1,47.79,165.36402532015512,137.64404419712335,125.84,775.0,"Arizona, US",0.9144784,50833633
2026-09-13T11:19:18.047504+00:00,vast.ai,marketplace,RTX PRO 6000 WS,1.2019444444444445,1,95.59,155.59699739324162,129.45440041961402,226.72,368.90681278661435,"Kansas, US",0.9977034,33065165
2026-09-13T11:19:18.047504+00:00,vast.ai,marketplace,RTX 5090,1.255648148148148,1,31.84,199.00078585089983,158.48451347169961,94.42,962.125,"Hungary, HU",0.9947476,49155137
2026-09-13T11:19:18.047504+00:00,vast.ai,marketplace,RTX 4090,1.257037037037037,1,23.99,97.08275282412565,77.23141798030032,108.06,684.0,"California, US",0.997386,50419097
2026-09-13T11:19:18.047504+00:00,vast.ai,marketplace,RTX 4090,1.257037037037037,1,23.99,97.0618037539243,77.21475254437112,108.06,822.0,"California, US",0.9973246,50466392
2026-09-13T11:19:18.047504+00:00,vast.ai,marketplace,RTX 5090,1.260925925925926,1,31.84,75.07386732244584,59.53868167736929,125.59,186.0,"Texas, US",0.9748345,50091704
2026-09-13T11:19:18.047504+00:00,vast.ai,marketplace,RTX 5090,1.260925925925926,1,31.84,75.07386732244584,59.53868167736929,125.59,293.0,"Texas, US",0.9927421,43939278
2026-09-13T11:19:18.047504+00:00,vast.ai,marketplace,RTX 5090,1.2689814814814815,1,31.84,112.03714831512838,88.28903333114823,94.42,2823.875,"Hungary, HU",0.996303,50716302
2026-09-13T11:19:18.047504+00:00,vast.ai,marketplace,RTX PRO 6000 WS,1.272685185185185,1,95.59,280.23829941958195,220.19451682295275,125.92,466.025,"United States, US",0.9680356,50345695
2026-09-13T11:19:18.047504+00:00,vast.ai,marketplace,RTX PRO 6000 Max-Q,1.3080555555555555,1,95.59,283.63827280420844,216.83962244534942,125.88,1393.3240333913402,"Wisconsin, US",0.9383219,50546264
2026-09-13T11:19:18.047504+00:00,vast.ai,marketplace,RTX PRO 6000 Max-Q,1.321388888888889,1,95.59,5.734952743168364,4.340094571243664,125.76,1761.25,"Ohio, US",0.9844214,47585460
2026-09-13T11:19:18.047504+00:00,vast.ai,marketplace,RTX 5090,1.3344444444444443,1,31.84,61.163562929565096,45.83447679984062,62.62,3159.0,"Texas, US",0.9957286,50688373
2026-09-13T11:19:18.047504+00:00,vast.ai,marketplace,RTX 3090,1.3347222222222221,1,24.0,44.3410107559522,33.22115269956877,167.95,443.8333333333333,"Oman, OM",0.9337478,50877745
2026-09-13T11:19:18.047504+00:00,vast.ai,marketplace,RTX 3090,1.3347222222222221,1,24.0,44.60559630349915,33.41938536786617,62.89,285.48910789782343,"Oman, OM",0.9901716,50877481
2026-09-13T11:19:18.047504+00:00,vast.ai,marketplace,RTX 3090,1.3347222222222221,1,24.0,44.36470379958797,33.23890399136664,62.72,412.0,"Washington, US",0.9855282,50846640
2026-09-13T11:19:18.047504+00:00,vast.ai,marketplace,RTX 3090,1.3347222222222221,1,24.0,44.36601777471118,33.239888447234186,62.89,71.75,"Oman, OM",0.9916352,50878068
2026-09-13T11:19:18.047504+00:00,vast.ai,marketplace,RTX A2000,1.3347222222222221,1,5.99,8.574884920896874,6.4244715328259625,31.16,751.0,"British Columbia, CA",0.9710122,46186923
2026-09-13T11:19:18.047504+00:00,vast.ai,marketplace,RTX 3090 Ti,1.3347222222222221,1,23.99,46.19046562790225,34.60680047043665,62.82,171.0,"Oman, OM",0.9890513,50877277
2026-09-13T11:19:18.047504+00:00,vast.ai,marketplace,RTX 4090,1.3347222222222221,1,23.99,97.22664564941427,72.8441049610596,31.21,202.0,"Texas, US",0.9870877,50699220
2026-09-13T11:19:18.047504+00:00,vast.ai,marketplace,RTX 4090,1.3347222222222221,1,23.99,97.0548199803455,72.7153698083754,62.71,374.0,"Texas, US",0.9763738,50764327
2026-09-13T11:19:18.047504+00:00,vast.ai,marketplace,RTX 4090,1.3347222222222221,1,23.99,96.76483515173669,72.49810750182145,125.96,653.625,"Washington, US",0.9979812,50839446
2026-09-13T11:19:18.047504+00:00,vast.ai,marketplace,RTX PRO 6000 Max-Q,1.335185185185185,1,95.59,283.2097434462682,212.11270660330769,998.03,1584.7117745339378,"India, IN",0.9420727,50873576
2026-09-13T11:19:18.047504+00:00,vast.ai,marketplace,RTX 5070 Ti,1.337037037037037,1,15.92,76.99468366134425,57.586051491864126,15.33,248.0,"Wisconsin, US",0.9863639,50306929
2026-09-13T11:19:18.047504+00:00,vast.ai,marketplace,RTX 5070 Ti,1.337037037037037,1,15.92,77.0615501898065,57.636062468830346,15.33,60.0,"Wisconsin, US",0.9929404,50306639
2026-09-13T11:19:18.047504+00:00,vast.ai,marketplace,RTX 4090,1.3379629629629628,1,23.99,97.0408513074653,72.52880236128895,45.71,691.5,"Texas, US",0.9505664,50785833
2026-09-13T11:19:18.047504+00:00,vast.ai,marketplace,RTX PRO 6000 Max-Q,1.361388888888889,1,95.59,283.4240106516768,208.18739815262933,167.78,73.0,"Japan, JP",0.9942028,48161015
2026-09-13T11:19:18.047504+00:00,vast.ai,marketplace,RTX PRO 6000 WS,1.3987222222222222,1,95.59,283.2292224921032,202.49140107470538,123.44,1038.0,"South Korea, KR",0.9979465,47718637
2026-09-13T11:19:18.047504+00:00,vast.ai,marketplace,RTX PRO 6000 Max-Q,1.401388888888889,1,95.59,282.7811938489382,201.78638213204707,179.91,593.7142857142857,"Poland, PL",0.996587,49155482
2026-09-13T11:19:18.047504+00:00,vast.ai,marketplace,RTX PRO 6000 Max-Q,1.404675925925926,1,95.59,283.5019247459527,201.82728237410032,503.06,6706.1,"Japan, JP",0.9746954,50049323
2026-09-13T11:19:18.047504+00:00,vast.ai,marketplace,RTX PRO 6000 Max-Q,1.4213888888888888,1,95.59,283.2971108112655,199.3100642799601,125.77,1105.0,"Denmark, DK",0.9959138,50616926
2026-09-13T11:19:18.047504+00:00,vast.ai,marketplace,RTX PRO 6000 Max-Q,1.426648148148148,1,95.59,258.55293595264834,181.23104585265918,62.86,862.0,"Taiwan, TW",0.9801119,50551759
2026-09-13T11:19:18.047504+00:00,vast.ai,marketplace,RTX PRO 6000 S,1.4544555555555556,1,95.59,279.4103533639544,192.10649118613225,94.01,1244.35,"New York, US",0.9972333,45361550
2026-09-13T11:19:18.047504+00:00,vast.ai,marketplace,RTX PRO 6000 Max-Q,1.457962962962963,1,95.59,283.9109627923403,194.73125861534837,100.7,542.1,"France, FR",0.9901499,49804189
2026-09-13T11:19:18.047504+00:00,vast.ai,marketplace,RTX PRO 6000 S,1.4671296296296297,1,95.59,279.58453481805344,190.5656658905003,125.77,3443.0,"France, FR",0.99475,47411627
2026-09-13T11:19:18.047504+00:00,vast.ai,marketplace,RTX 5090,1.467314814814815,1,31.84,198.6701743299382,135.39710246503012,503.5,12034.0,"British Columbia, CA",0.9765354,50563157
2026-09-13T11:19:18.047504+00:00,vast.ai,marketplace,RTX PRO 6000 Max-Q,1.4680555555555557,1,95.59,283.8720075796294,193.3659843494164,141.42,1282.4,"Romania, RO",0.9948113,49533409
2026-09-13T11:19:18.047504+00:00,vast.ai,marketplace,RTX PRO 6000 WS,1.4680555555555557,1,95.59,283.6967070606863,193.24657434597364,91.88,1131.0,"California, US",0.9670051,49453151
2026-09-13T11:19:18.047504+00:00,vast.ai,marketplace,RTX PRO 6000 WS,1.4680555555555557,1,95.59,283.0733889542568,192.82198679949374,167.95,273.16666666666663,"Spain, ES",0.9992761,28784861
2026-09-13T11:19:18.047504+00:00,vast.ai,marketplace,RTX PRO 5000,1.4680555555555557,1,47.79,165.6948384051189,112.86687195050672,62.73,1434.0,"Taiwan, TW",0.9946864,47566054
2026-09-13T11:19:18.047504+00:00,vast.ai,marketplace,RTX PRO 5000,1.4695155555555555,1,47.79,165.591512384818,112.68442294386979,62.69,605.0,"Bulgaria, BG",0.9882581,49961941
2026-09-13T11:19:18.047504+00:00,vast.ai,marketplace,RTX 5090,1.4712962962962963,1,31.84,199.11965419206146,135.33620297509526,62.72,534.0,"Vermont, US",0.9968289,50805779
2026-09-13T11:19:18.047504+00:00,vast.ai,marketplace,RTX PRO 6000 WS,1.4746481481481482,1,95.59,283.59931642472293,192.31659889911012,93.17,1021.0,"Taiwan, TW",0.9937676,50611855
2026-09-13T11:19:18.047504+00:00,vast.ai,marketplace,RTX PRO 6000 Max-Q,1.5108333333333333,1,95.59,283.9304403362498,187.92969023910632,31.18,753.0,"Washington, US",0.992194,47409188
2026-09-13T11:19:18.047504+00:00,vast.ai,marketplace,RTX PRO 6000 WS,1.519388888888889,1,95.59,283.4045320237227,186.52534192939444,94.08,84.0,"New York, US",0.9984049,42515615
2026-09-13T11:19:18.047504+00:00,vast.ai,marketplace,RTX PRO 6000 WS,1.5271296296296295,1,95.59,283.657750931396,185.74569272170478,188.41,2870.0,"United Kingdom, GB",0.9955677,47457221
2026-09-13T11:19:18.047504+00:00,vast.ai,marketplace,RTX PRO 6000 Max-Q,1.534722222222222,1,95.59,283.6967070606863,184.8521530169178,167.84,588.9700000000005,"Japan, JP",0.9892593,49621040
2026-09-13T11:19:18.047504+00:00,vast.ai,marketplace,RTX PRO 6000 S,1.534722222222222,1,95.59,279.1393988792967,181.8826852426187,94.47,11.25,"Australia, AU",0.9975082,50133440
2026-09-13T11:19:18.047504+00:00,vast.ai,marketplace,RTX PRO 6000 Max-Q,1.5353814814814815,1,95.59,266.07087339107784,173.29300672191738,125.96,938.625,"Australia, AU",0.99107,47997997
2026-09-13T11:19:18.047504+00:00,vast.ai,marketplace,RTX PRO 6000 WS,1.5596481481481481,1,95.59,282.9370324114197,181.4108090644455,188.92,203.0,"Poland, PL",0.9946554,37051756
2026-09-13T11:19:18.047504+00:00,vast.ai,marketplace,RTX 6000Ada,1.577037037037037,1,47.99,113.13241719141861,71.73732419371306,117.9,679.0,"California, US",0.99394,49434661
2026-09-13T11:19:18.047504+00:00,vast.ai,marketplace,RTX PRO 6000 WS,1.5880555555555556,1,95.59,283.2292224921032,178.34969406534398,123.5,1209.9,"Australia, AU",0.9919439,50440670
2026-09-13T11:19:18.047504+00:00,vast.ai,marketplace,RTX PRO 6000 WS,1.6013888888888888,1,95.59,283.4045320237227,176.9742090694539,124.78,1447.0,"Japan, JP",0.9824011,50868732
2026-09-13T11:19:18.047504+00:00,vast.ai,marketplace,RTX PRO 6000 WS,1.6013888888888888,1,95.59,245.6489429155668,153.39743182932187,503.88,1973.0,"Serbia, RS",0.9850087,48332828
2026-09-13T11:19:18.047504+00:00,vast.ai,marketplace,RTX PRO 6000 WS,1.6013888888888888,1,95.59,248.9862821235019,155.48145978223883,501.75,1174.5,"Serbia, RS",0.9963715,47655764
2026-09-13T11:19:18.047504+00:00,vast.ai,marketplace,RTX PRO 6000 Max-Q,1.6032037037037037,1,95.59,281.78765981222114,175.765349818765,125.92,530.75,"Czechia, CZ",0.9945996,47792403
2026-09-13T11:19:18.047504+00:00,vast.ai,marketplace,RTX 4090,1.6046296296296294,1,47.99,125.61591276889759,78.28343092349071,93.95,6371.2,"Macao, MO",0.9335242,50550071
2026-09-13T11:19:18.047504+00:00,vast.ai,marketplace,RTX PRO 6000 Max-Q,1.6055555555555554,1,95.59,280.4408358481264,174.66903270817565,123.9,291.0,"Norway, NO",0.9955674,50871813
2026-09-13T11:19:18.047504+00:00,vast.ai,marketplace,RTX PRO 6000 WS,1.6055555555555554,1,95.59,283.4045320237227,176.51493344038093,124.7,722.0,"Norway, NO",0.997666,50804721
2026-09-13T11:19:18.047504+00:00,vast.ai,marketplace,RTX 5090,1.6055555555555554,1,31.84,199.52889636766437,124.27405310096744,247.81,254.25,"Norway, NO",0.9980176,50806300
2026-09-13T11:19:18.047504+00:00,vast.ai,marketplace,RTX PRO 6000 WS,1.6712962962962963,1,95.59,282.7032735614888,169.152097200226,377.85,928.75,"California, US",0.997228,50769537
2026-09-13T11:19:18.047504+00:00,vast.ai,marketplace,RTX PRO 6000 WS,1.7046388888888888,1,95.59,282.8591134654696,165.93491754129917,215.93,241.14285714285714,"Bulgaria, BG",0.9991574,50697803
2026-09-13T11:19:18.047504+00:00,vast.ai,marketplace,RTX PRO 6000 WS,1.7093888888888888,1,95.59,283.9109627923403,166.08915890221084,125.71,1390.0,"Bulgaria, BG",0.989747,50780855
2026-09-13T11:19:18.047504+00:00,vast.ai,marketplace,RTX PRO 6000 Max-Q,1.7356481481481483,1,95.59,283.0149506871245,163.06009428759373,188.81,2930.6960356781174,"Maryland, US",0.9915769,50836036
2026-09-13T11:19:18.047504+00:00,vast.ai,marketplace,RTX 5080,1.7894444444444446,1,15.92,83.46030112035444,46.640342134938834,31.46,150.8,"California, US",0.9921133,50499499
2026-09-13T11:19:18.047504+00:00,vast.ai,marketplace,RTX 5090,1.8037037037037038,1,31.84,199.20543945488362,110.44244076554122,108.05,1351.0,"California, US",0.9978856,50759270
2026-09-13T11:19:18.047504+00:00,vast.ai,marketplace,RTX 5090,1.8037037037037038,1,31.84,199.24505592902756,110.46440472451219,108.05,1625.0,"California, US",0.9937079,49806812
2026-09-13T11:19:18.047504+00:00,vast.ai,marketplace,RTX PRO 6000 WS,1.804638888888889,1,95.59,283.59931642472293,157.15017457001287,377.59,1127.3000000000002,"Bulgaria, BG",0.9978575,50697935
2026-09-13T11:19:18.047504+00:00,vast.ai,marketplace,RTX PRO 6000 WS,1.8267222222222221,1,95.59,283.52140316516255,155.20772655858784,125.55,2754.0,"Massachusetts, US",0.9981675,36072512
2026-09-13T11:19:18.047504+00:00,vast.ai,marketplace,RTX PRO 6000 S,1.8284259259259261,1,95.59,279.5651814610527,152.89937508377824,94.42,1210.875,"Bulgaria, BG",0.9915444,48388054
2026-09-13T11:19:18.047504+00:00,vast.ai,marketplace,RTX PRO 6000 Max-Q,1.8565277777777778,1,95.59,283.5603598783882,152.7369335770476,124.5,760.4000000000001,"Japan, JP",0.9976418,43317266
2026-09-13T11:19:18.047504+00:00,vast.ai,marketplace,RTX PRO 6000 WS,1.8680555555555554,1,95.59,283.34609588925207,151.67969445372603,91.88,1159.7803497897507,"California, US",0.9919607,48603985
2026-09-13T11:19:18.047504+00:00,vast.ai,marketplace,RTX PRO 6000 WS,1.8687037037037035,1,95.59,282.5084699053897,151.17884624805316,125.92,651.875,"Hungary, HU",0.9953909,43620826
2026-09-13T11:19:18.047504+00:00,vast.ai,marketplace,RTX PRO 6000 WS,1.881296296296296,1,95.59,283.2097434462682,150.5396805403926,125.81,839.5,"Tennessee, US",0.9891874,50143184
2026-09-13T11:19:18.047504+00:00,vast.ai,marketplace,RTX PRO 6000 WS,1.940277777777778,1,95.59,283.5798381724142,146.15424730432227,125.32,2514.0,"Texas, US",0.9922615,50005350
2026-09-13T11:19:18.047504+00:00,vast.ai,marketplace,RTX 4090,2.0009259259259258,1,23.99,96.9010818975241,48.428120522594185,62.53,1532.0,"Alberta, CA",0.9972699,50695143
2026-09-13T11:19:18.047504+00:00,vast.ai,marketplace,RTX PRO 5000,2.0009259259259258,1,47.79,165.591512384818,82.75744256159345,503.52,12843.4,"Texas, US",0.9989724,49700895
2026-09-13T11:19:18.047504+00:00,vast.ai,marketplace,RTX 4090,2.001388888888889,1,47.99,125.62471414590725,62.76876765097377,107.97,390.9285714285714,"Washington, US",0.9947509,48484819
2026-09-13T11:19:18.047504+00:00,vast.ai,marketplace,RTX 4090,2.001388888888889,1,23.99,96.99893627757875,48.465811325368975,31.23,205.0,"Texas, US",0.981414,50704613
2026-09-13T11:19:18.047504+00:00,vast.ai,marketplace,RTX 4090,2.001388888888889,1,23.99,97.39078210772227,48.66159827727969,125.88,546.5,"Washington, US",0.9991003,49464825
2026-09-13T11:19:18.047504+00:00,vast.ai,marketplace,RTX 5090,2.001388888888889,1,31.84,180.25465158853544,90.06478080759577,62.54,1675.8,"Washington, US",0.9846084,50200633
2026-09-13T11:19:18.047504+00:00,vast.ai,marketplace,RTX 4090,2.0016666666666665,1,23.99,97.0408513074653,48.480025632372346,167.97,526.0,"Washington, US",0.9975226,41755372
2026-09-13T11:19:18.047504+00:00,vast.ai,marketplace,RTX PRO 6000 S,2.068055555555556,1,95.59,229.51871033821965,110.98285523406186,125.8,966.0,"Spain, ES",0.901549,50349094
2026-09-13T11:19:18.047504+00:00,vast.ai,marketplace,RTX PRO 6000 S,2.068055555555556,1,95.59,229.49437899437277,110.97108990997204,125.8,1035.0,"Spain, ES",0.9749925,50349139
2026-09-13T11:19:18.047504+00:00,vast.ai,marketplace,RTX PRO 6000 WS,2.1035925925925922,1,95.59,283.24870149612656,134.64998046367623,125.79,545.0,"Switzerland, CH",0.9976321,47926747
2026-09-13T11:19:18.047504+00:00,vast.ai,marketplace,RTX PRO 6000 WS,2.1043564444444445,1,95.59,283.59931642472293,134.76771826057913,188.39,1052.5464709384319,"Idaho, US",0.9788456,50681137
2026-09-13T11:19:18.047504+00:00,vast.ai,marketplace,RTX 5080,2.121388888888889,1,15.92,83.74328302781548,39.47568664398791,62.38,1520.0,"India, IN",0.995162,50614316
2026-09-13T11:19:18.047504+00:00,vast.ai,marketplace,RTX 5090,2.1608333333333336,1,31.84,199.14606910785832,92.16169800595063,125.88,363.5,"Bulgaria, BG",0.9911778,45014284
2026-09-13T11:19:18.047504+00:00,vast.ai,marketplace,RTX 5090,2.266988888888889,1,31.84,198.98094193209846,87.77323210861623,91.7,3051.0,"Massachusetts, US",0.9978212,46289581
2026-09-13T11:19:18.047504+00:00,vast.ai,marketplace,RTX PRO 6000 WS,2.2689814814814815,1,95.59,283.0928682929201,124.766495717753,503.34,6080.6470981357525,"Hungary, HU",0.9943612,50277540
2026-09-13T11:19:18.047504+00:00,vast.ai,marketplace,RTX PRO 6000 WS,2.2712962962962964,1,95.59,283.4045320237227,124.77655710787629,121.18,1037.0,"California, US",0.9858481,50460702
2026-09-13T11:19:18.047504+00:00,vast.ai,marketplace,RTX 5090,2.3000555555555557,1,31.84,199.15927652880367,86.58889827585,125.44,1586.0,"Massachusetts, US",0.9981698,36318699
2026-09-13T11:19:18.047504+00:00,vast.ai,marketplace,RTX PRO 6000 WS,2.3342592592592593,1,95.59,283.2876593787593,121.36083781398654,124.97,5346.736439722875,"Texas, US",0.9715058,50792209
2026-09-13T11:19:18.047504+00:00,vast.ai,marketplace,RTX PRO 6000 WS,2.334351851851852,1,95.59,283.4240106516768,121.41443477204827,188.19,5448.947881227064,"Texas, US",0.9983974,50685912
2026-09-13T11:19:18.047504+00:00,vast.ai,marketplace,H100 PCIE,2.401388888888889,1,79.65,255.85894566113413,106.5462353244746,188.94,393.125,"United Arab Emirates, AE",0.9652807,50164249
2026-09-13T11:19:18.047504+00:00,vast.ai,marketplace,H100 PCIE,2.5347222222222223,1,79.65,255.86474379140296,100.9438989204439,188.94,240.07254372371884,"United Arab Emirates, AE",0.9961378,46096710
2026-09-13T11:19:18.047504+00:00,vast.ai,marketplace,H100 NVL,2.5880555555555556,1,93.58,347.7269449400262,134.35837735151813,314.69,309.4,"Ireland, IE",0.9866051,50878077
2026-09-13T11:19:18.047504+00:00,vast.ai,marketplace,RTX PRO 6000 WS,2.6008333333333336,1,95.59,283.5019247459527,109.00426456108401,251.04,13088.136439722875,"Texas, US",0.9881246,50807324
2026-09-13T11:19:18.047504+00:00,vast.ai,marketplace,H100 NVL,2.601388888888889,1,93.58,377.34569022379844,145.05547088154557,181.07,2632.6380281301995,"Bulgaria, BG",0.9956012,24548917
2026-09-13T11:19:18.047504+00:00,vast.ai,marketplace,H100 PCIE,2.614259259259259,1,79.65,256.15994531006686,97.98567009097975,62.84,529.7438127599528,"Czechia, CZ",0.986678,50491381
2026-09-13T11:19:18.047504+00:00,vast.ai,marketplace,RTX 5090,2.6671851851851853,1,31.84,191.51246581152512,71.80321294347179,62.71,955.0,"Florida, US",0.9970944,40820521
2026-09-13T11:19:18.047504+00:00,vast.ai,marketplace,RTX 3090,2.6680555555555556,1,24.0,44.37127125398425,16.63056496765677,62.72,1186.0,"Italy, IT",0.979332,50732956
2026-09-13T11:19:18.047504+00:00,vast.ai,marketplace,RTX 4090,2.6680555555555556,1,23.99,97.54718447457876,36.56115191134654,30.97,1200.0,"Italy, IT",0.9831823,49957627
2026-09-13T11:19:18.047504+00:00,vast.ai,marketplace,RTX 4090,2.6689814814814814,1,23.99,97.22664564941427,36.42837026933822,100.75,451.90000000000003,"Finland, FI",0.9921853,32539113
2026-09-13T11:19:18.047504+00:00,vast.ai,marketplace,RTX 5090,2.6689814814814814,1,31.84,199.56003386154754,74.770108090363,251.29,2641.7,"Norway, NO",0.895724,50750977
2026-09-13T11:19:18.047504+00:00,vast.ai,marketplace,RTX 5090,2.6694444444444443,1,31.84,199.44313499375042,74.7133492172218,125.64,2421.0,"Italy, IT",0.9588747,47802004
2026-09-13T11:19:18.047504+00:00,vast.ai,marketplace,H100 PCIE,2.8013888888888894,1,79.65,255.4539864131427,91.18833426745796,188.94,227.25,"United Arab Emirates, AE",0.9899182,48203970
2026-09-13T11:19:18.047504+00:00,vast.ai,marketplace,H100 NVL,2.802777777777778,1,93.58,377.44534563492033,134.66830964179516,188.62,2372.5,"Romania, RO",0.9950764,48393944
2026-09-13T11:19:18.047504+00:00,vast.ai,marketplace,H100 NVL,2.814722222222222,1,93.58,347.83770033268877,123.57798492032761,314.69,366.7,"Germany, DE",0.9652773,50878168
2026-09-13T11:19:18.047504+00:00,vast.ai,marketplace,RTX PRO 6000 WS,2.9351851851851856,1,95.59,283.5798381724142,96.61395117545972,251.49,1219.8,"New Jersey, US",0.9045714,50792644
2026-09-13T11:19:18.047504+00:00,vast.ai,marketplace,H100 SXM,3.0179444444444443,1,79.65,343.518400431904,113.8252896153429,125.94,1345.719651711241,"Czechia, CZ",0.9833515,49793508
2026-09-13T11:19:18.047504+00:00,vast.ai,marketplace,H100 PCIE,3.0680555555555555,1,79.65,255.9458777258601,83.42283022300556,188.94,585.8499999999996,"United Arab Emirates, AE",0.9923119,47690712
2026-09-13T11:19:18.047504+00:00,vast.ai,marketplace,H100 NVL,3.0707407407407405,1,93.58,377.42874480565695,122.91130273492628,188.94,578.375,"Czechia, CZ",0.9962827,31183493
2026-09-13T11:19:18.047504+00:00,vast.ai,marketplace,H100 PCIE,3.3347222222222226,1,79.65,255.9169098655585,76.74309666938863,188.94,322.375,"United Arab Emirates, AE",0.993539,48204006
2026-09-13T11:19:18.047504+00:00,vast.ai,marketplace,H200 NVL,3.601388888888889,1,140.4,429.28667443284587,119.20031067938642,181.06,152.0,"Bulgaria, BG",0.8868072,44335863
2026-09-13T11:19:18.047504+00:00,vast.ai,marketplace,RTX 4090,3.6837037037037033,1,23.99,97.04783583155114,26.34517964459965,108.06,684.0,"California, US",0.997666,50784348
2026-09-13T11:19:18.047504+00:00,vast.ai,marketplace,H200 NVL,3.734722222222222,1,140.4,453.0463028748508,121.3065593417228,503.75,458.5,"Japan, JP",0.9967935,45172707
2026-09-13T11:19:18.047504+00:00,vast.ai,marketplace,H200 NVL,3.7880555555555553,1,140.4,371.8337274112676,98.15952325882257,214.36,124.28571428571428,"Mississippi, US",0.9839038,50176552
2026-09-13T11:19:18.047504+00:00,vast.ai,marketplace,H200 NVL,3.806944444444445,1,140.4,432.2424708404066,113.54052499273722,251.73,2481.0,"Washington, US",0.9835034,50451798
2026-09-13T11:19:18.047504+00:00,vast.ai,marketplace,H200 NVL,3.8680555555555562,1,140.4,452.5720229589275,117.00246194988429,503.75,636.5,"Japan, JP",0.995111,47379025
2026-09-13T11:19:18.047504+00:00,vast.ai,marketplace,H200 NVL,3.9669444444444455,1,140.4,428.36183332639513,107.98281632763967,125.76,708.0,"Washington, US",0.9969796,48497455
2026-09-13T11:19:18.047504+00:00,vast.ai,marketplace,H200,3.9755116959064325,1,140.4,493.6452902984576,124.17150999876621,377.93,2291.838318765025,"Saudi Arabia, SA",0.9985625,40323384
2026-09-13T11:19:18.047504+00:00,vast.ai,marketplace,H200 NVL,3.997611111111111,1,140.4,453.43070717899724,113.4254169743312,188.39,519.5,"Texas, US",0.989339,49880235
2026-09-13T11:19:18.047504+00:00,vast.ai,marketplace,H200 NVL,4.001388888888889,1,140.4,452.91150974453114,113.18857584729692,503.75,989.0,"Japan, JP",0.993233,48217155
2026-09-13T11:19:18.047504+00:00,vast.ai,marketplace,RTX 5090,4.001388888888889,1,31.84,199.01399354299608,49.736228861838654,62.74,949.5,"Finland, FI",0.997217,45887695
2026-09-13T11:19:18.047504+00:00,vast.ai,marketplace,RTX 5090,4.002314814814815,1,31.84,199.25775989076885,49.78562884488846,47.15,822.8333333333333,"Finland, FI",0.8616103,45727096
2026-09-13T11:19:18.047504+00:00,vast.ai,marketplace,H200 NVL,4.006944444444445,1,140.4,436.8379764165018,109.020222883841,125.77,1281.5,"Washington, US",0.9967906,44499509
2026-09-13T11:19:18.047504+00:00,vast.ai,marketplace,RTX 6000Ada,4.057037037037037,1,47.99,113.20858583551097,27.904252488212492,117.9,712.0,"California, US",0.9974105,50035529
2026-09-13T11:19:18.047504+00:00,vast.ai,marketplace,RTX 6000Ada,4.057037037037037,1,47.99,113.14194040285908,27.88782536860686,117.9,561.0,"California, US",0.9978733,49874420
2026-09-13T11:19:18.047504+00:00,vast.ai,marketplace,H100 SXM,4.546944444444445,1,79.65,334.56915732826053,73.58109636396468,221.33,941.5,", US",0.9987103,36551369
2026-09-13T11:19:18.047504+00:00,vast.ai,marketplace,H200 NVL,5.124537037037038,1,140.4,452.8456034767395,88.36810041645651,251.93,1526.25,"Czechia, CZ",0.9977312,21829058
2026-09-13T11:19:18.047504+00:00,vast.ai,marketplace,B200,5.313802083333333,1,179.06,680.5400429282176,128.07026536850555,249.5,2529.7794553542512,"Oregon, US",0.9991093,47561365
2026-09-13T11:19:18.047504+00:00,vast.ai,marketplace,RTX 5090,5.334722222222222,1,31.84,199.36390402872362,37.370999974142414,125.76,1513.5,"Washington, US",0.9914318,49604937
2026-09-13T11:19:18.047504+00:00,vast.ai,marketplace,H100 SXM,5.434722222222223,1,79.65,313.39134039266213,57.66464735055372,221.46,2262.5,", US",0.9970844,46368147
2026-09-13T11:19:18.047504+00:00,vast.ai,marketplace,RTX 5090,6.654722222222222,1,31.84,199.21864497077152,29.936432854480003,125.35,970.0,"India, IN",0.9943314,46501335
2026-09-13T11:19:18.047504+00:00,vast.ai,marketplace,RTX PRO 6000 Max-Q,6.668981481481482,1,95.59,282.70736042972584,42.39138483361387,335.9,1676.1,"Australia, AU",0.9668914,49402018
2026-09-13T11:19:18.047504+00:00,vast.ai,marketplace,H100 SXM,6.671388888888889,1,79.65,323.82098763015097,48.538766518238894,110.19,1109.25,"Czechia, CZ",0.9878396,41555531
2026-09-13T11:19:18.047504+00:00,vast.ai,marketplace,B200,7.1793402777777775,1,179.06,509.8529617310624,71.01668704981306,354.07,1838.0,"Virginia, US",0.9864236,48796642
2026-09-13T11:19:18.047504+00:00,vast.ai,marketplace,RTX 5090,7.510370370370371,1,31.84,199.08658870853546,26.5082251461212,108.05,1767.2,"California, US",0.9913781,49542474
2026-09-13T11:19:18.047504+00:00,vast.ai,marketplace,B200,7.751302083333333,1,179.06,556.0537176732471,71.73681424039204,377.94,247.125,", US",0.9804136,46064166
2026-09-13T11:19:18.047504+00:00,vast.ai,marketplace,B200,8.131510416666666,1,179.06,677.705901834059,83.34317575797556,249.5,151.3036501150824,"Ohio, US",0.9852036,50838889
2026-09-13T11:19:18.047504+00:00,vast.ai,marketplace,B200,8.756510416666666,1,179.06,695.4116351234017,79.41652576576543,249.5,2364.304904299074,", US",0.9892702,50002681
2026-09-13T11:19:18.047504+00:00,vast.ai,marketplace,B300,9.376302083333334,1,268.59,532.4070900030131,56.782203183212616,251.92,983.2349312164638,"Croatia, HR",0.9865797,50463083
2026-09-13T11:19:18.047504+00:00,vast.ai,marketplace,RTX 4090,26.668055555555558,1,23.99,97.04783583155114,3.6391043070005114,62.57,3298.5,"Ohio, US",0.9132139,50822405
2026-09-13T11:19:18.047504+00:00,vast.ai,marketplace,RTX 5090,53.33435185185186,1,31.84,199.08658870853546,3.7328022521309188,60.44,3171.0,"Ukraine, UA",0.9979006,46363452
