collected_at,provider,tier,gpu_model,price_usd_per_hr,num_gpus,gpu_ram_gb,dlperf,dlperf_per_dollar,cpu_ram_gb,disk_space_gb,region,reliability,offer_id
2026-10-01T12:41:53.763505+00:00,vast.ai,marketplace,Quadro P2000,0.02851851851851852,1,5.0,1.0171750419999999,35.687175042,6.83,23.8375,"Nevada, US",0.9946725,49574216
2026-10-01T12:41:53.763505+00:00,vast.ai,marketplace,GTX 1070,0.04805555555555556,1,8.0,2.597175042,54.045175042000004,8.96,154.0686213985358,"South Korea, KR",0.9921345,48484315
2026-10-01T12:41:53.763505+00:00,vast.ai,marketplace,GTX 1070,0.04805555555555556,1,8.0,2.497175042,51.978175042000004,8.96,59.57142857142857,"South Korea, KR",0.9936809,47060240
2026-10-01T12:41:53.763505+00:00,vast.ai,marketplace,Titan Xp,0.04805555555555556,1,12.0,5.757175042,119.808175042,8.96,92.14489795918367,"South Korea, KR",0.9946072,48455482
2026-10-01T12:41:53.763505+00:00,vast.ai,marketplace,Titan Xp,0.04805555555555556,1,12.0,5.757175042,119.808175042,8.96,77.99786957873341,"South Korea, KR",0.9949399,32784737
2026-10-01T12:41:53.763505+00:00,vast.ai,marketplace,GTX TITAN X,0.04805555555555556,1,12.0,3.355175042,69.816175042,5.8,76.0,"South Korea, KR",0.9967536,51832530
2026-10-01T12:41:53.763505+00:00,vast.ai,marketplace,GTX 1070,0.049388888888888885,1,8.0,2.662175042,53.910175042,7.82,64.51169252334233,"South Korea, KR",0.9957406,50595371
2026-10-01T12:41:53.763505+00:00,vast.ai,marketplace,GTX 1070,0.049388888888888885,1,8.0,2.497175042,50.575175042000005,7.78,177.15,"South Korea, KR",0.9979266,50037971
2026-10-01T12:41:53.763505+00:00,vast.ai,marketplace,GTX 1070,0.049388888888888885,1,8.0,2.612175042,52.904175042000006,15.61,149.2,"South Korea, KR",0.9977335,47671684
2026-10-01T12:41:53.763505+00:00,vast.ai,marketplace,GTX 1070,0.050722222222222224,1,8.0,2.497175042,49.246175042000004,15.62,177.0,"South Korea, KR",0.988197,50850384
2026-10-01T12:41:53.763505+00:00,vast.ai,marketplace,RTX A2000,0.05159259259259259,1,11.99,10.931175042,211.87317504199999,15.63,218.0,"Poland, PL",0.9975511,45604333
2026-10-01T12:41:53.763505+00:00,vast.ai,marketplace,Quadro P4000,0.05344444444444444,1,8.0,2.083175042,38.987175042000004,31.44,229.29999999999998,"Nevada, US",0.996183,48453750
2026-10-01T12:41:53.763505+00:00,vast.ai,marketplace,Quadro P4000,0.054259259259259264,1,8.0,2.083175042,38.402175042,15.6,342.85,"Missouri, US",0.9966211,45958967
2026-10-01T12:41:53.763505+00:00,vast.ai,marketplace,GTX 1080,0.05472222222222223,1,8.0,3.330175042,60.861175042,10.46,223.0,"South Korea, KR",0.9964905,50870179
2026-10-01T12:41:53.763505+00:00,vast.ai,marketplace,GTX 1080,0.05472222222222223,1,8.0,3.330175042,60.861175042,31.18,137.3,"South Korea, KR",0.9921873,51265304
2026-10-01T12:41:53.763505+00:00,vast.ai,marketplace,GTX 1080,0.05472222222222223,1,8.0,3.330175042,60.861175042,15.54,145.0,"South Korea, KR",0.9980932,52708889
2026-10-01T12:41:53.763505+00:00,vast.ai,marketplace,GTX 1080,0.05472222222222223,1,8.0,3.351175042,61.243175042000004,15.52,163.8,"South Korea, KR",0.9929773,52708846
2026-10-01T12:41:53.763505+00:00,vast.ai,marketplace,Titan Xp,0.05472222222222223,1,12.0,5.757175042,105.212175042,10.45,244.1785550132284,"South Korea, KR",0.9931811,48369192
2026-10-01T12:41:53.763505+00:00,vast.ai,marketplace,Titan Xp,0.05472222222222223,1,12.0,5.757175042,105.212175042,10.46,248.38955934012398,"South Korea, KR",0.9943331,48474943
2026-10-01T12:41:53.763505+00:00,vast.ai,marketplace,Titan Xp,0.05472222222222223,1,12.0,5.757175042,105.212175042,10.45,258.15,"South Korea, KR",0.995104,48453501
2026-10-01T12:41:53.763505+00:00,vast.ai,marketplace,GTX TITAN X,0.05472222222222223,1,12.0,3.355175042,61.310175042000004,15.51,164.0,"South Korea, KR",0.96771,52856971
2026-10-01T12:41:53.763505+00:00,vast.ai,marketplace,GTX TITAN X,0.05472222222222223,1,12.0,3.355175042,61.310175042000004,7.76,134.75,"South Korea, KR",0.9911307,45748277
2026-10-01T12:41:53.763505+00:00,vast.ai,marketplace,RTX 3060,0.05472222222222223,1,12.0,12.551175042,229.362175042,20.96,27.066666666666652,"Quebec, CA",0.9992866,53646390
2026-10-01T12:41:53.763505+00:00,vast.ai,marketplace,RTX 3060,0.05472222222222223,1,12.0,12.335175042000001,225.422175042,20.96,75.54196867799729,"Quebec, CA",0.9992886,35849289
2026-10-01T12:41:53.763505+00:00,vast.ai,marketplace,RTX 3060,0.05472222222222223,1,12.0,12.317175042,225.094175042,31.41,320.0,"Jiangsu, CN",0.9882453,53275854
2026-10-01T12:41:53.763505+00:00,vast.ai,marketplace,RTX 3060 Ti,0.05472222222222223,1,8.0,12.521175042000001,228.81317504199998,7.76,49.0,"South Korea, KR",0.9954268,49263537
2026-10-01T12:41:53.763505+00:00,vast.ai,marketplace,RTX 3060,0.05611111111111111,1,12.0,12.477175042,222.366175042,31.42,342.75,"New Brunswick, CA",0.9984784,48529481
2026-10-01T12:41:53.763505+00:00,vast.ai,marketplace,GTX 1660 S,0.05738888888888889,1,6.0,1.712175042,29.833175041999997,15.61,109.73116812518802,"Vietnam, VN",0.9899741,18613675
2026-10-01T12:41:53.763505+00:00,vast.ai,marketplace,RTX 3060,0.05935185185185186,1,12.0,12.407175042,209.042175042,23.56,418.4455134872279,"United States, US",0.9550349,52144469
2026-10-01T12:41:53.763505+00:00,vast.ai,marketplace,RTX 3060,0.06092592592592593,1,12.0,12.045175042,197.705175042,15.63,107.0,"Poland, PL",0.9985134,45600112
2026-10-01T12:41:53.763505+00:00,vast.ai,marketplace,RTX 3060,0.06092592592592593,1,12.0,12.226175042000001,200.671175042,15.63,334.0,"Poland, PL",0.9992942,45600908
2026-10-01T12:41:53.763505+00:00,vast.ai,marketplace,Quadro P4000,0.061388888888888896,1,8.0,2.083175042,33.942175042,15.46,102.0,"Romania, RO",0.9984742,43521342
2026-10-01T12:41:53.763505+00:00,vast.ai,marketplace,GTX 1080 Ti,0.06405555555555556,1,11.0,5.316175042,82.992175042,15.62,179.0,"South Korea, KR",0.9980923,48302205
2026-10-01T12:41:53.763505+00:00,vast.ai,marketplace,GTX 1080 Ti,0.06405555555555556,1,11.0,5.316175042,82.992175042,15.59,168.0,"South Korea, KR",0.9976068,50020017
2026-10-01T12:41:53.763505+00:00,vast.ai,marketplace,GTX 1080 Ti,0.06405555555555556,1,11.0,5.212175042,81.373175042,7.73,184.0,"South Korea, KR",0.997359,50029605
2026-10-01T12:41:53.763505+00:00,vast.ai,marketplace,GTX 1080 Ti,0.06405555555555556,1,11.0,5.212175042,81.373175042,7.73,188.0,"South Korea, KR",0.9967,50029569
2026-10-01T12:41:53.763505+00:00,vast.ai,marketplace,RTX 2060S,0.06538888888888889,1,8.0,3.986175042,60.972175042,15.61,101.20000000000005,"Vietnam, VN",0.9935865,47528461
2026-10-01T12:41:53.763505+00:00,vast.ai,marketplace,RTX 3060,0.06672222222222224,1,12.0,9.976175042000001,149.519175042,25.18,106.42352720251516,"Quebec, CA",0.8808985,53641094
2026-10-01T12:41:53.763505+00:00,vast.ai,marketplace,RTX 3060,0.06759259259259259,1,12.0,12.073175042,178.622175042,15.65,139.0,"Romania, RO",0.9984119,42699572
2026-10-01T12:41:53.763505+00:00,vast.ai,marketplace,GTX 1080 Ti,0.06805555555555555,1,11.0,5.348175042,78.595175042,15.64,265.40000000000015,"South Korea, KR",0.9947853,40404576
2026-10-01T12:41:53.763505+00:00,vast.ai,marketplace,Titan Xp,0.06805555555555555,1,12.0,5.390175042,79.200175042,8.96,102.28571428571428,"South Korea, KR",0.9965363,32787365
2026-10-01T12:41:53.763505+00:00,vast.ai,marketplace,RTX 3060,0.06805555555555555,1,12.0,12.553175042000001,184.459175042,15.52,123.0,"South Korea, KR",0.9970504,53594880
2026-10-01T12:41:53.763505+00:00,vast.ai,marketplace,RTX 3060,0.06805555555555555,1,12.0,12.412175042000001,182.386175042,15.61,181.7,"Vietnam, VN",0.9957602,42838303
2026-10-01T12:41:53.763505+00:00,vast.ai,marketplace,RTX 2070,0.06805555555555555,1,8.0,4.1041750420000005,60.306175042,7.77,181.0,"South Korea, KR",0.9947759,49864036
2026-10-01T12:41:53.763505+00:00,vast.ai,marketplace,RTX 2070,0.06805555555555555,1,8.0,4.1041750420000005,60.306175042,7.82,407.85,"South Korea, KR",0.9797334,50701339
2026-10-01T12:41:53.763505+00:00,vast.ai,marketplace,GTX 1080 Ti,0.06833333333333333,1,11.0,5.452175042,79.792175042,15.57,118.0,"Spain, ES",0.9912291,50865915
2026-10-01T12:41:53.763505+00:00,vast.ai,marketplace,RTX 3060 laptop,0.06851851851851852,1,12.0,12.782175042,186.561175042,31.32,107.0,"New Zealand, NZ",0.9977767,51288810
2026-10-01T12:41:53.763505+00:00,vast.ai,marketplace,RTX 3070,0.06851851851851852,1,8.0,16.280175042,237.607175042,41.89,245.96666666666664,"Nevada, US",0.9732823,52448185
2026-10-01T12:41:53.763505+00:00,vast.ai,marketplace,RTX 3060,0.06851851851851852,1,12.0,12.311175042,179.686175042,94.32,341.51762837180706,"Ohio, US",0.9751603,53025338
2026-10-01T12:41:53.763505+00:00,vast.ai,marketplace,GTX 1080 Ti,0.06898148148148148,1,11.0,5.212175042,75.563175042,31.28,43.0,"South Korea, KR",0.9978634,40234662
2026-10-01T12:41:53.763505+00:00,vast.ai,marketplace,GTX 1080 Ti,0.06898148148148148,1,11.0,5.212175042,75.563175042,31.28,61.0,"South Korea, KR",0.9978965,52706152
2026-10-01T12:41:53.763505+00:00,vast.ai,marketplace,GTX 1080 Ti,0.06898148148148148,1,11.0,5.384175042000001,78.054175042,31.29,69.0,"South Korea, KR",0.9986152,37709426
2026-10-01T12:41:53.763505+00:00,vast.ai,marketplace,GTX 1660 Ti,0.06944444444444445,1,6.0,2.474175042,35.626175042,31.35,287.2141838065561,"United Kingdom, GB",0.9927197,50291703
2026-10-01T12:41:53.763505+00:00,vast.ai,marketplace,RTX 3060 laptop,0.07118518518518518,1,12.0,12.781175042000001,179.558175042,15.66,159.825,"New Zealand, NZ",0.9989703,52900641
2026-10-01T12:41:53.763505+00:00,vast.ai,marketplace,RTX 3060,0.07425925925925926,1,12.0,12.118175042,163.191175042,20.9,191.66666666666666,"Sweden, SE",0.9977406,45168675
2026-10-01T12:41:53.763505+00:00,vast.ai,marketplace,RTX 3060,0.07472222222222222,1,12.0,12.407175042,166.052175042,10.46,170.66666666666666,"South Korea, KR",0.9961488,51265009
2026-10-01T12:41:53.763505+00:00,vast.ai,marketplace,RTX 3060,0.07472222222222222,1,12.0,11.977175042,160.29517504199998,15.54,127.30000000000001,"South Korea, KR",0.9991714,50870246
2026-10-01T12:41:53.763505+00:00,vast.ai,marketplace,RTX 3060 Ti,0.07472222222222222,1,8.0,12.704175042000001,170.017175042,15.64,69.5,"Romania, RO",0.9920917,53415442
2026-10-01T12:41:53.763505+00:00,vast.ai,marketplace,RTX 3060 laptop,0.07518518518518519,1,12.0,12.782175042,170.018175042,31.32,262.0,"New Zealand, NZ",0.9928581,52544510
2026-10-01T12:41:53.763505+00:00,vast.ai,marketplace,RTX A4000,0.0757037037037037,1,15.99,21.181175042,279.801175042,20.96,1599.5333333333333,"Quebec, CA",0.9147848,53258753
2026-10-01T12:41:53.763505+00:00,vast.ai,marketplace,RTX 4060,0.07611111111111112,1,8.0,15.657175042,205.717175042,15.72,129.25,"Nevada, US",0.9914594,50944071
2026-10-01T12:41:53.763505+00:00,vast.ai,marketplace,RTX 3060 laptop,0.07785185185185185,1,12.0,12.780175042,164.169175042,15.59,292.00970531326215,"New Zealand, NZ",0.998669,52665445
2026-10-01T12:41:53.763505+00:00,vast.ai,marketplace,RTX 3060 laptop,0.07918518518518519,1,12.0,12.782175042,161.430175042,31.35,344.0,"New Zealand, NZ",0.9821217,53559923
2026-10-01T12:41:53.763505+00:00,vast.ai,marketplace,RTX 3060,0.07977777777777778,1,12.0,12.266175042,153.763175042,31.44,598.7358272168261,"Texas, US",0.9884874,49591775
2026-10-01T12:41:53.763505+00:00,vast.ai,marketplace,RTX 3060,0.08002777777777778,1,12.0,12.399175042,154.93817504199998,20.95,173.2000000000001,"Pennsylvania, US",0.7981155,53252581
2026-10-01T12:41:53.763505+00:00,vast.ai,marketplace,RTX 3060,0.08005555555555555,1,12.0,12.264175042,153.203175042,20.97,187.88308915597227,"Thailand, TH",0.9827434,52389471
2026-10-01T12:41:53.763505+00:00,vast.ai,marketplace,RTX 3070,0.08138888888888889,1,8.0,16.274175042,199.964175042,31.32,88.5,"Vietnam, VN",0.9937034,49499650
2026-10-01T12:41:53.763505+00:00,vast.ai,marketplace,RTX 3070,0.08138888888888889,1,8.0,12.077175042,148.393175042,31.26,367.5,"Japan, JP",0.9960251,51773109
2026-10-01T12:41:53.763505+00:00,vast.ai,marketplace,RTX 2060,0.08138888888888889,1,12.0,3.941175042,48.429175042000004,31.24,355.0,"United Kingdom, GB",0.9961939,49577213
2026-10-01T12:41:53.763505+00:00,vast.ai,marketplace,RTX 3060,0.08148148148148149,1,12.0,12.407175042,152.268175042,15.47,133.0,"Mexico, MX",0.9978401,44231627
2026-10-01T12:41:53.763505+00:00,vast.ai,marketplace,RTX 3060,0.08157407407407408,1,12.0,12.477175042,152.95617504199998,31.47,351.86582753041694,"Texas, US",0.9972255,41247434
2026-10-01T12:41:53.763505+00:00,vast.ai,marketplace,RTX A4000,0.08185185185185186,1,15.99,21.191175041999998,258.90117504200003,19.63,144.8,"Ohio, US",0.9796169,47976752
2026-10-01T12:41:53.763505+00:00,vast.ai,marketplace,RTX A4000,0.08185185185185186,1,15.99,21.169175042,258.62717504200003,19.63,92.4,"Ohio, US",0.997015,47976740
2026-10-01T12:41:53.763505+00:00,vast.ai,marketplace,RTX 4060,0.08185185185185186,1,8.0,15.641175042,191.091175042,15.72,32.72500000000001,"Nevada, US",0.995421,49481979
2026-10-01T12:41:53.763505+00:00,vast.ai,marketplace,RTX 3070,0.08277777777777778,1,8.0,16.279175042,196.663175042,23.59,180.15,"Utah, US",0.9986216,50148860
2026-10-01T12:41:53.763505+00:00,vast.ai,marketplace,GTX 1660 Ti,0.08277777777777778,1,6.0,2.544175042,30.741175042,15.54,91.0,"Sweden, SE",0.9979797,47937256
2026-10-01T12:41:53.763505+00:00,vast.ai,marketplace,RTX 3060 Ti,0.08405555555555555,1,8.0,13.775175042,163.889175042,62.94,588.2635150918511,"Sweden, SE",0.9954024,51184866
2026-10-01T12:41:53.763505+00:00,vast.ai,marketplace,RTX 3060,0.08462962962962964,1,12.0,11.934175042,141.017175042,31.35,351.5,"Quebec, CA",0.9971589,53401343
2026-10-01T12:41:53.763505+00:00,vast.ai,marketplace,RTX 3060,0.08462962962962964,1,12.0,12.478175042,147.442175042,62.72,744.0,"Pennsylvania, US",0.9534829,53562531
2026-10-01T12:41:53.763505+00:00,vast.ai,marketplace,RTX 3070,0.08555555555555555,1,8.0,16.262175042,190.080175042,15.54,269.0,"Illinois, US",0.9980828,49013107
2026-10-01T12:41:53.763505+00:00,vast.ai,marketplace,RTX A4000,0.0875925925925926,1,15.99,16.904175042,192.987175042,23.48,344.5,"The Netherlands, NL",0.9989918,36172968
2026-10-01T12:41:53.763505+00:00,vast.ai,marketplace,RTX A4000,0.0875925925925926,1,15.99,20.136175041999998,229.893175042,23.49,333.0,"Poland, PL",0.9964336,45601699
2026-10-01T12:41:53.763505+00:00,vast.ai,marketplace,RTX A4000,0.0875925925925926,1,15.99,21.185175041999997,241.860175042,23.48,371.5,"Poland, PL",0.9989927,50258203
2026-10-01T12:41:53.763505+00:00,vast.ai,marketplace,RTX A4000,0.0875925925925926,1,15.99,20.295175042,231.70617504199998,15.64,329.5,"Poland, PL",0.9992905,45598790
2026-10-01T12:41:53.763505+00:00,vast.ai,marketplace,Q RTX 4000,0.08805555555555555,1,8.0,4.1041750420000005,46.609175042000004,31.26,232.0,"Argentina, AR",0.9929417,37282264
2026-10-01T12:41:53.763505+00:00,vast.ai,marketplace,RTX 4060 Ti,0.08805555555555555,1,8.0,17.715175042,201.18217504199998,15.64,385.4,"Ontario, CA",0.9966296,20389047
2026-10-01T12:41:53.763505+00:00,vast.ai,marketplace,RTX A4000,0.0915925925925926,1,15.99,19.624175041999997,214.256175042,41.93,85.16666666666666,"Japan, JP",0.9888867,50135985
2026-10-01T12:41:53.763505+00:00,vast.ai,marketplace,RTX 2080 Ti,0.09205555555555556,1,22.0,11.045175042,119.991175042,17.97,160.78571428571428,"Thailand, TH",0.9822281,50286290
2026-10-01T12:41:53.763505+00:00,vast.ai,marketplace,RTX 3070,0.09425925925925926,1,8.0,16.280175042,172.720175042,15.6,115.0,"Vietnam, VN",0.9890292,52925175
2026-10-01T12:41:53.763505+00:00,vast.ai,marketplace,RTX 3070,0.09472222222222222,1,8.0,16.021175042,169.14017504199998,31.22,742.9,"France, FR",0.9924398,20155807
2026-10-01T12:41:53.763505+00:00,vast.ai,marketplace,RTX 3080,0.09472222222222222,1,10.0,26.891175041999997,283.89417504200003,30.7,7.0,"Ontario, CA",0.997352,41270924
2026-10-01T12:41:53.763505+00:00,vast.ai,marketplace,RTX 3060 Ti,0.09472222222222222,1,8.0,13.757175042,145.243175042,41.9,268.66666666666663,"Quebec, CA",0.9586383,53459478
2026-10-01T12:41:53.763505+00:00,vast.ai,marketplace,Q RTX 5000,0.09518518518518519,1,16.0,6.974175042000001,73.275175042,31.44,164.5,"New York, US",0.97168,50606624
2026-10-01T12:41:53.763505+00:00,vast.ai,marketplace,Tesla P100,0.09564814814814815,1,16.0,6.489175042,67.848175042,39.01,540.425,"Texas, US",0.9948588,48981926
2026-10-01T12:41:53.763505+00:00,vast.ai,marketplace,RTX 5060,0.09564814814814815,1,7.96,28.442175042,297.36517504200003,20.96,198.56402491898262,"United States, US",0.9914398,50138869
2026-10-01T12:41:53.763505+00:00,vast.ai,marketplace,RTX 5060,0.09746296296296297,1,7.96,27.698175042,284.198175042,31.28,328.0,"Vietnam, VN",0.9914321,49766751
2026-10-01T12:41:53.763505+00:00,vast.ai,marketplace,RTX 4060 Ti,0.09888888888888889,1,16.0,22.529175042,227.821175042,20.96,444.8333333333333,"Japan, JP",0.9759712,51188709
2026-10-01T12:41:53.763505+00:00,vast.ai,marketplace,RTX 4060 Ti,0.09935185185185186,1,16.0,22.529175042,226.760175042,31.47,175.2875,", US",0.9944981,42171798
2026-10-01T12:41:53.763505+00:00,vast.ai,marketplace,RTX 2080 Ti,0.10005555555555555,1,22.0,11.045175042,110.397175042,31.44,146.75,"Thailand, TH",0.9745413,51470053
2026-10-01T12:41:53.763505+00:00,vast.ai,marketplace,RTX A4000,0.10027777777777779,1,15.99,16.182175041999997,161.380175042,31.42,332.4,"Germany, DE",0.9890914,50614342
2026-10-01T12:41:53.763505+00:00,vast.ai,marketplace,RTX 2060,0.105,1,6.0,3.158175042,30.084175042,15.64,146.0,"Poland, PL",0.9953179,51153773
2026-10-01T12:41:53.763505+00:00,vast.ai,marketplace,RTX 3060 Ti,0.10513888888888889,1,8.0,13.981175042,132.981175042,15.52,399.0,"France, FR",0.9945782,53170012
2026-10-01T12:41:53.763505+00:00,vast.ai,marketplace,RTX A4000,0.1063148148148148,1,15.99,21.188175041999997,199.298175042,39.26,278.35,"Estonia, EE",0.9972303,46119326
2026-10-01T12:41:53.763505+00:00,vast.ai,marketplace,Tesla P40,0.10672222222222222,1,24.0,5.879175042,55.087175042000005,62.81,685.5,"Thailand, TH",0.9915172,47185200
2026-10-01T12:41:53.763505+00:00,vast.ai,marketplace,RTX 4060 Ti,0.10680555555555556,1,16.0,22.535175042,210.991175042,23.57,243.32500000000005,"Jiangsu, CN",0.9944506,49517350
2026-10-01T12:41:53.763505+00:00,vast.ai,marketplace,RTX 2060,0.10694444444444445,1,12.0,3.941175042,36.856175042000004,8.96,129.0,"South Korea, KR",0.9960325,35050674
2026-10-01T12:41:53.763505+00:00,vast.ai,marketplace,RTX 3060,0.10712962962962963,1,12.0,12.695175042,118.50517504199999,31.18,575.9000000000001,"Thailand, TH",0.9910117,50460350
2026-10-01T12:41:53.763505+00:00,vast.ai,marketplace,A16,0.1075925925925926,1,15.0,14.784175042000001,137.412175042,31.47,424.075,"Vietnam, VN",0.9973007,46601059
2026-10-01T12:41:53.763505+00:00,vast.ai,marketplace,Quadro P4000,0.10805555555555556,1,8.0,2.083175042,19.283175042,62.73,280.0,"United Kingdom, GB",0.9938018,53524843
2026-10-01T12:41:53.763505+00:00,vast.ai,marketplace,RTX A4000,0.10805555555555556,1,15.99,21.189175042,196.102175042,17.95,358.72796985613587,"Michigan, US",0.9828506,46301459
2026-10-01T12:41:53.763505+00:00,vast.ai,marketplace,Q RTX 4000,0.10805555555555556,1,8.0,4.1041750420000005,37.982175042,62.73,305.0,"United Kingdom, GB",0.9976155,53525058
2026-10-01T12:41:53.763505+00:00,vast.ai,marketplace,RTX 2060,0.10805555555555556,1,12.0,4.026175042,37.259175042,10.46,237.97289267345732,"South Korea, KR",0.9952647,49698944
2026-10-01T12:41:53.763505+00:00,vast.ai,marketplace,RTX 2070S,0.10805555555555556,1,8.0,4.6681750420000006,43.206175042000005,62.71,749.0,"Spain, ES",0.9981598,43384018
2026-10-01T12:41:53.763505+00:00,vast.ai,marketplace,RTX 3080,0.10805555555555556,1,10.0,24.700175041999998,228.589175042,15.58,205.33333333333331,"Utah, US",0.9954544,50102834
2026-10-01T12:41:53.763505+00:00,vast.ai,marketplace,RTX 3080,0.10805555555555556,1,10.0,26.962175042,249.520175042,7.59,124.0,"South Korea, KR",0.9977206,48452986
2026-10-01T12:41:53.763505+00:00,vast.ai,marketplace,RTX 3080,0.10805555555555556,1,10.0,26.962175042,249.520175042,15.46,146.0,"South Korea, KR",0.9716919,52911148
2026-10-01T12:41:53.763505+00:00,vast.ai,marketplace,RTX 3060 Ti,0.10805555555555556,1,8.0,12.761175042,118.10317504199999,15.54,146.0,"Argentina, AR",0.9905839,53606754
2026-10-01T12:41:53.763505+00:00,vast.ai,marketplace,RTX 4060 Ti,0.10851851851851853,1,16.0,18.773175042,172.995175042,20.88,200.33333333333331,"Ohio, US",0.9743229,51630299
2026-10-01T12:41:53.763505+00:00,vast.ai,marketplace,RTX A4000,0.10898148148148148,1,15.99,21.183175042,194.377175042,47.22,352.3375,"Estonia, EE",0.9866787,51587987
2026-10-01T12:41:53.763505+00:00,vast.ai,marketplace,RTX 3060,0.10898148148148148,1,12.0,12.407175042,113.852175042,62.82,746.5,"Norway, NO",0.9984759,34538917
2026-10-01T12:41:53.763505+00:00,vast.ai,marketplace,RTX 3060,0.10898148148148148,1,12.0,12.263175042,112.53217504199999,31.46,165.12500000000003,"Norway, NO",0.9984457,13388143
2026-10-01T12:41:53.763505+00:00,vast.ai,marketplace,RTX 3060,0.10898148148148148,1,12.0,12.469175042,114.418175042,31.46,168.8625,"Norway, NO",0.9911302,51941431
2026-10-01T12:41:53.763505+00:00,vast.ai,marketplace,RTX A2000,0.10898148148148148,1,5.99,8.576175042000001,78.697175042,62.89,662.0,"Norway, NO",0.9968818,29318075
2026-10-01T12:41:53.763505+00:00,vast.ai,marketplace,RTX A4000,0.10944444444444446,1,15.99,21.191175041999998,193.62817504199998,31.29,773.5,"Spain, ES",0.9975816,44716854
2026-10-01T12:41:53.763505+00:00,vast.ai,marketplace,RTX A4000,0.11251851851851853,1,15.99,21.191175041999998,188.338175042,31.24,1509.5,"Michigan, US",0.9975713,41839112
2026-10-01T12:41:53.763505+00:00,vast.ai,marketplace,RTX 4060 Ti,0.11252600192592592,1,16.0,22.572175041999998,200.597175042,23.57,146.375,"California, US",0.9596497,52442701
2026-10-01T12:41:53.763505+00:00,vast.ai,marketplace,RTX 4070S,0.1126851851851852,1,11.99,34.793175042,308.767175042,11.78,163.0,"United States, US",0.9937119,42643517
2026-10-01T12:41:53.763505+00:00,vast.ai,marketplace,RTX 4060 Ti,0.11472222222222223,1,16.0,22.516175041999997,196.273175042,62.82,1541.5,"Vietnam, VN",0.9889797,45031679
2026-10-01T12:41:53.763505+00:00,vast.ai,marketplace,RTX 3060 Ti,0.115,1,8.0,11.274175042,98.042175042,7.61,266.0,"Spain, ES",0.9950681,46485962
2026-10-01T12:41:53.763505+00:00,vast.ai,marketplace,RTX 4070 laptop,0.11551481481481482,1,8.0,15.773175042,136.55117504199998,30.64,132.0,"Romania, RO",0.9525218,53477141
2026-10-01T12:41:53.763505+00:00,vast.ai,marketplace,RTX 3060 laptop,0.11785185185185186,1,12.0,12.782175042,108.465175042,15.59,320.85,"New Zealand, NZ",0.995874,51286013
2026-10-01T12:41:53.763505+00:00,vast.ai,marketplace,RTX 4060 Ti,0.1212962962962963,1,16.0,22.679175041999997,186.97417504199998,31.45,108.60000000000001,"Quebec, CA",0.999084,53654078
2026-10-01T12:41:53.763505+00:00,vast.ai,marketplace,RTX A4000,0.1213888888888889,1,15.99,21.191175041999998,174.576175042,18.17,111.375,"Delaware, US",0.9994973,46653919
2026-10-01T12:41:53.763505+00:00,vast.ai,marketplace,RTX A4000,0.1213888888888889,1,15.99,21.191175041999998,174.576175042,15.66,160.25468664192783,"Utah, US",0.99013,50591544
2026-10-01T12:41:53.763505+00:00,vast.ai,marketplace,RTX 5060 Ti,0.1213888888888889,1,7.96,30.071175042,247.726175042,31.32,294.5,"South Korea, KR",0.9981214,51283023
2026-10-01T12:41:53.763505+00:00,vast.ai,marketplace,RTX 5060 Ti,0.1213888888888889,1,15.93,38.375175042,316.140175042,23.45,71.70000000000007,"Vietnam, VN",0.9941288,31603460
2026-10-01T12:41:53.763505+00:00,vast.ai,marketplace,RTX 5060 Ti,0.1213888888888889,1,15.93,38.565175042,317.702175042,31.27,580.0,"South Korea, KR",0.9785539,51282982
2026-10-01T12:41:53.763505+00:00,vast.ai,marketplace,RTX 3070,0.12175925925925928,1,8.0,16.278175041999997,133.692175042,31.15,269.0,"Brazil, BR",0.9959885,41360120
2026-10-01T12:41:53.763505+00:00,vast.ai,marketplace,RTX 5060 Ti,0.12178148148148146,1,15.93,38.375175042,315.121175042,15.55,672.0,"Romania, RO",0.965328,53552432
2026-10-01T12:41:53.763505+00:00,vast.ai,marketplace,RTX A4000,0.12231481481481482,1,15.99,21.185175041999997,173.202175042,62.96,708.6375,"Estonia, EE",0.9917684,50747395
2026-10-01T12:41:53.763505+00:00,vast.ai,marketplace,RTX 3070 Ti,0.12231481481481482,1,8.0,18.313175041999997,149.725175042,31.41,341.0133556087871,"Norway, NO",0.9973867,36538844
2026-10-01T12:41:53.763505+00:00,vast.ai,marketplace,RTX A4500,0.12405555555555553,1,19.99,20.567175042,165.791175042,41.88,157.66666666666666,"Czechia, CZ",0.9912663,53439851
2026-10-01T12:41:53.763505+00:00,vast.ai,marketplace,RTX 5060 Ti,0.12462962962962965,1,15.93,38.403175042,308.13917504200003,31.42,147.25,"France, FR",0.9929335,53680248
2026-10-01T12:41:53.763505+00:00,vast.ai,marketplace,RTX 3080 Ti,0.12538888888888888,1,12.0,34.149175042,272.35017504200005,37.72,236.72,"Quebec, CA",0.9992715,53120053
2026-10-01T12:41:53.763505+00:00,vast.ai,marketplace,RTX 5060 Ti,0.12625925925925927,1,15.93,38.887175042,307.99717504200004,15.7,298.7080480434769,"British Columbia, CA",0.9857921,46481726
2026-10-01T12:41:53.763505+00:00,vast.ai,marketplace,RTX 3080 Ti,0.12672222222222224,1,12.0,26.466175042,208.85517504199998,31.44,26.724999999999994,"Quebec, CA",0.9925552,53646361
2026-10-01T12:41:53.763505+00:00,vast.ai,marketplace,RTX 5060 Ti,0.12685185185185183,1,7.96,12.127175042000001,95.605175042,7.7,163.5,"Virginia, US",0.9983861,40636088
2026-10-01T12:41:53.763505+00:00,vast.ai,marketplace,RTX 3060,0.12694444444444444,1,12.0,12.273175042,96.68417504199999,31.35,365.0,"Norway, NO",0.9934224,51632228
2026-10-01T12:41:53.763505+00:00,vast.ai,marketplace,RTX 5060 Ti,0.12898148148148147,1,7.96,30.108175042,233.434175042,31.4,212.33333333333331,"Virginia, US",0.9971373,52258484
2026-10-01T12:41:53.763505+00:00,vast.ai,marketplace,RTX 5060 Ti,0.13325555555555554,1,15.93,38.355175042,287.83317504200005,31.3,367.6066778043936,"Thailand, TH",0.9909924,50914650
2026-10-01T12:41:53.763505+00:00,vast.ai,marketplace,RTX 3080 Ti,0.13398148148148148,1,12.0,32.906175042,245.601175042,11.7,75.9,"Poland, PL",0.9936106,51796614
2026-10-01T12:41:53.763505+00:00,vast.ai,marketplace,RTX A4000,0.13425925925925924,1,15.99,21.189175042,157.828175042,62.85,314.5,"France, FR",0.997583,49299793
2026-10-01T12:41:53.763505+00:00,vast.ai,marketplace,RTX 3060,0.13425925925925924,1,12.0,12.407175042,92.41617504199999,31.18,1547.0,"South Korea, KR",0.9897801,50564535
2026-10-01T12:41:53.763505+00:00,vast.ai,marketplace,RTX 4060,0.13472222222222222,1,8.0,15.942175042,118.333175042,31.18,667.0,"Mexico, MX",0.9958059,40179084
2026-10-01T12:41:53.763505+00:00,vast.ai,marketplace,RTX 3060,0.13472222222222222,1,12.0,12.336175042,91.571175042,110.06,130.0,"Massachusetts, US",0.9784922,50113631
2026-10-01T12:41:53.763505+00:00,vast.ai,marketplace,RTX 4060 Ti,0.13472222222222222,1,8.0,17.532175042,130.135175042,62.69,282.0,"Kentucky, US",0.9964401,13544719
2026-10-01T12:41:53.763505+00:00,vast.ai,marketplace,RTX 3080,0.13472222222222222,1,10.0,24.093175042,178.841175042,15.53,109.0,"Austria, AT",0.9856224,51618923
2026-10-01T12:41:53.763505+00:00,vast.ai,marketplace,RTX 4060 Ti,0.13472222222222222,1,16.0,22.516175041999997,167.136175042,31.25,279.0,"Kentucky, US",0.9892449,48221812
2026-10-01T12:41:53.763505+00:00,vast.ai,marketplace,RTX 4060 Ti,0.13472222222222222,1,16.0,22.633175041999998,167.99817504199999,31.18,329.0,"Kentucky, US",0.9930266,37529335
2026-10-01T12:41:53.763505+00:00,vast.ai,marketplace,RTX 5060 Ti,0.13472222222222222,1,15.93,38.503175042,285.801175042,62.88,332.5,"Malaysia, MY",0.995826,48597476
2026-10-01T12:41:53.763505+00:00,vast.ai,marketplace,RTX 5060 Ti,0.13472222222222222,1,15.93,38.403175042,285.05517504200003,15.49,134.0,"Quebec, CA",0.9645263,52847910
2026-10-01T12:41:53.763505+00:00,vast.ai,marketplace,RTX 5060 Ti,0.13472222222222222,1,15.93,38.307175042000004,284.34517504200005,62.96,280.625,"Malaysia, MY",0.995755,48591581
2026-10-01T12:41:53.763505+00:00,vast.ai,marketplace,RTX 4070,0.13518518518518519,1,11.99,34.137175042,252.523175042,31.42,397.75,"Alberta, CA",0.99654,45498590
2026-10-01T12:41:53.763505+00:00,vast.ai,marketplace,RTX 5060 Ti,0.13537037037037036,1,15.93,38.382175042,283.539175042,31.47,330.75,"Denmark, DK",0.9955273,51938814
2026-10-01T12:41:53.763505+00:00,vast.ai,marketplace,RTX 5060 Ti,0.13537037037037036,1,15.93,38.382175042,283.539175042,21.98,209.8,"Denmark, DK",0.9985678,51938792
2026-10-01T12:41:53.763505+00:00,vast.ai,marketplace,RTX 3070,0.13564814814814816,1,8.0,16.410175042,120.97817504199999,62.89,351.4549985496959,"Norway, NO",0.9980592,16581606
2026-10-01T12:41:53.763505+00:00,vast.ai,marketplace,RTX 4070,0.1361111111111111,1,11.99,20.163175042,148.14017504199998,20.96,103.65833333333337,"Washington, US",0.9993085,16213981
2026-10-01T12:41:53.763505+00:00,vast.ai,marketplace,RTX 5060 Ti,0.13703703703703704,1,15.93,38.300175042,279.49217504200004,31.17,722.0,"Spain, ES",0.998174,50053533
2026-10-01T12:41:53.763505+00:00,vast.ai,marketplace,RTX 3060,0.13804444444444444,1,12.0,12.266175042,88.85617504199999,125.88,699.25,"Texas, US",0.9935211,50441954
2026-10-01T12:41:53.763505+00:00,vast.ai,marketplace,RTX 3070,0.13828622222222223,1,8.0,13.116175042,94.851175042,20.93,84.33333333333334,"Oklahoma, US",0.9899383,53049417
2026-10-01T12:41:53.763505+00:00,vast.ai,marketplace,RTX 3090,0.13935185185185184,1,24.0,44.602175042,320.07417504200004,31.44,130.3874437371749,"United States, US",0.972083,53644725
2026-10-01T12:41:53.763505+00:00,vast.ai,marketplace,RTX 3080 Ti,0.1413888888888889,1,12.0,33.935175042000004,240.01517504199998,15.61,361.5,"Quebec, CA",0.9832739,38607428
2026-10-01T12:41:53.763505+00:00,vast.ai,marketplace,RTX 5060 Ti,0.1413888888888889,1,15.93,38.369175042,271.373175042,31.44,73.625,"Poland, PL",0.9809123,51539910
2026-10-01T12:41:53.763505+00:00,vast.ai,marketplace,RTX 3080,0.14185185185185187,1,10.0,20.156175041999997,142.098175042,10.4,159.33333333333331,"Spain, ES",0.9876836,50715181
2026-10-01T12:41:53.763505+00:00,vast.ai,marketplace,RTX 3090,0.14585185185185184,1,24.0,44.639175042000005,306.058175042,41.93,124.5,"Czechia, CZ",0.9873857,20017834
2026-10-01T12:41:53.763505+00:00,vast.ai,marketplace,RTX 5070,0.14777777777777779,1,11.94,50.144175042,339.32417504200004,15.58,366.10017877350293,"Missouri, US",0.9830627,51236535
2026-10-01T12:41:53.763505+00:00,vast.ai,marketplace,RTX 5060 Ti,0.14782407407407408,1,15.93,38.375175042,259.60517504200004,23.38,455.0,"New Jersey, US",0.9929966,53274772
2026-10-01T12:41:53.763505+00:00,vast.ai,marketplace,RTX 5060 Ti,0.14782407407407408,1,15.93,38.382175042,259.65117504200003,31.25,671.0,"New Jersey, US",0.9976883,45234936
2026-10-01T12:41:53.763505+00:00,vast.ai,marketplace,RTX 3090,0.14805555555555555,1,24.0,44.294175042,299.171175042,41.83,350.66666666666663,"Ukraine, UA",0.9647767,41833649
2026-10-01T12:41:53.763505+00:00,vast.ai,marketplace,Tesla T4,0.14805555555555555,1,15.0,4.302175042,29.059175042,15.41,149.0,"Ireland, IE",0.9565522,52633602
2026-10-01T12:41:53.763505+00:00,vast.ai,marketplace,RTX 3080,0.14805555555555555,1,10.0,25.828175041999998,174.453175042,15.57,312.0,"Austria, AT",0.9967821,52953027
2026-10-01T12:41:53.763505+00:00,vast.ai,marketplace,RTX 3080,0.14805555555555555,1,10.0,26.926175041999997,181.865175042,15.58,402.0,"Austria, AT",0.9804344,52079145
2026-10-01T12:41:53.763505+00:00,vast.ai,marketplace,RTX 3060 Ti,0.14805555555555555,1,8.0,13.932175042,94.10617504199999,94.31,122.0,"Massachusetts, US",0.991106,47798927
2026-10-01T12:41:53.763505+00:00,vast.ai,marketplace,RTX 3060 Ti,0.14805555555555555,1,8.0,13.782175042,93.092175042,94.31,133.5,"Massachusetts, US",0.9722237,51361325
2026-10-01T12:41:53.763505+00:00,vast.ai,marketplace,RTX 4060 Ti,0.14805555555555555,1,16.0,22.572175041999998,152.459175042,125.96,601.5,"United Kingdom, GB",0.9956011,45635655
2026-10-01T12:41:53.763505+00:00,vast.ai,marketplace,RTX 5060 Ti,0.14805555555555555,1,15.93,38.300175042,258.691175042,15.54,707.0,"Florida, US",0.9950519,48952931
2026-10-01T12:41:53.763505+00:00,vast.ai,marketplace,RTX 5060 Ti,0.14805555555555555,1,15.93,38.866175042,262.51417504200003,31.46,333.875,"Connecticut, US",0.9938125,49816743
2026-10-01T12:41:53.763505+00:00,vast.ai,marketplace,RTX 3060,0.14816666666666667,1,12.0,12.506175042,84.411175042,62.86,306.0,"New York, US",0.9980083,52140337
2026-10-01T12:41:53.763505+00:00,vast.ai,marketplace,RTX 4060 Ti,0.14833333333333334,1,16.0,22.541175042,151.96217504199998,31.28,353.0,"Poland, PL",0.9874772,53559810
2026-10-01T12:41:53.763505+00:00,vast.ai,marketplace,Tesla T4,0.14938888888888888,1,15.0,4.302175042,28.800175042,31.42,132.56666666666666,"Czechia, CZ",0.9992911,13080909
2026-10-01T12:41:53.763505+00:00,vast.ai,marketplace,RTX 3080,0.14944444444444444,1,20.0,34.472175042,230.673175042,62.89,740.5,"United States, US",0.9263867,53259696
2026-10-01T12:41:53.763505+00:00,vast.ai,marketplace,RTX 3080,0.15072222222222223,1,10.0,26.961175041999997,178.87917504199999,31.35,641.5,"The Netherlands, NL",0.9846765,52399066
2026-10-01T12:41:53.763505+00:00,vast.ai,marketplace,RTX 3090,0.15268518518518517,1,24.0,44.252175042000005,289.825175042,35.98,178.07857142857142,"Jiangsu, CN",0.9895493,50443918
2026-10-01T12:41:53.763505+00:00,vast.ai,marketplace,RTX 3090,0.15268518518518517,1,24.0,44.347175042,290.45117504200005,31.46,321.2375,"United States, US",0.9923657,51737579
2026-10-01T12:41:53.763505+00:00,vast.ai,marketplace,RTX 5060 Ti,0.15425925925925926,1,15.93,38.437175042,249.174175042,23.53,72.5,"Bulgaria, BG",0.9928435,46881312
2026-10-01T12:41:53.763505+00:00,vast.ai,marketplace,RTX 5070,0.15435185185185188,1,11.94,50.138175042,324.834175042,15.58,665.0,"Missouri, US",0.9949966,44455688
2026-10-01T12:41:53.763505+00:00,vast.ai,marketplace,RTX 4060 Ti,0.15564814814814817,1,16.0,21.564175042,138.54517504199998,31.36,765.5,"Colorado, US",0.9881715,51273176
2026-10-01T12:41:53.763505+00:00,vast.ai,marketplace,RTX 5060 Ti,0.16046296296296297,1,15.93,38.373175042,239.141175042,62.6,1555.5,"Thailand, TH",0.9990799,45887066
2026-10-01T12:41:53.763505+00:00,vast.ai,marketplace,Titan V,0.1613888888888889,1,12.0,21.928175042,135.874175042,15.59,376.0,"South Korea, KR",0.9965989,52709206
2026-10-01T12:41:53.763505+00:00,vast.ai,marketplace,RTX 5070 Ti,0.1613888888888889,1,15.92,54.720175042,339.061175042,15.67,54.5,"South Korea, KR",0.9923742,38692159
2026-10-01T12:41:53.763505+00:00,vast.ai,marketplace,RTX 5070 Ti,0.1613888888888889,1,15.92,52.141175042,323.077175042,15.66,122.75,"South Korea, KR",0.9915617,38751996
2026-10-01T12:41:53.763505+00:00,vast.ai,marketplace,RTX 5060 Ti,0.1613888888888889,1,15.93,38.382175042,237.828175042,30.38,374.25,"Switzerland, CH",0.9957594,53186327
2026-10-01T12:41:53.763505+00:00,vast.ai,marketplace,RTX 5060 Ti,0.1613888888888889,1,15.93,38.416175042,238.03917504199998,47.2,320.20000000000005,"Switzerland, CH",0.9855782,53186413
2026-10-01T12:41:53.763505+00:00,vast.ai,marketplace,RTX 5060 Ti,0.1613888888888889,1,15.93,38.375175042,237.785175042,31.45,343.45,"Switzerland, CH",0.9873914,53186470
2026-10-01T12:41:53.763505+00:00,vast.ai,marketplace,RTX 5060 Ti,0.1613888888888889,1,15.93,38.416175042,238.03917504199998,31.27,633.0,"Connecticut, US",0.9916118,49261793
2026-10-01T12:41:53.763505+00:00,vast.ai,marketplace,RTX 5070,0.1613888888888889,1,11.94,49.940175042,309.44417504200004,125.79,576.0,"Quebec, CA",0.9970146,47751190
2026-10-01T12:41:53.763505+00:00,vast.ai,marketplace,RTX 3060 Ti,0.16231481481481483,1,8.0,13.777175042,84.88317504199999,62.96,358.0,"Norway, NO",0.9884938,53038581
2026-10-01T12:41:53.763505+00:00,vast.ai,marketplace,RTX 4060 Ti,0.16231481481481483,1,16.0,22.468175042,138.42617504199998,62.96,108.0,"Norway, NO",0.9969882,31010992
2026-10-01T12:41:53.763505+00:00,vast.ai,marketplace,RTX 5070,0.16231481481481483,1,11.94,50.167175042000004,309.077175042,31.27,706.0,"Indiana, US",0.9976677,43665007
2026-10-01T12:41:53.763505+00:00,vast.ai,marketplace,RTX 5060 Ti,0.16405555555555554,1,15.93,33.486175042,204.115175042,27.47,214.0,"Taiwan, TW",0.9948541,41702074
2026-10-01T12:41:53.763505+00:00,vast.ai,marketplace,RTX 5060 Ti,0.16462962962962963,1,15.93,38.510175042,233.923175042,31.3,336.5,"Texas, US",0.9940417,52793773
2026-10-01T12:41:53.763505+00:00,vast.ai,marketplace,RTX 5060 Ti,0.16462962962962963,1,15.93,38.665175042,234.860175042,31.32,573.0,"Texas, US",0.9956982,52793694
2026-10-01T12:41:53.763505+00:00,vast.ai,marketplace,RTX 5060 Ti,0.16462962962962963,1,15.93,38.382175042,233.14617504199998,31.26,695.0,"Illinois, US",0.9792191,51526997
2026-10-01T12:41:53.763505+00:00,vast.ai,marketplace,RTX 3090,0.1660185185185185,1,24.0,42.619175042,256.715175042,19.66,300.625,"California, US",0.992465,44527580
2026-10-01T12:41:53.763505+00:00,vast.ai,marketplace,RTX 5060 Ti,0.16694444444444445,1,15.93,38.382175042,229.913175042,31.35,301.5,"Norway, NO",0.9973933,53546728
2026-10-01T12:41:53.763505+00:00,vast.ai,marketplace,RTX 3080,0.16805555555555554,1,10.0,26.961175041999997,160.429175042,31.14,117.0,"Argentina, AR",0.9825797,45863091
2026-10-01T12:41:53.763505+00:00,vast.ai,marketplace,RTX 3070,0.16938755555555554,1,8.0,16.714175041999997,98.67517504199999,15.61,229.7,"Oklahoma, US",0.9658219,52610192
2026-10-01T12:41:53.763505+00:00,vast.ai,marketplace,RTX 5070 Ti,0.17342592592592593,1,15.92,75.899175042,437.649175042,31.27,5.0,"Latvia, LV",0.9927669,48008663
2026-10-01T12:41:53.763505+00:00,vast.ai,marketplace,RTX 3090,0.17425925925925925,1,24.0,44.355175042,254.537175042,62.85,77.0,"Germany, DE",0.8770464,44359488
2026-10-01T12:41:53.763505+00:00,vast.ai,marketplace,RTX 3090,0.17472222222222222,1,24.0,6.855175042000001,39.237175042000004,26.16,162.0,"Australia, AU",0.9648545,53006462
2026-10-01T12:41:53.763505+00:00,vast.ai,marketplace,RTX 3070,0.17472222222222222,1,8.0,16.277175042,93.16017504199999,15.53,806.8,"Japan, JP",0.991324,53422687
2026-10-01T12:41:53.763505+00:00,vast.ai,marketplace,RTX 3070,0.17472222222222222,1,8.0,12.219175042,69.938175042,10.42,244.29999999999998,"France, FR",0.9981123,51557332
2026-10-01T12:41:53.763505+00:00,vast.ai,marketplace,RTX 4070S Ti,0.17472222222222222,1,15.99,51.119175042,292.57617504200005,30.98,322.0,"Germany, DE",0.9963929,49847342
2026-10-01T12:41:53.763505+00:00,vast.ai,marketplace,RTX 4070S Ti,0.17472222222222222,1,15.99,51.103175042000004,292.484175042,30.98,737.5,"Germany, DE",0.9929907,47708346
2026-10-01T12:41:53.763505+00:00,vast.ai,marketplace,RTX 4070S Ti,0.17472222222222222,1,15.99,51.020175042000005,292.01117504200005,60.48,722.0,"Saskatchewan, CA",0.9893412,50084549
2026-10-01T12:41:53.763505+00:00,vast.ai,marketplace,RTX 3080,0.17472222222222222,1,10.0,27.107175041999998,155.148175042,15.55,322.0,"Austria, AT",0.9697775,52468283
2026-10-01T12:41:53.763505+00:00,vast.ai,marketplace,RTX 3080 Ti,0.17472222222222222,1,12.0,34.688175042000005,198.537175042,36.64,394.3333333333333,"Quebec, CA",0.9978613,44116401
2026-10-01T12:41:53.763505+00:00,vast.ai,marketplace,RTX 5060 Ti,0.17472222222222222,1,15.93,38.503175042,220.371175042,15.55,68.0,"Spain, ES",0.9956375,43384717
2026-10-01T12:41:53.763505+00:00,vast.ai,marketplace,RTX 3090,0.1751851851851852,1,24.0,44.366175042,253.252175042,41.93,135.5,"Czechia, CZ",0.9803325,25325629
2026-10-01T12:41:53.763505+00:00,vast.ai,marketplace,RTX 3090,0.1751851851851852,1,24.0,44.593175042000006,254.55117504199998,27.48,66.5,"France, FR",0.9835969,36021661
2026-10-01T12:41:53.763505+00:00,vast.ai,marketplace,RTX 3080 Ti,0.1751851851851852,1,12.0,30.563175041999997,174.466175042,31.3,274.0,"Ukraine, UA",0.9909656,50044294
2026-10-01T12:41:53.763505+00:00,vast.ai,marketplace,RTX 5060 Ti,0.17564814814814816,1,15.93,38.416175042,218.715175042,31.44,690.75,"Norway, NO",0.9949284,29204627
2026-10-01T12:41:53.763505+00:00,vast.ai,marketplace,RTX 5060 Ti,0.17564814814814816,1,15.93,38.341175042,218.287175042,30.45,732.0,"Pennsylvania, US",0.9810795,51155350
2026-10-01T12:41:53.763505+00:00,vast.ai,marketplace,RTX 3090,0.17587962962962964,1,24.0,44.578175042000005,253.463175042,31.32,39.0,"Quebec, CA",0.996944,17580329
2026-10-01T12:41:53.763505+00:00,vast.ai,marketplace,RTX 3090,0.17587962962962964,1,24.0,36.233175042,206.013175042,31.32,220.5,"Quebec, CA",0.9975887,11997121
2026-10-01T12:41:53.763505+00:00,vast.ai,marketplace,RTX 3090,0.17587962962962964,1,24.0,41.562175042,236.310175042,31.34,297.5,"Quebec, CA",0.9958997,49745114
2026-10-01T12:41:53.763505+00:00,vast.ai,marketplace,RTX 3090,0.17587962962962964,1,24.0,44.582175042,253.485175042,31.33,273.0,"Quebec, CA",0.9900562,47131221
2026-10-01T12:41:53.763505+00:00,vast.ai,marketplace,RTX 5060 Ti,0.1773888888888889,1,15.93,38.894175042,219.261175042,62.94,316.0351861599565,"Germany, DE",0.9975701,44053749
2026-10-01T12:41:53.763505+00:00,vast.ai,marketplace,RTX 5060 Ti,0.1773888888888889,1,15.93,38.901175042000006,219.300175042,62.94,341.425,"Germany, DE",0.990651,48190500
2026-10-01T12:41:53.763505+00:00,vast.ai,marketplace,RTX 3090,0.17935185185185185,1,24.0,44.824175042,249.923175042,53.96,313.2857142857143,"United States, US",0.9776408,48317503
2026-10-01T12:41:53.763505+00:00,vast.ai,marketplace,RTX 3090,0.17935185185185185,1,24.0,43.338175042,241.642175042,47.19,707.75,"United States, US",0.9794713,41028907
2026-10-01T12:41:53.763505+00:00,vast.ai,marketplace,RTX 3090,0.17935185185185185,1,24.0,44.367175042,247.375175042,23.59,293.577134126151,"United States, US",0.9931518,43751735
2026-10-01T12:41:53.763505+00:00,vast.ai,marketplace,RTX 3080 Ti,0.18729629629629632,1,12.0,34.513175042,184.274175042,62.66,736.0,"Pennsylvania, US",0.9935154,53271755
2026-10-01T12:41:53.763505+00:00,vast.ai,marketplace,RTX 3090,0.1875925925925926,1,24.0,44.363175042,236.487175042,26.51,247.68421052631578,"Bulgaria, BG",0.8298687,50092481
2026-10-01T12:41:53.763505+00:00,vast.ai,marketplace,RTX 3080 Ti,0.1875925925925926,1,12.0,33.961175042,181.037175042,125.51,1675.8,"Texas, US",0.973834,53440936
2026-10-01T12:41:53.763505+00:00,vast.ai,marketplace,RTX 3090,0.18805555555555556,1,24.0,44.601175042,237.172175042,31.41,277.75,"Thailand, TH",0.9822949,50514584
2026-10-01T12:41:53.763505+00:00,vast.ai,marketplace,RTX 4080,0.18805555555555556,1,15.99,53.245175042,283.13917504200003,31.11,647.0,"Germany, DE",0.956192,53410714
2026-10-01T12:41:53.763505+00:00,vast.ai,marketplace,RTX 3080 Ti,0.18805555555555556,1,12.0,29.675175042,157.80117504199998,15.67,201.5,"Taiwan, TW",0.9940838,50375372
2026-10-01T12:41:53.763505+00:00,vast.ai,marketplace,RTX 5070 Ti,0.18805555555555556,1,15.92,75.778175042,402.957175042,31.24,713.0,"Latvia, LV",0.9902429,51409238
2026-10-01T12:41:53.763505+00:00,vast.ai,marketplace,RTX 5070,0.18805555555555556,1,11.94,50.614175042,269.145175042,15.22,513.5,"Florida, US",0.9724335,53628263
2026-10-01T12:41:53.763505+00:00,vast.ai,marketplace,RTX 5070,0.18805555555555556,1,11.94,50.173175042000004,266.80217504200004,62.72,159.0,"South Africa, ZA",0.9958146,47823099
2026-10-01T12:41:53.763505+00:00,vast.ai,marketplace,RTX 3080,0.18811111111111112,1,10.0,21.433175042,113.938175042,31.26,793.0,"Argentina, AR",0.9975351,29430973
2026-10-01T12:41:53.763505+00:00,vast.ai,marketplace,RTX 3090,0.18851851851851853,1,24.0,44.358175042,235.298175042,31.37,663.5,"Utah, US",0.9982958,11087700
2026-10-01T12:41:53.763505+00:00,vast.ai,marketplace,RTX 5070 Ti,0.18851851851851853,1,15.92,75.81217504199999,402.14617504200004,41.88,393.54234339456735,"The Netherlands, NL",0.9869709,53582696
2026-10-01T12:41:53.763505+00:00,vast.ai,marketplace,RTX 3080 Ti,0.1889814814814815,1,12.0,34.520175042000005,182.66417504199998,41.88,497.66666666666663,"Norway, NO",0.9966854,30003867
2026-10-01T12:41:53.763505+00:00,vast.ai,marketplace,RTX 5070,0.18944444444444444,1,11.94,50.375175042,265.911175042,23.26,368.5,"France, FR",0.9635354,52810517
2026-10-01T12:41:53.763505+00:00,vast.ai,marketplace,RTX 4070,0.19083333333333335,1,11.99,33.723175042,176.717175042,62.86,753.0,"New York, US",0.997419,52140290
2026-10-01T12:41:53.763505+00:00,vast.ai,marketplace,RTX 4070S Ti,0.19118518518518518,1,15.99,51.033175042,266.93017504200003,50.34,277.5596256979916,"Bulgaria, BG",0.977142,50223791
2026-10-01T12:41:53.763505+00:00,vast.ai,marketplace,RTX 4070S Ti,0.19268518518518518,1,15.99,51.473175042,267.13917504200003,19.6,289.25,"United States, US",0.991427,50022957
2026-10-01T12:41:53.763505+00:00,vast.ai,marketplace,RTX 5070 Ti,0.1943148148148148,1,15.92,13.856175042,71.307175042,15.21,226.5,"Romania, RO",0.9643449,53551213
2026-10-01T12:41:53.763505+00:00,vast.ai,marketplace,RTX 4070,0.1947222222222222,1,11.99,33.714175042,173.139175042,50.31,1049.348,"Minnesota, US",0.9993509,53248758
2026-10-01T12:41:53.763505+00:00,vast.ai,marketplace,RTX 3090,0.1961111111111111,1,24.0,44.590175042000006,227.376175042,62.73,469.0,"Finland, FI",0.9718183,50562430
2026-10-01T12:41:53.763505+00:00,vast.ai,marketplace,RTX 3090,0.2009259259259259,1,24.0,38.289175042000004,190.56317504199998,15.71,144.375,"Bulgaria, BG",0.9933542,31458823
2026-10-01T12:41:53.763505+00:00,vast.ai,marketplace,RTX 3090,0.2009259259259259,1,24.0,44.363175042,220.794175042,31.18,556.0,"Thailand, TH",0.9398326,52608555
2026-10-01T12:41:53.763505+00:00,vast.ai,marketplace,RTX 3090,0.20138888888888887,1,24.0,44.360175042,220.274175042,31.46,320.75,", CN",0.9973972,45174333
2026-10-01T12:41:53.763505+00:00,vast.ai,marketplace,RTX 3080,0.20138888888888887,1,10.0,21.866175042,108.580175042,17.69,151.5,"Florida, US",0.9868184,53650857
2026-10-01T12:41:53.763505+00:00,vast.ai,marketplace,RTX 3080,0.20138888888888887,1,10.0,27.110175041999998,134.619175042,31.32,435.0,"Taiwan, TW",0.9992649,35966568
2026-10-01T12:41:53.763505+00:00,vast.ai,marketplace,RTX 3080,0.20138888888888887,1,10.0,26.545175042,131.811175042,15.65,150.45,"Taiwan, TW",0.999003,40278911
2026-10-01T12:41:53.763505+00:00,vast.ai,marketplace,RTX 3080,0.20138888888888887,1,10.0,27.010175042,134.119175042,15.59,370.0,"Taiwan, TW",0.9966875,39174571
2026-10-01T12:41:53.763505+00:00,vast.ai,marketplace,Tesla V100,0.20138888888888887,1,32.0,25.713175042,127.67817504199999,62.82,789.7035149814459,"Colorado, US",0.9863069,53648588
2026-10-01T12:41:53.763505+00:00,vast.ai,marketplace,RTX 5070 Ti,0.20138888888888887,1,15.92,15.835175042000001,78.631175042,62.63,1548.0,"South Korea, KR",0.9966885,47781498
2026-10-01T12:41:53.763505+00:00,vast.ai,marketplace,RTX 5070 Ti,0.20138888888888887,1,15.92,75.63017504199999,375.542175042,23.53,322.0503325198426,"Vietnam, VN",0.9947743,45769831
2026-10-01T12:41:53.763505+00:00,vast.ai,marketplace,RTX 5070 Ti,0.20138888888888887,1,15.92,75.38317504199999,374.316175042,62.71,1528.0,"South Korea, KR",0.9808558,46480556
2026-10-01T12:41:53.763505+00:00,vast.ai,marketplace,RTX 3070,0.20166666666666666,1,8.0,16.278175041999997,80.718175042,15.64,353.0,"Spain, ES",0.9895275,52230480
2026-10-01T12:41:53.763505+00:00,vast.ai,marketplace,RTX 5070,0.20185185185185184,1,11.94,49.865175042000004,247.037175042,30.46,1471.0,"Utah, US",0.9935206,50234335
2026-10-01T12:41:53.763505+00:00,vast.ai,marketplace,RTX 5070 Ti,0.2023148148148148,1,15.92,75.96017504199999,375.45617504200004,62.75,512.0,"Alberta, CA",0.9980028,47196341
2026-10-01T12:41:53.763505+00:00,vast.ai,marketplace,RTX PRO 4000,0.2023148148148148,1,23.89,65.74017504199999,324.940175042,62.91,96.75,"Utah, US",0.9902966,47510356
2026-10-01T12:41:53.763505+00:00,vast.ai,marketplace,RTX PRO 4000,0.2023148148148148,1,23.89,65.76417504199999,325.05917504200005,62.86,697.5,"Alberta, CA",0.976619,53630776
2026-10-01T12:41:53.763505+00:00,vast.ai,marketplace,RTX 3080 Ti,0.20324074074074072,1,12.0,33.966175042,167.124175042,62.84,837.15,"Thailand, TH",0.9850982,51269026
2026-10-01T12:41:53.763505+00:00,vast.ai,marketplace,RTX 5070 Ti,0.2046296296296296,1,15.92,76.10017504199999,371.893175042,30.94,659.5,"France, FR",0.9747422,51477794
2026-10-01T12:41:53.763505+00:00,vast.ai,marketplace,RTX 5080,0.2060185185185185,1,15.92,83.646175042,406.01417504200003,31.46,359.625,"California, US",0.972183,52959654
2026-10-01T12:41:53.763505+00:00,vast.ai,marketplace,RTX 5080,0.2060185185185185,1,15.92,83.58817504199999,405.731175042,31.46,159.1625,"United States, US",0.9835404,53525979
2026-10-01T12:41:53.763505+00:00,vast.ai,marketplace,RTX 5070,0.20644444444444446,1,11.94,50.398175042000005,244.124175042,125.45,2982.0,"Virginia, US",0.998577,28469712
2026-10-01T12:41:53.763505+00:00,vast.ai,marketplace,RTX 5070 Ti,0.2114074074074074,1,15.92,76.47517504199999,361.74217504200004,15.23,265.0,"Vietnam, VN",0.9927096,48757420
2026-10-01T12:41:53.763505+00:00,vast.ai,marketplace,RTX 5070 Ti,0.21205555555555555,1,15.92,65.738175042,310.00417504200004,31.31,1627.0,"Vietnam, VN",0.9980059,52843292
2026-10-01T12:41:53.763505+00:00,vast.ai,marketplace,RTX 5060 Ti,0.21379629629629632,1,15.93,38.369175042,179.465175042,125.94,10842.65,"Denmark, DK",0.994515,49967734
2026-10-01T12:41:53.763505+00:00,vast.ai,marketplace,RTX 4070S Ti,0.2138888888888889,1,15.99,51.026175042000006,238.564175042,62.94,349.95045301699594,"Arizona, US",0.9927375,53297206
2026-10-01T12:41:53.763505+00:00,vast.ai,marketplace,RTX 3090,0.21425925925925926,1,24.0,44.367175042,207.073175042,31.18,1354.0,"Thailand, TH",0.7668013,50351397
2026-10-01T12:41:53.763505+00:00,vast.ai,marketplace,RTX 5060 Ti,0.21425925925925926,1,15.93,38.416175042,179.30117504199998,30.2,1588.0,"Minnesota, US",0.9954324,51358361
2026-10-01T12:41:53.763505+00:00,vast.ai,marketplace,RTX 3090,0.21472222222222223,1,24.0,44.352175042,206.559175042,26.96,284.48979591836735,"Quebec, CA",0.9961162,51156486
2026-10-01T12:41:53.763505+00:00,vast.ai,marketplace,RTX 3080,0.21472222222222223,1,10.0,27.258175041999998,126.946175042,15.38,1216.4,"Switzerland, CH",0.9951696,53323515
2026-10-01T12:41:53.763505+00:00,vast.ai,marketplace,RTX 3080 Ti,0.21472222222222223,1,12.0,34.522175042,160.776175042,15.42,1239.0,"Switzerland, CH",0.9944002,44341719
2026-10-01T12:41:53.763505+00:00,vast.ai,marketplace,RTX 3080 Ti,0.21472222222222223,1,12.0,32.329175042,150.562175042,15.66,218.5,"Taiwan, TW",0.9995065,49746675
2026-10-01T12:41:53.763505+00:00,vast.ai,marketplace,RTX 3080 Ti,0.21472222222222223,1,12.0,34.515175042,160.747175042,15.59,387.0,"Taiwan, TW",0.9986674,37609801
2026-10-01T12:41:53.763505+00:00,vast.ai,marketplace,RTX 3080 Ti,0.21472222222222223,1,12.0,34.521175042,160.77117504199998,15.59,313.0,"Taiwan, TW",0.9982159,42962386
2026-10-01T12:41:53.763505+00:00,vast.ai,marketplace,RTX 5070,0.21472222222222223,1,11.94,49.900175042,232.393175042,30.46,465.0,"Texas, US",0.9977405,41958790
2026-10-01T12:41:53.763505+00:00,vast.ai,marketplace,RTX 5070,0.21472222222222223,1,11.94,50.337175042000005,234.431175042,31.36,571.0,"Texas, US",0.9933118,49068009
2026-10-01T12:41:53.763505+00:00,vast.ai,marketplace,RTX 3090,0.2151851851851852,1,24.0,36.897175042,171.470175042,62.96,311.9,"Quebec, CA",0.9898192,30580307
2026-10-01T12:41:53.763505+00:00,vast.ai,marketplace,RTX 5070 Ti,0.21564814814814817,1,15.92,75.88617504199999,351.89817504200005,15.62,398.5,"Ontario, CA",0.9851131,53532029
2026-10-01T12:41:53.763505+00:00,vast.ai,marketplace,RTX 4070S,0.21990840325925926,1,11.99,29.923175041999997,136.071175042,15.68,388.5,"California, US",0.9841221,51485188
2026-10-01T12:41:53.763505+00:00,vast.ai,marketplace,RTX 4060 Ti,0.2253888888888889,1,16.0,22.510175042,99.875175042,62.94,200.25,"Quebec, CA",0.9982005,49744626
2026-10-01T12:41:53.763505+00:00,vast.ai,marketplace,RTX 4060 Ti,0.2253888888888889,1,16.0,22.559175042,100.089175042,62.89,638.3141495138957,"Quebec, CA",0.9983527,49645018
2026-10-01T12:41:53.763505+00:00,vast.ai,marketplace,RTX 3090,0.22805555555555557,1,24.0,44.216175042,193.886175042,35.93,193.1857142857143,"Taiwan, TW",0.9974368,41962650
2026-10-01T12:41:53.763505+00:00,vast.ai,marketplace,RTX 5060 Ti,0.22805555555555557,1,15.93,38.410175042,168.424175042,30.98,678.0,"Japan, JP",0.993696,53607565
2026-10-01T12:41:53.763505+00:00,vast.ai,marketplace,Tesla V100,0.22862962962962963,1,16.0,20.174175041999998,88.239175042,31.41,727.9,"Quebec, CA",0.9727761,50796895
2026-10-01T12:41:53.763505+00:00,vast.ai,marketplace,RTX 5070 Ti,0.2289814814814815,1,15.92,75.805175042,331.054175042,94.13,44.00000000000091,"South Korea, KR",0.9745719,52603262
2026-10-01T12:41:53.763505+00:00,vast.ai,marketplace,RTX 5070 Ti,0.2289814814814815,1,15.92,75.933175042,331.614175042,62.63,794.0,"South Korea, KR",0.924483,53372998
2026-10-01T12:41:53.763505+00:00,vast.ai,marketplace,RTX 3090,0.22944444444444445,1,24.0,44.321175042,193.167175042,31.36,777.0,"Illinois, US",0.9968782,49013335
2026-10-01T12:41:53.763505+00:00,vast.ai,marketplace,RTX 3090,0.22944444444444445,1,24.0,44.582175042,194.308175042,62.73,411.0,"Arizona, US",0.9740204,53403779
2026-10-01T12:41:53.763505+00:00,vast.ai,marketplace,RTX A5000,0.23205555555555557,1,23.99,35.349175042,152.33117504199998,100.7,25.0,"Romania, RO",0.998285,13273582
2026-10-01T12:41:53.763505+00:00,vast.ai,marketplace,RTX 4060 Ti,0.23611111111111108,1,16.0,22.486175042,95.238175042,62.62,1535.4,"Texas, US",0.9400173,53636304
2026-10-01T12:41:53.763505+00:00,vast.ai,marketplace,RTX 4060 Ti,0.23611111111111108,1,16.0,22.522175041999997,95.391175042,31.35,1671.3,"Texas, US",0.9965771,53636270
2026-10-01T12:41:53.763505+00:00,vast.ai,marketplace,RTX 5070 Ti,0.2365185185185185,1,15.92,75.947175042,321.10317504200003,30.22,721.0,"Kansas, US",0.9945956,38305408
2026-10-01T12:41:53.763505+00:00,vast.ai,marketplace,RTX 3090,0.2394814814814815,1,24.0,17.642175041999998,73.670175042,30.84,190.25,"New Zealand, NZ",0.9783324,48399575
2026-10-01T12:41:53.763505+00:00,vast.ai,marketplace,RTX 3090,0.24092592592592593,1,24.0,44.562175042,184.965175042,78.53,1542.55,"Quebec, CA",0.9940555,49987153
2026-10-01T12:41:53.763505+00:00,vast.ai,marketplace,RTX 3090,0.24092592592592593,1,24.0,44.841175042,186.122175042,83.85,387.0,"California, US",0.9590846,50650299
2026-10-01T12:41:53.763505+00:00,vast.ai,marketplace,RTX 4070S,0.24131263925925922,1,11.99,34.726175042,143.904175042,15.7,173.875,"California, US",0.9782474,52442788
2026-10-01T12:41:53.763505+00:00,vast.ai,marketplace,RTX 3090,0.2413888888888889,1,24.0,44.363175042,183.78317504199998,29.35,1533.0,"Taiwan, TW",0.9992107,47957835
2026-10-01T12:41:53.763505+00:00,vast.ai,marketplace,RTX 3090,0.2413888888888889,1,24.0,44.601175042,184.770175042,27.38,350.0,"Taiwan, TW",0.9990891,47957856
2026-10-01T12:41:53.763505+00:00,vast.ai,marketplace,RTX 3090,0.2413888888888889,1,24.0,44.309175042,183.560175042,25.43,160.0,"Taiwan, TW",0.9972349,52755888
2026-10-01T12:41:53.763505+00:00,vast.ai,marketplace,RTX 4080,0.2413888888888889,1,15.99,44.356175042000004,183.755175042,62.71,1360.0,"Quebec, CA",0.9956004,47784808
2026-10-01T12:41:53.763505+00:00,vast.ai,marketplace,RTX 5080,0.2413888888888889,1,15.92,83.753175042,346.965175042,30.72,817.7,"British Columbia, CA",0.9369952,53231023
2026-10-01T12:41:53.763505+00:00,vast.ai,marketplace,RTX 5070 Ti,0.2413888888888889,1,15.92,76.113175042,315.316175042,62.7,412.0,"Vietnam, VN",0.9939481,52973289
2026-10-01T12:41:53.763505+00:00,vast.ai,marketplace,RTX 3080,0.24185185185185187,1,10.0,27.111175042,112.101175042,15.59,366.5,"Florida, US",0.9960836,52652360
2026-10-01T12:41:53.763505+00:00,vast.ai,marketplace,RTX PRO 4000,0.24231481481481484,1,23.89,65.69217504199999,271.10317504200003,94.31,646.5,"Alberta, CA",0.9803631,52604147
2026-10-01T12:41:53.763505+00:00,vast.ai,marketplace,RTX 5080,0.2427777777777778,1,15.92,83.339175042,343.27317504200005,27.5,339.9542029734205,"Utah, US",0.9984995,47549798
2026-10-01T12:41:53.763505+00:00,vast.ai,marketplace,RTX 3090,0.24370370370370373,1,24.0,44.589175042,182.966175042,78.71,680.125,"Estonia, EE",0.9952649,50754486
2026-10-01T12:41:53.763505+00:00,vast.ai,marketplace,RTX 4080S,0.2441666666666667,1,15.99,55.623175042,227.811175042,31.26,622.8,"Ontario, CA",0.9897532,51351541
2026-10-01T12:41:53.763505+00:00,vast.ai,marketplace,RTX 3090,0.24462962962962964,1,24.0,44.366175042,181.359175042,41.92,248.0,"France, FR",0.98938,51087513
2026-10-01T12:41:53.763505+00:00,vast.ai,marketplace,Tesla V100,0.24555555555555558,1,32.0,25.713175042,104.71317504199999,125.81,764.25,"Bulgaria, BG",0.9852224,21161541
2026-10-01T12:41:53.763505+00:00,vast.ai,marketplace,RTX 3090,0.25170370370370376,1,24.0,44.597175042,177.183175042,100.72,37.4,"Ireland, IE",0.998972,9107061
2026-10-01T12:41:53.763505+00:00,vast.ai,marketplace,RTX 5070 Ti,0.2531111111111111,1,15.92,75.818175042,299.54717504200005,62.72,3198.2,"Texas, US",0.9880631,51589537
2026-10-01T12:41:53.763505+00:00,vast.ai,marketplace,RTX 4080,0.2539814814814815,1,15.99,53.381175042,210.180175042,62.88,696.9,"Pennsylvania, US",0.9946225,49416071
2026-10-01T12:41:53.763505+00:00,vast.ai,marketplace,RTX 3090,0.25425925925925924,1,24.0,44.828175042000005,176.309175042,83.85,306.52020554865646,"Virginia, US",0.9705036,48711167
2026-10-01T12:41:53.763505+00:00,vast.ai,marketplace,Q RTX 8000,0.25425925925925924,1,45.0,11.590175042,45.584175042000005,47.22,80.64614563852544,"Indiana, US",0.9984977,24936688
2026-10-01T12:41:53.763505+00:00,vast.ai,marketplace,RTX 5070 Ti,0.25425925925925924,1,15.92,76.10017504199999,299.30217504200004,62.71,723.0,"Nevada, US",0.9514528,53288946
2026-10-01T12:41:53.763505+00:00,vast.ai,marketplace,RTX 5070 Ti,0.25425925925925924,1,15.92,75.845175042,298.301175042,62.26,648.0,"Colorado, US",0.9885286,42723052
2026-10-01T12:41:53.763505+00:00,vast.ai,marketplace,RTX 3090,0.2547222222222222,1,24.0,44.841175042,176.041175042,39.05,612.0,"Argentina, AR",0.9942538,47504972
2026-10-01T12:41:53.763505+00:00,vast.ai,marketplace,RTX 3090 Ti,0.2547222222222222,1,23.99,46.185175042000004,181.317175042,31.36,262.0,"Romania, RO",0.9693997,51152292
2026-10-01T12:41:53.763505+00:00,vast.ai,marketplace,RTX 5080,0.2547222222222222,1,15.92,41.156175042,161.57517504199998,31.28,396.95,"New York, US",0.965171,52889495
2026-10-01T12:41:53.763505+00:00,vast.ai,marketplace,RTX 5070 Ti,0.25509259259259254,1,15.92,76.161175042,298.563175042,47.14,763.4,"Iowa, US",0.9982758,44634216
2026-10-01T12:41:53.763505+00:00,vast.ai,marketplace,RTX 3090,0.25796296296296295,1,24.0,44.843175042000006,173.835175042,62.7,3229.0,"Pennsylvania, US",0.9963576,53240026
2026-10-01T12:41:53.763505+00:00,vast.ai,marketplace,RTX 3090,0.25914546807407407,1,24.0,44.366175042,171.201175042,31.41,375.25,"California, US",0.9354931,52591893
2026-10-01T12:41:53.763505+00:00,vast.ai,marketplace,Tesla V100,0.2613888888888889,1,32.0,25.713175042,98.370175042,94.32,1248.081706607767,"Minnesota, US",0.9990971,44175696
2026-10-01T12:41:53.763505+00:00,vast.ai,marketplace,RTX PRO 4000,0.2613888888888889,1,23.89,65.656175042,251.18217504199998,62.57,649.0,"Thailand, TH",0.9910901,53110459
2026-10-01T12:41:53.763505+00:00,vast.ai,marketplace,RTX 5070,0.2627777777777778,1,11.94,50.162175042,190.891175042,15.26,1501.5,"Ukraine, UA",0.9522773,53492112
2026-10-01T12:41:53.763505+00:00,vast.ai,marketplace,RTX 5080,0.26585185185185184,1,15.92,81.60917504199999,306.97517504200005,20.15,500.3666666666666,"Spain, ES",0.9628932,52945375
2026-10-01T12:41:53.763505+00:00,vast.ai,marketplace,RTX 5060 Ti,0.26652592592592594,1,15.93,38.446175042,144.252175042,31.36,837.9,"Japan, JP",0.9486997,52992623
2026-10-01T12:41:53.763505+00:00,vast.ai,marketplace,RTX 5060 Ti,0.2667925925925926,1,15.93,38.901175042000006,145.811175042,47.09,816.0,"Japan, JP",0.9899898,52971299
2026-10-01T12:41:53.763505+00:00,vast.ai,marketplace,RTX 5080,0.2675,1,15.92,83.39817504199999,311.76917504200003,125.7,687.0,"Quebec, CA",0.9978308,45272201
2026-10-01T12:41:53.763505+00:00,vast.ai,marketplace,RTX 4080,0.2675925925925926,1,15.99,53.127175042000005,198.537175042,31.06,1484.6,"United Kingdom, GB",0.9736518,53525965
2026-10-01T12:41:53.763505+00:00,vast.ai,marketplace,RTX PRO 4000,0.2675925925925926,1,23.89,65.632175042,245.270175042,32.72,2027.917164570178,"Australia, AU",0.9974134,49601340
2026-10-01T12:41:53.763505+00:00,vast.ai,marketplace,RTX 4070S Ti,0.26787037037037037,1,15.99,51.212175042000005,191.184175042,31.18,837.9,"Spain, ES",0.9981928,52090522
2026-10-01T12:41:53.763505+00:00,vast.ai,marketplace,RTX 4070,0.26805555555555555,1,11.99,33.714175042,125.772175042,62.68,1559.0,"Kentucky, US",0.9931044,53613016
2026-10-01T12:41:53.763505+00:00,vast.ai,marketplace,RTX 4070S Ti,0.26805555555555555,1,15.99,51.015175042,190.316175042,62.82,1608.75,"Minnesota, US",0.9997426,53490813
2026-10-01T12:41:53.763505+00:00,vast.ai,marketplace,Titan RTX,0.26805555555555555,1,24.0,12.057175042,44.980175042,15.59,352.5,"South Korea, KR",0.997465,50869877
2026-10-01T12:41:53.763505+00:00,vast.ai,marketplace,Titan RTX,0.26805555555555555,1,24.0,12.057175042,44.980175042,31.32,342.0,"South Korea, KR",0.9986457,50736360
2026-10-01T12:41:53.763505+00:00,vast.ai,marketplace,RTX 4080,0.26805555555555555,1,15.99,53.016175042,197.78317504199998,31.25,1510.0,"Norway, NO",0.9896724,51095354
2026-10-01T12:41:53.763505+00:00,vast.ai,marketplace,RTX 4080,0.26805555555555555,1,15.99,53.109175042000004,198.12917504199999,31.33,362.35,"Nevada, US",0.9941384,51350829
2026-10-01T12:41:53.763505+00:00,vast.ai,marketplace,RTX 4080S,0.26805555555555555,1,15.99,55.799175042,208.165175042,31.43,390.5,"Hong Kong, HK",0.9800818,51999237
2026-10-01T12:41:53.763505+00:00,vast.ai,marketplace,Tesla V100,0.26805555555555555,1,32.0,25.713175042,95.924175042,125.94,705.125,"Minnesota, US",0.9990696,42722529
2026-10-01T12:41:53.763505+00:00,vast.ai,marketplace,RTX 5080,0.26805555555555555,1,15.92,83.598175042,311.870175042,62.4,774.0,"Japan, JP",0.9985459,49337546
2026-10-01T12:41:53.763505+00:00,vast.ai,marketplace,RTX 5070 Ti,0.26805555555555555,1,15.92,75.94017504199999,283.30017504200003,15.59,298.5,"South Korea, KR",0.9973842,50736270
2026-10-01T12:41:53.763505+00:00,vast.ai,marketplace,RTX PRO 4000,0.2683333333333333,1,23.89,65.76417504199999,245.084175042,30.2,58.5,"Puerto Rico, PR",0.9903657,44170201
2026-10-01T12:41:53.763505+00:00,vast.ai,marketplace,RTX 3090,0.2685185185185185,1,24.0,44.369175042,165.239175042,31.4,309.5,"Utah, US",0.9955497,50213705
2026-10-01T12:41:53.763505+00:00,vast.ai,marketplace,RTX 3070,0.2685185185185185,1,8.0,9.316175042000001,34.696175042,30.12,812.25,"Chile, CL",0.9410643,53687890
2026-10-01T12:41:53.763505+00:00,vast.ai,marketplace,RTX 4060 Ti,0.2685185185185185,1,16.0,22.535175042,83.923175042,124.44,613.5633019357406,"Texas, US",0.9982387,37119328
2026-10-01T12:41:53.763505+00:00,vast.ai,marketplace,RTX 3090,0.2689814814814815,1,24.0,44.331175042000005,164.81317504199998,83.84,930.0,"Ontario, CA",0.9977736,53688090
2026-10-01T12:41:53.763505+00:00,vast.ai,marketplace,RTX 5080,0.2689814814814815,1,15.92,83.74317504199999,311.334175042,125.78,723.5,"Spain, ES",0.9975425,53424634
2026-10-01T12:41:53.763505+00:00,vast.ai,marketplace,RTX PRO 4000,0.2689814814814815,1,23.89,65.69217504199999,244.226175042,41.92,436.9333333333333,"France, FR",0.9960166,47658246
2026-10-01T12:41:53.763505+00:00,vast.ai,marketplace,RTX PRO 4000,0.2689814814814815,1,23.89,65.620175042,243.959175042,125.96,570.8375,"United Kingdom, GB",0.9894499,51601837
2026-10-01T12:41:53.763505+00:00,vast.ai,marketplace,Q RTX 8000,0.26944444444444443,1,45.0,11.590175042,43.015175042,62.89,576.0,"Delaware, US",0.9989852,45242099
2026-10-01T12:41:53.763505+00:00,vast.ai,marketplace,RTX 5060 Ti,0.26944444444444443,1,15.93,38.382175042,142.451175042,47.04,1670.85,"Texas, US",0.9964984,53636146
2026-10-01T12:41:53.763505+00:00,vast.ai,marketplace,RTX 3060,0.2712555555555555,1,12.0,12.271175042000001,45.239175042,15.73,160.7016245994193,"Czechia, CZ",0.999106,46528530
2026-10-01T12:41:53.763505+00:00,vast.ai,marketplace,RTX 5070,0.27318385185185184,1,11.94,49.929175042000004,182.767175042,62.86,776.0,"Idaho, US",0.997276,50405769
2026-10-01T12:41:53.763505+00:00,vast.ai,marketplace,RTX PRO 4000,0.2773808888888889,1,23.89,66.82617504199999,240.919175042,62.92,594.0,"Quebec, CA",0.9969848,52493306
2026-10-01T12:41:53.763505+00:00,vast.ai,marketplace,RTX PRO 4000,0.27877777777777774,1,23.89,65.72817504199999,235.773175042,125.88,982.25,"Italy, IT",0.999231,34432513
2026-10-01T12:41:53.763505+00:00,vast.ai,marketplace,RTX 5080,0.2812962962962963,1,15.92,83.670175042,297.447175042,61.86,1136.0,"New York, US",0.9989858,40142605
2026-10-01T12:41:53.763505+00:00,vast.ai,marketplace,RTX 5080,0.2813888888888889,1,15.92,83.72217504199999,297.53317504200004,31.28,785.6,"Taiwan, TW",0.9930423,51185995
2026-10-01T12:41:53.763505+00:00,vast.ai,marketplace,RTX 4080,0.2827777777777778,1,15.99,53.156175042,187.978175042,31.32,387.0,"Arizona, US",0.9880827,53299939
2026-10-01T12:41:53.763505+00:00,vast.ai,marketplace,RTX 4080S,0.2902813419259259,1,15.99,55.658175042,191.740175042,23.57,381.1089162599213,"California, US",0.9917455,47959570
2026-10-01T12:41:53.763505+00:00,vast.ai,marketplace,RTX 5080,0.2936111111111111,1,15.92,83.69517504199999,285.05717504200004,62.43,1459.3,"France, FR",0.9902104,53416605
2026-10-01T12:41:53.763505+00:00,vast.ai,marketplace,RTX 3090,0.2938518518518518,1,24.0,44.590175042000006,151.746175042,31.34,329.5,"Spain, ES",0.9784961,53669942
2026-10-01T12:41:53.763505+00:00,vast.ai,marketplace,RTX PRO 4000,0.2940740740740741,1,23.89,65.74017504199999,223.550175042,125.68,3075.0,"Germany, DE",0.9964631,52258420
2026-10-01T12:41:53.763505+00:00,vast.ai,marketplace,RTX PRO 4000,0.2942592592592593,1,23.89,65.69217504199999,223.246175042,30.28,588.9915779859019,"Norway, NO",0.9021948,53689673
2026-10-01T12:41:53.763505+00:00,vast.ai,marketplace,RTX 4080,0.2947222222222222,1,15.99,53.161175042,180.37917504199999,62.65,1516.0,"North Carolina, US",0.9978835,42608333
2026-10-01T12:41:53.763505+00:00,vast.ai,marketplace,RTX 5080,0.297962962962963,1,15.92,41.495175042,139.262175042,30.46,1418.0,"Minnesota, US",0.9873307,50017792
2026-10-01T12:41:53.763505+00:00,vast.ai,marketplace,RTX 5080,0.2990513614757676,1,15.92,83.74917504199999,280.051175042,30.51,1416.0,"Germany, DE",0.9967565,52796090
2026-10-01T12:41:53.763505+00:00,vast.ai,marketplace,RTX 5070 Ti,0.30027777777777775,1,15.92,78.747175042,262.248175042,15.23,657.8713300793703,"Brazil, BR",0.9948169,51786197
2026-10-01T12:41:53.763505+00:00,vast.ai,marketplace,RTX 3090,0.30672222222222223,1,24.0,44.588175042,145.370175042,62.82,580.5,"Thailand, TH",0.9951048,44730076
2026-10-01T12:41:53.763505+00:00,vast.ai,marketplace,RTX 5080,0.30759259259259264,1,15.92,73.87117504199999,240.159175042,30.2,1651.8,"Minnesota, US",0.996401,51178628
2026-10-01T12:41:53.763505+00:00,vast.ai,marketplace,RTX 3090,0.3080555555555556,1,24.0,44.363175042,144.011175042,35.96,768.7428571428572,"Utah, US",0.8873263,50807805
2026-10-01T12:41:53.763505+00:00,vast.ai,marketplace,RTX 3090,0.3080555555555556,1,24.0,35.062175042,113.819175042,31.36,16.5,"Quebec, CA",0.9942907,53187187
2026-10-01T12:41:53.763505+00:00,vast.ai,marketplace,RTX 4090,0.31268518518518523,1,23.99,96.908175042,309.92217504200005,31.46,175.475,"United States, US",0.9891565,40912244
2026-10-01T12:41:53.763505+00:00,vast.ai,marketplace,RTX 5070 Ti,0.3147685185185185,1,15.92,76.034175042,241.556175042,62.5,1489.0,"Japan, JP",0.9961123,53522507
2026-10-01T12:41:53.763505+00:00,vast.ai,marketplace,RTX 5080,0.31657407407407406,1,15.92,83.92817504199999,265.116175042,62.88,931.5,"North Carolina, US",0.9906417,46903153
2026-10-01T12:41:53.763505+00:00,vast.ai,marketplace,RTX 5080,0.32092592592592595,1,15.92,73.943175042,230.407175042,30.2,3286.0,"Minnesota, US",0.9971562,50441923
2026-10-01T12:41:53.763505+00:00,vast.ai,marketplace,L4,0.3213888888888889,1,22.49,25.314175042,78.765175042,31.32,240.7225000000002,"South Korea, KR",0.9835801,50457498
2026-10-01T12:41:53.763505+00:00,vast.ai,marketplace,RTX 4090,0.3213888888888889,1,23.99,97.040175042,301.94217504200003,62.89,296.0,"British Columbia, CA",0.9974692,53610650
2026-10-01T12:41:53.763505+00:00,vast.ai,marketplace,RTX 5080,0.3213888888888889,1,15.92,83.818175042,260.80017504200003,31.25,702.0,"Argentina, AR",0.9920237,33413202
2026-10-01T12:41:53.763505+00:00,vast.ai,marketplace,RTX 5070 Ti,0.3213888888888889,1,15.92,77.861175042,242.266175042,29.08,333.4,"Latvia, LV",0.9862974,53471395
2026-10-01T12:41:53.763505+00:00,vast.ai,marketplace,RTX 3090,0.3289814814814815,1,24.0,44.845175042,136.316175042,27.47,690.4000000000001,"Quebec, CA",0.9950036,49316119
2026-10-01T12:41:53.763505+00:00,vast.ai,marketplace,L4,0.33425925925925926,1,22.49,25.314175042,75.732175042,62.75,455.0,"Czechia, CZ",0.9989426,35835963
2026-10-01T12:41:53.763505+00:00,vast.ai,marketplace,RTX 3090,0.3347222222222222,1,24.0,44.840175042000006,133.96217504199998,31.41,282.95,"New York, US",0.9878142,53439740
2026-10-01T12:41:53.763505+00:00,vast.ai,marketplace,RTX 5000Ada,0.3347222222222222,1,31.99,64.26117504199999,191.984175042,62.88,270.1627555569269,"Missouri, US",0.9963891,50160635
2026-10-01T12:41:53.763505+00:00,vast.ai,marketplace,Tesla V100,0.3347222222222222,1,32.0,25.713175042,76.819175042,94.32,1536.75,"Minnesota, US",0.9987143,38405393
2026-10-01T12:41:53.763505+00:00,vast.ai,marketplace,RTX 3090,0.3349074074074074,1,24.0,44.343175042000006,132.405175042,125.92,556.0983640390162,"Slovakia, SK",0.9961143,51240124
2026-10-01T12:41:53.763505+00:00,vast.ai,marketplace,RTX 5080,0.33518518518518514,1,15.92,83.825175042,250.088175042,62.83,1119.0,"Ireland, IE",0.9960476,49512528
2026-10-01T12:41:53.763505+00:00,vast.ai,marketplace,RTX 5080,0.33518518518518514,1,15.92,40.360175042,120.411175042,30.95,787.6,"Ontario, CA",0.988767,51362963
2026-10-01T12:41:53.763505+00:00,vast.ai,marketplace,RTX 5070 Ti,0.33564814814814814,1,15.92,76.086175042,226.686175042,125.66,2981.0,"Norway, NO",0.9976319,32128319
2026-10-01T12:41:53.763505+00:00,vast.ai,marketplace,RTX PRO 4000,0.33564814814814814,1,23.89,65.70417504199999,195.75317504199998,251.76,1311.5,"Norway, NO",0.9949711,50372392
2026-10-01T12:41:53.763505+00:00,vast.ai,marketplace,RTX 5060 Ti,0.33564814814814814,1,15.93,38.375175042,114.333175042,62.94,307.54508269975236,"Texas, US",0.9993666,49766585
2026-10-01T12:41:53.763505+00:00,vast.ai,marketplace,RTX 5060 Ti,0.33564814814814814,1,15.93,38.396175042,114.394175042,41.92,474.5,"Texas, US",0.9961074,50294993
2026-10-01T12:41:53.763505+00:00,vast.ai,marketplace,RTX 5060 Ti,0.33564814814814814,1,15.93,38.416175042,114.456175042,62.94,1406.0,"Texas, US",0.9976914,50417791
2026-10-01T12:41:53.763505+00:00,vast.ai,marketplace,RTX 5060 Ti,0.33564814814814814,1,15.93,38.510175042,114.735175042,62.88,779.0,"Texas, US",0.970686,51483441
2026-10-01T12:41:53.763505+00:00,vast.ai,marketplace,RTX 5060 Ti,0.33564814814814814,1,15.93,38.300175042,114.10917504199999,124.44,113.02055112137992,"Texas, US",0.9960279,49701022
2026-10-01T12:41:53.763505+00:00,vast.ai,marketplace,RTX 4070S Ti,0.3361111111111111,1,15.99,51.484175042000004,153.177175042,31.35,1671.3,"Texas, US",0.9913378,53636055
2026-10-01T12:41:53.763505+00:00,vast.ai,marketplace,RTX 5080,0.3361111111111111,1,15.92,83.763175042,249.215175042,62.57,1405.0,"Utah, US",0.9682692,47965240
2026-10-01T12:41:53.763505+00:00,vast.ai,marketplace,RTX 4090,0.33648148148148144,1,23.99,50.126175042,148.973175042,31.35,764.0,"The Netherlands, NL",0.9884299,50764758
2026-10-01T12:41:53.763505+00:00,vast.ai,marketplace,RTX 3090,0.3365740740740741,1,24.0,44.602175042,132.520175042,251.55,1577.0,"Thailand, TH",0.9860731,52700224
2026-10-01T12:41:53.763505+00:00,vast.ai,marketplace,RTX 3090,0.3365740740740741,1,24.0,36.730175042,109.129175042,31.33,693.0,"Thailand, TH",0.9953413,51927638
2026-10-01T12:41:53.763505+00:00,vast.ai,marketplace,RTX 5070 Ti,0.33796296296296297,1,15.92,75.805175042,224.300175042,62.69,1566.9,"California, US",0.958039,52677056
2026-10-01T12:41:53.763505+00:00,vast.ai,marketplace,RTX 5070 Ti,0.3427222222222222,1,15.92,73.908175042,215.651175042,31.35,593.0,"Japan, JP",0.9875516,50289923
2026-10-01T12:41:53.763505+00:00,vast.ai,marketplace,RTX 5080,0.34805555555555556,1,15.92,83.955175042,241.213175042,62.83,401.4,"Latvia, LV",0.930983,53683117
2026-10-01T12:41:53.763505+00:00,vast.ai,marketplace,RTX 5080,0.3485185185185185,1,15.92,83.732175042,240.25317504199998,62.65,745.0,"Ontario, CA",0.9893796,51232338
2026-10-01T12:41:53.763505+00:00,vast.ai,marketplace,RTX 4080S,0.35083333333333333,1,31.99,70.976175042,202.30717504199998,62.85,420.30000000000007,"Ontario, CA",0.9976448,50555695
2026-10-01T12:41:53.763505+00:00,vast.ai,marketplace,RTX 5070 Ti,0.35129629629629633,1,15.92,75.980175042,216.285175042,62.57,1521.8,"Illinois, US",0.9910229,49939692
2026-10-01T12:41:53.763505+00:00,vast.ai,marketplace,RTX 3090,0.3613888888888889,1,24.0,44.830175042,124.051175042,78.48,1415.1,"Quebec, CA",0.9869519,52497112
2026-10-01T12:41:53.763505+00:00,vast.ai,marketplace,RTX 3090,0.3613888888888889,1,24.0,44.369175042,122.77617504199999,125.87,282.425,"Nevada, US",0.99189,51607942
2026-10-01T12:41:53.763505+00:00,vast.ai,marketplace,RTX 3090 Ti,0.3616666666666667,1,23.99,42.062175042,116.302175042,31.3,597.0,"Spain, ES",0.9685673,52056954
2026-10-01T12:41:53.763505+00:00,vast.ai,marketplace,RTX 4090,0.3616666666666667,1,23.99,97.75217504199999,270.282175042,31.29,736.0,"Texas, US",0.9962089,41254717
2026-10-01T12:41:53.763505+00:00,vast.ai,marketplace,RTX 4090,0.36185185185185187,1,23.99,98.561175042,272.381175042,47.13,321.5,"United States, US",0.9975561,44885351
2026-10-01T12:41:53.763505+00:00,vast.ai,marketplace,RTX 4090,0.36185185185185187,1,23.99,98.52017504199999,272.26617504200004,31.41,273.42500000000007,"United States, US",0.9550284,53384084
2026-10-01T12:41:53.763505+00:00,vast.ai,marketplace,RTX 4500Ada,0.3650370370370371,1,23.99,40.475175042000004,110.881175042,23.34,99.69999999999999,"France, FR",0.9896112,51136774
2026-10-01T12:41:53.763505+00:00,vast.ai,marketplace,RTX 4090,0.37472222222222223,1,23.99,97.04717504199999,258.986175042,62.7,628.0,"Australia, AU",0.9876877,53649074
2026-10-01T12:41:53.763505+00:00,vast.ai,marketplace,RTX 3080 Ti,0.3751851851851852,1,12.0,33.966175042,90.53217504199999,31.19,738.0,"Florida, US",0.9961488,53420449
2026-10-01T12:41:53.763505+00:00,vast.ai,marketplace,RTX 5080,0.3751851851851852,1,15.92,83.774175042,223.287175042,31.08,768.0,"Ontario, CA",0.9929448,51233990
2026-10-01T12:41:53.763505+00:00,vast.ai,marketplace,RTX 5080,0.37785185185185177,1,15.92,83.74317504199999,221.62917504199999,30.21,731.5,"Spain, ES",0.9884315,52934369
2026-10-01T12:41:53.763505+00:00,vast.ai,marketplace,RTX PRO 4000,0.37885185185185183,1,23.89,65.75217504199999,173.556175042,62.88,735.25,"Slovakia, SK",0.99737,45623849
2026-10-01T12:41:53.763505+00:00,vast.ai,marketplace,RTX 4090,0.3809259259259259,1,23.99,93.80317504199999,246.251175042,31.34,288.0,"Quebec, CA",0.9987869,28758519
2026-10-01T12:41:53.763505+00:00,vast.ai,marketplace,RTX PRO 4500,0.38675925925925925,1,31.86,96.474175042,249.443175042,93.77,165.74709813575168,"India, IN",0.9943716,44658700
2026-10-01T12:41:53.763505+00:00,vast.ai,marketplace,RTX 3090,0.3875925925925926,1,24.0,44.371175042000004,114.479175042,41.92,94.33333333333333,"Czechia, CZ",0.9921814,18811408
2026-10-01T12:41:53.763505+00:00,vast.ai,marketplace,RTX 3090,0.3875925925925926,1,24.0,42.233175042,108.962175042,20.94,181.5,"Czechia, CZ",0.9843074,31013683
2026-10-01T12:41:53.763505+00:00,vast.ai,marketplace,RTX 4090,0.3875925925925926,1,23.99,50.278175042,129.71817504199998,30.95,1234.0,"New York, US",0.9872838,50943352
2026-10-01T12:41:53.763505+00:00,vast.ai,marketplace,RTX 5090,0.3877777777777778,1,31.84,100.71317504199999,259.72017504200005,62.78,247.0,"Virginia, US",0.5981654,33085155
2026-10-01T12:41:53.763505+00:00,vast.ai,marketplace,RTX 4090,0.38805555555555554,1,23.99,97.061175042,250.12317504199999,31.41,716.9,"Jiangsu, CN",0.9552734,53657702
2026-10-01T12:41:53.763505+00:00,vast.ai,marketplace,RTX A6000,0.3885185185185185,1,47.99,54.460175042,140.174175042,62.83,1616.5,"Vietnam, VN",0.9143246,53627380
2026-10-01T12:41:53.763505+00:00,vast.ai,marketplace,RTX 4090,0.3885185185185185,1,23.99,97.250175042,250.310175042,62.71,173.0,"Texas, US",0.9959182,50686367
2026-10-01T12:41:53.763505+00:00,vast.ai,marketplace,RTX PRO 4000,0.3885185185185185,1,23.89,65.74017504199999,169.207175042,62.88,810.5,"Indiana, US",0.9933632,53640333
2026-10-01T12:41:53.763505+00:00,vast.ai,marketplace,RTX 5070 Ti,0.3942,1,15.92,38.013175042,96.432175042,15.56,422.0,"Spain, ES",0.9944004,51782003
2026-10-01T12:41:53.763505+00:00,vast.ai,marketplace,RTX 5070 Ti,0.3942,1,15.92,40.883175042000005,103.71317504199999,31.0,791.0,"Spain, ES",0.9944353,51724767
2026-10-01T12:41:53.763505+00:00,vast.ai,marketplace,RTX 4090,0.40064814814814814,1,23.99,90.848175042,226.75417504199999,167.92,793.2333333333332,"Denmark, DK",0.9949146,13605349
2026-10-01T12:41:53.763505+00:00,vast.ai,marketplace,RTX 4090,0.40115740740740735,1,23.99,97.04717504199999,241.919175042,31.36,1230.5,"New Jersey, US",0.9956986,44021634
2026-10-01T12:41:53.763505+00:00,vast.ai,marketplace,RTX A6000,0.40138888888888885,1,47.99,37.472175042,93.357175042,62.97,148.86709823775192,"Kansas, US",0.9925168,21004754
2026-10-01T12:41:53.763505+00:00,vast.ai,marketplace,RTX 4090,0.40138888888888885,1,23.99,32.892175042000005,81.947175042,71.98,141.64285714285714,"Malaysia, MY",0.9945928,43681494
2026-10-01T12:41:53.763505+00:00,vast.ai,marketplace,RTX 4090,0.40138888888888885,1,23.99,9.998175042,24.909175041999998,62.55,1309.0,"Switzerland, CH",0.9741553,47815246
2026-10-01T12:41:53.763505+00:00,vast.ai,marketplace,RTX 4090,0.40138888888888885,1,23.99,98.589175042,245.620175042,62.38,574.6,"Quebec, CA",0.9919559,53668717
2026-10-01T12:41:53.763505+00:00,vast.ai,marketplace,RTX 4090,0.40138888888888885,1,22.49,40.791175042,101.626175042,31.35,1411.05,"British Columbia, CA",0.9940411,53478253
2026-10-01T12:41:53.763505+00:00,vast.ai,marketplace,RTX 4090,0.40138888888888885,1,23.99,97.411175042,242.686175042,30.98,593.5,"Türkiye, TR",0.9933221,42420268
2026-10-01T12:41:53.763505+00:00,vast.ai,marketplace,RTX 4090,0.40138888888888885,1,23.99,97.34117504199999,242.512175042,31.37,333.55,"Türkiye, TR",0.9830274,25753562
2026-10-01T12:41:53.763505+00:00,vast.ai,marketplace,RTX 4090,0.40138888888888885,1,23.99,96.81717504199999,241.205175042,31.26,188.0,"Indiana, US",0.9970554,52777508
2026-10-01T12:41:53.763505+00:00,vast.ai,marketplace,RTX 5080,0.40138888888888885,1,15.92,83.784175042,208.73617504199999,47.14,772.0,"Czechia, CZ",0.9566192,53060395
2026-10-01T12:41:53.763505+00:00,vast.ai,marketplace,CMP 170HX,0.40138888888888885,1,64.0,84.798175042,211.262175042,62.92,221.0035149814459,"Bulgaria, BG",0.9821974,52623836
2026-10-01T12:41:53.763505+00:00,vast.ai,marketplace,RTX A6000,0.4023148148148148,1,47.99,54.462175042000005,135.37317504199999,47.23,100.125,"Romania, RO",0.9945979,51100870
2026-10-01T12:41:53.763505+00:00,vast.ai,marketplace,RTX 4080S,0.4023148148148148,1,15.99,31.109175042,77.327175042,83.84,393.66666666666663,"Norway, NO",0.9962186,10764193
2026-10-01T12:41:53.763505+00:00,vast.ai,marketplace,RTX 3090,0.40277777777777773,1,24.0,45.084175042000005,111.935175042,62.71,1535.4,"Texas, US",0.9212976,53635966
2026-10-01T12:41:53.763505+00:00,vast.ai,marketplace,RTX 3090,0.40277777777777773,1,24.0,45.086175042,111.938175042,62.62,1535.4,"Texas, US",0.9122072,53635964
2026-10-01T12:41:53.763505+00:00,vast.ai,marketplace,RTX A6000,0.40277777777777773,1,44.99,51.249175042000005,127.239175042,47.12,561.419641308586,"Delaware, US",0.9985334,45242143
2026-10-01T12:41:53.763505+00:00,vast.ai,marketplace,RTX A6000,0.40277777777777773,1,44.99,51.241175042,127.21917504199999,70.7,616.9000000000001,"Delaware, US",0.9985831,45241992
2026-10-01T12:41:53.763505+00:00,vast.ai,marketplace,A100 PCIE,0.40277777777777773,1,40.0,93.693175042,232.61717504199999,94.29,506.25,"California, US",0.9911211,51163394
2026-10-01T12:41:53.763505+00:00,vast.ai,marketplace,RTX 3090 Ti,0.40324074074074073,1,23.99,46.195175042,114.560175042,62.89,630.25,"Thailand, TH",0.9842661,53612396
2026-10-01T12:41:53.763505+00:00,vast.ai,marketplace,RTX 4090,0.4037037037037037,1,23.99,96.977175042,240.220175042,86.58,652.6800749488098,"Estonia, EE",0.9865803,51008160
2026-10-01T12:41:53.763505+00:00,vast.ai,marketplace,CMP 170HX,0.4041666666666666,1,64.0,74.116175042,183.37917504199999,83.82,672.0,"Ontario, CA",0.9918157,51134026
2026-10-01T12:41:53.763505+00:00,vast.ai,marketplace,RTX 5060 Ti,0.4041666666666666,1,15.93,35.132175042,86.92517504199999,15.54,170.0,"Washington, US",0.9951428,53206959
2026-10-01T12:41:53.763505+00:00,vast.ai,marketplace,RTX 5090,0.4060185185185185,1,31.84,198.452175042,488.777175042,62.96,364.95,"United States, US",0.9963765,51858238
2026-10-01T12:41:53.763505+00:00,vast.ai,marketplace,RTX 5090,0.4060185185185185,1,31.84,199.238175042,490.712175042,62.88,638.025,"California, US",0.9937362,52224285
2026-10-01T12:41:53.763505+00:00,vast.ai,marketplace,RTX 2060,0.4069444444444444,1,6.0,3.225175042,7.925175042,7.71,9.000000000001592,"Vietnam, VN",0.9946724,21712215
2026-10-01T12:41:53.763505+00:00,vast.ai,marketplace,RTX 3090,0.40139155555555556,1,24.0,44.600175042000004,111.114175042,31.18,554.0,"Oklahoma, US",0.9719492,51065387
2026-10-01T12:41:53.763505+00:00,vast.ai,marketplace,RTX 3090,0.41205555555555556,1,24.0,44.609175042000004,108.26117504199999,125.65,1451.0,"Quebec, CA",0.9948171,53295594
2026-10-01T12:41:53.763505+00:00,vast.ai,marketplace,RTX 4090,0.4147222222222222,1,23.99,97.554175042,235.229175042,62.96,574.5,"Oregon, US",0.9873409,50629596
2026-10-01T12:41:53.763505+00:00,vast.ai,marketplace,RTX 4090,0.41564814814814816,1,23.99,96.98417504199999,233.334175042,125.88,757.75,"Hungary, HU",0.9949046,50167757
2026-10-01T12:41:53.763505+00:00,vast.ai,marketplace,RTX 4090,0.4224146693581398,1,23.99,97.033175042,229.71217504199998,41.93,1068.8999999999999,"Sweden, SE",0.9412517,53581241
2026-10-01T12:41:53.763505+00:00,vast.ai,marketplace,RTX 3090,0.42359259259259263,1,24.0,44.363175042,104.73117504199999,31.45,288.23767877350303,"Czechia, CZ",0.9133328,48782873
2026-10-01T12:41:53.763505+00:00,vast.ai,marketplace,RTX 5000Ada,0.42759259259259264,1,31.99,64.21917504199999,150.189175042,62.85,1625.8,"Minnesota, US",0.9856898,51357842
2026-10-01T12:41:53.763505+00:00,vast.ai,marketplace,RTX 4090,0.4280555555555556,1,23.99,97.170175042,227.00417504199999,46.99,723.0,"Czechia, CZ",0.996903,53467831
2026-10-01T12:41:53.763505+00:00,vast.ai,marketplace,RTX 4090,0.4280555555555556,1,23.99,49.912175042,116.60317504199999,62.89,152.25,"North Carolina, US",0.9939856,50026581
2026-10-01T12:41:53.763505+00:00,vast.ai,marketplace,RTX PRO 4000,0.4285185185185185,1,23.89,65.70417504199999,153.329175042,55.01,1418.4693791854804,"Indiana, US",0.9977783,52365986
2026-10-01T12:41:53.763505+00:00,vast.ai,marketplace,RTX 3090,0.42892592592592593,1,24.0,44.364175042,103.432175042,31.45,268.75,"Czechia, CZ",0.9744936,30293576
2026-10-01T12:41:53.763505+00:00,vast.ai,marketplace,RTX 3090,0.42892592592592593,1,24.0,44.351175042,103.40117504199999,25.15,867.0,"Czechia, CZ",0.9911502,30717207
2026-10-01T12:41:53.763505+00:00,vast.ai,marketplace,RTX 3090,0.42892592592592593,1,24.0,44.364175042,103.432175042,50.3,68.2,"Czechia, CZ",0.9704057,33877200
2026-10-01T12:41:53.763505+00:00,vast.ai,marketplace,RTX 5090,0.43268518518518523,1,31.84,198.353175042,458.423175042,31.41,571.75,"Beijing, CN",0.9704183,50338938
2026-10-01T12:41:53.763505+00:00,vast.ai,marketplace,RTX 5090,0.43268518518518523,1,31.84,198.73017504199998,459.294175042,31.36,661.75,"Sichuan, CN",0.9919802,50556739
2026-10-01T12:41:53.763505+00:00,vast.ai,marketplace,RTX 4090,0.4336111111111111,1,23.99,97.54717504199999,224.964175042,31.26,194.0,"Poland, PL",0.9941295,51009496
2026-10-01T12:41:53.763505+00:00,vast.ai,marketplace,RTX 3090,0.43472222222222223,1,24.0,43.497175042,100.058175042,62.89,383.75,"Czechia, CZ",0.979826,53194859
2026-10-01T12:41:53.763505+00:00,vast.ai,marketplace,RTX 5090,0.43472222222222223,1,31.84,200.544175042,461.316175042,83.92,784.6666666666666,"Romania, RO",0.9771529,53356764
2026-10-01T12:41:53.763505+00:00,vast.ai,marketplace,RTX 4090,0.4355057367977539,1,23.99,96.998175042,222.727175042,93.94,681.5,"Sweden, SE",0.9908227,49028154
2026-10-01T12:41:53.763505+00:00,vast.ai,marketplace,RTX 5070 Ti,0.43787384325925927,1,15.92,75.778175042,173.059175042,31.41,819.675,"California, US",0.970163,52442706
2026-10-01T12:41:53.763505+00:00,vast.ai,marketplace,RTX 5090,0.4400555555555556,1,31.84,193.356175042,439.390175042,62.83,1369.85,"Romania, RO",0.9926084,53685376
2026-10-01T12:41:53.763505+00:00,vast.ai,marketplace,RTX 4090,0.44185185185185183,1,23.99,97.205175042,219.996175042,31.06,652.0,"Denmark, DK",0.9968451,50740122
2026-10-01T12:41:53.763505+00:00,vast.ai,marketplace,RTX 5090,0.4437037037037037,1,31.84,189.525175042,427.143175042,62.96,309.2662078363955,"California, US",0.9954385,53643670
2026-10-01T12:41:53.763505+00:00,vast.ai,marketplace,RTX 5090,0.4437037037037037,1,31.84,185.457175042,417.97517504200005,67.45,388.8714285714285,"United States, US",0.7092534,52925309
2026-10-01T12:41:53.763505+00:00,vast.ai,marketplace,RTX 4500Ada,0.4480555555555556,1,23.99,40.618175042000004,90.65417504199999,124.94,3032.6,"Japan, JP",0.995958,51047523
2026-10-01T12:41:53.763505+00:00,vast.ai,marketplace,RTX 4090,0.4542592592592593,1,23.99,98.464175042,216.75917504199998,125.96,1336.8125,"Pennsylvania, US",0.9983046,53620643
2026-10-01T12:41:53.763505+00:00,vast.ai,marketplace,RTX 4090,0.45449074074074075,1,23.99,97.04717504199999,213.530175042,62.71,3313.0,"New Jersey, US",0.9948363,47733837
2026-10-01T12:41:53.763505+00:00,vast.ai,marketplace,RTX 4090,0.45472222222222225,1,23.99,97.012175042,213.345175042,31.27,698.8,"United Kingdom, GB",0.9136784,52969850
2026-10-01T12:41:53.763505+00:00,vast.ai,marketplace,RTX 4090,0.45472222222222225,1,23.99,96.96317504199999,213.237175042,62.83,611.5,"Michigan, US",0.995965,47414294
2026-10-01T12:41:53.763505+00:00,vast.ai,marketplace,RTX 5090,0.45472222222222225,1,31.84,199.020175042,437.67517504200003,47.09,538.5,"Zhejiang, CN",0.9957279,53368570
2026-10-01T12:41:53.763505+00:00,vast.ai,marketplace,RTX 4090,0.4551851851851852,1,23.99,98.640175042,216.704175042,59.0,630.125,"Quebec, CA",0.9945755,29761288
2026-10-01T12:41:53.763505+00:00,vast.ai,marketplace,RTX 4090,0.4551851851851852,1,23.99,83.51717504199999,183.479175042,47.04,277.0,"Montana, US",0.9977069,53340325
2026-10-01T12:41:53.763505+00:00,vast.ai,marketplace,RTX 4090,0.4551851851851852,1,23.99,98.918175042,217.314175042,62.96,1144.375,"Quebec, CA",0.9718237,29790061
2026-10-01T12:41:53.763505+00:00,vast.ai,marketplace,RTX 4090,0.4554166666666667,1,23.99,85.43117504199999,187.588175042,31.35,51.5,"Montana, US",0.9989314,45982651
2026-10-01T12:41:53.763505+00:00,vast.ai,marketplace,RTX 4090,0.46672222222222226,1,23.99,87.128175042,186.681175042,70.65,1607.0,"Thailand, TH",0.998125,36762812
2026-10-01T12:41:53.763505+00:00,vast.ai,marketplace,RTX 4090,0.46759259259259256,1,23.99,97.054175042,207.562175042,94.41,312.38750000000005,"Taiwan, TW",0.988842,50987214
2026-10-01T12:41:53.763505+00:00,vast.ai,marketplace,RTX 3090,0.4678703703703703,1,24.0,44.844175042,95.84717504199999,62.83,662.5,"Sweden, SE",0.9937694,53242275
2026-10-01T12:41:53.763505+00:00,vast.ai,marketplace,RTX 4090,0.4680555555555555,1,23.99,77.418175042,165.405175042,83.97,139.5,"Texas, US",0.9943076,44533568
2026-10-01T12:41:53.763505+00:00,vast.ai,marketplace,RTX 4090,0.4680555555555555,1,23.99,97.04717504199999,207.342175042,125.85,479.25,"Spain, ES",0.9991647,16761620
2026-10-01T12:41:53.763505+00:00,vast.ai,marketplace,RTX 4090,0.46851851851851845,1,23.99,95.706175042,204.274175042,78.45,1639.1,"Norway, NO",0.9965247,53476129
2026-10-01T12:41:53.763505+00:00,vast.ai,marketplace,RTX 4090,0.46851851851851845,1,23.99,96.36817504199999,205.687175042,31.44,160.4,"Norway, NO",0.9980391,53676437
2026-10-01T12:41:53.763505+00:00,vast.ai,marketplace,RTX 4090,0.46851851851851845,1,23.99,96.998175042,207.03317504199998,35.93,209.28571428571428,"Norway, NO",0.9972962,53476058
2026-10-01T12:41:53.763505+00:00,vast.ai,marketplace,CMP 170HX,0.46851851851851845,1,64.0,73.821175042,157.56317504199998,143.95,400.1428571428571,"Hungary, HU",0.9856236,52388434
2026-10-01T12:41:53.763505+00:00,vast.ai,marketplace,CMP 170HX,0.46851851851851845,1,64.0,82.36217504199999,175.794175042,62.69,327.0,"Portugal, PT",0.9693464,52991356
2026-10-01T12:41:53.763505+00:00,vast.ai,marketplace,CMP 170HX,0.46851851851851845,1,64.0,84.415175042,180.174175042,62.71,311.0,"Portugal, PT",0.9900661,51218042
2026-10-01T12:41:53.763505+00:00,vast.ai,marketplace,RTX 4090,0.46898148148148144,1,23.99,96.796175042,206.39617504199998,125.92,1467.5,"Norway, NO",0.9914448,13430356
2026-10-01T12:41:53.763505+00:00,vast.ai,marketplace,RTX 4090,0.46898148148148144,1,23.99,5.945175042000001,12.676175042,125.78,1366.5,"Spain, ES",0.9977561,31829236
2026-10-01T12:41:53.763505+00:00,vast.ai,marketplace,RTX 5090,0.46898148148148144,1,31.84,194.984175042,415.76117504200005,30.47,591.0,"South Korea, KR",0.9980125,52190815
2026-10-01T12:41:53.763505+00:00,vast.ai,marketplace,RTX 5090,0.46898148148148144,1,31.84,199.09317504199998,424.522175042,30.46,488.5,"South Korea, KR",0.9982406,43982847
2026-10-01T12:41:53.763505+00:00,vast.ai,marketplace,RTX 5090,0.46898148148148144,1,31.84,194.074175042,413.82117504200005,30.47,574.1,"South Korea, KR",0.9982456,45669280
2026-10-01T12:41:53.763505+00:00,vast.ai,marketplace,RTX 5090,0.46898148148148144,1,31.84,136.209175042,290.43717504200004,30.47,455.0,"South Korea, KR",0.9982874,45380575
2026-10-01T12:41:53.763505+00:00,vast.ai,marketplace,RTX A6000,0.4694444444444444,1,47.99,54.443175042,115.97517504199999,94.28,725.0,"Arizona, US",0.9927703,53643248
2026-10-01T12:41:53.763505+00:00,vast.ai,marketplace,RTX 5090,0.4694444444444444,1,31.84,199.132175042,424.188175042,47.13,260.5,"United States, US",0.9893062,51710808
2026-10-01T12:41:53.763505+00:00,vast.ai,marketplace,A100 SXM4,0.4699074074074074,1,40.0,91.821175042,195.40217504199998,78.71,284.51249999999993,"California, US",0.9726624,53118155
2026-10-01T12:41:53.763505+00:00,vast.ai,marketplace,RTX 4090,0.4699074074074074,1,23.99,97.00517504199999,206.436175042,251.93,673.675,"Spain, ES",0.9989225,50655973
2026-10-01T12:41:53.763505+00:00,vast.ai,marketplace,RTX 4090,0.47013888888888883,1,23.99,54.687175042,116.321175042,62.71,363.0,"Poland, PL",0.9936778,45843293
2026-10-01T12:41:53.763505+00:00,vast.ai,marketplace,RTX 4090,0.4703703703703703,1,47.99,125.342175042,266.476175042,62.94,244.6125,"California, US",0.9949709,48882869
2026-10-01T12:41:53.763505+00:00,vast.ai,marketplace,RTX 4090,0.4703703703703703,1,23.99,97.033175042,206.292175042,62.88,512.5,"United Kingdom, GB",0.5939136,36643055
2026-10-01T12:41:53.763505+00:00,vast.ai,marketplace,RTX 4090,0.47083333333333327,1,23.99,97.030175042,206.082175042,125.92,479.75,"Spain, ES",0.998932,36368079
2026-10-01T12:41:53.763505+00:00,vast.ai,marketplace,RTX 5070 Ti,0.47083333333333327,1,15.92,75.845175042,161.088175042,15.48,713.0,"Washington, US",0.9974123,52630575
2026-10-01T12:41:53.763505+00:00,vast.ai,marketplace,RTX 5090,0.47268518518518515,1,31.84,199.27717504199998,421.58617504200004,62.87,725.025,"United States, US",0.9954783,44614428
2026-10-01T12:41:53.763505+00:00,vast.ai,marketplace,RTX 5090,0.47268518518518515,1,31.84,175.116175042,370.471175042,31.46,128.4125,"United States, US",0.9962277,46753297
2026-10-01T12:41:53.763505+00:00,vast.ai,marketplace,RTX 5090,0.47268518518518515,1,31.84,166.621175042,352.49917504200005,31.46,320.4875,"United States, US",0.9962281,43165154
2026-10-01T12:41:53.763505+00:00,vast.ai,marketplace,RTX 3090,0.47559259259259257,1,24.0,44.257175042,93.05617504199999,31.43,253.75,"Czechia, CZ",0.9975797,20130145
2026-10-01T12:41:53.763505+00:00,vast.ai,marketplace,RTX 4090,0.48231481481481486,1,23.99,97.00517504199999,201.125175042,23.48,737.5,"Denmark, DK",0.9926953,50300639
2026-10-01T12:41:53.763505+00:00,vast.ai,marketplace,RTX 5090,0.48833333333333323,1,31.84,198.624175042,406.739175042,125.77,1348.75,"Vietnam, VN",0.99809,27607254
2026-10-01T12:41:53.763505+00:00,vast.ai,marketplace,RTX 5090,0.4885185185185184,1,31.84,199.495175042,408.36917504200005,62.81,1307.5,"Vietnam, VN",0.9956615,51111638
2026-10-01T12:41:53.763505+00:00,vast.ai,marketplace,RTX 3060 Ti,0.49311111111111106,1,8.0,13.775175042,27.936175042,503.51,1470.9000000000003,"British Columbia, CA",0.996003,47265159
2026-10-01T12:41:53.763505+00:00,vast.ai,marketplace,RTX 4090,0.49601851851851847,1,23.99,96.271175042,194.08717504199998,50.34,1245.8000000000002,"California, US",0.9960857,51857333
2026-10-01T12:41:53.763505+00:00,vast.ai,marketplace,RTX 5090,0.497037037037037,1,31.84,198.805175042,399.981175042,71.96,395.6126659316677,"Estonia, EE",0.9651967,50151509
2026-10-01T12:41:53.763505+00:00,vast.ai,marketplace,RTX 5090,0.497037037037037,1,31.84,198.49217504199999,399.351175042,71.96,648.689352529629,"Estonia, EE",0.9531488,40819924
2026-10-01T12:41:53.763505+00:00,vast.ai,marketplace,RTX 5880Ada,0.5003222222222222,1,47.99,106.899175042,213.660175042,62.72,280.0,"Hungary, HU",0.9890244,52420358
2026-10-01T12:41:53.763505+00:00,vast.ai,marketplace,RTX 4090,0.5080555555555555,1,23.99,86.961175042,171.165175042,30.22,455.0,"The Netherlands, NL",0.9956624,51890698
2026-10-01T12:41:53.763505+00:00,vast.ai,marketplace,RTX 4090,0.5080555555555555,1,23.99,97.054175042,191.031175042,62.67,1370.0,"Nevada, US",0.9905051,53045894
2026-10-01T12:41:53.763505+00:00,vast.ai,marketplace,RTX 4090,0.5080555555555555,1,23.99,97.205175042,191.328175042,31.16,3249.9,"Nevada, US",0.9684425,50607409
2026-10-01T12:41:53.763505+00:00,vast.ai,marketplace,RTX 5090,0.5080555555555555,1,31.84,199.429175042,392.534175042,62.8,665.5,"Australia, AU",0.9942624,53649104
2026-10-01T12:41:53.763505+00:00,vast.ai,marketplace,RTX 5090,0.5080555555555555,1,31.84,199.397175042,392.47017504200005,62.63,1346.0,"South Korea, KR",0.9983775,52902766
2026-10-01T12:41:53.763505+00:00,vast.ai,marketplace,RTX 5080,0.5089259259259259,1,15.92,83.629175042,164.32517504199998,125.0,2724.3,"The Netherlands, NL",0.9370042,53540868
2026-10-01T12:41:53.763505+00:00,vast.ai,marketplace,RTX 5090,0.5103703703703703,1,31.84,186.465175042,365.352175042,62.96,256.9328438516731,"California, US",0.9953329,52723068
2026-10-01T12:41:53.763505+00:00,vast.ai,marketplace,RTX 4090,0.5135925925925925,1,23.99,95.816175042,186.562175042,31.34,218.0,"Taiwan, TW",0.9974876,53334700
2026-10-01T12:41:53.763505+00:00,vast.ai,marketplace,RTX A6000,0.5213888888888889,1,47.99,54.476175042,104.48417504199999,83.92,775.4578606141464,"Quebec, CA",0.9962713,52313038
2026-10-01T12:41:53.763505+00:00,vast.ai,marketplace,RTX 4090,0.5213888888888889,1,23.99,97.033175042,186.106175042,62.66,548.0,"Nevada, US",0.9976573,53251387
2026-10-01T12:41:53.763505+00:00,vast.ai,marketplace,RTX 4090,0.5213888888888889,1,23.99,97.054175042,186.14617504199998,62.68,2991.0,"Nevada, US",0.996729,53061818
2026-10-01T12:41:53.763505+00:00,vast.ai,marketplace,RTX 3090,0.5235925925925927,1,24.0,44.367175042,84.736175042,31.43,330.5,"Czechia, CZ",0.9303915,20375214
2026-10-01T12:41:53.763505+00:00,vast.ai,marketplace,RTX 4090,0.5275925925925926,1,23.99,97.040175042,183.931175042,46.98,663.0,"Bulgaria, BG",0.9907692,44902334
2026-10-01T12:41:53.763505+00:00,vast.ai,marketplace,RTX 4090,0.5275925925925926,1,23.99,97.233175042,184.296175042,46.98,477.0,"Bulgaria, BG",0.9901517,46785569
2026-10-01T12:41:53.763505+00:00,vast.ai,marketplace,RTX 5090,0.5337962962962963,1,31.84,199.674175042,374.06417504200004,61.96,107.0,"New Jersey, US",0.9957766,53491863
2026-10-01T12:41:53.763505+00:00,vast.ai,marketplace,RTX 4090,0.5339814814814815,1,23.99,97.02617504199999,181.704175042,125.88,1524.7,"Arizona, US",0.9948758,50859182
2026-10-01T12:41:53.763505+00:00,vast.ai,marketplace,A100 PCIE,0.5342592592592592,1,40.0,95.42217504199999,178.606175042,62.96,375.375,"California, US",0.9908658,50954797
2026-10-01T12:41:53.763505+00:00,vast.ai,marketplace,A40,0.5347222222222222,1,44.99,44.046175042,82.372175042,125.55,3111.4,"United Kingdom, GB",0.9668944,52628046
2026-10-01T12:41:53.763505+00:00,vast.ai,marketplace,RTX 4090,0.5347222222222222,1,23.99,97.441175042,182.228175042,31.32,2444.0,"Taiwan, TW",0.9965227,53492597
2026-10-01T12:41:53.763505+00:00,vast.ai,marketplace,RTX 4090,0.5347222222222222,1,23.99,98.250175042,183.741175042,55.97,644.3642133562936,"Bulgaria, BG",0.9961897,26537137
2026-10-01T12:41:53.763505+00:00,vast.ai,marketplace,RTX 4090,0.5347222222222222,1,23.99,97.397175042,182.14617504199998,50.3,995.8000000000001,"Ukraine, UA",0.9958588,48192781
2026-10-01T12:41:53.763505+00:00,vast.ai,marketplace,RTX 4090,0.5347222222222222,1,23.99,97.369175042,182.094175042,47.02,1428.0,"Taiwan, TW",0.9992313,53492552
2026-10-01T12:41:53.763505+00:00,vast.ai,marketplace,RTX 5090,0.5347222222222222,1,31.84,198.796175042,371.774175042,141.68,269.875,"Malaysia, MY",0.9890767,49863317
2026-10-01T12:41:53.763505+00:00,vast.ai,marketplace,RTX 5070 Ti,0.5351851851851852,1,15.92,73.104175042,136.596175042,251.91,769.25,"Texas, US",0.9991826,53317848
2026-10-01T12:41:53.763505+00:00,vast.ai,marketplace,RTX 5070 Ti,0.5351851851851852,1,15.92,75.91317504199999,141.844175042,251.91,1469.0,"Texas, US",0.9954885,53320341
2026-10-01T12:41:53.763505+00:00,vast.ai,marketplace,RTX 4090,0.5356481481481481,1,23.99,97.00517504199999,181.100175042,75.54,630.1,"Norway, NO",0.999388,53588562
2026-10-01T12:41:53.763505+00:00,vast.ai,marketplace,RTX 5090,0.5356481481481481,1,31.84,199.159175042,371.80917504200005,30.47,500.0,"South Korea, KR",0.9989151,50466037
2026-10-01T12:41:53.763505+00:00,vast.ai,marketplace,RTX 5090,0.5356481481481481,1,31.84,199.09317504199998,371.686175042,30.47,471.0,"South Korea, KR",0.9988727,50466150
2026-10-01T12:41:53.763505+00:00,vast.ai,marketplace,RTX 5090,0.5356481481481481,1,31.84,194.014175042,362.205175042,30.47,621.0,"South Korea, KR",0.9989726,50465588
2026-10-01T12:41:53.763505+00:00,vast.ai,marketplace,RTX 5090,0.5356481481481481,1,31.84,194.065175042,362.301175042,30.47,398.0,"South Korea, KR",0.998759,52159510
2026-10-01T12:41:53.763505+00:00,vast.ai,marketplace,RTX PRO 4000,0.5356481481481481,1,23.89,65.74017504199999,122.730175042,125.62,3176.0,"Norway, NO",0.993679,53204097
2026-10-01T12:41:53.763505+00:00,vast.ai,marketplace,RTX 6000Ada,0.537037037037037,1,47.99,117.033175042,217.924175042,83.92,740.3333333333333,"Estonia, EE",0.9823543,35415085
2026-10-01T12:41:53.763505+00:00,vast.ai,marketplace,RTX 5090,0.537037037037037,1,31.84,195.639175042,364.29317504200003,62.84,520.9853870103609,"United States, US",0.9914637,51079078
2026-10-01T12:41:53.763505+00:00,vast.ai,marketplace,RTX 5090,0.537037037037037,1,31.84,154.737175042,288.13217504200003,71.96,856.2857142857142,"Estonia, EE",0.9832895,43624372
2026-10-01T12:41:53.763505+00:00,vast.ai,marketplace,RTX 4090,0.537962962962963,1,47.99,123.641175042,229.832175042,75.57,701.6,"California, US",0.974186,47667750
2026-10-01T12:41:53.763505+00:00,vast.ai,marketplace,RTX 5090,0.5499074074074074,1,31.84,199.086175042,362.036175042,62.9,493.125,"North Carolina, US",0.9893332,29717000
2026-10-01T12:41:53.763505+00:00,vast.ai,marketplace,RTX 4090,0.5612962962962964,1,23.99,97.054175042,172.911175042,31.14,527.5,"Massachusetts, US",0.9959868,47334602
2026-10-01T12:41:53.763505+00:00,vast.ai,marketplace,RTX 4090,0.5613888888888889,1,23.99,97.033175042,172.846175042,31.44,1550.9,"Taiwan, TW",0.9989427,45087814
2026-10-01T12:41:53.763505+00:00,vast.ai,marketplace,RTX 5090,0.5623148148148148,1,31.84,199.317175042,354.459175042,94.13,694.0,"South Korea, KR",0.7446598,53672278
2026-10-01T12:41:53.763505+00:00,vast.ai,marketplace,RTX 5090,0.5623148148148148,1,31.84,199.357175042,354.529175042,94.13,773.0,"South Korea, KR",0.9728049,52703630
2026-10-01T12:41:53.763505+00:00,vast.ai,marketplace,RTX 5090,0.5627777777777778,1,31.84,199.383175042,354.284175042,60.24,1623.6,"Chile, CL",0.9575417,52568441
2026-10-01T12:41:53.763505+00:00,vast.ai,marketplace,RTX 5090,0.5655185185185185,1,31.84,75.396175042,133.322175042,62.92,1387.5,"Sweden, SE",0.9956729,37375836
2026-10-01T12:41:53.763505+00:00,vast.ai,marketplace,RTX 5090,0.5685185185185185,1,31.84,154.75317504199998,272.205175042,61.73,1223.0,"Kansas, US",0.9882961,51477566
2026-10-01T12:41:53.763505+00:00,vast.ai,marketplace,RTX 5090,0.5733888888888888,1,31.84,164.804175042,287.421175042,31.46,189.05757708074623,"Thailand, TH",0.98565,45330020
2026-10-01T12:41:53.763505+00:00,vast.ai,marketplace,RTX 5090,0.5742592592592592,1,31.84,199.21217504199998,346.902175042,62.63,1370.0,"South Korea, KR",0.9975513,46055492
2026-10-01T12:41:53.763505+00:00,vast.ai,marketplace,A100 SXM4,0.5793518518518519,1,40.0,95.51417504199999,164.864175042,51.15,353.625,"United States, US",0.9929545,50213972
2026-10-01T12:41:53.763505+00:00,vast.ai,marketplace,RTX 4090,0.5841111111111111,1,23.99,98.575175042,168.761175042,62.88,757.0,"Texas, US",0.9973969,46126405
2026-10-01T12:41:53.763505+00:00,vast.ai,marketplace,A100 PCIE,0.5875925925925926,1,40.0,95.45417504199999,162.449175042,82.53,1140.3,"Idaho, US",0.9975498,49317260
2026-10-01T12:41:53.763505+00:00,vast.ai,marketplace,A100 SXM4,0.5875925925925926,1,40.0,35.710175042,60.774175042,125.75,234.0,"United Kingdom, GB",0.9759696,38565864
2026-10-01T12:41:53.763505+00:00,vast.ai,marketplace,RTX 5090,0.5903703703703703,1,31.84,165.550175042,280.41817504200003,108.05,1634.3,"California, US",0.9909184,53462685
2026-10-01T12:41:53.763505+00:00,vast.ai,marketplace,RTX 5090,0.6009259259259259,1,31.84,198.683175042,330.62917504200004,55.96,478.77777777777777,"Bulgaria, BG",0.7847385,45089955
2026-10-01T12:41:53.763505+00:00,vast.ai,marketplace,A100 PCIE,0.6013888888888889,1,40.0,94.382175042,156.940175042,251.84,1614.1000000000001,"Japan, JP",0.9993121,24622077
2026-10-01T12:41:53.763505+00:00,vast.ai,marketplace,RTX 6000Ada,0.6013888888888889,1,47.99,113.018175042,187.928175042,49.14,442.75,"Germany, DE",0.9382626,53243440
2026-10-01T12:41:53.763505+00:00,vast.ai,marketplace,RTX 4090,0.6013888888888889,1,23.99,96.991175042,161.279175042,251.91,816.0,"Norway, NO",0.9964239,52963864
2026-10-01T12:41:53.763505+00:00,vast.ai,marketplace,RTX 4090,0.6013888888888889,1,23.99,97.390175042,161.943175042,31.44,718.5,"Taiwan, TW",0.9950192,49035055
2026-10-01T12:41:53.763505+00:00,vast.ai,marketplace,RTX 5090,0.6013888888888889,1,31.84,199.370175042,331.51617504200004,31.27,524.0,"Ontario, CA",0.9740894,50023595
2026-10-01T12:41:53.763505+00:00,vast.ai,marketplace,RTX 5090,0.6013888888888889,1,31.84,167.165175042,277.965175042,31.34,729.0,"South Korea, KR",0.989918,50734484
2026-10-01T12:41:53.763505+00:00,vast.ai,marketplace,RTX 5090,0.6013888888888889,1,31.84,193.695175042,322.07917504200003,31.17,1418.0,"South Korea, KR",0.9437286,53669628
2026-10-01T12:41:53.763505+00:00,vast.ai,marketplace,RTX PRO 5000,0.6013888888888889,1,47.79,165.725175042,275.57117504200005,62.88,1117.0,"India, IN",0.9928022,53690212
2026-10-01T12:41:53.763505+00:00,vast.ai,marketplace,RTX 6000Ada,0.6016666666666667,1,47.99,113.10317504199999,187.984175042,62.77,309.0,"Japan, JP",0.9949649,40396208
2026-10-01T12:41:53.763505+00:00,vast.ai,marketplace,RTX 5090,0.6023148148148147,1,31.84,199.264175042,330.83117504200004,62.96,34.27732404368203,"Norway, NO",0.9910519,52127978
2026-10-01T12:41:53.763505+00:00,vast.ai,marketplace,RTX 4090,0.6046296296296296,1,47.99,125.272175042,207.18817504199998,52.47,514.5833333333333,"California, US",0.9961466,40232093
2026-10-01T12:41:53.763505+00:00,vast.ai,marketplace,A100 PCIE,0.6064814814814815,1,40.0,83.616175042,137.871175042,47.14,2932.3332000351934,"Estonia, EE",0.8065897,52618401
2026-10-01T12:41:53.763505+00:00,vast.ai,marketplace,GTX 1660 Ti,0.6069444444444444,1,6.0,2.474175042,4.076175042,7.7,579.4000000000024,"Vietnam, VN",0.9932136,33521707
2026-10-01T12:41:53.763505+00:00,vast.ai,marketplace,L40S,0.6147222222222223,1,47.99,105.372175042,171.41417504199998,335.84,7377.704505030617,"Quebec, CA",0.9796615,52429317
2026-10-01T12:41:53.763505+00:00,vast.ai,marketplace,RTX 5090,0.6147222222222223,1,31.84,198.91417504199998,323.585175042,35.89,439.2857142857143,"Bulgaria, BG",0.9941382,53358187
2026-10-01T12:41:53.763505+00:00,vast.ai,marketplace,RTX PRO 5000,0.6151851851851853,1,47.79,165.601175042,269.190175042,247.94,628.25,"India, IN",0.9887333,53690228
2026-10-01T12:41:53.763505+00:00,vast.ai,marketplace,RTX PRO 5000,0.6280555555555555,1,47.79,165.508175042,263.525175042,125.64,709.0,"Texas, US",0.996976,49530092
2026-10-01T12:41:53.763505+00:00,vast.ai,marketplace,RTX PRO 5000,0.6287962962962962,1,47.79,165.756175042,263.609175042,125.88,608.25,"Maryland, US",0.9980705,51792683
2026-10-01T12:41:53.763505+00:00,vast.ai,marketplace,RTX 5090,0.6289814814814814,1,31.84,199.403175042,317.02617504200003,62.88,1813.1250000000002,"Denmark, DK",0.978919,52716526
2026-10-01T12:41:53.763505+00:00,vast.ai,marketplace,A100 PCIE,0.6329814814814814,1,40.0,95.244175042,150.469175042,125.96,1452.1777588475245,"Japan, JP",0.9926648,46773557
2026-10-01T12:41:53.763505+00:00,vast.ai,marketplace,RTX 4080S,0.6413888888888889,1,31.99,70.93917504199999,110.602175042,125.77,1410.8,"Minnesota, US",0.9997298,53490444
2026-10-01T12:41:53.763505+00:00,vast.ai,marketplace,RTX 6000Ada,0.6437037037037037,1,47.99,113.180175042,175.826175042,117.9,535.0,"California, US",0.9982606,52597412
2026-10-01T12:41:53.763505+00:00,vast.ai,marketplace,RTX 5090,0.6453888888888889,1,31.84,198.901175042,308.188175042,250.48,1271.5,"Italy, IT",0.945249,53406659
2026-10-01T12:41:53.763505+00:00,vast.ai,marketplace,RTX 4090,0.6528240740740741,1,47.99,125.668175042,192.500175042,125.88,494.75,"British Columbia, CA",0.9974349,46211611
2026-10-01T12:41:53.763505+00:00,vast.ai,marketplace,RTX 5090,0.657962962962963,1,31.84,200.215175042,304.29517504200004,39.29,569.25,"Michigan, US",0.9955942,49059637
2026-10-01T12:41:53.763505+00:00,vast.ai,marketplace,RTX PRO 5000,0.6673148148148148,1,47.79,165.684175042,248.285175042,125.77,2831.875746855267,"Czechia, CZ",0.9743568,53567988
2026-10-01T12:41:53.763505+00:00,vast.ai,marketplace,RTX PRO 5000,0.6675925925925925,1,47.79,165.69417504199998,248.197175042,91.97,470.00000000000045,"Singapore, SG",0.9542252,52753217
2026-10-01T12:41:53.763505+00:00,vast.ai,marketplace,RTX 4090,0.6677777777777777,1,23.99,97.568175042,146.108175042,167.85,1633.1820341179714,"Japan, JP",0.9986376,53456779
2026-10-01T12:41:53.763505+00:00,vast.ai,marketplace,RTX PRO 5000,0.6680528888888889,1,47.79,165.49817504199999,247.732175042,62.69,407.0,"Bulgaria, BG",0.9960757,51288089
2026-10-01T12:41:53.763505+00:00,vast.ai,marketplace,RTX 3090,0.6680555555555555,1,24.0,44.366175042,66.41017504199999,31.28,163.0,"British Columbia, CA",0.9949149,19448806
2026-10-01T12:41:53.763505+00:00,vast.ai,marketplace,RTX 6000Ada,0.6680555555555555,1,47.99,113.075175042,169.260175042,93.18,342.5,"Australia, AU",0.9993877,24311380
2026-10-01T12:41:53.763505+00:00,vast.ai,marketplace,RTX 4090,0.6680555555555555,1,23.99,97.040175042,145.258175042,31.28,697.0,"Taiwan, TW",0.9964133,47554699
2026-10-01T12:41:53.763505+00:00,vast.ai,marketplace,RTX 4090,0.6680555555555555,1,23.99,97.04717504199999,145.269175042,45.71,704.0,"Texas, US",0.9934995,53387267
2026-10-01T12:41:53.763505+00:00,vast.ai,marketplace,RTX 5090,0.6680555555555555,1,31.84,198.478175042,297.099175042,62.63,642.0000000000001,"South Korea, KR",0.9974617,47472577
2026-10-01T12:41:53.763505+00:00,vast.ai,marketplace,RTX 5080,0.6680555555555555,1,15.92,83.694175042,125.280175042,62.8,780.75,"Oman, OM",0.9973674,53244548
2026-10-01T12:41:53.763505+00:00,vast.ai,marketplace,RTX PRO 5000,0.6680555555555555,1,47.79,165.312175042,247.452175042,62.73,499.0,"Slovakia, SK",0.9964354,47409124
2026-10-01T12:41:53.763505+00:00,vast.ai,marketplace,RTX PRO 5000,0.6685185185185185,1,47.79,165.550175042,247.637175042,94.26,610.5,"Ohio, US",0.9939056,51838778
2026-10-01T12:41:53.763505+00:00,vast.ai,marketplace,RTX 4090,0.6689814814814814,1,47.99,66.030175042,98.703175042,125.92,1367.7,"Texas, US",0.9991481,46613766
2026-10-01T12:41:53.763505+00:00,vast.ai,marketplace,RTX 5880Ada,0.6689814814814814,1,47.99,106.774175042,159.608175042,125.96,684.375,"United Kingdom, GB",0.9980109,44120932
2026-10-01T12:41:53.763505+00:00,vast.ai,marketplace,RTX 4090,0.6712962962962963,1,23.99,97.19817504199999,144.792175042,124.88,1599.0,"Washington, US",0.9968067,47654288
2026-10-01T12:41:53.763505+00:00,vast.ai,marketplace,RTX 5090,0.6712962962962963,1,31.84,197.058175042,293.549175042,55.96,1012.8888888888888,"California, US",0.9970989,44070351
2026-10-01T12:41:53.763505+00:00,vast.ai,marketplace,GTX 1650 S,0.673611111111111,1,4.0,1.801175042,2.674175042,7.71,9.000000000001364,"Vietnam, VN",0.9910242,32242878
2026-10-01T12:41:53.763505+00:00,vast.ai,marketplace,GTX 1660,0.673611111111111,1,6.0,2.315175042,3.437175042,7.71,569.4000000000024,"Vietnam, VN",0.9928667,33521216
2026-10-01T12:41:53.763505+00:00,vast.ai,marketplace,A100 SXM4,0.6813888888888889,1,40.0,95.357175042,139.945175042,125.92,423.32616172669816,"Massachusetts, US",0.9966965,48716609
2026-10-01T12:41:53.763505+00:00,vast.ai,marketplace,RTX 6000Ada,0.6947222222222222,1,47.99,113.122175042,162.83117504199998,62.96,243.875,"Germany, DE",0.9943339,43933076
2026-10-01T12:41:53.763505+00:00,vast.ai,marketplace,RTX 6000Ada,0.6947222222222222,1,47.99,113.05617504199999,162.735175042,94.22,1897.0,"California, US",0.9960118,46256351
2026-10-01T12:41:53.763505+00:00,vast.ai,marketplace,A100 SXM4,0.6956481481481481,1,40.0,87.619175042,125.95417504199999,125.89,616.75,"Croatia, HR",0.9906451,41566566
2026-10-01T12:41:53.763505+00:00,vast.ai,marketplace,RTX 5090,0.6956481481481481,1,31.84,198.61117504199999,285.505175042,94.42,2753.125,"Hungary, HU",0.9970733,50716297
2026-10-01T12:41:53.763505+00:00,vast.ai,marketplace,RTX PRO 5000,0.6956481481481481,1,47.79,165.643175042,238.113175042,93.88,1100.0,"Quebec, CA",0.9982806,53693791
2026-10-01T12:41:53.763505+00:00,vast.ai,marketplace,RTX 5090,0.7002592592592592,1,31.84,184.601175042,263.618175042,47.05,845.1,"Taiwan, TW",0.9979777,53325761
2026-10-01T12:41:53.763505+00:00,vast.ai,marketplace,RTX 5090,0.7187222222222223,1,31.84,198.399175042,276.04517504200004,143.92,825.8571428571428,"Poland, PL",0.9940984,53258825
2026-10-01T12:41:53.763505+00:00,vast.ai,marketplace,A100 SXM4,0.721388888888889,1,40.0,95.510175042,132.398175042,125.92,252.5226364936887,"Massachusetts, US",0.9965223,46709200
2026-10-01T12:41:53.763505+00:00,vast.ai,marketplace,RTX PRO 5000,0.7240555555555556,1,47.79,165.77717504199998,228.95617504199998,125.89,1637.125,"Alberta, CA",0.9658917,53473435
2026-10-01T12:41:53.763505+00:00,vast.ai,marketplace,A100 PCIE,0.7269444444444445,1,40.0,90.73417504199999,124.816175042,125.76,3020.0,"Michigan, US",0.9988219,53027123
2026-10-01T12:41:53.763505+00:00,vast.ai,marketplace,RTX 5090,0.7347222222222223,1,31.84,198.656175042,270.383175042,35.93,838.6093147313304,"Belgium, BE",0.991065,52015832
2026-10-01T12:41:53.763505+00:00,vast.ai,marketplace,RTX 5090,0.7347222222222223,1,31.84,198.571175042,270.267175042,125.9,438.25,"Ontario, CA",0.9883118,52960036
2026-10-01T12:41:53.763505+00:00,vast.ai,marketplace,RTX PRO 5000,0.7347222222222223,1,47.79,71.97817504199999,97.96617504199999,68.34,338.0,"California, US",0.9971472,49725348
2026-10-01T12:41:53.763505+00:00,vast.ai,marketplace,RTX PRO 5000,0.7347222222222223,1,47.79,165.69417504199998,225.520175042,93.91,1202.0,"Washington, US",0.9988684,47651207
2026-10-01T12:41:53.763505+00:00,vast.ai,marketplace,RTX 5090,0.735462962962963,1,31.84,199.251175042,270.92017504200004,125.88,209.0,"Hungary, HU",0.995446,44204690
2026-10-01T12:41:53.763505+00:00,vast.ai,marketplace,RTX 5090,0.735462962962963,1,31.84,198.690175042,270.15617504200003,125.96,497.875,"Hungary, HU",0.9945696,50576327
2026-10-01T12:41:53.763505+00:00,vast.ai,marketplace,RTX 4090,0.7356481481481482,1,47.99,125.563175042,170.683175042,125.95,402.5,"Romania, RO",0.9976317,48289329
2026-10-01T12:41:53.763505+00:00,vast.ai,marketplace,RTX 5090,0.7475925925925926,1,31.84,74.652175042,99.85617504199999,62.79,368.0,"Maryland, US",0.9849568,51969541
2026-10-01T12:41:53.763505+00:00,vast.ai,marketplace,RTX 5090,0.7475925925925926,1,31.84,179.389175042,239.955175042,62.79,44.0,"California, US",0.9893677,51969543
2026-10-01T12:41:53.763505+00:00,vast.ai,marketplace,RTX 5090,0.7609259259259258,1,31.84,98.265175042,129.139175042,62.79,341.0,"Maryland, US",0.9941555,51969550
2026-10-01T12:41:53.763505+00:00,vast.ai,marketplace,RTX 4090,0.7623148148148147,1,23.99,96.98417504199999,127.224175042,125.96,1102.125,"Maryland, US",0.9988643,52800773
2026-10-01T12:41:53.763505+00:00,vast.ai,marketplace,RTX PRO 5000,0.7632407407407407,1,47.79,165.684175042,217.080175042,55.01,956.5,"Czechia, CZ",0.9986869,39270910
2026-10-01T12:41:53.763505+00:00,vast.ai,marketplace,RTX 5090,0.770648148148148,1,31.84,198.43217504199998,257.48717504200005,251.52,1082.2569375703733,"Sweden, SE",0.9992684,48191711
2026-10-01T12:41:53.763505+00:00,vast.ai,marketplace,RTX 5090,0.7746296296296297,1,31.84,196.155175042,253.22417504199998,62.53,14.0,"Thailand, TH",0.9889228,50555596
2026-10-01T12:41:53.763505+00:00,vast.ai,marketplace,A100 PCIE,0.7747222222222222,1,40.0,95.43917504199999,123.191175042,125.51,3351.6,"Illinois, US",0.9686922,52578452
2026-10-01T12:41:53.763505+00:00,vast.ai,marketplace,RTX PRO 5000,0.777962962962963,1,47.79,165.674175042,212.958175042,62.88,1574.4087072039047,"Quebec, CA",0.9583297,52840361
2026-10-01T12:41:53.763505+00:00,vast.ai,marketplace,A40,0.7880555555555555,1,44.99,44.032175042,55.874175042000005,500.96,33.25,"Belgium, BE",0.9815218,51337965
2026-10-01T12:41:53.763505+00:00,vast.ai,marketplace,RTX PRO 5000,0.7880555555555555,1,47.79,165.49817504199999,210.008175042,62.96,1569.95,"Nebraska, US",0.9744107,52507506
2026-10-01T12:41:53.763505+00:00,vast.ai,marketplace,RTX PRO 5000,0.7880555555555555,1,47.79,165.550175042,210.074175042,71.95,1824.8,"Nebraska, US",0.972958,52514693
2026-10-01T12:41:53.763505+00:00,vast.ai,marketplace,RTX 6000Ada,0.7885185185185185,1,47.99,113.23717504199999,143.607175042,167.84,3587.0,"North Carolina, US",0.9960849,36503108
2026-10-01T12:41:53.763505+00:00,vast.ai,marketplace,RTX 5090,0.7931481481481482,1,31.84,199.440175042,251.453175042,62.86,753.9856650396852,"Slovakia, SK",0.9924537,45620124
2026-10-01T12:41:53.763505+00:00,vast.ai,marketplace,RTX PRO 5000,0.7997777777777777,1,47.79,165.715175042,207.201175042,62.71,2724.0,"Texas, US",0.9978603,49279286
2026-10-01T12:41:53.763505+00:00,vast.ai,marketplace,RTX 6000Ada,0.8002777777777778,1,47.99,113.075175042,141.29517504199998,62.49,304.43754811940346,"The Netherlands, NL",0.9985923,39914433
2026-10-01T12:41:53.763505+00:00,vast.ai,marketplace,L40S,0.8009259259259258,1,44.99,93.56717504199999,116.82317504199999,251.94,200.5,"Taiwan, TW",0.9980913,25990407
2026-10-01T12:41:53.763505+00:00,vast.ai,marketplace,L40S,0.8009259259259258,1,44.99,93.674175042,116.95717504199999,251.94,118.1249999999996,"Taiwan, TW",0.9976782,38575668
2026-10-01T12:41:53.763505+00:00,vast.ai,marketplace,A100 SXM4,0.8009259259259258,1,40.0,95.446175042,119.170175042,62.97,570.5,"Czechia, CZ",0.9971796,30895667
2026-10-01T12:41:53.763505+00:00,vast.ai,marketplace,A100 SXM4,0.8009259259259258,1,40.0,95.37417504199999,119.080175042,62.97,551.2125328733838,"Czechia, CZ",0.9879856,50365140
2026-10-01T12:41:53.763505+00:00,vast.ai,marketplace,RTX 4090,0.8009259259259258,1,23.99,61.358175042,76.60917504199999,110.03,1627.5,"Virginia, US",0.9950651,13917960
2026-10-01T12:41:53.763505+00:00,vast.ai,marketplace,L40S,0.8013888888888888,1,44.99,93.64517504199999,116.85317504199999,83.85,917.0,"United Kingdom, GB",0.9970938,48510582
2026-10-01T12:41:53.763505+00:00,vast.ai,marketplace,RTX 6000Ada,0.8013888888888888,1,47.99,112.997175042,141.001175042,251.74,2367.1622138248513,"Texas, US",0.9984117,40465232
2026-10-01T12:41:53.763505+00:00,vast.ai,marketplace,RTX 5090,0.8013888888888888,1,31.84,199.284175042,248.674175042,60.41,1215.0,"Japan, JP",0.9907765,52399138
2026-10-01T12:41:53.763505+00:00,vast.ai,marketplace,RTX 5090,0.8013888888888888,1,31.84,199.387175042,248.802175042,125.58,2306.0,"Texas, US",0.9950759,48229908
2026-10-01T12:41:53.763505+00:00,vast.ai,marketplace,RTX 5090,0.8013888888888888,1,31.84,189.97417504199998,237.05717504199998,125.83,3303.175,"United Kingdom, GB",0.9647889,52451720
2026-10-01T12:41:53.763505+00:00,vast.ai,marketplace,RTX 5090,0.8013888888888888,1,31.84,198.842175042,248.122175042,62.96,723.625,"Czechia, CZ",0.7687566,46900148
2026-10-01T12:41:53.763505+00:00,vast.ai,marketplace,A100 PCIE,0.8013888888888888,1,80.0,125.02917504199999,156.016175042,125.87,123.0,"South Korea, KR",0.9969525,47463265
2026-10-01T12:41:53.763505+00:00,vast.ai,marketplace,RTX PRO 5000,0.8013888888888888,1,47.79,165.477175042,206.488175042,83.93,987.6833333333334,"Belgium, BE",0.997411,49974696
2026-10-01T12:41:53.763505+00:00,vast.ai,marketplace,RTX PRO 5000,0.8013888888888888,1,47.79,165.674175042,206.733175042,62.73,1430.0,"Taiwan, TW",0.9963791,53492705
2026-10-01T12:41:53.763505+00:00,vast.ai,marketplace,RTX 4090,0.802037037037037,1,23.99,97.54717504199999,121.62417504199999,125.88,701.5,"Hungary, HU",0.9916652,44336617
2026-10-01T12:41:53.763505+00:00,vast.ai,marketplace,RTX 5090,0.8023148148148147,1,31.84,47.087175042000005,58.690175042,93.85,1319.0,"The Netherlands, NL",0.9965732,28840970
2026-10-01T12:41:53.763505+00:00,vast.ai,marketplace,RTX 5090,0.8023148148148147,1,31.84,198.624175042,247.564175042,500.98,438.25,"Spain, ES",0.9993471,25507611
2026-10-01T12:41:53.763505+00:00,vast.ai,marketplace,L40S,0.8155925925925925,1,44.99,93.65417504199999,114.830175042,62.94,3743.0925749488097,"Romania, RO",0.9708116,50740353
2026-10-01T12:41:53.763505+00:00,vast.ai,marketplace,RTX 3090,0.8240555555555555,1,24.0,44.843175042000006,54.417175042000004,503.54,2488.0,"The Netherlands, NL",0.9866396,52542164
2026-10-01T12:41:53.763505+00:00,vast.ai,marketplace,RTX 5090,0.8347222222222223,1,31.84,199.317175042,238.78317504199998,110.0,3332.5,"Japan, JP",0.957204,53681618
2026-10-01T12:41:53.763505+00:00,vast.ai,marketplace,RTX 4090,0.8383148148148147,1,23.99,97.561175042,116.37717504199999,75.49,2551.6000000000004,"Hungary, HU",0.9910026,49591158
2026-10-01T12:41:53.763505+00:00,vast.ai,marketplace,RTX 4090,0.8395635555555556,1,23.99,100.799175042,120.061175042,125.72,720.8,"Oklahoma, US",0.9943529,29933348
2026-10-01T12:41:53.763505+00:00,vast.ai,marketplace,RTX 5090,0.8547222222222223,1,31.84,203.685175042,238.305175042,251.74,844.0,"Singapore, SG",0.9919015,53356136
2026-10-01T12:41:53.763505+00:00,vast.ai,marketplace,RTX 5090,0.8660444444444445,1,31.84,81.759175042,94.405175042,251.52,6564.0,"Texas, US",0.985744,38001277
2026-10-01T12:41:53.763505+00:00,vast.ai,marketplace,L40S,0.8680555555555556,1,44.99,93.625175042,107.85617504199999,62.62,452.770299795239,"South Korea, KR",0.9939847,49960121
2026-10-01T12:41:53.763505+00:00,vast.ai,marketplace,RTX 5090,0.8680555555555556,1,31.84,198.809175042,229.028175042,60.44,3217.0,"Spain, ES",0.9993727,26186869
2026-10-01T12:41:53.763505+00:00,vast.ai,marketplace,RTX 5090,0.8680555555555556,1,31.84,198.663175042,228.860175042,94.44,357.425,"Quebec, CA",0.9942902,49760558
2026-10-01T12:41:53.763505+00:00,vast.ai,marketplace,RTX 5090,0.8680555555555556,1,31.84,116.307175042,133.98617504199999,62.96,465.0,"Alberta, CA",0.998519,45508891
2026-10-01T12:41:53.763505+00:00,vast.ai,marketplace,RTX 5090,0.8686518518518519,1,31.84,199.522175042,229.691175042,62.18,2877.0,"Florida, US",0.9984866,48514932
2026-10-01T12:41:53.763505+00:00,vast.ai,marketplace,RTX 5090,0.8686571851851853,1,31.84,199.030175042,229.124175042,61.95,694.6390362919492,"Florida, US",0.996775,42585583
2026-10-01T12:41:53.763505+00:00,vast.ai,marketplace,RTX 5090,0.8686705185185185,1,31.84,198.356175042,228.344175042,62.7,1500.0,"Florida, US",0.9989631,47070073
2026-10-01T12:41:53.763505+00:00,vast.ai,marketplace,RTX 5090,0.8689814814814815,1,31.84,199.086175042,229.103175042,30.46,3005.0,"Spain, ES",0.9994526,28841131
2026-10-01T12:41:53.763505+00:00,vast.ai,marketplace,A100 SXM4,0.8693709296296297,1,40.0,95.444175042,109.786175042,87.53,475.75,"Germany, DE",0.9949206,53663353
2026-10-01T12:41:53.763505+00:00,vast.ai,marketplace,RTX 5090,0.8699074074074075,1,31.84,198.928175042,228.677175042,94.4,770.25,"Spain, ES",0.9983333,31191994
2026-10-01T12:41:53.763505+00:00,vast.ai,marketplace,A100 PCIE,0.8708333333333333,1,80.0,127.19017504199999,146.056175042,125.88,822.75,"Oklahoma, US",0.9961638,47546414
2026-10-01T12:41:53.763505+00:00,vast.ai,marketplace,RTX PRO 5000,0.9085185185185186,1,47.79,165.69417504199998,182.37917504199999,125.88,805.4,"Hungary, HU",0.9849308,53001953
2026-10-01T12:41:53.763505+00:00,vast.ai,marketplace,A100 SXM4,0.9237037037037036,1,40.0,95.385175042,103.26417504199999,251.96,2693.967944270822,"California, US",0.9875597,50245532
2026-10-01T12:41:53.763505+00:00,vast.ai,marketplace,RTX 4090,0.9342592592592591,1,47.99,125.668175042,134.511175042,251.51,4768.3739395059765,"Japan, JP",0.9964911,53659871
2026-10-01T12:41:53.763505+00:00,vast.ai,marketplace,RTX 3080 Ti,0.9351851851851851,1,12.0,34.706175042000005,37.111175042,31.41,692.75,"Florida, US",0.993168,49921403
2026-10-01T12:41:53.763505+00:00,vast.ai,marketplace,RTX PRO 5000,0.9379629629629629,1,71.69,191.089175042,203.728175042,122.93,1466.0,"Colorado, US",0.9747648,51501187
2026-10-01T12:41:53.763505+00:00,vast.ai,marketplace,RTX PRO 5000,0.9520629629629631,1,47.79,165.84917504199998,174.20017504199998,58.91,1169.2362644962473,"Texas, US",0.9688288,42735320
2026-10-01T12:41:53.763505+00:00,vast.ai,marketplace,A100 SXM4,0.961388888888889,1,80.0,117.17217504199999,121.87717504199999,125.93,82.0,"France, FR",0.9904433,43131366
2026-10-01T12:41:53.763505+00:00,vast.ai,marketplace,RTX 5090,0.9756111111111111,1,31.84,190.594175042,195.359175042,125.93,571.125,"Czechia, CZ",0.9963003,30374680
2026-10-01T12:41:53.763505+00:00,vast.ai,marketplace,A100 SXM4,1.000925925925926,1,80.0,128.89617504199998,128.77717504199998,251.94,105.375,"Taiwan, TW",0.998788,36994163
2026-10-01T12:41:53.763505+00:00,vast.ai,marketplace,A100 PCIE,1.0013888888888889,1,80.0,5.388175042,5.380175042,125.87,42.75,"United Kingdom, GB",0.9986265,32303769
2026-10-01T12:41:53.763505+00:00,vast.ai,marketplace,RTX 5090,1.0022592592592594,1,31.84,198.947175042,198.499175042,31.44,1366.7418527691332,"Czechia, CZ",0.9931878,47627492
2026-10-01T12:41:53.763505+00:00,vast.ai,marketplace,RTX 5090,1.0027222222222223,1,31.84,179.330175042,178.84317504199998,62.95,272.96102890392706,"Czechia, CZ",0.9983458,44096416
2026-10-01T12:41:53.763505+00:00,vast.ai,marketplace,RTX 5090,1.0027222222222223,1,31.84,198.657175042,198.118175042,62.96,1145.625,"Czechia, CZ",0.9694035,53194850
2026-10-01T12:41:53.763505+00:00,vast.ai,marketplace,RTX 5090,1.0027777777777778,1,31.84,198.967175042,198.416175042,91.74,1585.8,"Texas, US",0.9001172,53635619
2026-10-01T12:41:53.763505+00:00,vast.ai,marketplace,RTX 5090,1.0027777777777778,1,31.84,199.046175042,198.495175042,93.51,1585.8,"Texas, US",0.9973316,53635586
2026-10-01T12:41:53.763505+00:00,vast.ai,marketplace,RTX 5090,1.0107222222222223,1,31.84,199.245175042,197.131175042,167.84,2225.6666666666665,"Germany, DE",0.9358685,53334402
2026-10-01T12:41:53.763505+00:00,vast.ai,marketplace,RTX PRO 5000,1.0299074074074073,1,47.79,165.767175042,160.953175042,125.88,891.25,"Czechia, CZ",0.9986434,39309139
2026-10-01T12:41:53.763505+00:00,vast.ai,marketplace,RTX 5090,1.0374814814814814,1,31.84,192.655175042,185.695175042,40.22,564.5,"Taiwan, TW",0.9925127,52965012
2026-10-01T12:41:53.763505+00:00,vast.ai,marketplace,RTX PRO 5000,1.0515925925925926,1,47.79,165.601175042,157.477175042,55.07,754.125,"Czechia, CZ",0.9973382,44193900
2026-10-01T12:41:53.763505+00:00,vast.ai,marketplace,A40,1.0547222222222223,1,44.99,43.990175042000004,41.708175042,500.96,319.5,"Belgium, BE",0.9822779,51338028
2026-10-01T12:41:53.763505+00:00,vast.ai,marketplace,A100 SXM4,1.0550925925925927,1,80.0,119.80917504199999,113.55317504199999,125.97,1096.5,"Sweden, SE",0.9983085,21050973
2026-10-01T12:41:53.763505+00:00,vast.ai,marketplace,A100 SXM4,1.0551851851851852,1,80.0,128.844175042,122.10617504199999,125.61,2962.0,"Utah, US",0.9264963,50659896
2026-10-01T12:41:53.763505+00:00,vast.ai,marketplace,RTX 5090,1.056574074074074,1,31.84,172.479175042,163.244175042,94.44,578.625,"Czechia, CZ",0.9960404,28247758
2026-10-01T12:41:53.763505+00:00,vast.ai,marketplace,RTX 3090,1.0680555555555555,1,24.0,34.531175042,32.331175042000005,125.69,353.0,"Ontario, CA",0.9901942,52810281
2026-10-01T12:41:53.763505+00:00,vast.ai,marketplace,RTX 6000D,1.0680555555555555,1,83.64,229.091175042,214.493175042,125.92,507.17500000000007,"California, US",0.981775,53292555
2026-10-01T12:41:53.763505+00:00,vast.ai,marketplace,RTX 5090,1.0680555555555555,1,31.84,199.370175042,186.666175042,61.47,780.0,"Texas, US",0.994687,53387132
2026-10-01T12:41:53.763505+00:00,vast.ai,marketplace,RTX 5090,1.0695000000000001,1,31.84,172.346175042,161.14617504199998,94.43,658.4205478265421,"Czechia, CZ",0.9915032,49900235
2026-10-01T12:41:53.763505+00:00,vast.ai,marketplace,A100 PCIE,1.0708333333333333,1,80.0,127.336175042,118.91317504199999,216.53,652.7476364936888,"Virginia, US",0.9907016,50723373
2026-10-01T12:41:53.763505+00:00,vast.ai,marketplace,RTX PRO 6000 WS,1.072685185185185,1,95.59,282.917175042,263.74717504200004,125.92,607.540584062594,"California, US",0.9772174,51010709
2026-10-01T12:41:53.763505+00:00,vast.ai,marketplace,RTX 5090,1.0804254814814815,1,31.84,198.782175042,183.985175042,110.2,372.0,"Hungary, HU",0.9961323,49846917
2026-10-01T12:41:53.763505+00:00,vast.ai,marketplace,RTX PRO 6000 Max-Q,1.0947222222222222,1,95.59,283.229175042,258.722175042,125.83,18.5,"Japan, JP",0.9901474,34531894
2026-10-01T12:41:53.763505+00:00,vast.ai,marketplace,RTX PRO 6000 WS,1.0993518518518517,1,95.59,282.43017504200003,256.90617504200003,47.1,2569.5,"Beijing, CN",0.9515285,50041228
2026-10-01T12:41:53.763505+00:00,vast.ai,marketplace,RTX 5090,1.1149703703703704,1,31.84,199.086175042,178.55717504199998,94.42,1260.75,"Hungary, HU",0.980596,32292347
2026-10-01T12:41:53.763505+00:00,vast.ai,marketplace,RTX 5090,1.1152481481481482,1,31.84,199.14617504199998,178.566175042,94.42,1016.125,"Hungary, HU",0.9959178,49155137
2026-10-01T12:41:53.763505+00:00,vast.ai,marketplace,RTX PRO 6000 Max-Q,1.1347222222222222,1,95.59,10.494175042,9.248175042,62.71,4115.625,"Virginia, US",0.9930392,51921734
2026-10-01T12:41:53.763505+00:00,vast.ai,marketplace,RTX PRO 6000 Max-Q,1.1347235555555555,1,95.59,283.48217504200005,249.82517504199998,123.37,1504.0,"Japan, JP",0.9898742,53694115
2026-10-01T12:41:53.763505+00:00,vast.ai,marketplace,RTX 5090,1.1356481481481482,1,31.84,199.14617504199998,175.358175042,125.7,1529.0,"Alberta, CA",0.9994242,42027880
2026-10-01T12:41:53.763505+00:00,vast.ai,marketplace,RTX 4090,1.136462962962963,1,23.99,96.80317504199999,85.179175042,881.76,6535.0,"Quebec, CA",0.9902548,20266704
2026-10-01T12:41:53.763505+00:00,vast.ai,marketplace,RTX 5090,1.1875925925925928,1,31.84,93.521175042,78.74917504199999,121.21,650.2,"Germany, DE",0.9812291,51782800
2026-10-01T12:41:53.763505+00:00,vast.ai,marketplace,RTX 5090,1.1875925925925928,1,31.84,198.782175042,167.383175042,251.69,2714.0,"United Kingdom, GB",0.9970358,51953913
2026-10-01T12:41:53.763505+00:00,vast.ai,marketplace,RTX A2000,1.2013888888888888,1,5.99,8.571175042,7.134175042000001,31.24,821.0,"British Columbia, CA",0.9332549,53632280
2026-10-01T12:41:53.763505+00:00,vast.ai,marketplace,RTX 4090,1.2536666666666667,1,23.99,97.04717504199999,77.411175042,167.97,521.6666666666666,"Washington, US",0.9977751,41755372
2026-10-01T12:41:53.763505+00:00,vast.ai,marketplace,RTX 3090,1.2685185185185184,1,24.0,44.606175042000004,35.164175042000004,41.88,819.0,"Florida, US",0.9958154,50788266
2026-10-01T12:41:53.763505+00:00,vast.ai,marketplace,RTX 4090,1.2689814814814815,1,47.99,125.39517504199999,98.816175042,125.75,1495.0,"Washington, US",0.9948283,39518987
2026-10-01T12:41:53.763505+00:00,vast.ai,marketplace,RTX 4090,1.281388888888889,1,47.99,125.668175042,98.072175042,220.06,6532.0,"Washington, US",0.9986203,38637438
2026-10-01T12:41:53.763505+00:00,vast.ai,marketplace,RTX PRO 6000 Max-Q,1.2818518518518518,1,95.59,283.268175042,220.983175042,998.03,1431.25,"India, IN",0.9632006,53694587
2026-10-01T12:41:53.763505+00:00,vast.ai,marketplace,RTX 4090,1.282314814814815,1,47.99,125.571175042,97.92517504199999,125.87,3003.0,"Washington, US",0.9985956,46255397
2026-10-01T12:41:53.763505+00:00,vast.ai,marketplace,RTX PRO 6000 WS,1.3080555555555555,1,95.59,283.774175042,216.943175042,125.62,1425.8,"Hong Kong, HK",0.9986736,53664146
2026-10-01T12:41:53.763505+00:00,vast.ai,marketplace,RTX PRO 6000 S,1.3272555555555554,1,95.59,193.541175042,145.820175042,188.8,1150.5,"New York, US",0.9919521,42702272
2026-10-01T12:41:53.763505+00:00,vast.ai,marketplace,RTX 4090,1.3344444444444443,1,47.99,123.69517504199999,92.694175042,503.52,2715.9,"Virginia, US",0.9464463,53065113
2026-10-01T12:41:53.763505+00:00,vast.ai,marketplace,RTX PRO 6000 Max-Q,1.3347222222222221,1,95.59,283.11217504200005,212.113175042,93.9,1422.0,"California, US",0.9570934,53575568
2026-10-01T12:41:53.763505+00:00,vast.ai,marketplace,RTX 3090,1.3347222222222221,1,24.0,44.364175042,33.238175042,62.72,431.0,"Washington, US",0.995402,51860372
2026-10-01T12:41:53.763505+00:00,vast.ai,marketplace,RTX 5090,1.3347222222222221,1,31.84,190.365175042,142.625175042,62.25,2003.0,"British Columbia, CA",0.9682324,48515309
2026-10-01T12:41:53.763505+00:00,vast.ai,marketplace,RTX 5090,1.3347222222222221,1,31.84,136.767175042,102.468175042,62.5,570.0,"Portugal, PT",0.9943689,53693735
2026-10-01T12:41:53.763505+00:00,vast.ai,marketplace,CMP 170HX,1.335185185185185,1,40.0,69.260175042,51.873175042,39.28,167.70000000000002,"Hungary, HU",0.9921892,53509069
2026-10-01T12:41:53.763505+00:00,vast.ai,marketplace,RTX 5080,1.335185185185185,1,15.92,83.720175042,62.703175042000005,31.21,743.0,"Florida, US",0.9972887,51473535
2026-10-01T12:41:53.763505+00:00,vast.ai,marketplace,RTX 5070 Ti,1.335185185185185,1,15.92,75.899175042,56.845175042,62.89,285.22774634750397,"Texas, US",0.9902634,53558645
2026-10-01T12:41:53.763505+00:00,vast.ai,marketplace,RTX PRO 6000 Max-Q,1.3875925925925927,1,95.59,281.82617504200005,203.104175042,125.96,227.625,"Czechia, CZ",0.974828,53484233
2026-10-01T12:41:53.763505+00:00,vast.ai,marketplace,RTX PRO 6000 WS,1.3880555555555556,1,95.59,283.404175042,204.173175042,125.56,1173.5,"Texas, US",0.9958228,48425446
2026-10-01T12:41:53.763505+00:00,vast.ai,marketplace,RTX PRO 6000 S,1.3885888888888889,1,95.59,279.429175042,201.232175042,94.01,1373.0,"New York, US",0.9952075,49963042
2026-10-01T12:41:53.763505+00:00,vast.ai,marketplace,RTX PRO 6000 WS,1.402314814814815,1,95.59,276.974175042,197.512175042,125.77,691.0,"Washington, US",0.9830865,53550230
2026-10-01T12:41:53.763505+00:00,vast.ai,marketplace,RTX PRO 6000 WS,1.402777777777778,1,95.59,283.54017504200004,202.12817504199998,503.29,3353.4,"Alberta, CA",0.8088187,53480657
2026-10-01T12:41:53.763505+00:00,vast.ai,marketplace,RTX PRO 6000 WS,1.402777777777778,1,95.59,281.631175042,200.767175042,186.45,356.5,"Colorado, US",0.9969196,50938078
2026-10-01T12:41:53.763505+00:00,vast.ai,marketplace,RTX PRO 6000 WS,1.4028148148148147,1,95.59,129.865175042,92.574175042,93.17,1444.5,"Taiwan, TW",0.9964198,52761166
2026-10-01T12:41:53.763505+00:00,vast.ai,marketplace,RTX PRO 6000 WS,1.403703703703704,1,95.59,281.56417504200004,200.586175042,123.47,483.0,"Pennsylvania, US",0.9888128,53403666
2026-10-01T12:41:53.763505+00:00,vast.ai,marketplace,A100 SXM4,1.4367717314814816,1,80.0,128.710175042,89.58217504199999,122.02,502.1,"North Carolina, US",0.9912668,51216956
2026-10-01T12:41:53.763505+00:00,vast.ai,marketplace,RTX PRO 6000 WS,1.441388888888889,1,95.59,281.729175042,195.45617504199998,94.27,1579.0,"Japan, JP",0.997653,53480326
2026-10-01T12:41:53.763505+00:00,vast.ai,marketplace,RTX PRO 6000 S,1.459814814814815,1,95.59,278.926175042,191.06917504199998,188.93,156.625,"Maryland, US",0.9991741,53694987
2026-10-01T12:41:53.763505+00:00,vast.ai,marketplace,RTX PRO 6000 S,1.4675925925925928,1,95.59,278.984175042,190.096175042,188.92,982.0125,", CA",0.9961959,48926608
2026-10-01T12:41:53.763505+00:00,vast.ai,marketplace,RTX PRO 6000 WS,1.4680555555555557,1,95.59,283.32617504200005,192.994175042,125.53,1074.632412021841,"Poland, PL",0.989574,53660509
2026-10-01T12:41:53.763505+00:00,vast.ai,marketplace,RTX PRO 6000 S,1.4680555555555557,1,95.59,280.203175042,190.86717504199999,125.49,711.0,"France, FR",0.9742222,53493214
2026-10-01T12:41:53.763505+00:00,vast.ai,marketplace,RTX PRO 6000 WS,1.4685185185185186,1,95.59,283.190175042,192.840175042,186.34,2803.0,"Utah, US",0.9987144,33693061
2026-10-01T12:41:53.763505+00:00,vast.ai,marketplace,RTX PRO 6000 S,1.4694444444444446,1,95.59,279.681175042,190.33117504199998,283.09,1377.5,"France, FR",0.9573364,52618751
2026-10-01T12:41:53.763505+00:00,vast.ai,marketplace,RTX PRO 6000 WS,1.4751851851851852,1,95.59,160.951175042,109.10617504199999,110.14,813.25,"Czechia, CZ",0.9910499,44578480
2026-10-01T12:41:53.763505+00:00,vast.ai,marketplace,RTX PRO 6000 S,1.484925925925926,1,95.59,279.72017504200005,188.37317504199999,176.87,617.0,"Oregon, US",0.9967042,47684639
2026-10-01T12:41:53.763505+00:00,vast.ai,marketplace,RTX PRO 6000 S,1.534722222222222,1,95.59,280.068175042,182.487175042,124.77,443.63664233623695,"Ohio, US",0.9982374,46296973
2026-10-01T12:41:53.763505+00:00,vast.ai,marketplace,RTX PRO 6000 WS,1.535648148148148,1,95.59,283.424175042,184.56317504199998,251.54,2924.0,"Colorado, US",0.9932676,46745582
2026-10-01T12:41:53.763505+00:00,vast.ai,marketplace,RTX PRO 6000 WS,1.5374999999999999,1,95.59,283.424175042,184.340175042,60.47,2520.0,"Washington, US",0.9963393,53222606
2026-10-01T12:41:53.763505+00:00,vast.ai,marketplace,RTX PRO 6000 S,1.5475925925925926,1,95.59,279.255175042,180.445175042,94.42,619.4366820195081,"Bulgaria, BG",0.8248855,48905156
2026-10-01T12:41:53.763505+00:00,vast.ai,marketplace,RTX PRO 6000 WS,1.5609259259259258,1,95.59,272.077175042,174.305175042,125.59,1111.2733850466852,"Idaho, US",0.9977765,43719896
2026-10-01T12:41:53.763505+00:00,vast.ai,marketplace,RTX PRO 6000 S,1.5877777777777777,1,95.59,279.371175042,175.951175042,94.42,486.25,"Bulgaria, BG",0.9903646,51056494
2026-10-01T12:41:53.763505+00:00,vast.ai,marketplace,RTX A2000,1.600648148148148,1,5.99,8.574175042,5.357175042000001,503.5,12489.0,"British Columbia, CA",0.9662296,53620859
2026-10-01T12:41:53.763505+00:00,vast.ai,marketplace,RTX PRO 6000 WS,1.6009259259259259,1,95.59,283.424175042,177.037175042,251.76,2068.0,"Japan, JP",0.9972764,53337936
2026-10-01T12:41:53.763505+00:00,vast.ai,marketplace,RTX PRO 6000 WS,1.6013888888888888,1,95.59,282.625175042,176.487175042,110.2,1899.586866620667,"Texas, US",0.990753,52611622
2026-10-01T12:41:53.763505+00:00,vast.ai,marketplace,RTX PRO 6000 WS,1.604648148148148,1,95.59,282.23517504200004,175.886175042,215.93,217.7142857142857,"Bulgaria, BG",0.9992408,53639098
2026-10-01T12:41:53.763505+00:00,vast.ai,marketplace,RTX 5090,1.6055555555555554,1,31.84,199.70017504199998,124.381175042,247.81,335.5,"Norway, NO",0.9984033,50806298
2026-10-01T12:41:53.763505+00:00,vast.ai,marketplace,RTX PRO 6000 WS,1.6675925925925927,1,95.59,283.287175042,169.87817504199998,125.49,2433.05,"Minnesota, US",0.9937101,53578040
2026-10-01T12:41:53.763505+00:00,vast.ai,marketplace,RTX PRO 5000,1.6680555555555556,1,71.69,190.911175042,114.45117504199999,125.42,5182.2,"Florida, US",0.9586764,52820424
2026-10-01T12:41:53.763505+00:00,vast.ai,marketplace,RTX PRO 6000 Max-Q,1.6685185185185185,1,95.59,283.073175042,169.655175042,125.57,1651.0,"Norway, NO",0.9886179,53476221
2026-10-01T12:41:53.763505+00:00,vast.ai,marketplace,RTX PRO 6000 Max-Q,1.710740740740741,1,95.59,283.209175042,165.548175042,125.94,1149.125,"Czechia, CZ",0.9982429,30989548
2026-10-01T12:41:53.763505+00:00,vast.ai,marketplace,RTX PRO 6000 WS,1.7480555555555557,1,95.59,283.424175042,162.136175042,123.5,1484.0,"Ontario, CA",0.9927181,53259531
2026-10-01T12:41:53.763505+00:00,vast.ai,marketplace,H100 SXM,1.8818518518518514,1,79.65,343.578175042,182.574175042,122.77,320.0,"Germany, DE",0.99096,50749286
2026-10-01T12:41:53.763505+00:00,vast.ai,marketplace,RTX PRO 6000 Max-Q,1.8845370370370367,1,95.59,282.625175042,149.970175042,125.92,429.875,"Czechia, CZ",0.9967027,47792406
2026-10-01T12:41:53.763505+00:00,vast.ai,marketplace,RTX PRO 6000 WS,2.000462962962963,1,95.59,283.54017504200004,141.737175042,125.42,1544.0,"Estonia, EE",0.9983937,44494718
2026-10-01T12:41:53.763505+00:00,vast.ai,marketplace,RTX 4090,2.001388888888889,1,23.99,97.107175042,48.520175042000005,125.71,1349.0,"Ontario, CA",0.9963564,52814544
2026-10-01T12:41:53.763505+00:00,vast.ai,marketplace,RTX PRO 6000 WS,2.140277777777778,1,95.59,283.209175042,132.323175042,251.49,1343.8,"New Jersey, US",0.9589973,51371152
2026-10-01T12:41:53.763505+00:00,vast.ai,marketplace,RTX A2000,2.400648148148148,1,5.99,8.574175042,3.571175042,250.92,26825.4,"British Columbia, CA",0.98373,53620986
2026-10-01T12:41:53.763505+00:00,vast.ai,marketplace,RTX PRO 6000 Max-Q,2.4023703703703703,1,95.59,282.76117504200005,117.70117504199999,125.94,1150.75,"Czechia, CZ",0.9835763,30474084
2026-10-01T12:41:53.763505+00:00,vast.ai,marketplace,H100 PCIE,2.4689814814814817,1,79.65,255.835175042,103.619175042,251.71,11719.401333849819,"Maryland, US",0.9988459,53443542
2026-10-01T12:41:53.763505+00:00,vast.ai,marketplace,H100 PCIE,2.5881259259259255,1,79.65,256.00917504200004,98.91617504199999,62.84,431.4984427450269,"Czechia, CZ",0.956846,50491380
2026-10-01T12:41:53.763505+00:00,vast.ai,marketplace,H100 SXM,2.6685185185185185,1,79.65,292.56217504200004,109.634175042,235.95,319.0,"New Jersey, US",0.95651,51448486
2026-10-01T12:41:53.763505+00:00,vast.ai,marketplace,RTX 4090,2.7080555555555557,1,23.99,59.319175042000005,21.904175042,24.95,275.46,"United Kingdom, GB",0.949387,53154221
2026-10-01T12:41:53.763505+00:00,vast.ai,marketplace,H100 NVL,2.9213888888888837,1,93.58,347.895175042,119.08517504199999,314.69,301.5,"Iowa, US",0.9855683,53690034
2026-10-01T12:41:53.763505+00:00,vast.ai,marketplace,H100 NVL,3.0147222222222223,1,93.58,345.900175042,114.73717504199999,314.69,318.6,"Iowa, US",0.9798997,53688366
2026-10-01T12:41:53.763505+00:00,vast.ai,marketplace,H100 NVL,3.028055555555548,1,93.58,347.827175042,114.86817504199999,314.69,303.3,"Virginia, US",0.9877431,53693674
2026-10-01T12:41:53.763505+00:00,vast.ai,marketplace,RTX 4090D,3.3885185185185187,1,47.99,120.391175042,35.529175042000006,78.57,566.0,"South Carolina, US",0.9972775,49864598
2026-10-01T12:41:53.763505+00:00,vast.ai,marketplace,RTX 5090,3.455185185185185,1,31.84,198.723175042,57.514175042000005,62.73,2989.0,"South Carolina, US",0.9980584,51334080
2026-10-01T12:41:53.763505+00:00,vast.ai,marketplace,H200,3.5544590643274856,1,140.4,381.671175042,107.378175042,235.95,45.0,"Georgia, US",0.9924237,49998292
2026-10-01T12:41:53.763505+00:00,vast.ai,marketplace,H100 NVL,3.694740740740741,1,93.58,377.388175042,102.14217504199999,188.94,591.0,"Czechia, CZ",0.9927404,31183482
2026-10-01T12:41:53.763505+00:00,vast.ai,marketplace,H100 SXM,3.7737962962962968,1,79.65,334.609175042,88.66617504199999,221.33,1717.5,", US",0.9989552,36346574
2026-10-01T12:41:53.763505+00:00,vast.ai,marketplace,H100 SXM,3.8312777777777773,1,79.65,336.686175042,87.878175042,125.94,1257.1308462616712,"Czechia, CZ",0.9943921,49793522
2026-10-01T12:41:53.763505+00:00,vast.ai,marketplace,H200 NVL,3.909611111111112,1,140.4,448.549175042,114.729175042,188.39,358.25,"Texas, US",0.8246906,53672082
2026-10-01T12:41:53.763505+00:00,vast.ai,marketplace,H200 NVL,4.001388888888889,1,140.4,452.496175042,113.084175042,503.75,607.5,"Japan, JP",0.9968964,47379025
2026-10-01T12:41:53.763505+00:00,vast.ai,marketplace,H200 NVL,4.001388888888889,1,140.4,453.11517504200003,113.239175042,251.4,821.8998548195682,"South Korea, KR",0.9714014,52223711
2026-10-01T12:41:53.763505+00:00,vast.ai,marketplace,RTX 4090,4.006481481481481,1,23.99,97.589175042,24.357175041999998,30.94,765.0,"The Netherlands, NL",0.9961097,42544505
2026-10-01T12:41:53.763505+00:00,vast.ai,marketplace,RTX 5090,4.006481481481481,1,31.84,199.33117504199998,49.752175042000005,30.94,929.0,"The Netherlands, NL",0.9980905,48097876
2026-10-01T12:41:53.763505+00:00,vast.ai,marketplace,RTX 5080,4.006481481481481,1,15.92,83.986175042,20.962175042,30.94,750.8,"The Netherlands, NL",0.9921746,49691112
2026-10-01T12:41:53.763505+00:00,vast.ai,marketplace,RTX 5080,4.006481481481481,1,15.92,84.162175042,21.006175042,30.94,1606.7,"The Netherlands, NL",0.9974981,53189390
2026-10-01T12:41:53.763505+00:00,vast.ai,marketplace,H100 SXM,4.1002777777777775,1,79.65,334.503175042,81.580175042,221.33,511.0,", US",0.9988593,36551369
2026-10-01T12:41:53.763505+00:00,vast.ai,marketplace,H200,5.120248538011696,1,140.4,493.025175042,96.289175042,377.93,2649.3047322198327,"Saudi Arabia, SA",0.9987916,39353737
2026-10-01T12:41:53.763505+00:00,vast.ai,marketplace,H200 NVL,5.468055555555555,1,140.4,374.813175042,68.546175042,214.36,105.85714285714285,"Mississippi, US",0.9927935,50176552
2026-10-01T12:41:53.763505+00:00,vast.ai,marketplace,B200,6.251302083333333,1,179.06,679.090175042,108.631175042,249.5,2561.7436601045,"Oregon, US",0.9970267,50255943
2026-10-01T12:41:53.763505+00:00,vast.ai,marketplace,B200,6.251302083333333,1,179.06,680.4641750420001,108.851175042,249.5,2201.5,"Oregon, US",0.9959362,51592623
2026-10-01T12:41:53.763505+00:00,vast.ai,marketplace,H100 SXM,6.541388888888889,1,79.65,304.573175042,46.560175042000004,221.46,2155.1079233166006,", US",0.9982428,36346699
2026-10-01T12:41:53.763505+00:00,vast.ai,marketplace,RTX PRO 6000 WS,6.6722222222222225,1,95.59,283.346175042,42.466175042,124.7,414.0,"Norway, NO",0.9947599,53493528
2026-10-01T12:41:53.763505+00:00,vast.ai,marketplace,B200,7.813802083333332,1,179.06,424.938175042,54.383175042000005,220.48,89.75,", US",0.9958675,53384345
2026-10-01T12:41:53.763505+00:00,vast.ai,marketplace,RTX 5090,9.334898148148149,1,31.84,194.913175042,20.880175041999998,31.36,843.5,"Taiwan, TW",0.9899217,53630594
2026-10-01T12:41:53.763505+00:00,vast.ai,marketplace,B300,9.938802083333334,1,268.59,629.779175042,63.365175042000004,251.92,869.5,"Croatia, HR",0.9945033,53579005
2026-10-01T12:41:53.763505+00:00,vast.ai,marketplace,B200,22.77630208333333,1,179.06,660.295175042,28.990175041999997,283.43,176.0715090359529,"Maryland, US",0.9912287,53688984
2026-10-01T12:41:53.763505+00:00,vast.ai,marketplace,RTX 5090,53.33435185185186,1,31.84,199.086175042,3.732175042,60.44,3349.0,"Ukraine, UA",0.9979664,46363452
