collected_at,provider,tier,gpu_model,price_usd_per_hr,num_gpus,gpu_ram_gb,dlperf,dlperf_per_dollar,cpu_ram_gb,disk_space_gb,region,reliability,offer_id
2026-09-30T12:08:05.651134+00:00,vast.ai,marketplace,Quadro P2000,0.02851851851851852,1,5.0,1.017550558,35.687550558,6.83,26.0875,"Nevada, US",0.9944285,49574214
2026-09-30T12:08:05.651134+00:00,vast.ai,marketplace,GTX 1650,0.04712962962962963,1,4.0,1.288550558,27.329550558,11.75,84.97500000000001,"Oregon, US",0.9897351,52824308
2026-09-30T12:08:05.651134+00:00,vast.ai,marketplace,GTX 1070,0.04805555555555556,1,8.0,2.597550558,54.045550558,8.96,151.21147854139295,"South Korea, KR",0.9904626,48484315
2026-09-30T12:08:05.651134+00:00,vast.ai,marketplace,GTX 1070,0.04805555555555556,1,8.0,2.563550558,53.338550558,8.96,60.857142857142854,"South Korea, KR",0.9925853,47060244
2026-09-30T12:08:05.651134+00:00,vast.ai,marketplace,Titan Xp,0.04805555555555556,1,12.0,5.757550557999999,119.80855055800001,8.96,96.55918367346938,"South Korea, KR",0.9940889,48455478
2026-09-30T12:08:05.651134+00:00,vast.ai,marketplace,GTX TITAN X,0.04805555555555556,1,12.0,3.355550558,69.816550558,5.8,76.0,"South Korea, KR",0.996673,51832532
2026-09-30T12:08:05.651134+00:00,vast.ai,marketplace,GTX TITAN X,0.04805555555555556,1,12.0,3.355550558,69.816550558,7.73,59.0,"South Korea, KR",0.9971833,51832514
2026-09-30T12:08:05.651134+00:00,vast.ai,marketplace,GTX 1660,0.04805555555555556,1,6.0,2.332550558,48.541550558,15.62,164.2,"South Korea, KR",0.9987125,45539125
2026-09-30T12:08:05.651134+00:00,vast.ai,marketplace,GTX 1070,0.049388888888888885,1,8.0,2.497550558,50.575550558,7.82,65.51169252334233,"South Korea, KR",0.9977128,50595366
2026-09-30T12:08:05.651134+00:00,vast.ai,marketplace,GTX 1070,0.049388888888888885,1,8.0,2.662550558,53.910550558,15.62,368.0,"South Korea, KR",0.9951717,50016781
2026-09-30T12:08:05.651134+00:00,vast.ai,marketplace,GTX 1070,0.049388888888888885,1,8.0,2.612550558,52.904550558000004,15.61,164.2,"South Korea, KR",0.9982456,47671684
2026-09-30T12:08:05.651134+00:00,vast.ai,marketplace,GTX 1070,0.050722222222222224,1,8.0,2.513550558,49.555550558,15.62,178.0,"South Korea, KR",0.9878588,50850386
2026-09-30T12:08:05.651134+00:00,vast.ai,marketplace,RTX 3060 Ti,0.05257407407407407,1,8.0,13.768550558000001,261.89355055799996,15.39,281.0,"Quebec, CA",0.9987234,24666811
2026-09-30T12:08:05.651134+00:00,vast.ai,marketplace,GTX 1080,0.052055555555555556,1,8.0,3.351550558,64.381550558,15.52,90.0,"South Korea, KR",0.960592,51265279
2026-09-30T12:08:05.651134+00:00,vast.ai,marketplace,GTX 1080,0.05472222222222223,1,8.0,3.351550558,61.243550558,10.46,225.66666666666666,"South Korea, KR",0.9964513,50870175
2026-09-30T12:08:05.651134+00:00,vast.ai,marketplace,GTX 1080,0.05472222222222223,1,8.0,3.330550558,60.861550558,31.18,148.0,"South Korea, KR",0.9980123,51265402
2026-09-30T12:08:05.651134+00:00,vast.ai,marketplace,GTX 1080,0.05472222222222223,1,8.0,3.330550558,60.861550558,10.46,262.16666666666663,"South Korea, KR",0.9917673,52708520
2026-09-30T12:08:05.651134+00:00,vast.ai,marketplace,GTX 1080,0.05472222222222223,1,8.0,3.330550558,60.861550558,15.54,138.0,"South Korea, KR",0.9980854,52708889
2026-09-30T12:08:05.651134+00:00,vast.ai,marketplace,GTX 1080,0.05472222222222223,1,8.0,3.351550558,61.243550558,15.52,163.8,"South Korea, KR",0.9929059,52708846
2026-09-30T12:08:05.651134+00:00,vast.ai,marketplace,Titan Xp,0.05472222222222223,1,12.0,5.757550557999999,105.212550558,10.45,244.1785550132284,"South Korea, KR",0.9923537,48369194
2026-09-30T12:08:05.651134+00:00,vast.ai,marketplace,Titan Xp,0.05472222222222223,1,12.0,5.757550557999999,105.212550558,10.46,248.38955934012398,"South Korea, KR",0.9932722,48474943
2026-09-30T12:08:05.651134+00:00,vast.ai,marketplace,Titan Xp,0.05472222222222223,1,12.0,5.757550557999999,105.212550558,10.45,248.98333333333335,"South Korea, KR",0.9944714,48453503
2026-09-30T12:08:05.651134+00:00,vast.ai,marketplace,GTX TITAN X,0.05472222222222223,1,12.0,3.355550558,61.310550558,15.51,177.3,"South Korea, KR",0.9526018,52856971
2026-09-30T12:08:05.651134+00:00,vast.ai,marketplace,GTX TITAN X,0.05472222222222223,1,12.0,3.355550558,61.310550558,7.76,147.25,"South Korea, KR",0.9897061,45748277
2026-09-30T12:08:05.651134+00:00,vast.ai,marketplace,Quadro P4000,0.055648148148148155,1,8.0,2.083550558,37.444550558,23.56,259.825,"United States, US",0.9849372,52494642
2026-09-30T12:08:05.651134+00:00,vast.ai,marketplace,RTX 3060,0.05611111111111111,1,12.0,12.547550558000001,223.614550558,25.14,269.76,"New Brunswick, CA",0.9978212,50637015
2026-09-30T12:08:05.651134+00:00,vast.ai,marketplace,RTX 3060,0.05611111111111111,1,12.0,12.266550558,218.61855055799998,23.59,345.625,"United States, US",0.9908335,50121276
2026-09-30T12:08:05.651134+00:00,vast.ai,marketplace,GTX 1660 S,0.05738888888888889,1,6.0,1.712550558,29.833550558,15.61,135.70000000000002,"Vietnam, VN",0.9893438,18613675
2026-09-30T12:08:05.651134+00:00,vast.ai,marketplace,RTX 3060,0.06092592592592593,1,12.0,12.547550558000001,205.942550558,15.61,343.5,"Poland, PL",0.9990828,45598047
2026-09-30T12:08:05.651134+00:00,vast.ai,marketplace,RTX 3060,0.06092592592592593,1,12.0,11.034550558000001,181.108550558,15.63,326.5,"Poland, PL",0.9981739,45598496
2026-09-30T12:08:05.651134+00:00,vast.ai,marketplace,RTX 3060,0.061388888888888896,1,12.0,12.546550558,204.376550558,15.52,126.0,"South Korea, KR",0.9934265,51650718
2026-09-30T12:08:05.651134+00:00,vast.ai,marketplace,RTX 3060,0.061388888888888896,1,12.0,12.265550558000001,199.798550558,15.53,80.30000000000001,"South Korea, KR",0.969245,53447604
2026-09-30T12:08:05.651134+00:00,vast.ai,marketplace,RTX 2070,0.061388888888888896,1,8.0,4.104550558,66.855550558,7.77,173.0,"South Korea, KR",0.9945584,49864036
2026-09-30T12:08:05.651134+00:00,vast.ai,marketplace,GTX 1080 Ti,0.06405555555555556,1,11.0,5.316550557999999,82.992550558,15.52,158.0,"South Korea, KR",0.9945626,52613126
2026-09-30T12:08:05.651134+00:00,vast.ai,marketplace,GTX 1080 Ti,0.06405555555555556,1,11.0,5.212550557999999,81.373550558,7.73,186.5,"South Korea, KR",0.9962326,50029620
2026-09-30T12:08:05.651134+00:00,vast.ai,marketplace,GTX 1080 Ti,0.06405555555555556,1,11.0,5.212550557999999,81.373550558,7.73,191.0,"South Korea, KR",0.9966188,50029569
2026-09-30T12:08:05.651134+00:00,vast.ai,marketplace,RTX 3060,0.06405555555555556,1,12.0,12.263550558,191.454550558,10.46,166.16666666666666,"South Korea, KR",0.997176,38722655
2026-09-30T12:08:05.651134+00:00,vast.ai,marketplace,RTX 3060,0.06405555555555556,1,12.0,12.336550558,192.59355055799998,10.45,193.66666666666666,"South Korea, KR",0.9942795,45389040
2026-09-30T12:08:05.651134+00:00,vast.ai,marketplace,Quadro P4000,0.06805555555555555,1,8.0,2.083550558,30.617550558,30.91,425.0,"Romania, RO",0.99729,44056938
2026-09-30T12:08:05.651134+00:00,vast.ai,marketplace,Quadro P4000,0.06805555555555555,1,8.0,2.083550558,30.617550558,62.73,280.9,"United Kingdom, GB",0.993499,45254580
2026-09-30T12:08:05.651134+00:00,vast.ai,marketplace,GTX 1080 Ti,0.06805555555555555,1,11.0,5.212550557999999,76.591550558,15.52,135.0,"South Korea, KR",0.9933816,50027024
2026-09-30T12:08:05.651134+00:00,vast.ai,marketplace,GTX 1080 Ti,0.06805555555555555,1,11.0,5.212550557999999,76.591550558,15.64,298.0,"South Korea, KR",0.9957701,51203225
2026-09-30T12:08:05.651134+00:00,vast.ai,marketplace,Titan Xp,0.06805555555555555,1,12.0,5.1385505579999995,75.499550558,8.96,104.0,"South Korea, KR",0.9962111,32787365
2026-09-30T12:08:05.651134+00:00,vast.ai,marketplace,RTX 3060,0.06805555555555555,1,12.0,12.554550558,184.47055055799999,15.52,116.0,"South Korea, KR",0.9967792,53519434
2026-09-30T12:08:05.651134+00:00,vast.ai,marketplace,RTX 3060,0.06805555555555555,1,12.0,12.412550558000001,182.38655055799998,15.61,179.5,"Vietnam, VN",0.9775352,33705395
2026-09-30T12:08:05.651134+00:00,vast.ai,marketplace,RTX 2070,0.06805555555555555,1,8.0,4.104550558,60.306550558,7.82,407.85,"South Korea, KR",0.9793459,50701342
2026-09-30T12:08:05.651134+00:00,vast.ai,marketplace,GTX 1080 Ti,0.06833333333333333,1,11.0,5.4525505579999995,79.792550558,15.57,134.0,"Spain, ES",0.9913635,50865915
2026-09-30T12:08:05.651134+00:00,vast.ai,marketplace,RTX 3060,0.06851851851851852,1,12.0,12.543550558,183.072550558,94.32,362.925,"Ohio, US",0.9733016,53025344
2026-09-30T12:08:05.651134+00:00,vast.ai,marketplace,GTX 1080 Ti,0.06898148148148148,1,11.0,5.212550557999999,75.563550558,31.28,43.0,"South Korea, KR",0.9978328,40234662
2026-09-30T12:08:05.651134+00:00,vast.ai,marketplace,GTX 1080 Ti,0.06898148148148148,1,11.0,5.384550558,78.054550558,31.29,72.0,"South Korea, KR",0.9986028,37709426
2026-09-30T12:08:05.651134+00:00,vast.ai,marketplace,RTX 3060,0.06898148148148148,1,12.0,12.543550558,181.836550558,31.26,762.0,"South Korea, KR",0.9912299,52004506
2026-09-30T12:08:05.651134+00:00,vast.ai,marketplace,RTX 3060,0.06898148148148148,1,12.0,12.548550558,181.90455055799998,31.04,32.0,"South Korea, KR",0.9961175,51377733
2026-09-30T12:08:05.651134+00:00,vast.ai,marketplace,RTX 3060,0.06944444444444445,1,12.0,12.266550558,176.643550558,23.59,167.275,"California, US",0.9971793,50492816
2026-09-30T12:08:05.651134+00:00,vast.ai,marketplace,RTX 3060,0.07425925925925926,1,12.0,12.415550558,167.19055055799998,20.22,357.58571428571423,"Finland, FI",0.9766546,52309009
2026-09-30T12:08:05.651134+00:00,vast.ai,marketplace,RTX 3060,0.07472222222222222,1,12.0,12.405550558,166.02255055799998,31.18,97.30000000000001,"South Korea, KR",0.9974382,50735894
2026-09-30T12:08:05.651134+00:00,vast.ai,marketplace,RTX 3060,0.07472222222222222,1,12.0,12.265550558000001,164.14655055799997,31.24,165.0,"South Korea, KR",0.9985744,51298864
2026-09-30T12:08:05.651134+00:00,vast.ai,marketplace,RTX 3060,0.07472222222222222,1,12.0,12.472550558,166.923550558,31.18,127.30000000000001,"South Korea, KR",0.998437,51265167
2026-09-30T12:08:05.651134+00:00,vast.ai,marketplace,RTX 3060,0.07472222222222222,1,12.0,11.745550558,157.19055055799998,15.53,141.0,"South Korea, KR",0.9977032,51557547
2026-09-30T12:08:05.651134+00:00,vast.ai,marketplace,RTX 3060 laptop,0.07518518518518519,1,12.0,12.772550558,169.88455055799997,15.66,165.5,"New Zealand, NZ",0.9991669,52900640
2026-09-30T12:08:05.651134+00:00,vast.ai,marketplace,RTX 3060,0.07518518518518519,1,12.0,12.401550558,164.948550558,15.59,343.0,"Florida, US",0.991957,53253704
2026-09-30T12:08:05.651134+00:00,vast.ai,marketplace,RTX 3060 Ti,0.07518518518518519,1,8.0,13.778550558000001,183.262550558,15.62,344.15,"New Zealand, NZ",0.9878308,53456742
2026-09-30T12:08:05.651134+00:00,vast.ai,marketplace,RTX 3060 laptop,0.07785185185185185,1,12.0,12.782550558,164.19455055799997,31.32,257.0,"New Zealand, NZ",0.9898341,52544512
2026-09-30T12:08:05.651134+00:00,vast.ai,marketplace,RTX A4000,0.08103703703703705,1,15.99,21.175550558,261.307550558,20.96,1599.5333333333333,"Quebec, CA",0.7538339,53258753
2026-09-30T12:08:05.651134+00:00,vast.ai,marketplace,RTX 3070,0.08138888888888889,1,8.0,16.280550558,200.03355055799997,31.32,103.0,"Vietnam, VN",0.9935262,49499650
2026-09-30T12:08:05.651134+00:00,vast.ai,marketplace,RTX A4000,0.08185185185185186,1,15.99,21.189550558,258.882550558,19.63,147.52,"Ohio, US",0.9791883,47976752
2026-09-30T12:08:05.651134+00:00,vast.ai,marketplace,RTX A4000,0.08185185185185186,1,15.99,21.188550558,258.862550558,19.63,105.60000000000001,"Ohio, US",0.9969527,47976739
2026-09-30T12:08:05.651134+00:00,vast.ai,marketplace,RTX 3070,0.08185185185185186,1,8.0,12.309550558,150.38655055799998,41.89,263.29999999999995,"Nevada, US",0.9708296,52448185
2026-09-30T12:08:05.651134+00:00,vast.ai,marketplace,RTX 4060,0.08277777777777778,1,8.0,15.653550558000001,189.10055055799998,15.72,126.75,"Nevada, US",0.9913106,50944069
2026-09-30T12:08:05.651134+00:00,vast.ai,marketplace,RTX 3070,0.08277777777777778,1,8.0,16.281550558,196.69055055799998,23.59,179.15,"California, US",0.9985897,50148854
2026-09-30T12:08:05.651134+00:00,vast.ai,marketplace,RTX 3060 laptop,0.08318518518518518,1,12.0,12.781550558000001,153.655550558,15.59,292.00970531326215,"New Zealand, NZ",0.9986581,52665443
2026-09-30T12:08:05.651134+00:00,vast.ai,marketplace,RTX A4000,0.0875925925925926,1,15.99,20.295550558000002,231.704550558,23.49,296.0,"Poland, PL",0.9987496,45599981
2026-09-30T12:08:05.651134+00:00,vast.ai,marketplace,RTX A4000,0.0875925925925926,1,15.99,20.295550558000002,231.70255055799998,15.64,281.5,"Poland, PL",0.9990071,47628562
2026-09-30T12:08:05.651134+00:00,vast.ai,marketplace,RTX 3070,0.08805555555555555,1,8.0,16.280550558,184.889550558,31.26,381.0,"Japan, JP",0.9959544,51773111
2026-09-30T12:08:05.651134+00:00,vast.ai,marketplace,Q RTX 4000,0.08805555555555555,1,8.0,4.104550558,46.609550558,31.26,234.0,"Argentina, AR",0.9929033,37282264
2026-09-30T12:08:05.651134+00:00,vast.ai,marketplace,RTX A4000,0.0915925925925926,1,15.99,19.606550558000002,214.066550558,41.93,91.5,"Japan, JP",0.9883615,50135985
2026-09-30T12:08:05.651134+00:00,vast.ai,marketplace,RTX A4000,0.0915925925925926,1,15.99,19.593550558,213.91655055799998,41.93,54.33333333333333,"Japan, JP",0.9886986,49619748
2026-09-30T12:08:05.651134+00:00,vast.ai,marketplace,RTX 2080 Ti,0.09205555555555556,1,22.0,11.282550558,122.562550558,17.97,165.35714285714286,"Thailand, TH",0.9805513,50286312
2026-09-30T12:08:05.651134+00:00,vast.ai,marketplace,RTX 3070,0.09425925925925926,1,8.0,16.282550558,172.744550558,15.6,124.0,"Vietnam, VN",0.9883295,52925175
2026-09-30T12:08:05.651134+00:00,vast.ai,marketplace,RTX A4000,0.09472222222222222,1,15.99,21.189550558,223.70655055799998,125.83,294.5,"France, FR",0.9974452,53157040
2026-09-30T12:08:05.651134+00:00,vast.ai,marketplace,Q RTX 4000,0.09472222222222222,1,8.0,4.104550558,43.328550558,62.73,310.0,"United Kingdom, GB",0.9975875,45261185
2026-09-30T12:08:05.651134+00:00,vast.ai,marketplace,RTX 3060 Ti,0.09472222222222222,1,8.0,13.757550558,145.24355055799998,41.9,270.66666666666663,"Quebec, CA",0.9559789,53459478
2026-09-30T12:08:05.651134+00:00,vast.ai,marketplace,Q RTX 5000,0.09518518518518519,1,16.0,6.974550558,73.275550558,31.44,173.5,"New York, US",0.9708099,50606626
2026-09-30T12:08:05.651134+00:00,vast.ai,marketplace,Tesla P100,0.09564814814814815,1,16.0,6.429550558,67.218550558,39.01,539.175,"Texas, US",0.9946599,48981930
2026-09-30T12:08:05.651134+00:00,vast.ai,marketplace,RTX 5060,0.09564814814814815,1,7.96,28.571550558000002,298.714550558,20.96,209.89735825231594,"United States, US",0.9952411,50138871
2026-09-30T12:08:05.651134+00:00,vast.ai,marketplace,RTX 2080 Ti,0.09611111111111112,1,22.0,11.045550558,114.928550558,31.47,134.47422211172864,"United States, US",0.9933776,43529651
2026-09-30T12:08:05.651134+00:00,vast.ai,marketplace,RTX 3070,0.09888888888888889,1,8.0,16.260550558000002,164.42855055799998,15.54,261.0,"Illinois, US",0.9980769,49013107
2026-09-30T12:08:05.651134+00:00,vast.ai,marketplace,RTX 4060 Ti,0.09888888888888889,1,16.0,22.529550558,227.82155055799998,20.96,441.8333333333333,"Japan, JP",0.9732627,51188710
2026-09-30T12:08:05.651134+00:00,vast.ai,marketplace,RTX 4060 Ti,0.09935185185185186,1,16.0,22.529550558,226.76055055799998,31.47,173.7875,", US",0.9943738,42171819
2026-09-30T12:08:05.651134+00:00,vast.ai,marketplace,RTX A4000,0.10027777777777779,1,15.99,16.213550558,161.68455055799998,31.42,332.4,"Germany, DE",0.9889129,50614342
2026-09-30T12:08:05.651134+00:00,vast.ai,marketplace,RTX A4000,0.1063148148148148,1,15.99,21.191550558,199.328550558,35.33,331.25,"Estonia, EE",0.9902521,50482927
2026-09-30T12:08:05.651134+00:00,vast.ai,marketplace,Tesla P40,0.10672222222222222,1,24.0,5.879550557999999,55.087550558000004,62.81,687.75,"Thailand, TH",0.9913229,47185200
2026-09-30T12:08:05.651134+00:00,vast.ai,marketplace,RTX 2060,0.10694444444444445,1,12.0,3.941550558,36.856550558,8.96,137.0,"South Korea, KR",0.9959282,35050674
2026-09-30T12:08:05.651134+00:00,vast.ai,marketplace,RTX A4000,0.10805555555555556,1,15.99,21.181550558,196.02855055799998,17.95,377.170826998993,"Michigan, US",0.9827146,46301464
2026-09-30T12:08:05.651134+00:00,vast.ai,marketplace,RTX A4000,0.10805555555555556,1,15.99,21.189550558,196.102550558,23.57,86.75,"Delaware, US",0.9986683,48328451
2026-09-30T12:08:05.651134+00:00,vast.ai,marketplace,RTX 2060,0.10805555555555556,1,12.0,3.941550558,36.477550558,10.46,235.97289267345732,"South Korea, KR",0.9949749,49698947
2026-09-30T12:08:05.651134+00:00,vast.ai,marketplace,RTX 3080,0.10805555555555556,1,10.0,26.964550558,249.538550558,15.47,306.0,"Spain, ES",0.9934781,46441870
2026-09-30T12:08:05.651134+00:00,vast.ai,marketplace,RTX 3080,0.10805555555555556,1,10.0,24.815550558,229.65355055799998,15.58,185.33333333333331,"Utah, US",0.9952949,50102832
2026-09-30T12:08:05.651134+00:00,vast.ai,marketplace,RTX 3060 Ti,0.10805555555555556,1,8.0,13.774550558,127.475550558,15.54,159.0,"Argentina, AR",0.9901367,53268849
2026-09-30T12:08:05.651134+00:00,vast.ai,marketplace,RTX A4000,0.10898148148148148,1,15.99,21.185550558,194.39255055799998,47.22,369.8375,"Estonia, EE",0.9853437,51587991
2026-09-30T12:08:05.651134+00:00,vast.ai,marketplace,RTX 3060,0.10898148148148148,1,12.0,12.265550558000001,112.545550558,31.46,162.00000000000003,"Norway, NO",0.9984413,13388143
2026-09-30T12:08:05.651134+00:00,vast.ai,marketplace,RTX A2000,0.10898148148148148,1,5.99,8.573550558,78.666550558,62.89,724.725,"Norway, NO",0.9967997,29318077
2026-09-30T12:08:05.651134+00:00,vast.ai,marketplace,RTX 3060 Ti,0.10898148148148148,1,8.0,13.770550558,126.360550558,31.28,281.0,"Colorado, US",0.9791425,51274554
2026-09-30T12:08:05.651134+00:00,vast.ai,marketplace,RTX A4000,0.10944444444444446,1,15.99,21.183550558,193.555550558,31.29,779.9,"Spain, ES",0.9977129,44704808
2026-09-30T12:08:05.651134+00:00,vast.ai,marketplace,RTX 2080 Ti,0.11338888888888889,1,22.0,11.045550558,97.415550558,31.44,142.75,"Thailand, TH",0.9741239,51470053
2026-09-30T12:08:05.651134+00:00,vast.ai,marketplace,RTX 3060 Ti,0.11472222222222223,1,8.0,11.041550558,96.245550558,7.61,265.0,"Spain, ES",0.9949633,46485962
2026-09-30T12:08:05.651134+00:00,vast.ai,marketplace,RTX A4000,0.11564814814814815,1,15.99,21.185550558,183.186550558,71.95,921.4621174504377,"Estonia, EE",0.9670549,52396042
2026-09-30T12:08:05.651134+00:00,vast.ai,marketplace,RTX 4060 Ti,0.11719266059259256,1,16.0,22.522550558,192.187550558,23.57,146.875,"California, US",0.957257,52442687
2026-09-30T12:08:05.651134+00:00,vast.ai,marketplace,RTX 4060 Ti,0.12013888888888889,1,16.0,22.522550558,187.47455055799998,23.57,293.391733450864,"Jiangsu, CN",0.9942551,49517349
2026-09-30T12:08:05.651134+00:00,vast.ai,marketplace,RTX 3080,0.12064814814814816,1,10.0,26.974550558,223.58155055799998,15.54,107.0,"Germany, DE",0.9953995,50691464
2026-09-30T12:08:05.651134+00:00,vast.ai,marketplace,RTX A4000,0.1213888888888889,1,15.99,21.193550558000002,174.58955055799998,18.17,116.875,"Delaware, US",0.9994834,46653913
2026-09-30T12:08:05.651134+00:00,vast.ai,marketplace,RTX A4000,0.1213888888888889,1,15.99,21.193550558000002,174.58955055799998,15.66,160.25468664192783,"Utah, US",0.9893342,50591544
2026-09-30T12:08:05.651134+00:00,vast.ai,marketplace,RTX 3070,0.12175925925925928,1,8.0,16.281550558,133.71955055799998,31.15,277.0,"Brazil, BR",0.9955626,41360120
2026-09-30T12:08:05.651134+00:00,vast.ai,marketplace,RTX 3070 Ti,0.12231481481481482,1,8.0,18.313550558,149.72555055799998,31.41,347.2633556087871,"Norway, NO",0.9973726,36538843
2026-09-30T12:08:05.651134+00:00,vast.ai,marketplace,RTX 5060 Ti,0.12685185185185185,1,15.93,38.446550558,303.08555055799997,29.96,616.0,"India, IN",0.9916855,51103810
2026-09-30T12:08:05.651134+00:00,vast.ai,marketplace,RTX 3060,0.12694444444444444,1,12.0,12.335550558000001,97.175550558,31.35,313.0,"Norway, NO",0.9963769,43555874
2026-09-30T12:08:05.651134+00:00,vast.ai,marketplace,RTX 3080 Ti,0.1293888888888889,1,12.0,26.851550558,207.525550558,31.44,49.75,"Quebec, CA",0.9977387,53264061
2026-09-30T12:08:05.651134+00:00,vast.ai,marketplace,RTX 3080 Ti,0.1307222222222222,1,12.0,27.081550558,207.169550558,50.35,125.18,"Quebec, CA",0.9993224,52809952
2026-09-30T12:08:05.651134+00:00,vast.ai,marketplace,RTX 4060 Ti,0.1332962962962963,1,16.0,12.604550558,94.56155055800001,31.45,104.60000000000001,"Quebec, CA",0.9990821,53264139
2026-09-30T12:08:05.651134+00:00,vast.ai,marketplace,RTX 3080 Ti,0.13398148148148148,1,12.0,32.906550558,245.60155055799999,11.7,67.9,"Poland, PL",0.9937374,51796616
2026-09-30T12:08:05.651134+00:00,vast.ai,marketplace,RTX 3060,0.13472222222222222,1,12.0,12.337550558,91.577550558,110.06,130.0,"Massachusetts, US",0.9763695,50113631
2026-09-30T12:08:05.651134+00:00,vast.ai,marketplace,RTX 5060 Ti,0.13472222222222222,1,15.93,38.382550558,284.903550558,23.45,55.700000000000074,"Vietnam, VN",0.99369,31603462
2026-09-30T12:08:05.651134+00:00,vast.ai,marketplace,RTX 4070,0.13518518518518519,1,11.99,34.204550558,253.02355055799998,31.42,399.325,"Alberta, CA",0.9965335,45498591
2026-09-30T12:08:05.651134+00:00,vast.ai,marketplace,RTX 3070,0.13518518518518519,1,8.0,16.280550558,120.431550558,60.24,1623.6,"Chile, CL",0.9238499,53188105
2026-09-30T12:08:05.651134+00:00,vast.ai,marketplace,RTX 5060 Ti,0.13518518518518519,1,15.93,26.278550558,194.39055055799997,15.44,304.0,"Missouri, US",0.9839198,51271732
2026-09-30T12:08:05.651134+00:00,vast.ai,marketplace,RTX 5060 Ti,0.13537037037037036,1,15.93,38.430550558,283.892550558,31.47,327.25,"Denmark, DK",0.9954708,51938809
2026-09-30T12:08:05.651134+00:00,vast.ai,marketplace,RTX 5060 Ti,0.13537037037037036,1,15.93,38.423550558,283.841550558,21.98,205.4,"Denmark, DK",0.9985458,51938791
2026-09-30T12:08:05.651134+00:00,vast.ai,marketplace,RTX 3070,0.13564814814814816,1,8.0,16.412550558,120.994550558,62.89,351.67999854969594,"Norway, NO",0.99805,16581606
2026-09-30T12:08:05.651134+00:00,vast.ai,marketplace,RTX A2000,0.13564814814814816,1,5.99,8.575550558,63.220550558,125.78,1507.5,"Norway, NO",0.9976786,52457955
2026-09-30T12:08:05.651134+00:00,vast.ai,marketplace,RTX 4070,0.1361111111111111,1,11.99,20.153550558,148.067550558,20.96,99.33333333333333,"Washington, US",0.9993072,16213988
2026-09-30T12:08:05.651134+00:00,vast.ai,marketplace,RTX A2000,0.13738888888888887,1,5.99,8.574550558,62.413550558,251.87,1822.1358837537282,"Italy, IT",0.9976258,38365789
2026-09-30T12:08:05.651134+00:00,vast.ai,marketplace,RTX 5060 Ti,0.13796296296296295,1,15.93,38.396550558,278.309550558,31.42,153.0,"France, FR",0.9926335,51235221
2026-09-30T12:08:05.651134+00:00,vast.ai,marketplace,RTX 5060 Ti,0.13796296296296295,1,15.93,38.362550558,278.062550558,31.31,733.0,"Illinois, US",0.9883731,50807227
2026-09-30T12:08:05.651134+00:00,vast.ai,marketplace,RTX 3090,0.13935185185185184,1,24.0,41.021550558,294.37655055799996,31.47,107.18906249999999,"United States, US",0.985611,52692608
2026-09-30T12:08:05.651134+00:00,vast.ai,marketplace,RTX 5060 Ti,0.1413888888888889,1,15.93,38.341550558,271.17955055799996,15.49,152.7,"Quebec, CA",0.9564629,52847910
2026-09-30T12:08:05.651134+00:00,vast.ai,marketplace,RTX 3080,0.14185185185185187,1,10.0,20.156550558,142.098550558,10.4,144.33333333333331,"Spain, ES",0.986135,50715181
2026-09-30T12:08:05.651134+00:00,vast.ai,marketplace,RTX 5060 Ti,0.14262962962962963,1,15.93,38.462550558000004,269.668550558,31.41,698.0087857274334,"British Columbia, CA",0.998426,43619156
2026-09-30T12:08:05.651134+00:00,vast.ai,marketplace,RTX 5060 Ti,0.14370370370370372,1,15.93,38.252550558,266.192550558,31.17,737.0,"Spain, ES",0.998154,50053531
2026-09-30T12:08:05.651134+00:00,vast.ai,marketplace,RTX 5070,0.14777777777777779,1,11.94,50.133550558,339.245550558,15.58,363.5,"Missouri, US",0.9806717,51236535
2026-09-30T12:08:05.651134+00:00,vast.ai,marketplace,RTX A4000,0.14805555555555555,1,15.99,21.191550558,143.132550558,62.87,346.0,"Massachusetts, US",0.9603373,51648677
2026-09-30T12:08:05.651134+00:00,vast.ai,marketplace,Tesla T4,0.14805555555555555,1,15.0,4.302550557999999,29.059550558,15.41,156.0,"Ireland, IE",0.9530019,52633602
2026-09-30T12:08:05.651134+00:00,vast.ai,marketplace,RTX 4060 Ti,0.14805555555555555,1,8.0,17.522550558,118.351550558,62.69,282.0,"Kentucky, US",0.9961991,13544719
2026-09-30T12:08:05.651134+00:00,vast.ai,marketplace,RTX 3080,0.14805555555555555,1,10.0,26.924550558,181.853550558,15.58,408.0,"Austria, AT",0.9793964,52079145
2026-09-30T12:08:05.651134+00:00,vast.ai,marketplace,RTX 3060 Ti,0.14805555555555555,1,8.0,13.782550558,93.087550558,94.31,140.5,"Massachusetts, US",0.9670004,51361325
2026-09-30T12:08:05.651134+00:00,vast.ai,marketplace,RTX 4060 Ti,0.14805555555555555,1,16.0,22.529550558,152.16655055799998,19.43,349.0,"Kentucky, US",0.9842774,40407013
2026-09-30T12:08:05.651134+00:00,vast.ai,marketplace,RTX 4060 Ti,0.14805555555555555,1,16.0,22.516550558,152.084550558,31.18,346.0,"Kentucky, US",0.9949485,48221836
2026-09-30T12:08:05.651134+00:00,vast.ai,marketplace,RTX 4060 Ti,0.14805555555555555,1,16.0,22.516550558,152.084550558,125.96,605.25,"United Kingdom, GB",0.9951116,45635650
2026-09-30T12:08:05.651134+00:00,vast.ai,marketplace,Tesla V100,0.14805555555555555,1,32.0,25.713550558,173.67155055799998,31.48,101.5,"Ukraine, UA",0.9808164,51159025
2026-09-30T12:08:05.651134+00:00,vast.ai,marketplace,RTX 5060 Ti,0.14805555555555555,1,7.96,30.114550558,203.39755055799998,31.32,270.5,"South Korea, KR",0.9980925,51283021
2026-09-30T12:08:05.651134+00:00,vast.ai,marketplace,RTX 5060 Ti,0.14805555555555555,1,15.93,38.382550558,259.245550558,31.3,360.1,"Thailand, TH",0.9905463,50914652
2026-09-30T12:08:05.651134+00:00,vast.ai,marketplace,RTX 5060 Ti,0.14805555555555555,1,15.93,38.307550558,258.738550558,15.54,707.0,"Florida, US",0.9947532,48952931
2026-09-30T12:08:05.651134+00:00,vast.ai,marketplace,Tesla T4,0.14938888888888888,1,15.0,4.135550557999999,27.679550558,31.42,145.9,"Czechia, CZ",0.9992612,13080909
2026-09-30T12:08:05.651134+00:00,vast.ai,marketplace,RTX 5060 Ti,0.14944444444444444,1,15.93,38.334550558000004,256.516550558,31.19,674.0,"Spain, ES",0.9917115,52901657
2026-09-30T12:08:05.651134+00:00,vast.ai,marketplace,RTX 5060 Ti,0.1499074074074074,1,15.93,38.382550558,256.043550558,125.96,575.625,"United Kingdom, GB",0.9943763,49733338
2026-09-30T12:08:05.651134+00:00,vast.ai,marketplace,RTX 3080,0.15072222222222223,1,10.0,26.961550558,178.87955055799998,31.35,645.5,"The Netherlands, NL",0.9816157,52399066
2026-09-30T12:08:05.651134+00:00,vast.ai,marketplace,Tesla V100,0.1512962962962963,1,16.0,20.174550558,133.341550558,62.89,771.25,"Quebec, CA",0.9771822,52317658
2026-09-30T12:08:05.651134+00:00,vast.ai,marketplace,RTX 3090,0.15268518518518517,1,24.0,44.362550558,290.546550558,31.47,159.625,"California, US",0.9852979,52714985
2026-09-30T12:08:05.651134+00:00,vast.ai,marketplace,RTX 3090,0.15268518518518517,1,24.0,44.360550558,290.53755055799996,31.47,99.5,"United States, US",0.9968204,42492576
2026-09-30T12:08:05.651134+00:00,vast.ai,marketplace,RTX 3090,0.15268518518518517,1,24.0,44.589550558,292.036550558,35.98,155.47827064235364,"United States, US",0.9934413,49828278
2026-09-30T12:08:05.651134+00:00,vast.ai,marketplace,RTX 3090,0.15268518518518517,1,24.0,44.255550558,289.845550558,31.46,148.1625,"California, US",0.9864937,52756384
2026-09-30T12:08:05.651134+00:00,vast.ai,marketplace,RTX 3060,0.15350000000000003,1,12.0,12.548550558,81.746550558,62.86,294.0,"New York, US",0.9980052,52140339
2026-09-30T12:08:05.651134+00:00,vast.ai,marketplace,RTX 5070,0.15435185185185188,1,11.94,50.173550558,325.060550558,15.58,630.0,"Missouri, US",0.995037,44455688
2026-09-30T12:08:05.651134+00:00,vast.ai,marketplace,RTX 5060 Ti,0.1587222222222222,1,15.93,38.389550558,241.866550558,31.12,598.0,"Spain, ES",0.990872,49924893
2026-09-30T12:08:05.651134+00:00,vast.ai,marketplace,RTX A4000,0.1613888888888889,1,15.99,21.175550558,131.20855055799998,125.78,546.5000000000003,"Japan, JP",0.9876769,48607916
2026-09-30T12:08:05.651134+00:00,vast.ai,marketplace,Titan V,0.1613888888888889,1,12.0,21.927550558,135.869550558,15.59,379.0,"South Korea, KR",0.9964674,52709208
2026-09-30T12:08:05.651134+00:00,vast.ai,marketplace,Tesla V100,0.1613888888888889,1,32.0,23.192550558,143.703550558,31.45,252.17426746791682,"British Columbia, CA",0.9942231,45783721
2026-09-30T12:08:05.651134+00:00,vast.ai,marketplace,RTX 5070 Ti,0.1613888888888889,1,15.92,54.512550558,337.769550558,15.67,99.75,"South Korea, KR",0.9954005,52605990
2026-09-30T12:08:05.651134+00:00,vast.ai,marketplace,RTX 3060 Ti,0.16231481481481483,1,8.0,13.777550558,84.879550558,62.96,362.625,"Norway, NO",0.9870403,53038588
2026-09-30T12:08:05.651134+00:00,vast.ai,marketplace,RTX 4060 Ti,0.16231481481481483,1,16.0,22.209550558,136.82755055799998,31.36,754.0,"Colorado, US",0.9875688,51273176
2026-09-30T12:08:05.651134+00:00,vast.ai,marketplace,RTX 4060 Ti,0.16231481481481483,1,16.0,22.510550558000002,138.686550558,62.96,111.875,"Norway, NO",0.9969424,31010992
2026-09-30T12:08:05.651134+00:00,vast.ai,marketplace,RTX 5060 Ti,0.16231481481481483,1,15.93,38.749550558,238.728550558,41.89,567.0,"France, FR",0.9547302,52554315
2026-09-30T12:08:05.651134+00:00,vast.ai,marketplace,RTX 4070 laptop,0.16364814814814818,1,8.0,7.744550557999999,47.321550558,30.64,154.0,"Romania, RO",0.9460539,53477141
2026-09-30T12:08:05.651134+00:00,vast.ai,marketplace,RTX 4060 Ti,0.16364814814814818,1,16.0,22.884550558,139.841550558,15.63,316.0,"Romania, RO",0.9200099,53307219
2026-09-30T12:08:05.651134+00:00,vast.ai,marketplace,RTX 3070,0.16405422222222218,1,8.0,12.351550558000001,75.291550558,20.93,95.00000000000001,"Oklahoma, US",0.9894526,53049417
2026-09-30T12:08:05.651134+00:00,vast.ai,marketplace,RTX 4060 Ti,0.16462962962962963,1,8.0,17.664550558000002,107.301550558,14.77,1455.0,"France, FR",0.7577933,49431993
2026-09-30T12:08:05.651134+00:00,vast.ai,marketplace,RTX 5060 Ti,0.16462962962962963,1,15.93,38.510550558,233.923550558,31.3,337.5,"Texas, US",0.9939929,52793773
2026-09-30T12:08:05.651134+00:00,vast.ai,marketplace,RTX 5060 Ti,0.16462962962962963,1,15.93,38.651550558000004,234.77755055799997,31.32,573.0,"Texas, US",0.9955994,52793694
2026-09-30T12:08:05.651134+00:00,vast.ai,marketplace,RTX 5060 Ti,0.16462962962962963,1,15.93,38.382550558,233.14655055799997,31.26,695.0,"Illinois, US",0.9787595,51526997
2026-09-30T12:08:05.651134+00:00,vast.ai,marketplace,RTX 3090,0.1660185185185185,1,24.0,44.369550558,267.259550558,31.44,159.2666174171275,"California, US",0.971085,52756364
2026-09-30T12:08:05.651134+00:00,vast.ai,marketplace,RTX 3090,0.1660185185185185,1,24.0,44.358550558,267.187550558,31.46,371.7399263283155,"United States, US",0.9861767,44375073
2026-09-30T12:08:05.651134+00:00,vast.ai,marketplace,Tesla T4,0.16749999999999998,1,16.0,4.400550558,26.272550558,125.93,3036.0,"Norway, NO",0.9975317,41364912
2026-09-30T12:08:05.651134+00:00,vast.ai,marketplace,RTX 3080 Ti,0.1685185185185185,1,12.0,33.963550558,201.54155055799998,31.32,271.5,"Quebec, CA",0.9963544,50115909
2026-09-30T12:08:05.651134+00:00,vast.ai,marketplace,RTX 5070,0.16898148148148148,1,11.94,50.202550558,297.09055055799996,31.27,582.0,"Indiana, US",0.9982568,43665007
2026-09-30T12:08:05.651134+00:00,vast.ai,marketplace,RTX 5060 Ti,0.17205555555555554,1,15.93,38.362550558,222.96455055799998,62.85,710.3,"Quebec, CA",0.9846092,52945545
2026-09-30T12:08:05.651134+00:00,vast.ai,marketplace,RTX 3070,0.17472222222222222,1,8.0,16.278550558,93.166550558,15.53,805.9,"Japan, JP",0.9912488,53422687
2026-09-30T12:08:05.651134+00:00,vast.ai,marketplace,RTX 3070,0.17472222222222222,1,8.0,16.276550558,93.153550558,10.42,244.29999999999998,"France, FR",0.9980447,51557330
2026-09-30T12:08:05.651134+00:00,vast.ai,marketplace,RTX 3070 Ti,0.17472222222222222,1,8.0,18.210550558,104.225550558,62.57,289.4,"Massachusetts, US",0.9935403,44162569
2026-09-30T12:08:05.651134+00:00,vast.ai,marketplace,RTX 3080,0.17472222222222222,1,10.0,27.109550558000002,155.15955055799998,15.55,368.0,"Austria, AT",0.9670529,52468283
2026-09-30T12:08:05.651134+00:00,vast.ai,marketplace,RTX 3080 Ti,0.17472222222222222,1,12.0,34.695550558,198.574550558,36.64,394.3333333333333,"Quebec, CA",0.9978332,44116401
2026-09-30T12:08:05.651134+00:00,vast.ai,marketplace,RTX 5060 Ti,0.17472222222222222,1,15.93,38.430550558,219.95255055799998,30.38,368.25,"Switzerland, CH",0.9957153,53186322
2026-09-30T12:08:05.651134+00:00,vast.ai,marketplace,RTX 5060 Ti,0.17472222222222222,1,15.93,38.369550558,219.60055055799998,47.2,320.20000000000005,"Switzerland, CH",0.9836104,53186417
2026-09-30T12:08:05.651134+00:00,vast.ai,marketplace,RTX 5060 Ti,0.17472222222222222,1,15.93,38.444550558,220.030550558,31.45,340.6651968704469,"Switzerland, CH",0.986028,53186469
2026-09-30T12:08:05.651134+00:00,vast.ai,marketplace,RTX 5060 Ti,0.17472222222222222,1,15.93,38.510550558,220.411550558,15.55,78.0,"Spain, ES",0.9955827,43384717
2026-09-30T12:08:05.651134+00:00,vast.ai,marketplace,RTX 5060 Ti,0.17564814814814816,1,15.93,38.341550558,218.287550558,31.44,684.625,"Norway, NO",0.9947196,29204633
2026-09-30T12:08:05.651134+00:00,vast.ai,marketplace,RTX 5060 Ti,0.17564814814814816,1,15.93,38.341550558,218.287550558,30.45,746.0,"Pennsylvania, US",0.9805301,51155350
2026-09-30T12:08:05.651134+00:00,vast.ai,marketplace,RTX 5060 Ti,0.1773888888888889,1,15.93,38.503550558,217.05855055799998,62.94,363.75,"Germany, DE",0.9980345,44053784
2026-09-30T12:08:05.651134+00:00,vast.ai,marketplace,RTX 5060 Ti,0.17872222222222223,1,15.93,38.389550558,214.800550558,27.47,214.5,"Taiwan, TW",0.9948108,41702078
2026-09-30T12:08:05.651134+00:00,vast.ai,marketplace,RTX 3090,0.17935185185185185,1,24.0,44.369550558,247.39055055799997,53.96,312.57142857142856,"United States, US",0.9734298,48317508
2026-09-30T12:08:05.651134+00:00,vast.ai,marketplace,RTX 3090,0.17935185185185185,1,24.0,43.337550558000004,241.633550558,47.19,681.5,"United States, US",0.9753211,41028907
2026-09-30T12:08:05.651134+00:00,vast.ai,marketplace,RTX 3090,0.17935185185185185,1,24.0,44.363550558,247.353550558,23.59,301.827134126151,"United States, US",0.9932271,43751724
2026-09-30T12:08:05.651134+00:00,vast.ai,marketplace,RTX 4060 Ti,0.18078703703703705,1,16.0,22.516550558,124.549550558,251.88,636.65,"Germany, DE",0.9987017,49407382
2026-09-30T12:08:05.651134+00:00,vast.ai,marketplace,RTX 3080 Ti,0.1875925925925926,1,12.0,33.963550558,181.048550558,125.51,1676.7,"Texas, US",0.9683275,53440936
2026-09-30T12:08:05.651134+00:00,vast.ai,marketplace,RTX 5060 Ti,0.1875925925925926,1,15.93,38.430550558,204.86255055799998,23.53,72.5,"Bulgaria, BG",0.9927631,46881312
2026-09-30T12:08:05.651134+00:00,vast.ai,marketplace,RTX 3090,0.18805555555555556,1,24.0,44.356550558,235.870550558,31.41,309.25,"Thailand, TH",0.9792559,50514577
2026-09-30T12:08:05.651134+00:00,vast.ai,marketplace,RTX 3080 Ti,0.18805555555555556,1,12.0,30.015550558,159.608550558,15.67,201.75,"Taiwan, TW",0.9939252,50375372
2026-09-30T12:08:05.651134+00:00,vast.ai,marketplace,RTX 5070,0.18805555555555556,1,11.94,50.632550558,269.23955055799996,15.22,503.70000000000005,"Florida, US",0.9655111,52902032
2026-09-30T12:08:05.651134+00:00,vast.ai,marketplace,RTX 5070,0.18805555555555556,1,11.94,50.173550558,266.802550558,62.72,176.0,"South Africa, ZA",0.9957418,47823099
2026-09-30T12:08:05.651134+00:00,vast.ai,marketplace,RTX PRO 4000,0.1889814814814815,1,23.89,65.716550558,347.73955055799996,62.86,692.5,"Alberta, CA",0.9711551,50601906
2026-09-30T12:08:05.651134+00:00,vast.ai,marketplace,RTX 5060 Ti,0.18938888888888886,1,15.93,38.382550558,202.66655055799998,31.2,1654.5,"Maryland, US",0.9960163,42458622
2026-09-30T12:08:05.651134+00:00,vast.ai,marketplace,RTX 5070,0.18944444444444444,1,11.94,50.369550558,265.88155055799996,23.26,402.95,"France, FR",0.9508198,52810517
2026-09-30T12:08:05.651134+00:00,vast.ai,marketplace,RTX 4070S Ti,0.19268518518518518,1,15.99,51.484550558,267.195550558,23.54,289.75,"United States, US",0.9934431,50022955
2026-09-30T12:08:05.651134+00:00,vast.ai,marketplace,RTX 4070,0.1947222222222222,1,11.99,33.652550558,172.822550558,50.31,884.1600000000007,"Minnesota, US",0.9990709,53248764
2026-09-30T12:08:05.651134+00:00,vast.ai,marketplace,RTX 4070,0.1975,1,11.99,33.723550558,170.752550558,62.86,753.0,"New York, US",0.99741,52140290
2026-09-30T12:08:05.651134+00:00,vast.ai,marketplace,RTX 4000Ada,0.20046296296296295,1,20.0,31.308550558,156.181550558,187.61,780.0,"Finland, FI",0.9354346,52802442
2026-09-30T12:08:05.651134+00:00,vast.ai,marketplace,RTX 4070S Ti,0.20064814814814813,1,15.99,51.026550558000004,254.30755055799997,62.94,341.4375,"Arizona, US",0.9923653,53297206
2026-09-30T12:08:05.651134+00:00,vast.ai,marketplace,RTX 3090,0.2009259259259259,1,24.0,44.366550558,220.80755055799997,31.18,555.0,"Thailand, TH",0.9509783,50021769
2026-09-30T12:08:05.651134+00:00,vast.ai,marketplace,RTX 3090,0.20138888888888887,1,24.0,44.899550558,222.949550558,31.42,983.6666666666666,"Taiwan, TW",0.9961092,34387016
2026-09-30T12:08:05.651134+00:00,vast.ai,marketplace,RTX 3090,0.20138888888888887,1,24.0,44.359550558,220.26755055799998,125.89,217.5,"Poland, PL",0.9991221,47622722
2026-09-30T12:08:05.651134+00:00,vast.ai,marketplace,RTX 3090,0.20138888888888887,1,24.0,44.369550558,220.31955055799997,31.46,328.075,", CN",0.9973875,45174332
2026-09-30T12:08:05.651134+00:00,vast.ai,marketplace,RTX 4000Ada,0.20138888888888887,1,20.0,31.259550558,155.21955055799998,31.41,465.0,"Hungary, HU",0.9984771,36173719
2026-09-30T12:08:05.651134+00:00,vast.ai,marketplace,RTX 3080,0.20138888888888887,1,10.0,25.052550558,124.397550558,20.22,110.42857142857142,"Florida, US",0.9947507,51194599
2026-09-30T12:08:05.651134+00:00,vast.ai,marketplace,RTX 3080,0.20138888888888887,1,10.0,26.685550558,132.50555055799998,15.66,194.5,"Taiwan, TW",0.9989616,34092776
2026-09-30T12:08:05.651134+00:00,vast.ai,marketplace,RTX 3080,0.20138888888888887,1,10.0,27.007550558000002,134.10655055799998,15.59,374.0,"Taiwan, TW",0.9909885,50519288
2026-09-30T12:08:05.651134+00:00,vast.ai,marketplace,RTX 4080,0.20138888888888887,1,15.99,53.269550558,264.50855055799997,31.11,688.0,"Germany, DE",0.9378811,53410714
2026-09-30T12:08:05.651134+00:00,vast.ai,marketplace,Tesla P100,0.20166666666666666,1,16.0,5.823550558,28.874550558,251.88,98.0,"United Kingdom, GB",0.9956881,35888793
2026-09-30T12:08:05.651134+00:00,vast.ai,marketplace,RTX 3070,0.20166666666666666,1,8.0,16.276550558,80.707550558,15.64,346.75,"Spain, ES",0.9893283,52230480
2026-09-30T12:08:05.651134+00:00,vast.ai,marketplace,RTX 5070,0.20185185185185184,1,11.94,49.882550558,247.12455055799998,30.46,1489.0,"Utah, US",0.9932219,50234335
2026-09-30T12:08:05.651134+00:00,vast.ai,marketplace,RTX 5070,0.20194444444444443,1,11.94,49.935550558,247.27155055799997,30.5,631.0,"Utah, US",0.9815304,51993510
2026-09-30T12:08:05.651134+00:00,vast.ai,marketplace,RTX 3090,0.2023148148148148,1,24.0,44.364550558,219.28555055799998,31.44,750.9875,"Sweden, SE",0.9215056,53250101
2026-09-30T12:08:05.651134+00:00,vast.ai,marketplace,RTX PRO 4000,0.2023148148148148,1,23.89,65.728550558,324.88155055799996,62.91,90.0,"Utah, US",0.9902017,47510354
2026-09-30T12:08:05.651134+00:00,vast.ai,marketplace,RTX PRO 4000,0.2023148148148148,1,23.89,65.620550558,324.348550558,94.31,628.5,"Alberta, CA",0.9777857,52604145
2026-09-30T12:08:05.651134+00:00,vast.ai,marketplace,RTX PRO 4000,0.2023148148148148,1,23.89,66.862550558,330.48955055799996,31.25,3280.5,"Hungary, HU",0.9810876,52754890
2026-09-30T12:08:05.651134+00:00,vast.ai,marketplace,RTX 3090,0.20305555555555554,1,24.0,43.081550558,212.16555055799998,31.41,57.5,"Indonesia, ID",0.9939442,43373950
2026-09-30T12:08:05.651134+00:00,vast.ai,marketplace,RTX 5070 Ti,0.21205555555555555,1,15.92,65.738550558,310.004550558,31.31,1637.5,"Vietnam, VN",0.9979832,52843292
2026-09-30T12:08:05.651134+00:00,vast.ai,marketplace,RTX 3090,0.21351851851851852,1,24.0,44.342550558,207.674550558,125.92,248.1500000000002,"Latvia, LV",0.9845406,50746311
2026-09-30T12:08:05.651134+00:00,vast.ai,marketplace,RTX 3090,0.21472222222222223,1,24.0,47.748550558,222.375550558,46.79,542.0,"Pakistan, PK",0.9953755,53188848
2026-09-30T12:08:05.651134+00:00,vast.ai,marketplace,RTX 3080,0.21472222222222223,1,10.0,27.259550558,126.951550558,15.38,1216.4,"Switzerland, CH",0.9951247,53323515
2026-09-30T12:08:05.651134+00:00,vast.ai,marketplace,RTX 3080 Ti,0.21472222222222223,1,12.0,32.327550558,150.556550558,15.66,222.5,"Taiwan, TW",0.9995101,49746675
2026-09-30T12:08:05.651134+00:00,vast.ai,marketplace,RTX 3080 Ti,0.21472222222222223,1,12.0,34.523550558000004,160.781550558,15.59,361.0,"Taiwan, TW",0.9975176,47987427
2026-09-30T12:08:05.651134+00:00,vast.ai,marketplace,Tesla V100,0.2188888888888889,1,32.0,25.713550558,117.470550558,94.27,734.75,"Bulgaria, BG",0.9929451,44696064
2026-09-30T12:08:05.651134+00:00,vast.ai,marketplace,RTX 4070S,0.21990840325925926,1,11.99,34.731550558,157.935550558,15.68,391.5,"California, US",0.981977,51485188
2026-09-30T12:08:05.651134+00:00,vast.ai,marketplace,RTX 5060 Ti,0.22143518518518518,1,15.93,38.375550558,173.305550558,31.0,697.0,"Japan, JP",0.9696594,53422793
2026-09-30T12:08:05.651134+00:00,vast.ai,marketplace,RTX 3090,0.2231851851851852,1,24.0,42.978550558,192.57055055799998,62.88,304.025,"Norway, NO",0.9995703,53475863
2026-09-30T12:08:05.651134+00:00,vast.ai,marketplace,RTX 3090,0.2231851851851852,1,24.0,42.890550558,192.175550558,31.36,350.75,"Norway, NO",0.9993678,53475916
2026-09-30T12:08:05.651134+00:00,vast.ai,marketplace,RTX 4060 Ti,0.2253888888888889,1,16.0,22.516550558,99.902550558,62.94,217.5018120679837,"Quebec, CA",0.9981801,49744626
2026-09-30T12:08:05.651134+00:00,vast.ai,marketplace,RTX 3090,0.22805555555555557,1,24.0,44.546550558,195.33355055799998,167.95,437.0,"Oman, OM",0.9843417,53520990
2026-09-30T12:08:05.651134+00:00,vast.ai,marketplace,RTX 3090,0.22805555555555557,1,24.0,44.213550558,193.87355055799998,35.93,196.61428571428573,"Taiwan, TW",0.9973868,41962650
2026-09-30T12:08:05.651134+00:00,vast.ai,marketplace,RTX A5000,0.22805555555555557,1,23.99,34.851550558,152.822550558,31.37,803.0041174171274,"Lithuania, LT",0.8490134,49579001
2026-09-30T12:08:05.651134+00:00,vast.ai,marketplace,RTX 3090 Ti,0.22805555555555557,1,23.99,46.184550558,202.513550558,31.36,286.5,"Romania, RO",0.9941036,47263667
2026-09-30T12:08:05.651134+00:00,vast.ai,marketplace,RTX 4080,0.22805555555555557,1,15.99,53.161550558,233.109550558,31.26,300.0,"Germany, DE",0.9975511,47551307
2026-09-30T12:08:05.651134+00:00,vast.ai,marketplace,RTX 5070 Ti,0.2289814814814815,1,15.92,75.913550558,331.52555055799996,94.13,766.0,"South Korea, KR",0.9692408,52603262
2026-09-30T12:08:05.651134+00:00,vast.ai,marketplace,RTX 3090,0.22944444444444445,1,24.0,43.619550558,190.109550558,62.73,464.0,"Finland, FI",0.9669244,50562430
2026-09-30T12:08:05.651134+00:00,vast.ai,marketplace,RTX 3090,0.22944444444444445,1,24.0,44.558550558,194.203550558,62.73,450.0,"Arizona, US",0.9712817,53403779
2026-09-30T12:08:05.651134+00:00,vast.ai,marketplace,RTX 3080 Ti,0.22990740740740742,1,12.0,33.972550558,147.76655055799998,62.84,850.0,"Thailand, TH",0.9906656,51269024
2026-09-30T12:08:05.651134+00:00,vast.ai,marketplace,RTX 5070 Ti,0.2303703703703704,1,15.92,36.900550558,160.17855055799998,31.41,1625.925,"Beijing, CN",0.9446585,52913206
2026-09-30T12:08:05.651134+00:00,vast.ai,marketplace,RTX 3090,0.23170370370370372,1,24.0,44.598550558,192.48255055799999,100.72,42.2,"Ireland, IE",0.9992576,9817760
2026-09-30T12:08:05.651134+00:00,vast.ai,marketplace,RTX A5000,0.23205555555555557,1,23.99,35.344550558,152.312550558,100.7,25.8,"Romania, RO",0.9982314,13273575
2026-09-30T12:08:05.651134+00:00,vast.ai,marketplace,RTX 5080,0.2326851851851852,1,15.92,58.796550558,252.685550558,31.46,173.1625,"United States, US",0.9808665,53519952
2026-09-30T12:08:05.651134+00:00,vast.ai,marketplace,A10,0.23425925925925922,1,22.49,29.116550558,124.290550558,62.89,150.5,"California, US",0.9675364,52500311
2026-09-30T12:08:05.651134+00:00,vast.ai,marketplace,RTX 4080,0.2347222222222222,1,15.99,53.185550558,226.58755055799998,62.68,341.0,"United Kingdom, GB",0.9979046,53422587
2026-09-30T12:08:05.651134+00:00,vast.ai,marketplace,RTX 5070 Ti,0.2365185185185185,1,15.92,75.798550558,320.476550558,30.22,729.5,"Kansas, US",0.9944985,38305408
2026-09-30T12:08:05.651134+00:00,vast.ai,marketplace,RTX 5060 Ti,0.240462962962963,1,15.93,38.375550558,159.592550558,125.94,10841.975,"Denmark, DK",0.9941403,49967734
2026-09-30T12:08:05.651134+00:00,vast.ai,marketplace,RTX 3090,0.24092592592592593,1,24.0,44.367550558,184.15355055799998,41.92,252.66666666666666,"France, FR",0.9885631,51087513
2026-09-30T12:08:05.651134+00:00,vast.ai,marketplace,RTX 3090,0.24092592592592593,1,24.0,44.362550558,184.131550558,31.25,595.0,"United Arab Emirates, AE",0.9346334,53030590
2026-09-30T12:08:05.651134+00:00,vast.ai,marketplace,RTX 4070S,0.24131263925925922,1,11.99,34.736550558,143.948550558,15.7,171.375,"California, US",0.9763541,52442783
2026-09-30T12:08:05.651134+00:00,vast.ai,marketplace,RTX 3090,0.2413888888888889,1,24.0,44.838550558,185.75455055799998,30.7,594.0,"The Netherlands, NL",0.9781725,51970949
2026-09-30T12:08:05.651134+00:00,vast.ai,marketplace,RTX 3090 Ti,0.2413888888888889,1,23.99,46.201550558,191.399550558,62.55,1534.0,"Vietnam, VN",0.9975152,46064736
2026-09-30T12:08:05.651134+00:00,vast.ai,marketplace,RTX 4070 Ti,0.2413888888888889,1,11.99,35.588550558,147.43455055799998,47.19,1401.8000000000002,"North Carolina, US",0.9935649,39047405
2026-09-30T12:08:05.651134+00:00,vast.ai,marketplace,RTX 4080,0.2413888888888889,1,15.99,53.185550558,220.329550558,31.06,654.0,"Utah, US",0.9907413,50442116
2026-09-30T12:08:05.651134+00:00,vast.ai,marketplace,RTX 3080 Ti,0.2413888888888889,1,12.0,32.985550558,136.64755055799998,141.62,371.0,"Massachusetts, US",0.9755541,50515682
2026-09-30T12:08:05.651134+00:00,vast.ai,marketplace,A10,0.2416666666666667,1,22.49,29.110550558,120.459550558,62.83,514.125,"The Netherlands, NL",0.9996195,44544437
2026-09-30T12:08:05.651134+00:00,vast.ai,marketplace,RTX 3090 Ti,0.24185185185185187,1,23.99,46.199550558,191.02255055799998,62.81,576.0,"Vietnam, VN",0.9852889,53518048
2026-09-30T12:08:05.651134+00:00,vast.ai,marketplace,RTX 5080,0.2427777777777778,1,15.92,82.417550558,339.476550558,27.5,328.7042029734205,"California, US",0.9984778,47549807
2026-09-30T12:08:05.651134+00:00,vast.ai,marketplace,RTX 3090,0.24370370370370373,1,24.0,44.588550558,182.961550558,78.71,703.375,"Estonia, EE",0.9951928,50754488
2026-09-30T12:08:05.651134+00:00,vast.ai,marketplace,RTX 3090,0.24370370370370373,1,24.0,44.889550558,184.19655055799998,28.26,504.07244276497005,"Estonia, EE",0.9525631,45557886
2026-09-30T12:08:05.651134+00:00,vast.ai,marketplace,RTX 5070 Ti,0.24462962962962964,1,15.92,76.100550558,311.084550558,30.94,665.5,"France, FR",0.966773,51477796
2026-09-30T12:08:05.651134+00:00,vast.ai,marketplace,RTX 4080,0.24830000000000005,1,15.99,53.208550558,214.29055055799998,62.88,150.5,"Ontario, CA",0.9982195,49852981
2026-09-30T12:08:05.651134+00:00,vast.ai,marketplace,RTX 3090,0.25170370370370376,1,24.0,44.601550558,177.198550558,100.72,11.8,"Ireland, IE",0.998885,9107057
2026-09-30T12:08:05.651134+00:00,vast.ai,marketplace,RTX 5070 Ti,0.2531111111111111,1,15.92,75.818550558,299.547550558,62.72,3222.2,"Texas, US",0.9875773,51589537
2026-09-30T12:08:05.651134+00:00,vast.ai,marketplace,RTX 5080,0.2533888888888889,1,15.92,56.160550558,221.637550558,35.93,139.6571428571429,"Vietnam, VN",0.9964979,52795090
2026-09-30T12:08:05.651134+00:00,vast.ai,marketplace,RTX 4080,0.2539814814814815,1,15.99,53.144550558,209.245550558,62.88,736.0,"Pennsylvania, US",0.9945123,49416069
2026-09-30T12:08:05.651134+00:00,vast.ai,marketplace,Q RTX 8000,0.25425925925925924,1,45.0,11.590550558,45.584550558000004,47.22,58.89614563852544,"Indiana, US",0.9983853,24936697
2026-09-30T12:08:05.651134+00:00,vast.ai,marketplace,RTX 4080,0.2547222222222222,1,15.99,53.132550558,208.591550558,46.88,146.5,"Quebec, CA",0.9985653,53504390
2026-09-30T12:08:05.651134+00:00,vast.ai,marketplace,RTX PRO 4000,0.2547222222222222,1,23.89,65.788550558,258.274550558,30.92,727.7,"Switzerland, CH",0.9903467,53482310
2026-09-30T12:08:05.651134+00:00,vast.ai,marketplace,RTX PRO 4000,0.2547222222222222,1,23.89,65.788550558,258.274550558,62.88,8.5,"South Korea, KR",0.9971895,53180946
2026-09-30T12:08:05.651134+00:00,vast.ai,marketplace,RTX PRO 4000,0.2551851851851851,1,23.89,66.850550558,261.969550558,30.28,588.9915779859019,"Norway, NO",0.9598694,53010733
2026-09-30T12:08:05.651134+00:00,vast.ai,marketplace,Tesla V100,0.2613888888888889,1,32.0,25.713550558,98.370550558,94.32,1235.581706607767,"Minnesota, US",0.9974529,44175690
2026-09-30T12:08:05.651134+00:00,vast.ai,marketplace,Q RTX 8000,0.26731481481481484,1,48.0,11.855550558000001,44.348550558,94.13,462.84426277014904,", US",0.9992602,29525112
2026-09-30T12:08:05.651134+00:00,vast.ai,marketplace,RTX PRO 4000,0.2675925925925926,1,23.89,65.656550558,245.359550558,32.72,2022.0,"Australia, AU",0.9973562,49601340
2026-09-30T12:08:05.651134+00:00,vast.ai,marketplace,RTX 4070S Ti,0.26787037037037037,1,15.99,51.212550558000004,191.18455055799998,31.18,837.9,"Spain, ES",0.9981836,52090522
2026-09-30T12:08:05.651134+00:00,vast.ai,marketplace,RTX 3090,0.26805555555555555,1,24.0,44.342550558,165.42255055799998,31.36,330.4,"Colorado, US",0.9910757,50546030
2026-09-30T12:08:05.651134+00:00,vast.ai,marketplace,RTX 2060S,0.26805555555555555,1,8.0,3.876550558,14.460550558000001,23.4,2299.1,"California, US",0.9911169,50950849
2026-09-30T12:08:05.651134+00:00,vast.ai,marketplace,RTX 4070S Ti,0.26805555555555555,1,15.99,51.004550558,190.276550558,62.82,1583.75,"Minnesota, US",0.9997469,53490815
2026-09-30T12:08:05.651134+00:00,vast.ai,marketplace,Titan RTX,0.26805555555555555,1,24.0,12.057550558,44.980550558,15.59,369.5,"South Korea, KR",0.9974144,50869877
2026-09-30T12:08:05.651134+00:00,vast.ai,marketplace,RTX 4080,0.26805555555555555,1,15.99,53.298550558,198.83255055799998,62.71,1367.0,"Quebec, CA",0.9953972,47784808
2026-09-30T12:08:05.651134+00:00,vast.ai,marketplace,RTX 4080,0.26805555555555555,1,15.99,53.179550558,198.389550558,23.45,1512.0,"North Carolina, US",0.996945,39750748
2026-09-30T12:08:05.651134+00:00,vast.ai,marketplace,Tesla V100,0.26805555555555555,1,32.0,25.713550558,95.924550558,125.94,721.0,"Minnesota, US",0.9985872,42722527
2026-09-30T12:08:05.651134+00:00,vast.ai,marketplace,RTX 5080,0.26805555555555555,1,15.92,83.670550558,312.140550558,62.71,650.0,"Australia, AU",0.9672908,52550205
2026-09-30T12:08:05.651134+00:00,vast.ai,marketplace,RTX 5070 Ti,0.26805555555555555,1,15.92,76.195550558,284.25155055799996,15.59,377.5,"South Korea, KR",0.9973749,51511969
2026-09-30T12:08:05.651134+00:00,vast.ai,marketplace,RTX 5060 Ti,0.26805555555555555,1,15.93,38.915550558,145.17655055799997,46.71,3316.5,"Ohio, US",0.9983115,53119896
2026-09-30T12:08:05.651134+00:00,vast.ai,marketplace,RTX 5060 Ti,0.26805555555555555,1,15.93,38.430550558,143.36855055799998,15.56,84.0,"Sweden, SE",0.9940367,39009177
2026-09-30T12:08:05.651134+00:00,vast.ai,marketplace,RTX PRO 4000,0.2683333333333333,1,23.89,65.716550558,244.905550558,61.45,1541.4983640390165,"Puerto Rico, PR",0.9763319,51950549
2026-09-30T12:08:05.651134+00:00,vast.ai,marketplace,RTX 4060 Ti,0.2685185185185185,1,16.0,22.522550558,83.878550558,124.44,610.0633019357406,"Texas, US",0.9982232,37119328
2026-09-30T12:08:05.651134+00:00,vast.ai,marketplace,RTX 5070 Ti,0.2685185185185185,1,15.92,76.850550558,286.201550558,62.85,1573.35,"Washington, US",0.9945942,51919631
2026-09-30T12:08:05.651134+00:00,vast.ai,marketplace,RTX 5070,0.2685185185185185,1,11.94,49.905550558,185.85655055799998,31.26,686.0,"California, US",0.9871705,51346121
2026-09-30T12:08:05.651134+00:00,vast.ai,marketplace,RTX 5080,0.2689814814814815,1,15.92,83.401550558,310.063550558,62.71,664.0,"Indiana, US",0.999142,43665071
2026-09-30T12:08:05.651134+00:00,vast.ai,marketplace,RTX 5080,0.2689814814814815,1,15.92,83.80555055800001,311.565550558,62.72,581.413515091851,"Washington, US",0.9836805,52652192
2026-09-30T12:08:05.651134+00:00,vast.ai,marketplace,RTX PRO 4000,0.2689814814814815,1,23.89,65.692550558,244.22655055799999,41.92,389.3333333333333,"Ontario, CA",0.9946331,44205409
2026-09-30T12:08:05.651134+00:00,vast.ai,marketplace,Q RTX 8000,0.26944444444444443,1,45.0,11.590550558,43.015550558,62.89,600.5,"Delaware, US",0.9989829,45242099
2026-09-30T12:08:05.651134+00:00,vast.ai,marketplace,RTX 5060 Ti,0.2707925925925926,1,15.93,32.964550558,121.734550558,31.36,837.9,"Japan, JP",0.9401968,52992625
2026-09-30T12:08:05.651134+00:00,vast.ai,marketplace,RTX 5060 Ti,0.2710592592592593,1,15.93,32.895550558000004,121.359550558,47.09,811.5,"Japan, JP",0.9899143,52971301
2026-09-30T12:08:05.651134+00:00,vast.ai,marketplace,RTX 3060,0.2712555555555555,1,12.0,12.271550558000001,45.239550558,15.73,158.3141245994193,"Czechia, CZ",0.9991006,46528521
2026-09-30T12:08:05.651134+00:00,vast.ai,marketplace,RTX 5070 Ti,0.2712962962962963,1,15.92,75.926550558,279.866550558,29.96,756.0,"Colorado, US",0.9942523,48756092
2026-09-30T12:08:05.651134+00:00,vast.ai,marketplace,RTX 5080,0.27425925925925926,1,15.92,83.357550558,303.937550558,31.28,723.5,"Bulgaria, BG",0.9736668,53477168
2026-09-30T12:08:05.651134+00:00,vast.ai,marketplace,RTX 5080,0.2813888888888889,1,15.92,83.767550558,297.692550558,62.84,627.5,"Australia, AU",0.9971677,53499005
2026-09-30T12:08:05.651134+00:00,vast.ai,marketplace,RTX 5080,0.2813888888888889,1,15.92,83.712550558,297.49655055799997,30.72,856.0,"British Columbia, CA",0.9129425,53231023
2026-09-30T12:08:05.651134+00:00,vast.ai,marketplace,RTX 5080,0.2813888888888889,1,15.92,83.701550558,297.459550558,31.28,805.0,"Taiwan, TW",0.9830716,51185900
2026-09-30T12:08:05.651134+00:00,vast.ai,marketplace,RTX 5080,0.28185185185185185,1,15.92,83.738550558,297.101550558,15.54,697.75,"Puerto Rico, PR",0.993696,51952935
2026-09-30T12:08:05.651134+00:00,vast.ai,marketplace,RTX 5070 Ti,0.2827777777777778,1,15.92,76.05255055800001,268.949550558,31.28,360.8,"Arizona, US",0.9840746,51987082
2026-09-30T12:08:05.651134+00:00,vast.ai,marketplace,RTX 3090,0.2846296296296297,1,24.0,44.840550558000004,157.53955055799997,62.7,3204.0,"Pennsylvania, US",0.9963277,53240026
2026-09-30T12:08:05.651134+00:00,vast.ai,marketplace,RTX 5080,0.2846296296296297,1,15.92,83.722550558,294.14555055799997,62.7,977.0,"France, FR",0.9950294,53110540
2026-09-30T12:08:05.651134+00:00,vast.ai,marketplace,RTX 4080S,0.2902813419259259,1,15.99,55.676550558,191.800550558,23.57,381.1089162599213,"California, US",0.9916089,47959563
2026-09-30T12:08:05.651134+00:00,vast.ai,marketplace,RTX 3090,0.2940740740740741,1,24.0,44.833550558,152.45655055799998,31.27,2777.0,"Washington, US",0.9969284,51229946
2026-09-30T12:08:05.651134+00:00,vast.ai,marketplace,RTX 5080,0.2942592592592593,1,15.92,83.732550558,284.553550558,62.37,3684.6,"Washington, US",0.9954566,53034261
2026-09-30T12:08:05.651134+00:00,vast.ai,marketplace,RTX 4080S,0.2947222222222222,1,15.99,55.799550558,189.330550558,31.43,403.075,"Hong Kong, HK",0.9772018,51999237
2026-09-30T12:08:05.651134+00:00,vast.ai,marketplace,RTX 5080,0.2947222222222222,1,15.92,83.815550558,284.38855055799996,31.28,736.0,"Taiwan, TW",0.9967437,47178769
2026-09-30T12:08:05.651134+00:00,vast.ai,marketplace,RTX 3090,0.295,1,24.0,44.363550558,150.38455055799997,31.28,1478.0,"New Brunswick, CA",0.9958975,48238573
2026-09-30T12:08:05.651134+00:00,vast.ai,marketplace,RTX 4080,0.2961111111111111,1,15.99,53.167550558,179.55355055799998,31.32,387.0,"Arizona, US",0.9877254,53299939
2026-09-30T12:08:05.651134+00:00,vast.ai,marketplace,RTX 4060 Ti,0.2961111111111111,1,16.0,22.522550558,76.062550558,251.76,1282.0,"United Kingdom, GB",0.9979495,43725433
2026-09-30T12:08:05.651134+00:00,vast.ai,marketplace,RTX 5070 Ti,0.30759259259259264,1,15.92,76.222550558,247.80255055799998,62.71,647.0,"Nevada, US",0.9447526,53288946
2026-09-30T12:08:05.651134+00:00,vast.ai,marketplace,RTX 3080 Ti,0.3085185185185185,1,12.0,33.966550558,110.095550558,31.19,738.0,"Florida, US",0.9961337,53420449
2026-09-30T12:08:05.651134+00:00,vast.ai,marketplace,RTX PRO 4000,0.3085185185185185,1,23.89,65.704550558,212.967550558,30.2,84.5,"Puerto Rico, PR",0.9904319,44170201
2026-09-30T12:08:05.651134+00:00,vast.ai,marketplace,RTX 3090,0.30905925925925926,1,24.0,42.676550558,138.08355055799998,62.79,239.7,"Spain, ES",0.9947255,53205798
2026-09-30T12:08:05.651134+00:00,vast.ai,marketplace,RTX 4080S,0.30944444444444447,1,15.99,55.658550558,179.866550558,31.28,421.0,"Arizona, US",0.9862983,53299942
2026-09-30T12:08:05.651134+00:00,vast.ai,marketplace,L4,0.30990740740740746,1,22.49,25.351550558,81.803550558,46.19,337.0,"Utah, US",0.9948883,48000711
2026-09-30T12:08:05.651134+00:00,vast.ai,marketplace,RTX 3090,0.3211481481481481,1,24.0,43.596550558,135.75355055799997,31.33,225.5,"Thailand, TH",0.9864547,50130170
2026-09-30T12:08:05.651134+00:00,vast.ai,marketplace,RTX 3090,0.3213888888888889,1,24.0,44.358550558,138.020550558,35.96,762.4571428571429,"Utah, US",0.9925551,50807813
2026-09-30T12:08:05.651134+00:00,vast.ai,marketplace,RTX 5080,0.3213888888888889,1,15.92,83.818550558,260.800550558,31.25,705.0,"Argentina, AR",0.9914724,33413202
2026-09-30T12:08:05.651134+00:00,vast.ai,marketplace,RTX 4070 Ti,0.32185185185185183,1,11.99,35.599550558,110.609550558,15.54,693.0,"Montana, US",0.9928223,49666787
2026-09-30T12:08:05.651134+00:00,vast.ai,marketplace,RTX 3090,0.3289814814814815,1,24.0,44.368550558,134.866550558,27.47,690.4000000000001,"Quebec, CA",0.9948274,49316121
2026-09-30T12:08:05.651134+00:00,vast.ai,marketplace,RTX 3080 Ti,0.33385185185185184,1,12.0,34.706550558,103.956550558,31.41,692.75,"Florida, US",0.9928458,49921403
2026-09-30T12:08:05.651134+00:00,vast.ai,marketplace,RTX 5080,0.33416666666666667,1,15.92,83.408550558,249.60155055799999,125.7,655.0,"Quebec, CA",0.9978036,45272201
2026-09-30T12:08:05.651134+00:00,vast.ai,marketplace,L4,0.33425925925925926,1,22.49,25.314550558,75.732550558,62.75,437.5,"Czechia, CZ",0.9989358,35835963
2026-09-30T12:08:05.651134+00:00,vast.ai,marketplace,RTX 3090,0.3347222222222222,1,24.0,49.034550558,146.49255055799998,94.29,186.0,"Latvia, LV",0.9669793,53471353
2026-09-30T12:08:05.651134+00:00,vast.ai,marketplace,RTX 3090,0.3347222222222222,1,24.0,31.932550558,95.400550558,31.36,38.0,"Quebec, CA",0.9940222,53187189
2026-09-30T12:08:05.651134+00:00,vast.ai,marketplace,Tesla V100,0.3347222222222222,1,32.0,25.713550558,76.819550558,94.32,1284.425,"Minnesota, US",0.9945238,38405391
2026-09-30T12:08:05.651134+00:00,vast.ai,marketplace,RTX 5080,0.3347222222222222,1,15.92,83.732550558,250.156550558,62.7,3211.0,"Slovakia, SK",0.99185,52440837
2026-09-30T12:08:05.651134+00:00,vast.ai,marketplace,RTX 5070 Ti,0.3347222222222222,1,15.92,75.818550558,226.512550558,15.59,368.0,"South Korea, KR",0.9968565,50736215
2026-09-30T12:08:05.651134+00:00,vast.ai,marketplace,RTX PRO 4500,0.3347222222222222,1,31.86,96.250550558,287.552550558,93.36,135.0,"France, FR",0.9941245,52362689
2026-09-30T12:08:05.651134+00:00,vast.ai,marketplace,RTX 5080,0.33518518518518514,1,15.92,83.774550558,249.93455055799998,62.83,1124.0,"Ireland, IE",0.9959529,49512528
2026-09-30T12:08:05.651134+00:00,vast.ai,marketplace,RTX 5080,0.33518518518518514,1,15.92,40.360550558,120.411550558,30.95,771.6,"Ontario, CA",0.9878469,51362963
2026-09-30T12:08:05.651134+00:00,vast.ai,marketplace,RTX 5070 Ti,0.33564814814814814,1,15.92,76.127550558,226.80755055799997,125.66,2915.1,"Norway, NO",0.9975817,32128319
2026-09-30T12:08:05.651134+00:00,vast.ai,marketplace,RTX PRO 4000,0.33564814814814814,1,23.89,65.668550558,195.64655055799997,125.96,574.5875,"United Kingdom, GB",0.9890422,51601843
2026-09-30T12:08:05.651134+00:00,vast.ai,marketplace,RTX 5060 Ti,0.33564814814814814,1,15.93,38.922550558,115.961550558,62.94,1407.125,"Texas, US",0.9976561,50417798
2026-09-30T12:08:05.651134+00:00,vast.ai,marketplace,RTX 5060 Ti,0.33564814814814814,1,15.93,38.538550558,114.817550558,62.88,779.5,"Texas, US",0.964319,51483441
2026-09-30T12:08:05.651134+00:00,vast.ai,marketplace,RTX 5060 Ti,0.33564814814814814,1,15.93,38.651550558000004,115.154550558,62.94,120.75,"Texas, US",0.9987901,50125000
2026-09-30T12:08:05.651134+00:00,vast.ai,marketplace,RTX 5080,0.3361111111111111,1,15.92,83.774550558,249.245550558,62.57,1389.0,"Utah, US",0.9940593,47965240
2026-09-30T12:08:05.651134+00:00,vast.ai,marketplace,RTX 4090,0.3361124444444444,1,23.99,97.198550558,289.184550558,31.32,1503.5,"South Africa, ZA",0.9945154,52481252
2026-09-30T12:08:05.651134+00:00,vast.ai,marketplace,RTX 5070 Ti,0.33796296296296297,1,15.92,75.758550558,224.161550558,62.69,1566.9,"California, US",0.9551316,52677056
2026-09-30T12:08:05.651134+00:00,vast.ai,marketplace,RTX 5070 Ti,0.34143518518518523,1,15.92,75.993550558,222.57155055799998,62.5,1568.0,"Japan, JP",0.9960018,53522507
2026-09-30T12:08:05.651134+00:00,vast.ai,marketplace,RTX 5070 Ti,0.3427222222222222,1,15.92,73.809550558,215.363550558,31.35,577.0,"Japan, JP",0.9863365,50289923
2026-09-30T12:08:05.651134+00:00,vast.ai,marketplace,RTX 3090,0.34990740740740744,1,24.0,37.180550558,106.259550558,31.33,693.0,"Thailand, TH",0.9953733,51927638
2026-09-30T12:08:05.651134+00:00,vast.ai,marketplace,RTX 4080S,0.35083333333333333,1,31.99,70.946550558,202.222550558,62.85,406.96666666666675,"Ontario, CA",0.9976001,50555695
2026-09-30T12:08:05.651134+00:00,vast.ai,marketplace,RTX 4090,0.3526851851851852,1,23.99,83.838550558,237.715550558,31.46,183.475,"United States, US",0.987888,40912235
2026-09-30T12:08:05.651134+00:00,vast.ai,marketplace,RTX 4090,0.3526851851851852,1,23.99,82.452550558,233.78455055799998,31.46,151.0,"California, US",0.9860668,46191976
2026-09-30T12:08:05.651134+00:00,vast.ai,marketplace,RTX 5080,0.3547222222222222,1,15.92,83.701550558,235.96455055799998,31.12,366.3,"Vietnam, VN",0.8948169,53319648
2026-09-30T12:08:05.651134+00:00,vast.ai,marketplace,RTX 5080,0.36073051851851845,1,15.92,83.774550558,232.235550558,62.38,1564.0,"India, IN",0.9948633,50614316
2026-09-30T12:08:05.651134+00:00,vast.ai,marketplace,RTX 3090 Ti,0.3616666666666667,1,23.99,42.060550558,116.296550558,31.3,597.0,"Spain, ES",0.9539053,52056954
2026-09-30T12:08:05.651134+00:00,vast.ai,marketplace,RTX 3090,0.3632407407407408,1,24.0,44.593550558000004,122.766550558,251.55,1608.0,"Thailand, TH",0.985652,52700224
2026-09-30T12:08:05.651134+00:00,vast.ai,marketplace,RTX 4500Ada,0.3650370370370371,1,23.99,40.468550558000004,110.861550558,23.34,115.69999999999999,"France, FR",0.9883777,51136774
2026-09-30T12:08:05.651134+00:00,vast.ai,marketplace,RTX 5080,0.3733425925925926,1,15.92,83.691550558,224.16655055799998,31.08,1513.8,"Italy, IT",0.9630721,53340832
2026-09-30T12:08:05.651134+00:00,vast.ai,marketplace,RTX 5080,0.3742592592592593,1,15.92,84.114550558,224.74955055799998,30.2,1672.25,"Minnesota, US",0.996353,51246751
2026-09-30T12:08:05.651134+00:00,vast.ai,marketplace,RTX 4090,0.37472222222222223,1,23.99,96.894550558,258.575550558,50.91,144.88888888888889,"Bulgaria, BG",0.9802239,49011501
2026-09-30T12:08:05.651134+00:00,vast.ai,marketplace,RTX 4090,0.37472222222222223,1,23.99,97.226550558,259.463550558,37.71,372.0,"Poland, PL",0.9593995,53268746
2026-09-30T12:08:05.651134+00:00,vast.ai,marketplace,RTX 4090,0.3751851851851852,1,23.99,98.423550558,262.333550558,31.41,257.0640684053395,"United States, US",0.9964619,46260853
2026-09-30T12:08:05.651134+00:00,vast.ai,marketplace,RTX 5080,0.3751851851851852,1,15.92,83.80555055800001,223.370550558,62.72,762.0,"Ontario, CA",0.9986455,51328808
2026-09-30T12:08:05.651134+00:00,vast.ai,marketplace,RTX 5080,0.37785185185185177,1,15.92,83.794550558,221.76655055799998,30.21,728.0,"Spain, ES",0.9869112,52934369
2026-09-30T12:08:05.651134+00:00,vast.ai,marketplace,RTX PRO 4000,0.37885185185185183,1,23.89,65.644550558,173.27255055799998,62.88,709.25,"Slovakia, SK",0.99732,45623848
2026-09-30T12:08:05.651134+00:00,vast.ai,marketplace,RTX 5070,0.3827777777777777,1,11.94,50.167550558,131.062550558,15.26,1501.5,"Ukraine, UA",0.9186369,53492114
2026-09-30T12:08:05.651134+00:00,vast.ai,marketplace,RTX 3090,0.38497377777777775,1,24.0,44.369550558,115.254550558,30.27,628.0,"Indonesia, ID",0.9818618,53501408
2026-09-30T12:08:05.651134+00:00,vast.ai,marketplace,RTX 3090,0.3875925925925926,1,24.0,44.366550558,114.465550558,41.92,120.66666666666666,"Czechia, CZ",0.9916584,18811400
2026-09-30T12:08:05.651134+00:00,vast.ai,marketplace,RTX 5080,0.3875925925925926,1,15.92,84.124550558,217.044550558,30.2,3284.0,"Minnesota, US",0.9970836,50441921
2026-09-30T12:08:05.651134+00:00,vast.ai,marketplace,RTX 4090,0.39964814814814814,1,23.99,51.940550558,129.966550558,50.37,285.88155279527683,"Vietnam, VN",0.9783902,53503823
2026-09-30T12:08:05.651134+00:00,vast.ai,marketplace,RTX A6000,0.40138888888888885,1,47.99,5.144550558,12.817550558,62.97,172.32717190943637,"Kansas, US",0.9926329,21004752
2026-09-30T12:08:05.651134+00:00,vast.ai,marketplace,RTX 4090,0.40138888888888885,1,23.99,97.054550558,241.79755055799998,71.98,106.85714285714285,"Malaysia, MY",0.9945127,43681485
2026-09-30T12:08:05.651134+00:00,vast.ai,marketplace,RTX 4090,0.40138888888888885,1,23.99,97.194550558,242.144550558,62.43,1566.0,"South Korea, KR",0.9978945,53518335
2026-09-30T12:08:05.651134+00:00,vast.ai,marketplace,RTX 4090,0.40138888888888885,1,23.99,97.040550558,241.762550558,46.19,1396.0,"Arizona, US",0.9879111,49917780
2026-09-30T12:08:05.651134+00:00,vast.ai,marketplace,RTX 4090,0.40138888888888885,1,23.99,97.149550558,242.03355055799997,26.17,151.88882322283666,"Australia, AU",0.9960341,51243375
2026-09-30T12:08:05.651134+00:00,vast.ai,marketplace,RTX 4090,0.40138888888888885,1,23.99,96.817550558,241.205550558,31.26,307.0,"Indiana, US",0.9974081,48301711
2026-09-30T12:08:05.651134+00:00,vast.ai,marketplace,RTX 4090,0.40138888888888885,1,23.99,98.925550558,246.45755055799998,30.99,714.45,"Türkiye, TR",0.9991671,27796152
2026-09-30T12:08:05.651134+00:00,vast.ai,marketplace,RTX 4090,0.40138888888888885,1,23.99,96.831550558,241.240550558,31.26,213.0,"Indiana, US",0.9972221,52777508
2026-09-30T12:08:05.651134+00:00,vast.ai,marketplace,RTX 4090,0.40138888888888885,1,23.99,97.012550558,241.693550558,62.96,158.125,"Poland, PL",0.9439081,52925890
2026-09-30T12:08:05.651134+00:00,vast.ai,marketplace,CMP 170HX,0.40138888888888885,1,64.0,84.798550558,211.262550558,62.92,224.88153882619525,"Bulgaria, BG",0.9789545,52623829
2026-09-30T12:08:05.651134+00:00,vast.ai,marketplace,A100 SXM4,0.4018518518518518,1,40.0,95.378550558,237.346550558,31.46,529.0532491988388,"California, US",0.9777442,52380861
2026-09-30T12:08:05.651134+00:00,vast.ai,marketplace,RTX A6000,0.4023148148148148,1,47.99,54.453550558,135.35055055799998,47.19,229.4186852918324,"Romania, RO",0.9941943,51092045
2026-09-30T12:08:05.651134+00:00,vast.ai,marketplace,RTX A6000,0.4023148148148148,1,47.99,54.467550558,135.38555055799998,47.23,122.75,"Romania, RO",0.9805373,31805849
2026-09-30T12:08:05.651134+00:00,vast.ai,marketplace,RTX A6000,0.4023148148148148,1,47.99,54.472550558,135.39655055799997,47.2,40.625,"Romania, RO",0.9889035,51222014
2026-09-30T12:08:05.651134+00:00,vast.ai,marketplace,RTX 4080S,0.4023148148148148,1,15.99,31.099550558,77.300550558,83.84,396.0,"Norway, NO",0.996192,10764193
2026-09-30T12:08:05.651134+00:00,vast.ai,marketplace,RTX 4090,0.4023148148148148,1,23.99,97.068550558,241.275550558,62.94,230.8771081885144,"Hungary, HU",0.9977027,42494310
2026-09-30T12:08:05.651134+00:00,vast.ai,marketplace,RTX 5080,0.4023148148148148,1,15.92,83.705550558,208.05955055799998,60.53,1533.0,"Norway, NO",0.9932946,18308720
2026-09-30T12:08:05.651134+00:00,vast.ai,marketplace,RTX 3090,0.40277777777777773,1,24.0,44.604550558,110.741550558,30.41,541.0,"Texas, US",0.9981076,53387693
2026-09-30T12:08:05.651134+00:00,vast.ai,marketplace,RTX A6000,0.40277777777777773,1,44.99,50.362550558,125.037550558,47.12,546.9133556087872,"Delaware, US",0.9985265,45242142
2026-09-30T12:08:05.651134+00:00,vast.ai,marketplace,A100 PCIE,0.40277777777777773,1,40.0,90.750550558,225.312550558,94.29,490.125,"California, US",0.9658457,51163397
2026-09-30T12:08:05.651134+00:00,vast.ai,marketplace,A100 SXM4,0.40277777777777773,1,40.0,95.562550558,237.258550558,62.96,293.6282491988386,"California, US",0.9923736,50441077
2026-09-30T12:08:05.651134+00:00,vast.ai,marketplace,RTX 4090,0.4031481481481481,1,23.99,97.390550558,241.57555055799997,39.26,746.4,"Estonia, EE",0.9952284,34926591
2026-09-30T12:08:05.651134+00:00,vast.ai,marketplace,RTX 4090,0.4037037037037037,1,23.99,97.56155055800001,241.66555055799998,86.58,669.1800749488098,"Estonia, EE",0.9845274,51008158
2026-09-30T12:08:05.651134+00:00,vast.ai,marketplace,RTX 5060 Ti,0.4041666666666666,1,15.93,38.464550558,95.170550558,15.54,170.0,"Washington, US",0.9950406,53206959
2026-09-30T12:08:05.651134+00:00,vast.ai,marketplace,RTX 5090,0.4060185185185185,1,31.84,174.948550558,430.887550558,62.96,318.475,"United States, US",0.9759615,49140892
2026-09-30T12:08:05.651134+00:00,vast.ai,marketplace,RTX 3090,0.40139155555555556,1,24.0,44.600550558,111.114550558,31.18,554.0,"Oklahoma, US",0.9705977,51065387
2026-09-30T12:08:05.651134+00:00,vast.ai,marketplace,RTX 3090,0.41205555555555556,1,24.0,44.606550558,108.254550558,125.65,1595.0,"Quebec, CA",0.9945185,53295594
2026-09-30T12:08:05.651134+00:00,vast.ai,marketplace,RTX 4090,0.41456481481481483,1,47.99,125.166550558,301.922550558,94.46,492.5045988651526,"Japan, JP",0.996964,45473524
2026-09-30T12:08:05.651134+00:00,vast.ai,marketplace,RTX 4090,0.4147222222222222,1,23.99,88.657550558,213.774550558,62.89,155.75,"United Kingdom, GB",0.9749535,51976086
2026-09-30T12:08:05.651134+00:00,vast.ai,marketplace,CMP 170HX,0.4147222222222222,1,64.0,92.581550558,223.23755055799998,62.88,673.2843390101859,"Latvia, LV",0.8754681,53489749
2026-09-30T12:08:05.651134+00:00,vast.ai,marketplace,RTX 5000Ada,0.42759259259259264,1,31.99,64.289550558,150.352550558,62.85,1200.456832662766,"Minnesota, US",0.9847584,51357844
2026-09-30T12:08:05.651134+00:00,vast.ai,marketplace,RTX 4090,0.42770370370370375,1,23.99,90.591550558,211.80855055799998,31.26,1555.0,"South Korea, KR",0.9989929,17253925
2026-09-30T12:08:05.651134+00:00,vast.ai,marketplace,RTX 5080,0.4277777777777778,1,15.92,83.929550558,196.198550558,62.8,791.0,"North Carolina, US",0.9991546,26316803
2026-09-30T12:08:05.651134+00:00,vast.ai,marketplace,RTX 4090,0.4280555555555556,1,23.99,91.229550558,213.126550558,31.26,713.0,"South Korea, KR",0.9993597,53441247
2026-09-30T12:08:05.651134+00:00,vast.ai,marketplace,RTX 4090,0.4280555555555556,1,23.99,98.536550558,230.19455055799997,62.63,745.0,"South Korea, KR",0.9902961,53447661
2026-09-30T12:08:05.651134+00:00,vast.ai,marketplace,RTX 5070 Ti,0.4280555555555556,1,15.92,33.897550558,79.190550558,15.56,422.0,"Spain, ES",0.9941355,51782003
2026-09-30T12:08:05.651134+00:00,vast.ai,marketplace,RTX 5070 Ti,0.4280555555555556,1,15.92,33.315550558,77.828550558,31.0,791.0,"Spain, ES",0.99418,51724767
2026-09-30T12:08:05.651134+00:00,vast.ai,marketplace,RTX PRO 4000,0.4285185185185185,1,23.89,65.716550558,153.35755055799999,55.01,1418.4693791854804,"Indiana, US",0.9977729,52365988
2026-09-30T12:08:05.651134+00:00,vast.ai,marketplace,RTX PRO 4000,0.4285185185185185,1,23.89,65.740550558,153.413550558,62.88,813.5,"Indiana, US",0.993327,53457066
2026-09-30T12:08:05.651134+00:00,vast.ai,marketplace,RTX 3090,0.42892592592592593,1,24.0,44.616550558,104.019550558,50.3,75.4,"Czechia, CZ",0.9686239,33877197
2026-09-30T12:08:05.651134+00:00,vast.ai,marketplace,RTX 3090 Ti,0.42990740740740746,1,23.99,46.194550558,107.451550558,62.89,630.25,"Thailand, TH",0.9939049,52962112
2026-09-30T12:08:05.651134+00:00,vast.ai,marketplace,RTX 4090,0.4303703703703704,1,23.99,97.068550558,225.54755055799998,108.06,841.6,"California, US",0.9855349,51500607
2026-09-30T12:08:05.651134+00:00,vast.ai,marketplace,RTX 4090,0.4303703703703704,1,23.99,97.082550558,225.579550558,108.06,841.6,"California, US",0.9864557,51255489
2026-09-30T12:08:05.651134+00:00,vast.ai,marketplace,RTX 3090,0.43472222222222223,1,24.0,44.359550558,102.040550558,62.89,351.0,"Czechia, CZ",0.9754336,53194863
2026-09-30T12:08:05.651134+00:00,vast.ai,marketplace,RTX 5070 Ti,0.43787384325925927,1,15.92,75.758550558,173.013550558,31.41,819.675,"California, US",0.9689674,52442708
2026-09-30T12:08:05.651134+00:00,vast.ai,marketplace,RTX 4090,0.44069444444444444,1,23.99,100.107550558,227.15855055799997,62.01,1529.0,"France, FR",0.9970887,46820017
2026-09-30T12:08:05.651134+00:00,vast.ai,marketplace,RTX 4090,0.4412037037037037,1,47.99,122.972550558,278.719550558,94.46,477.0670666498354,"Japan, JP",0.9977167,47635768
2026-09-30T12:08:05.651134+00:00,vast.ai,marketplace,RTX 4090,0.4413888888888889,1,23.99,97.554550558,221.01755055799998,62.96,630.5,"Oregon, US",0.9868361,50629596
2026-09-30T12:08:05.651134+00:00,vast.ai,marketplace,RTX 4090,0.4413888888888889,1,23.99,34.272550558,77.647550558,30.22,665.0,"Japan, JP",0.9954071,48857504
2026-09-30T12:08:05.651134+00:00,vast.ai,marketplace,RTX 4090,0.4413888888888889,1,23.99,98.368550558,222.860550558,31.32,300.55000000000007,"South Korea, KR",0.9935699,50588449
2026-09-30T12:08:05.651134+00:00,vast.ai,marketplace,RTX 4090,0.44462962962962965,1,23.99,97.383550558,219.02255055799998,62.81,1555.0,"Japan, JP",0.9837976,51861345
2026-09-30T12:08:05.651134+00:00,vast.ai,marketplace,RTX 5090,0.44601851851851854,1,31.84,191.399550558,429.128550558,62.96,290.625,"California, US",0.9962323,50992860
2026-09-30T12:08:05.651134+00:00,vast.ai,marketplace,RTX 5090,0.44601851851851854,1,31.84,180.044550558,403.66955055799997,31.46,145.4125,"United States, US",0.9960944,46753301
2026-09-30T12:08:05.651134+00:00,vast.ai,marketplace,RTX 3090,0.4551851851851852,1,24.0,44.364550558,97.465550558,41.88,817.0,"Florida, US",0.9956528,50788267
2026-09-30T12:08:05.651134+00:00,vast.ai,marketplace,RTX 4090,0.4554166666666667,1,23.99,85.414550558,187.55255055799998,31.35,75.5,"Montana, US",0.9989286,45982651
2026-09-30T12:08:05.651134+00:00,vast.ai,marketplace,RTX 4090,0.4556481481481482,1,23.99,106.508550558,233.751550558,39.25,745.25,"Spain, ES",0.9766908,53517051
2026-09-30T12:08:05.651134+00:00,vast.ai,marketplace,RTX 5090,0.4593518518518519,1,31.84,199.185550558,433.622550558,62.88,772.375,"Beijing, CN",0.9902757,50041182
2026-09-30T12:08:05.651134+00:00,vast.ai,marketplace,RTX 5090,0.4593518518518519,1,31.84,199.198550558,433.651550558,31.41,688.25,"Beijing, CN",0.9952039,50338874
2026-09-30T12:08:05.651134+00:00,vast.ai,marketplace,RTX 5090,0.4593518518518519,1,31.84,189.917550558,413.446550558,31.36,649.25,"Sichuan, CN",0.9918482,50556737
2026-09-30T12:08:05.651134+00:00,vast.ai,marketplace,RTX 5000Ada,0.4680555555555555,1,31.99,64.205550558,137.175550558,125.88,1228.7500000000002,"Japan, JP",0.998935,50008902
2026-09-30T12:08:05.651134+00:00,vast.ai,marketplace,RTX 4090,0.4680555555555555,1,23.99,97.026550558,207.29755055799998,62.66,525.0,"Nevada, US",0.9961387,52837226
2026-09-30T12:08:05.651134+00:00,vast.ai,marketplace,RTX 4090,0.4680555555555555,1,23.99,97.226550558,207.72455055799998,125.88,583.3950874474378,"Washington, US",0.9841238,53373190
2026-09-30T12:08:05.651134+00:00,vast.ai,marketplace,RTX 4090,0.46851851851851845,1,23.99,97.240550558,207.549550558,62.5,1280.0,"Texas, US",0.9980703,50405750
2026-09-30T12:08:05.651134+00:00,vast.ai,marketplace,RTX 5090,0.46898148148148144,1,31.84,199.119550558,424.57855055799996,30.47,653.2,"South Korea, KR",0.9953766,45669426
2026-09-30T12:08:05.651134+00:00,vast.ai,marketplace,RTX 5090,0.46898148148148144,1,31.84,198.947550558,424.212550558,30.47,482.0,"South Korea, KR",0.9984336,44173873
2026-09-30T12:08:05.651134+00:00,vast.ai,marketplace,RTX 5090,0.46898148148148144,1,31.84,199.02755055799997,424.38155055799996,30.47,450.0,"South Korea, KR",0.9975919,52190777
2026-09-30T12:08:05.651134+00:00,vast.ai,marketplace,RTX 5090,0.46898148148148144,1,31.84,194.323550558,414.351550558,30.47,477.0,"South Korea, KR",0.9978487,45669544
2026-09-30T12:08:05.651134+00:00,vast.ai,marketplace,RTX 5090,0.46898148148148144,1,31.84,194.091550558,413.857550558,30.47,432.0,"South Korea, KR",0.9975401,48982635
2026-09-30T12:08:05.651134+00:00,vast.ai,marketplace,RTX 4090,0.4694444444444444,1,23.99,97.047550558,206.729550558,62.73,705.2,"Chile, CL",0.9983019,53213151
2026-09-30T12:08:05.651134+00:00,vast.ai,marketplace,A100 SXM4,0.4699074074074074,1,40.0,91.146550558,193.966550558,78.71,195.87500000000003,"California, US",0.9783302,52325104
2026-09-30T12:08:05.651134+00:00,vast.ai,marketplace,A100 SXM4,0.4699074074074074,1,40.0,90.123550558,191.78955055799997,78.71,288.01249999999993,"California, US",0.9689806,53118157
2026-09-30T12:08:05.651134+00:00,vast.ai,marketplace,RTX 4090,0.47013888888888883,1,23.99,55.367550558,117.768550558,62.71,328.0,"Poland, PL",0.9935012,45843293
2026-09-30T12:08:05.651134+00:00,vast.ai,marketplace,RTX 5090,0.4703703703703703,1,31.84,165.10055055799998,351.000550558,71.95,367.2428571428571,"United States, US",0.9934052,52324017
2026-09-30T12:08:05.651134+00:00,vast.ai,marketplace,RTX 5070 Ti,0.47083333333333327,1,15.92,75.859550558,161.11755055799998,15.48,713.0,"Washington, US",0.9973993,52630575
2026-09-30T12:08:05.651134+00:00,vast.ai,marketplace,RTX 4090,0.47129629629629627,1,23.99,97.512550558,206.90255055799997,62.7,1019.0,"France, FR",0.9976436,53105470
2026-09-30T12:08:05.651134+00:00,vast.ai,marketplace,RTX 3090,0.47559259259259257,1,24.0,43.203550558,90.841550558,31.43,272.0,"Czechia, CZ",0.9982052,20130145
2026-09-30T12:08:05.651134+00:00,vast.ai,marketplace,RTX 4090,0.48078247848835687,1,23.99,97.731550558,203.274550558,93.94,709.5,"Sweden, SE",0.9907788,49028152
2026-09-30T12:08:05.651134+00:00,vast.ai,marketplace,RTX 4090,0.4813888888888889,1,23.99,97.418550558,202.370550558,83.97,124.5,"Texas, US",0.9940596,44533585
2026-09-30T12:08:05.651134+00:00,vast.ai,marketplace,RTX 4090,0.4813888888888889,1,23.99,97.040550558,201.585550558,47.14,139.725,"Finland, FI",0.9961509,46123863
2026-09-30T12:08:05.651134+00:00,vast.ai,marketplace,RTX 5090,0.48185185185185186,1,31.84,199.614550558,414.265550558,30.4,1359.0,"Alberta, CA",0.9950573,51857148
2026-09-30T12:08:05.651134+00:00,vast.ai,marketplace,A100 SXM4,0.4827777777777778,1,40.0,95.444550558,197.699550558,109.9,1502.1,"United States, US",0.9783488,52703613
2026-09-30T12:08:05.651134+00:00,vast.ai,marketplace,RTX 4090,0.4827777777777778,1,23.99,97.047550558,201.019550558,62.78,348.0,"Arizona, US",0.9926697,53325355
2026-09-30T12:08:05.651134+00:00,vast.ai,marketplace,RTX 5090,0.48370370370370375,1,31.84,199.086550558,411.587550558,62.91,603.4,"Estonia, EE",0.9347725,47196650
2026-09-30T12:08:05.651134+00:00,vast.ai,marketplace,RTX 4090,0.48585185185185187,1,23.99,95.960550558,197.51055055799998,31.4,347.5,"Norway, NO",0.9986351,53475749
2026-09-30T12:08:05.651134+00:00,vast.ai,marketplace,RTX 4090,0.48585185185185187,1,23.99,73.420550558,151.116550558,31.32,819.5325984352233,"Norway, NO",0.9993124,53476191
2026-09-30T12:08:05.651134+00:00,vast.ai,marketplace,RTX 4090,0.48585185185185187,1,23.99,96.684550558,198.99955055799998,62.93,196.27142857142854,"Norway, NO",0.9965088,53476084
2026-09-30T12:08:05.651134+00:00,vast.ai,marketplace,RTX 5070 Ti,0.48964814814814805,1,15.92,13.856550558,28.298550558,15.21,258.5,"Romania, RO",0.9566231,52779375
2026-09-30T12:08:05.651134+00:00,vast.ai,marketplace,RTX 3090,0.494537037037037,1,24.0,44.849550558,90.690550558,62.83,662.5,"Sweden, SE",0.9937616,53242275
2026-09-30T12:08:05.651134+00:00,vast.ai,marketplace,RTX 6000Ada,0.4947222222222222,1,47.99,113.170550558,228.75555055799998,83.93,54.0,"Japan, JP",0.999133,25318167
2026-09-30T12:08:05.651134+00:00,vast.ai,marketplace,RTX 4090,0.4947222222222222,1,23.99,97.047550558,196.16655055799998,62.66,1246.9,"Nevada, US",0.9976424,53075874
2026-09-30T12:08:05.651134+00:00,vast.ai,marketplace,RTX 5090,0.4947222222222222,1,31.84,198.67755055799998,401.593550558,62.89,182.90143018802357,"South Korea, KR",0.9521081,53103655
2026-09-30T12:08:05.651134+00:00,vast.ai,marketplace,RTX 5090,0.4947222222222222,1,31.84,199.52255055799998,403.301550558,55.01,759.5727805461053,"South Korea, KR",0.9107897,53312269
2026-09-30T12:08:05.651134+00:00,vast.ai,marketplace,RTX 4090,0.49601851851851847,1,23.99,97.107550558,195.774550558,50.34,1248.2,"California, US",0.9959508,51857335
2026-09-30T12:08:05.651134+00:00,vast.ai,marketplace,RTX 5090,0.497037037037037,1,31.84,198.739550558,399.848550558,71.96,421.8142857142857,"Estonia, EE",0.8950365,46015929
2026-09-30T12:08:05.651134+00:00,vast.ai,marketplace,RTX 5090,0.497037037037037,1,31.84,198.109550558,398.58055055799997,71.96,653.8322096724861,"Estonia, EE",0.9118356,40819919
2026-09-30T12:08:05.651134+00:00,vast.ai,marketplace,RTX 5090,0.49981481481481477,1,31.84,163.31555055799998,326.75155055799996,31.24,182.5,"Virginia, US",0.9969407,52008649
2026-09-30T12:08:05.651134+00:00,vast.ai,marketplace,RTX 4090,0.5056481481481481,1,23.99,97.540550558,192.901550558,62.72,1647.4,"Sweden, SE",0.9980357,52603707
2026-09-30T12:08:05.651134+00:00,vast.ai,marketplace,RTX 4090,0.5075925925925925,1,23.99,97.026550558,191.151550558,62.94,782.375,"Taiwan, TW",0.9809166,37194519
2026-09-30T12:08:05.651134+00:00,vast.ai,marketplace,RTX 4090,0.5075925925925925,1,23.99,49.408550558,97.339550558,62.89,755.254852656631,"Norway, NO",0.8050066,51305084
2026-09-30T12:08:05.651134+00:00,vast.ai,marketplace,RTX 4090,0.5080555555555555,1,23.99,97.054550558,191.031550558,62.67,1354.9,"Nevada, US",0.9903761,53045894
2026-09-30T12:08:05.651134+00:00,vast.ai,marketplace,RTX 4090,0.5080555555555555,1,23.99,97.191550558,191.30155055799997,31.16,2855.0,"Nevada, US",0.9655156,50607409
2026-09-30T12:08:05.651134+00:00,vast.ai,marketplace,RTX 4090,0.5085185185185185,1,23.99,57.483550558,113.042550558,59.0,635.875,"Quebec, CA",0.9943803,29761284
2026-09-30T12:08:05.651134+00:00,vast.ai,marketplace,RTX 4090,0.5089814814814814,1,23.99,96.908550558,190.39655055799997,125.96,358.875,"Spain, ES",0.9974836,37930540
2026-09-30T12:08:05.651134+00:00,vast.ai,marketplace,RTX 4090,0.5089814814814814,1,23.99,5.945550558,11.680550558,125.78,1378.0,"Spain, ES",0.997749,31829238
2026-09-30T12:08:05.651134+00:00,vast.ai,marketplace,RTX 4090,0.5209259259259259,1,23.99,97.247550558,186.68255055799997,62.71,3038.0,"Germany, DE",0.9885741,44630700
2026-09-30T12:08:05.651134+00:00,vast.ai,marketplace,RTX 4090,0.5213888888888889,1,23.99,97.054550558,186.14655055799997,62.66,586.0,"Nevada, US",0.9976291,53251387
2026-09-30T12:08:05.651134+00:00,vast.ai,marketplace,RTX 4090,0.5213888888888889,1,23.99,97.033550558,186.10655055799998,62.68,2977.0,"Nevada, US",0.9966063,53061818
2026-09-30T12:08:05.651134+00:00,vast.ai,marketplace,RTX 3090,0.5240555555555557,1,24.0,44.322550558,84.576550558,31.46,296.625,"Czechia, CZ",0.9977335,46872548
2026-09-30T12:08:05.651134+00:00,vast.ai,marketplace,RTX 4090,0.5342592592592592,1,23.99,97.054550558,181.662550558,46.98,663.0,"Bulgaria, BG",0.990604,44902334
2026-09-30T12:08:05.651134+00:00,vast.ai,marketplace,RTX 4090,0.5342592592592592,1,23.99,97.226550558,181.984550558,46.98,477.0,"Bulgaria, BG",0.9900349,46785569
2026-09-30T12:08:05.651134+00:00,vast.ai,marketplace,RTX 4090,0.5347222222222222,1,23.99,97.632550558,182.585550558,30.22,455.0,"The Netherlands, NL",0.9957258,51890698
2026-09-30T12:08:05.651134+00:00,vast.ai,marketplace,RTX 4090,0.5347222222222222,1,23.99,97.702550558,182.717550558,47.03,938.0,"Taiwan, TW",0.9980375,53492578
2026-09-30T12:08:05.651134+00:00,vast.ai,marketplace,RTX 4090,0.5347222222222222,1,23.99,97.355550558,182.067550558,47.02,1428.0,"Taiwan, TW",0.9992296,53492552
2026-09-30T12:08:05.651134+00:00,vast.ai,marketplace,RTX 5090,0.5347222222222222,1,31.84,198.80955055799998,371.79955055799996,31.34,645.0,"Pennsylvania, US",0.9967675,50343468
2026-09-30T12:08:05.651134+00:00,vast.ai,marketplace,RTX 5090,0.5347222222222222,1,31.84,198.79655055799998,371.774550558,141.68,287.75,"Malaysia, MY",0.9888418,49863317
2026-09-30T12:08:05.651134+00:00,vast.ai,marketplace,CMP 170HX,0.5347222222222222,1,64.0,82.362550558,154.02955055799998,62.69,271.0,"Portugal, PT",0.9523113,52991400
2026-09-30T12:08:05.651134+00:00,vast.ai,marketplace,RTX 4090,0.5351851851851852,1,23.99,96.991550558,181.23055055799998,62.94,132.15,"Quebec, CA",0.9840611,51842859
2026-09-30T12:08:05.651134+00:00,vast.ai,marketplace,RTX 5070 Ti,0.5351851851851852,1,15.92,75.872550558,141.769550558,251.91,1491.0,"Texas, US",0.9953452,53320341
2026-09-30T12:08:05.651134+00:00,vast.ai,marketplace,RTX 5090,0.5356481481481481,1,31.84,199.15955055799998,371.809550558,30.47,500.0,"South Korea, KR",0.998907,50466037
2026-09-30T12:08:05.651134+00:00,vast.ai,marketplace,RTX 5090,0.5356481481481481,1,31.84,194.24255055799998,362.629550558,30.47,445.0,"South Korea, KR",0.9986442,40999113
2026-09-30T12:08:05.651134+00:00,vast.ai,marketplace,RTX 5090,0.5361111111111111,1,31.84,96.401550558,179.816550558,61.38,587.0,"Germany, DE",0.9845003,52627319
2026-09-30T12:08:05.651134+00:00,vast.ai,marketplace,RTX 6000Ada,0.537037037037037,1,47.99,116.996550558,217.85555055799998,83.92,781.1666666666666,"Estonia, EE",0.9555637,35415082
2026-09-30T12:08:05.651134+00:00,vast.ai,marketplace,RTX 6000Ada,0.537037037037037,1,47.99,113.103550558,210.60755055799999,117.9,708.0,"California, US",0.9670658,50926699
2026-09-30T12:08:05.651134+00:00,vast.ai,marketplace,RTX 4090,0.537962962962963,1,47.99,125.254550558,232.83155055799998,75.57,721.7,"California, US",0.9647317,47667744
2026-09-30T12:08:05.651134+00:00,vast.ai,marketplace,RTX 4090,0.537962962962963,1,47.99,125.492550558,233.27355055799998,62.97,605.2307692307693,"California, US",0.9919218,50701965
2026-09-30T12:08:05.651134+00:00,vast.ai,marketplace,RTX 5080,0.537962962962963,1,15.92,83.546550558,155.30155055799997,93.92,169.0,"New Jersey, US",0.9538781,52467374
2026-09-30T12:08:05.651134+00:00,vast.ai,marketplace,RTX 4090,0.5402592592592592,1,23.99,95.81155055800001,177.34355055799998,31.34,220.0,"Taiwan, TW",0.997445,53334700
2026-09-30T12:08:05.651134+00:00,vast.ai,marketplace,RTX 5090,0.5427222222222222,1,31.84,198.95755055799998,366.59255055799997,31.45,145.75,"Taiwan, TW",0.9914695,34376041
2026-09-30T12:08:05.651134+00:00,vast.ai,marketplace,RTX 5090,0.5503703703703703,1,31.84,198.181550558,360.087550558,62.93,617.25,"Estonia, EE",0.9968703,49640986
2026-09-30T12:08:05.651134+00:00,vast.ai,marketplace,RTX 5090,0.553611111111111,1,31.84,198.86155055799998,359.208550558,62.71,755.0,"Poland, PL",0.9856776,51466240
2026-09-30T12:08:05.651134+00:00,vast.ai,marketplace,RTX 4090,0.5547222222222222,1,23.99,51.625550558,93.066550558,62.81,103.25000000000001,"Chile, CL",0.9822233,52289589
2026-09-30T12:08:05.651134+00:00,vast.ai,marketplace,RTX 5090,0.5609259259259259,1,31.84,199.423550558,355.52555055799996,62.59,540.0,"Vietnam, VN",0.9953636,52709111
2026-09-30T12:08:05.651134+00:00,vast.ai,marketplace,RTX 4090,0.5612962962962964,1,23.99,97.156550558,173.09355055799998,31.14,519.5,"Massachusetts, US",0.9959448,47334600
2026-09-30T12:08:05.651134+00:00,vast.ai,marketplace,RTX 5090,0.5613888888888889,1,31.84,199.15955055799998,354.761550558,30.52,301.5,"Croatia, HR",0.9951272,50268077
2026-09-30T12:08:05.651134+00:00,vast.ai,marketplace,RTX 5090,0.5747222222222222,1,31.84,199.52255055799998,347.163550558,62.8,736.0,"Australia, AU",0.9940142,53472954
2026-09-30T12:08:05.651134+00:00,vast.ai,marketplace,RTX 4090,0.5755555555555556,1,23.99,26.984550558000002,46.884550558,62.5,1214.0,"The Netherlands, NL",0.9884472,40113383
2026-09-30T12:08:05.651134+00:00,vast.ai,marketplace,RTX 5090,0.5761111111111111,1,31.84,199.786550558,346.784550558,60.4,979.0999999999999,"Quebec, CA",0.9891689,50532039
2026-09-30T12:08:05.651134+00:00,vast.ai,marketplace,RTX 5090,0.5917592592592593,1,31.84,199.020550558,336.320550558,62.83,5473.375,"Virginia, US",0.9947093,48598259
2026-09-30T12:08:05.651134+00:00,vast.ai,marketplace,A100 PCIE,0.6009259259259259,1,40.0,95.380550558,158.722550558,62.96,368.1,"California, US",0.990291,50954789
2026-09-30T12:08:05.651134+00:00,vast.ai,marketplace,L40S,0.6009259259259259,1,44.99,93.547550558,155.67255055799998,125.87,1066.175,"Japan, JP",0.9994289,24964707
2026-09-30T12:08:05.651134+00:00,vast.ai,marketplace,RTX 5090,0.601111111111111,1,31.84,140.395550558,233.560550558,62.78,256.5,"Virginia, US",0.942283,33085155
2026-09-30T12:08:05.651134+00:00,vast.ai,marketplace,RTX 6000Ada,0.6013888888888889,1,47.99,112.951550558,187.817550558,125.95,422.0752472995832,"Türkiye, TR",0.9992341,47545530
2026-09-30T12:08:05.651134+00:00,vast.ai,marketplace,RTX 4090,0.6013888888888889,1,23.99,97.026550558,161.33855055799998,31.28,678.0,"Taiwan, TW",0.9953333,53492622
2026-09-30T12:08:05.651134+00:00,vast.ai,marketplace,RTX 4090,0.6013888888888889,1,23.99,97.068550558,161.407550558,62.57,3262.5,"Ohio, US",0.9920557,53119954
2026-09-30T12:08:05.651134+00:00,vast.ai,marketplace,RTX 5090,0.6013888888888889,1,31.84,199.22555055799998,331.27555055799996,46.23,603.0,"Brazil, BR",0.9947288,52598844
2026-09-30T12:08:05.651134+00:00,vast.ai,marketplace,RTX 5090,0.6013888888888889,1,31.84,198.895550558,330.726550558,62.62,1308.0,"South Korea, KR",0.9949939,44587608
2026-09-30T12:08:05.651134+00:00,vast.ai,marketplace,RTX 5090,0.6017592592592592,1,31.84,183.11855055799998,304.305550558,62.72,339.0,"Poland, PL",0.9904252,37026556
2026-09-30T12:08:05.651134+00:00,vast.ai,marketplace,RTX 5090,0.6018518518518519,1,31.84,198.49955055799998,329.814550558,47.1,615.610792146537,"Bulgaria, BG",0.999204,40077670
2026-09-30T12:08:05.651134+00:00,vast.ai,marketplace,RTX 5090,0.6018518518518519,1,31.84,188.209550558,312.71755055799997,125.96,1437.575,"Nevada, US",0.9850612,52827234
2026-09-30T12:08:05.651134+00:00,vast.ai,marketplace,RTX 4090,0.6022222222222222,1,23.99,25.749550558,42.758550558,93.9,741.1,"The Netherlands, NL",0.9779921,39884168
2026-09-30T12:08:05.651134+00:00,vast.ai,marketplace,RTX 5090,0.6023148148148147,1,31.84,199.48255055799999,331.19355055799997,94.13,721.0,"South Korea, KR",0.9671601,52603292
2026-09-30T12:08:05.651134+00:00,vast.ai,marketplace,RTX 5090,0.6023148148148147,1,31.84,198.93455055799998,330.283550558,250.48,1299.875,"Hungary, HU",0.9792221,48688104
2026-09-30T12:08:05.651134+00:00,vast.ai,marketplace,RTX 5090,0.6023148148148147,1,31.84,203.15955055799998,337.297550558,125.95,693.0125,"Hungary, HU",0.9956127,51102922
2026-09-30T12:08:05.651134+00:00,vast.ai,marketplace,A100 PCIE,0.6064814814814815,1,40.0,83.606550558,137.854550558,47.14,3149.1,"Estonia, EE",0.9537364,53415047
2026-09-30T12:08:05.651134+00:00,vast.ai,marketplace,GTX 1660 Ti,0.6069444444444444,1,6.0,2.4745505580000002,4.076550557999999,7.7,679.4000000000026,"Vietnam, VN",0.9920102,33521707
2026-09-30T12:08:05.651134+00:00,vast.ai,marketplace,RTX 5090,0.6142592592592593,1,31.84,192.389550558,313.20555055799997,30.71,349.5,"Georgia, US",0.9727898,52803264
2026-09-30T12:08:05.651134+00:00,vast.ai,marketplace,RTX 5090,0.6161111111111112,1,31.84,199.34355055799998,323.551550558,61.91,665.0,"Chile, CL",0.9913016,53345357
2026-09-30T12:08:05.651134+00:00,vast.ai,marketplace,A100 SXM4,0.6275925925925925,1,40.0,82.628550558,131.66055055799998,125.75,169.5,"United Kingdom, GB",0.9759388,38565866
2026-09-30T12:08:05.651134+00:00,vast.ai,marketplace,RTX 5090,0.6280555555555555,1,31.84,199.198550558,317.16755055799996,61.82,706.0,"California, US",0.9952303,52762583
2026-09-30T12:08:05.651134+00:00,vast.ai,marketplace,CMP 170HX,0.6285185185185185,1,40.0,69.260550558,110.196550558,39.28,167.8,"Hungary, HU",0.9912614,53509046
2026-09-30T12:08:05.651134+00:00,vast.ai,marketplace,RTX 5090,0.6285185185185185,1,31.84,198.74355055799998,316.209550558,125.96,484.75,"Utah, US",0.9727101,48248628
2026-09-30T12:08:05.651134+00:00,vast.ai,marketplace,RTX 5090,0.6347777777777778,1,31.84,197.752550558,311.53055055799996,500.96,2341.75,"Italy, IT",0.995509,50894161
2026-09-30T12:08:05.651134+00:00,vast.ai,marketplace,RTX 5090,0.6351851851851852,1,31.84,199.15255055799997,313.534550558,45.98,435.5,"Kansas, US",0.9878862,49968734
2026-09-30T12:08:05.651134+00:00,vast.ai,marketplace,RTX PRO 5000,0.6365185185185185,1,47.79,165.632550558,260.216550558,247.94,614.75,"India, IN",0.9876513,51816395
2026-09-30T12:08:05.651134+00:00,vast.ai,marketplace,RTX 4080S,0.6413888888888889,1,31.99,70.968550558,110.648550558,125.77,1425.8,"Minnesota, US",0.9994658,53490446
2026-09-30T12:08:05.651134+00:00,vast.ai,marketplace,RTX 5090,0.6547222222222222,1,31.84,199.39755055799998,304.552550558,60.46,1453.0,"Sweden, SE",0.9980062,50771590
2026-09-30T12:08:05.651134+00:00,vast.ai,marketplace,A100 PCIE,0.6675925925925925,1,40.0,95.444550558,142.96855055799998,82.53,1172.3,"Idaho, US",0.9975006,49317260
2026-09-30T12:08:05.651134+00:00,vast.ai,marketplace,RTX 4090,0.6675925925925925,1,23.99,94.989550558,142.287550558,125.77,2490.5,"Japan, JP",0.9924666,53427766
2026-09-30T12:08:05.651134+00:00,vast.ai,marketplace,RTX PRO 5000,0.6675925925925925,1,47.79,165.663550558,248.151550558,91.97,470.00000000000045,"Singapore, SG",0.9493595,52753217
2026-09-30T12:08:05.651134+00:00,vast.ai,marketplace,RTX 3090,0.6680555555555555,1,24.0,44.360550558,66.402550558,31.28,166.0,"British Columbia, CA",0.9949145,19448806
2026-09-30T12:08:05.651134+00:00,vast.ai,marketplace,RTX 6000Ada,0.6680555555555555,1,47.99,113.122550558,169.33155055799998,125.63,1479.0,"Taiwan, TW",0.9855229,51408119
2026-09-30T12:08:05.651134+00:00,vast.ai,marketplace,RTX 5090,0.6680555555555555,1,31.84,198.68355055799998,297.406550558,251.91,1277.75,"United Kingdom, GB",0.9971801,48425032
2026-09-30T12:08:05.651134+00:00,vast.ai,marketplace,RTX 4090,0.6689814814814814,1,47.99,65.773550558,98.319550558,125.92,1411.45,"Texas, US",0.9991415,46613766
2026-09-30T12:08:05.651134+00:00,vast.ai,marketplace,RTX 5880Ada,0.6689814814814814,1,47.99,106.721550558,159.52855055799998,125.96,609.518855675509,"United Kingdom, GB",0.9981865,44120926
2026-09-30T12:08:05.651134+00:00,vast.ai,marketplace,RTX 5090,0.6689814814814814,1,31.84,198.829550558,297.211550558,62.96,70.27732404368204,"Norway, NO",0.9904606,52127993
2026-09-30T12:08:05.651134+00:00,vast.ai,marketplace,RTX 5090,0.6694444444444444,1,31.84,198.062550558,295.860550558,125.96,200.25,"Spain, ES",0.9983702,50856199
2026-09-30T12:08:05.651134+00:00,vast.ai,marketplace,RTX 4090,0.6712962962962963,1,23.99,97.226550558,144.834550558,124.88,1606.0,"Washington, US",0.9966207,47654288
2026-09-30T12:08:05.651134+00:00,vast.ai,marketplace,RTX 5090,0.6712962962962963,1,31.84,96.512550558,143.770550558,71.91,844.4285714285713,"Sweden, SE",0.9976586,50259927
2026-09-30T12:08:05.651134+00:00,vast.ai,marketplace,GTX 1660,0.673611111111111,1,6.0,2.316550558,3.438550558,7.71,669.4000000000026,"Vietnam, VN",0.9918729,33521216
2026-09-30T12:08:05.651134+00:00,vast.ai,marketplace,RTX 4090,0.6928240740740742,1,47.99,125.642550558,181.348550558,125.88,525.0,"British Columbia, CA",0.9974101,46211611
2026-09-30T12:08:05.651134+00:00,vast.ai,marketplace,RTX 4090,0.6928962962962965,1,22.49,86.124550558,124.296550558,62.46,1501.0,"Texas, US",0.7967131,37996177
2026-09-30T12:08:05.651134+00:00,vast.ai,marketplace,RTX 5090,0.6944907407407408,1,31.84,198.81555055799998,286.27555055799996,125.9,568.0,"New Jersey, US",0.994134,45907553
2026-09-30T12:08:05.651134+00:00,vast.ai,marketplace,RTX 6000Ada,0.6947222222222222,1,47.99,113.094550558,162.79055055799998,62.96,267.0,"Germany, DE",0.9940631,43933077
2026-09-30T12:08:05.651134+00:00,vast.ai,marketplace,RTX PRO 5000,0.6947222222222222,1,47.79,152.70155055799998,219.80255055799998,68.34,343.0,"California, US",0.9970888,49725348
2026-09-30T12:08:05.651134+00:00,vast.ai,marketplace,A100 SXM4,0.6956481481481481,1,40.0,87.619550558,125.954550558,125.89,601.5,"Croatia, HR",0.9897303,41566566
2026-09-30T12:08:05.651134+00:00,vast.ai,marketplace,RTX 5090,0.697090570925926,1,31.84,197.627550558,283.502550558,62.96,331.75,"California, US",0.9900499,53464918
2026-09-30T12:08:05.651134+00:00,vast.ai,marketplace,RTX 4090,0.700925925925926,1,23.99,98.575550558,140.63655055799998,251.56,3332.6,"Japan, JP",0.998728,53427748
2026-09-30T12:08:05.651134+00:00,vast.ai,marketplace,RTX 5090,0.7075925925925926,1,31.84,182.203550558,257.497550558,62.79,313.0,"Maryland, US",0.9964099,51969558
2026-09-30T12:08:05.651134+00:00,vast.ai,marketplace,RTX 6000Ada,0.707962962962963,1,47.99,113.084550558,159.73255055799999,94.21,1521.0,"Oklahoma, US",0.9963697,50293331
2026-09-30T12:08:05.651134+00:00,vast.ai,marketplace,A100 SXM4,0.7080555555555555,1,40.0,95.359550558,134.67755055799998,125.92,369.8011617266982,"Massachusetts, US",0.996619,48716609
2026-09-30T12:08:05.651134+00:00,vast.ai,marketplace,RTX 4090,0.7223148148148149,1,23.99,96.970550558,134.250550558,110.21,2899.868566040472,"Maryland, US",0.9992676,52800687
2026-09-30T12:08:05.651134+00:00,vast.ai,marketplace,RTX PRO 5000,0.7254444444444444,1,47.79,165.632550558,228.31955055799997,125.89,1637.35,"Alberta, CA",0.9653222,53473439
2026-09-30T12:08:05.651134+00:00,vast.ai,marketplace,A100 SXM4,0.7342592592592593,1,40.0,95.345550558,129.853550558,62.96,2313.0801368990547,"Slovenia, SI",0.9991162,36878342
2026-09-30T12:08:05.651134+00:00,vast.ai,marketplace,RTX 5090,0.7347222222222223,1,31.84,198.78955055799997,270.563550558,251.91,1632.575,"Norway, NO",0.9806238,53264484
2026-09-30T12:08:05.651134+00:00,vast.ai,marketplace,RTX 5090,0.7347222222222223,1,31.84,194.780550558,265.107550558,125.9,398.7380359659411,"Ontario, CA",0.987237,52960036
2026-09-30T12:08:05.651134+00:00,vast.ai,marketplace,RTX 5090,0.7356481481481482,1,31.84,199.013550558,270.528550558,47.15,852.0,"Finland, FI",0.9740565,45727084
2026-09-30T12:08:05.651134+00:00,vast.ai,marketplace,RTX 5090,0.737962962962963,1,31.84,198.472550558,268.946550558,41.94,679.6666666666666,"California, US",0.9810783,45618801
2026-09-30T12:08:05.651134+00:00,vast.ai,marketplace,RTX 5090,0.7475925925925926,1,31.84,102.652550558,137.310550558,62.79,205.0,"Maryland, US",0.991011,51969555
2026-09-30T12:08:05.651134+00:00,vast.ai,marketplace,RTX 5090,0.7613888888888888,1,31.84,199.429550558,261.92955055799996,62.42,1571.0,"Slovakia, SK",0.9904546,52286646
2026-09-30T12:08:05.651134+00:00,vast.ai,marketplace,RTX 5090,0.7671296296296296,1,31.84,199.211550558,259.684550558,123.24,6275.2,"United Kingdom, GB",0.9984582,43825976
2026-09-30T12:08:05.651134+00:00,vast.ai,marketplace,RTX 5090,0.7746296296296297,1,31.84,196.11255055799998,253.169550558,62.53,11.0,"Thailand, TH",0.9908962,50555596
2026-09-30T12:08:05.651134+00:00,vast.ai,marketplace,RTX PRO 5000,0.777962962962963,1,47.79,165.746550558,213.05155055799997,62.88,1574.4087072039047,"Quebec, CA",0.9555447,52840364
2026-09-30T12:08:05.651134+00:00,vast.ai,marketplace,RTX 5090,0.7875925925925925,1,31.84,199.09355055799998,252.787550558,249.11,6553.0,"Japan, JP",0.9971799,49539124
2026-09-30T12:08:05.651134+00:00,vast.ai,marketplace,A40,0.7880555555555555,1,44.99,44.051550558,55.898550558000004,500.96,34.5,"Belgium, BE",0.9804068,51337963
2026-09-30T12:08:05.651134+00:00,vast.ai,marketplace,RTX 6000Ada,0.7880555555555555,1,47.99,113.227550558,143.679550558,167.85,4124.333333333333,"North Carolina, US",0.9960519,36884542
2026-09-30T12:08:05.651134+00:00,vast.ai,marketplace,RTX PRO 5000,0.7880555555555555,1,47.79,165.60155055799999,210.139550558,62.96,1585.45,"Nebraska, US",0.9694401,52507513
2026-09-30T12:08:05.651134+00:00,vast.ai,marketplace,RTX PRO 5000,0.7880555555555555,1,47.79,165.322550558,209.78555055799998,71.95,1810.9828538278764,"Nebraska, US",0.9686933,52514691
2026-09-30T12:08:05.651134+00:00,vast.ai,marketplace,RTX 6000Ada,0.7885185185185185,1,47.99,113.218550558,143.58355055799998,167.85,3602.6666666666665,"North Carolina, US",0.9966373,36503108
2026-09-30T12:08:05.651134+00:00,vast.ai,marketplace,RTX PRO 5000,0.7997777777777777,1,47.79,165.870550558,207.395550558,62.71,2761.0,"Texas, US",0.9978423,49279286
2026-09-30T12:08:05.651134+00:00,vast.ai,marketplace,L40S,0.8009259259259258,1,44.99,93.498550558,116.738550558,251.94,197.125,"Taiwan, TW",0.9980815,25990399
2026-09-30T12:08:05.651134+00:00,vast.ai,marketplace,A100 SXM4,0.8009259259259258,1,40.0,95.319550558,119.011550558,62.97,553.7798887780782,"Czechia, CZ",0.9957643,44397664
2026-09-30T12:08:05.651134+00:00,vast.ai,marketplace,A100 SXM4,0.8009259259259258,1,40.0,95.336550558,119.032550558,62.97,475.3932143255782,"Czechia, CZ",0.9891301,50365140
2026-09-30T12:08:05.651134+00:00,vast.ai,marketplace,RTX 4090,0.8009259259259258,1,23.99,61.323550558,76.565550558,110.03,1625.8,"Virginia, US",0.995057,13917962
2026-09-30T12:08:05.651134+00:00,vast.ai,marketplace,RTX 5090,0.8009259259259258,1,31.84,84.194550558,105.121550558,62.79,360.0,"Maryland, US",0.9846863,51969541
2026-09-30T12:08:05.651134+00:00,vast.ai,marketplace,RTX 5090,0.8009259259259258,1,31.84,181.95855055799998,227.185550558,62.79,44.0,"California, US",0.9891561,51969543
2026-09-30T12:08:05.651134+00:00,vast.ai,marketplace,RTX 5090,0.8013888888888888,1,31.84,199.34455055799998,248.74855055799998,251.76,3074.0,"Estonia, EE",0.9873208,52395190
2026-09-30T12:08:05.651134+00:00,vast.ai,marketplace,RTX 5090,0.8013888888888888,1,31.84,199.258550558,248.64155055799998,125.83,3300.675,"United Kingdom, GB",0.9640164,52451721
2026-09-30T12:08:05.651134+00:00,vast.ai,marketplace,RTX PRO 5000,0.8013888888888888,1,47.79,165.38455055799997,206.372550558,83.93,989.0166666666667,"Belgium, BE",0.9973854,49974692
2026-09-30T12:08:05.651134+00:00,vast.ai,marketplace,RTX PRO 5000,0.8013888888888888,1,47.79,165.663550558,206.72055055799999,62.73,1496.0,"Taiwan, TW",0.9963429,53492705
2026-09-30T12:08:05.651134+00:00,vast.ai,marketplace,RTX 5090,0.8023148148148147,1,31.84,198.62455055799998,247.56455055799998,500.98,438.75,"Spain, ES",0.9993464,25507609
2026-09-30T12:08:05.651134+00:00,vast.ai,marketplace,RTX 4090,0.8027777777777777,1,23.99,97.205550558,121.086550558,45.71,703.1257468552675,"Texas, US",0.9932213,53387269
2026-09-30T12:08:05.651134+00:00,vast.ai,marketplace,RTX 5090,0.8027777777777777,1,31.84,199.41055055799998,248.400550558,61.47,682.9,"Texas, US",0.9944176,53387132
2026-09-30T12:08:05.651134+00:00,vast.ai,marketplace,RTX 5090,0.8032407407407407,1,31.84,198.650550558,247.311550558,71.89,431.4285714285714,"Minnesota, US",0.9969094,48425190
2026-09-30T12:08:05.651134+00:00,vast.ai,marketplace,RTX 5090,0.8046296296296296,1,31.84,198.723550558,246.97455055799998,41.94,243.2444444444444,"California, US",0.9752236,48885916
2026-09-30T12:08:05.651134+00:00,vast.ai,marketplace,RTX 2080 Ti,0.8069444444444444,1,11.0,8.975550558,11.123550558,15.46,8.599999999999909,"Vietnam, VN",0.9782608,32011773
2026-09-30T12:08:05.651134+00:00,vast.ai,marketplace,L40S,0.8155925925925925,1,44.99,93.527550558,114.674550558,62.94,3925.984177945965,"Romania, RO",0.957937,50740340
2026-09-30T12:08:05.651134+00:00,vast.ai,marketplace,RTX 3090,0.8240555555555555,1,24.0,44.841550558,54.415550558,503.54,2488.0,"The Netherlands, NL",0.9886207,52542164
2026-09-30T12:08:05.651134+00:00,vast.ai,marketplace,RTX 5090,0.8280555555555555,1,31.84,199.389550558,240.792550558,251.76,1129.4731770100602,"Quebec, CA",0.9837707,52823668
2026-09-30T12:08:05.651134+00:00,vast.ai,marketplace,RTX 4090,0.8289814814814814,1,23.99,97.219550558,117.276550558,125.88,620.5,"Hungary, HU",0.9887108,53016491
2026-09-30T12:08:05.651134+00:00,vast.ai,marketplace,RTX PRO 5000,0.8299074074074074,1,47.79,165.73655055799998,199.704550558,62.88,1197.75,"Czechia, CZ",0.9986039,40114418
2026-09-30T12:08:05.651134+00:00,vast.ai,marketplace,RTX 5090,0.8350462962962963,1,31.84,199.264550558,238.627550558,251.53,279.600000000004,"Japan, JP",0.9772798,53423316
2026-09-30T12:08:05.651134+00:00,vast.ai,marketplace,RTX 4090,0.8533425925925926,1,23.99,97.483550558,114.237550558,385.07,3300.3,"Italy, IT",0.8937612,53378089
2026-09-30T12:08:05.651134+00:00,vast.ai,marketplace,RTX 5090,0.8660444444444445,1,31.84,81.759550558,94.405550558,251.52,6474.0,"Texas, US",0.9843529,38001277
2026-09-30T12:08:05.651134+00:00,vast.ai,marketplace,RTX PRO 5000,0.8671296296296297,1,47.79,164.960550558,190.23755055799998,125.84,768.5,"Arizona, US",0.9886494,51485311
2026-09-30T12:08:05.651134+00:00,vast.ai,marketplace,RTX 5090,0.8680555555555556,1,31.84,67.230550558,77.449550558,59.02,462.75,"Alberta, CA",0.9973452,45028226
2026-09-30T12:08:05.651134+00:00,vast.ai,marketplace,RTX 5090,0.8689814814814815,1,31.84,198.769550558,228.738550558,60.44,2942.0,"Spain, ES",0.9995035,26918731
2026-09-30T12:08:05.651134+00:00,vast.ai,marketplace,RTX 5090,0.8689814814814815,1,31.84,198.782550558,228.75355055799997,83.95,454.48248478759234,"Finland, FI",0.9820052,47357379
2026-09-30T12:08:05.651134+00:00,vast.ai,marketplace,RTX 5090,0.8691158518518519,1,31.84,196.019550558,225.538550558,62.18,2877.0,"Florida, US",0.9983846,48514932
2026-09-30T12:08:05.651134+00:00,vast.ai,marketplace,RTX 5090,0.8691225185185185,1,31.84,198.18455055799998,228.02755055799997,61.95,755.0,"Florida, US",0.9963932,42585583
2026-09-30T12:08:05.651134+00:00,vast.ai,marketplace,A100 PCIE,0.8708333333333333,1,80.0,126.603550558,145.382550558,125.88,327.0725830020306,"Oklahoma, US",0.9981379,47195598
2026-09-30T12:08:05.651134+00:00,vast.ai,marketplace,A100 PCIE,0.8769814814814815,1,40.0,95.387550558,108.768550558,125.96,1452.1777588475245,"Japan, JP",0.9918891,46773552
2026-09-30T12:08:05.651134+00:00,vast.ai,marketplace,RTX PRO 5000,0.8787222222222223,1,47.79,165.41555055799998,188.245550558,62.96,222.69999999999996,"Czechia, CZ",0.98971,52441402
2026-09-30T12:08:05.651134+00:00,vast.ai,marketplace,A800 PCIE,0.8813888888888889,1,80.0,126.039550558,143.001550558,73.34,1400.0781549119924,"Idaho, US",0.9983478,16761518
2026-09-30T12:08:05.651134+00:00,vast.ai,marketplace,RTX PRO 5000,0.9085185185185186,1,47.79,165.715550558,182.401550558,125.88,805.4,"Hungary, HU",0.9821562,53001951
2026-09-30T12:08:05.651134+00:00,vast.ai,marketplace,A100 SXM4,0.9237037037037036,1,40.0,95.235550558,103.101550558,251.96,2449.5,"Virginia, US",0.9984589,42274237
2026-09-30T12:08:05.651134+00:00,vast.ai,marketplace,A100 SXM4,0.9237037037037036,1,40.0,95.378550558,103.256550558,251.96,2677.0,"California, US",0.9898935,50245540
2026-09-30T12:08:05.651134+00:00,vast.ai,marketplace,RTX 4090,0.9344444444444443,1,23.99,97.554550558,104.398550558,167.85,1633.1820341179714,"Japan, JP",0.9986301,53456780
2026-09-30T12:08:05.651134+00:00,vast.ai,marketplace,L40S,0.9347222222222221,1,44.99,93.567550558,100.101550558,62.62,452.770299795239,"South Korea, KR",0.9937231,49960121
2026-09-30T12:08:05.651134+00:00,vast.ai,marketplace,RTX 5090,0.9347222222222221,1,31.84,198.44555055799998,212.304550558,249.31,1248.0,"Sweden, SE",0.9789708,51764376
2026-09-30T12:08:05.651134+00:00,vast.ai,marketplace,RTX 3090,0.9351851851851851,1,24.0,44.364550558,47.439550558,251.15,3227.0,"Norway, NO",0.9976734,53476117
2026-09-30T12:08:05.651134+00:00,vast.ai,marketplace,Tesla V100,0.935648148148148,1,32.0,23.192550558,24.787550558,47.02,405.0,"Washington, US",0.9816044,51818516
2026-09-30T12:08:05.651134+00:00,vast.ai,marketplace,RTX PRO 5000,0.9379629629629629,1,71.69,191.006550558,203.639550558,122.93,1416.0,"Colorado, US",0.9718154,51501187
2026-09-30T12:08:05.651134+00:00,vast.ai,marketplace,RTX 5090,0.974722222222222,1,31.84,199.060550558,204.222550558,251.78,1576.5,"Washington, US",0.9973361,52502967
2026-09-30T12:08:05.651134+00:00,vast.ai,marketplace,RTX PRO 6000 Max-Q,1.0023148148148149,1,95.59,266.617550558,266.00155055799996,125.96,245.375,"Australia, AU",0.9940198,51011912
2026-09-30T12:08:05.651134+00:00,vast.ai,marketplace,RTX 5090,1.0107222222222223,1,31.84,199.614550558,197.497550558,167.84,2180.6666666666665,"Germany, DE",0.9097921,53334402
2026-09-30T12:08:05.651134+00:00,vast.ai,marketplace,RTX 5090,1.0212037037037034,1,31.84,198.947550558,194.817550558,251.75,2201.5,"Japan, JP",0.9942369,51115167
2026-09-30T12:08:05.651134+00:00,vast.ai,marketplace,A100 SXM4,1.033611111111111,1,80.0,119.775550558,115.880550558,125.96,598.1510618211245,"Texas, US",0.9968374,49067601
2026-09-30T12:08:05.651134+00:00,vast.ai,marketplace,RTX 5090,1.0374814814814814,1,31.84,192.655550558,185.69555055799998,40.22,564.5,"Taiwan, TW",0.9920489,52965012
2026-09-30T12:08:05.651134+00:00,vast.ai,marketplace,RTX PRO 5000,1.0515925925925926,1,47.79,165.488550558,157.369550558,55.07,733.0,"Czechia, CZ",0.9983203,44193901
2026-09-30T12:08:05.651134+00:00,vast.ai,marketplace,A40,1.0547222222222223,1,44.99,44.030550558,41.745550558,500.96,319.0,"Belgium, BE",0.9813894,51338026
2026-09-30T12:08:05.651134+00:00,vast.ai,marketplace,A100 SXM4,1.0550925925925927,1,80.0,119.822550558,113.565550558,125.97,1080.375,"Sweden, SE",0.9981364,21050982
2026-09-30T12:08:05.651134+00:00,vast.ai,marketplace,RTX 5090,1.066851851851852,1,31.84,104.970550558,98.392550558,41.71,843.6333333333334,"Denmark, DK",0.9984042,46826365
2026-09-30T12:08:05.651134+00:00,vast.ai,marketplace,RTX PRO 6000 Max-Q,1.0675925925925926,1,95.59,222.53455055799998,208.44555055799998,62.88,222.07500000000002,"Czechia, CZ",0.9979889,46474488
2026-09-30T12:08:05.651134+00:00,vast.ai,marketplace,RTX 3090,1.0680555555555555,1,24.0,44.356550558,41.530550558,125.69,361.9,"Ontario, CA",0.9899461,52810281
2026-09-30T12:08:05.651134+00:00,vast.ai,marketplace,RTX 5090,1.0804254814814815,1,31.84,197.871550558,183.14255055799998,110.2,363.875,"Hungary, HU",0.9961006,49846917
2026-09-30T12:08:05.651134+00:00,vast.ai,marketplace,RTX 4090,1.0893448888888888,1,23.99,100.799550558,92.532550558,125.72,720.8,"Oklahoma, US",0.9942192,29933348
2026-09-30T12:08:05.651134+00:00,vast.ai,marketplace,RTX 5090,1.1149703703703704,1,31.84,198.697550558,178.20855055799998,94.42,1259.625,"Hungary, HU",0.9773233,32292348
2026-09-30T12:08:05.651134+00:00,vast.ai,marketplace,A100 SXM4,1.1616666666666666,1,80.0,128.68255055799997,110.774550558,125.87,1114.0,"Czechia, CZ",0.9899601,32744972
2026-09-30T12:08:05.651134+00:00,vast.ai,marketplace,RTX PRO 6000 Max-Q,1.176111111111111,1,95.59,231.97455055799998,197.238550558,125.78,398.0,"Finland, FI",0.9899241,51097150
2026-09-30T12:08:05.651134+00:00,vast.ai,marketplace,RTX 5090,1.1875925925925928,1,31.84,99.865550558,84.090550558,121.21,650.2,"Germany, DE",0.9807862,51782800
2026-09-30T12:08:05.651134+00:00,vast.ai,marketplace,RTX 5090,1.1875925925925928,1,31.84,198.399550558,167.060550558,251.69,2624.0,"United Kingdom, GB",0.997067,51953913
2026-09-30T12:08:05.651134+00:00,vast.ai,marketplace,A100 SXM4,1.1883333333333335,1,80.0,119.318550558,100.408550558,125.87,1280.25,"Czechia, CZ",0.9498384,34475477
2026-09-30T12:08:05.651134+00:00,vast.ai,marketplace,RTX PRO 6000 WS,1.2013888888888888,1,95.59,282.625550558,235.24855055799998,94.42,348.4375,"Nebraska, US",0.9366797,52652140
2026-09-30T12:08:05.651134+00:00,vast.ai,marketplace,RTX 5090,1.2018518518518517,1,31.84,199.35055055799998,165.869550558,251.56,6785.1,"Italy, IT",0.9565138,52446682
2026-09-30T12:08:05.651134+00:00,vast.ai,marketplace,RTX PRO 6000 Max-Q,1.2347222222222223,1,95.59,283.248550558,229.40255055799997,125.83,29.25,"Japan, JP",0.9901083,34531894
2026-09-30T12:08:05.651134+00:00,vast.ai,marketplace,RTX PRO 6000 Max-Q,1.2553703703703702,1,95.59,283.44355055799997,225.78455055799998,91.99,1139.0,"Spain, ES",0.9944759,50977391
2026-09-30T12:08:05.651134+00:00,vast.ai,marketplace,RTX 6000D,1.2579629629629627,1,83.64,229.685550558,182.585550558,94.42,547.4695181459743,"Czechia, CZ",0.98685,51063963
2026-09-30T12:08:05.651134+00:00,vast.ai,marketplace,RTX PRO 6000 Max-Q,1.261388888888889,1,95.59,283.540550558,224.78455055799998,125.76,2308.0593870298508,"Ohio, US",0.9835753,52123205
2026-09-30T12:08:05.651134+00:00,vast.ai,marketplace,RTX 4090,1.267,1,23.99,97.040550558,76.591550558,167.97,530.3333333333333,"Washington, US",0.99773,41755382
2026-09-30T12:08:05.651134+00:00,vast.ai,marketplace,RTX PRO 6000 WS,1.2680555555555555,1,95.59,283.346550558,223.449550558,89.63,1268.0,"California, US",0.596167,48603985
2026-09-30T12:08:05.651134+00:00,vast.ai,marketplace,RTX 4090,1.2680555555555555,1,47.99,108.391550558,85.478550558,107.97,339.1134142677058,"Washington, US",0.88427,48484834
2026-09-30T12:08:05.651134+00:00,vast.ai,marketplace,RTX PRO 6000 Max-Q,1.2685185185185184,1,95.59,283.462550558,223.459550558,998.03,1502.5,"India, IN",0.9433213,53521645
2026-09-30T12:08:05.651134+00:00,vast.ai,marketplace,RTX 4090,1.2689814814814815,1,47.99,125.439550558,98.850550558,125.75,1508.0,"Washington, US",0.9947883,39518987
2026-09-30T12:08:05.651134+00:00,vast.ai,marketplace,RTX 4090,1.281388888888889,1,47.99,125.67755055800001,98.079550558,220.06,6536.0,"Washington, US",0.9986113,38637438
2026-09-30T12:08:05.651134+00:00,vast.ai,marketplace,RTX 4090,1.282314814814815,1,47.99,125.571550558,97.925550558,125.87,2944.5,"Washington, US",0.9985861,46255395
2026-09-30T12:08:05.651134+00:00,vast.ai,marketplace,RTX PRO 6000 WS,1.3080555555555555,1,95.59,283.07355055799997,216.407550558,89.63,1047.0,"Utah, US",0.9872537,52649961
2026-09-30T12:08:05.651134+00:00,vast.ai,marketplace,RTX PRO 6000 WS,1.3282222222222222,1,95.59,283.50155055799996,213.44455055799997,110.1,339.0,"Switzerland, CH",0.9493279,53180052
2026-09-30T12:08:05.651134+00:00,vast.ai,marketplace,RTX 3090,1.3347222222222221,1,24.0,44.364550558,33.238550558,62.72,447.0,"Washington, US",0.9952225,51860372
2026-09-30T12:08:05.651134+00:00,vast.ai,marketplace,RTX A2000,1.3347222222222221,1,5.99,8.574550558,6.424550558,31.16,761.5,"British Columbia, CA",0.9714216,46186923
2026-09-30T12:08:05.651134+00:00,vast.ai,marketplace,RTX 5090,1.3347222222222221,1,31.84,98.641550558,73.903550558,30.07,294.5,"Delaware, US",0.9830641,53337124
2026-09-30T12:08:05.651134+00:00,vast.ai,marketplace,RTX 5080,1.335185185185185,1,15.92,83.886550558,62.827550558,31.26,1565.0,"Florida, US",0.9974342,51664155
2026-09-30T12:08:05.651134+00:00,vast.ai,marketplace,RTX PRO 6000 WS,1.335193185185185,1,95.59,237.407550558,177.80755055799997,186.5,1404.0,"Bulgaria, BG",0.981961,53520228
2026-09-30T12:08:05.651134+00:00,vast.ai,marketplace,RTX 5090,1.336111111111111,1,31.84,199.080550558,148.99955055799998,125.64,420.0,"Illinois, US",0.9990187,53294830
2026-09-30T12:08:05.651134+00:00,vast.ai,marketplace,RTX 5070 Ti,1.3402777777777777,1,15.92,75.940550558,56.660550558,62.89,285.22774634750397,"Texas, US",0.9976099,50662133
2026-09-30T12:08:05.651134+00:00,vast.ai,marketplace,RTX PRO 6000 WS,1.3480555555555556,1,95.59,283.63855055799996,210.405550558,89.63,1235.0,"California, US",0.9815532,48801308
2026-09-30T12:08:05.651134+00:00,vast.ai,marketplace,RTX PRO 6000 S,1.401388888888889,1,95.59,279.216550558,199.24255055799998,98.34,126.0,"South Korea, KR",0.9977525,46877440
2026-09-30T12:08:05.651134+00:00,vast.ai,marketplace,RTX PRO 6000 S,1.402314814814815,1,95.59,279.37155055799997,199.221550558,188.92,179.0,"Bulgaria, BG",0.998087,44647853
2026-09-30T12:08:05.651134+00:00,vast.ai,marketplace,RTX PRO 6000 WS,1.402777777777778,1,95.59,283.774550558,202.294550558,503.29,3353.4,"Alberta, CA",0.7940741,53480657
2026-09-30T12:08:05.651134+00:00,vast.ai,marketplace,RTX PRO 6000 WS,1.403703703703704,1,95.59,281.324550558,200.41555055799998,123.47,483.0,"Pennsylvania, US",0.9875259,53403666
2026-09-30T12:08:05.651134+00:00,vast.ai,marketplace,RTX PRO 6000 WS,1.441388888888889,1,95.59,282.313550558,195.86255055799998,94.27,1668.5,"Japan, JP",0.9973971,53480326
2026-09-30T12:08:05.651134+00:00,vast.ai,marketplace,RTX PRO 6000 S,1.4469444444444446,1,95.59,279.003550558,192.822550558,188.93,194.25,"Maryland, US",0.9991693,53168576
2026-09-30T12:08:05.651134+00:00,vast.ai,marketplace,RTX PRO 6000 WS,1.4543148148148148,1,95.59,282.625550558,194.335550558,188.92,172.5,"Poland, PL",0.9951408,37051753
2026-09-30T12:08:05.651134+00:00,vast.ai,marketplace,RTX PRO 6000 S,1.4675925925925928,1,95.59,278.558550558,189.806550558,188.92,928.2625,", CA",0.9960869,48926611
2026-09-30T12:08:05.651134+00:00,vast.ai,marketplace,RTX PRO 6000 S,1.4680555555555557,1,95.59,279.952550558,190.69555055799998,125.49,743.0,"France, FR",0.9716623,53493214
2026-09-30T12:08:05.651134+00:00,vast.ai,marketplace,RTX 6000D,1.4680555555555557,1,83.64,229.697550558,156.46355055799998,94.39,1656.25,"Czechia, CZ",0.9444941,52400796
2026-09-30T12:08:05.651134+00:00,vast.ai,marketplace,RTX PRO 6000 S,1.4685185185185186,1,95.59,279.139550558,190.08255055799998,110.15,3432.5,"Texas, US",0.983305,52528363
2026-09-30T12:08:05.651134+00:00,vast.ai,marketplace,RTX PRO 6000 S,1.4694444444444446,1,95.59,279.932550558,190.502550558,283.09,1608.75,"France, FR",0.9537142,52635331
2026-09-30T12:08:05.651134+00:00,vast.ai,marketplace,RTX 5090,1.4702777777777778,1,31.84,190.746550558,129.735550558,125.93,540.625,"Czechia, CZ",0.9962478,30374680
2026-09-30T12:08:05.651134+00:00,vast.ai,marketplace,RTX PRO 6000 WS,1.5080555555555555,1,95.59,260.675550558,172.85555055799998,125.55,3203.0,"Massachusetts, US",0.9905872,52224010
2026-09-30T12:08:05.651134+00:00,vast.ai,marketplace,RTX PRO 6000 S,1.5338888888888889,1,95.59,279.700550558,182.347550558,125.85,56.0,"Switzerland, CH",0.9940569,51032796
2026-09-30T12:08:05.651134+00:00,vast.ai,marketplace,RTX PRO 6000 S,1.534722222222222,1,95.59,279.120550558,181.870550558,94.47,42.375,"Australia, AU",0.9981528,50133447
2026-09-30T12:08:05.651134+00:00,vast.ai,marketplace,RTX PRO 6000 S,1.534722222222222,1,95.59,279.487550558,182.109550558,226.67,326.436482745274,"Australia, AU",0.9980879,47849042
2026-09-30T12:08:05.651134+00:00,vast.ai,marketplace,RTX PRO 6000 WS,1.5374999999999999,1,95.59,283.365550558,184.30255055799998,60.47,2594.0,"Washington, US",0.9962974,53222606
2026-09-30T12:08:05.651134+00:00,vast.ai,marketplace,RTX PRO 6000 S,1.5475925925925926,1,95.59,278.57855055799996,180.007550558,94.42,657.6675692864771,"Bulgaria, BG",0.990634,48905159
2026-09-30T12:08:05.651134+00:00,vast.ai,marketplace,RTX PRO 6000 WS,1.5624074074074072,1,95.59,283.22955055799997,181.27755055799997,123.4,673.5,"South Korea, KR",0.9947035,51767149
2026-09-30T12:08:05.651134+00:00,vast.ai,marketplace,RTX PRO 6000 WS,1.6013888888888888,1,95.59,282.839550558,176.621550558,110.2,1869.4068666206667,"Texas, US",0.9901036,52611622
2026-09-30T12:08:05.651134+00:00,vast.ai,marketplace,RTX 4090,1.6013888888888888,1,47.99,123.659550558,77.220550558,503.52,2835.9,"Virginia, US",0.9354047,53065113
2026-09-30T12:08:05.651134+00:00,vast.ai,marketplace,RTX PRO 6000 WS,1.6023148148148147,1,95.59,283.326550558,176.823550558,251.54,2975.0,"Colorado, US",0.9928114,46745582
2026-09-30T12:08:05.651134+00:00,vast.ai,marketplace,RTX PRO 6000 WS,1.604648148148148,1,95.59,283.014550558,176.371550558,215.93,222.85714285714283,"Bulgaria, BG",0.9992689,53318049
2026-09-30T12:08:05.651134+00:00,vast.ai,marketplace,RTX 5090,1.6055555555555554,1,31.84,199.77955055799998,124.43055055800001,247.81,298.0,"Norway, NO",0.9983853,50806304
2026-09-30T12:08:05.651134+00:00,vast.ai,marketplace,A100 SXM4,1.6069999722222224,1,80.0,128.79755055799998,80.147550558,125.96,647.6,"North Carolina, US",0.9855972,52353344
2026-09-30T12:08:05.651134+00:00,vast.ai,marketplace,RTX PRO 5000,1.6685185185185185,1,47.79,165.58155055799998,99.238550558,503.52,2806.0,"Texas, US",0.9990104,53430598
2026-09-30T12:08:05.651134+00:00,vast.ai,marketplace,RTX PRO 6000 WS,1.6694444444444445,1,95.59,283.872550558,170.03955055799997,125.58,2632.0,"Texas, US",0.9908766,51489157
2026-09-30T12:08:05.651134+00:00,vast.ai,marketplace,RTX PRO 6000 Max-Q,1.7640740740740741,1,95.59,283.696550558,160.81955055799997,125.94,1158.0,"Czechia, CZ",0.9982179,30989534
2026-09-30T12:08:05.651134+00:00,vast.ai,marketplace,RTX PRO 6000 Max-Q,1.8032037037037036,1,95.59,282.664550558,156.756550558,125.92,469.5,"Czechia, CZ",0.9966278,47792413
2026-09-30T12:08:05.651134+00:00,vast.ai,marketplace,RTX PRO 6000 WS,1.8671296296296294,1,95.59,283.385550558,151.775550558,188.19,6079.0,"Texas, US",0.9988598,53083038
2026-09-30T12:08:05.651134+00:00,vast.ai,marketplace,RTX PRO 6000 S,1.8957037037037043,1,95.59,233.375550558,123.107550558,125.93,1085.25,"Czechia, CZ",0.998227,44623535
2026-09-30T12:08:05.651134+00:00,vast.ai,marketplace,RTX PRO 6000 WS,2.000462962962963,1,95.59,283.930550558,141.93255055799997,125.42,1747.0,"Estonia, EE",0.9983828,44494718
2026-09-30T12:08:05.651134+00:00,vast.ai,marketplace,RTX 4090,2.001388888888889,1,23.99,97.107550558,48.520550558000004,125.71,1349.0,"Ontario, CA",0.9963199,52814544
2026-09-30T12:08:05.651134+00:00,vast.ai,marketplace,RTX PRO 6000 WS,2.002314814814815,1,95.59,282.742550558,141.20755055799998,94.44,429.125,"Alberta, CA",0.9957419,53217070
2026-09-30T12:08:05.651134+00:00,vast.ai,marketplace,RTX PRO 6000 WS,2.119022222222222,1,95.59,237.37455055799998,112.020550558,124.7,569.25,"Norway, NO",0.9965941,51866532
2026-09-30T12:08:05.651134+00:00,vast.ai,marketplace,RTX PRO 6000 WS,2.140277777777778,1,95.59,283.404550558,132.41455055799997,251.49,1343.8,"New Jersey, US",0.9579504,51371152
2026-09-30T12:08:05.651134+00:00,vast.ai,marketplace,H100 SXM,2.3067222222222226,1,79.65,292.59255055799997,126.843550558,235.95,4128.0,"The Netherlands, NL",0.9971047,53433962
2026-09-30T12:08:05.651134+00:00,vast.ai,marketplace,H100 PCIE,2.4689814814814817,1,79.65,256.119550558,103.734550558,125.62,25576.472636493687,"Maryland, US",0.9823525,53446709
2026-09-30T12:08:05.651134+00:00,vast.ai,marketplace,H100 NVL,2.581388888888889,1,93.58,378.053550558,146.453550558,125.79,81.0,"Japan, JP",0.9996299,13527068
2026-09-30T12:08:05.651134+00:00,vast.ai,marketplace,H100 PCIE,2.5881259259259255,1,79.65,256.113550558,98.957550558,62.84,570.0337463131686,"Czechia, CZ",0.9222651,50491375
2026-09-30T12:08:05.651134+00:00,vast.ai,marketplace,RTX 5090,2.6685185185185185,1,31.84,191.247550558,71.668550558,62.71,1449.9,"Florida, US",0.9968863,50899309
2026-09-30T12:08:05.651134+00:00,vast.ai,marketplace,RTX 4090,2.7080555555555557,1,23.99,97.019550558,35.826550558,31.27,698.8,"United Kingdom, GB",0.9553343,52969850
2026-09-30T12:08:05.651134+00:00,vast.ai,marketplace,RTX 4090,2.7080555555555557,1,23.99,57.209550558000004,21.125550558,24.95,275.46,"United Kingdom, GB",0.9490451,53154221
2026-09-30T12:08:05.651134+00:00,vast.ai,marketplace,H200 NVL,2.837388888888889,1,140.4,452.84255055799997,159.598550558,188.86,30.75,"Texas, US",0.9982444,28418866
2026-09-30T12:08:05.651134+00:00,vast.ai,marketplace,H100 NVL,2.9213888888888837,1,93.58,347.79955055799996,119.05255055800001,314.69,369.5,"Ireland, IE",0.9864035,53519824
2026-09-30T12:08:05.651134+00:00,vast.ai,marketplace,H100 NVL,3.028055555555548,1,93.58,334.35455055799997,110.418550558,314.69,666.9000000000008,"Virginia, US",0.976601,53522439
2026-09-30T12:08:05.651134+00:00,vast.ai,marketplace,H100 NVL,3.0413888888888883,1,93.58,345.90055055799996,113.731550558,314.69,302.4,"Iowa, US",0.9794503,53521878
2026-09-30T12:08:05.651134+00:00,vast.ai,marketplace,H200 NVL,3.601388888888889,1,140.4,312.91255055799996,86.886550558,181.06,165.5,"Bulgaria, BG",0.991257,44335855
2026-09-30T12:08:05.651134+00:00,vast.ai,marketplace,H100 NVL,3.7347407407407407,1,93.58,377.349550558,101.037550558,188.94,559.25,"Czechia, CZ",0.9921401,31183491
2026-09-30T12:08:05.651134+00:00,vast.ai,marketplace,H100 SXM,3.8312777777777773,1,79.65,262.635550558,68.550550558,125.94,1265.6284691316064,"Czechia, CZ",0.9941736,49793522
2026-09-30T12:08:05.651134+00:00,vast.ai,marketplace,H100 SXM,3.871388888888889,1,79.65,324.065550558,83.707550558,110.19,1062.0,"Czechia, CZ",0.9940649,41555522
2026-09-30T12:08:05.651134+00:00,vast.ai,marketplace,RTX 4090,4.006481481481481,1,23.99,97.512550558,24.338550558,30.94,765.0,"The Netherlands, NL",0.9960003,42544505
2026-09-30T12:08:05.651134+00:00,vast.ai,marketplace,RTX 5090,4.006481481481481,1,31.84,199.41655055799998,49.773550558000004,30.94,929.0,"The Netherlands, NL",0.9980743,48097876
2026-09-30T12:08:05.651134+00:00,vast.ai,marketplace,RTX 5090,4.006481481481481,1,31.84,188.479550558,47.043550558,62.35,766.8,"The Netherlands, NL",0.9932359,49946861
2026-09-30T12:08:05.651134+00:00,vast.ai,marketplace,RTX 5080,4.006481481481481,1,15.92,83.945550558,20.952550558000002,30.94,751.7,"The Netherlands, NL",0.9918926,49691112
2026-09-30T12:08:05.651134+00:00,vast.ai,marketplace,RTX 5080,4.006481481481481,1,15.92,41.058550558,10.248550558,30.94,1606.7,"The Netherlands, NL",0.9974703,53189390
2026-09-30T12:08:05.651134+00:00,vast.ai,marketplace,H200 NVL,5.0680555555555555,1,140.4,374.248550558,73.844550558,214.36,99.28571428571428,"Mississippi, US",0.9924113,50176557
2026-09-30T12:08:05.651134+00:00,vast.ai,marketplace,H200,5.120248538011696,1,140.4,493.387550558,96.360550558,377.93,2354.125,"Saudi Arabia, SA",0.9972069,39605010
2026-09-30T12:08:05.651134+00:00,vast.ai,marketplace,H200,5.120248538011696,1,140.4,490.716550558,95.838550558,377.93,2631.199034562822,"Saudi Arabia, SA",0.9987816,39353730
2026-09-30T12:08:05.651134+00:00,vast.ai,marketplace,H200 NVL,5.644537037037038,1,140.4,452.993550558,80.253550558,251.93,1391.5,"Czechia, CZ",0.9977971,21829058
2026-09-30T12:08:05.651134+00:00,vast.ai,marketplace,B200,6.2105902777777775,1,179.06,509.85255055799996,82.094550558,354.07,1503.0,"Virginia, US",0.9944613,48796642
2026-09-30T12:08:05.651134+00:00,vast.ai,marketplace,H100 SXM,6.26138888888889,1,79.65,315.40755055799997,50.373550558,221.46,2098.8579233166006,", US",0.9982111,36346699
2026-09-30T12:08:05.651134+00:00,vast.ai,marketplace,RTX PRO 6000 WS,6.6722222222222225,1,95.59,283.209550558,42.446550558,124.7,483.25,"Norway, NO",0.9945284,53493528
2026-09-30T12:08:05.651134+00:00,vast.ai,marketplace,B200,7.813802083333332,1,179.06,432.800550558,55.389550558,220.48,107.125,", US",0.9956891,53384352
2026-09-30T12:08:05.651134+00:00,vast.ai,marketplace,B200,8.556076388888888,1,179.06,641.267550558,74.948550558,283.43,286.2679608543612,"Maryland, US",0.9898886,53119623
2026-09-30T12:08:05.651134+00:00,vast.ai,marketplace,RTX 5090,9.334898148148149,1,31.84,194.913550558,20.880550558,31.36,843.5,"Taiwan, TW",0.9896965,52962527
2026-09-30T12:08:05.651134+00:00,vast.ai,marketplace,RTX 4060 Ti,10.671296296296296,1,16.0,22.535550558,2.1115505580000002,31.35,1670.85,"Texas, US",0.9965475,53478940
2026-09-30T12:08:05.651134+00:00,vast.ai,marketplace,RTX PRO 6000 WS,13.334722222222222,1,95.59,283.44355055799997,21.256550558,125.62,1468.0,"Hong Kong, HK",0.9976236,53498467
2026-09-30T12:08:05.651134+00:00,vast.ai,marketplace,RTX 5090,53.33435185185186,1,31.84,198.86255055799998,3.7285505580000002,60.44,3349.0,"Ukraine, UA",0.9979637,46363452
